image_filename,timestamp_ns,timestamp_sec,latitude,longitude,altitude,orientation_x,orientation_y,orientation_z,orientation_w,angular_velocity_x,angular_velocity_y,angular_velocity_z,linear_acceleration_x,linear_acceleration_y,linear_acceleration_z,vehicle_speed_mps,vehicle_speed_mph,wheel_speed_fl_rads,wheel_speed_fr_rads,wheel_speed_rl_rads,wheel_speed_rr_rads,wheel_speed_fl_mph,wheel_speed_fr_mph,wheel_speed_rl_mph,wheel_speed_rr_mph,avg_wheel_speed_mph,wheel_slip,steering_angle_deg,throttle_pedal,brake_pedal,brake_torque_actual,abs_active,esc_active,trac_active,marwis_road_condition,marwis_friction,marwis_surface_temp_c,marwis_ice_percent,marwis_water_film_height
pylon_camera_1771860617156225379.png,1771860617156225379,1771860617.1562252,42.30097096870884,-83.69729950038902,238.90541076660156,-0.03276757386727319,-0.9993359672821467,-0.009578851894018215,-0.012734056521836217,0.0009200000000000001,5.000000000000001e-05,-0.00039000000000000005,-0.25020000000000003,0.1925,-9.8032,-0.001426282338265301,0.003190508013759183,0.0,0.0,0.0,0.0,0.0,0.0,0.0,0.0,0.0,0.0,-0.6000000238418579,0.0,4892.0,4280.0,0.0,0.0,0.0,,,,,
pylon_camera_1771860617183659488.png,1771860617183659488,1771860617.1836596,42.30097096927664,-83.6972994999728,238.9054412841797,-0.032764220965800006,-0.9993361822475522,-0.009565839069517511,-0.01273559571779832,0.0016800000000000003,0.00012,0.00012,-0.2474,0.1887,-9.7901,-0.0016315167868659792,0.0036496051612119836,0.0,0.0,0.0,0.0,0.0,0.0,0.0,0.0,0.0,0.0,-0.6000000238418579,0.0,4892.0,4280.0,0.0,0.0,0.0,,,,,
pylon_camera_1771860617241496778.png,1771860617241496778,1771860617.2414968,42.30097097107491,-83.69729949436403,238.90518188476562,-0.032762368309885936,-0.99933640449626,-0.009563729307958862,-0.012724502070372026,0.0013700000000000001,0.00058,-0.0012700000000000003,-0.2594,0.1883,-9.7819,-0.0029379518054386787,0.006572021911657998,0.0,0.0,0.0,0.0,0.0,0.0,0.0,0.0,0.0,0.0,-0.6000000238418579,0.0,4892.0,4280.0,0.0,0.0,0.0,,,,,
pylon_camera_1771860617291681779.png,1771860617291681779,1771860617.2916818,42.300970972714715,-83.69729948809949,238.90487670898438,-0.03276541173281772,-0.9993363850327253,-0.009569034449866693,-0.012714201642293371,-0.0004300000000000001,-5.000000000000001e-05,0.0013000000000000002,-0.24500000000000002,0.20070000000000002,-9.8002,-0.0032231792090175186,0.0072100584998196484,0.0,0.0,0.0,0.0,0.0,0.0,0.0,0.0,0.0,0.0,-0.6000000238418579,0.0,4892.0,4280.0,0.0,0.0,0.0,,,,,
pylon_camera_1771860617343902527.png,1771860617343902527,1771860617.3439023,42.300970973953135,-83.69729948276475,238.9045867919922,-0.032759009064544764,-0.9993366722222398,-0.009562654410023423,-0.012712927181543595,-0.0010600000000000002,-0.0008700000000000001,-0.00055,-0.2222,0.2087,-9.810400000000001,-0.0025110486224763115,0.005617065105562161,0.0,0.0,0.0,0.0,0.0,0.0,0.0,0.0,0.0,0.0,-0.6000000238418579,0.0,4892.0,4280.0,0.0,0.0,0.0,,,,,
pylon_camera_1771860617387104407.png,1771860617387104407,1771860617.3871045,42.300970975187845,-83.69729947987057,238.9044952392578,-0.03275799453167022,-0.9993366402123707,-0.009553260528659964,-0.012725114403625752,0.00064,-0.0007600000000000002,-0.00011000000000000002,-0.198,0.19340000000000002,-9.7981,-0.0012144107140043881,0.0027165639025849763,0.0,0.0,0.0,0.0,0.0,0.0,0.0,0.0,0.0,0.0,-0.6000000238418579,0.0,4688.0,4280.0,0.0,0.0,0.0,,,,,
pylon_camera_1771860617436674438.png,1771860617436674438,1771860617.4366746,42.300970977258736,-83.6972994751897,238.90432739257812,-0.03276764714387037,-0.9993359817282568,-0.009565047211191235,-0.012743107773345539,0.00044000000000000007,-0.00046000000000000007,-1e-05,-0.2743,0.2049,-9.8116,-0.001606981845441453,0.003594721969341804,0.0,0.0,0.0,0.0,0.0,0.0,0.0,0.0,0.0,0.0,-0.6000000238418579,0.0,148.0,4252.0,0.0,0.0,0.0,,,,,
pylon_camera_1771860617484879934.png,1771860617484879934,1771860617.48488,42.300970978778786,-83.69729947231895,238.90428161621094,-0.0327651363207751,-0.9993360306238763,-0.009561399821472666,-0.012748465486089952,-0.0004700000000000001,-0.0015300000000000003,0.00109,-0.2783,0.20950000000000002,-9.782,-0.0034504625151227718,0.007718477618578734,0.0,0.0,0.0,0.0,0.0,0.0,0.0,0.0,0.0,0.0,-0.6000000238418579,0.0,0.0,3700.0,0.0,0.0,0.0,,,,,
pylon_camera_1771860617535691155.png,1771860617535691155,1771860617.5356913,42.30097098115842,-83.69729946653524,238.9040985107422,-0.03275830683396885,-0.9993364766684066,-0.009566695700931674,-0.012727060411279538,0.00026000000000000003,0.0009300000000000002,-0.0009200000000000001,-0.24300000000000002,0.1842,-9.8484,-0.0035673101004878613,0.007979858656185317,0.0,0.0,0.0,0.0,0.0,0.0,0.0,0.0,0.0,0.0,-0.6000000238418579,0.0,0.0,2552.0,0.0,0.0,0.0,,,,,
pylon_camera_1771860617585710006.png,1771860617585710006,1771860617.58571,42.3009709814535,-83.69729946239791,238.90365600585938,-0.03277267746740792,-0.9993359093936043,-0.009575488670965443,-0.012727993745567242,-0.0007300000000000002,-0.0016100000000000003,0.00103,-0.2751,0.2253,-9.772300000000001,-0.003844124595410953,0.008599076072458578,0.0,0.0,0.0,0.0,0.0,0.0,0.0,0.0,0.0,0.0,-0.6000000238418579,0.0,0.0,1832.0,0.0,0.0,0.0,,,,,
pylon_camera_1771860617636462074.png,1771860617636462074,1771860617.636462,42.30097098254228,-83.69729945759697,238.90325927734375,-0.03277881735766275,-0.999335848613351,-0.009569630959442917,-0.012721358896213628,0.00096,0.00010000000000000002,0.00039000000000000005,-0.25270000000000004,0.2146,-9.8071,-0.0032456746456821857,0.007260379441912309,0.0,0.0,0.0,0.0,0.0,0.0,0.0,0.0,0.0,0.0,-0.6000000238418579,12.15000057220459,0.0,876.0,0.0,0.0,0.0,,,,,
pylon_camera_1771860617686668372.png,1771860617686668372,1771860617.6866684,42.3009709834824,-83.69729945537667,238.90309143066406,-0.03279065057549757,-0.999335288930751,-0.009572612554381,-0.01273258109780308,-0.00117,-0.0008300000000000001,0.0023500000000000005,-0.2267,0.2129,-9.7825,-0.0017427208797086528,0.003898362044655474,0.0,0.0,0.0,0.0,0.0,0.0,0.0,0.0,0.0,0.0,-0.6000000238418579,22.774999618530273,0.0,604.0,0.0,0.0,0.0,,,,,
pylon_camera_1771860617737896146.png,1771860617737896146,1771860617.7378962,42.30097098495453,-83.69729945217792,238.90274047851562,-0.03279746490432284,-0.9993348934215154,-0.009580786454839231,-0.012739922172656404,-0.00037000000000000005,-0.00116,0.0009500000000000001,-0.27740000000000004,0.2066,-9.7903,-0.0012126238991797525,0.0027125669050311555,0.0,0.0,0.0,0.0,0.0,0.0,0.0,0.0,0.0,0.0,-0.6000000238418579,23.575000762939453,0.0,260.0,0.0,0.0,0.0,,,,,
pylon_camera_1771860617787759288.png,1771860617787759288,1771860617.7877593,42.30097098611961,-83.69729945034354,238.902587890625,-0.03281134522902418,-0.9993347299282664,-0.009547537246846708,-0.012741966723420142,0.0025900000000000003,0.00051,0.0008000000000000001,-0.2383,0.1957,-9.7657,-0.002524060219397214,0.005646171267178404,0.0,0.0,0.0,0.0,0.0,0.0,0.0,0.0,0.0,0.0,-0.6000000238418579,24.80000114440918,0.0,88.0,0.0,0.0,0.0,,,,,
pylon_camera_1771860617838591844.png,1771860617838591844,1771860617.8385918,42.30097098893493,-83.69729945148546,238.90188598632812,-0.03282099608574651,-0.9993361949077739,-0.009513213551892344,-0.012627372296225617,0.0016800000000000003,0.00916,0.0008900000000000001,0.2566,0.1232,-9.5388,0.013470752587153714,0.03013326529230763,0.0,0.0,0.0,0.0,0.0,0.0,0.0,0.0,0.0,0.0,-0.6000000238418579,26.05000114440918,0.0,0.0,0.0,0.0,0.0,,,,,
pylon_camera_1771860617889041578.png,1771860617889041578,1771860617.8890417,42.30097099161353,-83.69729947849143,238.90017700195312,-0.032827487317053206,-0.9993411818138076,-0.009510970488428529,-0.01221064485599976,-0.00019000000000000004,0.018690000000000002,0.00185,0.8215,0.1004,-9.6248,0.0586060791446119,0.13109828268174814,0.0,0.0,0.0,0.0,0.0,0.0,0.0,0.0,0.0,0.0,-0.6000000238418579,25.625,0.0,0.0,0.0,0.0,0.0,,,,,
pylon_camera_1771860617940001170.png,1771860617940001170,1771860617.9400012,42.300970993938435,-83.69729952393524,238.8983612060547,-0.03286658469971915,-0.9993468311703388,-0.0095426968447944,-0.011603257167997733,-0.0014900000000000002,0.025890000000000003,0.00055,1.3492,0.1283,-9.7033,0.12267003757705945,0.2744055138576274,0.0,0.0,0.0,0.0,0.0,0.0,0.0,0.0,0.0,0.0,-0.6000000238418579,25.30000114440918,0.0,0.0,0.0,0.0,0.0,,,,,
pylon_camera_1771860617990196610.png,1771860617990196610,1771860617.9901967,42.30097099901052,-83.69729964951901,238.8956756591797,-0.032894891035352924,-0.9993532196535904,-0.009602698696094121,-0.010902141511050314,-0.0018900000000000002,0.027710000000000002,0.0008900000000000001,1.7128,0.18430000000000002,-9.8947,0.21108272561965646,0.4721793922476344,0.0,0.0,0.0,0.0,0.0,0.0,0.0,0.0,0.0,0.0,-0.699999988079071,25.024999618530273,0.0,0.0,0.0,0.0,0.0,,,,,
pylon_camera_1771860618041076487.png,1771860618041076487,1771860618.0410764,42.30097100350779,-83.69729978782541,238.8942413330078,-0.03293154569838924,-0.9993586651835709,-0.009639345271374505,-0.010239855622294887,0.0015,0.025540000000000004,0.0018800000000000004,2.1882,0.22790000000000002,-10.076600000000001,0.32239171147458157,0.7211709150659505,0.0,0.0,0.0,0.0,0.0,0.0,0.0,0.0,0.0,0.0,-0.6000000238418579,24.75,0.0,0.0,0.0,0.0,0.0,,,,,
pylon_camera_1771860618091101859.png,1771860618091101859,1771860618.091102,42.300971014671624,-83.69730007497644,238.89248657226562,-0.0329078394079258,-0.9993653699501033,-0.009608833781897337,-0.009674800429327852,0.0037600000000000008,0.022720000000000004,-0.0007400000000000001,3.4499,-0.042300000000000004,-10.794,0.45117306437635396,1.0092470746260414,0.0,0.0,0.0,0.0,0.0,0.0,0.0,0.0,0.0,1.0,-0.5,25.17500114440918,0.0,0.0,0.0,0.0,0.0,,,,,
pylon_camera_1771860618142506523.png,1771860618142506523,1771860618.1425066,42.30097102654038,-83.69730032024525,238.89198303222656,-0.032848844880760786,-0.9993709728057245,-0.009556366548165711,-0.009342802670342156,0.0006700000000000001,-0.00204,-0.007290000000000001,2.8348,0.2029,-10.066500000000001,0.5753380798009387,1.2869967642299118,0.8499999642372131,0.85999995470047,1.1200000047683716,0.8999999761581421,0.6902078079602874,0.698327892416364,0.9094503302719618,0.7308082786401916,0.7571985773222012,0.41165463786128553,-0.4000000059604645,24.75,0.0,0.0,0.0,0.0,0.0,,,,,
pylon_camera_1771860618200314958.png,1771860618200314958,1771860618.200315,42.300971047325405,-83.6973007917127,238.89212036132812,-0.03273961898983746,-0.9993769463381105,-0.009556410488448682,-0.009083583813132042,-0.0011200000000000003,0.007890000000000001,-0.00464,2.7087000000000003,0.0073,-10.0272,0.7249716992253994,1.621718192865265,1.6200000047683716,1.659999966621399,1.4800000190734863,1.6699999570846558,1.3154549402719617,1.3479352780962683,1.201773661087847,1.3560553625523448,1.3053048105021055,0.19510996654980967,-0.20000000298023224,25.149999618530273,0.0,0.0,0.0,0.0,0.0,,,,,
pylon_camera_1771860618244877507.png,1771860618244877507,1771860618.2448776,42.30097106151785,-83.6973011673273,238.89268493652344,-0.03267539514998696,-0.9993787044361719,-0.009614261509403711,-0.009060333707962985,-0.004480000000000001,0.00169,-0.0018000000000000004,2.6501,-0.12190000000000001,-9.9579,0.8456010055360341,1.8915587133237763,1.909999966621399,1.909999966621399,2.059999942779541,1.9499999284744263,1.5509375830962684,1.5509375830962684,1.6727389467364597,1.5834179209205748,1.589508008462393,0.15968349421765038,0.0,25.100000381469727,0.0,0.0,0.0,0.0,0.0,,,,,
pylon_camera_1771860618293785246.png,1771860618293785246,1771860618.2937853,42.300971084250115,-83.69730181730137,238.89382934570312,-0.032695313722000574,-0.9993785126176756,-0.009571759158708682,-0.009054634465840126,0.008100000000000001,0.006250000000000001,0.0008100000000000001,2.0033000000000003,0.2286,-9.6171,0.9373012717357024,2.0966867067964623,2.3999998569488525,2.369999885559082,2.2899999618530273,2.4099998474121094,1.9488220118411492,1.9244617584729196,1.8595010828243066,1.9569420962972262,1.9224317373589004,0.08310968389922542,0.4000000059604645,25.0,0.0,0.0,0.0,0.0,0.0,,,,,
pylon_camera_1771860618355061111.png,1771860618355061111,1771860618.355061,42.300971109231156,-83.69730257431702,238.89442443847656,-0.03285250363564368,-0.9993794479589317,-0.00924809389560974,-0.008712333870355988,0.0032500000000000007,0.01182,0.0041800000000000006,2.3396,-0.0752,-9.660400000000001,1.1156946040383546,2.495741887557557,2.819999933242798,2.799999952316284,2.859999895095825,2.7899999618530273,2.2898659461925366,2.2736257772803836,2.322346284016843,2.2655056928243065,2.287835925078517,0.08330427257544078,1.3000000715255737,25.05000114440918,0.0,0.0,0.0,0.0,0.0,,,,,
pylon_camera_1771860618404136063.png,1771860618404136063,1771860618.404136,42.300971127725795,-83.69730314693355,238.89462280273438,-0.03294053077238929,-0.9993766803866514,-0.009406091620089744,-0.008526287130078103,-0.009960000000000002,-0.0024200000000000003,0.0020100000000000005,2.4593000000000003,0.36610000000000004,-10.154300000000001,1.250995296970822,2.7984014196059106,3.129999876022339,3.1399998664855957,3.1599998474121094,3.119999885559082,2.541588757928996,2.549708842385073,2.565949011297226,2.5334686734729193,2.5476788212710537,0.08959493680151338,2.200000047683716,24.55000114440918,0.0,0.0,0.0,0.0,0.0,,,,,
pylon_camera_1771860618444801847.png,1771860618444801847,1771860618.4448018,42.30097114890651,-83.69730375740474,238.8950958251953,-0.0329253588379409,-0.9993759777753337,-0.009490168812086437,-0.008573942319987338,-0.0021000000000000003,-0.005800000000000001,-0.0027800000000000004,2.6260000000000003,0.0235,-9.853900000000001,1.3499889819515607,3.0198443532867243,3.5399999618530273,3.5299999713897705,3.419999837875366,3.5799999237060547,2.874512607824306,2.86639252336823,2.777071400753303,2.906992945648613,2.8562423693986125,0.05417563448594673,2.700000047683716,24.80000114440918,0.0,0.0,0.0,0.0,0.0,,,,,
pylon_camera_1771860618494690397.png,1771860618494690397,1771860618.4946904,42.300971186194744,-83.69730477594274,238.89622497558594,-0.03283195433628988,-0.9993768665002244,-0.00953838204529421,-0.008772727432812289,-0.0048000000000000004,-0.006720000000000001,-0.006520000000000001,2.4466,-0.2209,-9.7992,1.4726011192987047,3.2941203478040446,3.809999942779541,3.7899999618530273,3.8899998664855957,3.859999895095825,3.0937550817364596,3.0775149128243067,3.158715757385073,3.1343555040168427,3.116085313990671,0.05404630523959366,2.9000000953674316,24.875,0.0,0.0,0.0,0.0,0.0,,,,,
pylon_camera_1771860618545314011.png,1771860618545314011,1771860618.545314,42.300971210681254,-83.6973055162496,238.8968505859375,-0.03273973836855065,-0.9993764202362316,-0.009650329368547232,-0.00904164533987789,-0.009020000000000002,-0.015030000000000003,-0.00506,2.23,-0.2436,-10.1663,1.6003809261382969,3.579956108915802,4.400000095367432,4.159999847412109,4.159999847412109,4.309999942779541,3.572840645439234,3.3779582312972263,3.3779582312972263,3.4997596917364597,3.4571291999425364,0.03430961308921294,2.9000000953674316,25.149999618530273,0.0,0.0,0.0,0.0,0.0,,,,,
pylon_camera_1771860618595433194.png,1771860618595433194,1771860618.5954332,42.30097125055035,-83.69730671456203,238.89781188964844,-0.032658940303930795,-0.999376368579201,-0.009762797180342129,-0.009217121833247605,0.00206,-0.00198,-0.0034200000000000003,2.3221000000000003,0.2816,-9.275400000000001,1.7230061717342584,3.8542614257992325,4.619999885559082,4.71999979019165,4.579999923706055,4.639999866485596,3.7514825034729196,3.832683348033686,3.719002165648613,3.767722672385073,3.767722672385073,0.022452746156473948,3.0,24.950000762939453,0.0,0.0,0.0,0.0,0.0,,,,,
pylon_camera_1771860618646735353.png,1771860618646735353,1771860618.6467354,42.30097128083062,-83.69730757736124,238.8980255126953,-0.0325300552702566,-0.999379175180284,-0.009825184867793227,-0.009301906385403754,0.0016400000000000002,0.0028300000000000005,-0.005220000000000001,2.6268000000000002,0.7692,-9.6821,1.8456774367568762,4.128669685378927,5.029999732971191,4.989999771118164,4.96999979019165,4.960000038146973,4.084406159770146,4.051925821945839,4.035685653033686,4.027565762175694,4.0498958492313415,0.019079713842585107,3.200000047683716,24.850000381469727,0.0,0.0,0.0,0.0,0.0,,,,,
pylon_camera_1771860618696394207.png,1771860618696394207,1771860618.6963942,42.30097133224386,-83.69730895647501,238.8983612060547,-0.032349828807860914,-0.999383162574154,-0.009698578686950263,-0.009629149019361738,0.0022500000000000003,-0.00801,-0.007910000000000002,1.8980000000000001,0.5233,-9.8961,1.9659409940125288,4.3976920471463865,5.779999732971191,5.380000114440918,5.339999675750732,5.259999752044678,4.693413074770145,4.368609696527081,4.336128971506605,4.271168295857993,4.417330009665456,0.004465515617859622,3.700000047683716,25.399999618530273,0.0,0.0,0.0,0.0,0.0,,,,,
pylon_camera_1771860618746979794.png,1771860618746979794,1771860618.74698,42.300971371562916,-83.69730992725547,238.89869689941406,-0.03203229138782876,-0.999390978159163,-0.009461104103914233,-0.010104087868355137,0.004900000000000001,-0.024680000000000004,-0.010020000000000001,1.4102000000000001,0.7605000000000001,-10.1791,2.0744691650327898,4.640463054028449,9.130000114440918,5.619999885559082,5.559999942779541,5.670000076293945,7.413644271527081,4.56349172347292,4.5147712167364595,4.604092339351387,5.273999887771962,0.1365244861056551,4.5,25.5,0.0,0.0,0.0,0.0,0.0,,,,,
pylon_camera_1771860618797242789.png,1771860618797242789,1771860618.7972429,42.30097143456444,-83.69731147003371,238.899658203125,-0.03162573591070428,-0.9994027357043973,-0.009043879201064526,-0.010592117053250756,0.011050000000000003,-0.028090000000000004,-0.015290000000000003,1.6760000000000002,0.43410000000000004,-10.1781,2.18256107650932,4.882258174486759,13.84999942779541,5.960000038146973,5.920000076293945,5.909999847412109,11.246327232364598,4.8395749821756935,4.807094644351388,4.798974366297227,6.422992806297226,0.3155782788919055,5.400000095367432,25.700000762939453,0.0,0.0,0.0,0.0,0.0,,,,,
pylon_camera_1771860618848207327.png,1771860618848207327,1771860618.8482075,42.30097147426818,-83.69731255193301,238.90078735351562,-0.03126924799618663,-0.9994122287832302,-0.008687706015576021,-0.011043317095706578,0.006770000000000001,-0.019750000000000004,-0.00935,1.8884,-0.0068000000000000005,-9.8103,2.2816037329424743,5.103810654368339,17.209999084472656,6.089999675750732,6.269999980926514,6.309999942779541,13.974677932783356,4.9451358865066055,5.091297793912154,5.12377813173646,7.283722436234644,0.4271145482249667,5.599999904632568,25.850000381469727,0.0,0.0,0.0,0.0,0.0,,,,,
pylon_camera_1771860618898015398.png,1771860618898015398,1771860618.8980155,42.300971533280276,-83.69731424475579,238.90206909179688,-0.03113063505994179,-0.9994183012815233,-0.00819577554036854,-0.011259302270157713,0.006620000000000001,-0.00024,-0.0033300000000000005,2.3562000000000003,-0.9054000000000001,-9.3079,2.387884493858904,5.341554339692737,20.34000015258789,6.5,6.549999713897705,6.609999656677246,16.516267658702777,5.2780599299999995,5.318660158682299,5.367380665418758,8.120092103200959,0.5201740143053663,5.700000286102295,25.274999618530273,0.0,12.0,0.0,0.0,0.0,,,,,
pylon_camera_1771860618948848978.png,1771860618948848978,1771860618.948849,42.30097156958051,-83.69731542991144,238.9023895263672,-0.03114064139265249,-0.9994137571171364,-0.008317299396686666,-0.01154231646635268,-0.028490000000000005,-0.00884,-0.0014000000000000002,2.1135,-1.1773,-10.4276,2.496154805400664,5.583748530392962,19.389999389648438,6.920000076293945,6.859999656677246,6.769999980926514,15.744858280188904,5.619103864351388,5.570382970418759,5.497302403912153,8.1079118797178,0.45205534160171024,5.200000286102295,25.375,0.0,420.0,0.0,0.0,0.0,,,,,
pylon_camera_1771860618999093785.png,1771860618999093785,1771860618.9990938,42.30097161521445,-83.6973172888732,238.90390014648438,-0.03113781478916372,-0.9994004795283333,-0.00907091723982809,-0.012117609876599525,-0.04290000000000001,-0.018660000000000003,-0.00581,1.9405000000000001,-0.6765,-9.5212,2.614440515190053,5.848346566049237,13.380000114440918,7.109999656677246,7.289999961853027,7.329999923706055,10.86468345652708,5.773385275418759,5.9195471828243065,5.952027520648613,7.12741085885469,0.21870528334122058,4.200000286102295,25.399999618530273,0.0,472.0,0.0,0.0,0.0,,,,,
pylon_camera_1771860619050293298.png,1771860619050293298,1771860619.0502932,42.30097166790458,-83.69731925432073,238.906494140625,-0.031074630482785526,-0.9993908493361752,-0.00931673491378027,-0.012864526964604937,-0.011000000000000001,-0.03246,-0.00544,1.3416000000000001,-0.4365,-9.5088,2.7462261136177952,6.143143042596192,7.199999809265137,7.509999752044678,7.419999599456787,7.559999942779541,5.846466229121533,6.098189040857992,6.0251080871552185,6.13878965673646,6.0271382534678,0.018883621677701613,3.200000047683716,25.42500114440918,0.0,180.0,0.0,0.0,0.0,,,,,
pylon_camera_1771860619100209420.png,1771860619100209420,1771860619.1002095,42.300971711738086,-83.69732061740471,238.90818786621094,-0.03081656519791598,-0.9993931536803549,-0.00878518829075877,-0.013655920069082188,0.01898,-0.056420000000000005,-0.01238,1.6941000000000002,-0.9756,-9.9437,2.858161564519822,6.393535930136971,7.889999866485596,7.739999771118164,7.599999904632568,7.809999942779541,6.406752637385073,6.28495117694584,6.171269994560767,6.34179196173646,6.301191442657036,0.014443414174722087,3.4000000953674316,25.575000762939453,0.0,20.0,0.0,0.0,0.0,,,,,
pylon_camera_1771860619151119224.png,1771860619151119224,1771860619.151119,42.30097177598985,-83.69732274371633,238.9104766845703,-0.030665821226579182,-0.9993885124297014,-0.008499752493316122,-0.014490094533869189,0.016760000000000004,-0.04079,-0.0035700000000000007,1.7309,-0.0017000000000000001,-9.7775,2.9579427212895038,6.616740390961343,7.960000038146973,8.019999504089355,7.989999771118164,8.130000114440918,6.463593422175694,6.512313541715985,6.487953481945839,6.601635051527081,6.51637387434115,0.01516857405457475,3.9000000953674316,25.725000381469727,0.0,0.0,0.0,0.0,0.0,,,,,
pylon_camera_1771860619201182928.png,1771860619201182928,1771860619.201183,42.30097181806177,-83.69732421080484,238.91212463378906,-0.030561670265200014,-0.9993773188401815,-0.009074281171578283,-0.01512006347970028,-0.0021100000000000003,-0.04064000000000001,-0.00117,2.8457000000000003,1.7612,-10.022400000000001,3.0590584794387334,6.84293027499568,8.260000228881836,8.479999542236328,8.4399995803833,8.539999961853027,6.707196343054161,6.885837813891678,6.853357476067372,6.934558707824307,6.845237585209379,0.00033718160509823403,4.200000286102295,25.700000762939453,0.0,0.0,0.0,0.0,0.0,,,,,
pylon_camera_1771860619252062169.png,1771860619252062169,1771860619.2520623,42.30097188509602,-83.69732648016011,238.9137420654297,-0.030432573752799952,-0.9993692257586082,-0.009461802865627623,-0.015667908218777723,-0.013510000000000003,-0.027600000000000003,-0.0007600000000000002,2.7182,2.2095000000000002,-9.448500000000001,3.160502880399481,7.069855313280816,8.619999885559082,8.699999809265137,8.6899995803833,8.699999809265137,6.9995193834729195,7.064480059121533,7.056359781067372,7.064480059121533,7.0462098206958395,0.003344551131132505,4.400000095367432,25.75,0.0,0.0,0.0,0.0,0.0,,,,,
pylon_camera_1771860619302323064.png,1771860619302323064,1771860619.3023229,42.300971927051556,-83.69732804135636,238.91397094726562,-0.030298208595610332,-0.9993701995626569,-0.00902246548023053,-0.0161188677843775,-0.020540000000000003,-0.004030000000000001,0.010650000000000001,1.028,0.3497,-8.9062,3.2375315284578106,7.2421637772684155,9.0,9.069999694824219,9.0,8.920000076293945,7.30808298,7.364923377594453,7.30808298,7.243122304351388,7.306052910486461,0.00882182938455207,4.400000095367432,25.80000114440918,0.0,0.0,0.0,0.0,0.0,,,,,
pylon_camera_1771860619362124203.png,1771860619362124203,1771860619.3621242,42.300971989224564,-83.69733045410301,238.9144744873047,-0.03017706168197981,-0.9993672724394851,-0.009317055962041066,-0.016358245422592718,-0.05818,0.004210000000000001,-0.00011000000000000002,2.0229,-0.2341,-9.494,3.3586551225299712,7.513109989792194,9.319999694824219,9.1899995803833,9.309999465942383,9.369999885559082,7.567925682594453,7.462364391067371,7.559805404540291,7.60852629847292,7.549655444168759,0.004864224592241848,4.400000095367432,25.899999618530273,0.0,0.0,0.0,0.0,0.0,,,,,
pylon_camera_1771860619411855449.png,1771860619411855449,1771860619.4118555,42.300972045929974,-83.69733294835054,238.91567993164062,-0.029995777694358683,-0.9993610992595625,-0.01010411184670678,-0.01659980515002122,-0.04338000000000001,0.01297,-0.01131,0.8477,-0.8474,-10.3125,3.4483493596175734,7.713750616502935,9.59000015258789,9.739999771118164,9.550000190734863,9.579999923706055,7.787168543702775,7.908969616945839,7.754688205878468,7.779048265648614,7.807468658043923,0.012149477757355334,4.5,26.024999618530273,0.0,0.0,0.0,0.0,0.0,,,,,
pylon_camera_1771860619454158406.png,1771860619454158406,1771860619.4541583,42.30097208724725,-83.69733465557334,238.9168243408203,-0.02968622192036252,-0.9993581055408758,-0.010613639026492474,-0.01701340014406205,-0.01314,-0.032740000000000005,-0.012860000000000002,1.1364,-0.7257,-11.5009,3.5638632541882673,7.972148267823903,9.800000190734863,9.869999885559082,9.670000076293945,9.699999809265137,7.957690510878468,8.014530908472919,7.852129219351387,7.876489279121533,7.925209979456077,0.005887784169453088,4.599999904632568,25.825000762939453,0.0,0.0,0.0,0.0,0.0,,,,,
pylon_camera_1771860619504024119.png,1771860619504024119,1771860619.504024,42.30097212657731,-83.69733641402216,238.9191131591797,-0.029465022563892773,-0.9993463600619006,-0.01072801383816966,-0.01798818488417701,0.00841,-0.05276000000000001,-0.00031,2.0235000000000003,0.7547,-10.517800000000001,3.6833060140197516,8.239334555001344,9.969999313354492,10.010000228881836,10.039999961853027,10.050000190734863,8.095731365837517,8.128212478054161,8.152572537824307,8.160692815878468,8.134302299398614,0.012747662435793946,5.200000286102295,25.774999618530273,0.0,0.0,0.0,0.0,0.0,,,,,
pylon_camera_1771860619554750872.png,1771860619554750872,1771860619.554751,42.30097220013705,-83.6973391266884,238.9219970703125,-0.029339757701086988,-0.9993239727239622,-0.010376749909320764,-0.019572920542388454,0.013480000000000002,-0.06197000000000001,-0.0037400000000000007,1.8952,0.8279000000000001,-10.1484,3.782046429269871,8.460210939490945,10.219999313354492,10.219999313354492,10.170000076293945,10.229999542236328,8.298733670837517,8.298733670837517,8.258133829351388,8.306853948891678,8.290613779979525,0.02004644573574016,6.200000286102295,25.899999618530273,0.0,0.0,0.0,0.0,0.0,,,,,
pylon_camera_1771860619604499693.png,1771860619604499693,1771860619.6044998,42.30097225358986,-83.6973409863235,238.9237060546875,-0.029256061805421008,-0.9992934783327335,-0.010085851068744028,-0.021328446205087913,0.009330000000000001,-0.06071000000000001,-0.005830000000000001,1.4804000000000002,0.5794,-8.801,3.87731023026589,8.67331034649098,10.519999504089355,10.550000190734863,10.59000015258789,10.469999313354492,8.542336591715985,8.566697425878468,8.599177763702775,8.501735975837518,8.552486939283687,0.013930483561697488,7.400000095367432,25.55000114440918,0.0,0.0,0.0,0.0,0.0,,,,,
pylon_camera_1771860619655281873.png,1771860619655281873,1771860619.655282,42.300972340786416,-83.69734383564237,238.92465209960938,-0.0290138932979343,-0.9992754583978058,-0.009948123592972546,-0.022534131368436492,0.0026100000000000003,-0.04392000000000001,-0.01175,1.4693,0.5231,-9.3551,3.9615760552876145,8.861807941115076,10.979999542236328,10.819999694824219,10.889999389648438,11.09000015258789,8.915860863891679,8.785939512594451,8.842779910188904,9.005182373702773,8.887440665094452,0.0028924937382642634,7.800000190734863,25.850000381469727,0.0,0.0,0.0,0.0,0.0,,,,,
pylon_camera_1771860619705587272.png,1771860619705587272,1771860619.7055871,42.30097240029827,-83.69734576692707,238.92335510253906,-0.028735931067862097,-0.9992752123153679,-0.00980126356818947,-0.022961523255363454,-0.009300000000000001,-0.021180000000000004,-0.015690000000000003,1.0345,-0.4666,-9.069700000000001,4.042485699914857,9.04279796156754,11.09000015258789,11.149999618530273,11.199999809265137,11.239999771118164,9.005182373702773,9.053902493243067,9.094503109121534,9.12698344694584,9.070142855753303,0.003023941738163403,7.5,25.600000381469727,0.0,0.0,0.0,0.0,0.0,,,,,
pylon_camera_1771860619756078653.png,1771860619756078653,1771860619.7560785,42.300972485373386,-83.69734873319028,238.91868591308594,-0.028417673810485655,-0.9992892919893269,-0.009811462752726641,-0.022739435554175378,-0.017530000000000004,0.00013000000000000002,-0.0065000000000000014,1.5455,0.050800000000000005,-9.445,4.134368482992293,9.24833423434478,11.329999923706055,11.5,11.469999313354492,11.40999984741211,9.200064400648614,9.33810603,9.313745195837516,9.265025076297226,9.279235175695838,0.0033412440087106795,6.800000190734863,25.700000762939453,0.0,0.0,0.0,0.0,0.0,,,,,
pylon_camera_1771860619806052137.png,1771860619806052137,1771860619.8060522,42.300972532907956,-83.69735075502453,238.9149627685547,-0.028010673592364754,-0.9993068100828137,-0.009786469666081904,-0.022483916440160845,-0.00898,0.015440000000000002,-0.010510000000000002,1.5996000000000001,-0.36160000000000003,-9.759,4.2191813151774955,9.438055451173147,11.819999694824219,11.739999771118164,11.880000114440918,11.710000038146973,9.597948732594453,9.532988056945838,9.64666962652708,9.508627997175694,9.571558603310766,0.01414519683935791,6.400000095367432,25.899999618530273,0.0,0.0,0.0,0.0,0.0,,,,,
pylon_camera_1771860619857073867.png,1771860619857073867,1771860619.857074,42.30097259899424,-83.69735385558653,238.9100799560547,-0.027725718768081276,-0.9993069187247303,-0.010265281387725086,-0.022618370978240616,-0.021670000000000002,-0.010000000000000002,-0.0033300000000000005,1.4207,1.1046,-10.080400000000001,4.317081221913699,9.65705166854763,12.149999618530273,11.9399995803833,12.00999927520752,11.9399995803833,9.865911713243065,9.695389746067372,9.752230143661823,9.695389746067372,9.752230337259908,0.009855872369645474,6.700000286102295,25.75,0.0,0.0,0.0,0.0,0.0,,,,,
pylon_camera_1771860619907266402.png,1771860619907266402,1771860619.9072664,42.300972643336316,-83.69735597818064,238.9079132080078,-0.027505599665692604,-0.9992978393497158,-0.01016988075498388,-0.023320458474253746,-0.006730000000000001,-0.035750000000000004,-0.007710000000000002,1.6589,-0.0011,-9.6762,4.42974297700266,9.909069254976332,12.119999885559082,12.219999313354492,12.25999927520752,12.289999961853027,9.84155165347292,9.922752110837518,9.955232448661823,9.979593282824307,9.924782373949142,0.0015857310680232669,6.700000286102295,25.700000762939453,0.0,0.0,0.0,0.0,0.0,,,,,
pylon_camera_1771860619958114579.png,1771860619958114579,1771860619.9581146,42.30097271151004,-83.6973592310166,238.904296875,-0.027238356713285894,-0.9992774866329954,-0.010300545772363653,-0.024422845632621145,-0.025250000000000005,-0.04897000000000001,-0.011580000000000002,0.6948000000000001,-0.4189,-10.1963,4.526985607035636,10.126595183802296,12.5,12.40999984741211,12.329999923706055,12.300000190734863,10.15011525,10.077034296297228,10.012073620648613,9.987713560878468,10.056734181956077,0.006898765140524511,6.700000286102295,25.975000381469727,0.0,0.0,0.0,0.0,0.0,,,,,
pylon_camera_1771860620008142875.png,1771860620008142875,1771860620.008143,42.30097275714611,-83.69736143630941,238.9019012451172,-0.027085651505511066,-0.9992524553027364,-0.01100596262079817,-0.025293612647547998,-0.03277000000000001,-0.01631,-0.004220000000000001,0.5275000000000001,0.5764,-8.7727,4.589885140084233,10.267297665260024,12.799999237060547,12.899999618530273,12.59000015258789,12.75999927520752,10.39371739648613,10.474918628243065,10.223196203702775,10.361237058661825,10.36326732177345,0.009347119333857812,6.599999904632568,26.17500114440918,0.0,0.0,0.0,0.0,0.0,,,,,
pylon_camera_1771860620059318431.png,1771860620059318431,1771860620.0593185,42.30097282467071,-83.69736479344975,238.89776611328125,-0.026722456258746252,-0.9992527832567026,-0.011485322858019894,-0.025453346422031085,-0.024220000000000005,0.007450000000000001,-0.004260000000000001,-0.7079000000000001,-0.1115,-10.0363,4.637933309375302,10.374778537073988,13.069999694824219,13.149999618530273,12.9399995803833,13.00999927520752,10.612960257594452,10.677920933243065,10.507398966067372,10.564239363661825,10.590629880141678,0.02080539283767375,6.5,27.05000114440918,0.0,0.0,0.0,0.0,0.0,,,,,
pylon_camera_1771860620109120454.png,1771860620109120454,1771860620.1091206,42.30097286428986,-83.6973670577432,238.89520263671875,-0.026333891990316938,-0.9992691647472223,-0.012159397798920786,-0.024896015006394583,-0.01683,0.02782,-0.007840000000000001,0.8377,-0.4424,-11.895000000000001,4.73353063939357,10.588624028485054,13.229999542236328,13.219999313354492,13.170000076293945,13.049999237060547,10.742881608891679,10.734761330837516,10.694161489351387,10.59671970148613,10.692131032641678,0.009775302615162643,6.5,27.399999618530273,0.0,0.0,0.0,0.0,0.0,,,,,
pylon_camera_1771860620160535956.png,1771860620160535956,1771860620.160536,42.30097292192783,-83.69737052548973,238.89401245117188,-0.02597916206891343,-0.9992699747633355,-0.012955781280467898,-0.02483441978570459,-0.013280000000000002,-0.027470000000000005,-0.013560000000000003,1.8965,-0.2157,-10.552800000000001,4.835916730536703,10.817655571206773,13.399999618530273,13.460000038146973,13.569999694824219,13.460000038146973,10.880923238243065,10.929644132175694,11.018964867594454,10.929644132175694,10.939794092547228,0.011290664648775614,6.5,27.475000381469727,0.0,0.0,0.0,0.0,0.0,,,,,
pylon_camera_1771860620210443380.png,1771860620210443380,1771860620.2104433,42.30097298700801,-83.69737406576476,238.89183044433594,-0.025756103949593268,-0.9992781274880389,-0.012880313718629851,-0.024777904508775782,0.03135,0.0015500000000000002,-0.01597,0.9707,1.0949,-7.935300000000001,4.9093660001185855,10.981957180305269,13.679999351501465,13.639999389648438,13.84999942779541,13.859999656677246,11.108285603013211,11.075805265188903,11.246327232364598,11.254447510418759,11.171216402746367,0.017233651464286386,6.5,27.100000381469727,0.0,0.0,0.0,0.0,0.0,,,,,
pylon_camera_1771860620261305697.png,1771860620261305697,1771860620.2613056,42.30097304253964,-83.69737646838041,238.88681030273438,-0.02541720999211572,-0.9993089629328382,-0.01230454397694072,-0.024169407022756856,0.03202000000000001,0.05000000000000001,-0.00973,1.4901,1.977,-8.2812,4.985077014079201,11.15131817587433,13.960000038146973,13.969999313354492,14.079999923706055,14.019999504089355,11.335648742175692,11.343768245837518,11.433089755648613,11.384368861715986,11.374218901344452,0.01998873334565629,6.5,26.825000762939453,0.0,0.0,0.0,0.0,0.0,,,,,
pylon_camera_1771860620311845710.png,1771860620311845710,1771860620.3118455,42.30097313489726,-83.69738012165867,238.87710571289062,-0.02501344940436423,-0.9993446331109261,-0.01185230434004039,-0.02332711947744095,0.010870000000000001,0.04698000000000001,-0.013050000000000003,1.7525000000000002,1.7558,-9.272400000000001,5.067038935160511,11.334662075617954,14.069999694824219,14.0,14.25,14.109999656677246,11.424969477594452,11.368129080000001,11.571131385000001,11.457449815418759,11.455419939503305,0.010653856557851246,6.599999904632568,27.024999618530273,0.0,0.0,0.0,0.0,0.0,,,,,
pylon_camera_1771860620362628140.png,1771860620362628140,1771860620.362628,42.30097319525034,-83.69738259042254,238.86952209472656,-0.02448388820563102,-0.9993809492439165,-0.011546386423555426,-0.02247083592616558,-0.005940000000000001,0.03508,-0.016800000000000002,1.6274000000000002,-0.1106,-9.9612,5.150864891173487,11.52217570966162,14.359999656677246,14.5,14.460000038146973,14.309999465942383,11.66045212041876,11.77413369,11.741653352175694,11.619851504540291,11.699022666783687,0.01534839960596816,6.599999904632568,27.17500114440918,0.0,0.0,0.0,0.0,0.0,,,,,
pylon_camera_1771860620421636971.png,1771860620421636971,1771860620.4216368,42.30097327829407,-83.69738635814689,238.8588409423828,-0.02405540484232499,-0.9994106103227387,-0.012007214031011916,-0.021344701530271057,-0.04114000000000001,0.04361,-0.0017100000000000001,1.359,0.7114,-10.8145,5.233040705328593,11.705998075377742,14.710000038146973,15.069999694824219,14.559999465942383,14.489999771118164,11.944655657175694,12.236978697594452,11.822853809540293,11.76601341194584,11.94262539406407,0.02021419422441616,6.400000095367432,27.350000381469727,0.0,0.0,0.0,0.0,0.0,,,,,
pylon_camera_1771860620465485124.png,1771860620465485124,1771860620.465485,42.30097332284363,-83.697388907841,238.85385131835938,-0.023796170871561217,-0.9994275874596252,-0.012036137736712747,-0.020817566257065438,-0.011300000000000003,0.011170000000000003,0.007600000000000001,1.4589,0.1462,-11.612300000000001,5.3333102005646715,11.930294920051137,14.769999504089355,14.859999656677246,14.84999942779541,15.00999927520752,11.993375776715984,12.066456730418759,12.058336452364598,12.188257803661823,12.076606690790292,0.012263885488132415,6.400000095367432,27.450000762939453,0.0,0.0,0.0,0.0,0.0,,,,,
pylon_camera_1771860620514817753.png,1771860620514817753,1771860620.5148177,42.30097340254587,-83.69739280972068,238.848876953125,-0.023444640278199647,-0.9994439430349993,-0.010949677248680402,-0.021029934403813955,0.00464,-0.029860000000000005,-0.006560000000000001,0.14070000000000002,-1.0231000000000001,-9.9894,5.425207470223831,12.135863598442498,15.059999465942383,15.029999732971191,15.149999618530273,15.109999656677246,12.228858419540291,12.204498359770147,12.301939373243066,12.269459035418759,12.251188796993066,0.00950284234946156,6.5,27.274999618530273,0.0,0.0,0.0,0.0,0.0,,,,,
pylon_camera_1771860620566544212.png,1771860620566544212,1771860620.566544,42.30097346490232,-83.69739546255538,238.84469604492188,-0.023126173455974064,-0.9994534384338102,-0.01046802115016502,-0.021176048671033235,-0.00817,-2e-05,-0.017310000000000002,0.3599,-2.2640000000000002,-9.2598,5.509821819026373,12.325140819852855,15.289999961853027,15.319999694824219,15.399999618530273,15.1899995803833,12.415620942824306,12.439981002594452,12.504941678243066,12.33441971106737,12.423740833682299,0.007999909718728939,6.599999904632568,27.17500114440918,0.0,0.0,0.0,0.0,0.0,,,,,
pylon_camera_1771860620614610487.png,1771860620614610487,1771860620.6146104,42.300973544945826,-83.69739948649101,238.83877563476562,-0.022775021497778603,-0.9994503057369236,-0.011460587320509535,-0.021190556774534713,-0.03128000000000001,0.006150000000000001,-0.023510000000000003,2.1397,-1.4581000000000002,-10.5815,5.591418395138433,12.507667464820967,15.4399995803833,15.369999885559082,15.389999389648438,15.529999732971191,12.53742201606737,12.480581618472918,12.496821400188903,12.610502969770145,12.531332001124834,0.001892002355389287,6.5,27.325000762939453,0.0,0.0,0.0,0.0,0.0,,,,,
pylon_camera_1771860620665385970.png,1771860620665385970,1771860620.665386,42.30097358927747,-83.69740219857165,238.83602905273438,-0.02248199407117868,-0.9994359582412724,-0.012650924471300529,-0.021500684336884384,-0.023610000000000006,-0.03619000000000001,-0.012560000000000002,1.1989,1.3962,-10.6767,5.653062035610387,12.6455605899383,15.619999885559082,15.899999618530273,15.649999618530273,15.639999389648438,12.68358392347292,12.910946288243066,12.707943983243066,12.699823705188903,12.750574475036988,0.008304407254372235,6.0,27.975000381469727,0.0,0.0,0.0,0.0,0.0,,,,,
pylon_camera_1771860620715923793.png,1771860620715923793,1771860620.7159238,42.30097365251344,-83.69740632893959,238.8351593017578,-0.02224118077716114,-0.999436456195844,-0.01282914058866554,-0.021622050228560286,0.02603,0.00024,-0.0026000000000000003,1.1363,0.9139,-10.109200000000001,5.7201814992180005,12.795702802860715,15.839999198913574,16.010000228881836,15.969999313354492,15.979999542236328,12.862225394310435,13.00026779805416,12.967786685837519,12.975906963891678,12.951546710523449,0.01217939413440359,5.800000190734863,28.625,0.0,0.0,0.0,0.0,0.0,,,,,
pylon_camera_1771860620766931638.png,1771860620766931638,1771860620.7669318,42.30097370113138,-83.69740911550623,238.83486938476562,-0.022003920758177142,-0.9994442676954509,-0.012421688329841427,-0.021741317830522893,0.020290000000000002,0.011940000000000001,-0.01063,0.7506,0.0517,-9.3801,5.788529006616484,12.948592076060677,16.299999237060547,16.170000076293945,16.239999771118164,16.170000076293945,13.23574966648613,13.130189149351388,13.18702954694584,13.130189149351388,13.170789378033687,0.017159958447050584,5.800000190734863,29.774999618530273,0.0,0.0,0.0,0.0,0.0,,,,,
pylon_camera_1771860620816690597.png,1771860620816690597,1771860620.8166907,42.30097377087499,-83.69741334731094,238.8328857421875,-0.021767315503439355,-0.9994474227389041,-0.012533557568699671,-0.021770234059573068,-0.022340000000000006,-0.023170000000000003,-0.013570000000000002,0.8552000000000001,0.9228000000000001,-9.474300000000001,5.876768944751331,13.145979523272043,16.399999618530273,16.31999969482422,16.40999984741211,16.35999870300293,13.316950898243064,13.251990222594452,13.325071176297227,13.28446978602642,13.294620520790291,0.011306954894849178,6.0,29.5,0.0,0.0,0.0,0.0,0.0,,,,,
pylon_camera_1771860620867933042.png,1771860620867933042,1771860620.867933,42.30097381879859,-83.69741621399871,238.83030700683594,-0.021441106649733865,-0.9994452265245828,-0.012907795459656146,-0.021975143668053355,-0.020780000000000003,-0.03602,-0.009520000000000002,0.9269000000000001,1.4838,-9.3276,5.965221845619516,13.343843355340121,16.559999465942383,16.549999237060547,16.559999465942383,16.53999900817871,13.446872249540291,13.43875197148613,13.446872249540291,13.43063169343197,13.44078204099967,0.0072646750323814464,6.099999904632568,29.05000114440918,0.0,0.0,0.0,0.0,0.0,,,,,
pylon_camera_1771860620918154126.png,1771860620918154126,1771860620.9181542,42.300973894696135,-83.69742056215937,238.8256378173828,-0.0210445644845505,-0.9994370802587895,-0.0133591206278517,-0.022454015353424527,-0.031760000000000004,-0.033420000000000005,-0.016080000000000004,1.5750000000000002,0.5926,-10.0188,6.045297457507282,13.52296769459634,16.719999313354492,16.829999923706055,16.6299991607666,16.510000228881836,13.576793600837517,13.666115110648613,13.503712647134742,13.406272408054162,13.538223441668759,0.0011281360287885632,6.0,29.325000762939453,0.0,0.0,0.0,0.0,0.0,,,,,
pylon_camera_1771860620968995687.png,1771860620968995687,1771860620.9689956,42.30097396717179,-83.69742498488029,238.8206329345703,-0.020824104024695478,-0.9994168694133647,-0.013609453744799636,-0.023389326461588464,0.006240000000000001,-0.07109,0.0035300000000000006,0.8708,2.3767,-8.926300000000001,6.127754983489459,13.707420232766912,16.959999084472656,16.979999542236328,16.979999542236328,16.920000076293945,13.771675627783356,13.78791618389168,13.78791618389168,13.739196064351386,13.771676014979526,0.0046876641352990465,5.800000190734863,29.524999618530273,0.0,0.0,0.0,0.0,0.0,,,,,
pylon_camera_1771860621018587055.png,1771860621018587055,1771860621.018587,42.30097401133841,-83.69742797491749,238.8165283203125,-0.020363956144720696,-0.9994137977628343,-0.013514667843898803,-0.02397339951849313,0.015580000000000002,-0.0337,-0.013050000000000003,1.0381,1.8344,-9.2504,6.204325211722188,13.878703239109832,17.209999084472656,17.209999084472656,17.139999389648438,17.260000228881836,13.974677932783356,13.974677932783356,13.917837535188903,14.01527932305416,13.970618180952444,0.006622732704853721,5.800000190734863,29.75,0.0,0.0,0.0,0.0,0.0,,,,,
pylon_camera_1771860621069467621.png,1771860621069467621,1771860621.0694675,42.30097408807308,-83.69743250577456,238.8065643310547,-0.019829530854989896,-0.9994191283629803,-0.013296804957991102,-0.02431852269692234,0.00893,-0.013290000000000001,-0.02528,1.8005,-0.1335,-9.4474,6.278327222492493,14.044241297082358,17.53999900817871,17.44999885559082,17.479999542236328,17.3799991607666,14.242640913431968,14.169559959729195,14.193920793891678,14.112719562134744,14.179710307296896,0.00964587601059521,5.900000095367432,29.600000381469727,0.0,0.0,0.0,0.0,0.0,,,,,
pylon_camera_1771860621119884338.png,1771860621119884338,1771860621.1198843,42.30097413579539,-83.69743556205195,238.7996826171875,-0.019434043550295432,-0.9994183536128383,-0.0133103276867686,-0.02465983758989449,-0.013970000000000002,-0.01784,-0.007910000000000002,0.4308,0.7816000000000001,-9.840200000000001,6.351190803985522,14.207232757067374,17.670000076293945,17.719999313354492,17.600000381469727,17.649999618530273,14.348202979351388,14.388802820837519,14.291362581756935,14.331962423243066,14.340082701297227,0.009350867019741586,5.900000095367432,29.0,0.0,0.0,0.0,0.0,0.0,,,,,
pylon_camera_1771860621170579362.png,1771860621170579362,1771860621.1705794,42.300974199855936,-83.6974402130688,238.7917938232422,-0.019148213737726794,-0.9994111116500028,-0.01322563430430517,-0.025216233231960757,0.015280000000000002,-0.00689,-0.010470000000000002,0.2669,0.4642,-10.9742,6.4258071331751205,14.374145008484755,18.010000228881836,17.85999870300293,17.75,17.969999313354492,14.624286238054161,14.50248361602642,14.413163655,14.591805125837517,14.532934658729525,0.01104689358226457,5.900000095367432,28.75,0.0,0.0,0.0,0.0,0.0,,,,,
pylon_camera_1771860621220544915.png,1771860621220544915,1771860621.220545,42.300974244126834,-83.69744335722628,238.78868103027344,-0.01880410092286139,-0.9994024089305464,-0.012642105187980535,-0.02610379261179401,0.0069900000000000006,-0.04161,-0.019370000000000002,0.8691000000000001,-0.6124,-10.951400000000001,6.518500166979358,14.581493763522806,17.969999313354492,18.0,18.10999870300293,18.079999923706055,14.591805125837517,14.61616596,14.70548592102642,14.681126635648614,14.648645910628137,0.004605299580027877,5.900000095367432,28.274999618530273,0.0,0.0,0.0,0.0,0.0,,,,,
pylon_camera_1771860621271576031.png,1771860621271576031,1771860621.2715762,42.30097431609365,-83.69744812772112,238.7866973876953,-0.018517967169688676,-0.9993803213808148,-0.012222990090479852,-0.02732501860803673,-0.00272,-0.053820000000000014,-0.0015400000000000001,-0.045700000000000005,0.785,-11.2836,6.593607051802248,14.749503358458522,18.119998931884766,18.34000015258789,18.43000030517578,18.350000381469727,14.713606199080584,14.892249218702775,14.965330172405547,14.900369496756936,14.86788877173646,0.008026399967565455,5.900000095367432,28.200000762939453,0.0,0.0,0.0,0.0,0.0,,,,,
pylon_camera_1771860621321963138.png,1771860621321963138,1771860621.3219633,42.300974358534525,-83.6974513524846,238.78555297851562,-0.018140455387597954,-0.9993496695728621,-0.01176223043320122,-0.02885847775226978,0.027700000000000002,-0.05395000000000001,-0.019560000000000004,1.4535,-1.5151000000000001,-8.5573,6.685168494372571,14.95432081180178,18.459999084472656,18.60999870300293,18.520000457763672,18.56999969482422,14.989689457783356,15.111490531026423,15.038411126108322,15.079010967594453,15.05465052062814,0.006709078271691259,5.900000095367432,25.075000762939453,0.0,0.0,0.0,0.0,0.0,,,,,
pylon_camera_1771860621381606601.png,1771860621381606601,1771860621.3816066,42.300974428097796,-83.69745623842215,238.78001403808594,-0.017600662266559763,-0.9993107685257826,-0.011140016837348339,-0.03072628550690384,0.025830000000000002,-0.05374000000000001,-0.0051600000000000005,-0.5944,-1.2793,-9.0862,6.767956072906891,15.139511657728342,18.65999984741211,18.8799991607666,18.739999771118164,18.90999984741211,15.152091921297227,15.330733392134745,15.21705259694584,15.355094226297227,15.26374303416876,0.008205771708429007,5.599999904632568,23.125,0.0,0.0,0.0,0.0,0.0,,,,,
pylon_camera_1771860621422938836.png,1771860621422938836,1771860621.4229388,42.30097447058023,-83.69745952173373,238.7733154296875,-0.017275827353648687,-0.9993052633846456,-0.010808094710636429,-0.031204510086153135,0.03159000000000001,-0.022460000000000004,-0.019940000000000003,0.1159,-0.5042,-8.313,6.814689202305262,15.244050864204734,18.899999618530273,19.0,18.899999618530273,18.94999885559082,15.346973948243065,15.428175180000002,15.346973948243065,15.387573789729194,15.377424216553832,0.008749206725771183,5.300000190734863,23.375,0.0,0.0,0.0,0.0,0.0,,,,,
pylon_camera_1771860621483151765.png,1771860621483151765,1771860621.483152,42.30097451896382,-83.69746449199027,238.7583465576172,-0.01692549660863457,-0.9993282713589257,-0.01124114066994564,-0.03049869478798882,-0.020890000000000002,0.06146000000000001,-0.011860000000000002,0.9884000000000001,-0.7531,-8.9573,6.878797053920817,15.387456281797633,19.229999542236328,19.239999771118164,19.34000015258789,19.139999389648438,15.614936928891678,15.62305720694584,15.704258438702775,15.541855975188904,15.621027137432298,0.015179302631778384,5.099999904632568,23.225000381469727,0.0,0.0,0.0,0.0,0.0,,,,,
pylon_camera_1771860621534065043.png,1771860621534065043,1771860621.5340652,42.300974558042206,-83.69746950598483,238.739990234375,-0.016570564921129516,-0.9993717648787952,-0.011936677230948793,-0.02896562925124561,-0.02517,0.039720000000000005,-0.00846,0.7323000000000001,-0.0485,-10.4725,6.952707414704302,15.552789324248643,19.520000457763672,19.3799991607666,19.399999618530273,19.479999542236328,15.850420346108324,15.736738002134743,15.752978558243067,15.817939233891678,15.789519035094452,0.015221045300004135,5.0,22.524999618530273,0.0,0.0,0.0,0.0,0.0,,,,,
pylon_camera_1771860621584176364.png,1771860621584176364,1771860621.5841763,42.30097458396414,-83.69747288346112,238.72854614257812,-0.016268518639746543,-0.9994132375591026,-0.012269922612117994,-0.027531162198382204,-0.018290000000000004,0.03157,-0.012670000000000002,0.7378,-0.1545,-11.4513,7.022249597819668,15.708351015346729,19.56999969482422,19.600000381469727,19.439998626708984,19.59000015258789,15.891020187594453,15.915381021756936,15.785458121675035,15.907260743702773,15.8747800186823,0.010594937888322793,5.0,18.350000381469727,0.0,0.0,0.0,0.0,0.0,,,,,
pylon_camera_1771860621626158766.png,1771860621626158766,1771860621.626159,42.30097461104877,-83.69747627993895,238.71873474121094,-0.015983338053315754,-0.9994395886262464,-0.012315700081799965,-0.02670889594812991,0.00222,0.03783,-0.019420000000000003,1.0634000000000001,0.0332,-10.624600000000001,7.071571334787047,15.818680781638538,19.760000228881836,19.869998931884766,19.719999313354492,19.85999870300293,16.04530237305416,16.134622334080582,16.01282126083752,16.12650205602642,16.07981200599967,0.016507775077188477,4.900000095367432,17.575000762939453,0.0,0.0,0.0,0.0,0.0,,,,,
pylon_camera_1771860621675288208.png,1771860621675288208,1771860621.6752884,42.30097466093346,-83.69748142948006,238.70852661132812,-0.015552526900420083,-0.9994568728772345,-0.012273409899537922,-0.026333278848424225,-0.005360000000000001,0.015140000000000002,-0.012390000000000002,0.4484,0.3199,-11.0393,7.13147130646514,15.95267342428413,19.899999618530273,19.939998626708984,19.989999771118164,19.969999313354492,16.158983168243065,16.191462731675035,16.23206412194584,16.215823565837518,16.199583396925362,0.015477654815234334,4.900000095367432,17.575000762939453,0.0,0.0,0.0,0.0,0.0,,,,,
pylon_camera_1771860621725245137.png,1771860621725245137,1771860621.7252452,42.30097469726626,-83.6974848864038,238.7032470703125,-0.015141396229787052,-0.9994829552444704,-0.011875822094868387,-0.02575898184252982,0.025620000000000004,0.054920000000000004,-0.01896,0.2848,0.049100000000000005,-8.099300000000001,7.178018596598997,16.05679691947616,20.03999900817871,20.18000030517578,20.1299991607666,20.219999313354492,16.27266396343197,16.38634630740555,16.34574491713474,16.41882587083752,16.355895264702447,0.01862752245832385,4.900000095367432,18.200000762939453,0.0,0.0,0.0,0.0,0.0,,,,,
pylon_camera_1771860621776082663.png,1771860621776082663,1771860621.7760828,42.3009747540155,-83.69749010723656,238.69158935546875,-0.014770274896545421,-0.9995290458853756,-0.01111483961977194,-0.024494606573240638,0.06755000000000001,0.06383000000000001,-0.021340000000000005,1.0934000000000001,0.8304,-7.1755,7.224940405026789,16.161758189620627,20.219999313354492,20.389999389648438,20.459999084472656,20.40999984741211,16.41882587083752,16.556867500188904,16.613707897783357,16.573108056297226,16.540627331276752,0.023442322129249623,4.800000190734863,18.375,0.0,0.0,0.0,0.0,0.0,,,,,
pylon_camera_1771860621826062506.png,1771860621826062506,1771860621.8260627,42.30097479448833,-83.69749360575632,238.6806640625,-0.014295720710823079,-0.9995872483836246,-0.010203177589176096,-0.02273456411052732,0.07289000000000001,0.07911000000000001,-0.027420000000000007,0.9746,1.3481,-11.036100000000001,7.266693860336419,16.25515816394095,20.459999084472656,20.5,20.5,20.420000076293945,16.613707897783357,16.64618901,16.64618901,16.581228334351387,16.621828563033688,0.022557172030852758,4.700000286102295,18.950000762939453,0.0,0.0,0.0,0.0,0.0,,,,,
pylon_camera_1771860621877122464.png,1771860621877122464,1771860621.8771226,42.30097484806004,-83.6974988885269,238.6640167236328,-0.013830771364426064,-0.9996320751534569,-0.00999984877230279,-0.02108143999800551,0.00808,0.06219000000000001,-0.022350000000000005,1.9338000000000002,0.6197,-10.8406,7.3286689086038415,16.393792628412278,20.439998626708984,20.529998779296875,20.469999313354492,20.559999465942383,16.597467341675035,16.670548295377806,16.621828175837518,16.694909129540292,16.646188235607664,0.015395803333388249,4.700000286102295,20.200000762939453,0.0,0.0,0.0,0.0,0.0,,,,,
pylon_camera_1771860621926878245.png,1771860621926878245,1771860621.9268782,42.30097487219778,-83.69750243940744,238.65475463867188,-0.013392051944971617,-0.9996458657805303,-0.01010394828708976,-0.02065686814618983,-0.02807,-0.0013200000000000002,-0.019200000000000002,1.2953000000000001,0.09380000000000001,-10.0504,7.389652102365462,16.530208373865396,20.5,20.719999313354492,20.510000228881836,20.639999389648438,16.64618901,16.824830480837516,16.65430928805416,16.759869805188906,16.72129964602015,0.011560124823161532,4.400000095367432,21.774999618530273,0.0,0.0,0.0,0.0,0.0,,,,,
pylon_camera_1771860621977867662.png,1771860621977867662,1771860621.9778678,42.300974906231126,-83.69750781559677,238.6446075439453,-0.01304643521662835,-0.9996344434687878,-0.010324931431458979,-0.021311164912328574,-0.02355,-0.030830000000000007,-0.006270000000000001,0.5575,0.37220000000000003,-11.449100000000001,7.446437810236913,16.657234595231362,20.65999984741211,20.65999984741211,20.619998931884766,20.719999313354492,16.776110361297228,16.776110361297228,16.743629249080584,16.824830480837516,16.78017011312814,0.0073803077692123,3.799999952316284,23.149999618530273,0.0,0.0,0.0,0.0,0.0,,,,,
pylon_camera_1771860622027843910.png,1771860622027843910,1771860622.027844,42.30097492320068,-83.6975114245546,238.64048767089844,-0.012787431841190355,-0.9996053530238043,-0.010480404458049257,-0.022710810541650514,-0.008730000000000002,-0.05771000000000001,-0.007960000000000002,0.1751,-0.3256,-11.2813,7.4927502903243495,16.76083283443815,20.719999313354492,20.75,20.729999542236328,20.850000381469727,16.824830480837516,16.849191315,16.83295075889168,16.930392546756934,16.859341275371534,0.0058772998875676165,3.1000001430511475,24.399999618530273,0.0,0.0,0.0,0.0,0.0,,,,,
pylon_camera_1771860622079318316.png,1771860622079318316,1771860622.0793183,42.30097494353166,-83.69751687236949,238.63623046875,-0.012547369376964046,-0.9995733972975768,-0.010704580951832205,-0.024103918423035872,-0.010330000000000002,-0.04987000000000001,-0.013870000000000002,-0.13140000000000002,-0.7507,-10.190800000000001,7.526906653650091,16.837238569816034,20.869998931884766,20.989999771118164,20.899999618530273,20.979999542236328,16.946631554080582,17.04407334194584,16.970992388243065,17.03595306389168,16.999412587040293,0.009631865495746288,2.6000001430511475,24.850000381469727,0.0,0.0,0.0,0.0,0.0,,,,,
pylon_camera_1771860622128806153.png,1771860622128806153,1771860622.128806,42.300974965203615,-83.69752235026816,238.6324005126953,-0.012385904873568387,-0.9995465362445222,-0.010827577913949601,-0.025220523360117934,-0.015410000000000002,-0.040870000000000004,-0.0019500000000000003,-0.3592,-0.5569000000000001,-9.5825,7.557255408106078,16.90512691260881,20.939998626708984,21.059999465942383,21.020000457763672,21.09000015258789,17.003471951675035,17.100913739540292,17.068434176108322,17.125274573702775,17.074523610256605,0.010020433358678235,2.6000001430511475,24.5,0.0,0.0,0.0,0.0,0.0,,,,,
pylon_camera_1771860622180090844.png,1771860622180090844,1771860622.180091,42.30097497695995,-83.69752602516733,238.6299591064453,-0.01216952777619329,-0.9995307449010988,-0.011048107856473526,-0.025848247599219453,-0.012900000000000002,-0.026080000000000002,-0.008990000000000001,-0.0275,-0.4892,-9.5389,7.597850342154483,16.99593534437905,21.100000381469727,21.209999084472656,21.19999885559082,21.209999084472656,17.133394851756936,17.222714812783355,17.214594534729194,17.222714812783355,17.19835475301321,0.011909871656525512,2.6000001430511475,24.30000114440918,0.0,0.0,0.0,0.0,0.0,,,,,
pylon_camera_1771860622229985464.png,1771860622229985464,1771860622.2299855,42.300974998016265,-83.69753155953241,238.62513732910156,-0.011884132042279505,-0.9995214749260386,-0.011301852102789407,-0.026227022444892535,-0.005180000000000001,-0.019610000000000002,-0.014970000000000002,0.4923,-0.3558,-10.098,7.643817057162634,17.098760127849385,21.209999084472656,21.329999923706055,21.279998779296875,21.329999923706055,17.222714812783355,17.320156600648613,17.279555210377808,17.320156600648613,17.285645806114598,0.010929779520143418,2.6000001430511475,24.475000381469727,0.0,0.0,0.0,0.0,0.0,,,,,
pylon_camera_1771860622281233803.png,1771860622281233803,1771860622.281234,42.300975012211104,-83.69753527187976,238.6210174560547,-0.011660787273979567,-0.999512295945544,-0.011518505766826961,-0.02658044993445337,0.00859,-0.007800000000000001,-0.009460000000000001,0.6531,0.6561,-8.4162,7.685797889318653,17.19266873053247,21.34000015258789,21.309999465942383,21.459999084472656,21.489999771118164,17.328276878702773,17.30391604454029,17.425717117783357,17.45007795194584,17.376996998243065,0.010721329573648172,2.5,24.700000762939453,0.0,0.0,0.0,0.0,0.0,,,,,
pylon_camera_1771860622330951713.png,1771860622330951713,1771860622.3309517,42.30097503780155,-83.69754086218187,238.6116180419922,-0.011404194688130476,-0.9995218888064947,-0.011493790038986627,-0.026340670658743494,0.012290000000000002,0.03703,-0.014420000000000002,0.6047,0.794,-7.8834,7.711326268563915,17.249774183201364,21.65999984741211,21.639999389648438,21.60999870300293,21.649999618530273,17.588119581297228,17.571879025188903,17.54751819102642,17.579999303243067,17.571879025188903,0.01867298890794869,2.5,25.899999618530273,0.0,0.0,0.0,0.0,0.0,,,,,
pylon_camera_1771860622382012039.png,1771860622382012039,1771860622.3820121,42.300975060671426,-83.69754460192502,238.60255432128906,-0.011184499352046018,-0.9995427040314637,-0.011156135323445261,-0.02578430600886916,0.02151,0.0013300000000000002,-0.006540000000000001,-2.0245,2.1603,-8.888200000000001,7.745057072293948,17.325227967297224,21.93000030517578,21.760000228881836,21.770000457763672,21.770000457763672,17.807362442405548,17.66932081305416,17.677441091108324,17.677441091108324,17.707891359419087,0.02208706245275221,2.799999952316284,27.575000762939453,0.0,0.0,0.0,0.0,0.0,,,,,
pylon_camera_1771860622431991095.png,1771860622431991095,1771860622.431991,42.30097510448587,-83.69755021399122,238.5859375,-0.01086828876231094,-0.9996270542917507,-0.009393167933562943,-0.023225008580155197,0.030790000000000005,0.05369000000000001,-0.00281,1.2938,-0.26180000000000003,-9.9503,7.773483426528271,17.38881601613815,21.81999969482422,21.869998931884766,21.93000030517578,21.90999984741211,17.71804093259445,17.758640774080583,17.807362442405548,17.791121886297226,17.76879150884445,0.02185171735405414,3.0,30.649999618530273,0.0,0.0,0.0,0.0,0.0,,,,,
pylon_camera_1771860622491918918.png,1771860622491918918,1771860622.4919188,42.30097514556118,-83.69755587291243,238.57061767578125,-0.010438757168026058,-0.9997108339543758,-0.0080333190214236,-0.020118315250873403,0.022040000000000004,0.10096000000000002,-0.0164,1.1142,-0.9236000000000001,-10.4085,7.83025293633414,17.51580600340329,22.06999969482422,22.1299991607666,22.06999969482422,21.93000030517578,17.921043237594454,17.96976335713474,17.921043237594454,17.807362442405548,17.9048030686823,0.022208345148571836,3.0,30.625,0.0,0.0,0.0,0.0,0.0,,,,,
pylon_camera_1771860622543793407.png,1771860622543793407,1771860622.5437934,42.3009751628677,-83.6975596904876,238.5630645751953,-0.010073030275154271,-0.9997422226090155,-0.008016622650737283,-0.018701768770283313,-0.006220000000000002,0.03379000000000001,-0.015270000000000002,1.357,-1.3289,-11.333400000000001,7.915307854849092,17.70606875282613,22.19999885559082,22.18000030517578,22.170000076293945,22.18000030517578,18.026603754729194,18.010364747405546,18.00224446935139,18.010364747405546,18.012394429722917,0.017300603605071456,2.700000047683716,30.450000762939453,0.0,0.0,0.0,0.0,0.0,,,,,
pylon_camera_1771860622584455820.png,1771860622584455820,1771860622.584456,42.30097517023016,-83.69756353443441,238.55706787109375,-0.009829894065456812,-0.9997378952705012,-0.00884185178244486,-0.018690521657449066,-0.029930000000000005,-0.03606000000000001,-0.011430000000000003,1.5256,-0.5281,-10.9921,8.009076281861514,17.915823097947296,22.279998779296875,22.229999542236328,22.299999237060547,22.31999969482422,18.091564430377808,18.050964588891677,18.107804986486133,18.12404554259445,18.09359488708752,0.009922613556091179,2.200000047683716,29.975000381469727,0.0,0.0,0.0,0.0,0.0,,,,,
pylon_camera_1771860622635075075.png,1771860622635075075,1771860622.635075,42.30097516689574,-83.69756937287173,238.5509033203125,-0.00977271887965564,-0.9997091226877595,-0.00958597180863454,-0.019856311970087307,-0.025190000000000004,-0.06165000000000001,0.00102,1.3492,0.4844,-10.1066,8.094272956392702,18.106402947073093,22.44999885559082,22.439998626708984,22.44999885559082,22.51999855041504,18.229606059729196,18.22148578167503,18.229606059729196,18.28644645732365,18.24178608961427,0.007477086582957162,1.7000000476837158,29.80000114440918,0.0,0.0,0.0,0.0,0.0,,,,,
pylon_camera_1771860622687024855.png,1771860622687024855,1771860622.6870248,42.3009751612543,-83.69757330219255,238.546875,-0.009807641182196514,-0.9996671483646857,-0.00988816363631657,-0.021716972044003285,-0.014950000000000001,-0.07668000000000001,0.0005400000000000001,0.7221000000000001,0.7806000000000001,-9.9162,8.15934909290931,18.25197435989255,22.65999984741211,22.559999465942383,22.6299991607666,22.6299991607666,18.400128801297228,18.318927569540293,18.375767967134742,18.375767967134742,18.36764807627675,0.006337600201673851,1.600000023841858,29.725000381469727,0.0,0.0,0.0,0.0,0.0,,,,,
pylon_camera_1771860622735169341.png,1771860622735169341,1771860622.7351692,42.30097515432424,-83.69757924493777,238.5396728515625,-0.009870527893173553,-0.9996372112969161,-0.00987240613328711,-0.023033759284457844,-0.006950000000000001,-0.010590000000000002,0.0006000000000000001,1.0526,1.6318000000000001,-6.452100000000001,8.212483044785621,18.37083182220275,22.719999313354492,22.69999885559082,22.600000381469727,22.939998626708984,18.448848920837516,18.432608364729198,18.351408681756936,18.627490391675032,18.465089089749668,0.005130811084612975,1.600000023841858,29.625,0.0,0.0,0.0,0.0,0.0,,,,,
pylon_camera_1771860622786091917.png,1771860622786091917,1771860622.786092,42.30097515710222,-83.69758324615047,238.5371856689453,-0.00956804066586664,-0.9995824246312479,-0.009567360607423157,-0.02553222624721634,0.004940000000000001,-0.11642000000000002,-0.015920000000000004,-0.386,0.41050000000000003,-14.687000000000001,8.271182660426156,18.502139340413688,22.649999618530273,22.829999923706055,22.850000381469727,22.869998931884766,18.392008523243067,18.538170430648613,18.55441098675694,18.570649994080583,18.5138099836823,0.0006307726395250075,1.7000000476837158,29.649999618530273,0.0,0.0,0.0,0.0,0.0,,,,,
pylon_camera_1771860622835918941.png,1771860622835918941,1771860622.835919,42.300975175148515,-83.69758928734893,238.53500366210938,-0.009159241746752755,-0.999528168180499,-0.008858023365213394,-0.02794789305872403,-0.023280000000000002,-0.16826000000000002,-0.00676,-0.8253,-1.3708,-9.0775,8.359893452135841,18.70058005882075,22.899999618530273,23.15999984741211,23.239999771118164,23.239999771118164,18.595010828243066,18.80613341129723,18.871094086945842,18.871094086945842,18.785833103357994,0.004558844927220885,2.1000001430511475,29.450000762939453,0.0,0.0,0.0,0.0,0.0,,,,,
pylon_camera_1771860622886988569.png,1771860622886988569,1771860622.8869886,42.30097519018337,-83.69759333876833,238.53529357910156,-0.008885842218510298,-0.9994912874708453,-0.008648003904712777,-0.02938401106731076,0.04653000000000001,0.0036300000000000004,-0.01416,0.49960000000000004,-0.5479,-6.1039,8.378385970258428,18.74194671230989,22.78999900817871,23.389999389648438,23.40999984741211,23.350000381469727,18.50568931843197,18.992895160188905,19.009135716297227,18.960415596756935,18.867033947918756,0.0066741858532074405,2.200000047683716,29.75,0.0,0.0,0.0,0.0,0.0,,,,,
pylon_camera_1771860622936814835.png,1771860622936814835,1771860622.9368148,42.300975204182635,-83.69759943062269,238.5292205810547,-0.00876962612514487,-0.9995036990070985,-0.008175935878106111,-0.029130798157102542,0.03425,0.06898000000000001,0.00064,1.4001000000000001,-0.3271,-7.5501000000000005,8.403400526998118,18.79790277486317,23.189998626708984,23.8799991607666,23.75,23.689998626708984,18.830492696675037,19.390779492134744,19.285218975,19.236497306675037,19.185747117621204,0.020632319860525293,1.8000000715255737,29.55000114440918,0.0,0.0,0.0,0.0,0.0,,,,,
pylon_camera_1771860622987896332.png,1771860622987896332,1771860622.9878962,42.30097520818505,-83.69760350163413,238.51943969726562,-0.008717700330525657,-0.999544562339261,-0.008325138349940545,-0.02766517071005944,0.00144,0.11205000000000002,-0.0018900000000000002,0.6095,-0.28700000000000003,-6.4695,8.450951191504371,18.90427075832379,23.670000076293945,23.93000030517578,23.93000030517578,23.90999984741211,19.220258299351386,19.431380882405552,19.431380882405552,19.415140326297227,19.374540097614926,0.02487635441235257,0.800000011920929,26.17500114440918,0.0,0.0,0.0,0.0,0.0,,,,,
pylon_camera_1771860623037961091.png,1771860623037961091,1771860623.0379612,42.30097520116058,-83.69760965967592,238.49842834472656,-0.008510065170951764,-0.9995934940086353,-0.008755470678310739,-0.02576368101796895,-0.009140000000000002,0.0775,-0.0022700000000000003,0.4314,0.6393,-10.328700000000001,8.526286453269508,19.072791218776693,24.029998779296875,24.029998779296875,23.989999771118164,23.920000076293945,19.51258056537781,19.51258056537781,19.48010100194584,19.423260604351388,19.48213068426321,0.021461959122350865,0.30000001192092896,25.55000114440918,0.0,0.0,0.0,0.0,0.0,,,,,
pylon_camera_1771860623089211274.png,1771860623089211274,1771860623.0892115,42.30097518717971,-83.69761587408401,238.47647094726562,-0.00832507187432907,-0.9996337193828173,-0.009480011027588307,-0.023942632313068944,-0.041,0.06731000000000001,-5.000000000000001e-05,0.9001,0.23340000000000002,-10.1906,8.602667934292947,19.243652008937268,24.18000030517578,24.15999984741211,24.170000076293945,24.219999313354492,19.63438318740555,19.618142631297225,19.626262909351386,19.666862750837517,19.636412869722918,0.020409892083022557,0.10000000149011612,24.67500114440918,0.0,0.0,0.0,0.0,0.0,,,,,
pylon_camera_1771860623138711676.png,1771860623138711676,1771860623.1387115,42.30097516988722,-83.69762005897282,238.46243286132812,-0.008263337333186516,-0.999648785368414,-0.01053776421463071,-0.022868727400731943,-0.044660000000000005,0.05526000000000001,0.0013200000000000002,0.7045,-0.0675,-10.0996,8.674587388586978,19.404531513025756,24.3799991607666,24.459999084472656,24.059999465942383,24.279998779296875,19.796784102134744,19.861744777783354,19.53694139954029,19.71558287037781,19.727763287459048,0.01665754075105165,0.5,24.850000381469727,0.0,0.0,0.0,0.0,0.0,,,,,
pylon_camera_1771860623189990718.png,1771860623189990718,1771860623.1899908,42.30097514483708,-83.69762638939815,238.44476318359375,-0.008263864368446339,-0.9996389502886044,-0.01149677517160741,-0.02283641329654205,-0.06352000000000001,-0.031520000000000006,0.0083,0.34240000000000004,0.2462,-11.7192,8.751146727211944,19.57579015996949,24.439998626708984,24.510000228881836,24.25,24.3799991607666,19.845504221675036,19.902346168054162,19.691223585,19.796784102134744,19.808964519215984,0.011911363849992213,0.9000000357627869,24.92500114440918,0.0,0.0,0.0,0.0,0.0,,,,,
pylon_camera_1771860623240051790.png,1771860623240051790,1771860623.2400517,42.3009751290763,-83.69763064916818,238.43678283691406,-0.008222237042160518,-0.9996216412794547,-0.011381438216878356,-0.023652314218856486,-0.00302,-0.07305000000000002,-0.01048,-0.1273,0.3214,-12.5486,8.821923461377365,19.734113467693483,24.549999237060547,24.529998779296875,24.209999084472656,24.649999618530273,19.93482573148613,19.91858517537781,19.658742472783356,20.016026963243064,19.88204508572259,0.007496238342365161,1.0,24.825000762939453,0.0,0.0,0.0,0.0,0.0,,,,,
pylon_camera_1771860623291220653.png,1771860623291220653,1771860623.2912207,42.3009751256571,-83.69763708023801,238.43162536621094,-0.007808360919121627,-0.9995941180856315,-0.010506241643011236,-0.02530311196086474,-0.019820000000000004,-0.08205000000000001,-0.014600000000000004,-0.1961,-2.3493,-8.7109,8.876259162932087,19.855659171929304,24.60999870300293,24.59000015258789,24.549999237060547,25.06999969482422,19.98354585102642,19.967306843702776,19.93482573148613,20.357070897594454,20.060687330952444,0.01032593061997136,1.3000000715255737,25.850000381469727,0.0,0.0,0.0,0.0,0.0,,,,,
pylon_camera_1771860623341505408.png,1771860623341505408,1771860623.3415055,42.300975110433065,-83.69764138926558,238.42819213867188,-0.007694903372212792,-0.9995515012884566,-0.01081960191697196,-0.026842521275830294,-0.08133000000000001,-0.05702000000000001,0.0050100000000000006,-2.351,-1.6099,-11.5481,8.901998549415886,19.913236635130374,25.0,24.779998779296875,24.8799991607666,24.889999389648438,20.3002305,20.12158748037781,20.202788712134744,20.210908990188905,20.208878920675367,0.01484652098310473,1.399999976158142,26.30000114440918,0.0,0.0,0.0,0.0,0.0,,,,,
pylon_camera_1771860623392410325.png,1771860623392410325,1771860623.3924103,42.30097510297719,-83.69764787715901,238.4203338623047,-0.007738447309860342,-0.9995451901116832,-0.01094782261143554,-0.02701248855438013,-0.022710000000000004,-0.007070000000000001,0.015370000000000002,-2.2042,0.665,-8.1644,8.935792801831036,19.98883235012792,25.670000076293945,24.93000030517578,25.119998931884766,25.06999969482422,20.84427673935139,20.24339010240555,20.397670739080585,20.357070897594454,20.460602119607994,0.023601667231805738,1.899999976158142,28.075000762939453,0.0,0.0,0.0,0.0,0.0,,,,,
pylon_camera_1771860623442407689.png,1771860623442407689,1771860623.4424076,42.300975083862404,-83.6976522282019,238.41314697265625,-0.007688705206424396,-0.9995811518035851,-0.010306151832631106,-0.02592658877811955,-0.05331000000000001,-0.029960000000000007,0.01599,1.7806000000000002,-3.0208,-8.955400000000001,9.006547033759913,20.147105321698902,24.719999313354492,25.68000030517578,25.459999084472656,25.149999618530273,20.07286736083752,20.852397017405547,20.673753997783358,20.422031573243064,20.505262487317374,0.017777102958444778,2.200000047683716,28.225000381469727,0.0,0.0,0.0,0.0,0.0,,,,,
pylon_camera_1771860623501947342.png,1771860623501947342,1771860623.5019474,42.30097506242565,-83.69765877449433,238.40037536621094,-0.007452703095062241,-0.9995910411344157,-0.011189082886634592,-0.02523909912314591,-0.0043100000000000005,-0.00103,-0.006590000000000001,0.4197,-3.3673,-10.4894,9.067922886307748,20.284399421297255,25.34000015258789,25.60999870300293,25.31999969482422,25.549999237060547,20.576313758702774,20.795555071026424,20.560073202594452,20.74683495148613,20.669694245952442,0.018994638029591015,1.8000000715255737,27.05000114440918,0.0,0.0,0.0,0.0,0.0,,,,,
pylon_camera_1771860623544655401.png,1771860623544655401,1771860623.5446553,42.30097504746677,-83.6976631687939,238.3905792236328,-0.007193054227087048,-0.9995947423348688,-0.011635403719426764,-0.024964543810362786,0.045950000000000005,-0.028510000000000004,-0.020920000000000005,0.9391,-0.4187,-10.314200000000001,9.130037043689457,20.423345064510695,25.44999885559082,25.3799991607666,25.479999542236328,25.489999771118164,20.665633719729193,20.608793322134744,20.68999455389168,20.69811483194584,20.665634106925364,0.01186333784447927,1.7000000476837158,24.55000114440918,0.0,0.0,0.0,0.0,0.0,,,,,
pylon_camera_1771860623596466743.png,1771860623596466743,1771860623.5964668,42.30097502742772,-83.69766980627259,238.37506103515625,-0.007009737441381947,-0.9995995992797166,-0.011542344198756903,-0.024865216492727642,0.01887,-0.005420000000000001,-0.011260000000000001,0.8471000000000001,1.8395000000000001,-9.0724,9.174041701273445,20.52178084324662,25.689998626708984,25.670000076293945,25.56999969482422,25.670000076293945,20.860515746675034,20.84427673935139,20.763075507594454,20.84427673935139,20.828036183243064,0.01492342903063538,1.899999976158142,17.25,0.0,0.0,0.0,0.0,0.0,,,,,
pylon_camera_1771860623645093637.png,1771860623645093637,1771860623.6450937,42.3009750159278,-83.69767425077325,238.36436462402344,-0.006764026451859972,-0.9996148867545103,-0.010763189537169563,-0.024667384861655487,0.015110000000000002,0.013080000000000001,-0.007750000000000001,0.5119,1.2988,-9.0889,9.21223563027732,20.60721837079255,25.8799991607666,25.8799991607666,25.6299991607666,25.729999542236328,21.014797932134744,21.014797932134744,20.811795627134742,20.892996858891678,20.93359708757398,0.015838077265392624,2.5,2.700000047683716,0.0,0.0,0.0,0.0,0.0,,,,,
pylon_camera_1771860623697076626.png,1771860623697076626,1771860623.6970768,42.30097501043886,-83.6976809592681,238.34951782226562,-0.006454521005416492,-0.9996264799163113,-0.009551141833826491,-0.02477933611672108,0.06395,0.03293000000000001,-0.02355,0.745,1.5209000000000001,-11.1445,9.259681717760945,20.713352421728167,25.899999618530273,25.8799991607666,25.549999237060547,25.85999870300293,21.031038488243063,21.014797932134744,20.74683495148613,20.998557376026422,20.94780718697259,0.011319015892303387,3.0,0.0,0.0,0.0,0.0,0.0,0.0,,,,,
pylon_camera_1771860623744870991.png,1771860623744870991,1771860623.744871,42.30097500623216,-83.69768546603534,238.34469604492188,-0.005803662467470717,-0.9996079728319327,-0.008205782355339246,-0.02613203567911868,-0.07961000000000001,-0.053200000000000004,-0.026370000000000005,-1.5790000000000002,-5.0118,-10.1004,9.303805696078797,20.812055113786506,25.529998779296875,26.029998779296875,25.649999618530273,25.809999465942383,20.73059439537781,21.136599005377807,20.828036183243064,20.95795753454029,20.91329677963474,0.004864568409737187,3.799999952316284,0.0,0.0,0.0,0.0,0.0,0.0,,,,,
pylon_camera_1771860623795999023.png,1771860623795999023,1771860623.795999,42.30097498318921,-83.6976922529859,238.3354034423828,-0.005528224305467012,-0.9995726013806956,-0.00907414864007186,-0.027234410798023394,-0.047880000000000006,-0.08144000000000001,-0.038840000000000006,-2.1411000000000002,-6.2616000000000005,-10.760900000000001,9.362538635000304,20.943437174177582,26.099998474121094,26.119998931884766,26.01999855041504,26.44999885559082,21.19343940297226,21.20967995908058,21.12847872732365,21.477642939729197,21.25231025727642,0.014747965223190123,3.700000047683716,0.0,0.0,0.0,0.0,0.0,0.0,,,,,
pylon_camera_1771860623845485303.png,1771860623845485303,1771860623.8454852,42.30097495594875,-83.69769679414674,238.32720947265625,-0.005284284708778454,-0.9995366716015693,-0.010949481519574759,-0.027903894230472296,0.006770000000000001,-0.07678000000000001,-0.03925000000000001,0.1995,0.1908,-9.3185,9.410050922115174,21.049719309716316,26.149999618530273,26.15999984741211,26.059999465942383,26.3799991607666,21.234040793243068,21.24216107129723,21.160959839540293,21.420802542134744,21.264491061553834,0.010203069631355186,2.9000000953674316,0.0,0.0,0.0,0.0,0.0,0.0,,,,,
pylon_camera_1771860623896157957.png,1771860623896157957,1771860623.896158,42.300974896145,-83.69770362948309,238.31304931640625,-0.005006437496302308,-0.9995093131624557,-0.011763071152691392,-0.028595430442090616,-0.03602,-0.0028500000000000005,-0.01642,1.0267,0.6033000000000001,-9.4839,9.41277824573103,21.05582016900557,26.25,26.260000228881836,26.06999969482422,26.1299991607666,21.315242025000003,21.323362303054164,21.169080117594454,21.217800237134743,21.256371170695843,0.009524729983469626,2.700000047683716,0.0,0.0,0.0,0.0,0.0,0.0,,,,,
pylon_camera_1771860623946636890.png,1771860623946636890,1771860623.946637,42.30097485302879,-83.69770818908077,238.3033447265625,-0.004641600377102818,-0.9994895396257238,-0.011811315619338753,-0.029319081637022962,-0.017240000000000002,-0.039200000000000006,-0.019790000000000002,0.082,0.28950000000000004,-9.7425,9.417922268230097,21.067327038694636,26.219999313354492,26.31999969482422,26.25,26.28999900817871,21.290881190837517,21.372082422594453,21.315242025000003,21.34772158843197,21.331481806715985,0.012538599108286147,3.1000001430511475,0.0,0.0,0.0,0.0,0.0,0.0,,,,,
pylon_camera_1771860624006485174.png,1771860624006485174,1771860624.0064852,42.30097480000673,-83.69771503682216,238.2889404296875,-0.004232964445387511,-0.9994784143132343,-0.01140469700856749,-0.02991511691519314,0.04028,-0.014700000000000003,-0.009700000000000002,0.7495,3.6618000000000004,-11.3582,9.434665249981222,21.104780084292997,26.389999389648438,26.299999237060547,26.19999885559082,26.28999900817871,21.4289228201889,21.35584186648613,21.274640634729195,21.34772158843197,21.35178172745905,0.01170358763178392,4.099999904632568,0.0,0.0,0.0,0.0,0.0,0.0,,,,,
pylon_camera_1771860624047666256.png,1771860624047666256,1771860624.047666,42.30097477440482,-83.69771961302732,238.28021240234375,-0.0036983237500305415,-0.9994629124317231,-0.010244185876762298,-0.03090737340280268,0.04798000000000001,0.012240000000000003,-0.0024000000000000002,-0.13340000000000002,1.4911,-8.5009,9.449737068055391,21.138494837015827,25.869998931884766,25.979999542236328,26.34000015258789,26.25,21.006677654080583,21.09599916389168,21.388322978702774,21.315242025000003,21.20156045541876,0.0029834488637525552,4.599999904632568,0.0,0.0,0.0,0.0,0.0,0.0,,,,,
pylon_camera_1771860624098492544.png,1771860624098492544,1771860624.0984924,42.300974745574315,-83.6977264850925,238.2666778564453,-0.003175665845578047,-0.9994232265281655,-0.009037338538715087,-0.03257999285765126,0.00493,-0.0045000000000000005,-0.019520000000000003,-0.3793,-1.5393000000000001,-9.3284,9.452303388737814,21.144235542403166,26.25,26.40999984741211,26.25,26.309999465942383,21.315242025000003,21.445163376297227,21.315242025000003,21.36396214454029,21.359902392709383,0.010199794164878345,4.400000095367432,0.0,0.0,0.0,0.0,0.0,0.0,,,,,
pylon_camera_1771860624148330214.png,1771860624148330214,1771860624.1483302,42.300974720777155,-83.69773106730285,238.2566680908203,-0.0027691347082631776,-0.9994102876192923,-0.008423449118343076,-0.03317309751352422,0.00044000000000000007,-0.00321,-0.011040000000000001,-1.6882000000000001,-1.5751000000000002,-8.2722,9.431019834785827,21.09662550922581,26.439998626708984,26.6299991607666,26.529998779296875,26.459999084472656,21.469522661675033,21.623804847134743,21.542603615377807,21.485763217783358,21.530423585492734,0.020562439053450492,3.799999952316284,2.549999952316284,0.0,0.0,0.0,0.0,0.0,,,,,
pylon_camera_1771860624199264008.png,1771860624199264008,1771860624.199264,42.300974659785915,-83.69773791104244,238.235595703125,-0.0024185966600566164,-0.9994503914036297,-0.008611883148214124,-0.031920228413479385,-0.017480000000000002,0.10817000000000002,-0.0046500000000000005,-1.0914000000000001,-0.10060000000000001,-9.127,9.385998376536143,20.99591520840876,26.719999313354492,26.809999465942383,26.3799991607666,26.44999885559082,21.696885800837517,21.76996675454029,21.420802542134744,21.477642939729197,21.591324509310436,0.02835833994334368,3.200000047683716,2.799999952316284,0.0,0.0,0.0,0.0,0.0,,,,,
pylon_camera_1771860624249627716.png,1771860624249627716,1771860624.2496276,42.30097457713827,-83.6977447453704,238.21322631835938,-0.00208136836282008,-0.9995016149129392,-0.009177550188522374,-0.03013241219521196,-0.02477,0.11601000000000002,-0.00335,-0.9336000000000001,-0.7782,-11.811300000000001,9.413460901598942,21.05734722922274,26.65999984741211,26.76999855041504,26.5,26.439998626708984,21.64816568129723,21.737485642323648,21.51824433,21.469522661675033,21.593354578823977,0.02545464743333784,2.9000000953674316,3.075000047683716,0.0,0.0,0.0,0.0,0.0,,,,,
pylon_camera_1771860624300503865.png,1771860624300503865,1771860624.3005037,42.300974519009074,-83.69774931266649,238.20040893554688,-0.0018149586398200086,-0.9995224729002756,-0.00956320293985342,-0.02932707353257066,-0.022430000000000002,0.029070000000000002,-0.006020000000000001,-1.1343,-0.7848,-13.177200000000001,9.443125918728072,21.123706092639573,26.40999984741211,26.44999885559082,26.40999984741211,26.809999465942383,21.445163376297227,21.477642939729197,21.445163376297227,21.76996675454029,21.534484111715987,0.01944630441622869,3.5,2.7250001430511475,0.0,0.0,0.0,0.0,0.0,,,,,
pylon_camera_1771860624350148782.png,1771860624350148782,1771860624.350149,42.300974443584956,-83.6977561941113,238.18179321289062,-0.0015908507682976809,-0.9995302149189462,-0.009193095039776802,-0.029194274464488062,0.04012000000000001,0.0029400000000000003,-0.017970000000000003,-0.622,0.028800000000000003,-7.3881000000000006,9.468996183882641,21.181576323574436,26.349998474121094,26.3799991607666,26.65999984741211,26.8799991607666,21.396441707972258,21.420802542134744,21.64816568129723,21.82680715213474,21.57305427088474,0.01848200253512768,4.700000286102295,3.0,0.0,0.0,0.0,0.0,0.0,,,,,
pylon_camera_1771860624401037145.png,1771860624401037145,1771860624.401037,42.30097440518266,-83.69776078726353,238.16671752929688,-0.0010192615466548267,-0.9995498667257919,-0.008059835506407749,-0.028880167692739253,0.06611,0.043620000000000006,-0.029680000000000005,1.4282000000000001,0.4587,-11.7682,9.485749725550297,21.219052991072484,26.309999465942383,26.469999313354492,26.510000228881836,26.25,21.36396214454029,21.49388349583752,21.526364608054163,21.315242025000003,21.424863068357993,0.00969930549549501,6.099999904632568,3.075000047683716,0.0,0.0,0.0,0.0,0.0,,,,,
pylon_camera_1771860624451288496.png,1771860624451288496,1771860624.4512885,42.30097435139008,-83.69776768353329,238.14703369140625,-0.00028212050226772493,-0.9995477638758652,-0.006680038736682244,-0.029318342744030383,0.05550000000000001,-0.00048,-0.04118,2.2640000000000002,-1.0336,-10.4457,9.504072610657,21.26004018568307,26.279998779296875,26.510000228881836,26.40999984741211,26.439998626708984,21.33960131037781,21.526364608054163,21.445163376297227,21.469522661675033,21.445162989101057,0.008707547201281937,6.800000190734863,3.424999952316284,0.0,0.0,0.0,0.0,0.0,,,,,
pylon_camera_1771860624502404275.png,1771860624502404275,1771860624.5024045,42.3009743105508,-83.69777228005955,238.13771057128906,0.0006289139775054179,-0.9995084133921881,-0.00633882370080811,-0.030697806754390284,0.004570000000000001,-0.06179000000000001,-0.04528000000000001,-1.0230000000000001,-1.7079,-15.5858,9.493999981351038,21.237508318283393,26.219999313354492,26.44999885559082,26.65999984741211,26.53999900817871,21.290881190837517,21.477642939729197,21.64816568129723,21.550723893431968,21.491853426323978,0.01197622170307141,8.0,3.875,0.0,0.0,0.0,0.0,0.0,,,,,
pylon_camera_1771860624552214426.png,1771860624552214426,1771860624.5522146,42.30097423120712,-83.69777919471191,238.1285858154297,0.0014464507144719132,-0.9994608004244133,-0.006206971585038131,-0.03221008691488112,-0.009450000000000002,-0.03814,-0.046880000000000005,-1.8224,-1.6263,-9.1572,9.489139509667943,21.22663573475661,26.309999465942383,26.439998626708984,26.459999084472656,26.809999465942383,21.36396214454029,21.469522661675033,21.485763217783358,21.76996675454029,21.522303694634743,0.013929101322165993,9.0,5.400000095367432,0.0,0.0,0.0,0.0,0.0,,,,,
pylon_camera_1771860624611884940.png,1771860624611884940,1771860624.611885,42.30097413447555,-83.69778608827275,238.11468505859375,0.002422591285644481,-0.9994489084337179,-0.006073315328482024,-0.03254420567524858,-0.0073100000000000005,0.040470000000000006,-0.034120000000000004,-1.1223,-1.4114,-8.7278,9.469759076942395,21.183282869575525,26.469999313354492,26.60999870300293,26.5,26.579999923706055,21.49388349583752,21.60756429102642,21.51824433,21.58320500564861,21.55072428062814,0.017345819971103304,9.800000190734863,6.200000286102295,0.0,0.0,0.0,0.0,0.0,,,,,
pylon_camera_1771860624654892239.png,1771860624654892239,1771860624.6548922,42.3009740610317,-83.69779067751519,238.10260009765625,0.0033262942423037947,-0.999473608840808,-0.005977155298864986,-0.03171300382931409,-0.0019400000000000003,0.03418000000000001,-0.037570000000000006,-1.0065,-0.07350000000000001,-8.4601,9.467720855732876,21.178723491023103,26.439998626708984,26.779998779296875,26.529998779296875,26.59000015258789,21.469522661675033,21.74560592037781,21.542603615377807,21.591325283702773,21.587264370283354,0.01929015596399927,9.90000057220459,6.200000286102295,0.0,0.0,0.0,0.0,0.0,,,,,
pylon_camera_1771860624705067784.png,1771860624705067784,1771860624.7050679,42.30097398195199,-83.69779527151722,238.08905029296875,0.004182408777087364,-0.9994953088107127,-0.005755954485825325,-0.030959717539999057,0.0040100000000000005,0.0182,-0.019360000000000002,-3.3634,-0.49520000000000003,-9.148200000000001,9.455461410710049,21.151299848073737,26.309999465942383,26.68000030517578,26.489999771118164,26.689998626708984,21.36396214454029,21.664406237405547,21.510124051945837,21.672524966675034,21.552754350141676,0.018980133842908916,9.699999809265137,6.0,0.0,0.0,0.0,0.0,0.0,,,,,
pylon_camera_1771860624764772775.png,1771860624764772775,1771860624.764773,42.30097385782709,-83.6978021356827,238.06570434570312,0.005408824989335314,-0.9995727903377635,-0.005742670018956387,-0.028142550873469698,0.006,0.13273000000000001,-0.028590000000000004,-2.0697,-1.2217,-12.0363,9.42589543470819,21.08516253371614,27.01999855041504,27.01999855041504,26.489999771118164,26.729999542236328,21.940487947323646,21.940487947323646,21.510124051945837,21.705006078891678,21.7740265063712,0.03267055549387087,9.5,7.325000286102295,0.0,0.0,0.0,0.0,0.0,,,,,
pylon_camera_1771860624804948548.png,1771860624804948548,1771860624.8049486,42.30097376360826,-83.69780670436501,238.05015563964844,0.0062622968470678044,-0.9996426808557609,-0.005566347565911272,-0.025383262683938427,0.004540000000000001,0.11820000000000001,-0.028970000000000003,0.4555,-0.8976000000000001,-9.333400000000001,9.44218119407745,21.121592800279615,26.489999771118164,26.469999313354492,26.579999923706055,26.68000030517578,21.510124051945837,21.49388349583752,21.58320500564861,21.664406237405547,21.562904697709378,0.02089387394230614,9.300000190734863,7.275000095367432,0.0,0.0,0.0,0.0,0.0,,,,,
pylon_camera_1771860624855434861.png,1771860624855434861,1771860624.8554347,42.300973607097056,-83.69781355511604,238.0286102294922,0.00728898403375433,-0.9997073975962585,-0.006472873144072093,-0.022138017443598324,-0.05469000000000001,0.10895,-0.029480000000000003,1.5966,1.7703,-10.816500000000001,9.456697252115571,21.154064351147408,26.459999084472656,26.510000228881836,26.56999969482422,26.799999237060547,21.485763217783358,21.526364608054163,21.575084727594454,21.76184647648613,21.587264757479527,0.020478353433231487,8.90000057220459,7.099999904632568,0.0,0.0,0.0,0.0,0.0,,,,,
pylon_camera_1771860624905839077.png,1771860624905839077,1771860624.9058392,42.300973488714,-83.6978181318901,238.017578125,0.008237913968740462,-0.9997449458861115,-0.007024926319700271,-0.0198199485070582,0.00429,0.11129000000000001,-0.026310000000000004,0.2368,2.7333000000000003,-10.0083,9.446345982383017,21.130909181831868,26.65999984741211,26.899999618530273,26.579999923706055,26.849998474121094,21.64816568129723,21.843047708243066,21.58320500564861,21.80244631797226,21.71921617829029,0.027841064073297946,8.699999809265137,7.400000095367432,0.0,0.0,0.0,0.0,0.0,,,,,
pylon_camera_1771860624955706877.png,1771860624955706877,1771860624.9557068,42.300973319649884,-83.69782499792235,238.004638671875,0.00911607249039903,-0.9997918519581226,-0.005921536203232187,-0.01726514956469267,0.05647000000000001,0.12141000000000002,-0.03168,0.3483,0.4757,-10.8496,9.437270304154891,21.110607434176245,27.099998474121094,26.809999465942383,26.779998779296875,26.809999465942383,22.00544862297226,21.76996675454029,21.74560592037781,21.76996675454029,21.822747013107662,0.03373373225530805,8.90000057220459,6.950000286102295,0.0,0.0,0.0,0.0,0.0,,,,,
pylon_camera_1771860625006670072.png,1771860625006670072,1771860625.00667,42.30097320119394,-83.69782957878044,237.9964141845703,0.010087717254594786,-0.999829206150989,-0.004877466304155937,-0.014697170153670766,-0.023680000000000003,0.10096000000000002,-0.05041,0.8989,-4.314,-9.7585,9.473166586060934,21.190905263023147,26.809999465942383,26.8799991607666,26.920000076293945,26.53999900817871,21.76996675454029,21.82680715213474,21.859288264351388,21.550723893431968,21.751696516114595,0.026463770477516843,9.100000381469727,3.2250001430511475,0.0,0.0,0.0,0.0,0.0,,,,,
pylon_camera_1771860625056663851.png,1771860625056663851,1771860625.0566638,42.30097300910838,-83.69783647422854,237.9898681640625,0.011084948055281263,-0.9998292893306073,-0.004988139108907897,-0.013915264693664109,-0.029400000000000006,-0.0028400000000000005,-0.04616000000000001,-0.2369,-3.8743000000000003,-13.1065,9.496159975752997,21.24234009616091,26.549999237060547,26.809999465942383,26.40999984741211,26.969999313354492,21.558844171486133,21.76996675454029,21.445163376297227,21.899888105837515,21.668465602040293,0.020060196002435554,8.800000190734863,0.949999988079071,0.0,0.0,0.0,0.0,0.0,,,,,
pylon_camera_1771860625107863175.png,1771860625107863175,1771860625.1078632,42.30097289287882,-83.6978410812419,237.98928833007812,0.012116752754990301,-0.9998041860270872,-0.005069097712307801,-0.014801288922624735,0.025100000000000004,-0.034870000000000005,-0.06860000000000001,-0.016300000000000002,-4.3535,-13.6866,9.53092548619231,21.320108457083027,26.389999389648438,26.59000015258789,26.760000228881836,26.619998931884766,21.4289228201889,21.591325283702773,21.72936691305416,21.61568456908058,21.591324896506606,0.012721156647468878,8.5,0.0,0.0,0.0,0.0,0.0,0.0,,,,,
pylon_camera_1771860625157754922.png,1771860625157754922,1771860625.157755,42.3009726830793,-83.69784802177436,237.99473571777344,0.012786455731723656,-0.9997534893346323,-0.005971106597280256,-0.017140974273717156,-0.020710000000000006,-0.09719000000000001,-0.03479000000000001,-0.502,0.1524,-8.6455,9.55078679676702,21.36453701716002,26.329999923706055,26.549999237060547,26.6299991607666,26.719999313354492,21.380202700648614,21.558844171486133,21.623804847134743,21.696885800837517,21.564934380026752,0.009379906651184234,8.199999809265137,0.0,0.0,0.0,0.0,0.0,0.0,,,,,
pylon_camera_1771860625208838510.png,1771860625208838510,1771860625.2088385,42.30097244221193,-83.69785496727143,237.99786376953125,0.013406355504382017,-0.999696967048045,-0.007067815444290571,-0.0193981878502958,-0.021340000000000005,-0.07499,-0.031050000000000005,0.3306,1.6009,-8.479800000000001,9.550165653106008,21.363147556058955,26.3799991607666,26.510000228881836,26.299999237060547,26.549999237060547,21.420802542134744,21.526364608054163,21.35584186648613,21.558844171486133,21.46546329704029,0.00478935703237781,7.800000190734863,0.0,0.0,0.0,0.0,0.0,0.0,,,,,
pylon_camera_1771860625258557429.png,1771860625258557429,1771860625.2585576,42.30097228922998,-83.69785959311572,238.0004119873047,0.014259385536848412,-0.9996342040997874,-0.00698160811363436,-0.021894863919277273,0.02695,-0.062160000000000014,-0.038450000000000005,0.7958000000000001,-0.5311,-10.5074,9.538267537791464,21.336532185987238,26.329999923706055,26.549999237060547,26.369998931884766,26.459999084472656,21.380202700648614,21.558844171486133,21.412682264080583,21.485763217783358,21.45937308849967,0.005757304019305845,7.400000095367432,0.0,0.0,0.0,0.0,0.0,0.0,,,,,
pylon_camera_1771860625309884456.png,1771860625309884456,1771860625.3098843,42.30097204743645,-83.69786652148653,238.00296020507812,0.01511414892728069,-0.9995774883354661,-0.00715985988714875,-0.023772751661543284,-0.03458,-0.05494000000000001,-0.023490000000000004,-0.7352000000000001,0.0234,-6.6723,9.510665537867876,21.274788168278167,26.399999618530273,26.579999923706055,26.34000015258789,26.619998931884766,21.437043098243066,21.58320500564861,21.388322978702774,21.61568456908058,21.50606391291876,0.010870883545878752,7.599999904632568,0.0,0.0,0.0,0.0,0.0,0.0,,,,,
pylon_camera_1771860625359563473.png,1771860625359563473,1771860625.3595636,42.30097187467897,-83.69787112618944,238.0009307861328,0.015910392710593857,-0.999537341053275,-0.008081879362215983,-0.024630194272848516,-0.0432,-0.00446,-0.02313,-1.1061,0.499,-8.5091,9.482576564043171,21.21195481917073,26.489999771118164,26.6299991607666,26.469999313354492,26.65999984741211,21.510124051945837,21.623804847134743,21.49388349583752,21.64816568129723,21.56899451905383,0.016832003600178214,7.599999904632568,0.0,0.0,0.0,0.0,0.0,0.0,,,,,
pylon_camera_1771860625410795951.png,1771860625410795951,1771860625.410796,42.30097161343711,-83.69787803186732,237.993408203125,0.016647772021291085,-0.9995139452891637,-0.008431379508837352,-0.024972719090965215,-0.021840000000000005,0.0036100000000000004,-0.02476,-1.6007,-0.45840000000000003,-8.558300000000001,9.479922431246854,21.206017683353338,26.389999389648438,26.53999900817871,26.549999237060547,26.65999984741211,21.4289228201889,21.550723893431968,21.558844171486133,21.64816568129723,21.546664141601056,0.016063669442052994,7.400000095367432,0.0,0.0,0.0,0.0,0.0,0.0,,,,,
pylon_camera_1771860625460435933.png,1771860625460435933,1771860625.4604359,42.30097143317942,-83.69788263194513,237.9858856201172,0.017355895348695527,-0.999502972264615,-0.008728001723669587,-0.024827471010091497,-0.017230000000000002,0.021910000000000002,-0.025460000000000003,-1.3976000000000002,-0.6527000000000001,-8.4898,9.475282192082668,21.195637746757406,26.549999237060547,26.56999969482422,26.53999900817871,26.59000015258789,21.558844171486133,21.575084727594454,21.550723893431968,21.591325283702773,21.56899451905383,0.017614793041721186,7.400000095367432,0.0,0.0,0.0,0.0,0.0,0.0,,,,,
pylon_camera_1771860625511287719.png,1771860625511287719,1771860625.5112877,42.3009711571091,-83.69788951537798,237.97067260742188,0.018132657949168685,-0.9995067976772657,-0.009098604963688854,-0.023970471425290445,-0.015210000000000003,0.04247000000000001,-0.03169,-0.9664,0.0732,-8.745000000000001,9.46704427279753,21.177210015591708,26.65999984741211,26.579999923706055,26.53999900817871,26.56999969482422,21.64816568129723,21.58320500564861,21.550723893431968,21.575084727594454,21.589294826993065,0.019458881084805774,7.0,0.0,0.0,0.0,0.0,0.0,0.0,,,,,
pylon_camera_1771860625561656058.png,1771860625561656058,1771860625.561656,42.30097097028852,-83.69789410734741,237.96031188964844,0.01889957351562005,-0.9995141102547961,-0.009465420169295443,-0.022907539010328305,-0.014820000000000002,0.05458000000000001,-0.030390000000000004,-0.6928000000000001,-0.5629000000000001,-9.9208,9.458651255068418,21.15843533851275,26.59000015258789,26.760000228881836,26.459999084472656,26.549999237060547,21.591325283702773,21.72936691305416,21.485763217783358,21.558844171486133,21.591324896506606,0.0204594314781825,6.700000286102295,0.0,0.0,0.0,0.0,0.0,0.0,,,,,
pylon_camera_1771860625621540234.png,1771860625621540234,1771860625.6215403,42.300970675090845,-83.69790098835956,237.94651794433594,0.01970679918656021,-0.9995146541000339,-0.010132830989187012,-0.021895753954918377,-0.02024,-0.0004300000000000001,-0.019110000000000002,-1.3009000000000002,-0.8877,-11.41,9.459991403441236,21.16143317001384,26.649999618530273,26.739999771118164,26.510000228881836,26.619998931884766,21.640045403243068,21.71312635694584,21.526364608054163,21.61568456908058,21.623805234330913,0.02184975188600472,6.700000286102295,0.0,0.0,0.0,0.0,0.0,0.0,,,,,
pylon_camera_1771860625664280156.png,1771860625664280156,1771860625.6642802,42.30097047599456,-83.69790558447363,237.9400177001953,0.020358114084805257,-0.9995046981069684,-0.010367115413364512,-0.021643210737172135,-0.006860000000000001,-0.018170000000000006,-0.027770000000000003,-0.3251,-1.2803,-11.8489,9.490795388760375,21.230339836933634,26.369998931884766,26.369998931884766,26.369998931884766,26.68000030517578,21.412682264080583,21.412682264080583,21.412682264080583,21.664406237405547,21.475613257411823,0.011552967232841712,6.700000286102295,0.0,0.0,0.0,0.0,0.0,0.0,,,,,
pylon_camera_1771860625713172758.png,1771860625713172758,1771860625.7131727,42.300970169532484,-83.69791248943024,237.9327850341797,0.02088657259942711,-0.9994772149253769,-0.010704492798268827,-0.022236496216641893,-0.00858,-0.07706,-0.035160000000000004,0.47000000000000003,0.6347,-8.8163,9.508204252019068,21.269282419511534,26.28999900817871,26.299999237060547,26.53999900817871,26.65999984741211,21.34772158843197,21.35584186648613,21.550723893431968,21.64816568129723,21.475613257411823,0.009700883830053896,6.700000286102295,0.0,0.0,0.0,0.0,0.0,0.0,,,,,
pylon_camera_1771860625764420627.png,1771860625764420627,1771860625.7644205,42.300969965493834,-83.69791709880954,237.9288330078125,0.021797730376304614,-0.9994145230578357,-0.010720702041730243,-0.024094327117663464,0.03148,-0.07531000000000002,-0.035980000000000005,0.7154,-0.8197,-9.5039,9.525941348252449,21.308959239559833,26.399999618530273,26.399999618530273,26.649999618530273,26.510000228881836,21.437043098243066,21.437043098243066,21.640045403243068,21.526364608054163,21.51012405194584,0.00944038655874603,6.5,0.0,0.0,0.0,0.0,0.0,0.0,,,,,
pylon_camera_1771860625816336497.png,1771860625816336497,1771860625.8163364,42.300969648175005,-83.69792403351414,237.92385864257812,0.02251032594409136,-0.9993373223891358,-0.010957547991922032,-0.026422215047349238,0.022800000000000004,-0.12051,-0.04519000000000001,0.7230000000000001,-0.6694,-8.9582,9.53909098065856,21.33837417827436,26.279998779296875,26.459999084472656,26.3799991607666,26.439998626708984,21.33960131037781,21.485763217783358,21.420802542134744,21.469522661675033,21.428922432992735,0.004243446757558786,6.5,0.0,0.0,0.0,0.0,0.0,0.0,,,,,
pylon_camera_1771860625864419499.png,1771860625864419499,1771860625.8644197,42.30096942958108,-83.69792866720721,237.920166015625,0.023118283584049715,-0.9992582680503539,-0.01104805846802426,-0.02874715814166486,0.013070000000000002,-0.09961000000000002,-0.03536,-0.9342,0.6153000000000001,-9.5058,9.522884497537117,21.30212124792068,26.34000015258789,26.469999313354492,26.40999984741211,26.329999923706055,21.388322978702774,21.49388349583752,21.445163376297227,21.380202700648614,21.426893137871534,0.005857251890491071,6.5,0.0,0.0,0.0,0.0,0.0,0.0,,,,,
pylon_camera_1771860625915357727.png,1771860625915357727,1771860625.9153576,42.30096909652993,-83.69793559530974,237.91311645507812,0.02369452973858538,-0.9991956639322728,-0.010819324778015076,-0.03048830350741265,0.022030000000000004,-0.046430000000000006,-0.03214,-0.8556,-0.3677,-8.085700000000001,9.509102229864174,21.271291142072368,26.420000076293945,26.510000228881836,26.25,26.6299991607666,21.453283654351388,21.526364608054163,21.315242025000003,21.623804847134743,21.47967378363507,0.009796426562492242,6.5,0.0,0.0,0.0,0.0,0.0,0.0,,,,,
pylon_camera_1771860625965822947.png,1771860625965822947,1771860625.965823,42.300968874490394,-83.69794020529736,237.90771484375,0.02436826629729233,-0.999150936123329,-0.010454081811256224,-0.03153262778493345,0.015470000000000003,-0.00903,-0.035500000000000004,-1.2778,-1.5654000000000001,-8.973600000000001,9.492012425878048,21.23306227594364,26.529998779296875,26.65999984741211,26.5,26.60999870300293,21.542603615377807,21.64816568129723,21.51824433,21.60756429102642,21.579144479425366,0.016299212943665903,6.5,0.0,0.0,0.0,0.0,0.0,0.0,,,,,
pylon_camera_1771860626016252536.png,1771860626016252536,1771860626.0162525,42.30096853098066,-83.69794710887527,237.89578247070312,0.024975433968358107,-0.9991325040253891,-0.01065516847844905,-0.03157426931449032,0.024100000000000003,-0.013460000000000001,-0.03574000000000001,-1.677,2.5869,-9.6288,9.484797959974696,21.216923948585798,26.59000015258789,26.389999389648438,26.5,26.549999237060547,21.591325283702773,21.4289228201889,21.51824433,21.558844171486133,21.52433415134445,0.014488914769341181,6.300000190734863,0.0,0.0,0.0,0.0,0.0,0.0,,,,,
pylon_camera_1771860626066166828.png,1771860626066166828,1771860626.0661669,42.30096830192147,-83.6979516936726,237.88525390625,0.02558612270627758,-0.9991667988850729,-0.009443055922152008,-0.030362592535335447,0.043030000000000006,0.06292,-0.03781,0.2036,1.2612,-6.6753,9.46059834769845,21.162790867900572,26.309999465942383,26.619998931884766,26.619998931884766,26.619998931884766,21.36396214454029,21.61568456908058,21.61568456908058,21.61568456908058,21.55275396294551,0.018426827419838455,6.0,0.0,0.0,0.0,0.0,0.0,0.0,,,,,
pylon_camera_1771860626117253583.png,1771860626117253583,1771860626.1172535,42.30096795827866,-83.69795856312116,237.86497497558594,0.026222168239098786,-0.9992099566358227,-0.008269657594501706,-0.028696223025818816,0.011250000000000001,0.09574000000000002,-0.01607,-1.2319,0.7546,-8.3115,9.440070289382213,21.116870833130648,26.809999465942383,26.65999984741211,26.549999237060547,26.739999771118164,21.76996675454029,21.64816568129723,21.558844171486133,21.71312635694584,21.67252574106737,0.02631331660488951,5.900000095367432,0.0,0.0,0.0,0.0,0.0,0.0,,,,,
pylon_camera_1771860626167080473.png,1771860626167080473,1771860626.1670804,42.30096772122691,-83.69796313740504,237.84991455078125,0.02697021645406089,-0.9992643584025791,-0.007666890076291889,-0.026164255144397703,0.004390000000000001,0.08462,-0.025330000000000002,-1.2794,-1.1775,-10.8492,9.442113192463705,21.12144068474976,26.329999923706055,27.34000015258789,26.579999923706055,26.69999885559082,21.380202700648614,22.200332198702775,21.58320500564861,21.680645244729195,21.711096287432298,0.027917395005553965,5.700000286102295,0.0,0.0,0.0,0.0,0.0,0.0,,,,,
pylon_camera_1771860626218026033.png,1771860626218026033,1771860626.218026,42.300967354941434,-83.69796999478423,237.8278045654297,0.02764205936537345,-0.9993059397483894,-0.007859140013007882,-0.02370209391351179,0.048190000000000004,0.049280000000000004,-0.021880000000000004,0.4887,0.069,-11.6981,9.475128226179642,21.19529333427029,26.619998931884766,26.549999237060547,26.60999870300293,26.729999542236328,21.61568456908058,21.558844171486133,21.60756429102642,21.705006078891678,21.621774777621205,0.020121516443527852,5.300000190734863,0.0,0.0,0.0,0.0,0.0,0.0,,,,,
pylon_camera_1771860626267837516.png,1771860626267837516,1771860626.2678375,42.30096710437991,-83.69797458774262,237.8160858154297,0.028279864361202445,-0.99930620448832,-0.007842978830701787,-0.022931345924765145,0.031130000000000005,-0.020520000000000004,-0.028710000000000003,0.5139,1.7736,-11.1053,9.518805066002315,21.29299580434322,26.59000015258789,26.549999237060547,26.529998779296875,26.3799991607666,21.591325283702773,21.558844171486133,21.542603615377807,21.420802542134744,21.528393903175363,0.011055189274217926,5.5,0.0,0.0,0.0,0.0,0.0,0.0,,,,,
pylon_camera_1771860626318922344.png,1771860626318922344,1771860626.3189223,42.30096672328627,-83.69798150045297,237.80384826660156,0.02875235538097448,-0.9992709247188257,-0.0074678518585860835,-0.02398233225203961,0.06522000000000001,-0.07927000000000001,-0.014810000000000002,0.4852,3.7357,-8.5558,9.549861105926944,21.36246630229222,26.549999237060547,26.619998931884766,26.579999923706055,26.420000076293945,21.558844171486133,21.61568456908058,21.58320500564861,21.453283654351388,21.552754350141676,0.008907587970263456,5.5,0.0,0.0,0.0,0.0,0.0,0.0,,,,,
pylon_camera_1771860626368740247.png,1771860626368740247,1771860626.3687403,42.3009664595038,-83.69798612128979,237.79791259765625,0.029277972331980873,-0.999207753224939,-0.006413188610935766,-0.026182766147553948,0.07638000000000002,-0.12011000000000001,-0.011740000000000002,0.26730000000000004,4.055400000000001,-12.099300000000001,9.569689082253623,21.40682029565642,26.469999313354492,26.469999313354492,27.149999618530273,26.40999984741211,21.49388349583752,21.49388349583752,22.046050013243068,21.445163376297227,21.619745095303834,0.009946586961848695,5.5,0.0,0.0,0.0,0.0,0.0,0.0,,,,,
pylon_camera_1771860626420061434.png,1771860626420061434,1771860626.4200613,42.30096607480685,-83.69799307799984,237.79147338867188,0.02986495383453114,-0.9991289802821114,-0.004776193941597503,-0.02874983937905939,0.07253000000000001,-0.07483000000000002,-0.010570000000000001,0.5844,1.8759000000000001,-9.6769,9.577087013759815,21.423369024559882,26.299999237060547,26.579999923706055,26.579999923706055,26.369998931884766,21.35584186648613,21.58320500564861,21.58320500564861,21.412682264080583,21.483733535465984,0.0028176945856134505,5.400000095367432,0.0,0.0,0.0,0.0,0.0,0.0,,,,,
pylon_camera_1771860626470037321.png,1771860626470037321,1771860626.4700372,42.30096568284026,-83.6980000418635,237.78622436523438,0.030521482322199533,-0.9990203355131253,-0.004151354758194562,-0.031773803703200695,0.030730000000000004,-0.08075000000000002,-0.022420000000000002,1.1311,0.4469,-8.9679,9.580175079074829,21.43027684138565,26.420000076293945,26.489999771118164,26.65999984741211,26.170000076293945,21.453283654351388,21.510124051945837,21.64816568129723,21.25028134935139,21.46546368423646,0.0016419219924803134,5.300000190734863,0.0,0.0,0.0,0.0,0.0,0.0,,,,,
pylon_camera_1771860626521119000.png,1771860626521119000,1771860626.5211189,42.30096541521661,-83.69800468690946,237.7826690673828,0.03098061094475707,-0.9989190040240188,-0.00422963901023125,-0.034396733841971505,0.08554000000000002,-0.08068000000000002,-0.02883,0.9148000000000001,0.034,-7.826700000000001,9.580637923889405,21.431312197465168,26.389999389648438,26.489999771118164,26.69999885559082,26.510000228881836,21.4289228201889,21.510124051945837,21.680645244729195,21.526364608054163,21.536514181229524,0.004908798061221808,4.700000286102295,0.0,0.0,0.0,0.0,0.0,0.0,,,,,
pylon_camera_1771860626570902231.png,1771860626570902231,1771860626.5709023,42.30096497468986,-83.6980116234954,237.77197265625,0.03142298895752221,-0.9988673005708729,-0.004818077097303822,-0.03540477013507177,-0.020220000000000002,-0.03409,0.00205,-0.2987,-0.6222,-4.0566,9.542423102067763,21.345827933939464,26.489999771118164,26.65999984741211,26.799999237060547,26.69999885559082,21.510124051945837,21.64816568129723,21.76184647648613,21.680645244729195,21.650195363614596,0.014258872067041892,3.6000001430511475,0.0,0.0,0.0,0.0,0.0,0.0,,,,,
pylon_camera_1771860626622142314.png,1771860626622142314,1771860626.6221423,42.30096468028696,-83.69801622079336,237.7585906982422,0.03200175502587116,-0.9988602936599944,-0.0054939116716210094,-0.034983115345523355,-0.017150000000000002,0.07096000000000001,-0.01897,-1.0487,-0.7507,-8.513300000000001,9.503420197340787,21.2585807762395,26.729999542236328,27.31999969482422,26.76999855041504,26.869998931884766,21.705006078891678,22.184091642594453,21.737485642323648,21.818686874080583,21.86131755947259,0.02835263508779289,2.200000047683716,0.0,0.0,0.0,0.0,0.0,0.0,,,,,
pylon_camera_1771860626672015387.png,1771860626672015387,1771860626.6720154,42.30096424151219,-83.69802311494573,237.73426818847656,0.03238888195889278,-0.9989066998061089,-0.005867324888950469,-0.03319548021295391,0.04231,0.07993000000000001,-0.014600000000000004,-1.4683000000000002,0.5418000000000001,-9.332,9.509845823245088,21.272954515849868,26.779998779296875,26.920000076293945,26.689998626708984,26.76999855041504,21.74560592037781,21.859288264351388,21.672524966675034,21.737485642323648,21.75372619843197,0.022600136818037787,1.2000000476837158,0.0,0.0,0.0,0.0,0.0,0.0,,,,,
pylon_camera_1771860626731894136.png,1771860626731894136,1771860626.731894,42.30096381819589,-83.698030010273,237.70729064941406,0.0328539235885959,-0.9989797539636689,-0.004504597358470665,-0.030655822907896636,0.051190000000000006,0.06441000000000001,-0.015080000000000001,-0.6036,0.8423,-10.1469,9.520943670413223,21.297779734094156,26.959999084472656,26.920000076293945,26.76999855041504,26.799999237060547,21.891767827783358,21.859288264351388,21.737485642323648,21.76184647648613,21.81259705273613,0.024172346839414355,0.9000000357627869,0.0,0.0,0.0,0.0,0.0,0.0,,,,,
pylon_camera_1771860626772968310.png,1771860626772968310,1771860626.7729683,42.30096353465003,-83.69803461338859,237.68943786621094,0.033138967766209004,-0.9990168296899588,-0.0034920666303479998,-0.029240182664675013,0.038560000000000004,0.05342000000000001,-0.015520000000000003,-0.7562,-0.29560000000000003,-10.7263,9.53834435233429,21.33670401551067,26.649999618530273,26.939998626708984,26.90999984741211,26.729999542236328,21.640045403243068,21.875527271675033,21.851167986297227,21.705006078891678,21.767936685026754,0.020210838056459013,0.9000000357627869,0.0,0.0,0.0,0.0,0.0,0.0,,,,,
pylon_camera_1771860626825336165.png,1771860626825336165,1771860626.825336,42.30096324634955,-83.69803921903703,237.67381286621094,0.03354704275129755,-0.9990382188859914,-0.002730056535763921,-0.02810302330817755,-0.01058,0.00979,-0.021340000000000005,-1.0799,-2.3811,-10.7885,9.557701136056346,21.380003979289885,26.829999923706055,26.869998931884766,26.69999885559082,26.729999542236328,21.786207310648614,21.818686874080583,21.680645244729195,21.705006078891678,21.747636377087517,0.017195151046451872,0.9000000357627869,0.0,0.0,0.0,0.0,0.0,0.0,,,,,
pylon_camera_1771860626877223437.png,1771860626877223437,1771860626.8772235,42.30096280410308,-83.69804613186909,237.6531524658203,0.03366520199419193,-0.999045757530322,-0.002454073856862162,-0.027716530390012154,-0.010910000000000001,-0.024,0.0015900000000000003,-2.6027,-0.9274,-11.722100000000001,9.542998447884909,21.34711494801167,27.389999389648438,26.729999542236328,26.689998626708984,26.65999984741211,22.240932040188905,21.705006078891678,21.672524966675034,21.64816568129723,21.816657191763213,0.021995583239002442,1.2000000476837158,0.0,0.0,0.0,0.0,0.0,0.0,,,,,
pylon_camera_1771860626926980753.png,1771860626926980753,1771860626.926981,42.30096250269575,-83.69805075027087,237.64212036132812,0.03367513526269539,-0.9990566726209319,-0.002575170984062033,-0.02729686156015083,-0.08282,-0.04722000000000001,0.011300000000000003,-3.4615,0.1618,-13.2787,9.54106129879057,21.34278166171658,27.059999465942383,26.65999984741211,26.729999542236328,27.119998931884766,21.972969059540294,21.64816568129723,21.705006078891678,22.02168917908058,21.836957499702446,0.023154237616190912,1.0,0.0,0.0,0.0,0.0,0.0,0.0,,,,,
pylon_camera_1771860626974951895.png,1771860626974951895,1771860626.974952,42.30096204887752,-83.69805765287364,237.62869262695312,0.0336728096993284,-0.9990821267345733,-0.002463254630711764,-0.026362441144530156,-0.051660000000000005,-0.014790000000000001,-0.0038900000000000002,-1.3919000000000001,-5.1847,-10.442,9.539956146105785,21.34030950146988,26.549999237060547,26.920000076293945,26.760000228881836,26.869998931884766,21.558844171486133,21.859288264351388,21.72936691305416,21.818686874080583,21.741546555743067,0.01880183856965862,0.4000000059604645,0.0,0.0,0.0,0.0,0.0,0.0,,,,,
pylon_camera_1771860627025622043.png,1771860627025622043,1771860627.0256221,42.30096175837584,-83.69806225429751,237.62123107910156,0.033627939835095766,-0.9991157979045662,-0.002081963121555003,-0.025148548060079125,0.031310000000000004,0.033920000000000006,-0.005330000000000001,-0.7533000000000001,-2.7573000000000003,-10.1132,9.51911430380881,21.29368755076208,26.849998474121094,26.799999237060547,26.849998474121094,26.849998474121094,21.80244631797226,21.76184647648613,21.80244631797226,21.80244631797226,21.792296357600726,0.02341580365777471,0.5,0.0,0.0,0.0,0.0,0.0,0.0,,,,,
pylon_camera_1771860627075636366.png,1771860627075636366,1771860627.0756364,42.3009613171704,-83.6980691476589,237.612060546875,0.03361726161696926,-0.9991598358425908,-0.0013846687519352592,-0.023400531037364527,0.053000000000000005,0.06936,-0.011910000000000002,-0.3749,1.2992000000000001,-10.5747,9.507537614617364,21.267791191642168,26.76999855041504,26.799999237060547,26.719999313354492,26.8799991607666,21.737485642323648,21.76184647648613,21.696885800837517,21.82680715213474,21.755756267945507,0.022943853073708026,0.699999988079071,0.0,0.0,0.0,0.0,0.0,0.0,,,,,
pylon_camera_1771860627126072298.png,1771860627126072298,1771860627.1260724,42.30096102555078,-83.69807373904573,237.60565185546875,0.03370616880859573,-0.9991946561166659,-0.00019292327471846955,-0.02176915599544398,0.024870000000000003,0.03375,-0.004980000000000001,-0.7298,1.665,-8.349400000000001,9.501336045943235,21.253918654612264,26.69999885559082,26.719999313354492,26.69999885559082,26.94999885559082,21.680645244729195,21.696885800837517,21.680645244729195,21.883647549729197,21.735455960006277,0.022656401072162578,0.699999988079071,0.0,0.0,0.0,0.0,0.0,0.0,,,,,
pylon_camera_1771860627176326804.png,1771860627176326804,1771860627.176327,42.300960611428636,-83.69808062411944,237.5943145751953,0.03408955674683578,-0.9992147833354208,0.0013641443807493221,-0.020145917573064887,0.05243000000000001,0.0669,-0.014700000000000003,-0.7084,0.3649,-10.163300000000001,9.494084385763363,21.2376971258895,26.619998931884766,26.760000228881836,26.8799991607666,26.809999465942383,21.61568456908058,21.72936691305416,21.82680715213474,21.76996675454029,21.735456347202444,0.0234375327212929,0.6000000238418579,0.0,0.0,0.0,0.0,0.0,0.0,,,,,
pylon_camera_1771860627227131086.png,1771860627227131086,1771860627.2271311,42.300960334930345,-83.6980852191407,237.58810424804688,0.03456647293221016,-0.999214120232496,0.002520272636871301,-0.019234061008055164,0.01353,0.043230000000000005,0.0025700000000000007,-1.3110000000000002,0.4122,-8.7852,9.500916026706793,21.252979096781495,26.69999885559082,26.689998626708984,26.619998931884766,26.65999984741211,21.680645244729195,21.672524966675034,21.61568456908058,21.64816568129723,21.654255115445512,0.018880930378592693,0.6000000238418579,0.0,0.0,0.0,0.0,0.0,0.0,,,,,
pylon_camera_1771860627277009666.png,1771860627277009666,1771860627.2770097,42.30095990507189,-83.69809210726768,237.57974243164062,0.03472087755077635,-0.9992132364557316,0.002683268207437757,-0.018978114381917918,-0.05272000000000001,0.00305,0.023220000000000005,-0.9963000000000001,-0.19720000000000001,-10.292200000000001,9.507730871952452,21.26822349670532,26.59000015258789,26.579999923706055,26.69999885559082,26.65999984741211,21.591325283702773,21.58320500564861,21.680645244729195,21.64816568129723,21.62583530384445,0.01681437131759158,0.6000000238418579,0.0,0.0,0.0,0.0,0.0,0.0,,,,,
pylon_camera_1771860627328156125.png,1771860627328156125,1771860627.3281562,42.30095960763193,-83.69809670363018,237.57553100585938,0.034580608289978776,-0.9992130958076597,0.0022101969167540054,-0.019299889283539335,-0.04583000000000001,0.008990000000000001,0.01831,0.1041,-2.2554000000000003,-11.4527,9.502012865185534,21.255432658648132,26.529998779296875,26.53999900817871,26.510000228881836,26.510000228881836,21.542603615377807,21.550723893431968,21.526364608054163,21.526364608054163,21.536514181229528,0.013223984996938307,0.5,0.0,0.0,0.0,0.0,0.0,0.0,,,,,
pylon_camera_1771860627378098811.png,1771860627378098811,1771860627.3780987,42.30095914364753,-83.69810359318863,237.57289123535156,0.034393126403115315,-0.9992000568632563,0.0017812707418019234,-0.020326984410614812,-0.009770000000000003,-0.05102000000000001,0.00651,-0.9711000000000001,-0.8757,-11.1142,9.502993745589247,21.257626829258413,26.59000015258789,26.40999984741211,26.469999313354492,26.56999969482422,21.591325283702773,21.445163376297227,21.49388349583752,21.575084727594454,21.526364220857996,0.01264192817750004,0.30000001192092896,0.0,0.0,0.0,0.0,0.0,0.0,,,,,
pylon_camera_1771860627429177137.png,1771860627429177137,1771860627.429177,42.300958684716356,-83.69811047935991,237.57196044921875,0.03422586592913218,-0.999182085824968,0.0022350409494516638,-0.02141854476432606,0.019710000000000002,-0.04088000000000001,0.0076500000000000005,-2.0083,0.013900000000000001,-9.700000000000001,9.485185993261618,21.217791955766646,26.44999885559082,26.469999313354492,26.53999900817871,26.53999900817871,21.477642939729197,21.49388349583752,21.550723893431968,21.550723893431968,21.51824355560766,0.014160361288647526,-0.30000001192092896,0.0,0.0,0.0,0.0,0.0,0.0,,,,,
pylon_camera_1771860627479422605.png,1771860627479422605,1771860627.4794228,42.30095837850933,-83.69811505319817,237.57083129882812,0.03412907432340473,-0.9991770652112166,0.002079861459787318,-0.021819092970052526,-0.017220000000000003,0.00010000000000000002,0.003980000000000001,-1.7103000000000002,-0.8485,-9.0668,9.456678186949773,21.154021703515426,26.44999885559082,26.549999237060547,26.510000228881836,26.510000228881836,21.477642939729197,21.558844171486133,21.526364608054163,21.526364608054163,21.522304081830914,0.01740956795247525,-0.6000000238418579,0.0,0.0,0.0,0.0,0.0,0.0,,,,,
pylon_camera_1771860627530299846.png,1771860627530299846,1771860627.5303,42.30095792209341,-83.69812188545578,237.56680297851562,0.03410216322688747,-0.9992014706222201,0.0015452536043551873,-0.020762364049830364,0.005600000000000001,0.06406,-0.008530000000000001,-1.3827,-0.17,-8.648900000000001,9.400932314458608,21.02932153150504,26.729999542236328,26.510000228881836,26.549999237060547,26.65999984741211,21.705006078891678,21.526364608054163,21.558844171486133,21.64816568129723,21.6095951349323,0.02759354849170586,-0.6000000238418579,0.0,0.0,0.0,0.0,0.0,0.0,,,,,
pylon_camera_1771860627580253011.png,1771860627580253011,1771860627.580253,42.300957636496214,-83.69812641713126,237.5623016357422,0.034252612322310916,-0.9992463853412965,0.0022802669749052203,-0.018116851657339752,0.06607,0.12916000000000002,-0.015160000000000003,-0.9547,0.7059000000000001,-8.592500000000001,9.355633124790657,20.927989962169214,26.68000030517578,26.510000228881836,26.619998931884766,26.579999923706055,21.664406237405547,21.526364608054163,21.61568456908058,21.58320500564861,21.597415105047226,0.03198707301026559,-0.9000000357627869,0.0,0.0,0.0,0.0,0.0,0.0,,,,,
pylon_camera_1771860627633180161.png,1771860627633180161,1771860627.6331801,42.30095721707086,-83.69813320132985,237.55551147460938,0.034532934606744725,-0.9992874459876906,0.004227037263695671,-0.01463587629136253,0.07419,0.14142000000000002,-0.015460000000000002,-0.5939,0.44070000000000004,-11.211500000000001,9.342334923417964,20.89824268359058,26.56999969482422,26.44999885559082,26.579999923706055,26.469999313354492,21.575084727594454,21.477642939729197,21.58320500564861,21.49388349583752,21.532454042202446,0.03034759277199181,-1.7000000476837158,0.0,0.0,0.0,0.0,0.0,0.0,,,,,
pylon_camera_1771860627681547988.png,1771860627681547988,1771860627.681548,42.30095694165962,-83.69813772585816,237.5513153076172,0.034771785533829036,-0.9993075563468967,0.005720886733563293,-0.011941616882349584,0.04476,0.09497000000000001,-0.009370000000000002,-0.2082,0.2755,-9.3307,9.359726608081,20.937146838680714,26.44999885559082,26.399999618530273,26.44999885559082,26.44999885559082,21.477642939729197,21.437043098243066,21.477642939729197,21.477642939729197,21.46749297935766,0.025330392185870784,-2.1000001430511475,0.0,0.0,0.0,0.0,0.0,0.0,,,,,
pylon_camera_1771860627732448222.png,1771860627732448222,1771860627.7324483,42.30095652006558,-83.69814452345413,237.54656982421875,0.034931471046386386,-0.9993134804040236,0.00653094356298612,-0.010474110440021585,0.015370000000000002,0.024590000000000004,0.0040100000000000005,-0.22010000000000002,0.9709000000000001,-9.6235,9.379086282565952,20.980453268923082,26.279998779296875,26.25,26.469999313354492,26.260000228881836,21.33960131037781,21.315242025000003,21.49388349583752,21.323362303054164,21.368022283567374,0.01847286184318866,-2.1000001430511475,0.0,0.0,0.0,0.0,0.0,0.0,,,,,
pylon_camera_1771860627782430941.png,1771860627782430941,1771860627.782431,42.30095622830875,-83.69814906637156,237.5449981689453,0.03479906303699437,-0.9993193017366557,0.006244071857295197,-0.010534227781433281,-0.03717000000000001,-0.039700000000000006,0.016290000000000002,-0.0227,-0.0597,-10.846,9.397033123834449,21.020599276030232,26.279998779296875,26.01999855041504,26.34000015258789,26.059999465942383,21.33960131037781,21.12847872732365,21.388322978702774,21.160959839540293,21.25434071398613,0.011119637213313629,-2.1000001430511475,0.0,0.0,0.0,0.0,0.0,0.0,,,,,
pylon_camera_1771860627842187203.png,1771860627842187203,1771860627.8421872,42.30095577485054,-83.69815588291392,237.5470428466797,0.034304411048708794,-0.9993200069837078,0.00508551344118571,-0.01252471866842498,-0.019510000000000003,-0.09366000000000002,0.024040000000000002,-0.5126000000000001,0.6654,-12.9335,9.394681464898708,21.015338756090518,26.09000015258789,25.869998931884766,25.969999313354492,26.09000015258789,21.185320673702773,21.006677654080583,21.08787888583752,21.185320673702773,21.11629947183091,0.004804144102180236,-2.299999952316284,0.0,0.0,0.0,0.0,0.0,0.0,,,,,
pylon_camera_1771860627884750153.png,1771860627884750153,1771860627.8847501,42.30095547319907,-83.69816042581479,237.5533447265625,0.03374874619349538,-0.9992946647862428,0.0052890082203410245,-0.015595558731989086,0.035140000000000005,-0.14922000000000005,0.020000000000000004,-0.4164,1.245,-12.4602,9.382371722681718,20.987802601335645,25.959999084472656,25.719999313354492,26.01999855041504,25.959999084472656,21.079758607783358,20.884876580837517,21.12847872732365,21.079758607783358,21.043218130931972,0.0026403683438875627,-2.6000001430511475,0.0,0.0,0.0,0.0,0.0,0.0,,,,,
pylon_camera_1771860627935999500.png,1771860627935999500,1771860627.9359994,42.30095503967654,-83.69816723112602,237.5673065185547,0.033278754991905524,-0.9992424669495439,0.006623445107271765,-0.019056407995457183,0.051730000000000005,-0.12292000000000002,0.01733,-0.9819,-0.2933,-9.0769,9.347988130911665,20.91088856956154,25.84000015258789,25.670000076293945,26.079999923706055,25.889999389648438,20.982318368702774,20.84427673935139,21.17720039564861,21.022918210188905,21.00667842847292,0.00458086028208363,-3.200000047683716,0.0,0.0,0.0,0.0,0.0,0.0,,,,,
pylon_camera_1771860627984441057.png,1771860627984441057,1771860627.984441,42.3009547640031,-83.69817175125152,237.57545471191406,0.032846132708020837,-0.9992069991153287,0.008027313351499518,-0.021025382884108577,0.06803000000000001,-0.03581,0.016010000000000003,-1.6861000000000002,-0.228,-6.2092,9.29056371131487,20.782433588388688,25.979999542236328,25.78999900817871,26.1299991607666,26.010000228881836,21.09599916389168,20.94171697843197,21.217800237134743,21.120359998054163,21.09396909437814,0.014990328474501073,-3.9000000953674316,0.0,0.0,0.0,0.0,0.0,0.0,,,,,
pylon_camera_1771860628035345633.png,1771860628035345633,1771860628.0353456,42.30095435823875,-83.69817848663526,237.5780487060547,0.0324779540427827,-0.9992189711407045,0.008031415615371611,-0.021026806151206126,-0.028900000000000006,0.032060000000000005,0.018890000000000004,-1.329,1.0459,-6.69,9.241895453687034,20.673565616170677,25.93000030517578,25.93000030517578,26.059999465942383,25.939998626708984,21.05539932240555,21.05539932240555,21.160959839540293,21.063518051675032,21.083819134006607,0.01984435222509624,-4.599999904632568,0.0,0.0,0.0,0.0,0.0,0.0,,,,,
pylon_camera_1771860628085177571.png,1771860628085177571,1771860628.0851777,42.30095408947279,-83.69818295631273,237.57440185546875,0.0321905007326434,-0.9992580360803841,0.007831252807971149,-0.019642313275501127,-0.022840000000000003,0.08293,0.013300000000000001,-1.0135,-0.8203,-7.5944,9.21825250378434,20.620677755815343,25.939998626708984,25.939998626708984,25.939998626708984,25.90999984741211,21.063518051675032,21.063518051675032,21.063518051675032,21.039158766297227,21.05742823033058,0.021180219180335413,-5.599999904632568,0.0,0.0,0.0,0.0,0.0,0.0,,,,,
pylon_camera_1771860628136190078.png,1771860628136190078,1771860628.13619,42.300953684158536,-83.6981896468155,237.5641632080078,0.03185233854623637,-0.9993015463579837,0.00727302272276658,-0.018137009570282296,-0.00604,0.052860000000000004,0.017090000000000004,-0.9364,0.22510000000000002,-11.3191,9.215131966470048,20.61369730107551,25.939998626708984,25.809999465942383,25.829999923706055,25.829999923706055,21.063518051675032,20.95795753454029,20.974198090648613,20.974198090648613,20.99246794187814,0.018374706646287365,-7.0,0.0,0.0,0.0,0.0,0.0,0.0,,,,,
pylon_camera_1771860628186278560.png,1771860628186278560,1771860628.1862786,42.30095341686757,-83.69819410355163,237.55764770507812,0.03140647796506535,-0.9993354801882213,0.007416893007205251,-0.016947592068699037,0.00903,0.0175,0.024620000000000003,-0.5762,0.7783,-11.3381,9.21286440529142,20.60862490277259,25.920000076293945,25.729999542236328,25.869998931884766,25.76999855041504,21.047279044351388,20.892996858891678,21.006677654080583,20.925476422323648,20.968107494911823,0.01744330802444128,-8.800000190734863,0.0,0.0,0.0,0.0,0.0,0.0,,,,,
pylon_camera_1771860628237007506.png,1771860628237007506,1771860628.2370076,42.30095302641857,-83.69820078234848,237.5515899658203,0.030707656177926868,-0.9993582313484837,0.00829032505205904,-0.01647530875643241,0.03377000000000001,0.013490000000000002,0.036840000000000005,-0.6504,0.5233,-10.392000000000001,9.198694162810177,20.5769269205566,25.84000015258789,25.639999389648438,25.84000015258789,25.729999542236328,20.982318368702774,20.819915905188903,20.982318368702774,20.892996858891678,20.91938737537153,0.01664293488221563,-10.40000057220459,0.0,0.0,0.0,0.0,0.0,0.0,,,,,
pylon_camera_1771860628286846517.png,1771860628286846517,1771860628.2868464,42.300952769036385,-83.69820523450328,237.54981994628906,0.029844842329648735,-0.9993756327361707,0.009082953508765796,-0.016587044192816657,0.027220000000000005,-0.018330000000000003,0.036430000000000004,-0.2157,0.197,-11.5709,9.196394889133673,20.57178358329868,25.68000030517578,25.5,25.869998931884766,25.549999237060547,20.852397017405547,20.706235109999998,21.006677654080583,20.74683495148613,20.828036183243064,0.012456508639942422,-11.300000190734863,0.0,0.0,0.0,0.0,0.0,0.0,,,,,
pylon_camera_1771860628337859994.png,1771860628337859994,1771860628.33786,42.30095239735967,-83.69821191316639,237.5517120361328,0.028884673847882902,-0.9993887904679896,0.009048130176132818,-0.017488637566901107,-0.0088,-0.043800000000000006,0.04428000000000001,-0.44970000000000004,0.9903000000000001,-10.2287,9.18930646445815,20.555927202605016,25.65999984741211,25.459999084472656,25.78999900817871,25.549999237060547,20.83615646129723,20.673753997783358,20.94171697843197,20.74683495148613,20.79961559724967,0.011854896752785315,-11.800000190734863,0.0,0.0,0.0,0.0,0.0,0.0,,,,,
pylon_camera_1771860628387653600.png,1771860628387653600,1771860628.3876536,42.30095215450661,-83.69821636256513,237.5543212890625,0.02789291044877884,-0.9994011601813673,0.008541912280154544,-0.01861027429759352,-0.01734,-0.04344,0.044020000000000004,-0.1967,0.6551,-9.2795,9.179272291912927,20.533481360671704,25.59000015258789,25.350000381469727,25.719999313354492,25.5,20.779316063702773,20.584434036756935,20.884876580837517,20.706235109999998,20.738715447824305,0.00999509452623512,-12.40000057220459,0.0,0.0,0.0,0.0,0.0,0.0,,,,,
pylon_camera_1771860628438799812.png,1771860628438799812,1771860628.4387999,42.30095178635248,-83.69822302585335,237.55670166015625,0.026743460814443787,-0.9994180668913435,0.007992982352445693,-0.01960681279427752,-0.021890000000000003,-0.034210000000000004,0.052770000000000004,-0.7861,0.7492000000000001,-8.7306,9.15576311328736,20.480892738637028,25.639999389648438,25.479999542236328,25.739999771118164,25.459999084472656,20.819915905188903,20.68999455389168,20.90111713694584,20.673753997783358,20.77119539845245,0.014174316692151174,-13.0,0.0,0.0,0.0,0.0,0.0,0.0,,,,,
pylon_camera_1771860628488805178.png,1771860628488805178,1771860628.488805,42.30095154079429,-83.6982274517803,237.55628967285156,0.02552745238369475,-0.9994465216691327,0.007645189393068004,-0.019913577715064766,-0.019880000000000002,-0.0035800000000000007,0.05258,-0.7548,0.3245,-9.5973,9.12582025354903,20.413912357973967,25.56999969482422,25.35999870300293,25.619998931884766,25.479999542236328,20.763075507594454,20.59255276602642,20.803675349080585,20.68999455389168,20.712324544148284,0.014618079128656274,-13.699999809265137,0.0,0.0,0.0,0.0,0.0,0.0,,,,,
pylon_camera_1771860628539757647.png,1771860628539757647,1771860628.5397575,42.30095119317395,-83.69823408306405,237.55482482910156,0.024332594792348117,-0.999479475324258,0.007665906784472499,-0.01974682529900423,0.006280000000000001,0.00396,0.04752000000000001,-0.7641,0.1854,-9.8445,9.105670026659967,20.368837509436748,25.60999870300293,25.369998931884766,25.60999870300293,25.420000076293945,20.795555071026424,20.600673044080583,20.795555071026424,20.641274434351388,20.708264405121206,0.016664028839505615,-14.199999809265137,0.0,0.0,0.0,0.0,0.0,0.0,,,,,
pylon_camera_1771860628590237995.png,1771860628590237995,1771860628.5902379,42.30095086999525,-83.69824070734755,237.55340576171875,0.023149994579511002,-0.9995082938332212,0.008073162025015141,-0.019546671442715,0.01403,0.0039700000000000004,0.04895000000000001,-0.6719,0.1355,-9.6842,9.096256742498841,20.34778055756536,25.60999870300293,25.309999465942383,25.60999870300293,25.3799991607666,20.795555071026424,20.551952924540288,20.795555071026424,20.608793322134744,20.687964097181972,0.016718459227246258,-14.199999809265137,0.0,0.0,0.0,0.0,0.0,0.0,,,,,
pylon_camera_1771860628641023828.png,1771860628641023828,1771860628.6410236,42.30095066238518,-83.69824511786302,237.55194091796875,0.021892835891296203,-0.9995371495691201,0.008229035463631292,-0.019454391360652138,0.007530000000000001,0.0079,0.05439000000000001,-0.559,0.40290000000000004,-9.1129,9.085300110366271,20.323271228882728,25.559999465942383,25.26999855041504,25.56999969482422,25.350000381469727,20.754955229540293,20.519471812323648,20.763075507594454,20.584434036756935,20.65548414655383,0.016346429368072117,-13.800000190734863,0.0,0.0,0.0,0.0,0.0,0.0,,,,,
pylon_camera_1771860628690591405.png,1771860628690591405,1771860628.6905916,42.30095036809483,-83.69825172710645,237.54891967773438,0.020512776429761514,-0.9995675458865557,0.008470476018745421,-0.019292440215973084,0.017670000000000005,0.0056300000000000005,0.058850000000000006,-0.5362,0.8185,-9.3858,9.072159610514818,20.29387671914502,25.529998779296875,25.399999618530273,25.599998474121094,25.350000381469727,20.73059439537781,20.625033878243066,20.78743479297226,20.584434036756935,20.68187427583752,0.01911894716136064,-13.5,0.0,0.0,0.0,0.0,0.0,0.0,,,,,
pylon_camera_1771860628742105387.png,1771860628742105387,1771860628.7421052,42.30095018596669,-83.69825613096462,237.5464630126953,0.019110152503935718,-0.9995967922705816,0.009013969302223045,-0.018968482044130704,0.019440000000000006,0.020220000000000002,0.05539000000000001,-0.3981,0.432,-9.4853,9.057221319705448,20.260460658901906,25.59000015258789,25.26999855041504,25.59000015258789,25.28999900817871,20.779316063702773,20.519471812323648,20.779316063702773,20.53571236843197,20.65345407704029,0.019397062325219844,-13.300000190734863,0.0,0.0,0.0,0.0,0.0,0.0,,,,,
pylon_camera_1771860628791838802.png,1771860628791838802,1771860628.7918386,42.300949917297686,-83.6982627260821,237.5420379638672,0.017805303718698484,-0.9996239056376981,0.009406842608572559,-0.018615309539657086,0.0164,0.016790000000000003,0.04722000000000001,-0.308,0.0064,-10.2765,9.047965156757916,20.239755177758056,25.489999771118164,25.229999542236328,25.459999084472656,25.170000076293945,20.69811483194584,20.486992248891678,20.673753997783358,20.43827212935139,20.574283301993066,0.016528269304493925,-13.40000057220459,0.0,0.0,0.0,0.0,0.0,0.0,,,,,
pylon_camera_1771860628842687554.png,1771860628842687554,1771860628.8426876,42.300949747272796,-83.69826711306683,237.5398406982422,0.01666072552919101,-0.9996461415634812,0.009773947640523518,-0.018288844403221677,0.006900000000000001,0.01657,0.04127000000000001,-0.9237000000000001,-0.023700000000000002,-10.4397,9.030849471784355,20.2014684174133,25.459999084472656,25.229999542236328,25.43000030517578,25.26999855041504,20.673753997783358,20.486992248891678,20.64939471240555,20.519471812323648,20.582403192851057,0.01885678642595107,-13.600000381469727,0.0,0.0,0.0,0.0,0.0,0.0,,,,,
pylon_camera_1771860628902353737.png,1771860628902353737,1771860628.9023538,42.30094950116312,-83.69827368490381,237.5380401611328,0.015561765871159039,-0.9996789411542919,0.0093121223562905,-0.017695491878631568,-0.026010000000000005,0.02228,0.03191000000000001,-1.11,-0.1497,-9.841800000000001,9.005829200240433,20.145499571185834,25.43000030517578,25.189998626708984,25.43000030517578,25.19999885559082,20.64939471240555,20.454511136675034,20.64939471240555,20.462631414729195,20.553982994053833,0.020276658884759245,-13.600000381469727,0.0,0.0,0.0,0.0,0.0,0.0,,,,,
pylon_camera_1771860628943744336.png,1771860628943744336,1771860628.9437442,42.30094933927159,-83.6982780549134,237.53732299804688,0.014871021395785222,-0.9997051290423442,0.008691889249734219,-0.017116037810957507,-0.033080000000000005,0.01536,0.035030000000000006,-1.078,0.6104,-10.1696,8.992990748858881,20.11678072575239,25.26999855041504,25.189998626708984,25.3799991607666,25.25,20.519471812323648,20.454511136675034,20.608793322134744,20.503232805,20.521502269033356,0.020118603905786233,-13.600000381469727,0.0,0.0,0.0,0.0,0.0,0.0,,,,,
pylon_camera_1771860629002166478.png,1771860629002166478,1771860629.0021665,42.30094910559086,-83.69828460078007,237.53753662109375,0.013845583193275113,-0.9997371150523073,0.008267147292590062,-0.01629892292669822,-0.0035200000000000006,0.027080000000000003,0.032200000000000006,-0.7768,0.2893,-10.497900000000001,8.971903368593365,20.069609521341242,25.09000015258789,24.85999870300293,25.329999923706055,25.149999618530273,20.373311453702776,20.18654815602642,20.568193480648613,20.422031573243064,20.387521165905216,0.01584044992135594,-13.5,0.0,0.0,0.0,0.0,0.0,0.0,,,,,
pylon_camera_1771860629044456891.png,1771860629044456891,1771860629.044457,42.30094896062493,-83.69828896236385,237.5388641357422,0.012949266029503526,-0.9997486076730522,0.008434326717891821,-0.01624500224397096,0.013940000000000003,-0.007660000000000001,0.03808000000000001,-0.682,0.3261,-10.2788,8.968580672092713,20.062176848631076,24.94999885559082,24.739999771118164,25.229999542236328,25.029998779296875,20.259629109729193,20.08910791694584,20.486992248891678,20.32458978537781,20.29007976523613,0.01135982990901629,-13.40000057220459,0.0,0.0,0.0,0.0,0.0,0.0,,,,,
pylon_camera_1771860629094238658.png,1771860629094238658,1771860629.0942388,42.30094875039715,-83.69829549270726,237.54122924804688,0.011949794436320882,-0.9997469512890741,0.008994842562101058,-0.016802636948242387,0.028460000000000003,-0.024650000000000002,0.042370000000000005,-1.0636,0.3909,-9.484,8.953366023541651,20.02814259270126,24.69999885559082,24.559999465942383,25.18000030517578,25.0,20.056626804729195,19.94294600954029,20.44639240740555,20.3002305,20.18654893041876,0.007909187633566423,-13.100000381469727,0.0,0.0,0.0,0.0,0.0,0.0,,,,,
pylon_camera_1771860629145006932.png,1771860629145006932,1771860629.145007,42.30094861399524,-83.6982998347647,237.54241943359375,0.010835624163967994,-0.9997463619694895,0.009426605734649606,-0.017347624680954434,0.008050000000000002,-0.01819,0.04672000000000001,-1.1845,-0.22360000000000002,-9.3473,8.92453955765497,19.963659518100712,24.549999237060547,24.51999855041504,25.100000381469727,24.76999855041504,19.93482573148613,19.910464897323646,20.381431731756933,20.113467202323648,20.08504739072259,0.006080441940607984,-12.90000057220459,0.0,0.0,0.0,0.0,0.0,0.0,,,,,
pylon_camera_1771860629195004846.png,1771860629195004846,1771860629.195005,42.3009484113507,-83.69830632567633,237.54295349121094,0.009610497461151613,-0.9997616099655009,0.008990690127178408,-0.017422085660907242,-0.03882000000000001,-0.007610000000000001,0.052890000000000006,-1.2870000000000001,-0.1595,-9.1457,8.889827174444193,19.886009999601193,24.350000381469727,24.399999618530273,25.06999969482422,24.75,19.772424816756935,19.813024658243066,20.357070897594454,20.097228195,20.009937141898614,0.006231875690493331,-12.90000057220459,0.0,0.0,0.0,0.0,0.0,0.0,,,,,
pylon_camera_1771860629245893129.png,1771860629245893129,1771860629.245893,42.30094827624429,-83.69831063459358,237.54261779785156,0.008278406227863522,-0.9997879035588558,0.007796025434551554,-0.01717084375149486,-0.06341000000000001,0.006200000000000001,0.05539000000000001,-0.7045,-0.7874,-10.158900000000001,8.857035364486014,19.812656688233346,24.170000076293945,24.119998931884766,24.90999984741211,24.689998626708984,19.626262909351386,19.58566151908058,20.227149546297223,20.048506526675034,19.87189512535106,0.0029899290160766132,-13.199999809265137,0.0,0.0,0.0,0.0,0.0,0.0,,,,,
pylon_camera_1771860629295753102.png,1771860629295753102,1771860629.2957532,42.30094808048418,-83.69831707810808,237.5426788330078,0.00688363609445014,-0.9998096837673603,0.0063865331799322755,-0.017100409149247525,-0.04352,-0.00072,0.057530000000000005,-1.0913000000000002,0.2953,-10.1662,8.826785925408103,19.744990507982404,23.90999984741211,23.709999084472656,24.760000228881836,24.529998779296875,19.415140326297227,19.252737862783356,20.10534847305416,19.91858517537781,19.67295295937814,0.0036483962134669637,-13.699999809265137,0.0,0.0,0.0,0.0,0.0,0.0,,,,,
pylon_camera_1771860629347001491.png,1771860629347001491,1771860629.3470016,42.300947964463546,-83.69832136170429,237.54322814941406,0.005512715405525725,-0.9998208240760027,0.006047765713230963,-0.01706910198923068,0.009830000000000002,0.0020000000000000005,0.05504000000000001,-1.1660000000000001,0.9045000000000001,-9.5202,8.78797271790495,19.6581676915903,23.619998931884766,23.529998779296875,24.799999237060547,24.469999313354492,19.17965690908058,19.106575955377807,20.13782803648613,19.869865055837515,19.57348148919551,0.00430793976953511,-14.5,0.0,0.0,0.0,0.0,0.0,0.0,,,,,
pylon_camera_1771860629396678081.png,1771860629396678081,1771860629.3966782,42.30094781791015,-83.69832775112276,237.54348754882812,0.004380810849029525,-0.9998270224832385,0.007005560025567444,-0.016663005051155012,0.04735000000000001,0.032630000000000006,0.035780000000000006,-1.2970000000000002,0.9291,-8.7452,8.73655983949782,19.543160167366256,23.049999237060547,23.079999923706055,24.649999618530273,24.3799991607666,18.716811901486132,18.74117273564861,20.016026963243064,19.796784102134744,19.317698925628136,0.011536580563598006,-16.0,0.0,0.0,0.0,0.0,0.0,0.0,,,,,
pylon_camera_1771860629447533990.png,1771860629447533990,1771860629.447534,42.30094773901911,-83.69833198466333,237.54278564453125,0.003780675980155356,-0.9998301527200144,0.008115881294028572,-0.016109148699644693,0.034140000000000004,0.01845,0.014600000000000004,-0.9754,-0.15130000000000002,-9.940800000000001,8.69586394672781,19.45212589699331,22.399999618530273,22.619998931884766,24.44999885559082,24.209999084472656,18.18900621824307,18.36764768908058,19.853624499729197,19.658742472783356,19.01725521995905,0.02235594604605533,-18.0,0.0,0.0,0.0,0.0,0.0,0.0,,,,,
pylon_camera_1771860629497195968.png,1771860629497195968,1771860629.497196,42.30094763849511,-83.69833830945895,237.54193115234375,0.0035463318494354237,-0.9998191034350453,0.00915699610442404,-0.01628905642139228,0.03949000000000001,-0.021440000000000004,0.005370000000000001,-1.5641,-0.5033,-10.3717,8.652278587839369,19.3546280642814,22.06999969482422,21.989999771118164,24.279998779296875,24.100000381469727,17.921043237594454,17.85608256194584,19.71558287037781,19.569422511756937,18.76553279541876,0.030436920146753085,-20.100000381469727,0.0,0.0,0.0,0.0,0.0,0.0,,,,,
pylon_camera_1771860629548413639.png,1771860629548413639,1771860629.5484138,42.30094757777507,-83.69834249963328,237.54159545898438,0.0034294739746208993,-0.9998075970783638,0.00951972612830366,-0.016804235986430032,0.011670000000000002,-0.020620000000000003,0.00048,-1.8981000000000001,-0.8615,-9.6843,8.588289906607,19.211489223685465,21.719999313354492,21.28999900817871,24.079999923706055,23.8799991607666,17.63683970083752,17.28767548843197,19.553181955648615,19.390779492134744,18.46711915926321,0.038746088642859444,-21.700000762939453,0.0,0.0,0.0,0.0,0.0,0.0,,,,,
pylon_camera_1771860629598453021.png,1771860629598453021,1771860629.598453,42.30094748050734,-83.69834872867624,237.54086303710938,0.0033311760692207306,-0.9998068448881027,0.009111967936486647,-0.017092343935737265,-0.011260000000000001,-0.00885,0.00136,-1.8832,-0.7534000000000001,-9.462200000000001,8.507073530802105,19.02981306399246,21.44999885559082,20.600000381469727,23.850000381469727,23.739999771118164,17.417596839729196,16.727390241756936,19.366420206756935,19.277098696945842,18.19712649629723,0.043756949419057105,-22.899999618530273,0.0,0.0,0.0,0.0,0.0,0.0,,,,,
pylon_camera_1771860629649254674.png,1771860629649254674,1771860629.6492546,42.30094738449593,-83.69835489283366,237.53964233398438,0.0032165372617126145,-0.9998040714669552,0.00891095986263803,-0.017380085168671178,0.048040000000000006,-0.03877,0.0012600000000000003,-1.8947,1.5397,-10.0253,8.450009783382134,18.902164884838832,21.40999984741211,18.44999885559082,23.53999900817871,23.5,17.385117276297226,14.981569179729195,19.11469623343197,19.08221667,17.6408998398646,0.06672595719371158,-23.100000381469727,0.0,0.0,0.0,0.0,0.0,0.0,,,,,
pylon_camera_1771860629699669557.png,1771860629699669557,1771860629.6996696,42.30094733347614,-83.69835896805088,237.53915405273438,0.0030856035864041944,-0.9997826223441606,0.01041196999321174,-0.017798258060873214,0.07765,-0.03907,0.0009300000000000002,-2.3149,2.3126,-9.3609,8.362537473975348,18.706494577034416,21.19999885559082,17.10999870300293,23.329999923706055,23.01999855041504,17.214594534729194,13.89347670102642,18.944175040648613,18.692451067323645,17.18617433593197,0.08127232148394668,-22.899999618530273,0.0,0.0,0.0,0.0,0.0,0.0,,,,,
pylon_camera_1771860629759758143.png,1771860629759758143,1771860629.759758,42.30094725441568,-83.69836501299405,237.53907775878906,0.00280876396450097,-0.999740242387338,0.013412807149764687,-0.01821140303934233,0.09262000000000002,0.023810000000000005,0.009520000000000002,-3.0318,-0.5219,-7.963,8.235573490947937,18.42248376484108,20.709999084472656,16.079999923706055,22.69999885559082,22.18000030517578,16.81671020278336,13.057108195648613,18.432608364729198,18.010364747405546,16.57919787764168,0.10005631763493651,-23.200000762939453,0.0,0.0,0.0,0.0,0.0,0.0,,,,,
pylon_camera_1771860629800564733.png,1771860629800564733,1771860629.8005648,42.30094718499325,-83.69836898894197,237.53660583496094,0.002412101327430082,-0.9997288935744577,0.014549469959983352,-0.018017603710268525,0.03835,-0.0028700000000000006,0.020290000000000002,-2.7436000000000003,-1.7897,-9.1335,8.158844211436044,18.250844970329744,20.529998779296875,15.679999351501465,22.719999313354492,21.850000381469727,16.670548295377806,12.732304043013212,18.448848920837516,17.742401766756934,16.39852575649637,0.10149224415881436,-23.899999618530273,0.0,0.0,0.0,0.0,0.0,0.0,,,,,
pylon_camera_1771860629860296664.png,1771860629860296664,1771860629.8602967,42.3009470620627,-83.69837488094622,237.53114318847656,0.001296819732533149,-0.9997458258054019,0.014675436918374434,-0.017065567512128507,-0.0022600000000000003,0.007160000000000001,0.04442000000000001,-0.8703000000000001,0.8808,-9.925600000000001,8.055276565566382,18.019170360578066,20.260000228881836,14.469999313354492,21.389999389648438,21.53999900817871,16.451306983054163,11.749772855837517,17.368876720188904,17.49067779343197,15.765158588128138,0.1250896532606853,-23.80000114440918,0.0,0.0,0.0,0.0,0.0,0.0,,,,,
pylon_camera_1771860629901827347.png,1771860629901827347,1771860629.9018273,42.300946978261955,-83.6983787689954,237.52822875976562,0.000593240926732962,-0.9997342781944046,0.015482488798797482,-0.017067911673970666,0.051750000000000004,0.008940000000000002,0.035550000000000005,-2.3472,-0.6259,-10.7024,7.9722883897458905,17.833530790558175,20.479999542236328,13.549999237060547,20.959999084472656,21.559999465942383,16.62994845389168,11.00272431148613,17.019712507783357,17.506918349540292,15.539825905675364,0.12861754140673,-22.399999618530273,0.0,0.0,0.0,1.0,0.0,0.0,,,,,
pylon_camera_1771860629961495208.png,1771860629961495208,1771860629.9614954,42.30094687145679,-83.69838454059068,237.52491760253906,-0.00018577868883157373,-0.9996968315932853,0.017163909921537646,-0.017652495144619976,0.03673,0.009390000000000003,0.01157,-2.4119,0.11040000000000001,-9.312700000000001,7.864785888526377,17.593054145480195,20.010000228881836,13.0,20.809999465942383,21.469999313354492,16.24830467805416,10.556119859999999,16.89791143454029,17.433837395837518,15.284043342107992,0.1312455918272387,-20.700000762939453,0.0,0.0,0.0,1.0,0.0,0.0,,,,,
pylon_camera_1771860630004674594.png,1771860630004674594,1771860630.0046747,42.3009468126811,-83.69838833643684,237.5218048095703,-0.00010093322570375984,-0.9996702630978109,0.018365901662673264,-0.017945711090807566,0.01574,0.013340000000000001,-0.022500000000000003,-2.7903000000000002,1.5862,-8.907,7.76278554476306,17.36488549650228,19.520000457763672,14.109999656677246,20.719999313354492,21.959999084472656,15.850420346108324,11.457449815418759,16.824830480837516,17.831721727783357,15.49110559253699,0.1079062631505814,-19.899999618530273,0.0,0.0,0.0,1.0,0.0,0.0,,,,,
pylon_camera_1771860630054731432.png,1771860630054731432,1771860630.0547316,42.300946777567965,-83.69839395911349,237.51431274414062,0.0011329858148240713,-0.9996455682905995,0.019634437574317275,-0.017942770166507117,0.05868,-0.013290000000000001,-0.059680000000000004,-2.4752,0.6523,-10.927100000000001,7.671374913769392,17.160405399607306,19.100000381469727,14.710000038146973,20.65999984741211,21.689998626708984,15.509376411756936,11.944655657175694,16.776110361297228,17.612478866675033,15.460655324226224,0.0990506946543337,-19.399999618530273,0.0,0.0,0.0,1.0,0.0,0.0,,,,,
pylon_camera_1771860630115753509.png,1771860630115753509,1771860630.1157534,42.30094677284665,-83.69839949250859,237.50772094726562,0.0035877143813125,-0.9996315862349535,0.020520963019322536,-0.01739856843733014,0.06250000000000001,-0.0045000000000000005,-0.09307000000000001,-1.9769,2.7316000000000003,-11.1324,7.5588664193610695,16.90873064812555,18.779998779296875,16.799999237060547,20.479999542236328,21.35999870300293,15.249532160377807,13.641754276486129,16.62994845389168,17.34451588602642,15.716437694195509,0.07051345123072361,-18.899999618530273,0.0,0.0,0.0,1.0,0.0,0.0,,,,,
pylon_camera_1771860630156602291.png,1771860630156602291,1771860630.1566024,42.30094677300871,-83.69840314304894,237.50550842285156,0.005589564846810168,-0.9995885627088907,0.022175827893241233,-0.017311693263409585,0.06841000000000001,-0.00973,-0.09672000000000001,-1.2458,-0.06910000000000001,-10.060500000000001,7.5042750129803055,16.786612947536167,19.010000228881836,17.35999870300293,20.350000381469727,21.270000457763672,15.436295458054161,14.09647900602642,16.524387936756934,17.27143648110832,15.83214972048646,0.056858595002620686,-18.0,0.0,0.0,0.0,1.0,0.0,0.0,,,,,
pylon_camera_1771860630204981531.png,1771860630204981531,1771860630.2049816,42.3009467799731,-83.69840677038218,237.50527954101562,0.007835476584014343,-0.9994913602237463,0.025027700140906033,-0.018144981963176432,0.08896000000000001,-0.04864000000000001,-0.07956,-0.9400000000000001,-1.6129,-10.639100000000001,7.437643717841795,16.637562738189025,18.829999923706055,18.760000228881836,20.10999870300293,20.889999389648438,15.290133550648614,15.233293153054163,16.32950436102642,16.962872110188904,15.953950793729524,0.04108846681553742,-16.30000114440918,0.0,0.0,0.0,1.0,0.0,0.0,,,,,
pylon_camera_1771860630255475078.png,1771860630255475078,1771860630.2554753,42.30094676337912,-83.69841215653665,237.50704956054688,0.009536972907168649,-0.9994031349830814,0.02720672338032233,-0.01903192414505785,0.07524,0.010970000000000002,-0.06513000000000001,-0.9313,-1.0622,-7.0155,7.353482293706257,16.449298682083278,19.329999923706055,20.639999389648438,19.65999984741211,20.600000381469727,15.696138160648614,16.759869805188906,15.964101141297226,16.727390241756936,16.28687483722292,0.009874210931391854,-14.0,0.0,0.0,0.0,1.0,0.0,0.0,,,,,
pylon_camera_1771860630305410110.png,1771860630305410110,1771860630.3054101,42.30094672964415,-83.6984157196457,237.5052490234375,0.010755349064159923,-0.9993428073098862,0.02828957924765251,-0.01994932706871642,0.054790000000000005,-0.015950000000000002,-0.026630000000000004,-2.0749,1.102,-9.259,7.308126271022544,16.34783998070117,20.1299991607666,20.520000457763672,19.739999771118164,20.459999084472656,16.34574491713474,16.662429566108322,16.029061816945838,16.613707897783357,16.412736049493066,0.003969702961890159,-11.199999809265137,0.0,0.0,0.0,0.0,0.0,0.0,,,,,
pylon_camera_1771860630356600983.png,1771860630356600983,1771860630.356601,42.30094665390465,-83.69842103396915,237.4992218017578,0.010957327732968479,-0.9993145149510518,0.029020182690321146,-0.020205597583764626,-0.019310000000000004,-0.00496,0.019550000000000005,-1.6577000000000002,-1.1929,-8.3956,7.271700819225451,16.26635843055818,20.219999313354492,20.369998931884766,19.579999923706055,20.10999870300293,16.41882587083752,16.540626944080582,15.899140465648614,16.32950436102642,16.297024410398283,0.0018852394019851398,-8.699999809265137,0.0,0.0,0.0,0.0,0.0,0.0,,,,,
pylon_camera_1771860630415193801.png,1771860630415193801,1771860630.4151938,42.30094652188832,-83.69842631251738,237.49143981933594,0.010176214003665194,-0.9993336052477686,0.02876855738411733,-0.020028983925437508,0.0029500000000000004,0.05024000000000001,0.021790000000000004,-0.5963,-1.9683000000000002,-9.0191,7.231000385356612,16.175314002019622,20.239999771118164,20.1299991607666,19.549999237060547,19.85999870300293,16.43506642694584,16.34574491713474,15.874779631486131,16.12650205602642,16.195523257898284,0.0012493887831876674,-6.900000095367432,0.0,0.0,0.0,0.0,0.0,0.0,,,,,
pylon_camera_1771860630457851837.png,1771860630457851837,1771860630.457852,42.300946415442034,-83.6984298116179,237.48764038085938,0.009355188638859866,-0.999369940549625,0.027716460223216676,-0.020099756318553104,-0.06889,0.021460000000000003,0.05639000000000001,-0.5643,-0.5116,-11.1478,7.208280285633933,16.12449050214597,20.09000015258789,20.260000228881836,19.559999465942383,20.079999923706055,16.313265353702775,16.451306983054163,15.882899909540292,16.305145075648614,16.238154330486463,0.007049142317108549,-7.300000190734863,0.0,0.0,0.0,0.0,0.0,0.0,,,,,
pylon_camera_1771860630507214274.png,1771860630507214274,1771860630.5072143,42.30094628764059,-83.69843331178093,237.4846649169922,0.00807168211206427,-0.9994535288908661,0.024198239775879878,-0.02102229119827936,-0.13701000000000002,-0.029720000000000003,0.06677000000000001,-2.1171,4.5878000000000005,-12.2287,7.185203090787814,16.072868201906893,20.389999389648438,20.1299991607666,19.34000015258789,20.010000228881836,16.556867500188904,16.34574491713474,15.704258438702775,16.24830467805416,16.213793883520147,0.00876792367379299,-7.800000190734863,0.0,0.0,0.0,0.0,0.0,0.0,,,,,
pylon_camera_1771860630558338665.png,1771860630558338665,1771860630.5583386,42.30094610549398,-83.69843854333153,237.4833526611328,0.006952288151071238,-0.9994732336368768,0.02309470576126051,-0.02171532865766438,-0.06537000000000001,-0.01897,0.06676000000000001,-1.675,0.7333000000000001,-7.489400000000001,7.158535290756086,16.01321393330392,20.309999465942383,20.03999900817871,19.35999870300293,19.899999618530273,16.49190682454029,16.27266396343197,15.720497446026421,16.158983168243065,16.161012850560436,0.009229809697922482,-6.599999904632568,0.0,0.0,0.0,0.0,0.0,0.0,,,,,
pylon_camera_1771860630608500915.png,1771860630608500915,1771860630.608501,42.30094598946986,-83.69844202122333,237.4812469482422,0.006020202835581299,-0.9994841363024234,0.022214492396353244,-0.022399436715894117,-0.054680000000000006,-0.026590000000000003,0.04707000000000001,-2.2466,-2.1818,-11.1392,7.138951444319551,15.969406043856178,20.0,19.779998779296875,19.439998626708984,19.809999465942383,16.2401844,16.061541380377808,15.785458121675035,16.08590221454029,16.043271529148285,0.004625437232245994,-1.8000000715255737,0.0,0.0,0.0,0.0,0.0,0.0,,,,,
pylon_camera_1771860630659533741.png,1771860630659533741,1771860630.6595337,42.30094581181159,-83.69844721993483,237.48036193847656,0.005183901501070396,-0.9995163352242953,0.020076553006904033,-0.023176600362915824,-0.11795000000000001,-0.09416000000000001,0.028260000000000004,0.2604,-1.5229000000000001,-11.338700000000001,7.150768791477504,15.99584074040769,20.600000381469727,19.529998779296875,19.28999900817871,19.779998779296875,16.727390241756936,15.85853907537781,15.663657048431968,16.061541380377808,16.07778193648613,0.005122656408515283,7.0,0.0,0.0,0.0,0.0,0.0,0.0,,,,,
pylon_camera_1771860630710431456.png,1771860630710431456,1771860630.7104316,42.300945642440254,-83.69845240968303,237.4789581298828,0.004694411171905554,-0.9995356465259745,0.017222566828269666,-0.02469487840619987,-0.13639,-0.07771000000000002,0.021780000000000004,-0.5292,-0.1753,-7.7198,7.130984647658586,15.951584797733398,19.809999465942383,19.78999900817871,19.239999771118164,19.760000228881836,16.08590221454029,16.06966165843197,15.62305720694584,16.04530237305416,15.955980863243063,0.0002755880099317618,19.700000762939453,0.0,0.0,0.0,0.0,0.0,0.0,,,,,
pylon_camera_1771860630762251487.png,1771860630762251487,1771860630.7622516,42.300945547794065,-83.69845585419617,237.4758758544922,0.005115395901543584,-0.999519688490647,0.01663425544017496,-0.025642281300255223,-0.005920000000000001,-0.026600000000000002,-0.03679,-0.9067000000000001,-2.2998000000000003,-9.142100000000001,7.081808951992546,15.841581717070206,19.850000381469727,19.850000381469727,19.439998626708984,18.799999237060547,16.118383326756934,16.118383326756934,15.785458121675035,15.26577271648613,15.821999372918757,0.00123613566506098,41.10000228881836,0.0,0.0,0.0,0.0,0.0,0.0,,,,,
pylon_camera_1771860630809992462.png,1771860630809992462,1771860630.8099926,42.30094545353633,-83.69846097844956,237.46905517578125,0.0062203266351565905,-0.9995007567002647,0.01753682923768909,-0.02553437902981366,0.04848000000000001,0.013470000000000001,-0.05882000000000001,-2.1152,0.9504,-10.639100000000001,7.015488786754413,15.693227486642417,19.85999870300293,20.0,19.559999465942383,19.56999969482422,16.12650205602642,16.2401844,15.882899909540292,15.891020187594453,16.03515163829029,0.021788007083877972,60.0,0.0,0.0,4.0,0.0,0.0,0.0,,,,,
pylon_camera_1771860630861191147.png,1771860630861191147,1771860630.8611913,42.30094540464218,-83.69846437607194,237.4636688232422,0.008348256382573803,-0.9994548667707654,0.021514452980785345,-0.023609409491551613,0.16425,0.10609,-0.11133000000000001,-0.48360000000000003,-5.2978000000000005,-8.7161,6.991223692696788,15.638947927141153,20.389999389648438,20.149999618530273,19.959999084472656,19.520000457763672,16.556867500188904,16.361985473243067,16.207703287783357,15.850420346108324,16.244244151830912,0.038704408219128156,87.9000015258789,0.0,0.0,24.0,0.0,0.0,0.0,,,,,
pylon_camera_1771860630911183568.png,1771860630911183568,1771860630.9111836,42.30094531998937,-83.69846945250772,237.450927734375,0.011480480927619106,-0.9994943600132299,0.020232804146784075,-0.02167617345779231,-0.07971000000000002,0.03644000000000001,-0.13787000000000002,-0.8501000000000001,3.7365000000000004,-8.2791,6.974223104847222,15.600918632156946,20.049999237060547,20.1299991607666,19.399999618530273,19.760000228881836,16.28078424148613,16.34574491713474,15.752978558243067,16.04530237305416,16.106202522479524,0.032388085742661124,118.80000305175781,0.0,0.0,0.0,0.0,0.0,0.0,,,,,
pylon_camera_1771860630962393622.png,1771860630962393622,1771860630.9623935,42.300945255377385,-83.69847282491637,237.44383239746094,0.015514395343449448,-0.9995123964945327,0.018465571244150332,-0.019831678434024665,-0.17373000000000002,0.04728,-0.13440000000000002,1.2615,-1.6867,-10.7286,6.958515642362011,15.565781981025278,19.520000457763672,19.869998931884766,18.69999885559082,19.729999542236328,15.850420346108324,16.134622334080582,15.184571484729195,16.020941538891677,15.797638925952445,0.014895296953908288,155.90000915527344,0.0,0.0,0.0,0.0,0.0,0.0,,,,,
pylon_camera_1771860631012243768.png,1771860631012243768,1771860631.0122437,42.3009451087413,-83.69847785891488,237.44024658203125,0.01908637428752752,-0.9995142496092341,0.01564894572235296,-0.01902854809030636,-0.18881000000000003,0.04608,-0.11326000000000001,-0.2596,-6.0147,-12.0286,6.906039418476119,15.448395816765972,19.020000457763672,19.06999969482422,18.90999984741211,19.559999465942383,15.444415736108322,15.485015577594451,15.355094226297227,15.882899909540292,15.541856362385072,0.006049854413858865,182.40000915527344,0.0,0.0,0.0,0.0,0.0,0.0,,,,,
pylon_camera_1771860631064694409.png,1771860631064694409,1771860631.0646946,42.30094498735575,-83.69848118567229,237.43927001953125,0.0221425035663792,-0.99953542594143,0.010983218298083186,-0.01783285562419897,-0.08132,0.09524000000000002,-0.06958000000000002,-2.4157,0.8275,-9.7024,6.809109342768872,15.231569053213402,18.719999313354492,18.18000030517578,19.279998779296875,19.69999885559082,15.200812040837517,14.762327867405547,15.65553677037781,15.996580704729196,15.403814345837517,0.011308440517346228,203.8000030517578,0.0,0.0,0.0,0.0,0.0,0.0,,,,,
pylon_camera_1771860631123773595.png,1771860631123773595,1771860631.1237738,42.30094478099063,-83.69848614943486,237.43206787109375,0.023829587429251065,-0.9995428570591264,0.00909591540372744,-0.01623243629277509,-0.07739,0.048060000000000005,-0.04105,-4.234100000000001,-0.1768,-8.699300000000001,6.796565742718235,15.20350977251613,18.049999237060547,17.670000076293945,19.229999542236328,19.209999084472656,14.65676580148613,14.348202979351388,15.614936928891678,15.598696372783357,15.054650520628138,0.009791111007610152,222.90000915527344,0.0,0.0,0.0,0.0,1.0,0.0,,,,,
pylon_camera_1771860631164172116.png,1771860631164172116,1771860631.164172,42.30094462638055,-83.69848944380148,237.42567443847656,0.02492384975328843,-0.9995435167246808,0.009069679700449045,-0.014467231845260452,0.03151,0.035530000000000006,-0.034460000000000005,-2.0531,-1.9701000000000002,-11.1948,6.775067399659342,15.15541926899397,17.520000457763672,17.399999618530273,19.049999237060547,19.149999618530273,14.226401906108324,14.128960118243066,15.46877502148613,15.549976253243067,14.843528324770146,0.020579499563031754,233.3000030517578,0.0,0.0,8.0,0.0,1.0,0.0,,,,,
pylon_camera_1771860631215389330.png,1771860631215389330,1771860631.2153895,42.300944382796004,-83.69849434946532,237.41847229003906,0.02540916334270249,-0.9995403154251119,0.009274238107904856,-0.013693822169485285,0.034570000000000004,0.024340000000000004,-0.015260000000000003,-0.32330000000000003,1.5194,-11.3952,6.745171368817461,15.088543641762532,17.420000076293945,16.53999900817871,18.329999923706055,18.799999237060547,14.145200674351388,13.43063169343197,14.884128940648614,15.26577271648613,14.431433506229524,0.04355026907396409,247.10000610351562,0.0,0.0,44.0,0.0,1.0,0.0,,,,,
pylon_camera_1771860631267036045.png,1771860631267036045,1771860631.2670362,42.30094423076699,-83.6984975983873,237.41888427734375,0.026254580740731392,-0.9994955349771445,0.00978472066240352,-0.014954323536651421,0.019930000000000003,-0.06916,-0.05475000000000001,2.6418,-1.4971,-13.911200000000001,6.707449071940132,15.004161126985759,16.279998779296875,16.170000076293945,18.489999771118164,18.760000228881836,13.219509110377807,13.130189149351388,15.01405029194584,15.233293153054163,14.149260426182298,0.05697757399218256,263.3999938964844,0.0,0.0,72.0,0.0,1.0,0.0,,,,,
pylon_camera_1771860631315075394.png,1771860631315075394,1771860631.3150754,42.30094398655457,-83.69850246351915,237.426513671875,0.02752849471520452,-0.9994292154980127,0.009498724160627622,-0.01712306710440807,0.013900000000000003,-0.08669000000000002,-0.06386,-2.3291,0.2666,-6.500100000000001,6.627458622506117,14.825227291028833,16.029998779296875,15.729999542236328,18.43000030517578,18.690000534057617,13.016506805377809,12.772904658891678,14.965330172405547,15.17645275545971,13.982798598033686,0.05682399847622741,281.6000061035156,0.0,0.0,92.0,0.0,1.0,0.0,,,,,
pylon_camera_1771860631365982908.png,1771860631365982908,1771860631.365983,42.300943832206336,-83.69850565704728,237.4269561767578,0.02946673375745834,-0.9993635895196358,0.00816979504353936,-0.018367961047497054,-0.09797,-0.09762000000000001,-0.08413000000000001,-0.2162,-0.6832,-10.8131,6.578121310332981,14.714862683936259,15.529999732971191,15.829999923706055,18.239999771118164,18.299999237060547,12.610502969770145,12.854105890648613,14.811047986945841,14.859768106486131,13.783856238462683,0.0632698017963787,299.0,0.0,0.0,104.0,0.0,1.0,0.0,,,,,
pylon_camera_1771860631415840785.png,1771860631415840785,1771860631.4158409,42.30094359800444,-83.69851040457745,237.42564392089844,0.031256615149620526,-0.999304842449867,0.006870473684869779,-0.01912204113008504,-0.09487000000000001,-0.08927000000000002,-0.06587000000000001,-1.1311,-0.2102,-9.0111,6.510206902555177,14.562942228601779,14.889999389648438,15.479999542236328,17.81999969482422,18.229999542236328,12.090816790188905,12.56990235389168,14.470004052594453,14.802927708891678,13.483412726391679,0.07412853015992141,310.3999938964844,0.0,0.0,128.0,0.0,1.0,0.0,,,,,
pylon_camera_1771860631467098305.png,1771860631467098305,1771860631.4670985,42.30094345474464,-83.69851353882741,237.42506408691406,0.03308656941800653,-0.9992266258046296,0.006459834418472281,-0.02024104114239275,0.05847000000000001,-0.05825000000000001,-0.08244000000000001,-1.4316,2.5453,-9.2455,6.446370605018725,14.420144261190588,15.109999656677246,15.34999942779541,17.350000381469727,18.190000534057617,12.269459035418759,12.464341062364598,14.088360276756935,14.77044814545971,13.398152130000001,0.07087253169450652,320.1000061035156,0.0,0.0,136.0,0.0,1.0,0.0,,,,,
pylon_camera_1771860631517145028.png,1771860631517145028,1771860631.5171452,42.300943254578684,-83.69851821862116,237.425048828125,0.03539475020565547,-0.999096793985007,0.008522891131550317,-0.021912741351087065,0.13209,-0.08073000000000001,-0.10682000000000001,-1.8198,1.8505,-11.1349,6.410464214457101,14.339823819887668,15.719999313354492,15.449999809265137,17.579999923706055,17.969999313354492,12.764784380837519,12.545542294121534,14.275122025648614,14.591805125837517,13.544313456611295,0.05547560229945729,334.8999938964844,0.0,0.0,144.0,0.0,1.0,0.0,,,,,
pylon_camera_1771860631567267450.png,1771860631567267450,1771860631.5672674,42.30094312700754,-83.69852131782146,237.42440795898438,0.038424667597506956,-0.9989088393916219,0.011657757182820121,-0.023848945527437524,0.10916000000000002,-0.07083,-0.13469,-1.749,0.28800000000000003,-8.0379,6.362488819684006,14.23250574030394,15.9399995803833,15.949999809265137,17.369998931884766,17.81999969482422,12.943426626067373,12.951546904121534,14.104599284080582,14.470004052594453,13.617394216715985,0.043218779237591924,352.8000183105469,0.0,0.0,144.0,0.0,1.0,0.0,,,,,
pylon_camera_1771860631617256791.png,1771860631617256791,1771860631.6172566,42.300942931507436,-83.69852593070341,237.42227172851562,0.04228555212219676,-0.9986728481110463,0.014142636806134262,-0.025777128460357342,0.07566,-0.055130000000000005,-0.16364000000000004,-1.9154,-0.2897,-8.021,6.298239905631139,14.08878477450252,15.079999923706055,16.049999237060547,16.93000030517578,17.899999618530273,12.245098975648615,13.03274736148613,13.747316342405549,14.534964728243066,13.39003185194584,0.04959639413480586,369.1000061035156,0.0,0.0,156.0,0.0,1.0,0.0,,,,,
pylon_camera_1771860631668114297.png,1771860631668114297,1771860631.6681142,42.300942781163045,-83.69852896954708,237.4192657470703,0.04693517433639921,-0.9984103064623131,0.015854373525195253,-0.02688100072477477,0.012430000000000002,-0.05555000000000001,-0.19586,-1.6667,-2.9386,-10.4358,6.24062706978352,13.959908317481549,14.789999961853027,16.119998931884766,16.93000030517578,17.85999870300293,12.009616332824306,13.089587759080583,13.747316342405549,14.50248361602642,13.337251012584215,0.04460325173608772,385.0,0.0,0.0,160.0,0.0,1.0,0.0,,,,,
pylon_camera_1771860631717994146.png,1771860631717994146,1771860631.7179942,42.30094252268373,-83.69853348165309,237.41285705566406,0.05238756130405686,-0.9981340769454612,0.015847331887502487,-0.027069723546673745,0.004320000000000001,0.015750000000000004,-0.24120000000000003,-1.2016,-0.6657000000000001,-7.271,6.181101563239791,13.826753330873618,14.789999961853027,16.15999984741211,16.31999969482422,17.78999900817871,12.009616332824306,13.122068871297225,13.251990222594452,14.445643218431968,13.207329661286987,0.04479892385174226,398.8999938964844,0.0,0.0,160.0,0.0,1.0,0.0,,,,,
pylon_camera_1771860631768887656.png,1771860631768887656,1771860631.7688875,42.30094220808429,-83.69853793220493,237.4058074951172,0.058540948365226386,-0.9977889445875003,0.01516191585130127,-0.02757346063119578,-0.10587,0.00020000000000000004,-0.24620000000000006,-1.8714000000000002,-3.4346,-11.0387,6.1127836961051125,13.673930361165372,14.059999465942383,16.209999084472656,16.03999900817871,17.670000076293945,11.416849199540291,13.162668712783356,13.02462708343197,14.348202979351388,12.98808699377675,0.05015700309081942,411.0,0.0,0.0,168.0,0.0,1.0,0.0,,,,,
pylon_camera_1771860631819098292.png,1771860631819098292,1771860631.8190985,42.300941976298276,-83.69854087134227,237.40101623535156,0.06540212626662323,-0.9973873835669395,0.012625396904679266,-0.0279565436758324,-0.08288000000000001,-0.00319,-0.28527,-2.2296,-2.8379000000000003,-10.099400000000001,6.047691687719007,13.528323443926155,13.710000038146973,15.899999618530273,16.149999618530273,17.469999313354492,11.132646437175694,12.910946288243066,13.113948593243066,14.185800515837517,12.835835458624835,0.05118801218581358,422.8000183105469,0.0,0.0,180.0,0.0,1.0,0.0,,,,,
pylon_camera_1771860631870444210.png,1771860631870444210,1771860631.8704443,42.30094160611284,-83.6985452213233,237.39402770996094,0.07309646289593752,-0.9968668833203939,0.010604704314575681,-0.02829954589013053,-0.03849000000000001,-0.00131,-0.33352000000000004,-2.7091000000000003,0.3214,-9.2202,5.983003047225356,13.38361883646029,13.469999313354492,15.90999984741211,15.380000114440918,17.489999771118164,10.937763635837516,12.919066566297225,12.48870189652708,14.202041071945839,12.636893292651916,0.05579399360762642,435.0,0.0,0.0,184.0,0.0,1.0,0.0,,,,,
pylon_camera_1771860631920371688.png,1771860631920371688,1771860631.9203718,42.30094135128938,-83.69854808358737,237.3894500732422,0.08201532485277563,-0.9961509124258751,0.011029307293140788,-0.02889983638402998,0.019770000000000003,-0.04010000000000001,-0.3796300000000001,-3.1713,0.0094,-9.9407,5.90230402845714,13.203099973416915,13.5,16.100000381469727,15.219999313354492,17.40999984741211,10.962124470000001,13.073348751756935,12.358779770837517,14.137080396297227,12.63283334722292,0.04319187367680074,448.70001220703125,0.0,0.0,184.0,0.0,1.0,0.0,,,,,
pylon_camera_1771860631971144555.png,1771860631971144555,1771860631.9711444,42.300940972211265,-83.69855232266364,237.3844757080078,0.09260424181958593,-0.995160039223232,0.013680061917507645,-0.029896599073602793,0.09653,-0.04317000000000001,-0.45426000000000005,-3.2849000000000004,-1.7899,-9.0924,5.813835587571877,13.005201379263035,13.029999732971191,16.209999084472656,14.4399995803833,17.170000076293945,10.580479919770147,13.162668712783356,11.725412796067372,13.942198369351386,12.352689949493065,0.050173112337222825,463.20001220703125,0.0,0.0,192.0,0.0,1.0,0.0,,,,,
pylon_camera_1771860632020891021.png,1771860632020891021,1771860632.0208912,42.300940700166144,-83.69855509230443,237.38052368164062,0.1051433869732098,-0.9938541027079244,0.016344625518960657,-0.030524480717504326,0.06898000000000001,-0.028210000000000002,-0.5365800000000001,-2.8109,-2.8520000000000003,-8.4214,5.707246078824913,12.766767043566603,12.679999351501465,16.34000015258789,13.569999694824219,17.190000534057617,10.29627638301321,13.268230778702774,11.018964867594454,13.95843892545971,12.135477738692536,0.049447859643697654,477.8999938964844,0.0,0.0,204.0,0.0,1.0,0.0,,,,,
pylon_camera_1771860632072058294.png,1771860632072058294,1771860632.0720584,42.300940231148275,-83.69855915181962,237.37255859375,0.11919720073835272,-0.9922572089028363,0.017241663841247246,-0.03033782695710672,-0.031110000000000002,0.007560000000000001,-0.5857600000000001,-1.7748000000000002,-4.8711,-9.4159,5.599335012758418,12.525376463439818,12.679999351501465,16.279998779296875,13.5,17.100000381469727,10.29627638301321,13.219509110377807,10.962124470000001,13.885357971756937,12.090816983786988,0.034694324830974975,488.20001220703125,0.0,0.0,196.0,0.0,1.0,0.0,,,,,
pylon_camera_1771860632121900129.png,1771860632121900129,1771860632.1219,42.30093987506673,-83.69856180801142,237.36614990234375,0.1341066296412251,-0.9903835343025158,0.016298750968392256,-0.029836514300413435,-0.060680000000000005,0.00464,-0.6106000000000001,-1.8732000000000002,-3.7083000000000004,-9.4898,5.514230643139018,12.335003094863396,12.619999885559082,16.139999389648438,13.09999942779541,16.8799991607666,10.24755626347292,13.105828315188905,10.637320317364598,13.706714952134744,11.924354962040292,0.033291287376661295,486.70001220703125,0.0,0.0,196.0,0.0,1.0,0.0,,,,,
pylon_camera_1771860632181700495.png,1771860632181700495,1771860632.1817007,42.30093924730892,-83.69856570887744,237.35723876953125,0.15248328400942096,-0.9877821699272343,0.013194970490219886,-0.02934494207370226,-0.13226000000000002,-0.008310000000000001,-0.62028,-1.5902,-2.3782,-9.103100000000001,5.439288359250675,12.167361702342205,12.239999771118164,15.829999923706055,12.619999885559082,16.809999465942383,9.93899266694584,12.854105890648613,10.24755626347292,13.649874554540292,11.672632343901917,0.040660364222184144,486.6000061035156,0.0,0.0,176.0,0.0,1.0,0.0,,,,,
pylon_camera_1771860632223153436.png,1771860632223153436,1771860632.2231534,42.30093878856724,-83.69856826853055,237.35052490234375,0.16503364114828567,-0.9858010902925993,0.011125220669717266,-0.02891949398435949,-0.10353000000000001,-0.013320000000000002,-0.6363800000000001,-1.5335,-2.3406000000000002,-8.404300000000001,5.401490035934675,12.082809120983711,12.059999465942383,15.399999618530273,12.710000038146973,16.43000030517578,9.79283075954029,12.504941678243066,10.320637217175694,13.341311732405547,11.489930346841149,0.049067958303912494,486.8000183105469,0.0,0.0,160.0,0.0,1.0,0.0,,,,,
pylon_camera_1771860632274929283.png,1771860632274929283,1771860632.2749295,42.300938050702854,-83.69857204066211,237.3418426513672,0.18395043138039213,-0.9824530325389347,0.010689461481452797,-0.028879284327268516,0.08721000000000002,-0.013410000000000002,-0.6648200000000001,-1.6127,-0.6073000000000001,-9.534,5.288484993092766,11.830023620448932,12.25999927520752,15.579999923706055,12.84999942779541,16.279998779296875,9.955232448661823,12.651103585648613,10.434318012364598,13.219509110377807,11.565040789263211,0.02239918022882741,486.8000183105469,0.0,0.0,152.0,0.0,1.0,0.0,,,,,
pylon_camera_1771860632334325162.png,1771860632334325162,1771860632.3343253,42.30093726556501,-83.69857573634472,237.3345947265625,0.20343237248053236,-0.978570672595898,0.012980104964138765,-0.029089954232926294,0.046490000000000004,-0.011540000000000002,-0.6788500000000002,-1.2023000000000001,-1.3448,-8.1468,5.2083491318651145,11.65076450703435,12.40999984741211,15.799999237060547,12.1899995803833,16.170000076293945,10.077034296297228,12.82974505648613,9.898392051067372,13.130189149351388,11.48384013830053,0.01432733179295101,486.70001220703125,0.0,0.0,140.0,0.0,1.0,0.0,,,,,
pylon_camera_1771860632374595756.png,1771860632374595756,1771860632.3745959,42.300936684343355,-83.69857812059993,237.33001708984375,0.2167523597318266,-0.9756810999949534,0.014492695137694805,-0.02923640625946057,-0.013050000000000003,0.04698000000000001,-0.6774800000000001,-1.7858,-7.6736,-10.427200000000001,5.11270956829331,11.436824541698037,12.359999656677246,15.380000114440918,11.989999771118164,15.960000038146973,10.03643368041876,12.48870189652708,9.73599036194584,12.959667182175693,11.305198280266843,0.011508986690430694,486.70001220703125,0.0,0.0,128.0,0.0,1.0,0.0,,,,,
pylon_camera_1771860632425814123.png,1771860632425814123,1771860632.425814,42.30093606239549,-83.69858047166284,237.32472229003906,0.23213580124768562,-0.9721757564720634,0.013311756941948867,-0.028461648479743907,-0.09347000000000001,0.004510000000000001,-0.6220500000000001,-3.4723,-6.1977,-11.1858,5.062609623430175,11.324753971035896,12.019999504089355,14.75,12.179999351501465,15.729999542236328,9.760350421715986,11.977135995,9.890271773013211,12.772904658891678,11.100165712155219,0.01983162366750596,486.8000183105469,0.0,0.0,124.0,0.0,1.0,0.0,,,,,
pylon_camera_1771860632476903631.png,1771860632476903631,1771860632.4769037,42.300934989750765,-83.69858386958222,237.31967163085938,0.24610703415350083,-0.9687979868603578,0.01102168412299111,-0.027208654405873965,-0.14432000000000003,-0.00502,-0.5417700000000001,-1.6674,-4.3264000000000005,-9.107800000000001,5.030826363887665,11.253656726434874,11.619999885559082,14.319999694824219,12.170000076293945,15.559999465942383,9.435547043472921,11.627971782594452,9.882152269351387,12.634863029540291,10.895133531239763,0.031858373141322095,486.8000183105469,0.0,0.0,120.0,0.0,1.0,0.0,,,,,
pylon_camera_1771860632525418862.png,1771860632525418862,1771860632.5254188,42.30093420483702,-83.69858607190648,237.31884765625,0.25872985463524517,-0.9655526823639841,0.007940807717854386,-0.026529671557108846,-0.13942000000000002,-0.0296,-0.4937800000000001,-0.8165,-4.4910000000000005,-10.2684,5.009312501893435,11.205531507985501,11.420000076293945,14.1899995803833,12.559999465942383,15.229999542236328,9.273145354351389,11.522410491067372,10.198835369540292,12.36690004889168,10.840322815962683,0.03259182233011942,486.8000183105469,0.0,0.0,116.0,0.0,1.0,0.0,,,,,
pylon_camera_1771860632576195883.png,1771860632576195883,1771860632.576196,42.30093294435459,-83.69858929085994,237.3192596435547,0.2700142492475419,-0.9624779475455789,0.004954159439538404,-0.02653228214805009,-0.11771000000000002,-0.04664000000000001,-0.4499700000000001,-1.5167000000000002,-3.0184,-8.9487,4.969333575808925,11.116101049070016,11.479999542236328,13.90999984741211,12.529999732971191,15.079999923706055,9.321865473891679,11.295048126297226,10.174475309770145,12.245098975648615,10.759121971401916,0.03211369490905856,486.8000183105469,0.0,0.0,116.0,0.0,1.0,0.0,,,,,
pylon_camera_1771860632626121976.png,1771860632626121976,1771860632.626122,42.300932067813,-83.69859137874906,237.319091796875,0.28068846757383764,-0.9594221265363109,0.0033631480185567497,-0.026680639403868712,-0.033220000000000006,0.0029800000000000004,-0.44697000000000003,-0.8096,-2.3047,-10.018500000000001,4.912885230903483,10.989829488417238,11.1899995803833,13.75999927520752,12.369999885559082,14.789999961853027,9.086382831067372,11.173246278661823,10.04455395847292,12.009616332824306,10.578449850256606,0.03743275895173868,486.8000183105469,0.0,0.0,124.0,0.0,1.0,0.0,,,,,
pylon_camera_1771860632677137512.png,1771860632677137512,1771860632.6771374,42.30093072404744,-83.69859444534968,237.31814575195312,0.2913773295149418,-0.9562190424899233,0.003330227946911405,-0.027079590215079042,0.020040000000000002,-0.029400000000000006,-0.45438000000000006,-1.0751,-1.5007000000000001,-9.254800000000001,4.852724231839504,10.855252943171061,11.15999984741211,13.489999771118164,12.609999656677246,14.539999961853027,9.062022771297226,10.954004191945838,10.23943598541876,11.806614027824308,10.515519244121533,0.03129670960484174,486.8000183105469,0.0,0.0,132.0,0.0,1.0,0.0,,,,,
pylon_camera_1771860632727105532.png,1771860632727105532,1771860632.7271056,42.30092980995294,-83.69859644631013,237.316162109375,0.30212640254865425,-0.9528709769698361,0.003587456972471285,-0.02727028206728543,0.0014800000000000002,-0.009190000000000002,-0.45583000000000007,-2.2222,-1.6369,-9.0763,4.7970132478496925,10.730630814644892,11.09000015258789,13.59000015258789,12.239999771118164,14.589999198913574,9.005182373702773,11.035205423702774,9.93899266694584,11.847213869310437,10.456648583415456,0.02553272365456016,486.8000183105469,0.0,0.0,144.0,0.0,1.0,0.0,,,,,
pylon_camera_1771860632778052181.png,1771860632778052181,1771860632.778052,42.30092839788908,-83.69859937791362,237.31068420410156,0.31293367019807217,-0.9493821975146106,0.002880662860546005,-0.027159949929566198,-0.04766000000000001,-0.018430000000000005,-0.45224000000000003,-2.0041,-1.0652000000000001,-9.438500000000001,4.777532746024666,10.687054100892418,10.84000015258789,13.359999656677246,12.09000015258789,14.269999504089355,8.802180068702775,10.848442900418759,9.817191593702775,11.587371166715984,10.263796432385073,0.039604709072446925,486.8000183105469,0.0,0.0,152.0,0.0,1.0,0.0,,,,,
pylon_camera_1771860632828186727.png,1771860632828186727,1771860632.8281865,42.30092743221966,-83.69860129608684,237.30615234375,0.32396433721117956,-0.945685306036111,0.0019213314004583818,-0.02688342702033655,-0.04669,-0.011070000000000002,-0.4600600000000001,-0.3481,-1.27,-9.5036,4.7352896100478805,10.592558740300506,10.809999465942383,13.199999809265137,11.899999618530273,14.289999961853027,8.77781923454029,10.718521549121533,9.662909408243065,11.603611722824308,10.1907154786823,0.037936373209746826,486.8000183105469,0.0,0.0,156.0,0.0,1.0,0.0,,,,,
pylon_camera_1771860632879264788.png,1771860632879264788,1771860632.8792648,42.30092596064662,-83.698604103894,237.29763793945312,0.33503517017055323,-0.941818827237465,0.0018897760290477964,-0.026928797901026733,-0.013600000000000001,-0.0033200000000000005,-0.46457000000000004,-0.9213,-3.8676000000000004,-9.7459,4.672821877586191,10.452822170847655,10.779999732971191,13.299999237060547,11.649999618530273,14.210000038146973,8.753459174770146,10.799722006486132,9.459907103243065,11.538651047175694,10.13793483291876,0.03012462402805431,486.8000183105469,0.0,0.0,156.0,0.0,1.0,0.0,,,,,
pylon_camera_1771860632938241414.png,1771860632938241414,1771860632.9382415,42.30092444135152,-83.69860679638887,237.2888946533203,0.3479069866440769,-0.937129409261767,0.003419588872962445,-0.027157049782147138,0.010290000000000002,-0.007110000000000001,-0.4414700000000001,-1.4717,-6.5657000000000005,-11.277600000000001,4.616169068124834,10.326093235251166,10.6899995803833,13.309999465942383,11.84000015258789,13.649999618530273,8.680378221067372,10.80784228454029,9.614189288702775,11.083925543243065,10.046583834388375,0.02706826236166483,486.8000183105469,0.0,0.0,140.0,0.0,1.0,0.0,,,,,
pylon_camera_1771860632989045428.png,1771860632989045428,1771860632.9890456,42.30092336824219,-83.69860849790554,237.28501892089844,0.3575668294484428,-0.9334879270930495,0.0030622401915501012,-0.02714544408771274,-0.08938000000000001,-0.0409,-0.39756,-0.8147000000000001,-5.9264,-12.9373,4.5793278214706605,10.24368157696058,10.699999809265137,12.929999351501465,11.739999771118164,13.210000038146973,8.688498499121533,10.499278688013211,9.532988056945838,10.726641827175694,9.86185176781407,0.037274665976078,486.8000183105469,0.0,0.0,140.0,0.0,1.0,0.0,,,,,
pylon_camera_1771860633030044103.png,1771860633030044103,1771860633.030044,42.30092169290576,-83.69861094593091,237.2845916748047,0.3649212731564611,-0.9306420519793797,0.0012497341464761808,-0.02713436290093946,-0.11166000000000001,-0.029750000000000002,-0.40159000000000006,-0.671,-5.2911,-10.493500000000001,4.54225594919965,10.160754023002667,10.579999923706055,12.639999389648438,11.5,13.969999313354492,8.591057485648614,10.263796045188904,9.33810603,11.343768245837518,9.884181951668758,0.027219640462487815,486.8000183105469,0.0,0.0,140.0,0.0,1.0,0.0,,,,,
pylon_camera_1771860633081119510.png,1771860633081119510,1771860633.0811195,42.30092055552935,-83.69861252380663,237.28643798828125,0.3739916079933757,-0.9270282475122975,-0.0017090240490869341,-0.027312720509083555,-0.12288,-0.0202,-0.39799000000000007,-1.1997,-3.7319,-10.5417,4.486861281101066,10.03683947414622,10.579999923706055,12.65999984741211,11.5,13.609999656677246,8.591057485648614,10.280036601297226,9.33810603,11.051445205418759,9.815161330591149,0.02208644903867288,486.8000183105469,0.0,0.0,136.0,0.0,1.0,0.0,,,,,
pylon_camera_1771860633131199062.png,1771860633131199062,1771860633.131199,42.30091880846576,-83.69861479328215,237.29132080078125,0.3829607776078096,-0.9233372825272647,-0.004174527514648302,-0.027782707377383163,-0.09585000000000002,-0.036250000000000004,-0.39238,-1.6171,-3.0673000000000004,-10.2285,4.4425673820504095,9.937756679603844,10.469999313354492,12.479999542236328,11.4399995803833,13.210000038146973,8.501735975837518,10.133874693891677,9.289385136067372,10.726641827175694,9.662909408243067,0.027656872694908168,486.70001220703125,0.0,0.0,132.0,0.0,1.0,0.0,,,,,
pylon_camera_1771860633182191945.png,1771860633182191945,1771860633.1821918,42.300917632574375,-83.6986162624632,237.2947998046875,0.39204434310129277,-0.9194910639268767,-0.006029556248798085,-0.028303018431587,-0.06248000000000001,-0.041210000000000004,-0.40659000000000006,-1.2556,-1.7906000000000002,-8.7067,4.404661141935279,9.852962694840702,10.479999542236328,12.5,11.229999542236328,13.380000114440918,8.509856253891678,10.15011525,9.118863168891679,10.86468345652708,9.660879532327609,0.01949496496253592,486.70001220703125,0.0,0.0,132.0,0.0,1.0,0.0,,,,,
pylon_camera_1771860633232135180.png,1771860633232135180,1771860633.232135,42.300915872408545,-83.6986184170973,237.2951202392578,0.40135131696855636,-0.9154489380770385,-0.0065087043396244385,-0.028774970183258995,-0.028890000000000002,-0.012370000000000003,-0.41850000000000004,-1.1208,-2.8804000000000003,-7.5883,4.362004684238689,9.757542758360893,10.40999984741211,12.75,11.119999885559082,13.319999694824219,8.453015856297226,10.353117554999999,9.029542433472919,10.815962562594452,9.662909601841148,0.009698461883618894,486.70001220703125,0.0,0.0,140.0,0.0,1.0,0.0,,,,,
pylon_camera_1771860633285346822.png,1771860633285346822,1771860633.2853467,42.300914700186425,-83.698619809438,237.29129028320312,0.41294047748232793,-0.9102780275967833,-0.006861387122285512,-0.028757536367618016,-0.05215000000000001,0.004300000000000001,-0.41903000000000007,-2.2528,-0.128,-9.080400000000001,4.304901325403988,9.629805970849198,10.149999618530273,12.649999618530273,11.050000190734863,12.979999542236328,8.241893273243065,10.271916323243065,8.972702035878468,10.539879303891679,9.50659773406407,0.012794467215445188,486.3999938964844,0.0,0.0,140.0,0.0,1.0,0.0,,,,,
pylon_camera_1771860633335132851.png,1771860633335132851,1771860633.3351328,42.30091295766534,-83.69862184975064,237.2836456298828,0.423565118745704,-0.905389970341765,-0.006676798811385049,-0.02858342428939757,-0.015640000000000005,0.0019700000000000004,-0.48724000000000006,-2.9757000000000002,0.5169,-9.0876,4.221505371810683,9.44325422641819,10.429999351501465,12.769999504089355,10.75,12.889999389648438,8.46925563801321,10.369357336715984,8.729099115,10.466798350188904,9.508627609979525,0.00692276009878544,482.6000061035156,0.0,0.0,132.0,0.0,1.0,0.0,,,,,
pylon_camera_1771860633384246763.png,1771860633384246763,1771860633.3842468,42.30091180212493,-83.69862316591959,237.2779541015625,0.43553708723800955,-0.8997143405907909,-0.00513110117712247,-0.028199694612158342,0.06604000000000002,0.042370000000000005,-0.5528700000000001,-1.8825,-2.6314,-8.7947,4.155536408319012,9.295685613225132,10.789999961853027,12.949999809265137,10.510000228881836,12.899999618530273,8.761579452824307,10.515519244121531,8.534217088054161,10.474918628243065,9.571558603310766,0.029677530153681752,478.3999938964844,0.0,0.0,116.0,0.0,1.0,0.0,,,,,
pylon_camera_1771860633443960549.png,1771860633443960549,1771860633.4439607,42.30091006157268,-83.69862506200579,237.2676239013672,0.4502901409920733,-0.8924643637810266,-0.0031649272793376013,-0.027131744167717686,0.027340000000000003,0.0531,-0.5491600000000001,-0.9551000000000001,-3.1184000000000003,-11.1198,4.119836432162799,9.215826908562253,10.569999694824219,13.0,10.40999984741211,12.899999618530273,8.582937207594453,10.556119859999999,8.453015856297226,10.474918628243065,9.516747888033686,0.03265262927104819,480.1000061035156,0.0,0.0,96.0,0.0,1.0,0.0,,,,,
pylon_camera_1771860633486746986.png,1771860633486746986,1771860633.4867468,42.300908891528344,-83.69862628291595,237.26197814941406,0.46061690322192406,-0.8871786095852222,-0.0019931395079508495,-0.027243541538833786,0.041350000000000005,-0.01607,-0.5909500000000001,-1.0112,-2.6671,-11.267000000000001,4.076084848862372,9.117957241814196,10.769999504089355,12.929999351501465,10.1899995803833,12.809999465942383,8.745338896715985,10.499278688013211,8.274373611067372,10.401837674540293,9.480207217584216,0.03972929091055301,479.8000183105469,0.0,0.0,84.0,0.0,1.0,0.0,,,,,
pylon_camera_1771860633534793248.png,1771860633534793248,1771860633.5347931,42.30090711550618,-83.6986280205738,237.2576446533203,0.4741945308159262,-0.8799723499471457,-0.0013056410637486277,-0.028044706705086693,0.004750000000000001,-0.043300000000000005,-0.63029,-1.6202,-3.0831,-10.6638,4.030634594066357,9.016287748850797,10.670000076293945,13.059999465942383,9.920000076293945,12.75,8.664138439351387,10.60483997954029,8.055131524351388,10.353117554999999,9.419306874560766,0.04469900883113866,479.3999938964844,0.0,0.0,68.0,0.0,1.0,0.0,,,,,
pylon_camera_1771860633585542821.png,1771860633585542821,1771860633.585543,42.300905923188395,-83.69862911323172,237.2569122314453,0.4885941254473576,-0.8720347662236756,-0.001565981282480906,-0.028787059213716715,-0.02543,-0.024030000000000003,-0.67532,-1.9438000000000002,-2.9724,-9.9076,3.9772639984433775,8.89690092867793,10.489999771118164,13.279999732971191,9.609999656677246,12.619999885559082,8.51797653194584,10.783482224770147,7.803408325418759,10.24755626347292,9.338105836401915,0.049590853181451386,478.1000061035156,0.0,0.0,28.0,0.0,1.0,0.0,,,,,
pylon_camera_1771860633635364607.png,1771860633635364607,1771860633.6353645,42.3009041341261,-83.69863067228148,237.2560577392578,0.5040793022799284,-0.8631559252754587,-0.0019919296057238807,-0.029358778777276506,-0.020020000000000003,-0.030010000000000005,-0.74136,-2.0995,-1.7538,-8.4952,3.917278972042584,8.762718023720938,10.65999984741211,13.229999542236328,9.380000114440918,12.550000190734863,8.656018161297226,10.742881608891679,7.616646576527081,10.190715865878467,9.301565553148613,0.06149319514436038,474.8000183105469,0.0,0.0,0.0,0.0,0.0,0.0,,,,,
pylon_camera_1771860633686703559.png,1771860633686703559,1771860633.6867037,42.30090294039308,-83.69863166278617,237.25543212890625,0.5207548804108966,-0.8531748466151851,-0.001574964256604465,-0.030075822831280748,0.020150000000000005,-0.039990000000000005,-0.8002,-1.3829,-1.9827000000000001,-9.119100000000001,3.8513475670288186,8.615233426589446,10.529999732971191,13.84999942779541,9.069999694824219,12.550000190734863,8.550456869770146,11.246327232364598,7.364923377594453,10.190715865878467,9.338105836401915,0.08390630572834473,469.0,0.0,0.0,0.0,0.0,0.0,0.0,,,,,
pylon_camera_1771860633736708121.png,1771860633736708121,1771860633.7367082,42.3009011590996,-83.6986330619704,237.25270080566406,0.538510534866389,-0.8420496045933338,-0.00041721127720270937,-0.03096277082038706,0.03599,-0.0046300000000000004,-0.8556800000000001,-1.4216,-3.5999000000000003,-9.303,3.7882814080843232,8.474158213000146,10.739999771118164,13.960000038146973,8.779999732971191,12.539999961853027,8.72097883694584,11.335648742175692,7.129440734770146,10.182595587824308,9.342165975428996,0.10242996892567391,460.1000061035156,0.0,0.0,0.0,0.0,0.0,0.0,,,,,
pylon_camera_1771860633787504835.png,1771860633787504835,1771860633.787505,42.300899965547615,-83.69863391807475,237.24986267089844,0.5566561835712439,-0.8301772590008305,-0.0005095633535464814,-0.030648854382416175,-0.07834,0.0018700000000000004,-0.86843,-1.0775000000000001,-4.1792,-8.8576,3.7593763494380252,8.409499331111897,10.630000114440918,13.889999389648438,8.569999694824219,12.50999927520752,8.631658101527082,11.278807570188903,6.958918767594452,10.158234753661825,9.256904798243065,0.10076764784273126,448.8999938964844,0.0,0.0,0.0,0.0,0.0,0.0,,,,,
pylon_camera_1771860633845848029.png,1771860633845848029,1771860633.845848,42.300898133634774,-83.69863506036276,237.2438507080078,0.5782273286374253,-0.8153853554991954,-0.0029352232455481693,-0.028129395990245068,-0.17756000000000002,0.007930000000000001,-0.8575100000000001,-0.7292000000000001,-4.0067,-8.9304,3.7438397054175274,8.374744790636685,10.5,13.9399995803833,8.470000267028809,12.469999313354492,8.52609681,11.319408186067372,6.877718310229855,10.125754415837518,9.212244430533687,0.10000300437015847,432.0,0.0,0.0,0.0,0.0,0.0,0.0,,,,,
pylon_camera_1771860633888065347.png,1771860633888065347,1771860633.8880653,42.30089688664013,-83.6986357298361,237.23878479003906,0.592109592753059,-0.8054321000106606,-0.004937078864575504,-0.02570968094917979,-0.16976000000000005,0.023940000000000003,-0.8404700000000002,0.017,-3.6309,-9.4983,3.7445594930992034,8.376354912493333,10.479999542236328,13.799999237060547,8.470000267028809,12.539999961853027,8.509856253891678,11.20572661648613,6.877718310229855,10.182595587824308,9.193974192107992,0.09761039117327514,419.1000061035156,0.0,0.0,0.0,0.0,0.0,0.0,,,,,
pylon_camera_1771860633938214528.png,1771860633938214528,1771860633.9382143,42.30089499144698,-83.69863663839857,237.23077392578125,0.6085744824924033,-0.7931287720842334,-0.0065954618747706365,-0.023245430387886235,-0.095,0.04214000000000001,-0.8064000000000001,-0.2715,-3.2039,-9.9465,3.7448923135542422,8.377099411882027,10.529999732971191,13.619999885559082,8.529999732971191,12.4399995803833,8.550456869770146,11.059565483472921,6.926438429770146,10.101394356067372,9.159463784770146,0.09339323009327297,400.8000183105469,0.0,0.0,4.0,0.0,1.0,0.0,,,,,
pylon_camera_1771860633989144321.png,1771860633989144321,1771860633.9891443,42.30089305751062,-83.69863742608695,237.22320556640625,0.6238770169828882,-0.7811791099441362,-0.006980684029193895,-0.022089271556680327,-0.029050000000000006,0.011230000000000002,-0.75178,-0.5902000000000001,-3.3478000000000003,-9.8899,3.7643208276728632,8.420559832254535,10.34999942779541,13.5,8.670000076293945,12.149999618530273,8.404294962364597,10.962124470000001,7.040119999351387,9.865911713243065,9.068112786239762,0.07690141355029728,382.3000183105469,0.0,0.0,48.0,0.0,1.0,0.0,,,,,
pylon_camera_1771860634039055714.png,1771860634039055714,1771860634.0390556,42.30089174450067,-83.69863788197819,237.21847534179688,0.6377960297508533,-0.7698723748651854,-0.0062356809414274884,-0.02176848953613538,0.025490000000000006,0.01861,-0.6950900000000001,-0.1842,-2.8855,-10.1485,3.778038682192156,8.451245849742921,10.559999465942383,13.319999694824219,8.899999618530273,12.079999923706055,8.57481692954029,10.815962562594452,7.226881748243065,9.809071315648612,9.106683139006606,0.07755510855048926,364.3000183105469,0.0,0.0,144.0,0.0,1.0,0.0,,,,,
pylon_camera_1771860634090309682.png,1771860634090309682,1771860634.0903096,42.30088974771978,-83.69863843554401,237.21249389648438,0.6503201430332242,-0.7593181566026682,-0.005007677923907512,-0.02223896986334863,0.029160000000000005,0.007050000000000001,-0.6196700000000002,-0.8386,-4.412100000000001,-10.859200000000001,3.79363759857364,8.486139689753319,10.329999923706055,13.00999927520752,9.09999942779541,11.989999771118164,8.388055180648614,10.564239363661825,7.389283437364598,9.73599036194584,9.019392085905219,0.06283804128227834,344.8000183105469,0.0,0.0,52.0,0.0,1.0,0.0,,,,,
pylon_camera_1771860634140129334.png,1771860634140129334,1771860634.1401293,42.30088840353355,-83.69863870419081,237.2104034423828,0.6613637370032239,-0.7497247863683091,-0.005150739221537205,-0.02200504413981825,-0.04546000000000001,-0.003920000000000001,-0.56169,-0.3336,-4.5704,-11.053700000000001,3.8043497176930545,8.510102057496303,10.319999694824219,12.869999885559082,9.25,11.920000076293945,8.379934902594453,10.45055856847292,7.511085285,9.679149964351387,9.00518218010469,0.05817557994763241,320.8999938964844,0.0,0.0,0.0,0.0,0.0,0.0,,,,,
pylon_camera_1771860634191434114.png,1771860634191434114,1771860634.1914341,42.30088636658768,-83.69863897624643,237.20956420898438,0.671236385180378,-0.740918408288559,-0.0068425741465828705,-0.020852017844223518,-0.10214000000000001,-0.019710000000000002,-0.50512,-0.8186,-2.6255,-9.9837,3.804762279017306,8.511024932424974,10.199999809265137,12.369999885559082,9.359999656677246,11.869999885559082,8.282493889121533,10.04455395847292,7.600406020418759,9.638549348472921,8.891500804121533,0.0447038840465661,293.3999938964844,0.0,0.0,0.0,0.0,0.0,0.0,,,,,
pylon_camera_1771860634241108632.png,1771860634241108632,1771860634.2411087,42.30088500066911,-83.69863908027014,237.20970153808594,0.6801117576490624,-0.7327965789989248,-0.008554060470588008,-0.019595891519417073,-0.08788000000000001,-0.00841,-0.45360000000000006,-0.7017,-2.0837,-9.5324,3.807451150467327,8.517039776526383,10.149999618530273,12.319999694824219,9.550000190734863,11.719999313354492,8.241893273243065,10.003953342594452,7.754688205878468,9.516747500837518,8.879320580638375,0.042536000020859964,265.3999938964844,0.0,0.0,0.0,0.0,0.0,0.0,,,,,
pylon_camera_1771860634292568894.png,1771860634292568894,1771860634.292569,42.300882947591425,-83.69863915234077,237.210205078125,0.6879969649544223,-0.7254046741971947,-0.009791725078550112,-0.018771174346624373,-0.06617,-0.015310000000000002,-0.4113400000000001,-0.1889,-2.3240000000000003,-9.4399,3.8148055638961846,8.533491158101931,10.269999504089355,12.09999942779541,9.679999351501465,11.649999618530273,8.339334286715985,9.825311097364597,7.8602487230132105,9.459907103243065,8.871200302584214,0.039574558433994746,232.40000915527344,0.0,0.0,0.0,0.0,0.0,0.0,,,,,
pylon_camera_1771860634342350385.png,1771860634342350385,1771860634.3423502,42.30088157521161,-83.6986391521948,237.2103729248047,0.6948687624070399,-0.7188292650520263,-0.011218036282457487,-0.017777693822254026,-0.08944,-0.007150000000000001,-0.3573300000000001,0.0475,-1.7193,-9.3635,3.8266652005360644,8.560020453687144,10.09999942779541,12.0,9.809999465942383,11.539999961853027,8.201292657364597,9.74411064,7.965810014540291,9.370586367824306,8.8204499199323,0.030423930369579584,205.90000915527344,0.0,0.0,0.0,0.0,0.0,0.0,,,,,
pylon_camera_1771860634394742086.png,1771860634394742086,1771860634.394742,42.30087951647216,-83.69863909298331,237.2091064453125,0.702069080451223,-0.7118055370572121,-0.013005474544291344,-0.01620929736125808,-0.08801,-0.00404,-0.31406000000000006,-0.1068,-0.6277,-9.2982,3.830288790438927,8.568126206884454,10.59999942779541,11.889999389648438,9.889999389648438,11.380000114440918,8.607297267364597,9.654789130188902,8.030770690188904,9.240665016527082,8.883380526067372,0.03679384635226454,180.6999969482422,0.0,0.0,0.0,0.0,0.0,0.0,,,,,
pylon_camera_1771860634446392373.png,1771860634446392373,1771860634.4463923,42.300878145490515,-83.69863903120904,237.20709228515625,0.7073030593414512,-0.7066135634467103,-0.014172580272217504,-0.014791624920654521,-0.08717000000000001,0.008740000000000001,-0.27995000000000003,0.1233,-1.1967,-9.5464,3.8356403137544905,8.58009724344997,10.219999313354492,11.609999656677246,10.039999961853027,11.449999809265137,8.298733670837517,9.427426765418758,8.152572537824307,9.297505414121533,8.794059597050529,0.024937054619503,157.1999969482422,0.0,0.0,0.0,0.0,0.0,0.0,,,,,
pylon_camera_1771860634496296449.png,1771860634496296449,1771860634.4962964,42.30087608311372,-83.69863891786272,237.20306396484375,0.7119226914764045,-0.7019636104008006,-0.015370972611419344,-0.013300535141271564,-0.08038000000000001,0.01972,-0.24858000000000002,0.11620000000000001,-1.0291000000000001,-9.635100000000001,3.8328899040830935,8.573944742039636,10.269999504089355,11.569999694824219,10.1899995803833,11.369999885559082,8.339334286715985,9.394946427594453,8.274373611067372,9.23254473847292,8.810299765962682,0.027566660508570102,133.5,0.0,0.0,0.0,0.0,0.0,0.0,,,,,
pylon_camera_1771860634544823106.png,1771860634544823106,1771860634.544823,42.30087470621799,-83.6986388321362,237.2001190185547,0.715867182983713,-0.6979461793213662,-0.01583568371318323,-0.012431340193502215,-0.03807000000000001,0.010920000000000003,-0.20963,-0.3677,-1.5474,-10.3023,3.8320060271595504,8.571967562394285,10.609999656677246,11.50999927520752,10.219999313354492,11.229999542236328,8.615417545418758,9.346225533661823,8.298733670837517,9.118863168891679,8.844809979702443,0.03182961383395032,110.30000305175781,0.0,0.0,0.0,0.0,0.0,0.0,,,,,
pylon_camera_1771860634595543436.png,1771860634595543436,1771860634.5955436,42.30087263734306,-83.69863867685055,237.1959686279297,0.7190542375369475,-0.6946679019938559,-0.015891780507853084,-0.012039963949439148,-0.015520000000000003,0.006450000000000001,-0.16778,-0.5108,-1.7056,-10.622900000000001,3.8428390802962227,8.596200452277833,10.34999942779541,11.239999771118164,10.369999885559082,11.210000038146973,8.404294962364597,9.12698344694584,8.42053551847292,9.102623387175694,8.763609328739763,0.019474752524828613,88.0999984741211,0.0,0.0,0.0,0.0,0.0,0.0,,,,,
pylon_camera_1771860634645435896.png,1771860634645435896,1771860634.6454358,42.300871254492506,-83.69863856364279,237.19345092773438,0.7215140906368916,-0.6921077568364693,-0.01633719725465012,-0.011720321031123257,-0.01649,-0.01169,-0.12916000000000002,-0.4883,-0.6176,-10.4357,3.850924362535493,8.614286743530148,10.449999809265137,11.139999389648438,10.460000038146973,11.039999961853027,8.485496194121533,9.045782215188904,8.493616472175693,8.964581757824307,8.74736915982761,0.015449034871913821,67.70000457763672,0.0,0.0,0.0,0.0,0.0,0.0,,,,,
pylon_camera_1771860634696702946.png,1771860634696702946,1771860634.696703,42.300869179793025,-83.69863837071814,237.19093322753906,0.723368523431414,-0.6901560076484125,-0.01694751733252178,-0.011638130078499788,-0.00918,-0.023520000000000003,-0.09605000000000001,-0.6588,0.49100000000000005,-10.2195,3.851558870336198,8.615706099409856,10.5,11.029999732971191,10.510000228881836,11.0,8.52609681,8.956461479770146,8.534217088054161,8.93210142,8.737219199456078,0.014103672832403763,49.29999923706055,0.0,0.0,0.0,0.0,0.0,0.0,,,,,
pylon_camera_1771860634746303680.png,1771860634746303680,1771860634.7463038,42.300867799691765,-83.6986382345007,237.189453125,0.7247783167017355,-0.6886711768369267,-0.016971567098358425,-0.011847689364049585,0.007390000000000002,-0.00922,-0.07179000000000002,-0.22290000000000001,-0.3909,-9.542900000000001,3.8456545598912286,8.602498511203086,10.639999389648438,11.050000190734863,10.649999618530273,10.880000114440918,8.639777605188904,8.972702035878468,8.647897883243065,8.83466040652708,8.77375948270938,0.019908282609204762,32.5,0.0,0.0,0.0,0.0,0.0,0.0,,,,,
pylon_camera_1771860634797072595.png,1771860634797072595,1771860634.7970726,42.300865725674946,-83.69863801007223,237.18603515625,0.7257947100990694,-0.687602187331937,-0.01693656940651334,-0.011765346798205388,-0.00032,-0.00935,-0.055720000000000006,-0.8788,-0.3023,-10.840300000000001,3.8313475372208017,8.570494559910701,10.679999351501465,10.960000038146973,10.489999771118164,10.649999618530273,8.67225794301321,8.899621082175694,8.51797653194584,8.647897883243065,8.684438360094454,0.013294892072709065,16.80000114440918,0.0,0.0,0.0,0.0,0.0,0.0,,,,,
pylon_camera_1771860634847325216.png,1771860634847325216,1771860634.847325,42.30086434569695,-83.69863785757894,237.18572998046875,0.7264117194708829,-0.6869378667289889,-0.017475179046389545,-0.011704665158725347,-0.011270000000000002,-0.05203000000000001,-0.02451,-1.2596,1.0173,-11.5304,3.8246446681471706,8.555500643965132,10.479999542236328,10.809999465942383,10.59000015258789,10.679999351501465,8.509856253891678,8.77781923454029,8.599177763702775,8.67225794301321,8.639777798786987,0.009850639761368303,2.299999952316284,0.699999988079071,0.0,0.0,0.0,0.0,0.0,,,,,
pylon_camera_1771860634898042415.png,1771860634898042415,1771860634.8980424,42.30086227952126,-83.69863761745079,237.18814086914062,0.7267015001426812,-0.6866077971080227,-0.01823375571596103,-0.011924461972591213,-0.009950000000000002,-0.03563000000000001,-0.007930000000000001,-0.9830000000000001,0.3241,-9.5602,3.8225367381839024,8.550785331113099,10.569999694824219,10.6899995803833,10.719999313354492,10.75,8.582937207594453,8.680378221067372,8.704738280837518,8.729099115,8.674288206124835,0.014443454048876139,-9.40000057220459,5.425000190734863,0.0,0.0,0.0,0.0,0.0,,,,,
pylon_camera_1771860634947833217.png,1771860634947833217,1771860634.9478333,42.30086090242259,-83.69863745069972,237.190185546875,0.7265248277621663,-0.6867713207946068,-0.019073427730309653,-0.011959595887910537,-0.029760000000000005,-0.017410000000000002,0.021020000000000004,-1.1496,0.2615,-8.768500000000001,3.810226478750685,8.523248019376558,10.619999885559082,10.679999351501465,10.729999542236328,10.639999389648438,8.623537823472919,8.67225794301321,8.712858558891678,8.639777605188904,8.662107982641679,0.01629190690561157,-18.700000762939453,13.02500057220459,0.0,0.0,0.0,0.0,0.0,,,,,
pylon_camera_1771860634998877648.png,1771860634998877648,1771860634.9988778,42.30085884542247,-83.69863719320023,237.1904296875,0.7260454996430314,-0.6872701900992779,-0.01955378751899506,-0.011630461842299778,-0.031880000000000006,-0.0007400000000000001,0.035350000000000006,-0.6732,0.1646,-8.7987,3.800021868760059,8.500420919104128,10.779999732971191,10.559999465942383,10.859999656677246,10.59999942779541,8.753459174770146,8.57481692954029,8.81841985041876,8.607297267364597,8.68849830552345,0.022125655683312092,-27.399999618530273,15.90000057220459,0.0,0.0,0.0,0.0,0.0,,,,,
pylon_camera_1771860635048892102.png,1771860635048892102,1771860635.0488923,42.30085747990429,-83.69863701535489,237.18858337402344,0.7253528967117174,-0.6880013477799762,-0.019946456012443655,-0.010929756511491856,-0.039760000000000004,0.00491,0.052250000000000005,-0.045700000000000005,0.4429,-9.0901,3.8036112137625384,8.508450068513973,10.550000190734863,10.579999923706055,10.739999771118164,10.59000015258789,8.566697425878468,8.591057485648614,8.72097883694584,8.599177763702775,8.619477878043924,0.013049122770410988,-35.20000076293945,16.700000762939453,0.0,0.0,0.0,0.0,0.0,,,,,
pylon_camera_1771860635100353088.png,1771860635100353088,1771860635.100353,42.300855435872855,-83.69863676870915,237.18402099609375,0.7245151694481905,-0.6888837408740074,-0.02033574264877027,-0.01016948227867459,-0.035370000000000006,0.007290000000000001,0.05810000000000001,0.2154,0.0889,-9.6341,3.7971511348493165,8.493999259589831,10.630000114440918,10.519999504089355,10.699999809265137,10.479999542236328,8.631658101527082,8.542336591715985,8.688498499121533,8.509856253891678,8.59308736156407,0.011665659360914965,-41.70000076293945,16.5,0.0,0.0,0.0,0.0,0.0,,,,,
pylon_camera_1771860635151035171.png,1771860635151035171,1771860635.151035,42.30085339545966,-83.6986365427215,237.1783905029297,0.7235273208392983,-0.6899279083447157,-0.020372201506058046,-0.009626561794825237,-0.01716,0.015510000000000001,0.06580000000000001,0.46280000000000004,-0.1487,-9.860700000000001,3.797824161600003,8.495504780049512,10.869999885559082,10.59000015258789,10.649999618530273,10.479999542236328,8.826540128472919,8.599177763702775,8.647897883243065,8.509856253891678,8.645868007327609,0.017699151630307358,-46.5,16.5,0.0,0.0,0.0,0.0,0.0,,,,,
pylon_camera_1771860635202876375.png,1771860635202876375,1771860635.2028763,42.30085203224078,-83.69863640631777,237.1748809814453,0.7223587431478385,-0.6911581789033756,-0.020251182150937137,-0.009386562434359967,0.012790000000000001,0.025660000000000002,0.06763000000000001,0.29700000000000004,0.12760000000000002,-9.6632,3.7987311362111136,8.49753362783609,10.779999732971191,10.479999542236328,10.789999961853027,10.460000038146973,8.753459174770146,8.509856253891678,8.761579452824307,8.493616472175693,8.629627838415457,0.015545005923442948,-50.10000228881836,16.600000381469727,0.0,0.0,0.0,0.0,0.0,,,,,
pylon_camera_1771860635251035823.png,1771860635251035823,1771860635.251036,42.30084997799822,-83.69863620559403,237.17047119140625,0.7210663266264146,-0.6925103963090636,-0.02017437899425758,-0.009257323670924666,0.004030000000000001,0.023670000000000004,0.07475000000000001,-0.2671,-0.1773,-9.6807,3.8116519251656547,8.52643665748006,10.869999885559082,10.539999961853027,11.079999923706055,10.529999732971191,8.826540128472919,8.558577147824307,8.997062095648614,8.550456869770146,8.733159060428996,0.024244876406556364,-52.0,16.524999618530273,0.0,0.0,0.0,0.0,0.0,,,,,
pylon_camera_1771860635302111839.png,1771860635302111839,1771860635.3021116,42.300848601836975,-83.69863608356185,237.16766357421875,0.7196326352650807,-0.6940044698037233,-0.020204428806643197,-0.008857042987659396,-0.00464,0.01327,0.08610000000000002,-0.43460000000000004,0.6695,-10.6089,3.8370585698933954,8.583269797337332,10.989999771118164,10.59999942779541,11.039999961853027,10.59000015258789,8.92398114194584,8.607297267364597,8.964581757824307,8.599177763702775,8.77375948270938,0.022193137332248522,-53.900001525878906,16.875,0.0,0.0,0.0,0.0,0.0,,,,,
pylon_camera_1771860635352122771.png,1771860635352122771,1771860635.3521228,42.300846521676206,-83.69863590474802,237.16384887695312,0.7181954926310211,-0.6955061555189281,-0.019787647901374245,-0.00865280245334366,0.021340000000000005,0.026340000000000002,0.07748000000000001,0.9781000000000001,-0.0332,-10.3991,3.8743440739030888,8.666675232676775,11.289999961853027,10.65999984741211,11.139999389648438,10.65999984741211,9.167584062824305,8.656018161297226,9.045782215188904,8.656018161297226,8.881350650151916,0.024770215995371516,-54.5,17.975000381469727,0.0,0.0,0.0,0.0,0.0,,,,,
pylon_camera_1771860635404627633.png,1771860635404627633,1771860635.4046278,42.30084511991168,-83.69863578735026,237.1612091064453,0.7164078663956434,-0.6973546114979445,-0.019656166914263366,-0.008363605157561385,-0.012490000000000003,0.0011500000000000002,0.08019000000000001,0.3483,-0.023700000000000002,-10.0798,3.924278057543579,8.778374558041534,11.199999809265137,10.859999656677246,11.199999809265137,10.779999732971191,9.094503109121534,8.81841985041876,9.094503109121534,8.753459174770146,8.940221310857993,0.018436984175868528,-54.70000076293945,18.92500114440918,0.0,0.0,0.0,0.0,0.0,,,,,
pylon_camera_1771860635464122631.png,1771860635464122631,1771860635.4641225,42.30084299466277,-83.69863562439562,237.157470703125,0.7146417621849129,-0.6991643220519062,-0.019926551037392548,-0.007702926372165287,-0.02074,0.0005300000000000001,0.08358000000000002,0.5775,0.1029,-10.0905,3.975875331022471,8.893794562977407,11.329999923706055,10.899999618530273,11.34999942779541,10.929999351501465,9.200064400648614,8.850900188243065,9.216304182364599,8.87526024801321,9.035632254817372,0.01594793885057786,-54.60000228881836,20.75,0.0,0.0,0.0,0.0,0.0,,,,,
pylon_camera_1771860635505314135.png,1771860635505314135,1771860635.505314,42.30084155959832,-83.6986355231741,237.15538024902344,0.7134393072066268,-0.7003854102259848,-0.020258685714856433,-0.007363268853860311,-0.01674,-0.00055,0.08762000000000002,0.0869,0.5881000000000001,-9.784500000000001,4.007941382598391,8.965524396389645,11.449999809265137,11.050000190734863,11.50999927520752,11.039999961853027,9.297505414121533,8.972702035878468,9.346225533661823,8.964581757824307,9.145253685371532,0.020046712387985145,-54.400001525878906,20.80000114440918,0.0,0.0,0.0,0.0,0.0,,,,,
pylon_camera_1771860635564578821.png,1771860635564578821,1771860635.5645788,42.300839385413376,-83.69863537761341,237.15330505371094,0.7116000981400876,-0.7022476012122655,-0.020641265524965258,-0.006895293769270889,-0.011420000000000001,0.014580000000000003,0.08971000000000001,0.3672,0.8546,-9.5863,4.06488615395764,9.092906433234004,11.59999942779541,11.139999389648438,11.619999885559082,11.149999618530273,9.419306487364599,9.045782215188904,9.435547043472921,9.053902493243067,9.238634559817372,0.016026572763439054,-53.29999923706055,21.125,0.0,0.0,0.0,0.0,0.0,,,,,
pylon_camera_1771860635604861506.png,1771860635604861506,1771860635.6048615,42.300837918932295,-83.69863528769405,237.15187072753906,0.7103496498736357,-0.703507857017747,-0.020868076635614095,-0.0066778302037761835,-0.017280000000000004,0.0024000000000000002,0.08955,0.17900000000000002,0.43170000000000003,-10.2767,4.106913882925096,9.186919941270466,11.670000076293945,11.269999504089355,11.630000114440918,11.269999504089355,9.476147659351389,9.151343506715984,9.44366732152708,9.151343506715984,9.305625498577609,0.012921148553159924,-52.20000076293945,20.92500114440918,0.0,0.0,0.0,0.0,0.0,,,,,
pylon_camera_1771860635654419188.png,1771860635654419188,1771860635.6544192,42.30083569068777,-83.69863517108652,237.15037536621094,0.7088106391824943,-0.7050596207510789,-0.020867842969038965,-0.006553022040880526,-0.00075,0.00135,0.09124000000000002,0.4158,0.6831,-9.844100000000001,4.157697240281609,9.300519264675541,11.869999885559082,11.389999389648438,11.960000038146973,11.389999389648438,9.638549348472921,9.248784520188904,9.711630302175694,9.248784520188904,9.461937172756606,0.01735579525050271,-50.400001525878906,21.149999618530273,0.0,0.0,0.0,0.0,0.0,,,,,
pylon_camera_1771860635705610895.png,1771860635705610895,1771860635.705611,42.30083418682559,-83.69863510816106,237.1497039794922,0.7073741919579654,-0.706502972796466,-0.02078554044406635,-0.006577483562854924,0.004370000000000001,-0.007710000000000002,0.07659,1.48,0.022500000000000003,-10.1277,4.21837881515047,9.436260306762694,12.059999465942383,11.559999465942383,12.079999923706055,11.579999923706055,9.79283075954029,9.38682614954029,9.809071315648612,9.403066705648614,9.597948732594451,0.01713479922929636,-48.5,20.725000381469727,0.0,0.0,0.0,0.0,0.0,,,,,
pylon_camera_1771860635755347864.png,1771860635755347864,1771860635.755348,42.300831899168536,-83.69863503544106,237.1488494873047,0.705976167261434,-0.7078977032667982,-0.02082042790919853,-0.006708408911623878,0.013040000000000001,0.013100000000000002,0.07425000000000001,0.9595,0.0162,-9.6015,4.26671735882042,9.544390728639751,12.119999885559082,11.699999809265137,12.469999313354492,11.729999542236328,9.84155165347292,9.500507719121533,10.125754415837518,9.524867778891679,9.74817039183091,0.02135072515207076,-46.900001525878906,20.774999618530273,0.0,0.0,0.0,0.0,0.0,,,,,
pylon_camera_1771860635806623160.png,1771860635806623160,1771860635.8066232,42.30083035349908,-83.6986349930147,237.14752197265625,0.7045193940934565,-0.7093391309357511,-0.021166848787776554,-0.0065103903030148454,-0.015820000000000004,0.010000000000000002,0.08062000000000001,0.5498000000000001,0.4717,-9.5039,4.323388999566871,9.671161788691116,12.25,11.899999618530273,12.329999923706055,11.920000076293945,9.947112945,9.662909408243065,10.012073620648613,9.679149964351387,9.825311484560768,0.015939108375780203,-45.60000228881836,20.399999618530273,0.0,0.0,0.0,0.0,0.0,,,,,
pylon_camera_1771860635856395776.png,1771860635856395776,1771860635.8563957,42.30082800981007,-83.6986349287851,237.144775390625,0.7030420627480785,-0.7107973260231056,-0.02149554116740939,-0.006079558803890379,-0.019400000000000004,0.01675,0.08667000000000001,0.1751,0.9397000000000001,-9.59,4.368895231316939,9.772956498742115,12.4399995803833,12.130000114440918,12.639999389648438,12.029999732971191,10.101394356067372,9.84967193152708,10.263796045188904,9.768470699770145,9.995833258138376,0.022805459067064045,-44.10000228881836,20.600000381469727,0.0,0.0,0.0,0.0,0.0,,,,,
pylon_camera_1771860635907640257.png,1771860635907640257,1771860635.9076402,42.300826429661626,-83.69863488953882,237.14227294921875,0.7015929860096818,-0.7122326802607641,-0.02142351992736195,-0.005737939047152158,-0.006300000000000001,0.018910000000000003,0.08696000000000001,0.3144,1.1734,-9.7317,4.419010519379721,9.885061391221273,12.569999694824219,12.269999504089355,12.630000114440918,12.179999351501465,10.206955647594452,9.963352726715986,10.255676541527082,9.890271773013211,10.079064172212682,0.01962585494549377,-42.29999923706055,20.75,0.0,0.0,0.0,0.0,0.0,,,,,
pylon_camera_1771860635957694033.png,1771860635957694033,1771860635.957694,42.300824030761525,-83.69863484716716,237.13827514648438,0.7002513144822907,-0.7135612308481554,-0.021186188032111884,-0.005441675565237489,-0.00474,0.014240000000000001,0.07476000000000001,0.8668,0.7283000000000001,-10.2705,4.476857316621765,10.014461205843892,12.739999771118164,12.389999389648438,12.729999542236328,12.369999885559082,10.34499727694584,10.060793740188904,10.336876998891679,10.04455395847292,10.196805493624836,0.018208097673246597,-40.0,20.950000762939453,0.0,0.0,0.0,0.0,0.0,,,,,
