image_filename,timestamp_ns,timestamp_sec,latitude,longitude,altitude,orientation_x,orientation_y,orientation_z,orientation_w,angular_velocity_x,angular_velocity_y,angular_velocity_z,linear_acceleration_x,linear_acceleration_y,linear_acceleration_z,vehicle_speed_mps,vehicle_speed_mph,wheel_speed_fl_rads,wheel_speed_fr_rads,wheel_speed_rl_rads,wheel_speed_rr_rads,wheel_speed_fl_mph,wheel_speed_fr_mph,wheel_speed_rl_mph,wheel_speed_rr_mph,avg_wheel_speed_mph,wheel_slip,steering_angle_deg,throttle_pedal,brake_pedal,brake_torque_actual,abs_active,esc_active,trac_active,marwis_road_condition,marwis_friction,marwis_surface_temp_c,marwis_ice_percent,marwis_water_film_height
pylon_camera_1771860527294390223.png,1771860527294390223,1771860527.2943902,42.30096854964997,-83.69730766290546,238.88844299316406,-0.03837939838188542,-0.9991702951563342,-0.009821115785176485,-0.009449272023969875,0.0027700000000000003,0.004570000000000001,-0.0008800000000000001,1.8445,-0.13040000000000002,-10.2402,1.2711267153285997,2.8434341945871577,3.3499999046325684,3.319999933242798,8.720000267028809,3.2899999618530273,2.7202308095607663,2.6958705561925367,7.080720615229854,2.6715103028243066,3.7920830709518656,0.333627863859337,-1.3000000715255737,28.225000381469727,0.0,200.0,0.0,0.0,0.0,,,,,
pylon_camera_1771860527332021411.png,1771860527332021411,1771860527.3320215,42.30096857696382,-83.69730830767287,238.88809204101562,-0.0383573009976263,-0.9991730085101096,-0.00970473556985851,-0.009372013260393148,0.013480000000000002,-0.00131,-0.005180000000000001,2.7896,0.1375,-9.967500000000001,1.3488596253379659,3.0173180503035097,3.68999981880188,3.609999895095825,7.279999732971191,3.4700000286102295,2.9963138746654563,2.931353199016843,5.911426904770146,2.81767201663177,3.664191498771054,0.21438689514434042,-0.699999988079071,28.30000114440918,0.0,144.0,0.0,0.0,0.0,,,,,
pylon_camera_1771860527380939969.png,1771860527380939969,1771860527.38094,42.3009686087063,-83.69730900352197,238.88821411132812,-0.038302368421103294,-0.999173908130454,-0.00964856182743186,-0.00955694194348997,0.006970000000000001,-0.0122,-0.005730000000000001,2.5544000000000002,0.4459,-10.3681,1.476877274881014,3.3036858512723355,3.859999895095825,3.759999990463257,5.21999979019165,3.9700000286102295,3.1343555040168427,3.0531546594560766,4.238687958033686,3.2236766266317702,3.4124686870345937,0.032927717906459875,0.0,28.149999618530273,0.0,60.0,0.0,0.0,0.0,,,,,
pylon_camera_1771860527430904265.png,1771860527430904265,1771860527.4309044,42.30096865612601,-83.6973101312625,238.88937377929688,-0.03823259484887048,-0.9991702425423328,-0.009757057285325983,-0.010094302459748697,-0.00253,-0.018670000000000003,0.0013200000000000002,1.6743000000000001,1.3051000000000001,-10.2649,1.5927023828029547,3.562779668187242,4.210000038146973,4.210000038146973,4.130000114440918,4.019999980926514,3.4185588471756936,3.4185588471756936,3.3535981715270804,3.2642770489121533,3.3637482286976548,0.0558640887245366,0.10000000149011612,28.200000762939453,0.0,0.0,0.0,0.0,0.0,,,,,
pylon_camera_1771860527481695326.png,1771860527481695326,1771860527.4816952,42.30096868596561,-83.69731093503788,238.89047241210938,-0.03816103052211012,-0.9991671635936921,-0.00980129174687565,-0.010613652798129793,-0.00591,-0.025310000000000003,0.0005400000000000001,1.9367,0.8697,-9.8558,1.7107782330725207,3.826908260689245,4.549999713897705,4.509999752044678,4.519999980926514,4.619999885559082,3.694641718682299,3.6621613808579925,3.6702816589121534,3.7514825034729196,3.6946418154813414,0.034562219995334195,0.6000000238418579,28.125,0.0,0.0,0.0,0.0,0.0,,,,,
pylon_camera_1771860527532063073.png,1771860527532063073,1771860527.532063,42.30096873494655,-83.69731223203569,238.8922119140625,-0.03814545797738211,-0.9991655589477084,-0.009589717590707609,-0.01100668728272578,0.0032700000000000003,-0.019500000000000003,0.0024600000000000004,2.5749,0.1278,-9.7591,1.832272813266036,4.098684346907326,4.849999904632568,4.849999904632568,4.900000095367432,4.949999809265137,3.9382446395607666,3.9382446395607666,3.978845255439234,4.019445484121532,3.9686950046705753,0.03171489464291996,1.2000000476837158,28.200000762939453,0.0,0.0,0.0,0.0,0.0,,,,,
pylon_camera_1771860527583542600.png,1771860527583542600,1771860527.5835426,42.30096877186719,-83.69731315931269,238.8928680419922,-0.038213723378011266,-0.9991624904393515,-0.00941193942997103,-0.011200198247723735,0.006120000000000001,-0.007790000000000001,-0.0014600000000000004,2.5985,0.048,-9.5135,1.951134760908396,4.364571392066428,5.539999961853027,5.329999923706055,5.339999675750732,5.269999980926514,4.498531047824307,4.328009080648613,4.336128971506605,4.279288573912154,4.36048941847292,0.000935251878552874,2.0,28.075000762939453,0.0,0.0,0.0,0.0,0.0,,,,,
pylon_camera_1771860527635132119.png,1771860527635132119,1771860527.635132,42.30096883428668,-83.69731463145804,238.89320373535156,-0.038098389375593456,-0.9991648425262372,-0.009408601239676875,-0.01138456890788812,-0.018400000000000003,-0.010650000000000001,-0.005280000000000001,2.1270000000000002,0.26030000000000003,-9.918800000000001,2.0960478675259253,4.688733316783444,6.639999866485596,5.639999866485596,5.679999828338623,5.62999963760376,5.391741112385073,4.579731892385073,4.612212230209379,4.571611614330912,4.78882421232761,0.02134710779687293,3.5,27.975000381469727,0.0,0.0,0.0,0.0,0.0,,,,,
pylon_camera_1771860527683821841.png,1771860527683821841,1771860527.683822,42.30096887935907,-83.69731567435065,238.89358520507812,-0.03784542519585843,-0.9991707545084192,-0.009507775026608952,-0.01162451465069535,-0.0055000000000000005,-0.010220000000000002,-0.010510000000000002,2.1574,-0.4435,-9.782300000000001,2.187401058479129,4.893084923754303,8.779999732971191,5.920000076293945,5.989999771118164,6.059999942779541,7.129440734770146,4.807094644351388,4.863935041945839,4.92077582673646,5.430311561950958,0.10979303375434954,4.700000286102295,28.25,0.0,0.0,0.0,0.0,0.0,,,,,
pylon_camera_1771860527733770550.png,1771860527733770550,1771860527.7337706,42.3009689480077,-83.69731731183919,238.89437866210938,-0.03738065370978105,-0.9991802589732787,-0.009815159831137616,-0.012048213303655606,-0.011830000000000002,-0.02401,-0.019930000000000003,1.9424000000000001,-0.5858,-10.1681,2.294056919806706,5.131667686192412,12.889999389648438,6.359999656677246,6.259999752044678,6.289999961853027,10.466798350188904,5.164378360418758,5.083177515857992,5.107537962824306,6.4554730473224895,0.25796786582498143,5.400000095367432,28.0,0.0,0.0,0.0,0.0,0.0,,,,,
pylon_camera_1771860527784727462.png,1771860527784727462,1771860527.7847276,42.300968992985815,-83.69731845047328,238.895263671875,-0.03692688331472899,-0.999190332857688,-0.009968469700384053,-0.0124785265250174,0.0024100000000000002,-0.01692,-0.00884,2.1019,0.2452,-10.2133,2.424452463646774,5.423354694030015,16.170000076293945,6.579999923706055,6.609999656677246,6.699999809265137,13.130189149351388,5.343020605648613,5.367380665418758,5.440461619121533,7.320263009885072,0.349766597036915,5.900000095367432,28.149999618530273,0.0,0.0,0.0,0.0,0.0,,,,,
pylon_camera_1771860527834495757.png,1771860527834495757,1771860527.8344958,42.30096906053861,-83.69732025366454,238.89739990234375,-0.03678191669849201,-0.9991904347995777,-0.0096991747882255,-0.013095480802311377,0.014450000000000003,-0.03521,-0.0015900000000000003,1.5171000000000001,0.12610000000000002,-9.3773,2.5205423029528915,5.638301899167441,19.229999542236328,6.809999942779541,7.099999904632568,6.899999618530273,15.614936928891678,5.529782741736461,5.765265384560767,5.602863308243065,8.128212090857993,0.4416063978514905,6.400000095367432,27.92500114440918,0.0,0.0,0.0,0.0,0.0,,,,,
pylon_camera_1771860527885631866.png,1771860527885631866,1771860527.8856318,42.30096910688997,-83.69732151543681,238.89859008789062,-0.03679725320768751,-0.9991818496098283,-0.009272161478820772,-0.013986443013239163,-0.0007400000000000001,-0.015930000000000003,0.008610000000000001,1.374,-0.12940000000000002,-9.6236,2.6555203644933605,5.940239724149778,20.619998931884766,7.179999828338623,7.25,7.839999675750732,16.743629249080584,5.83022606020938,5.887066845,6.366152021506606,8.706768543949142,0.46572679694258207,6.599999904632568,27.42500114440918,0.0,44.0,0.0,0.0,0.0,,,,,
pylon_camera_1771860527935611558.png,1771860527935611558,1771860527.9356117,42.30096917198869,-83.69732348108045,238.8997802734375,-0.036896894151170145,-0.9991679221392138,-0.00920862659711056,-0.01474054836830869,0.0008800000000000001,-0.025030000000000004,0.0019700000000000004,0.9812000000000001,0.1708,-10.1639,2.7513170645781075,6.154531194437352,18.56999969482422,7.519999980926514,7.819999694824219,8.899999618530273,15.079010967594453,6.106309318912153,6.349911852594452,7.226881748243065,8.69052847183603,0.41205368813319004,6.5,27.75,0.0,436.0,0.0,0.0,0.0,,,,,
pylon_camera_1771860527986528163.png,1771860527986528163,1771860527.9865282,42.30096922046659,-83.69732484062438,238.90109252929688,-0.03686625850621761,-0.9991634730192496,-0.008983012888431532,-0.015249217924543335,0.016370000000000003,-0.02355,-0.00825,1.2950000000000002,0.06380000000000001,-9.8985,2.8498486542409336,6.374940448617714,14.869999885559082,7.819999694824219,10.219999313354492,8.609999656677246,12.07457700847292,6.349911852594452,8.298733670837517,6.9913991054187585,8.428655409330911,0.3221543757571111,5.900000095367432,27.75,0.0,412.0,0.0,0.0,0.0,,,,,
pylon_camera_1771860528036563936.png,1771860528036563936,1771860528.0365639,42.30096930053618,-83.6973269475776,238.90419006347656,-0.03666324727604264,-0.9991607181583682,-0.009057278327847335,-0.015862890585324224,0.01208,-0.03465000000000001,-0.013950000000000002,2.1626000000000003,0.6017,-10.1709,2.9625834130431845,6.627121339972821,9.989999771118164,8.929999351501465,12.75999927520752,9.679999351501465,8.11197192194584,7.25124180801321,10.361237058661825,7.8602487230132105,8.396174877908521,0.2669414738591394,5.200000286102295,27.67500114440918,0.0,340.0,0.0,0.0,0.0,,,,,
pylon_camera_1771860528087579563.png,1771860528087579563,1771860528.0875797,42.30096935395478,-83.6973283984919,238.9064483642578,-0.03622563256230471,-0.9991611526111559,-0.00942526512582439,-0.016609004651542678,-0.007100000000000001,-0.031020000000000002,-0.024620000000000003,2.5167,1.5564,-9.9895,3.066911992378407,6.860498112230955,8.420000076293945,11.010000228881836,14.9399995803833,8.460000038146973,6.837117694351387,8.940221698054161,12.131417406067373,6.869598032175693,8.694588707662154,0.26734073319856566,4.5,27.67500114440918,0.0,120.0,0.0,0.0,0.0,,,,,
pylon_camera_1771860528137522668.png,1771860528137522668,1771860528.1375227,42.30096943948709,-83.69733065535783,238.90966796875,-0.035800806884841274,-0.9991609136707377,-0.00960926571038077,-0.017419323510352382,-0.04275000000000001,-0.014310000000000002,-0.015040000000000003,1.7653,-0.7692,-8.696900000000001,3.1392710787853453,7.022361046978091,8.760000228881836,13.649999618530273,15.25,8.75,7.113200953054162,11.083925543243065,12.383140605000001,7.105080675000001,9.421336944074307,0.341619560863872,3.9000000953674316,27.600000381469727,0.0,120.0,0.0,0.0,0.0,,,,,
pylon_camera_1771860528188479673.png,1771860528188479673,1771860528.1884797,42.30096949107175,-83.6973322043121,238.91062927246094,-0.03549631582013807,-0.9991616567893434,-0.009991474328747146,-0.017781046254627397,-0.049300000000000004,0.0028000000000000004,-0.009040000000000001,0.9591000000000001,-1.4913,-9.3038,3.2335483067595274,7.233253549322658,8.949999809265137,16.219999313354492,13.679999351501465,9.09999942779541,7.267482364121533,13.170788990837517,11.108285603013211,7.389283437364598,9.733960098834215,0.34572361281953545,3.799999952316284,27.625,0.0,212.0,0.0,0.0,0.0,,,,,
pylon_camera_1771860528238029752.png,1771860528238029752,1771860528.2380297,42.3009695707191,-83.69733459745517,238.90927124023438,-0.03526386809096366,-0.9991681773578616,-0.010329049613549426,-0.017683995496291686,-0.0077800000000000005,0.014260000000000002,-0.006660000000000001,1.4427,-1.6163,-9.802900000000001,3.35273725504899,7.499872075309288,9.059999465942383,17.399999618530273,10.1899995803833,9.559999465942383,7.356803099540292,14.128960118243066,8.274373611067372,7.762807709540291,9.380736134597756,0.25078615213725536,3.9000000953674316,27.524999618530273,0.0,180.0,0.0,0.0,0.0,,,,,
pylon_camera_1771860528289169488.png,1771860528289169488,1771860528.2891693,42.300969630721,-83.69733625973679,238.90744018554688,-0.034945577335395106,-0.9991692282561538,-0.010934252655080861,-0.017891395964891615,-0.00638,-0.021180000000000004,-0.02161,2.4166000000000003,-2.1550000000000002,-10.352,3.49220335466054,7.811849372174349,9.5,15.59999942779541,9.460000038146973,9.65999984741211,7.714087590000001,12.667343367364598,7.681607252175693,7.844008941297226,8.97676178770938,0.14912120805662565,4.300000190734863,27.399999618530273,0.0,0.0,0.0,0.0,0.0,,,,,
pylon_camera_1771860528339373192.png,1771860528339373192,1771860528.3393734,42.30096971675334,-83.69733883441192,238.90579223632812,-0.034676164620792704,-0.9991610095634695,-0.011451611598235443,-0.018539179245671982,-0.005000000000000001,-0.07173,-0.007630000000000001,2.3358000000000003,1.0722,-12.231200000000001,3.610486797812889,8.076442337499564,9.809999465942383,12.369999885559082,9.90999984741211,9.859999656677246,7.965810014540291,10.04455395847292,8.047011246297227,8.00641063041876,8.5159464624323,0.05441803538819103,4.5,27.524999618530273,0.0,0.0,0.0,0.0,0.0,,,,,
pylon_camera_1771860528390574584.png,1771860528390574584,1771860528.3905747,42.30096981972421,-83.69734150350985,238.90664672851562,-0.03447824228223967,-0.9991447107775656,-0.011271539490196242,-0.019850696004496453,0.024940000000000004,-0.05782000000000001,-0.007170000000000001,2.0553,2.3306,-8.7921,3.7211626051075606,8.324017477869306,10.069999694824219,10.039999961853027,10.149999618530273,10.239999771118164,8.176932597594453,8.152572537824307,8.241893273243065,8.31497422694584,8.221593158901916,0.012304673703497297,4.599999904632568,27.600000381469727,0.0,0.0,0.0,0.0,0.0,,,,,
pylon_camera_1771860528441056458.png,1771860528441056458,1771860528.4410565,42.30096988443868,-83.69734333264928,238.90835571289062,-0.034317127741735176,-0.9991221723297231,-0.010948347204862176,-0.021385817641004355,0.02476,-0.03735,-0.006060000000000001,1.6994,1.7482,-9.5771,3.8050963892984844,8.511772317077352,10.369999885559082,10.329999923706055,10.40999984741211,10.469999313354492,8.42053551847292,8.388055180648614,8.453015856297226,8.501735975837518,8.44083563281407,0.008333949924971601,4.700000286102295,27.67500114440918,0.0,0.0,0.0,0.0,0.0,,,,,
pylon_camera_1771860528491400660.png,1771860528491400660,1771860528.4914007,42.30096999880438,-83.69734614009688,238.90899658203125,-0.03413866611666283,-0.999110722116408,-0.010598101431942765,-0.02236060539974836,0.0004900000000000001,-0.03645000000000001,-0.00783,1.4311,0.4148,-9.277800000000001,3.897431328040097,8.718320034946014,10.65999984741211,10.609999656677246,10.779999732971191,10.699999809265137,8.656018161297226,8.615417545418758,8.753459174770146,8.688498499121533,8.678348345151916,0.004584792670362923,4.700000286102295,27.850000381469727,0.0,28.0,0.0,0.0,0.0,,,,,
pylon_camera_1771860528541422709.png,1771860528541422709,1771860528.5414226,42.300970077405715,-83.69734805463999,238.907470703125,-0.0339380106894408,-0.999114680315488,-0.010613818380195511,-0.02248141160860907,-0.009170000000000001,-0.013830000000000002,-0.00846,1.6166,0.8731,-9.2912,3.988783449861909,8.9226692503341,11.130000114440918,10.859999656677246,11.010000228881836,11.010000228881836,9.037662711527082,8.81841985041876,8.940221698054161,8.940221698054161,8.93413148951354,0.0012846199783782602,4.5,27.475000381469727,0.0,0.0,0.0,0.0,0.0,,,,,
pylon_camera_1771860528592670532.png,1771860528592670532,1771860528.5926704,42.30097018584954,-83.69735098947378,238.9027862548828,-0.03372827353849117,-0.9991235803224274,-0.010838403045620976,-0.022293582646747617,-0.018800000000000004,0.016870000000000003,-0.014240000000000001,1.992,-0.3861,-9.3468,4.075501418129271,9.116652142270091,11.199999809265137,11.5,11.239999771118164,11.449999809265137,9.094503109121534,9.33810603,9.12698344694584,9.297505414121533,9.214274500047226,0.01070813674292797,4.400000095367432,27.75,0.0,0.0,0.0,0.0,0.0,,,,,
pylon_camera_1771860528643283421.png,1771860528643283421,1771860528.6432834,42.30097024968883,-83.69735299699501,238.89906311035156,-0.03347318700466323,-0.9991287728220651,-0.01115661278763067,-0.022288361580243582,-0.029270000000000004,-0.007480000000000001,-0.010360000000000001,1.3574000000000002,-2.2858,-10.4611,4.174773091614615,9.338716919556397,11.5,11.779999732971191,11.559999465942383,11.609999656677246,9.33810603,9.565468394770146,9.38682614954029,9.427426765418758,9.4294568349323,0.009716529171783976,4.099999904632568,27.600000381469727,0.0,0.0,0.0,0.0,0.0,,,,,
pylon_camera_1771860528695834023.png,1771860528695834023,1771860528.6958342,42.30097035030978,-83.6973560767676,238.8942108154297,-0.033444350514682086,-0.9991156353211927,-0.011475201971652756,-0.022753953834229557,0.0007300000000000002,-0.024120000000000006,0.007450000000000001,0.6372,0.7207,-9.562000000000001,4.291083829688169,9.598897061982655,11.989999771118164,11.789999961853027,11.920000076293945,11.929999351501465,9.73599036194584,9.573588672824306,9.679149964351387,9.687269468013211,9.668999616783687,0.007303188517218291,4.200000286102295,27.5,0.0,0.0,0.0,0.0,0.0,,,,,
pylon_camera_1771860528743546075.png,1771860528743546075,1771860528.743546,42.30097042096642,-83.69735818239181,238.8912353515625,-0.03328159955967336,-0.9991139239495108,-0.011051783620025695,-0.023271445588456088,0.021530000000000004,-0.046990000000000004,-0.010750000000000001,1.4677,-0.6158,-10.6204,4.393727772255558,9.82850540286935,12.069999694824219,12.130000114440918,12.09999942779541,12.139999389648438,9.800951037594453,9.84967193152708,9.825311097364597,9.857791435188904,9.833431375418758,0.0005011924344031077,4.400000095367432,27.55000114440918,0.0,0.0,0.0,0.0,0.0,,,,,
pylon_camera_1771860528794767853.png,1771860528794767853,1771860528.7947679,42.30097053236459,-83.69736141445796,238.88780212402344,-0.03311453967327327,-0.9990864359826581,-0.01120353078951479,-0.0245805125159281,-0.00892,-0.03313000000000001,-0.00676,0.8962,0.233,-10.4567,4.495260368347999,10.055627728372373,12.239999771118164,12.399999618530273,12.550000190734863,12.369999885559082,9.93899266694584,10.068914018243065,10.190715865878467,10.04455395847292,10.060794127385073,0.0005137818495529741,4.599999904632568,27.850000381469727,0.0,0.0,0.0,0.0,0.0,,,,,
pylon_camera_1771860528844669715.png,1771860528844669715,1771860528.8446696,42.30097061417972,-83.6973636021905,238.88623046875,-0.03282277873634015,-0.9990704821378844,-0.011747221249374397,-0.025354283853397004,-0.032670000000000005,-0.0020800000000000003,-0.012540000000000003,0.6447,0.11810000000000001,-8.9943,4.5623285916548895,10.20565531981649,12.609999656677246,12.829999923706055,12.619999885559082,12.799999237060547,10.23943598541876,10.418078230648614,10.24755626347292,10.39371739648613,10.324696969006606,0.011664282739293666,4.900000095367432,27.774999618530273,0.0,0.0,0.0,0.0,0.0,,,,,
pylon_camera_1771860528895802218.png,1771860528895802218,1771860528.895802,42.30097072934078,-83.69736693497259,238.8825225830078,-0.032502576531370286,-0.999078600294871,-0.01246532964931538,-0.025102758979793777,-0.046520000000000006,0.02731,-0.01012,0.8356,0.3019,-10.4147,4.635202383935837,10.368669620721432,12.9399995803833,12.859999656677246,12.859999656677246,13.00999927520752,10.507398966067372,10.442438290418758,10.442438290418758,10.564239363661825,10.48912872764168,0.01161760489306302,5.099999904632568,27.975000381469727,0.0,0.0,0.0,0.0,0.0,,,,,
pylon_camera_1771860528945377643.png,1771860528945377643,1771860528.9453776,42.30097080323149,-83.69736920162156,238.88015747070312,-0.032278116838473814,-0.999096874449187,-0.012636931777599841,-0.024573697208101812,-0.017040000000000003,0.027940000000000003,-0.0007300000000000002,1.2117,0.31570000000000004,-9.5924,4.726750635805915,10.573457567259684,13.219999313354492,13.229999542236328,13.279999732971191,13.09000015258789,10.734761330837516,10.742881608891679,10.783482224770147,10.629200813702774,10.722581494550528,0.014103610511721456,5.599999904632568,27.850000381469727,0.0,0.0,0.0,0.0,0.0,,,,,
pylon_camera_1771860528996159841.png,1771860528996159841,1771860528.9961598,42.300970919403994,-83.69737265937908,238.87644958496094,-0.032060537227801555,-0.9991169348351456,-0.012505225585543556,-0.024105845999319385,0.004730000000000001,0.03266000000000001,-0.00415,1.5918,-0.1184,-9.873800000000001,4.820126468455045,10.782333702345829,13.50999927520752,13.420000076293945,13.5,13.460000038146973,10.970243973661823,10.897163794351389,10.962124470000001,10.929644132175694,10.939794092547228,0.01460355378976457,6.599999904632568,27.600000381469727,0.0,0.0,0.0,0.0,0.0,,,,,
pylon_camera_1771860529045962494.png,1771860529045962494,1771860529.0459626,42.30097099574322,-83.69737500811846,238.87359619140625,-0.03181410642942256,-0.9991290936865234,-0.012561360270150757,-0.023898305576072244,0.012900000000000002,0.0035100000000000005,-0.027890000000000005,1.6284,-0.4384,-8.2006,4.912540254803993,10.989057797581244,13.729999542236328,13.670000076293945,13.609999656677246,13.699999809265137,11.148886218891679,11.100166099351387,11.051445205418759,11.124526159121533,11.10625592069584,0.010664983775077784,7.800000190734863,27.5,0.0,0.0,0.0,0.0,0.0,,,,,
pylon_camera_1771860529097580461.png,1771860529097580461,1771860529.0975804,42.30097112087646,-83.69737859740886,238.8671417236328,-0.03143494805629543,-0.9991495516960485,-0.012721052695574853,-0.023456176257007615,0.009670000000000002,0.02142,-0.024620000000000003,0.9173,0.26890000000000003,-9.561,4.995487283881734,11.174605324806407,13.869999885559082,14.25,13.84999942779541,14.0,11.26256778847292,11.571131385000001,11.246327232364598,11.368129080000001,11.362038871459381,0.016773169271302308,8.600000381469727,27.75,0.0,0.0,0.0,0.0,0.0,,,,,
pylon_camera_1771860529147251534.png,1771860529147251534,1771860529.1472514,42.30097121532923,-83.69738103029476,238.86155700683594,-0.030871541023653526,-0.9991834316970915,-0.012446802425724006,-0.022901853336000987,0.02772,0.027660000000000004,-0.028490000000000005,0.5048,-0.1486,-9.7447,5.079586609668149,11.36273047063107,14.09999942779541,14.139999389648438,14.170000076293945,14.069999694824219,11.449329537364598,11.481809875188905,11.506170709351387,11.424969477594452,11.465569899874835,0.009050591273776273,9.0,27.825000762939453,0.0,0.0,0.0,0.0,0.0,,,,,
pylon_camera_1771860529198756412.png,1771860529198756412,1771860529.1987565,42.300971347686136,-83.69738474589656,238.85313415527344,-0.030356806890401267,-0.9992122976171571,-0.01231984780169115,-0.02239352397912844,0.00248,0.029470000000000003,-0.018410000000000003,0.8419000000000001,0.3466,-8.591000000000001,5.166886390895695,11.558014843250218,14.139999389648438,14.4399995803833,14.539999961853027,14.210000038146973,11.481809875188905,11.725412796067372,11.806614027824308,11.538651047175694,11.638121936564069,0.006930869565428241,9.100000381469727,27.850000381469727,0.0,0.0,0.0,0.0,0.0,,,,,
pylon_camera_1771860529248007143.png,1771860529248007143,1771860529.248007,42.300971425264926,-83.69738726453078,238.8474578857422,-0.029971772390497753,-0.9992345103437346,-0.01276484543119297,-0.02165975343828146,-0.012950000000000003,0.03780000000000001,-0.0008000000000000001,2.3077,2.1239,-10.743500000000001,5.25315043605597,11.750982336431042,14.679999351501465,14.719999313354492,14.65999984741211,14.589999198913574,11.92029482301321,11.952775160837517,11.904055041297227,11.847213869310437,11.906084723614597,0.013199099678900783,9.300000190734863,27.850000381469727,0.0,0.0,0.0,0.0,0.0,,,,,
pylon_camera_1771860529299109793.png,1771860529299109793,1771860529.29911,42.300971547226204,-83.69739110236418,238.8402099609375,-0.02963587468326173,-0.9992543264052773,-0.012637148585585602,-0.021279299042014324,0.0027800000000000004,0.0159,-0.00768,2.2884,2.2522,-10.5168,5.3446268875851,11.955609669914615,14.929999351501465,14.9399995803833,14.899999618530273,15.0,12.123297128013212,12.131417406067373,12.098937068243064,12.180138300000001,12.133447475580914,0.014874842067971968,9.40000057220459,27.700000762939453,0.0,0.0,0.0,0.0,0.0,,,,,
pylon_camera_1771860529349283312.png,1771860529349283312,1771860529.3492832,42.30097162806893,-83.6973937009347,238.83570861816406,-0.029209001263798606,-0.9992752894078434,-0.011808877187185133,-0.021360726664146738,0.01666,-0.014920000000000001,-0.006060000000000001,0.9389000000000001,0.8651000000000001,-9.047500000000001,5.4326835030146245,12.152587035233536,15.0,15.019999504089355,15.039999961853027,15.139999389648438,12.180138300000001,12.196378081715984,12.212618637824306,12.293819095188905,12.2207385286823,0.005607982337520049,9.40000057220459,27.649999618530273,0.0,0.0,0.0,0.0,0.0,,,,,
pylon_camera_1771860529400705823.png,1771860529400705823,1771860529.4007058,42.30097175335804,-83.69739766556529,238.8272247314453,-0.028663771761907375,-0.9993053839412183,-0.011204230506450943,-0.021014353029161055,0.00572,0.0035300000000000006,-0.024310000000000002,0.8117000000000001,-1.4354,-11.0478,5.515400688653373,12.337620416476277,15.380000114440918,15.380000114440918,15.34999942779541,15.389999389648438,12.48870189652708,12.48870189652708,12.464341062364598,12.496821400188903,12.484641563901917,0.011916491386726472,9.5,27.55000114440918,0.0,0.0,0.0,0.0,0.0,,,,,
pylon_camera_1771860529450435933.png,1771860529450435933,1771860529.4504359,42.300971872185315,-83.6974016981623,238.8194122314453,-0.02817673083504374,-0.9993194842544657,-0.011552544823296564,-0.020812951182942907,-0.044930000000000005,0.0037400000000000007,-0.012830000000000001,-0.22260000000000002,-1.1648,-12.344700000000001,5.57880435617747,12.479450616507629,15.579999923706055,15.739999771118164,15.479999542236328,15.710000038146973,12.651103585648613,12.781024936945839,12.56990235389168,12.756664877175693,12.689673938415456,0.016845559020823186,9.5,27.55000114440918,0.0,0.0,0.0,0.0,0.0,,,,,
pylon_camera_1771860529501483878.png,1771860529501483878,1771860529.5014837,42.30097194795063,-83.69740442103786,238.8183135986328,-0.027734213836865362,-0.999321900128251,-0.011937591356681793,-0.02107242794539947,-0.01169,-0.017910000000000002,-0.017610000000000004,0.2777,-1.5106000000000002,-10.9687,5.663931096265445,12.669874026480025,15.829999923706055,15.880000114440918,15.809999465942383,15.839999198913574,12.854105890648613,12.894706506527081,12.837865334540291,12.862225394310435,12.862225781506606,0.015181820641986282,9.5,28.100000381469727,0.0,0.0,0.0,0.0,0.0,,,,,
pylon_camera_1771860529551330466.png,1771860529551330466,1771860529.5513306,42.30097205831287,-83.69740856341322,238.81837463378906,-0.02724812870904586,-0.9993205613655116,-0.012204477664300384,-0.021610317880947718,0.01114,-0.045610000000000005,-0.024320000000000005,0.9272,-0.34550000000000003,-10.7414,5.750191743430291,12.862833918548956,16.020000457763672,16.03999900817871,15.889999389648438,16.03999900817871,13.008388076108323,13.02462708343197,12.902826010188903,13.02462708343197,12.990117063290292,0.009895420056523151,9.5,28.100000381469727,0.0,0.0,0.0,0.0,0.0,,,,,
pylon_camera_1771860529603100745.png,1771860529603100745,1771860529.6031008,42.30097212869015,-83.69741136594037,238.81800842285156,-0.02673654004794984,-0.9993286655687461,-0.012234574209325215,-0.021856138560369952,-0.008820000000000001,-0.013310000000000002,-0.018730000000000004,0.8734000000000001,0.3704,-9.0142,5.813345232980424,13.00410448546323,15.979999542236328,16.31999969482422,16.279998779296875,16.350000381469727,12.975906963891678,13.251990222594452,13.219509110377807,13.276351056756935,13.180939338405219,0.013598387581372108,9.600000381469727,27.825000762939453,0.0,0.0,0.0,0.0,0.0,,,,,
pylon_camera_1771860529655122056.png,1771860529655122056,1771860529.6551223,42.30097223136129,-83.69741561310316,238.81594848632812,-0.02615257168879398,-0.9993416381082856,-0.012563499370613771,-0.02178283316456872,-0.019290000000000005,0.0073500000000000015,-0.01821,1.466,-0.3835,-8.924000000000001,5.906235543594085,13.211894536887353,16.279998779296875,16.53999900817871,16.420000076293945,16.510000228881836,13.219509110377807,13.43063169343197,13.333191454351388,13.406272408054162,13.347401166553832,0.010256411696910427,9.600000381469727,27.42500114440918,0.0,0.0,0.0,0.0,0.0,,,,,
pylon_camera_1771860529705516207.png,1771860529705516207,1771860529.7055163,42.30097229920438,-83.69741848629319,238.81301879882812,-0.025683791874984985,-0.999342539107084,-0.01288982102109721,-0.022106218129130186,-0.021530000000000004,-0.022100000000000005,-0.012540000000000003,1.4486,0.32780000000000004,-10.182500000000001,5.996275382999385,13.413308255246646,16.43000030517578,16.600000381469727,16.600000381469727,16.619998931884766,13.341311732405547,13.479353361756935,13.479353361756935,13.495592369080581,13.44890270625,0.0026536668155248432,9.40000057220459,27.075000762939453,0.0,0.0,0.0,0.0,0.0,,,,,
pylon_camera_1771860529753287890.png,1771860529753287890,1771860529.753288,42.30097240451732,-83.69742285331398,238.80709838867188,-0.025259730715008477,-0.999340719946416,-0.013014098636779114,-0.022598776468125584,-0.016180000000000003,-0.025580000000000002,-0.017400000000000002,0.8678,-0.1917,-9.1513,6.0528112355970745,13.539775565356521,16.829999923706055,16.809999465942383,16.729999542236328,16.85999870300293,13.666115110648613,13.649874554540292,13.58491387889168,13.690474396026422,13.647844485026752,0.007981588701273669,8.800000190734863,27.375,0.0,0.0,0.0,0.0,0.0,,,,,
pylon_camera_1771860529804050380.png,1771860529804050380,1771860529.8040504,42.30097247561337,-83.69742579548364,238.8026885986328,-0.02476562504788027,-0.9993345428526859,-0.013197930761363705,-0.023301285394145044,0.00030000000000000003,-0.029070000000000002,-0.021890000000000003,0.9146000000000001,-0.44060000000000005,-9.5286,6.133935303848072,13.721245238589907,16.920000076293945,17.25,17.029998779296875,17.10999870300293,13.739196064351386,14.007159045000002,13.828516025377809,13.89347670102642,13.867086958938904,0.01062889831156352,8.0,27.325000762939453,0.0,0.0,0.0,0.0,0.0,,,,,
pylon_camera_1771860529853188012.png,1771860529853188012,1771860529.853188,42.30097257436076,-83.69743027363214,238.79432678222656,-0.024100914642553373,-0.9993284798999895,-0.013611162489236325,-0.024009819446635758,0.018240000000000003,-0.03602,-0.03579,0.5472,0.5495,-9.174800000000001,6.211915192049436,13.895681569703067,17.239999771118164,17.28999900817871,17.139999389648438,17.34000015258789,13.999038766945839,14.03963860843197,13.917837535188903,14.080239998702774,14.00918872731737,0.00816852034532694,7.5,27.625,0.0,0.0,0.0,0.0,0.0,,,,,
pylon_camera_1771860529904025095.png,1771860529904025095,1771860529.904025,42.30097264647891,-83.69743330157932,238.78805541992188,-0.023511493412301798,-0.9993343538994078,-0.013409227485595029,-0.024459178486121155,0.03567000000000001,-0.018580000000000003,-0.023840000000000004,1.1572,0.3664,-10.900500000000001,6.287857916336128,14.065560887368939,17.34000015258789,17.479999542236328,17.420000076293945,17.469999313354492,14.080239998702774,14.193920793891678,14.145200674351388,14.185800515837517,14.15129049569584,0.00609500104641308,7.400000095367432,27.5,0.0,0.0,0.0,0.0,0.0,,,,,
pylon_camera_1771860529954153835.png,1771860529954153835,1771860529.9541538,42.30097274768273,-83.69743788768467,238.7799072265625,-0.023044182395302204,-0.9993343880531833,-0.013001024387357205,-0.02511413699454961,0.005710000000000001,-0.03927,-0.015380000000000001,0.6868000000000001,0.8215,-11.453000000000001,6.357015153291491,14.22026147700387,17.579999923706055,17.59000015258789,17.69999885559082,17.729999542236328,14.275122025648614,14.283242303702774,14.372562264729195,14.396923098891678,14.331962423243064,0.00785505571890013,7.599999904632568,27.450000762939453,0.0,0.0,0.0,0.0,0.0,,,,,
pylon_camera_1771860530005133528.png,1771860530005133528,1771860530.0051336,42.300972811293065,-83.69744098108106,238.7755584716797,-0.022548156850213052,-0.9993281511094605,-0.01269522829531907,-0.025954926340394303,-0.015540000000000003,-0.031920000000000004,-0.00821,0.994,1.3186,-10.9734,6.438538929085557,14.402625272028647,17.760000228881836,17.85999870300293,18.0,17.760000228881836,14.421283933054161,14.50248361602642,14.61616596,14.421283933054161,14.490304360533687,0.006087715735777768,7.599999904632568,27.649999618530273,0.0,0.0,0.0,0.0,0.0,,,,,
pylon_camera_1771860530055159958.png,1771860530055159958,1771860530.05516,42.3009729066722,-83.69744567332866,238.77197265625,-0.022224992871079596,-0.9993222627775349,-0.012175139649569483,-0.026698891055281223,0.004790000000000001,-0.04084000000000001,-0.0083,1.9218000000000002,0.0161,-9.9404,6.511360434140819,14.565522609546965,18.079999923706055,18.029998779296875,17.979999542236328,17.899999618530273,14.681126635648614,14.640525245377807,14.599925403891678,14.534964728243066,14.614135503290292,0.003337531721070103,7.400000095367432,27.225000381469727,0.0,0.0,0.0,0.0,0.0,,,,,
pylon_camera_1771860530106003229.png,1771860530106003229,1771860530.1060033,42.30097297016171,-83.69744883326888,238.77127075195312,-0.021845577660701332,-0.9992952898066056,-0.011890028867411742,-0.028112661214017554,0.025810000000000003,-0.07170000000000001,-0.027760000000000003,1.361,-0.12380000000000001,-9.030100000000001,6.597453117483473,14.758106776623482,18.139999389648438,17.979999542236328,18.35999870300293,18.229999542236328,14.729846755188905,14.599925403891678,14.90848822602642,14.802927708891678,14.760297023499671,0.00014840974586650293,7.0,13.699999809265137,0.0,0.0,0.0,0.0,0.0,,,,,
pylon_camera_1771860530156173153.png,1771860530156173153,1771860530.156173,42.30097306688827,-83.6974536406015,238.76902770996094,-0.02140097052064177,-0.999260012572674,-0.011796697927876281,-0.029702923291024662,0.007030000000000001,-0.06856000000000001,-0.01811,0.9870000000000001,3.0517000000000003,-8.4981,6.676994737850556,14.936036608887424,18.309999465942383,18.239999771118164,18.529998779296875,18.5,14.86788838454029,14.811047986945841,15.046529855377807,15.02217057,14.936909199215984,5.842181238637589e-05,6.5,0.0,0.0,0.0,0.0,0.0,0.0,,,,,
pylon_camera_1771860530207080588.png,1771860530207080588,1771860530.2070806,42.300973128314446,-83.6974568821019,238.76405334472656,-0.02094119389543142,-0.9992457627545003,-0.0108953807894221,-0.030832818438545736,0.012250000000000002,-0.025980000000000003,-0.013210000000000001,0.7633000000000001,0.19590000000000002,-7.574000000000001,6.729561480547224,15.053625258295307,18.649999618530273,18.56999969482422,18.649999618530273,18.56999969482422,15.143971643243065,15.079010967594453,15.143971643243065,15.079010967594453,15.11149130541876,0.0038439941296908088,6.0,0.0,0.0,0.0,0.0,0.0,0.0,,,,,
pylon_camera_1771860530257057465.png,1771860530257057465,1771860530.2570574,42.30097322274814,-83.69746177087696,238.75253295898438,-0.020476678180632202,-0.9992465469895002,-0.010784767354963155,-0.031156584751006213,-0.01416,-0.00487,-0.024690000000000004,0.5961000000000001,-0.9367000000000001,-7.902,6.770889320035725,15.146073155560716,18.779998779296875,18.799999237060547,18.869998931884766,18.729999542236328,15.249532160377807,15.26577271648613,15.322613114080582,15.20893231889168,15.26171257745905,0.007634944101394295,5.599999904632568,0.0,0.0,0.0,0.0,0.0,0.0,,,,,
pylon_camera_1771860530308175855.png,1771860530308175855,1771860530.3081758,42.30097327861632,-83.69746504144257,238.74200439453125,-0.020149610939464213,-0.9992712722316692,-0.011512125337494872,-0.03030492768022536,-0.015930000000000003,0.04496,-0.022510000000000002,0.1464,-0.1973,-9.197700000000001,6.796694014197125,15.203796708118118,18.93000030517578,19.010000228881836,18.920000076293945,18.989999771118164,15.37133478240555,15.436295458054161,15.363214504351387,15.42005490194584,15.397724911689233,0.012755248395788309,5.400000095367432,0.0,0.0,0.0,0.0,0.0,0.0,,,,,
pylon_camera_1771860530358024740.png,1771860530358024740,1771860530.3580246,42.3009733526388,-83.69746997024717,238.72384643554688,-0.019843946566118986,-0.9993067952431263,-0.012098319955776772,-0.029082252661048136,-0.010940000000000002,0.049670000000000006,-0.013770000000000003,-0.2024,0.3452,-10.3312,6.821201276360998,15.258617983142972,19.100000381469727,19.1299991607666,19.020000457763672,19.189998626708984,15.509376411756936,15.533735697134745,15.444415736108322,15.582455816675035,15.51749591541876,0.01696601439014882,5.400000095367432,0.0,0.0,0.0,0.0,0.0,0.0,,,,,
pylon_camera_1771860530409102660.png,1771860530409102660,1771860530.4091027,42.3009734035243,-83.69747326590173,238.7128143310547,-0.01948560163090529,-0.9993471660250894,-0.01230591120855878,-0.027822969576078972,-0.009060000000000002,0.04531000000000001,-0.01683,0.013800000000000002,0.5875,-11.320500000000001,6.856026403238682,15.33651970246074,19.15999984741211,19.209999084472656,19.09000015258789,19.15999984741211,15.558096531297227,15.598696372783357,15.501256133702775,15.558096531297227,15.554036392270145,0.014182923768193991,5.400000095367432,0.0,0.0,0.0,0.0,0.0,0.0,,,,,
pylon_camera_1771860530459126223.png,1771860530459126223,1771860530.4591262,42.300973479901444,-83.69747824605975,238.70008850097656,-0.019082297595365283,-0.9993728085334856,-0.012298588659827801,-0.027177199991008396,0.0036100000000000004,0.0073100000000000005,-0.01523,0.039900000000000005,1.2155,-11.3187,6.889448145764165,15.411282135185692,19.25,19.229999542236328,19.149999618530273,19.209999084472656,15.631177485000002,15.614936928891678,15.549976253243067,15.598696372783357,15.598696759979527,0.012160871700995349,5.400000095367432,0.0,0.0,0.0,0.0,0.0,0.0,,,,,
pylon_camera_1771860530510202407.png,1771860530510202407,1771860530.5102024,42.30097356150944,-83.69748325049858,238.69256591796875,-0.018602431010637133,-0.9993863726139156,-0.012068498980667128,-0.02711418681148126,0.011830000000000002,-0.0018300000000000002,-0.011680000000000003,-0.3221,1.592,-10.4018,6.902749705644907,15.44103692654532,19.209999084472656,19.28999900817871,19.35999870300293,19.31999969482422,15.598696372783357,15.663657048431968,15.720497446026421,15.688017882594451,15.667717187459049,0.014680378137302061,5.400000095367432,0.0,0.0,0.0,0.0,0.0,0.0,,,,,
pylon_camera_1771860530560134334.png,1771860530560134334,1771860530.5601344,42.30097361973333,-83.69748658940026,238.68673706054688,-0.01801772400303442,-0.9994165466161441,-0.011469605394297366,-0.026652882090129996,0.027140000000000004,0.024930000000000004,-0.034550000000000004,-0.0852,-1.4918,-8.7432,6.906766956308224,15.450023275244119,19.270000457763672,19.35999870300293,19.35999870300293,19.479999542236328,15.647418041108322,15.720497446026421,15.720497446026421,15.817939233891678,15.726588041763211,0.017900605170105957,5.400000095367432,0.0,0.0,0.0,0.0,0.0,0.0,,,,,
pylon_camera_1771860530611427168.png,1771860530611427168,1771860530.611427,42.30097371133423,-83.6974915904848,238.6744842529297,-0.017561990081639,-0.9994685261387197,-0.010580181541122606,-0.0253436682629893,0.06845000000000001,0.07275000000000001,-0.03506000000000001,-0.25830000000000003,-1.3447,-7.502000000000001,6.907224833647868,15.451047519380264,19.270000457763672,19.439998626708984,19.43000030517578,19.549999237060547,15.647418041108322,15.785458121675035,15.77733939240555,15.874779631486131,15.771248796668761,0.020723596693807862,5.400000095367432,0.0,0.0,0.0,0.0,0.0,0.0,,,,,
pylon_camera_1771860530661354877.png,1771860530661354877,1771860530.6613548,42.30097377605792,-83.69749492682493,238.6645965576172,-0.01702715715437575,-0.9995224995592403,-0.010042544580819168,-0.023748601904760983,0.05708000000000001,0.05639000000000001,-0.03774,0.0317,-0.5404,-10.392900000000001,6.910045483818848,15.457357144573736,19.34000015258789,19.549999237060547,19.44999885559082,19.479999542236328,15.704258438702775,15.874779631486131,15.793578399729196,15.817939233891678,15.797638925952445,0.022014227800783104,5.400000095367432,0.0,0.0,0.0,0.0,0.0,0.0,,,,,
pylon_camera_1771860530712863621.png,1771860530712863621,1771860530.7128637,42.30097385974622,-83.69749993842228,238.6495819091797,-0.016567816116577094,-0.9995627494198174,-0.010077061069694943,-0.022321968587474112,0.0054,0.03875,-0.03418000000000001,0.766,-0.032600000000000004,-10.947700000000001,6.9319249318951455,15.506300157153527,19.35999870300293,19.329999923706055,19.279998779296875,19.469999313354492,15.720497446026421,15.696138160648614,15.65553677037781,15.809818955837516,15.72049783322259,0.013813590211604835,5.400000095367432,0.0,0.0,0.0,0.0,0.0,0.0,,,,,
pylon_camera_1771860530765152203.png,1771860530765152203,1771860530.7651522,42.30097390848653,-83.697503289108,238.64105224609375,-0.016118217997240558,-0.9995760770867967,-0.010165188648649024,-0.022012226241365427,0.0025400000000000006,-0.00859,-0.015550000000000001,0.2926,0.8217,-10.7201,6.958130506686354,15.564920455626973,19.34000015258789,19.399999618530273,19.309999465942383,19.350000381469727,15.704258438702775,15.752978558243067,15.679897604540292,15.712378716756936,15.712378329560767,0.009473731289162195,5.099999904632568,0.0,0.0,0.0,0.0,0.0,0.0,,,,,
pylon_camera_1771860530815465277.png,1771860530815465277,1771860530.8154652,42.30097397355935,-83.69750833820908,238.6320037841797,-0.015801463358102896,-0.9995603330372254,-0.010368688540958022,-0.022846108469364235,-0.0013900000000000002,-0.045380000000000004,-0.012650000000000002,0.2025,0.34790000000000004,-10.352,6.97134020616975,15.594469760789362,19.28999900817871,19.35999870300293,19.28999900817871,19.299999237060547,15.663657048431968,15.720497446026421,15.663657048431968,15.671777326486131,15.679897217344122,0.005478060996312792,4.700000286102295,0.0,0.0,0.0,0.0,0.0,0.0,,,,,
pylon_camera_1771860530863167820.png,1771860530863167820,1771860530.8631678,42.300974007657665,-83.69751171309811,238.62852478027344,-0.015468990598467514,-0.9995398400000769,-0.010590815679806225,-0.023846450589592207,-0.012930000000000002,-0.04965,-0.014330000000000002,-0.34340000000000004,0.07980000000000001,-11.086400000000001,6.972453907228433,15.596961043235572,19.309999465942383,19.369998931884766,19.35999870300293,19.369998931884766,15.679897604540292,15.728617724080582,15.720497446026421,15.728617724080582,15.714407624681968,0.007530093915143352,4.300000190734863,0.0,0.0,0.0,0.0,0.0,0.0,,,,,
pylon_camera_1771860530913899731.png,1771860530913899731,1771860530.9138997,42.300974059992576,-83.69751677337743,238.62474060058594,-0.015100363713678788,-0.9995125041869382,-0.010800378422688776,-0.02510149030630003,-0.008520000000000002,-0.051100000000000007,-0.013490000000000002,-0.8532000000000001,0.0843,-10.2896,6.9693924618324194,15.590112773571413,19.31999969482422,19.369998931884766,19.34000015258789,19.399999618530273,15.688017882594451,15.728617724080582,15.704258438702775,15.752978558243067,15.718468150905219,0.008233126931024893,4.099999904632568,0.0,0.0,0.0,0.0,0.0,0.0,,,,,
pylon_camera_1771860530963685541.png,1771860530963685541,1771860530.9636858,42.300974092443845,-83.69752014921457,238.62294006347656,-0.014725470914251249,-0.9994906584994667,-0.010869416613420996,-0.02614268274565484,-0.004370000000000001,-0.04252,-0.014760000000000002,-1.2510000000000001,-0.0877,-9.9238,6.9622219813016635,15.574072838852944,19.44999885559082,19.40999984741211,19.329999923706055,19.399999618530273,15.793578399729196,15.761098836297226,15.696138160648614,15.752978558243067,15.750948488729525,0.011357058086650695,4.099999904632568,0.0,0.0,0.0,0.0,0.0,0.0,,,,,
pylon_camera_1771860531015221356.png,1771860531015221356,1771860531.0152214,42.3009741409472,-83.69752520348983,238.62091064453125,-0.014316961038394804,-0.9994715057304002,-0.0111008763244238,-0.026990820744494097,-0.012770000000000002,-0.027000000000000003,-0.014870000000000001,-0.9503,-0.3929,-9.9694,6.955105164365844,15.558152946376532,19.260000228881836,19.35999870300293,19.399999618530273,19.44999885559082,15.639297763054161,15.720497446026421,15.752978558243067,15.793578399729196,15.726588041763211,0.010826162717850573,4.099999904632568,0.0,0.0,0.0,0.0,0.0,0.0,,,,,
pylon_camera_1771860531064840416.png,1771860531064840416,1771860531.0648406,42.30097417553331,-83.69752856397483,238.61956787109375,-0.013987196124522594,-0.9994601563744774,-0.011298447665621384,-0.027497258860227868,-0.0028000000000000004,-0.018890000000000004,-0.015500000000000002,-1.061,0.4137,-9.5272,6.9540599771231,15.555814925225748,19.35999870300293,19.389999389648438,19.35999870300293,19.420000076293945,15.720497446026421,15.744858280188904,15.720497446026421,15.769219114351388,15.738768071648284,0.01176107759715332,4.099999904632568,0.0,0.0,0.0,0.0,0.0,0.0,,,,,
pylon_camera_1771860531115808438.png,1771860531115808438,1771860531.1158085,42.300974220126115,-83.69753361234423,238.61585998535156,-0.013648251215127749,-0.9994481318472794,-0.011466230172020267,-0.028030029457598523,-0.0016700000000000003,-0.02705,-0.016290000000000002,-0.7108,0.528,-8.880600000000001,6.954969405464595,15.557849261859973,19.350000381469727,19.44999885559082,19.35999870300293,19.489999771118164,15.712378716756936,15.793578399729196,15.720497446026421,15.82605951194584,15.763128518614597,0.013194578074352818,4.0,0.0,0.0,0.0,0.0,0.0,0.0,,,,,
pylon_camera_1771860531165601599.png,1771860531165601599,1771860531.1656015,42.300974246800244,-83.69753697872918,238.61138916015625,-0.013271463109010506,-0.9994507474356935,-0.011319313891471212,-0.02817702699374362,-0.008480000000000001,0.0032200000000000006,-0.012950000000000003,-1.8107,0.5258,-8.2565,6.937195523490638,15.51809015431715,19.439998626708984,19.459999084472656,19.399999618530273,19.469999313354492,15.785458121675035,15.801698677783357,15.752978558243067,15.809818955837516,15.787488578384743,0.017360282186055315,3.9000000953674316,0.0,0.0,0.0,0.0,0.0,0.0,,,,,
pylon_camera_1771860531216706742.png,1771860531216706742,1771860531.2167068,42.30097429225651,-83.69754201215876,238.60108947753906,-0.012843196328567674,-0.9994819049265213,-0.01108200569188685,-0.027352571768724927,0.0022,0.03653,-0.013730000000000001,-0.3919,-0.2333,-9.2025,6.93958762876539,15.523441150290454,19.35999870300293,19.6299991607666,19.43000030517578,19.549999237060547,15.720497446026421,15.939740307134743,15.77733939240555,15.874779631486131,15.82808919426321,0.019625032943617414,3.9000000953674316,0.0,0.0,0.0,0.0,0.0,0.0,,,,,
pylon_camera_1771860531266498197.png,1771860531266498197,1771860531.2664983,42.300974326943546,-83.69754535902067,238.5923309326172,-0.0123970368433447,-0.9995382307052231,-0.009973270604128183,-0.025887694173755225,0.08099,0.12168000000000002,-0.024680000000000004,-0.6831,-0.7403000000000001,-9.1221,6.874344571970987,15.37749634682478,20.119998931884766,20.0,19.34000015258789,19.3799991607666,16.337624639080584,16.2401844,15.704258438702775,15.736738002134743,16.004701369979525,0.04078720027036482,3.700000047683716,0.0,0.0,0.0,0.0,0.0,0.0,,,,,
pylon_camera_1771860531317658528.png,1771860531317658528,1771860531.3176587,42.30097438712542,-83.69755034495503,238.57688903808594,-0.011965286206758186,-0.9996171938969246,-0.00880980225234784,-0.02333848700973255,0.055400000000000005,0.10873000000000001,-0.022390000000000004,-1.2528000000000001,1.0041,-12.4783,6.879882709628859,15.38988482847718,19.549999237060547,19.65999984741211,19.5,19.459999084472656,15.874779631486131,15.964101141297226,15.83417979,15.801698677783357,15.868689810141678,0.031111667631100456,3.6000001430511475,0.0,0.0,0.0,0.0,0.0,0.0,,,,,
pylon_camera_1771860531367258358.png,1771860531367258358,1771860531.3672583,42.30097442687098,-83.69755366200137,238.56744384765625,-0.011571716524162667,-0.9996832454955852,-0.008054275435307021,-0.02084784639501996,0.019340000000000003,0.09975,-0.02187,-0.4979,-0.4701,-11.1453,6.9029744159989646,15.441539590124725,19.510000228881836,19.520000457763672,19.479999542236328,19.369998931884766,15.842300068054161,15.850420346108324,15.817939233891678,15.728617724080582,15.809819343033688,0.023849937421038487,3.299999952316284,0.0,0.0,0.0,0.0,0.0,0.0,,,,,
pylon_camera_1771860531418541105.png,1771860531418541105,1771860531.418541,42.30097446402384,-83.697558679342,238.55711364746094,-0.011231521933747157,-0.999707549618174,-0.008222853449711394,-0.01977505581844195,-0.011230000000000002,0.02274,-0.016250000000000004,-0.1789,-0.3824,-11.101600000000001,6.9435320282304165,15.532264535229748,19.420000076293945,19.43000030517578,19.469999313354492,19.469999313354492,15.769219114351388,15.77733939240555,15.809818955837516,15.809818955837516,15.791549104607991,0.016693288270370553,2.6000001430511475,0.0,0.0,0.0,0.0,0.0,0.0,,,,,
pylon_camera_1771860531477003781.png,1771860531477003781,1771860531.4770038,42.30097447894163,-83.69756372996125,238.55157470703125,-0.01094121065545528,-0.9996939471186089,-0.009018405145520113,-0.020272404209674147,-0.018120000000000004,-0.03683,-0.012990000000000002,0.19640000000000002,-0.9856,-10.5014,6.985882784712941,15.627000636435767,19.44999885559082,19.420000076293945,19.420000076293945,19.459999084472656,15.793578399729196,15.769219114351388,15.769219114351388,15.801698677783357,15.783428826553832,0.010010122464149571,0.699999988079071,0.0,0.0,0.0,0.0,0.0,0.0,,,,,
pylon_camera_1771860531527881956.png,1771860531527881956,1771860531.527882,42.3009744809302,-83.69756711956008,238.548828125,-0.010839962179369445,-0.9996573371073924,-0.009673319572094498,-0.02177453732604385,-0.016910000000000005,-0.07452000000000002,-0.00384,-0.23090000000000002,0.15560000000000002,-9.4391,7.018029982880619,15.698911989904973,19.399999618530273,19.279998779296875,19.369998931884766,19.479999542236328,15.752978558243067,15.65553677037781,15.728617724080582,15.817939233891678,15.738768071648284,0.002538779870155344,-0.800000011920929,0.0,0.0,0.0,0.0,0.0,0.0,,,,,
pylon_camera_1771860531569312485.png,1771860531569312485,1771860531.5693126,42.3009744804001,-83.69757220662024,238.54397583007812,-0.010876755950945893,-0.9996234173795271,-0.009868615358182908,-0.023180380440605823,-0.011550000000000003,-0.06889,0.0024200000000000003,-0.0313,0.19690000000000002,-8.622,7.023512992388057,15.711177153192542,19.35999870300293,19.420000076293945,19.399999618530273,19.439998626708984,15.720497446026421,15.769219114351388,15.752978558243067,15.785458121675035,15.757038310073977,0.0029190146883497753,-1.5,0.0,0.0,0.0,0.0,0.0,0.0,,,,,
pylon_camera_1771860531628931341.png,1771860531628931341,1771860531.6289313,42.300974480255846,-83.69757560449204,238.53988647460938,-0.010965577777997226,-0.9995768618901175,-0.010204710730061937,-0.024934256692664792,-0.015570000000000002,-0.04157,0.00305,-0.20120000000000002,0.030500000000000003,-8.6141,7.021656320783688,15.707023890213863,19.439998626708984,19.559999465942383,19.510000228881836,19.510000228881836,15.785458121675035,15.882899909540292,15.842300068054161,15.842300068054161,15.838239541830912,0.008353947414494108,-1.399999976158142,0.0,0.0,0.0,0.0,0.0,0.0,,,,,
pylon_camera_1771860531670542819.png,1771860531670542819,1771860531.670543,42.300974491902885,-83.6975806936817,238.53118896484375,-0.011068948044110516,-0.9995586465863655,-0.010373762443099751,-0.025541642006812807,-0.00128,-0.06151000000000001,-0.00253,0.7887000000000001,1.2783,-9.2394,7.0381253968105435,15.743864225141378,19.559999465942383,19.549999237060547,19.389999389648438,19.479999542236328,15.882899909540292,15.874779631486131,15.744858280188904,15.817939233891678,15.830119263776751,0.0054786447216454565,-1.3000000715255737,0.0,0.0,0.0,0.0,0.0,0.0,,,,,
pylon_camera_1771860531730675704.png,1771860531730675704,1771860531.7306757,42.30097452326181,-83.6975858011953,238.52964782714844,-0.011000122135330914,-0.999511039607632,-0.009617402932249539,-0.027643888588931385,0.04089,-0.08539000000000002,0.0038700000000000006,-0.3856,2.6021,-8.3184,7.037585822315122,15.74265722936959,19.420000076293945,19.510000228881836,19.69999885559082,19.479999542236328,15.769219114351388,15.842300068054161,15.996580704729196,15.817939233891678,15.856509780256607,0.007232105052418562,-1.100000023841858,0.0,0.0,0.0,0.0,0.0,0.0,,,,,
pylon_camera_1771860531780270978.png,1771860531780270978,1771860531.780271,42.3009745516226,-83.69758921035306,238.53115844726562,-0.010807662231660908,-0.9994536336327834,-0.009022071962758671,-0.029903693297167012,0.00506,-0.08004000000000001,-0.007170000000000001,0.4142,-0.3123,-10.543000000000001,7.045787546418976,15.761003994086465,19.299999237060547,19.479999542236328,19.6299991607666,19.510000228881836,15.671777326486131,15.817939233891678,15.939740307134743,15.842300068054161,15.817939233891678,0.00361241199016099,-0.9000000357627869,0.0,0.0,0.0,0.0,0.0,0.0,,,,,
pylon_camera_1771860531831063780.png,1771860531831063780,1771860531.8310637,42.30097458367483,-83.69759431929094,238.53179931640625,-0.010844015304729615,-0.9994142779852335,-0.008731474314301836,-0.03126131231448812,0.022150000000000003,-0.031560000000000005,-0.006150000000000001,-1.3867,-0.4965,-7.0857,7.017222674789281,15.697106090143135,19.479999542236328,19.479999542236328,19.75,19.59000015258789,15.817939233891678,15.817939233891678,16.037182095000002,15.907260743702773,15.895080326621533,0.012612148719738495,-0.30000001192092896,0.0,0.0,0.0,0.0,0.0,0.0,,,,,
pylon_camera_1771860531881619456.png,1771860531881619456,1771860531.8816195,42.30097461043933,-83.69759770945709,238.52740478515625,-0.010733675476899684,-0.9994452392665913,-0.007549594593876533,-0.030610546214837123,0.09234,0.06096000000000001,-0.01152,-0.8951,0.891,-7.3127,6.989540252431323,15.635182172273725,20.09000015258789,19.549999237060547,19.78999900817871,19.739999771118164,16.313265353702775,15.874779631486131,16.06966165843197,16.029061816945838,16.07169211514168,0.0279184430381649,-0.6000000238418579,0.0,0.0,0.0,0.0,0.0,0.0,,,,,
pylon_camera_1771860531932202593.png,1771860531932202593,1771860531.9322026,42.30097463326091,-83.69760279196524,238.51556396484375,-0.010765511375914694,-0.9994916957164579,-0.007588222673609878,-0.029032272307043968,-0.03785,0.08101000000000001,-0.00072,-1.1265,1.7442,-7.6176,7.003943666762603,15.667401745927938,19.770000457763672,19.420000076293945,19.809999465942383,19.799999237060547,16.053422651108324,15.769219114351388,16.08590221454029,16.07778193648613,15.996581479121534,0.02101048652046932,-1.399999976158142,0.0,0.0,0.0,0.0,0.0,0.0,,,,,
pylon_camera_1771860531982722244.png,1771860531982722244,1771860531.9827223,42.30097463204903,-83.69760618901424,238.5044708251953,-0.010659855713383515,-0.999538919780983,-0.008450772161509896,-0.027145897832078904,-0.07499,0.06813000000000001,0.00033000000000000005,-0.24000000000000002,-0.46950000000000003,-8.3406,7.028927989993527,15.723290177936121,19.81999969482422,19.719999313354492,19.78999900817871,19.850000381469727,16.094022492594455,16.01282126083752,16.06966165843197,16.118383326756934,16.073722184655217,0.02228744764952844,-2.4000000953674316,0.0,0.0,0.0,0.0,0.0,0.0,,,,,
pylon_camera_1771860532035529719.png,1771860532035529719,1771860532.0355296,42.30097463070407,-83.69761129465377,238.485107421875,-0.01068692765209489,-0.9995727643892016,-0.00953049976608995,-0.02548034228375362,-0.04397000000000001,0.044140000000000006,0.008150000000000001,-0.337,-0.9017000000000001,-10.243,7.054015169366425,15.77940869296253,19.8799991607666,19.779998779296875,19.709999084472656,19.770000457763672,16.142742612134743,16.061541380377808,16.004700982783355,16.053422651108324,16.065601906601056,0.018137131701656595,-2.5,0.0,0.0,0.0,0.0,0.0,0.0,,,,,
pylon_camera_1771860532082902140.png,1771860532082902140,1771860532.082902,42.3009746288556,-83.69761470570762,238.4727325439453,-0.010771420636576323,-0.9995818906617377,-0.010063353645927177,-0.024874671293767765,-0.01037,0.021920000000000002,-0.0022400000000000007,0.3946,-0.6532,-10.7919,7.079913314209279,15.837341289087307,19.869998931884766,19.760000228881836,19.809999465942383,19.779998779296875,16.134622334080582,16.04530237305416,16.08590221454029,16.061541380377808,16.08184207551321,0.015438246986214611,-2.1000001430511475,0.0,0.0,0.0,0.0,0.0,0.0,,,,,
pylon_camera_1771860532133923300.png,1771860532133923300,1771860532.1339233,42.300974622882556,-83.69761984394844,238.456298828125,-0.010935828470221454,-0.9995784680936743,-0.010801489847829575,-0.024629689324886152,-0.025400000000000002,0.007240000000000001,0.0007600000000000002,-0.10070000000000001,-0.5485,-10.123700000000001,7.09271031724107,15.86596741704924,19.90999984741211,19.969999313354492,19.649999618530273,19.809999465942383,16.167103446297226,16.215823565837518,15.955980863243067,16.08590221454029,16.106202522479528,0.015141535282124382,-2.1000001430511475,0.0,0.0,0.0,0.0,0.0,0.0,,,,,
pylon_camera_1771860532174951224.png,1771860532174951224,1771860532.174951,42.30097462264193,-83.69762328176438,238.4474334716797,-0.01107406218965068,-0.9995685928374511,-0.011432383209817872,-0.024683880848060898,-0.01958,0.00642,-0.0017100000000000001,0.0613,-1.3092000000000001,-11.5397,7.103417671203137,15.889919125421146,19.84000015258789,20.0,19.68000030517578,19.779998779296875,16.110263048702777,16.2401844,15.980341697405548,16.061541380377808,16.098082631621534,0.013100350263417096,-2.1000001430511475,0.0,0.0,0.0,0.0,0.0,0.0,,,,,
pylon_camera_1771860532226096205.png,1771860532226096205,1771860532.2260962,42.300974628447165,-83.69762672832059,238.44015502929688,-0.011156581795286669,-0.9995483175340607,-0.011837406142627249,-0.025269891437995195,0.00936,-0.021580000000000005,-0.00302,-0.8709,1.0032,-13.152800000000001,7.120545649469349,15.928233385123967,19.939998626708984,19.889999389648438,19.639999389648438,19.850000381469727,16.191462731675035,16.150862890188904,15.947860585188904,16.118383326756934,16.102142383452446,0.01091828541958076,-2.0,0.0,0.0,0.0,0.0,0.0,0.0,,,,,
pylon_camera_1771860532275866741.png,1771860532275866741,1771860532.2758665,42.30097466164769,-83.69763190761981,238.4359588623047,-0.011083542156324455,-0.9995171288967131,-0.011100822225405935,-0.026822301938135052,0.06606000000000001,-0.07611000000000001,0.00022000000000000003,-1.7704000000000002,3.5811,-12.123000000000001,7.132755149059713,15.955545303137637,19.799999237060547,19.84000015258789,19.899999618530273,19.809999465942383,16.07778193648613,16.110263048702777,16.158983168243065,16.08590221454029,16.108232591993065,0.009569543751375451,-1.8000000715255737,0.0,0.0,0.0,0.0,0.0,0.0,,,,,
pylon_camera_1771860532327085131.png,1771860532327085131,1771860532.327085,42.30097468545748,-83.69763535531374,238.43673706054688,-0.011073219227459519,-0.999493422959885,-0.010192966553032326,-0.02804255175125186,-0.009650000000000002,-0.009840000000000002,0.03513000000000001,0.28150000000000003,2.1751,-5.7424,7.143402809209161,15.979363480032342,19.829999923706055,19.770000457763672,19.939998626708984,19.829999923706055,16.102142770648612,16.053422651108324,16.191462731675035,16.102142770648612,16.112292731020144,0.008318807639234758,-1.2000000476837158,0.0,0.0,0.0,0.0,0.0,0.0,,,,,
pylon_camera_1771860532376830789.png,1771860532376830789,1771860532.3768308,42.30097470470775,-83.697640538601,238.43260192871094,-0.011111371915945079,-0.9994662105050817,-0.010670587857796949,-0.028809200397205362,-0.08211,0.054810000000000005,0.022090000000000005,-1.7369,1.06,-8.4658,7.098979648780684,15.879991535543464,19.889999389648438,19.850000381469727,19.979999542236328,19.979999542236328,16.150862890188904,16.118383326756934,16.22394384389168,16.22394384389168,16.1792834761823,0.01884710958245431,-1.100000023841858,0.0,0.0,0.0,0.0,0.0,0.0,,,,,
pylon_camera_1771860532427899570.png,1771860532427899570,1771860532.4278996,42.30097471530017,-83.69764398912811,238.42665100097656,-0.011269725681188558,-0.9994765013079059,-0.010436917362451708,-0.028474328303708694,-0.012750000000000003,0.050230000000000004,0.024110000000000003,-3.2092,-0.2204,-8.8534,7.095536956000074,15.872290438354806,19.68000030517578,20.0,20.0,19.920000076293945,15.980341697405548,16.2401844,16.2401844,16.175223724351387,16.15898355543923,0.018062491875252103,-1.3000000715255737,0.0,0.0,0.0,0.0,0.0,0.0,,,,,
pylon_camera_1771860532477894446.png,1771860532477894446,1771860532.4778943,42.30097474793871,-83.69764914256073,238.4143524169922,-0.01118482050894215,-0.9995403396747036,-0.00887088769188638,-0.026745401562119363,0.06516000000000001,0.06684000000000001,0.0048000000000000004,0.15660000000000002,-3.0780000000000003,-9.3719,7.113924092233688,15.913421358881228,19.869998931884766,19.959999084472656,20.10999870300293,19.959999084472656,16.134622334080582,16.207703287783357,16.32950436102642,16.207703287783357,16.21988331766843,0.01925808107985313,-2.0,0.0,0.0,0.0,0.0,0.0,0.0,,,,,
pylon_camera_1771860532528781019.png,1771860532528781019,1771860532.528781,42.30097476115413,-83.69765258258312,238.4057159423828,-0.011251428765793603,-0.9995606766470013,-0.010188317601493399,-0.025456968322413582,-0.04216000000000001,0.04744000000000001,-0.01076,1.7818,0.11030000000000001,-9.1248,7.138835288473941,15.969146210198899,20.1299991607666,20.03999900817871,19.969999313354492,19.920000076293945,16.34574491713474,16.27266396343197,16.215823565837518,16.175223724351387,16.252364042688903,0.017735314634988054,-2.1000001430511475,0.0,0.0,0.0,0.0,0.0,0.0,,,,,
pylon_camera_1771860532578744159.png,1771860532578744159,1771860532.5787442,42.3009747614939,-83.69765775590139,238.39210510253906,-0.011321023896268212,-0.9995463605706179,-0.011803554397374731,-0.02528998994782088,-0.05131000000000001,-0.00417,0.0037400000000000007,1.4614,0.8236,-9.5797,7.168795863210853,16.036166218250887,19.959999084472656,19.920000076293945,19.959999084472656,19.920000076293945,16.207703287783357,16.175223724351387,16.207703287783357,16.175223724351387,16.19146350606737,0.009684190454432891,-1.899999976158142,0.0,0.0,0.0,0.0,0.0,0.0,,,,,
pylon_camera_1771860532629919760.png,1771860532629919760,1771860532.6299198,42.300974760043395,-83.69766295473609,238.37982177734375,-0.011389292769139692,-0.9995243433818328,-0.012366311377136488,-0.02585430989716122,0.026740000000000003,-0.027470000000000005,-0.007100000000000001,0.1729,0.3995,-10.498000000000001,7.173783560997098,16.04732339893685,19.959999084472656,19.939998626708984,20.049999237060547,20.0,16.207703287783357,16.191462731675035,16.28078424148613,16.2401844,16.23003366523613,0.01138571597001567,-1.899999976158142,0.0,0.0,0.0,0.0,0.0,0.0,,,,,
pylon_camera_1771860532688637301.png,1771860532688637301,1771860532.6886373,42.3009747638488,-83.69766641727433,238.3714141845703,-0.011585910020962542,-0.9995113612957498,-0.011858661038140084,-0.02649863181535741,0.031310000000000004,-0.00525,0.0008500000000000001,-0.36810000000000004,0.27,-9.8484,7.172840356217258,16.045213506436635,20.049999237060547,19.69999885559082,20.03999900817871,20.020000457763672,16.28078424148613,15.996580704729196,16.27266396343197,16.256424956108322,16.201613466438904,0.00974745271787923,-1.600000023841858,0.0,0.0,0.0,0.0,0.0,0.0,,,,,
pylon_camera_1771860532739855722.png,1771860532739855722,1771860532.7398555,42.30097478041731,-83.69767161997605,238.3587188720703,-0.011626381271252761,-0.999511692395252,-0.011352217858879486,-0.026689533030744277,0.024930000000000004,0.015410000000000002,-0.00202,-1.7484000000000002,0.9836,-9.699,7.161794519187659,16.020504631751642,20.03999900817871,20.020000457763672,20.119998931884766,20.010000228881836,16.27266396343197,16.256424956108322,16.337624639080584,16.24830467805416,16.27875455916876,0.016119962095656033,-0.699999988079071,0.0,0.0,0.0,0.0,0.0,0.0,,,,,
pylon_camera_1771860532780901277.png,1771860532780901277,1771860532.7809014,42.30097480108456,-83.69767509225545,238.350341796875,-0.01162082233729439,-0.9995216475307608,-0.010865487015776968,-0.026521195250374417,0.032220000000000006,-0.0029500000000000004,-0.0012600000000000003,-0.2558,1.0565,-10.8244,7.17770592792474,16.05609749841197,20.189998626708984,20.1299991607666,20.119998931884766,20.0,16.394465036675037,16.34574491713474,16.337624639080584,16.2401844,16.329504748222593,0.017028250472299746,0.0,0.0,0.0,0.0,0.0,0.0,0.0,,,,,
pylon_camera_1771860532840746932.png,1771860532840746932,1771860532.840747,42.30097484554938,-83.6976802995495,238.3414764404297,-0.011383300186340817,-0.9995404962339528,-0.00907280117783976,-0.02658761260508839,0.10586000000000002,-0.027260000000000003,-0.024980000000000006,1.8795000000000002,-0.0804,-10.416400000000001,7.196760085443766,16.09872050553258,20.059999465942383,19.969999313354492,19.6299991607666,19.969999313354492,16.288904519540292,16.215823565837518,15.939740307134743,16.215823565837518,16.165072989587514,0.004121599852120665,0.6000000238418579,0.0,0.0,0.0,0.0,0.0,0.0,,,,,
pylon_camera_1771860532881692018.png,1771860532881692018,1771860532.881692,42.300974879774664,-83.69768377260766,238.33963012695312,-0.011116738831070727,-0.9995332729446448,-0.007373081663815917,-0.02748257741017844,0.06943,-0.029410000000000006,-0.0352,-0.1855,-3.2074000000000003,-12.6493,7.174178275887227,16.048206352463176,19.869998931884766,20.079999923706055,20.43000030517578,19.829999923706055,16.134622334080582,16.305145075648614,16.589348612405548,16.102142770648612,16.28281469819584,0.014618976138517464,1.0,0.0,0.0,0.0,0.0,0.0,0.0,,,,,
pylon_camera_1771860532933372772.png,1771860532933372772,1771860532.9333727,42.300974895317275,-83.69768899299144,238.3376922607422,-0.011096588280555653,-0.9994971494033495,-0.00830483509280324,-0.028519182617870332,-0.04852,-0.03860000000000001,-0.010440000000000001,-2.3281,-0.5652,-7.777900000000001,7.181455953636489,16.064486080927608,19.739999771118164,20.010000228881836,20.1299991607666,20.31999969482422,16.029061816945838,16.24830467805416,16.34574491713474,16.50002710259445,16.280784628682298,0.013464392615179135,0.699999988079071,0.0,0.0,0.0,0.0,0.0,0.0,,,,,
pylon_camera_1771860532982786562.png,1771860532982786562,1771860532.9827867,42.30097488246881,-83.69769246218748,238.3318634033203,-0.011113265166299902,-0.9994737232088093,-0.010615525361157365,-0.02856715900769149,-0.07171000000000001,0.022080000000000002,-0.00202,0.5966,0.2757,-6.0186,7.1912133979485295,16.086312898406984,20.010000228881836,19.939998626708984,20.09000015258789,20.18000030517578,16.24830467805416,16.191462731675035,16.313265353702775,16.38634630740555,16.28484476770938,0.012341664031790453,-0.9000000357627869,0.0,0.0,0.0,0.0,0.0,0.0,,,,,
pylon_camera_1771860533033714693.png,1771860533033714693,1771860533.0337148,42.30097486307586,-83.69769767795938,238.31781005859375,-0.011106641485080393,-0.9994579521442344,-0.011810729088961384,-0.02865224404757968,-0.04173000000000001,0.010660000000000003,-0.0007700000000000001,1.6517000000000002,0.8,-9.4207,7.188533067602702,16.08031716024319,20.079999923706055,20.06999969482422,20.0,20.119998931884766,16.305145075648614,16.297024797594453,16.2401844,16.337624639080584,16.294994728080916,0.013350331694233736,-3.0,0.0,0.0,0.0,0.0,0.0,0.0,,,,,
pylon_camera_1771860533084035338.png,1771860533084035338,1771860533.0840354,42.30097484893648,-83.69770115169604,238.30734252929688,-0.011172404143671377,-0.999446359218733,-0.012360373995307115,-0.028798846934659842,-0.05627000000000001,0.018170000000000006,-0.0019400000000000003,-0.10250000000000001,0.1608,-9.4785,7.17760027553832,16.055861160362692,20.0,20.03999900817871,19.989999771118164,20.06999969482422,16.2401844,16.27266396343197,16.23206412194584,16.297024797594453,16.260484320743068,0.012744452529617733,-2.799999952316284,0.0,0.0,0.0,0.0,0.0,0.0,,,,,
pylon_camera_1771860533134806402.png,1771860533134806402,1771860533.1348066,42.30097484886998,-83.69770636732363,238.29222106933594,-0.01122028983651946,-0.9994348542470504,-0.012880966329785042,-0.028950957127056722,-0.00884,0.011030000000000002,0.004090000000000001,0.5574,0.20980000000000001,-10.4579,7.184072050291573,16.070338132179234,20.139999389648438,20.079999923706055,20.010000228881836,20.189998626708984,16.353865195188906,16.305145075648614,16.24830467805416,16.394465036675037,16.32544499639168,0.01587439306591945,0.10000000149011612,0.0,0.0,0.0,0.0,0.0,0.0,,,,,
pylon_camera_1771860533185153923.png,1771860533185153923,1771860533.185154,42.300974860908596,-83.69770984737129,238.2834930419922,-0.011151052688170182,-0.9994290690609646,-0.012522224308426502,-0.029332300254984883,0.035480000000000005,0.0034900000000000005,-0.00954,-0.7888000000000001,-0.47150000000000003,-10.988900000000001,7.183586178149166,16.069251265348996,20.119998931884766,20.079999923706055,20.100000381469727,20.18000030517578,16.337624639080584,16.305145075648614,16.321385631756936,16.38634630740555,16.33762541347292,0.016701098495026653,2.799999952316284,0.0,0.0,0.0,0.0,0.0,0.0,,,,,
pylon_camera_1771860533235770082.png,1771860533235770082,1771860533.2357702,42.30097489759679,-83.69771507086057,238.2736358642578,-0.010903741035906966,-0.9994216021020543,-0.01178113754413503,-0.029979567731226685,0.07913000000000002,-0.042080000000000006,-0.024850000000000004,-0.44220000000000004,1.7423000000000002,-12.259,7.20394240234457,16.114786917500663,19.989999771118164,20.010000228881836,20.3799991607666,20.09000015258789,16.23206412194584,16.24830467805416,16.548747222134743,16.313265353702775,16.33559534395938,0.013702224397327843,4.0,0.0,0.0,0.0,0.0,0.0,0.0,,,,,
pylon_camera_1771860533285599557.png,1771860533285599557,1771860533.2855995,42.300974939922625,-83.69771856254327,238.2694549560547,-0.010352218506392008,-0.9994102862847513,-0.009904762662264881,-0.03120587952344504,0.11879000000000002,-0.06691000000000001,-0.03373,1.999,0.4471,-9.0221,7.243249225739835,16.20271392302647,19.809999465942383,20.03999900817871,20.309999465942383,19.959999084472656,16.08590221454029,16.27266396343197,16.49190682454029,16.207703287783357,16.26454407257398,0.003816036612214761,3.6000001430511475,0.0,0.0,0.0,0.0,0.0,0.0,,,,,
pylon_camera_1771860533336264956.png,1771860533336264956,1771860533.3362648,42.30097499009016,-83.69772383049977,238.26303100585938,-0.009894854442373757,-0.999373886966255,-0.00816653507823102,-0.032973225658697064,0.053750000000000006,-0.04255000000000001,-0.028180000000000007,1.6041,-2.4282,-8.3826,7.223041428122451,16.157510292224234,19.959999084472656,20.18000030517578,20.049999237060547,19.959999084472656,16.207703287783357,16.38634630740555,16.28078424148613,16.207703287783357,16.2706342811146,0.007001325504016895,3.700000047683716,0.0,0.0,0.0,0.0,0.0,0.0,,,,,
pylon_camera_1771860533386313783.png,1771860533386313783,1771860533.3863137,42.300975015031526,-83.69772732243675,238.25680541992188,-0.009621023422903885,-0.999349853845445,-0.007613243757742187,-0.033901977034811,0.018530000000000005,9e-05,-0.021020000000000004,-0.81,-1.9023,-8.196900000000001,7.189204207983161,16.081818461005852,20.0,20.029998779296875,20.149999618530273,20.18000030517578,16.2401844,16.26454368537781,16.361985473243067,16.38634630740555,16.313264966506605,0.014391811850254923,4.0,0.0,0.0,0.0,0.0,0.0,0.0,,,,,
pylon_camera_1771860533436837089.png,1771860533436837089,1771860533.4368372,42.3009750301926,-83.69773255167352,238.24220275878906,-0.009404659900854484,-0.9993790721580635,-0.00745976437887309,-0.03312664214871384,0.00446,0.03751,-0.02185,-1.1699000000000002,-1.1541000000000001,-8.014100000000001,7.173108862898936,16.04581413977315,20.149999618530273,20.389999389648438,20.149999618530273,20.209999084472656,16.361985473243067,16.556867500188904,16.361985473243067,16.410705592783355,16.422886009864598,0.023499703212739538,3.6000001430511475,0.0,0.0,0.0,0.0,0.0,0.0,,,,,
pylon_camera_1771860533487491261.png,1771860533487491261,1771860533.4874914,42.30097503040307,-83.69773601859066,238.230224609375,-0.009293925412262372,-0.9994474145290875,-0.008139814229193635,-0.03085825604060999,-0.05293000000000001,0.13970000000000002,-0.007880000000000002,0.5594,-0.43310000000000004,-8.6454,7.140550806291519,15.972983720625752,20.34000015258789,20.56999969482422,20.1299991607666,20.15999984741211,16.516267658702777,16.703029407594453,16.34574491713474,16.370105751297224,16.483786933682296,0.03197919825066553,3.0,0.0,0.0,0.0,0.0,0.0,0.0,,,,,
pylon_camera_1771860533538695828.png,1771860533538695828,1771860533.538696,42.30097500887316,-83.69774121704876,238.2121124267578,-0.009045365514242842,-0.9994998819064111,-0.009306394998063206,-0.028836755086590653,-0.047470000000000005,0.13864,-0.009550000000000001,0.0199,-1.5132,-11.7725,7.154289920315297,16.003717294350103,20.25,20.40999984741211,20.189998626708984,20.270000457763672,16.443186705,16.573108056297226,16.394465036675037,16.459427261108324,16.467546764770148,0.02898260834586184,2.799999952316284,0.0,0.0,0.0,0.0,0.0,0.0,,,,,
pylon_camera_1771860533588597975.png,1771860533588597975,1771860533.588598,42.30097499080313,-83.69774470098739,238.20449829101562,-0.008847065693975975,-0.9995083321866205,-0.010334064283998657,-0.028249432445638857,-0.036180000000000004,0.01871,-0.016200000000000003,-0.35960000000000003,-1.4329,-11.8731,7.198462222475146,16.102528083943554,20.189998626708984,20.149999618530273,20.1299991607666,20.299999237060547,16.394465036675037,16.361985473243067,16.34574491713474,16.48378654648613,16.396495493384744,0.018255978682894938,3.299999952316284,0.0,0.0,0.0,0.0,0.0,0.0,,,,,
pylon_camera_1771860533639419605.png,1771860533639419605,1771860533.6394196,42.30097496253201,-83.69774995498292,238.19493103027344,-0.008748366166768329,-0.9994822788918531,-0.01103538756091128,-0.028928541130523178,-0.005330000000000001,-0.03989,-0.007960000000000002,-1.3221,0.8575,-9.6732,7.218258987302987,16.146812259057544,20.18000030517578,20.219999313354492,20.189998626708984,20.329999923706055,16.38634630740555,16.41882587083752,16.394465036675037,16.508147380648612,16.42694614889168,0.0173491761308487,3.6000001430511475,0.0,0.0,0.0,0.0,0.0,0.0,,,,,
pylon_camera_1771860533689647819.png,1771860533689647819,1771860533.689648,42.300974954302795,-83.69775522518464,238.18443298339844,-0.008499019909341488,-0.9994688486294798,-0.010475821349115271,-0.029665543091334037,0.056330000000000005,-0.024180000000000004,-0.02091,0.0371,1.1386,-7.9638,7.240469195309497,16.196495161755628,20.119998931884766,20.100000381469727,20.149999618530273,20.389999389648438,16.337624639080584,16.321385631756936,16.361985473243067,16.556867500188904,16.394465811067374,0.012223054885306823,3.6000001430511475,0.0,0.0,0.0,0.0,0.0,0.0,,,,,
pylon_camera_1771860533740961418.png,1771860533740961418,1771860533.7409616,42.30097496512829,-83.69775873183936,238.1728973388672,-0.007894442598494977,-0.9994910936863095,-0.008795783697571872,-0.02962879692038589,0.037340000000000005,0.01898,-0.03259,-0.40890000000000004,0.2906,-9.3968,7.225897457500895,16.163899058582054,20.260000228881836,20.209999084472656,20.059999465942383,20.299999237060547,16.451306983054163,16.410705592783355,16.288904519540292,16.48378654648613,16.408675910465984,0.015143428636667258,3.799999952316284,0.0,0.0,0.0,0.0,0.0,0.0,,,,,
pylon_camera_1771860533790820979.png,1771860533790820979,1771860533.7908208,42.300974997331,-83.69776399156677,238.1574249267578,-0.007213411380400881,-0.9995085760268382,-0.007347028294746779,-0.029607335582510243,0.009060000000000002,0.024800000000000003,-0.028220000000000002,-1.0050000000000001,0.0038,-10.0219,7.221347491384714,16.153721057378124,20.06999969482422,20.229999542236328,20.0,20.35999870300293,16.297024797594453,16.426946148891677,16.2401844,16.53250666602642,16.37416550312814,0.013646666608083368,4.300000190734863,0.0,0.0,0.0,0.0,0.0,0.0,,,,,
pylon_camera_1771860533841395178.png,1771860533841395178,1771860533.8413951,42.30097501150573,-83.69776750270601,238.14930725097656,-0.006581869618084214,-0.9995071882401766,-0.00659405520487385,-0.02997629204057481,-0.015690000000000003,-0.006630000000000001,-0.009010000000000002,-1.1612,-0.3755,-11.613900000000001,7.2285060633524525,16.169734353355636,20.119998931884766,20.299999237060547,20.119998931884766,20.299999237060547,16.337624639080584,16.48378654648613,16.337624639080584,16.48378654648613,16.41070559278336,0.014902609663325385,4.599999904632568,0.0,0.0,0.0,0.0,0.0,0.0,,,,,
pylon_camera_1771860533891998522.png,1771860533891998522,1771860533.8919985,42.300975010400464,-83.69777277691976,238.1425323486328,-0.006136931647961309,-0.9994782977817134,-0.006646852381343254,-0.031004672014680112,-0.06431,-0.06684000000000001,-0.00515,-1.8952,-2.1802,-15.5089,7.223775529834254,16.159152433707437,20.020000457763672,20.18000030517578,20.229999542236328,20.649999618530273,16.256424956108322,16.38634630740555,16.426946148891677,16.767990083243063,16.459426873912154,0.018582313734373523,4.700000286102295,0.0,0.0,0.0,0.0,0.0,0.0,,,,,
pylon_camera_1771860533943796259.png,1771860533943796259,1771860533.9437962,42.3009749938382,-83.69777629434117,238.1422576904297,-0.005915624072838189,-0.9994487541125199,-0.0062883448668006135,-0.03205698073114702,-0.03730000000000001,-0.05165000000000001,0.00204,-1.3355000000000001,-2.0901,-8.092,7.235377163361798,16.18510459181054,20.1299991607666,20.229999542236328,20.239999771118164,20.189998626708984,16.34574491713474,16.426946148891677,16.43506642694584,16.394465036675037,16.400555632411823,0.013311686642439091,4.700000286102295,0.0,0.0,0.0,0.0,0.0,0.0,,,,,
pylon_camera_1771860533995189913.png,1771860533995189913,1771860533.99519,42.300974963023386,-83.69778156615237,238.13597106933594,-0.005681263692498829,-0.9994333882997565,-0.006405548518835881,-0.03255141383560848,-0.008140000000000001,0.019760000000000003,-0.004940000000000001,-0.7966000000000001,-0.8693000000000001,-7.8481000000000005,7.226928508723672,16.166205458304333,20.209999084472656,20.219999313354492,20.299999237060547,20.260000228881836,16.410705592783355,16.41882587083752,16.48378654648613,16.451306983054163,16.44115624829029,0.01700775056305622,4.599999904632568,0.0,0.0,0.0,0.0,0.0,0.0,,,,,
pylon_camera_1771860534044731304.png,1771860534044731304,1771860534.0447314,42.30097493961925,-83.69778506956823,238.1282196044922,-0.00522071711626937,-0.9994528113156909,-0.006713526669517076,-0.03196483420278687,0.0018900000000000002,0.04855000000000001,-0.021950000000000004,-0.4436,0.4559,-9.2484,7.214375886047997,16.138125994536207,20.270000457763672,20.239999771118164,20.28999900817871,20.34000015258789,16.459427261108324,16.43506642694584,16.47566626843197,16.516267658702777,16.471606903797227,0.020664165676604878,4.599999904632568,0.0,0.0,8.0,0.0,0.0,0.0,,,,,
pylon_camera_1771860534095888475.png,1771860534095888475,1771860534.0958884,42.30097490017531,-83.69779032110691,238.11367797851562,-0.004846741867541805,-0.9994811996189945,-0.007244006021998458,-0.031005887798906718,-0.015370000000000002,0.05688000000000001,-0.019530000000000002,-0.4989,-0.0374,-8.2882,7.211740938337299,16.13223177460424,20.189998626708984,20.34000015258789,20.189998626708984,20.309999465942383,16.394465036675037,16.516267658702777,16.394465036675037,16.49190682454029,16.449276139148285,0.01965285206496629,4.599999904632568,0.0,0.0,0.0,0.0,0.0,0.0,,,,,
pylon_camera_1771860534144256412.png,1771860534144256412,1771860534.1442566,42.30097487172854,-83.69779383061245,238.10289001464844,-0.00450790671398782,-0.9994902503640897,-0.00754472428605016,-0.030691942584904257,-0.0006700000000000001,-0.026120000000000004,-0.00969,-1.5255,0.6279,-11.074,7.243410409477534,16.203074481376674,20.309999465942383,20.479999542236328,20.239999771118164,20.219999313354492,16.49190682454029,16.62994845389168,16.43506642694584,16.41882587083752,16.49393689405383,0.017951063115303555,4.900000095367432,0.0,0.0,0.0,0.0,0.0,0.0,,,,,
pylon_camera_1771860534194267498.png,1771860534194267498,1771860534.1942673,42.300974837263155,-83.69779908363985,238.08554077148438,-0.0039979185027882455,-0.999534523669015,-0.007247022119712723,-0.029363809558646283,0.016290000000000002,0.015430000000000001,-0.007470000000000001,-2.4909000000000003,0.5727,-9.9793,7.209256449981255,16.12667412322107,20.31999969482422,20.489999771118164,20.18000030517578,20.18000030517578,16.50002710259445,16.63806873194584,16.38634630740555,16.38634630740555,16.477697112337847,0.021766607698194527,5.800000190734863,0.0,0.0,0.0,0.0,0.0,0.0,,,,,
pylon_camera_1771860534244791327.png,1771860534244791327,1771860534.2447913,42.30097481406022,-83.69780257962539,238.07347106933594,-0.003549618626680962,-0.9996012886904735,-0.006824855113209453,-0.02716772365571021,0.020120000000000002,0.10519000000000002,-0.0036900000000000006,-2.1783,1.5806,-9.7089,7.178052280228077,16.056872267733397,20.719999313354492,20.469999313354492,20.34000015258789,20.350000381469727,16.824830480837516,16.621828175837518,16.516267658702777,16.524387936756934,16.621828563033688,0.035184703837719516,8.40000057220459,0.0,0.0,0.0,0.0,0.0,0.0,,,,,
pylon_camera_1771860534295011174.png,1771860534295011174,1771860534.295011,42.30097478193105,-83.69780780282119,238.0584716796875,-0.002890966917197369,-0.9996755508271657,-0.00612737518160408,-0.024553831922338686,0.028790000000000007,0.09159,-0.02035,-0.3242,-0.6476000000000001,-11.5562,7.179031757564953,16.05906329976735,20.420000076293945,20.420000076293945,20.279998779296875,20.279998779296875,16.581228334351387,16.581228334351387,16.467545990377808,16.467545990377808,16.524387162364597,0.0289757785937608,10.600000381469727,0.0,0.0,0.0,0.0,0.0,0.0,,,,,
pylon_camera_1771860534346320208.png,1771860534346320208,1771860534.3463202,42.300974752031244,-83.69781128959126,238.0514373779297,-0.0021374390788880264,-0.9997251919299392,-0.0066600924166808125,-0.022374430581164315,0.0021600000000000005,0.04440000000000001,-0.046000000000000006,0.5496,0.3542,-12.378,7.197784467159439,16.101011985967634,20.31999969482422,19.829999923706055,20.260000228881836,20.35999870300293,16.50002710259445,16.102142770648612,16.451306983054163,16.53250666602642,16.39649588058091,0.018351883401540044,13.199999809265137,0.0,0.0,0.0,0.0,0.0,0.0,,,,,
pylon_camera_1771860534396310373.png,1771860534396310373,1771860534.3963103,42.30097469768371,-83.69781653331374,238.0455322265625,-0.0012168090232852484,-0.9997472277418746,-0.007350641747646958,-0.021212450686671998,-0.00024,0.00026000000000000003,-0.06302,0.7014,2.6064000000000003,-9.860800000000001,7.212966174712094,16.13497255486047,20.189998626708984,19.689998626708984,20.18000030517578,20.389999389648438,16.394465036675037,15.988460426675033,16.38634630740555,16.556867500188904,16.33153481773613,0.012182373549587915,15.90000057220459,0.0,0.0,0.0,0.0,0.0,0.0,,,,,
pylon_camera_1771860534447246798.png,1771860534447246798,1771860534.4472468,42.30097465545878,-83.69782001413866,238.0429229736328,-1.251808894231528e-05,-0.9997865158525119,-0.006417493990266797,-0.01964022234286543,-0.009670000000000002,0.07221000000000001,-0.050190000000000005,1.3638000000000001,2.0006,-7.9642,7.1789385400183265,16.058854777708596,20.270000457763672,20.059999465942383,20.170000076293945,20.439998626708984,16.459427261108324,16.288904519540292,16.37822602935139,16.597467341675035,16.43100628791876,0.023174224772662413,17.80000114440918,0.0,0.0,0.0,0.0,0.0,0.0,,,,,
pylon_camera_1771860534497061562.png,1771860534497061562,1771860534.4970617,42.30097460561914,-83.69782523107907,238.0381622314453,0.001527948518672217,-0.9998338374311374,-0.004534276089392197,-0.0175898618924498,0.013570000000000002,0.10508000000000002,-0.07733000000000001,0.5369,-2.4976000000000003,-8.488100000000001,7.148830287690994,15.991504423747493,20.439998626708984,20.270000457763672,20.260000228881836,20.389999389648438,16.597467341675035,16.459427261108324,16.451306983054163,16.556867500188904,16.516267271506607,0.03281510193498975,19.30000114440918,0.0,0.0,0.0,0.0,0.0,0.0,,,,,
pylon_camera_1771860534548216518.png,1771860534548216518,1771860534.5482166,42.300974565074014,-83.69782870980626,238.03334045410156,0.002996481846581633,-0.9998756552309415,-0.00369982017662601,-0.015033512686633266,0.013900000000000003,0.13336,-0.08596000000000001,0.6215,-4.3699,-7.4830000000000005,7.165622507061686,16.02906761094657,20.1299991607666,20.479999542236328,20.34000015258789,20.579999923706055,16.34574491713474,16.62994845389168,16.516267658702777,16.711149685648614,16.550777678844454,0.03254774891220741,20.30000114440918,0.0,0.0,0.0,0.0,0.0,0.0,,,,,
pylon_camera_1771860534598156487.png,1771860534598156487,1771860534.5981565,42.30097447703017,-83.69783393123713,238.02310180664062,0.004485298686416395,-0.9998822589820451,-0.004371098442665575,-0.01400870326122881,0.03725,0.029880000000000004,-0.08576000000000002,-0.7319,-3.1083000000000003,-15.1182,7.174497759719139,16.04892101862613,20.020000457763672,20.479999542236328,19.979999542236328,20.43000030517578,16.256424956108322,16.62994845389168,16.22394384389168,16.589348612405548,16.424916466574306,0.02342808264255271,20.30000114440918,0.0,0.0,0.0,0.0,0.0,0.0,,,,,
pylon_camera_1771860534649057983.png,1771860534649057983,1771860534.649058,42.30097441457143,-83.69783742821022,238.01991271972656,0.006000202010937261,-0.9998691259960915,-0.004784098841759391,-0.014242220820945702,0.01012,-0.07286000000000001,-0.08235000000000002,-1.1197000000000001,-0.8555,-14.6868,7.2077518786763095,16.123308487486185,19.939998626708984,20.239999771118164,19.829999923706055,20.31999969482422,16.191462731675035,16.43506642694584,16.102142770648612,16.50002710259445,16.307174757965985,0.011403755663578905,19.399999618530273,0.0,0.0,28.0,0.0,0.0,0.0,,,,,
pylon_camera_1771860534699349500.png,1771860534699349500,1771860534.6993494,42.30097429486888,-83.69784267790251,238.02320861816406,0.007486064956489125,-0.9998357744385232,-0.004675399712367836,-0.01582793801842632,-0.006440000000000001,-0.07013,-0.05645000000000001,-0.1452,0.3674,-8.4597,7.216326528257588,16.14248946412053,19.81999969482422,20.10999870300293,19.979999542236328,19.850000381469727,16.094022492594455,16.32950436102642,16.22394384389168,16.118383326756934,16.19146350606737,0.0030338593099716814,18.5,0.0,0.0,0.0,0.0,0.0,0.0,,,,,
pylon_camera_1771860534750540360.png,1771860534750540360,1771860534.7505403,42.300974153424725,-83.69784793632331,238.02940368652344,0.008698327805585993,-0.999780338188125,-0.005790944212573944,-0.018168088258046066,-0.016860000000000003,-0.08413000000000001,-0.03878000000000001,0.8535,2.1705,-7.9442,7.20684192352389,16.12127297240753,19.889999389648438,20.149999618530273,20.079999923706055,19.779998779296875,16.150862890188904,16.361985473243067,16.305145075648614,16.061541380377808,16.219883704864596,0.006116808060122949,17.200000762939453,0.0,0.0,0.0,0.0,0.0,0.0,,,,,
pylon_camera_1771860534800596183.png,1771860534800596183,1771860534.8005962,42.30097403527314,-83.69785142971259,238.03187561035156,0.009874366123008849,-0.9997261724031878,-0.00798886387655453,-0.019653375275057252,-0.11335000000000002,-0.031520000000000006,-0.016360000000000003,0.1767,4.2253,-8.0672,7.175673338726859,16.05155071833166,19.850000381469727,20.010000228881836,19.889999389648438,19.959999084472656,16.118383326756934,16.24830467805416,16.150862890188904,16.207703287783357,16.18131354569584,0.008084130290040008,16.100000381469727,0.0,0.0,0.0,0.0,0.0,0.0,,,,,
pylon_camera_1771860534851867491.png,1771860534851867491,1771860534.8518674,42.3009738601189,-83.6978566632149,238.0330352783203,0.011023755731462581,-0.999681783715965,-0.008675480961936863,-0.020965308157012814,-0.04214000000000001,-0.015170000000000001,-0.00661,-0.8220000000000001,5.474600000000001,-10.5403,7.155468143931261,16.006352909885596,19.920000076293945,20.0,19.59000015258789,19.889999389648438,16.175223724351387,16.2401844,15.907260743702773,16.150862890188904,16.118382939560767,0.006999097814842084,14.800000190734863,0.0,0.0,0.0,0.0,0.0,0.0,,,,,
pylon_camera_1771860534901375902.png,1771860534901375902,1771860534.901376,42.30097375654099,-83.69786015852547,238.03619384765625,0.012342463280177518,-0.9996342177099541,-0.008043997207630875,-0.022680134314177088,-0.021790000000000004,-0.10163000000000001,-0.032060000000000005,-0.6938000000000001,-0.44420000000000004,-11.267800000000001,7.179663227566217,16.060475860271975,19.779998779296875,19.93000030517578,19.75,19.809999465942383,16.061541380377808,16.183344002405548,16.037182095000002,16.08590221454029,16.09199242308091,0.0019623679325029425,14.0,0.0,0.0,0.0,0.0,0.0,0.0,,,,,
pylon_camera_1771860534952261527.png,1771860534952261527,1771860534.9522617,42.30097360197524,-83.6978653668941,238.03939819335938,0.013465491661880657,-0.9995978194636487,-0.0079607809378866,-0.02365387546855025,-0.03964000000000001,-0.06863000000000001,-0.015680000000000003,-1.701,1.3462,-6.152900000000001,7.15175078649547,15.998037404343178,19.850000381469727,20.0,19.869998931884766,20.029998779296875,16.118383326756934,16.2401844,16.134622334080582,16.26454368537781,16.18943343655383,0.011963719509662627,14.100000381469727,0.0,0.0,0.0,0.0,0.0,0.0,,,,,
pylon_camera_1771860535002846890.png,1771860535002846890,1771860535.002847,42.300973488536236,-83.69786882605763,238.03807067871094,0.01481605668266045,-0.9995824778403412,-0.008074487525070149,-0.023455428159550835,-0.013840000000000002,0.04488000000000001,-0.035070000000000004,-0.2644,0.886,-9.6472,7.107335265362499,15.89868254849999,19.850000381469727,20.059999465942383,19.969999313354492,20.09000015258789,16.118383326756934,16.288904519540292,16.215823565837518,16.313265353702775,16.234094191459377,0.02109681993688421,13.100000381469727,0.0,0.0,0.0,0.0,0.0,0.0,,,,,
pylon_camera_1771860535055862366.png,1771860535055862366,1771860535.0558622,42.3009733088814,-83.69787402579945,238.03378295898438,0.01614172485091181,-0.999560124664798,-0.008422821408622796,-0.023410638146991253,-0.019850000000000003,-0.0049700000000000005,-0.04587,1.0091,-1.1359000000000001,-9.6593,7.13763388857173,15.966458750701648,19.90999984741211,20.03999900817871,19.889999389648438,20.029998779296875,16.167103446297226,16.27266396343197,16.150862890188904,16.26454368537781,16.21379349632398,0.015490895600845937,11.5,0.0,0.0,0.0,0.0,0.0,0.0,,,,,
pylon_camera_1771860535103287206.png,1771860535103287206,1771860535.1032872,42.30097318168301,-83.69787749104356,238.02989196777344,0.01682597321317697,-0.9995398876741576,-0.00857015656403659,-0.023737143683044765,-0.009580000000000002,-0.00859,-0.03783,-1.0088000000000001,-1.6812,-8.980500000000001,7.13822382603902,15.967778405419727,19.829999923706055,19.989999771118164,19.889999389648438,20.049999237060547,16.102142770648612,16.23206412194584,16.150862890188904,16.28078424148613,16.19146350606737,0.014008529863598443,10.199999809265137,0.0,0.0,0.0,0.0,0.0,0.0,,,,,
pylon_camera_1771860535154478341.png,1771860535154478341,1771860535.1544783,42.30097297421942,-83.69788268910413,238.021484375,0.017777754016192915,-0.9995168160405243,-0.009000625544997073,-0.023855285664840988,-0.02111,0.007480000000000001,-0.031150000000000004,-1.7183000000000002,-1.3989,-9.6452,7.122549463983432,15.9327157979631,19.889999389648438,20.020000457763672,19.889999389648438,20.03999900817871,16.150862890188904,16.256424956108322,16.150862890188904,16.27266396343197,16.207703674979523,0.017259322296552786,9.300000190734863,0.0,0.0,0.0,0.0,0.0,0.0,,,,,
pylon_camera_1771860535204150510.png,1771860535204150510,1771860535.2041504,42.30097282928412,-83.69788615082946,238.01463317871094,0.018430618454708503,-0.9995129964766989,-0.009545058313834301,-0.023301803349371108,-0.017490000000000002,0.023840000000000004,-0.026880000000000005,-1.1747,-0.5281,-10.164100000000001,7.118472672521694,15.92359626007068,19.979999542236328,20.03999900817871,19.850000381469727,20.029998779296875,16.22394384389168,16.27266396343197,16.118383326756934,16.26454368537781,16.2198837048646,0.018606817201016198,8.699999809265137,0.0,0.0,0.0,0.0,0.0,0.0,,,,,
pylon_camera_1771860535254910195.png,1771860535254910195,1771860535.2549102,42.300972604708726,-83.69789132937261,238.00439453125,0.019056374212935878,-0.9995100296910565,-0.010113869779250636,-0.02267740697099676,-0.017450000000000004,0.005330000000000001,-0.02355,-0.5899,0.2914,-10.4342,7.1160620125506755,15.918203758355109,19.939998626708984,20.0,19.84000015258789,19.94999885559082,16.191462731675035,16.2401844,16.110263048702777,16.199583009729196,16.185373297526752,0.01678389994420143,8.600000381469727,0.0,0.0,0.0,0.0,0.0,0.0,,,,,
pylon_camera_1771860535305152974.png,1771860535305152974,1771860535.3051531,42.300972450515474,-83.69789477580653,237.9986114501953,0.01969964825705317,-0.9995033984351251,-0.010725822727808032,-0.022132263824455312,-0.025700000000000004,0.020970000000000003,-0.024890000000000006,-0.2555,0.7543000000000001,-10.679400000000001,7.09850482691554,15.878929387520449,19.85999870300293,20.0,19.809999465942383,19.979999542236328,16.12650205602642,16.2401844,16.08590221454029,16.22394384389168,16.169133128614597,0.018276026929260385,8.5,0.0,0.0,0.0,0.0,0.0,0.0,,,,,
pylon_camera_1771860535356068508.png,1771860535356068508,1771860535.3560686,42.30097222174291,-83.69789994858772,237.99319458007812,0.020339832300670713,-0.9994852460165629,-0.011091109078308552,-0.022192825791337287,-0.00572,-0.029510000000000005,-0.024840000000000004,-1.2781,0.5314,-11.8842,7.097070291904796,15.875720418773515,19.739999771118164,19.979999542236328,19.69999885559082,19.8799991607666,16.029061816945838,16.22394384389168,15.996580704729196,16.142742612134743,16.098082244425363,0.014006408514784562,8.40000057220459,0.0,0.0,0.0,0.0,0.0,0.0,,,,,
pylon_camera_1771860535406045111.png,1771860535406045111,1771860535.4060452,42.30097207184922,-83.69790339510388,237.99217224121094,0.020989754457795384,-0.9994596095063619,-0.010673519902334252,-0.02293458406177596,0.022080000000000002,-0.06521000000000002,-0.026730000000000004,-0.6027,-0.8272,-10.6492,7.104562641976608,15.892480356343155,19.729999542236328,19.760000228881836,19.889999389648438,19.920000076293945,16.020941538891677,16.04530237305416,16.150862890188904,16.175223724351387,16.09808263162153,0.012937079088243967,8.300000190734863,0.0,0.0,0.0,0.0,0.0,0.0,,,,,
pylon_camera_1771860535456942303.png,1771860535456942303,1771860535.4569423,42.30097184511158,-83.69790857519892,237.9920654296875,0.02158790176223474,-0.999427168624301,-0.010698259793053055,-0.02376645431100514,-0.021140000000000003,-0.05108000000000001,-0.013670000000000002,-0.5973,0.47390000000000004,-7.021100000000001,7.109353147696118,15.903196430207355,19.65999984741211,19.809999465942383,19.869998931884766,19.889999389648438,15.964101141297226,16.08590221454029,16.134622334080582,16.150862890188904,16.083872145026753,0.011360968570834764,8.199999809265137,0.0,0.0,0.0,0.0,0.0,0.0,,,,,
pylon_camera_1771860535507161086.png,1771860535507161086,1771860535.5071611,42.30097168914014,-83.69791202889115,237.9879913330078,0.022339014342328767,-0.9993863367529228,-0.011390750049419088,-0.024457497073475776,-0.021030000000000004,-0.010390000000000002,-0.024,-0.5384,1.3411,-8.7786,7.092728370148135,15.86600780031917,19.8799991607666,19.93000030517578,19.78999900817871,19.850000381469727,16.142742612134743,16.183344002405548,16.06966165843197,16.118383326756934,16.128532899932296,0.01654638664729787,7.900000095367432,0.0,0.0,0.0,0.0,0.0,0.0,,,,,
pylon_camera_1771860535557730021.png,1771860535557730021,1771860535.55773,42.30097145757118,-83.69791719074546,237.97845458984375,0.02304328891728158,-0.999351885543454,-0.011550479595120813,-0.0251277161266301,-0.014060000000000001,-0.030780000000000005,-0.0273,-0.6307,0.24580000000000002,-10.116200000000001,7.090606481917495,15.861261263660523,19.729999542236328,19.829999923706055,19.670000076293945,19.75,16.020941538891677,16.102142770648612,15.972221419351389,16.037182095000002,16.03312195597292,0.01083524755412381,7.400000095367432,0.0,0.0,0.0,0.0,0.0,0.0,,,,,
pylon_camera_1771860535608281723.png,1771860535608281723,1771860535.6082816,42.300971293825484,-83.69792063184684,237.9720001220703,0.023675651735739933,-0.9993128871996148,-0.011522487755640604,-0.02608542251103283,-0.008820000000000001,-0.046270000000000006,-0.021650000000000003,-1.0179,-0.2615,-10.4176,7.094341820838582,15.869616992706659,19.69999885559082,19.779998779296875,19.549999237060547,19.739999771118164,15.996580704729196,16.061541380377808,15.874779631486131,16.029061816945838,15.990490883384744,0.007616686069590502,7.099999904632568,0.0,0.0,0.0,0.0,0.0,0.0,,,,,
pylon_camera_1771860535659183175.png,1771860535659183175,1771860535.659183,42.30097104654119,-83.69792579607987,237.96316528320312,0.024236246755851454,-0.9992654043887972,-0.011398909959104414,-0.027410231422360643,0.00267,-0.05539000000000001,-0.02355,-1.5031,-0.4197,-10.1251,7.096353680025003,15.874117400995132,19.65999984741211,19.739999771118164,19.600000381469727,19.649999618530273,15.964101141297226,16.029061816945838,15.915381021756936,15.955980863243067,15.966131210810765,0.005796467765185147,7.200000286102295,0.0,0.0,0.0,0.0,0.0,0.0,,,,,
pylon_camera_1771860535709190614.png,1771860535709190614,1771860535.7091906,42.300970878716036,-83.69792923936615,237.95816040039062,0.02479039573142028,-0.9992145589403557,-0.011498960598804904,-0.028696260841040017,-0.0005200000000000001,-0.06004000000000001,-0.02365,-0.7369,-0.49610000000000004,-10.9689,7.097641411905032,15.876997979946843,19.60999870300293,19.719999313354492,19.579999923706055,19.619998931884766,15.923499751026421,16.01282126083752,15.899140465648614,15.931620029080582,15.941770376648284,0.004079637522361009,7.300000190734863,0.0,0.0,0.0,0.0,0.0,0.0,,,,,
pylon_camera_1771860535760565934.png,1771860535760565934,1771860535.760566,42.300970622528965,-83.69793439841665,237.95306396484375,0.025288266301935647,-0.9991634541649879,-0.011663261169347103,-0.02994768417470989,0.00923,-0.049190000000000005,-0.024900000000000002,-0.6496000000000001,0.6549,-9.3536,7.087244295892663,15.853740255254136,19.649999618530273,19.68000030517578,19.69999885559082,19.65999984741211,15.955980863243067,15.980341697405548,15.996580704729196,15.964101141297226,15.97425110166876,0.00760141420726786,7.200000286102295,0.0,0.0,0.0,0.0,0.0,0.0,,,,,
pylon_camera_1771860535809948038.png,1771860535809948038,1771860535.8099482,42.30097036509652,-83.69793954693884,237.9491424560547,0.02583444857756395,-0.9991209162448302,-0.011422701795541678,-0.030975762661702228,0.033710000000000004,-0.041010000000000005,-0.024390000000000002,0.35350000000000004,0.6297,-10.506,7.080336149555105,15.838287146385799,19.559999465942383,19.739999771118164,19.709999084472656,19.719999313354492,15.882899909540292,16.029061816945838,16.004700982783355,16.01282126083752,15.982370992526752,0.009097186129361981,7.200000286102295,0.0,0.0,0.0,0.0,0.0,0.0,,,,,
pylon_camera_1771860535861086574.png,1771860535861086574,1771860535.8610864,42.30097019412359,-83.69794297398126,237.94509887695312,0.026429389931609648,-0.9990865101817763,-0.010838169243535995,-0.031783118287712644,0.028950000000000004,-0.033670000000000005,-0.030410000000000003,-0.46330000000000005,0.37460000000000004,-7.8139,7.06958224320424,15.814231303113294,19.559999465942383,19.75,19.779998779296875,19.78999900817871,15.882899909540292,16.037182095000002,16.061541380377808,16.06966165843197,16.01282126083752,0.012557673776096196,7.200000286102295,0.0,0.0,0.0,0.0,0.0,0.0,,,,,
pylon_camera_1771860535911128437.png,1771860535911128437,1771860535.9111283,42.30096993143638,-83.6979480998534,237.93551635742188,0.0270014749386166,-0.9990732678803905,-0.010419047181009104,-0.031858581477783914,0.023810000000000005,0.018830000000000003,-0.02467,-0.7579,0.5138,-8.0063,7.053535813881965,15.778336403505122,19.739999771118164,19.779998779296875,19.69999885559082,19.84000015258789,16.029061816945838,16.061541380377808,15.996580704729196,16.110263048702777,16.049361737688905,0.017177053857438042,7.200000286102295,0.0,0.0,0.0,0.0,0.0,0.0,,,,,
pylon_camera_1771860535962082731.png,1771860535962082731,1771860535.9620829,42.30096975500144,-83.69795150919849,237.9267578125,0.02760324100253103,-0.9990828073599428,-0.0099306666425934,-0.031192739282808826,0.007180000000000001,0.0476,-0.025340000000000005,-0.42800000000000005,-0.43270000000000003,-8.347800000000001,7.044552505749421,15.758241282211111,19.719999313354492,19.8799991607666,19.719999313354492,19.850000381469727,16.01282126083752,16.142742612134743,16.01282126083752,16.118383326756934,16.07169211514168,0.01989123197932065,7.200000286102295,0.0,0.0,0.0,0.0,0.0,0.0,,,,,
pylon_camera_1771860536012675567.png,1771860536012675567,1771860536.0126755,42.300969488702115,-83.69795661069078,237.90965270996094,0.028203418206315445,-0.9991142575475466,-0.009369670772755242,-0.029790549446172144,9e-05,0.06940000000000002,-0.020700000000000003,-0.9640000000000001,-0.7254,-9.242700000000001,7.028212325689498,15.721689279827867,19.770000457763672,19.84000015258789,19.69999885559082,19.809999465942383,16.053422651108324,16.110263048702777,15.996580704729196,16.08590221454029,16.061542154770144,0.021616816672387403,7.200000286102295,0.0,0.0,0.0,0.0,0.0,0.0,,,,,
pylon_camera_1771860536073914896.png,1771860536073914896,1771860536.0739148,42.300969215605555,-83.69796170072031,237.89004516601562,0.028916767031551993,-0.9991698741202957,-0.009013923525197916,-0.027242107436049625,0.005560000000000001,0.09925000000000002,-0.023250000000000003,-0.4132,-0.6683,-9.501800000000001,7.016860716222808,15.696296410547449,19.829999923706055,19.959999084472656,19.75,19.8799991607666,16.102142770648612,16.207703287783357,16.037182095000002,16.142742612134743,16.12244269139168,0.027149479705153436,7.200000286102295,0.0,0.0,0.0,0.0,0.0,0.0,,,,,
pylon_camera_1771860536113188464.png,1771860536113188464,1771860536.1131883,42.300969028676114,-83.69796509255256,237.87771606445312,0.02938371789867611,-0.9991957868347154,-0.008663050883225113,-0.025871378849996247,0.022850000000000006,0.05868,-0.019180000000000003,-1.7983,-1.4284000000000001,-11.3222,7.0222410674319855,15.708331933381306,19.68000030517578,20.28999900817871,19.69999885559082,19.779998779296875,15.980341697405548,16.47566626843197,15.996580704729196,16.061541380377808,16.12853251273613,0.02675017189201786,7.300000190734863,0.0,0.0,0.0,0.0,0.0,0.0,,,,,
pylon_camera_1771860536164187938.png,1771860536164187938,1771860536.164188,42.300968837358795,-83.69796848564371,237.8667449951172,0.029968959071497214,-0.9992147508058141,-0.008611433495354353,-0.024445581960771758,0.04612000000000001,0.009620000000000002,-0.023840000000000004,-0.3518,-1.2139,-12.350000000000001,7.041248565182192,15.750850565398654,19.809999465942383,20.010000228881836,19.65999984741211,19.779998779296875,16.08590221454029,16.24830467805416,15.964101141297226,16.061541380377808,16.089962353567373,0.021529744489715168,7.700000286102295,0.0,0.0,0.0,0.0,0.0,0.0,,,,,
pylon_camera_1771860536213966761.png,1771860536213966761,1771860536.2139668,42.3009685400711,-83.6979735927055,237.85520935058594,0.030564752044289434,-0.9992037127516405,-0.0086085441925912,-0.02415842136175533,0.030910000000000003,-0.03393000000000001,-0.028000000000000004,0.0417,0.4894,-11.4235,7.061762720143632,15.796739499198097,19.639999389648438,19.779998779296875,19.619998931884766,19.799999237060547,15.947860585188904,16.061541380377808,15.931620029080582,16.07778193648613,16.004700982783355,0.01316483592046416,7.800000190734863,0.0,0.0,0.0,0.0,0.0,0.0,,,,,
pylon_camera_1771860536264972538.png,1771860536264972538,1771860536.2649724,42.30096834295431,-83.69797701013759,237.84970092773438,0.03139413478925518,-0.9991519208091256,-0.00853817856538054,-0.02523780796849071,0.013010000000000002,-0.05743000000000001,-0.025900000000000006,-0.4484,0.6471,-10.3781,7.070426329635038,15.816119473813803,19.510000228881836,19.68000030517578,19.529998779296875,19.739999771118164,15.842300068054161,15.980341697405548,15.85853907537781,16.029061816945838,15.927560664445839,0.007046051391843929,7.800000190734863,0.0,0.0,0.0,0.0,0.0,0.0,,,,,
pylon_camera_1771860536314806898.png,1771860536314806898,1771860536.3148067,42.300968043887806,-83.69798213122299,237.84283447265625,0.032040938651250406,-0.9990978265455206,-0.007897131231832165,-0.026731003734817186,0.03984000000000001,-0.05881000000000001,-0.028460000000000003,-0.5132,0.30960000000000004,-9.970600000000001,7.067871697027037,15.810404913947663,19.510000228881836,19.600000381469727,19.5,19.6299991607666,15.842300068054161,15.915381021756936,15.83417979,15.939740307134743,15.882900296736459,0.0045852957709414536,7.900000095367432,0.0,0.0,0.0,0.0,0.0,0.0,,,,,
pylon_camera_1771860536365945786.png,1771860536365945786,1771860536.3659458,42.300967845236336,-83.69798554698423,237.83847045898438,0.0326830817843638,-0.9990402444440822,-0.007038077018267905,-0.02829967522904967,0.03898000000000001,-0.07209,-0.023480000000000004,-0.7917000000000001,0.32020000000000004,-9.783900000000001,7.063373756034912,15.800343289824738,19.43000030517578,19.510000228881836,19.549999237060547,19.69999885559082,15.77733939240555,15.842300068054161,15.874779631486131,15.996580704729196,15.87274994916876,0.004582600391388406,8.100000381469727,0.0,0.0,0.0,0.0,0.0,0.0,,,,,
pylon_camera_1771860536416293932.png,1771860536416293932,1771860536.4162939,42.300967549428954,-83.6979906676589,237.83111572265625,0.033342548537487304,-0.998984189638009,-0.0059595600601367645,-0.02972115331217567,0.035870000000000006,-0.06583000000000001,-0.026240000000000003,0.1087,-1.0677,-10.2744,7.066103816393291,15.80645027104281,19.34000015258789,19.520000457763672,19.520000457763672,19.56999969482422,15.704258438702775,15.850420346108324,15.850420346108324,15.891020187594453,15.824029829628468,0.0011121762498354593,8.199999809265137,0.0,0.0,0.0,0.0,0.0,0.0,,,,,
pylon_camera_1771860536466703752.png,1771860536466703752,1771860536.466704,42.3009673469442,-83.69799407743821,237.82627868652344,0.03390971845962021,-0.9989207227974861,-0.00550910075676163,-0.03125972438440418,-0.009200000000000002,-0.07046000000000001,-0.021150000000000002,-0.13570000000000002,-0.4204,-9.959200000000001,7.055851459369806,15.783516363522695,19.489999771118164,19.719999313354492,19.479999542236328,19.420000076293945,15.82605951194584,16.01282126083752,15.817939233891678,15.769219114351388,15.856509780256605,0.004624661263861651,8.0,0.0,0.0,0.0,0.0,0.0,0.0,,,,,
pylon_camera_1771860536517207851.png,1771860536517207851,1771860536.5172079,42.300967036764135,-83.69799919171416,237.8199005126953,0.034531137501028486,-0.9988555787297837,-0.005114702824896299,-0.0326951555782605,0.015930000000000003,-0.05647000000000001,-0.02806,-0.4178,-1.6706,-8.1839,7.041254487652937,15.750863813610362,19.44999885559082,19.670000076293945,19.6299991607666,19.28999900817871,15.793578399729196,15.972221419351389,15.939740307134743,15.663657048431968,15.842299293661824,0.005805108921864505,7.400000095367432,0.0,0.0,0.0,0.0,0.0,0.0,,,,,
pylon_camera_1771860536567861409.png,1771860536567861409,1771860536.5678616,42.300966827353285,-83.69800259202012,237.81585693359375,0.03515751197990896,-0.9987921635497009,-0.005004497156567245,-0.03395759696003322,0.07978,-0.04610000000000001,-0.05745000000000001,-0.2378,-3.7633,-10.8368,7.03897023504398,15.745754077579281,19.420000076293945,19.59000015258789,19.520000457763672,19.469999313354492,15.769219114351388,15.907260743702773,15.850420346108324,15.809818955837516,15.83417979,0.00561584488015281,6.5,0.0,0.0,0.0,0.0,0.0,0.0,,,,,
pylon_camera_1771860536618005124.png,1771860536618005124,1771860536.6180053,42.300966478632844,-83.69800768395116,237.80801391601562,0.0356115522213033,-0.9987379358152317,-0.005738661501023114,-0.034948829395217276,0.04429000000000001,-0.038720000000000004,-0.035690000000000006,-0.9563,0.7009000000000001,-7.8929,7.028505829081671,15.722345829305954,19.579999923706055,19.469999313354492,19.639999389648438,19.69999885559082,15.899140465648614,15.809818955837516,15.947860585188904,15.996580704729196,15.913350177851058,0.012148590968472234,5.599999904632568,0.0,0.0,0.0,0.0,0.0,0.0,,,,,
pylon_camera_1771860536669406364.png,1771860536669406364,1771860536.6694064,42.300966115095264,-83.69801276351751,237.79681396484375,0.03598822754226455,-0.9987116191904839,-0.006749767495520604,-0.03513388408708474,-0.031130000000000005,0.00136,-0.012280000000000001,0.09730000000000001,1.7169,-7.3559,7.021931914103296,15.707640375934227,19.479999542236328,19.439998626708984,19.579999923706055,19.75,15.817939233891678,15.785458121675035,15.899140465648614,16.037182095000002,15.884929979053833,0.011286838689739315,5.099999904632568,0.0,0.0,0.0,0.0,0.0,0.0,,,,,
pylon_camera_1771860536719164220.png,1771860536719164220,1771860536.7191641,42.30096587206951,-83.69801613762544,237.7869873046875,0.036344484031071767,-0.9987133483413256,-0.007125732867272319,-0.034640298158032046,-0.04131,0.029880000000000004,-0.012530000000000001,-0.6194000000000001,0.547,-7.7084,6.9956429897783465,15.648833629554776,19.579999923706055,19.65999984741211,19.559999465942383,19.809999465942383,15.899140465648614,15.964101141297226,15.882899909540292,16.08590221454029,15.958010932756606,0.019757210698304693,4.900000095367432,0.0,0.0,0.0,0.0,0.0,0.0,,,,,
pylon_camera_1771860536769882381.png,1771860536769882381,1771860536.7698824,42.30096552310295,-83.69802119140944,237.76771545410156,0.036728166236305815,-0.9987394303524395,-0.006841946411536893,-0.03352282555967464,0.015190000000000002,0.04911000000000001,-0.010650000000000001,-1.6996,1.0344,-9.181700000000001,6.983384730574523,15.621412639211373,19.729999542236328,19.68000030517578,19.6299991607666,19.78999900817871,16.020941538891677,15.980341697405548,15.939740307134743,16.06966165843197,16.002671300465984,0.024406157756668687,4.800000190734863,0.0,0.0,0.0,0.0,0.0,0.0,,,,,
pylon_camera_1771860536819862635.png,1771860536819862635,1771860536.8198626,42.300965303326436,-83.69802454766669,237.7532196044922,0.037246558119118534,-0.9987798361456203,-0.005635069052756665,-0.03193397585609527,0.06619000000000001,0.06589,-0.027540000000000005,-0.27940000000000004,-0.2184,-9.7728,6.983024058912458,15.620605838343636,19.68000030517578,19.799999237060547,19.719999313354492,19.689998626708984,15.980341697405548,16.07778193648613,16.01282126083752,15.988460426675033,16.014851330351057,0.025238809306593828,4.700000286102295,0.0,0.0,0.0,0.0,0.0,0.0,,,,,
pylon_camera_1771860536870990724.png,1771860536870990724,1771860536.8709908,42.300964982119226,-83.69802959276817,237.73178100585938,0.037862072165639915,-0.9988184276876345,-0.004171505531682707,-0.03017963791242026,0.07687000000000002,0.09008000000000001,-0.027460000000000002,-0.2137,-0.6910000000000001,-11.021,6.980223192868143,15.614340469054465,19.779998779296875,19.670000076293945,19.709999084472656,19.549999237060547,16.061541380377808,15.972221419351389,16.004700982783355,15.874779631486131,15.978310853499671,0.02331000692386253,4.5,0.0,0.0,0.0,0.0,0.0,0.0,,,,,
pylon_camera_1771860536921071335.png,1771860536921071335,1771860536.9210713,42.30096477287028,-83.69803296270685,237.719482421875,0.038436454834268774,-0.9988347847584977,-0.0030374169477252848,-0.029025605842156185,0.07997000000000001,0.029370000000000004,-0.04410000000000001,0.7065,-1.4677,-11.178600000000001,7.001579742863594,15.662113790001289,19.25,19.619998931884766,19.59000015258789,19.559999465942383,15.631177485000002,15.931620029080582,15.907260743702773,15.882899909540292,15.838239541830912,0.01124533726361139,4.099999904632568,0.0,0.0,0.0,0.0,0.0,0.0,,,,,
pylon_camera_1771860536972603751.png,1771860536972603751,1771860536.9726036,42.30096443764212,-83.69803802081391,237.7045440673828,0.03891591918301812,-0.9988307550005755,-0.001862290793397706,-0.028621774440480106,0.05041,-0.0035100000000000005,-0.023740000000000004,0.7685000000000001,-2.3957,-10.7802,7.01812553722159,15.699125739232466,18.94999885559082,19.529998779296875,19.600000381469727,19.6299991607666,15.387573789729194,15.85853907537781,15.915381021756936,15.939740307134743,15.77530854849967,0.004852678456916943,3.5,0.0,0.0,0.0,0.0,0.0,0.0,,,,,
pylon_camera_1771860537024225022.png,1771860537024225022,1771860537.024225,42.30096421369433,-83.69804139639355,237.69607543945312,0.03916390904741157,-0.9988129018746129,-0.0017044850713577395,-0.028914875195697454,-0.036910000000000005,-0.05854000000000001,0.0119,-0.2134,-1.9585000000000001,-10.8329,7.014775077984165,15.691630962945899,19.28999900817871,19.479999542236328,19.510000228881836,19.510000228881836,15.663657048431968,15.817939233891678,15.842300068054161,15.842300068054161,15.791549104607991,0.006367607159385689,2.0,0.0,0.0,0.0,0.0,0.0,0.0,,,,,
pylon_camera_1771860537081130329.png,1771860537081130329,1771860537.0811303,42.30096384761462,-83.69804644265436,237.68382263183594,0.03940762831100458,-0.9988054892538678,-0.0018800800468823722,-0.028828783641713204,0.01668,-0.004130000000000001,-0.015860000000000003,0.0689,0.0641,-8.713000000000001,6.975587711596524,15.60397117557873,20.0,19.439998626708984,19.5,19.369998931884766,16.2401844,15.785458121675035,15.83417979,15.728617724080582,15.897110008938906,0.01878616860167996,-0.30000001192092896,0.0,0.0,0.0,0.0,0.0,0.0,,,,,
pylon_camera_1771860537123206123.png,1771860537123206123,1771860537.1232061,42.30096359312033,-83.69804978928114,237.6749267578125,0.03942713298240519,-0.998813933602565,-0.002423615068570164,-0.02846670539696833,-0.08092,0.0036100000000000004,-0.00151,-1.8577000000000001,0.741,-10.9425,6.952144487796849,15.551530090532284,19.68000030517578,19.59000015258789,19.489999771118164,19.439998626708984,15.980341697405548,15.907260743702773,15.82605951194584,15.785458121675035,15.874780018682298,0.020785731453319033,-1.0,0.0,0.0,0.0,0.0,0.0,0.0,,,,,
pylon_camera_1771860537175644716.png,1771860537175644716,1771860537.1756446,42.300963214010224,-83.69805479650378,237.66285705566406,0.0394388779655494,-0.9988531181145469,-0.0032365798303169574,-0.02695455228096953,-0.033460000000000004,0.08045000000000001,0.00538,-1.9551,0.2731,-9.610800000000001,6.915764947707229,15.47015124212421,19.59000015258789,19.529998779296875,19.510000228881836,19.549999237060547,15.907260743702773,15.85853907537781,15.842300068054161,15.874779631486131,15.87071987965522,0.02589300073811088,-1.399999976158142,0.0,0.0,0.0,0.0,0.0,0.0,,,,,
pylon_camera_1771860537223544637.png,1771860537223544637,1771860537.2235446,42.30096296042108,-83.69805813474862,237.65553283691406,0.03943212080124747,-0.9988811197116632,-0.003519639566332994,-0.02586945438181833,0.018760000000000002,0.043100000000000006,0.0032700000000000003,-1.1543,0.4001,-11.328700000000001,6.924509072070951,15.489711323678392,19.600000381469727,19.44999885559082,19.59000015258789,19.559999465942383,15.915381021756936,15.793578399729196,15.907260743702773,15.882899909540292,15.8747800186823,0.024859643085489328,-1.2000000476837158,0.0,0.0,0.0,0.0,0.0,0.0,,,,,
pylon_camera_1771860537274194533.png,1771860537274194533,1771860537.2741945,42.300962588075215,-83.69806312909287,237.64601135253906,0.03940295272452521,-0.9989207056853155,-0.0031145179676311825,-0.024395303801539453,0.03588,0.05041,-0.006010000000000001,-1.6414,0.462,-10.2265,6.920744321738003,15.481289803068611,19.53999900817871,19.389999389648438,19.520000457763672,19.510000228881836,15.866659353431968,15.744858280188904,15.850420346108324,15.842300068054161,15.82605951194584,0.022270089460433077,-0.6000000238418579,0.0,0.0,0.0,0.0,0.0,0.0,,,,,
pylon_camera_1771860537324285868.png,1771860537324285868,1771860537.324286,42.30096234643236,-83.6980664602726,237.6407012939453,0.03932363405983064,-0.998946071607093,-0.002385542477475463,-0.023552218837576796,0.036570000000000005,0.023460000000000005,0.007700000000000001,-0.8376,3.083,-9.221400000000001,6.913419054873947,15.464903620609729,19.389999389648438,19.299999237060547,19.600000381469727,19.459999084472656,15.744858280188904,15.671777326486131,15.915381021756936,15.801698677783357,15.783428826553832,0.02059664992154315,-0.30000001192092896,0.0,0.0,0.0,0.0,0.0,0.0,,,,,
pylon_camera_1771860537375166529.png,1771860537375166529,1771860537.3751664,42.300962007142964,-83.69807144543802,237.6322784423828,0.039418153521217636,-0.9989659523496777,-0.0007239727563217481,-0.02264312439853002,0.09056000000000002,0.06932,0.005510000000000001,0.043300000000000005,2.8413,-9.3122,6.886707682366435,15.405151882992774,19.420000076293945,19.34000015258789,19.81999969482422,19.229999542236328,15.769219114351388,15.704258438702775,16.094022492594455,15.614936928891678,15.795609243635074,0.025345894906324357,-0.4000000059604645,0.0,0.0,0.0,0.0,0.0,0.0,,,,,
pylon_camera_1771860537425029014.png,1771860537425029014,1771860537.425029,42.30096179219305,-83.69807475263693,237.62513732910156,0.03961935378645748,-0.9989787194226167,0.0009525046288042498,-0.021700637806847955,0.09194000000000001,0.05038000000000001,-0.018080000000000002,0.459,-0.3126,-8.306700000000001,6.875863075191315,15.380893147418462,19.40999984741211,19.389999389648438,19.619998931884766,19.170000076293945,15.761098836297226,15.744858280188904,15.931620029080582,15.566216809351387,15.750948488729525,0.024059418251219954,-0.5,0.0,0.0,0.0,0.0,0.0,0.0,,,,,
pylon_camera_1771860537475937174.png,1771860537475937174,1771860537.4759374,42.300961453903206,-83.69807972368763,237.61221313476562,0.03969848502153833,-0.9989984784692694,0.0018429420453728914,-0.020559033724789077,0.04408000000000001,0.016010000000000003,-0.01352,0.3804,-1.4435,-10.1587,6.881713892707287,15.39398107515264,19.28999900817871,19.399999618530273,19.139999389648438,19.239999771118164,15.663657048431968,15.752978558243067,15.541855975188904,15.62305720694584,15.645387197202444,0.016331455834748158,-0.9000000357627869,0.0,0.0,0.0,0.0,0.0,0.0,,,,,
pylon_camera_1771860537525719321.png,1771860537525719321,1771860537.5257194,42.30096122794745,-83.69808303038533,237.60507202148438,0.03978858956707054,-0.9990092696174286,0.0024311876928468003,-0.01978475890975962,-0.011670000000000002,-0.010740000000000001,-0.00477,-0.6029,-1.7736,-9.8644,6.875083230720674,15.379148682128305,19.309999465942383,19.209999084472656,19.189998626708984,19.299999237060547,15.679897604540292,15.598696372783357,15.582455816675035,15.671777326486131,15.633206780121203,0.0165196463890184,-1.2000000476837158,0.0,0.0,0.0,0.0,0.0,0.0,,,,,
pylon_camera_1771860537576708830.png,1771860537576708830,1771860537.5767088,42.30096087425591,-83.69808797949223,237.59669494628906,0.03963661813292346,-0.9990228926914236,0.0024858854648715564,-0.01939120302871195,-0.03669000000000001,0.008530000000000001,0.00613,-1.5142,-1.7701,-12.532900000000001,6.853292292804023,15.330403661465033,19.209999084472656,19.15999984741211,19.09000015258789,19.260000228881836,15.598696372783357,15.558096531297227,15.501256133702775,15.639297763054161,15.574336700209379,0.015911716620841763,-1.399999976158142,0.0,0.0,0.0,0.0,0.0,0.0,,,,,
pylon_camera_1771860537626985028.png,1771860537626985028,1771860537.626985,42.30096063291435,-83.69809128704391,237.59274291992188,0.03933747214983485,-0.9990319552524092,0.00145423657638377,-0.019636722368791288,-0.05274000000000001,-0.008990000000000001,0.012700000000000001,-1.4008,-0.8041,-11.1624,6.850229589043604,15.3235525769152,19.15999984741211,19.139999389648438,19.139999389648438,19.209999084472656,15.558096531297227,15.541855975188904,15.541855975188904,15.598696372783357,15.560126213614598,0.015438563316955303,-1.7000000476837158,0.0,0.0,0.0,0.0,0.0,0.0,,,,,
pylon_camera_1771860537678095380.png,1771860537678095380,1771860537.6780953,42.30096025286088,-83.6980962401714,237.591064453125,0.039080581416970406,-0.9990280027124934,0.00029110211260893054,-0.020388065429509872,-0.04437000000000001,-0.0354,0.01246,-1.0454,-0.0632,-9.770100000000001,6.842665257184793,15.306631620406952,19.1299991607666,19.03999900817871,19.119998931884766,19.06999969482422,15.533735697134745,15.46065474343197,15.525615419080582,15.485015577594451,15.501255359310438,0.012714994633045958,-2.1000001430511475,0.0,0.0,0.0,0.0,0.0,0.0,,,,,
pylon_camera_1771860537728637549.png,1771860537728637549,1771860537.7286375,42.30096000053872,-83.69809953111695,237.59109497070312,0.03886820119320428,-0.9990224012506861,-0.0004291423259351491,-0.02105517922464197,-0.012520000000000002,-0.03887,0.007890000000000001,-0.2676,-0.1197,-10.2858,6.834174824855169,15.287639032711523,18.94999885559082,19.03999900817871,19.170000076293945,19.100000381469727,15.387573789729194,15.46065474343197,15.566216809351387,15.509376411756936,15.48095543856737,0.012645275404671816,-2.200000047683716,0.0,0.0,0.0,0.0,0.0,0.0,,,,,
pylon_camera_1771860537779604029.png,1771860537779604029,1771860537.779604,42.30095963544498,-83.69810446753188,237.59144592285156,0.038741968960138984,-0.9990129295707723,-0.00015167422399531283,-0.021730241288228386,0.04231,-0.014430000000000002,-0.0021000000000000003,0.23040000000000002,-0.8341000000000001,-9.802100000000001,6.818384060152132,15.252316039516712,19.020000457763672,19.06999969482422,19.100000381469727,19.049999237060547,15.444415736108322,15.485015577594451,15.509376411756936,15.46877502148613,15.47689568673646,0.014724298043516307,-2.200000047683716,0.0,0.0,36.0,0.0,0.0,0.0,,,,,
pylon_camera_1771860537829396545.png,1771860537829396545,1771860537.8293965,42.30095929146032,-83.69810938783122,237.58975219726562,0.03867654025563527,-0.9990065881060777,0.0006219026020237769,-0.02212635061779929,0.048990000000000006,0.013010000000000002,-0.01012,-0.44570000000000004,-1.1880000000000002,-9.2021,6.792507069872103,15.194430764879703,19.0,19.059999465942383,19.029998779296875,19.03999900817871,15.428175180000002,15.476895299540292,15.45253446537781,15.46065474343197,15.454564922087517,0.017120362140126102,-2.5,0.0,0.0,0.0,0.0,0.0,0.0,,,,,
pylon_camera_1771860537880689516.png,1771860537880689516,1771860537.8806894,42.30095906991711,-83.69811265748906,237.58729553222656,0.03865430073966525,-0.9990112049569009,0.0007281313290776695,-0.02195284103837154,0.0046300000000000004,0.026010000000000005,-0.006310000000000001,-1.304,-0.1119,-9.2575,6.765116970125469,15.133160755152467,19.139999389648438,18.989999771118164,19.06999969482422,19.029998779296875,15.541855975188904,15.42005490194584,15.485015577594451,15.45253446537781,15.47486523002675,0.022579848347804143,-3.299999952316284,0.0,0.0,0.0,0.0,0.0,0.0,,,,,
pylon_camera_1771860537930724915.png,1771860537930724915,1771860537.9307249,42.30095873447469,-83.69811753875696,237.58148193359375,0.03859631184823614,-0.9990336241252272,3.921530804599539e-05,-0.021027150094285952,-0.010560000000000002,0.06843,-0.00026000000000000003,-2.0413,2.1621,-9.096,6.727606296088318,15.049251627971802,18.989999771118164,19.100000381469727,19.020000457763672,19.0,15.42005490194584,15.509376411756936,15.444415736108322,15.428175180000002,15.450505557452775,0.026662716485859567,-3.9000000953674316,0.0,0.0,0.0,0.0,0.0,0.0,,,,,
pylon_camera_1771860537981688839.png,1771860537981688839,1771860537.9816887,42.30095851338455,-83.6981207795849,237.576904296875,0.03865082077805515,-0.9990718290414424,0.0008158476736849496,-0.018998127843098792,0.05525000000000001,0.10442000000000001,-0.0020100000000000005,-1.1886,1.1420000000000001,-9.7765,6.692770667239845,14.9713264163755,19.100000381469727,18.989999771118164,19.029998779296875,18.959999084472656,15.509376411756936,15.42005490194584,15.45253446537781,15.395694067783356,15.444414961715985,0.03159964135328881,-3.9000000953674316,0.0,0.0,0.0,0.0,0.0,0.0,,,,,
pylon_camera_1771860538031731626.png,1771860538031731626,1771860538.0317316,42.300958205342674,-83.69812561174108,237.569580078125,0.03863363794478919,-0.9991146160744964,0.003174582581026493,-0.01635077951959837,0.08456000000000001,0.11103000000000002,0.0025800000000000003,-0.636,-0.3753,-9.9944,6.6730840532612605,14.927288642102246,19.170000076293945,19.0,19.059999465942383,18.90999984741211,15.566216809351387,15.428175180000002,15.476895299540292,15.355094226297227,15.456595378797227,0.03545900058514827,-3.5,0.0,0.0,0.0,0.0,0.0,0.0,,,,,
pylon_camera_1771860538083238919.png,1771860538083238919,1771860538.0832388,42.300958001533424,-83.69812883171656,237.5652313232422,0.038525578122398096,-0.9991488844827767,0.005264787503390868,-0.01376838696804984,0.05521000000000001,0.09366000000000002,0.0028400000000000005,-0.45080000000000003,-0.559,-10.4821,6.67196231007978,14.924779369909865,19.010000228881836,18.94999885559082,19.079999923706055,18.81999969482422,15.436295458054161,15.387573789729194,15.493135855648614,15.282013272594453,15.399754594006605,0.03182460606783553,-3.299999952316284,0.0,0.0,0.0,0.0,0.0,0.0,,,,,
pylon_camera_1771860538135581308.png,1771860538135581308,1771860538.1355813,42.30095769006019,-83.69813367062288,237.56178283691406,0.03832458008124284,-0.9991758421422263,0.006040221218282588,-0.011932257481428048,0.004430000000000001,0.04107,0.005070000000000001,0.12510000000000002,-0.5371,-10.1982,6.686892564336668,14.958177452867268,18.889999389648438,18.739999771118164,19.020000457763672,18.84000015258789,15.338853670188904,15.21705259694584,15.444415736108322,15.298253828702775,15.324643957986462,0.024499408853379204,-3.700000047683716,0.0,0.0,0.0,0.0,0.0,0.0,,,,,
pylon_camera_1771860538185813853.png,1771860538185813853,1771860538.1858137,42.30095747522036,-83.69813690267404,237.5605010986328,0.038178006758329164,-0.9991869686765116,0.005863941969654282,-0.011552298973877039,0.006070000000000001,0.0035700000000000007,-0.00116,0.43220000000000003,-0.7093,-9.1158,6.7002053835332545,14.98795743064088,18.829999923706055,18.68000030517578,18.920000076293945,18.69999885559082,15.290133550648614,15.16833247740555,15.363214504351387,15.184571484729195,15.251563004283687,0.017587825083083142,-4.300000190734863,0.0,0.0,0.0,0.0,0.0,0.0,,,,,
pylon_camera_1771860538233412868.png,1771860538233412868,1771860538.233413,42.300957144169885,-83.69814175556326,237.5579376220703,0.037986475992222324,-0.9991926599035574,0.005641040643622792,-0.01179977529459417,-0.0032300000000000002,-0.026240000000000003,0.013490000000000002,0.19920000000000002,1.3033000000000001,-9.3941,6.701099829508448,14.989958252620628,18.739999771118164,18.559999465942383,18.729999542236328,18.549999237060547,15.21705259694584,15.070890689540292,15.20893231889168,15.06277041148613,15.139911504215984,0.010003580334797826,-4.400000095367432,0.0,0.0,0.0,0.0,0.0,0.0,,,,,
pylon_camera_1771860538284459202.png,1771860538284459202,1771860538.2844594,42.30095691113929,-83.69814498754477,237.55604553222656,0.037495226267365844,-0.9992016465552116,0.00529179366204581,-0.012734773195903833,-0.013320000000000002,-0.032220000000000006,0.018590000000000002,-0.5029,0.8011,-9.477500000000001,6.692605922133977,14.97095789145838,18.639999389648438,18.520000457763672,18.719999313354492,18.53999900817871,15.135851365188906,15.038411126108322,15.200812040837517,15.05465013343197,15.10743116639168,0.00911586793061278,-4.300000190734863,0.0,0.0,0.0,0.0,0.0,0.0,,,,,
pylon_camera_1771860538334275441.png,1771860538334275441,1771860538.3342752,42.300956548936725,-83.69814983493617,237.55227661132812,0.03685345891601194,-0.9992203031562761,0.004292137672270292,-0.013497624991376186,-0.05666,-0.017120000000000003,0.027870000000000002,-0.6879000000000001,-0.1893,-9.317300000000001,6.675711836591221,14.933166835744366,18.690000534057617,18.510000228881836,18.59000015258789,18.549999237060547,15.17645275545971,15.030290848054163,15.095251523702775,15.06277041148613,15.091191384675692,0.010582119028702954,-4.300000190734863,0.0,0.0,0.0,0.0,0.0,0.0,,,,,
pylon_camera_1771860538385043932.png,1771860538385043932,1771860538.3850439,42.300956305740925,-83.69815305720003,237.55035400390625,0.03621460242150043,-0.9992349216364718,0.003327403211983068,-0.014387575941464104,-0.036820000000000006,-0.05197,0.023110000000000006,-1.0109000000000001,0.529,-12.8148,6.654145606079336,14.88492447206311,18.60999870300293,18.389999389648438,18.350000381469727,18.469999313354492,15.111490531026423,14.932849060188905,14.900369496756936,14.997809735837517,14.985629705952444,0.006765585816598774,-4.300000190734863,0.0,0.0,0.0,0.0,0.0,0.0,,,,,
pylon_camera_1771860538435025391.png,1771860538435025391,1771860538.4350255,42.30095596954862,-83.69815788058865,237.55453491210938,0.03578083649179087,-0.9992248590517903,0.0038260893639042387,-0.01596163629008517,0.02553,-0.08267000000000001,0.016940000000000004,-1.8608,1.2287000000000001,-12.262500000000001,6.639026086304207,14.851103013497333,18.529998779296875,18.440000534057617,18.420000076293945,18.440000534057617,15.046529855377807,14.97345045045971,14.957209894351388,14.97345045045971,14.987660162662154,0.009195084637195745,-4.200000286102295,0.0,0.0,0.0,0.0,0.0,0.0,,,,,
pylon_camera_1771860538485396484.png,1771860538485396484,1771860538.4853964,42.30095576902659,-83.69816109611024,237.5617218017578,0.03560293864529329,-0.9991909636359946,0.0054155390162907956,-0.017903097082773534,0.07148000000000002,-0.0844,0.006640000000000001,-1.1251,0.2646,-10.931600000000001,6.62363446179656,14.816672872971198,18.35999870300293,18.28999900817871,18.420000076293945,18.399999618530273,14.90848822602642,14.85164782843197,14.957209894351388,14.940969338243065,14.914578821763211,0.006607822797425352,-4.200000286102295,0.0,0.0,0.0,0.0,0.0,0.0,,,,,
pylon_camera_1771860538535227524.png,1771860538535227524,1771860538.5352275,42.30095548876364,-83.69816590318487,237.57411193847656,0.0355980325325152,-0.9991467658742841,0.007119807812290759,-0.019693365875046505,0.05761000000000001,-0.06798000000000001,0.003790000000000001,-0.7154,-0.6828000000000001,-8.734,6.598911874532053,14.761369928615732,18.28999900817871,18.329999923706055,18.619998931884766,18.479999542236328,14.85164782843197,14.884128940648614,15.119610809080582,15.005930013891678,14.96532939801321,0.013817109820010115,-4.200000286102295,0.0,0.0,0.0,0.0,0.0,0.0,,,,,
pylon_camera_1771860538587041240.png,1771860538587041240,1771860538.5870414,42.300955310226115,-83.69816909537958,237.5806884765625,0.03546977124478151,-0.99912440695972,0.008225406792704833,-0.020607217869602835,0.042530000000000005,-0.01352,0.00521,-1.1784000000000001,-0.4701,-6.954400000000001,6.559038747381844,14.672176135568343,18.369998931884766,18.28999900817871,18.510000228881836,18.43000030517578,14.916608504080582,14.85164782843197,15.030290848054163,14.965330172405547,14.940969338243065,0.018319927473001943,-4.5,0.0,0.0,0.0,0.0,0.0,0.0,,,,,
pylon_camera_1771860538636458082.png,1771860538636458082,1771860538.636458,42.300955033746355,-83.69817385685172,237.58168029785156,0.03519634883906153,-0.999135295963212,0.008924088244260605,-0.020254333805701286,0.01314,0.024420000000000004,0.012300000000000002,-1.0683,-0.49100000000000005,-7.474200000000001,6.53420338177109,14.616620912819023,18.25,18.31999969482422,18.489999771118164,18.420000076293945,14.819168265,14.876008662594453,15.01405029194584,14.957209894351388,14.91660927847292,0.020523783673612444,-5.200000286102295,0.0,0.0,0.0,0.0,0.0,0.0,,,,,
pylon_camera_1771860538687160425.png,1771860538687160425,1771860538.6871603,42.30095484033322,-83.69817701889838,237.57672119140625,0.034781366623223786,-0.9991682969857105,0.009269659795935227,-0.019158398726499718,0.0061,0.04682000000000001,0.018430000000000005,-0.9082,-0.8797,-7.9903,6.519744197328635,14.584276584772319,18.31999969482422,18.279998779296875,18.43000030517578,18.170000076293945,14.876008662594453,14.843527550377807,14.965330172405547,14.754207589351388,14.859768493682298,0.018889651969273853,-6.5,0.0,0.0,0.0,0.0,0.0,0.0,,,,,
pylon_camera_1771860538737357190.png,1771860538737357190,1771860538.7373574,42.30095454048742,-83.69818174582377,237.565185546875,0.03423381740652309,-0.9992144769706206,0.009068843299937648,-0.017782880512088525,-0.010940000000000002,0.04722000000000001,0.023930000000000003,-0.4433,-0.37020000000000003,-9.061200000000001,6.5140835654644516,14.571614090930051,18.369998931884766,18.229999542236328,18.34000015258789,18.279998779296875,14.916608504080582,14.802927708891678,14.892249218702775,14.843527550377807,14.86382824551321,0.020053657251672886,-7.800000190734863,0.0,0.0,0.0,0.0,0.0,0.0,,,,,
pylon_camera_1771860538788262247.png,1771860538788262247,1771860538.7882621,42.30095433353771,-83.69818489244341,237.5563507080078,0.03365906126165924,-0.9992588077925089,0.008457375451500656,-0.016654592296117914,-0.02578,0.027850000000000003,0.023350000000000003,-0.159,-0.2311,-10.5557,6.510659185012982,14.56395395732294,18.389999389648438,18.19999885559082,18.270000457763672,18.149999618530273,14.932849060188905,14.778566874729195,14.835408821108322,14.737967033243065,14.821197947317373,0.017663059822094984,-8.600000381469727,0.0,0.0,0.0,0.0,0.0,0.0,,,,,
pylon_camera_1771860538838381625.png,1771860538838381625,1771860538.8383815,42.300954023934345,-83.69818961663879,237.54576110839844,0.03299704754379934,-0.9992936376883941,0.007679762546689889,-0.016261665846866644,-0.01837,0.013070000000000002,0.027510000000000003,-0.48250000000000004,0.657,-10.8375,6.500327036897808,14.540841561918183,18.329999923706055,18.15999984741211,18.190000534057617,18.09000015258789,14.884128940648614,14.746087311297225,14.77044814545971,14.689246913702775,14.772477827777081,0.015930045374095994,-8.600000381469727,0.0,0.0,0.0,0.0,0.0,0.0,,,,,
pylon_camera_1771860538888795101.png,1771860538888795101,1771860538.8887951,42.3009538176435,-83.69819276309099,237.5413818359375,0.032363329151162856,-0.9993154443289749,0.007373923043333568,-0.016336551373762987,-0.00916,-0.0039700000000000004,0.027260000000000003,-0.7772,0.9174,-11.563,6.488293575193863,14.513923430094161,18.239999771118164,18.079999923706055,18.149999618530273,18.15999984741211,14.811047986945841,14.681126635648614,14.737967033243065,14.746087311297225,14.744057241783686,0.015856071778107196,-8.40000057220459,0.0,0.0,0.0,0.0,0.0,0.0,,,,,
pylon_camera_1771860538938673939.png,1771860538938673939,1771860538.938674,42.300953522038405,-83.69819747832067,237.5396728515625,0.03174794438592976,-0.9993272849157482,0.00750641560991013,-0.016754085319062438,0.004410000000000001,-0.012520000000000002,0.024340000000000004,-0.932,0.7314,-11.0638,6.471883666191522,14.477215448250465,18.190000534057617,18.049999237060547,18.15999984741211,18.100000381469727,14.77044814545971,14.65676580148613,14.746087311297225,14.697367191756936,14.7176671125,0.016608971877847666,-8.199999809265137,0.0,0.0,0.0,0.0,0.0,0.0,,,,,
pylon_camera_1771860538990126383.png,1771860538990126383,1771860538.9901264,42.30095324446249,-83.69820218244377,237.54200744628906,0.0311752649553646,-0.9993331034699464,0.007945522218917481,-0.01727193795603526,0.00854,-0.018890000000000004,0.02706,-1.0954000000000002,0.49310000000000004,-10.1653,6.460387583158363,14.45149940027027,18.079999923706055,18.010000228881836,18.149999618530273,18.049999237060547,14.681126635648614,14.624286238054161,14.737967033243065,14.65676580148613,14.675036427107992,0.015468085396975565,-8.199999809265137,0.0,0.0,0.0,0.0,0.0,0.0,,,,,
pylon_camera_1771860539040189477.png,1771860539040189477,1771860539.0401895,42.30095307069402,-83.69820531659293,237.54458618164062,0.03064784294148154,-0.9993338228497899,0.008509116566734335,-0.01789455690183085,0.01718,-0.029180000000000005,0.02426,-1.101,0.3562,-10.3488,6.450360559548812,14.42906955007712,18.029998779296875,17.889999389648438,18.149999618530273,18.119998931884766,14.640525245377807,14.526844450188904,14.737967033243065,14.713606199080584,14.65473573197259,0.015639690495099428,-8.199999809265137,0.0,0.0,0.0,0.0,0.0,0.0,,,,,
pylon_camera_1771860539091261766.png,1771860539091261766,1771860539.0912616,42.30095281615575,-83.69821001141854,237.54832458496094,0.03013792383805064,-0.9993325168604597,0.008918350574599986,-0.018619594923077434,0.007280000000000001,-0.03177000000000001,0.023780000000000003,-0.7040000000000001,-0.1381,-8.4755,6.445294813598039,14.417737780329999,17.94999885559082,17.940000534057617,18.139999389648438,18.020000457763672,14.575564569729195,14.56744584045971,14.729846755188905,14.632406516108324,14.626315920371534,0.014466773027742009,-8.199999809265137,0.0,0.0,0.0,0.0,0.0,0.0,,,,,
pylon_camera_1771860539141193156.png,1771860539141193156,1771860539.1411932,42.30095264395305,-83.69821313200399,237.5486602783203,0.029606647290788102,-0.9993373120540958,0.008850495276088933,-0.01923673324817812,-0.005330000000000001,-0.018030000000000004,0.026720000000000004,-0.6778000000000001,0.111,-8.2382,6.431983080738666,14.387960232627552,18.06999969482422,17.78999900817871,18.049999237060547,17.969999313354492,14.673006357594453,14.445643218431968,14.65676580148613,14.591805125837517,14.591805125837517,0.014167740938545694,-8.199999809265137,0.0,0.0,0.0,0.0,0.0,0.0,,,,,
pylon_camera_1771860539192911012.png,1771860539192911012,1771860539.1929111,42.300952385976416,-83.69821780295997,237.54612731933594,0.02901107685276827,-0.999349747896952,0.00884251714616998,-0.019499966375889462,0.00321,-0.006390000000000001,0.027930000000000007,-0.798,0.26080000000000003,-8.862400000000001,6.416244816933342,14.352754680790872,18.010000228881836,17.8799991607666,18.010000228881836,17.889999389648438,14.624286238054161,14.518724172134743,14.624286238054161,14.526844450188904,14.573535274607991,0.015382454359970562,-8.199999809265137,0.0,0.0,0.0,0.0,0.0,0.0,,,,,
pylon_camera_1771860539244917806.png,1771860539244917806,1771860539.2449179,42.30095220982065,-83.6982209087601,237.5426483154297,0.028195209416590872,-0.9993755829761745,0.008735528442314401,-0.01942073273127547,-0.015470000000000003,0.004380000000000001,0.029770000000000005,-0.765,0.0603,-9.3001,6.399098875903613,14.31440023946383,17.989999771118164,17.78999900817871,17.979999542236328,17.84000015258789,14.60804568194584,14.445643218431968,14.599925403891678,14.486244608702776,14.534964728243065,0.015408573540591242,-8.100000381469727,0.0,0.0,0.0,0.0,0.0,0.0,,,,,
pylon_camera_1771860539295546190.png,1771860539295546190,1771860539.295546,42.3009519459298,-83.69822555391421,237.53567504882812,0.027519000362336843,-0.9994055546911282,0.00829837924251859,-0.019036248935213988,-0.023660000000000004,0.012620000000000003,0.02695,-0.6511,-0.019100000000000002,-10.4937,6.382848531876073,14.278049194894864,17.969999313354492,17.78999900817871,17.899999618530273,17.799999237060547,14.591805125837517,14.445643218431968,14.534964728243066,14.45376349648613,14.506544142249671,0.0160032329512148,-8.100000381469727,0.0,0.0,0.0,0.0,0.0,0.0,,,,,
pylon_camera_1771860539343096450.png,1771860539343096450,1771860539.3430965,42.30095177452873,-83.6982286449901,237.5313720703125,0.026994542037713065,-0.9994301868790274,0.007862247348928066,-0.018675687986017483,-0.019280000000000002,0.013540000000000002,0.026420000000000003,-0.4938,0.4742,-10.243500000000001,6.374780304950908,14.260001055356886,17.90999984741211,17.85999870300293,17.85999870300293,17.78999900817871,14.543085006297225,14.50248361602642,14.50248361602642,14.445643218431968,14.498423864195509,0.01671969082702537,-8.100000381469727,0.0,0.0,0.0,0.0,0.0,0.0,,,,,
pylon_camera_1771860539394078262.png,1771860539394078262,1771860539.3940783,42.30095152626806,-83.69823327462584,237.5277099609375,0.026405160824651275,-0.9994505900010797,0.00777237730867545,-0.018462821541936212,0.0030800000000000003,-0.0010700000000000002,0.024230000000000005,-0.3599,0.4562,-10.9071,6.369083463376796,14.24725756256609,17.940000534057617,17.809999465942383,17.869998931884766,17.779998779296875,14.56744584045971,14.461883774540292,14.510603894080583,14.437522940377809,14.494364112364599,0.017344148423888043,-7.900000095367432,0.0,0.0,0.0,0.0,0.0,0.0,,,,,
pylon_camera_1771860539443940556.png,1771860539443940556,1771860539.4439406,42.30095136878195,-83.6982363619588,237.52752685546875,0.02590441555820827,-0.9994550788194856,0.008140899275677843,-0.01876785644411338,0.01801,-0.02338,0.020700000000000003,-0.5204,0.3422,-10.8385,6.369155784438197,14.247419340441182,17.829999923706055,17.639999389648438,17.8799991607666,17.799999237060547,14.478124330648614,14.323842145188904,14.518724172134743,14.45376349648613,14.443613536114597,0.013770507555464438,-7.800000190734863,0.0,0.0,0.0,0.0,0.0,0.0,,,,,
pylon_camera_1771860539494930066.png,1771860539494930066,1771860539.4949303,42.30095114318664,-83.6982409915049,237.5283966064453,0.025399469636802452,-0.9994476569212256,0.008644834438673834,-0.019609050317875774,0.006470000000000001,-0.02705,0.017640000000000003,-0.8048000000000001,0.012400000000000001,-9.529,6.35895828776016,14.224608152222213,17.770000457763672,17.760000228881836,17.90999984741211,17.760000228881836,14.429404211108324,14.421283933054161,14.543085006297225,14.421283933054161,14.453764270878468,0.016109836995436305,-7.800000190734863,0.0,0.0,0.0,0.0,0.0,0.0,,,,,
pylon_camera_1771860539544868288.png,1771860539544868288,1771860539.5448685,42.30095099477882,-83.69824407360758,237.5287322998047,0.024999367221944846,-0.9994482769365896,0.008847102098610216,-0.01999755363640854,0.007180000000000001,-0.007070000000000001,0.01565,-0.9517,-0.0436,-8.9685,6.344835349647035,14.19301598703944,17.799999237060547,17.6299991607666,17.869998931884766,17.779998779296875,14.45376349648613,14.315721867134743,14.510603894080583,14.437522940377809,14.429403049519816,0.01665516777380067,-7.700000286102295,0.0,0.0,0.0,0.0,0.0,0.0,,,,,
pylon_camera_1771860539596037750.png,1771860539596037750,1771860539.5960376,42.300950783195965,-83.698248689295,237.5272216796875,0.024567336166600506,-0.9994587638136379,0.009303459710729815,-0.019800784509781483,0.025850000000000005,0.016450000000000003,0.015510000000000001,-0.5785,-0.22870000000000001,-8.8355,6.332230791835181,14.16482034748779,17.84000015258789,17.709999084472656,17.85999870300293,17.799999237060547,14.486244608702776,14.380682542783356,14.50248361602642,14.45376349648613,14.45579356599967,0.020541963214061206,-7.599999904632568,0.0,0.0,0.0,0.0,0.0,0.0,,,,,
pylon_camera_1771860539645884087.png,1771860539645884087,1771860539.6458843,42.30095064894832,-83.69825176275394,237.5246124267578,0.024159301793033938,-0.9994752841393829,0.00996522276207366,-0.019135800654142304,0.028170000000000004,0.026720000000000004,0.015400000000000002,-0.42910000000000004,0.10250000000000001,-8.9178,6.327595926857772,14.154452432625225,17.81999969482422,17.829999923706055,17.84000015258789,17.670000076293945,14.470004052594453,14.478124330648614,14.486244608702776,14.348202979351388,14.445643992824309,0.020572435534694563,-7.200000286102295,0.0,0.0,0.0,0.0,0.0,0.0,,,,,
pylon_camera_1771860539696973215.png,1771860539696973215,1771860539.6969733,42.30095044240242,-83.6982563633805,237.51864624023438,0.02380790579660408,-0.9994981184263501,0.010294985328036764,-0.018185383165089376,0.010290000000000002,0.03277000000000001,0.01137,-0.1341,-0.33280000000000004,-9.8597,6.325886416966933,14.15062836157001,17.869998931884766,17.78999900817871,17.81999969482422,17.75,14.510603894080583,14.445643218431968,14.470004052594453,14.413163655,14.45985370502675,0.021852410759124162,-6.5,0.0,0.0,0.0,0.0,0.0,0.0,,,,,
pylon_camera_1771860539746783041.png,1771860539746783041,1771860539.746783,42.30095030135591,-83.69825942886483,237.51467895507812,0.023532165037405683,-0.9995159510086273,0.010318513758421636,-0.017539360358597666,-0.005790000000000001,0.017400000000000002,0.0077800000000000005,-0.35550000000000004,-0.7487,-10.607000000000001,6.324813733442431,14.148228832886712,17.75,17.709999084472656,17.75,17.729999542236328,14.413163655,14.380682542783356,14.413163655,14.396923098891678,14.400983237918759,0.017864738266356987,-5.700000286102295,0.0,0.0,0.0,0.0,0.0,0.0,,,,,
pylon_camera_1771860539797884494.png,1771860539797884494,1771860539.7978845,42.30095008915459,-83.69826402992983,237.51040649414062,0.02328457541113943,-0.999527578200998,0.010281276110429281,-0.01722626846161634,-0.0037500000000000003,0.009950000000000002,0.008560000000000002,-0.3904,-0.6379,-10.602300000000001,6.323359205714295,14.144975141630537,17.739999771118164,17.69999885559082,17.709999084472656,17.709999084472656,14.405043376945839,14.372562264729195,14.380682542783356,14.380682542783356,14.384742681810437,0.016950721919208742,-5.200000286102295,0.0,0.0,0.0,0.0,0.0,0.0,,,,,
pylon_camera_1771860539847884516.png,1771860539847884516,1771860539.8478847,42.30094994517373,-83.69826709715056,237.5088653564453,0.02313867369651529,-0.9995322235648931,0.01002242869383024,-0.017305685714919836,-0.01678,-0.0073500000000000015,0.006530000000000001,-0.48000000000000004,-0.4194,-10.2354,6.322658995187527,14.143408812694787,17.68000030517578,17.690000534057617,17.75,17.690000534057617,14.356323257405549,14.36444353545971,14.413163655,14.36444353545971,14.374593495831242,0.016345754138772324,-5.0,0.0,0.0,0.0,0.0,0.0,0.0,,,,,
pylon_camera_1771860539898835736.png,1771860539898835736,1771860539.8988357,42.30094972551041,-83.69827169614523,237.5084991455078,0.02300577114866742,-0.9995377541722815,0.009481000604313278,-0.017467773344873237,-0.023150000000000004,-0.006090000000000001,0.008150000000000001,-0.5779000000000001,-0.1889,-9.811,6.313191948587189,14.122231597472627,17.690000534057617,17.65999984741211,17.69999885559082,17.68000030517578,14.36444353545971,14.340082701297225,14.372562264729195,14.356323257405549,14.35835293972292,0.01671983217528808,-5.0,0.0,0.0,0.0,0.0,0.0,0.0,,,,,
pylon_camera_1771860539948954721.png,1771860539948954721,1771860539.9489546,42.300949580176194,-83.69827475836257,237.50863647460938,0.022941306303887965,-0.9995450691132604,0.009009700269690113,-0.017383226900921558,-0.019940000000000003,0.00396,0.0036000000000000008,-0.27140000000000003,-0.5348,-9.629900000000001,6.302944978603823,14.099309740438036,17.600000381469727,17.670000076293945,17.75,17.739999771118164,14.291362581756935,14.348202979351388,14.413163655,14.405043376945839,14.364443148263542,0.018804708365621613,-4.900000095367432,0.0,0.0,0.0,0.0,0.0,0.0,,,,,
pylon_camera_1771860539999831583.png,1771860539999831583,1771860539.9998314,42.30094935610388,-83.69827933996666,237.50827026367188,0.022834979477012518,-0.9995560901257479,0.008621594683144657,-0.017083749879101676,-0.014240000000000001,0.010700000000000001,0.004030000000000001,-0.36510000000000004,-0.311,-9.4392,6.292069872853929,14.07498278138187,17.60999870300293,17.65999984741211,17.670000076293945,17.690000534057617,14.29948131102642,14.340082701297225,14.348202979351388,14.36444353545971,14.338052631783686,0.018690598382102484,-4.900000095367432,0.0,0.0,0.0,0.0,0.0,0.0,,,,,
pylon_camera_1771860540049922988.png,1771860540049922988,1771860540.0499232,42.30094914163526,-83.69828391645262,237.5084686279297,0.02278902046181358,-0.9995640587702643,0.008534376973225592,-0.016718773004780307,0.008700000000000001,0.008740000000000001,-0.0006900000000000001,-0.3235,-0.0412,-9.9212,6.288498503138298,14.066993841610184,17.75,17.59000015258789,17.65999984741211,17.65999984741211,14.413163655,14.283242303702774,14.340082701297225,14.340082701297225,14.344142840324308,0.01970207720531705,-5.0,0.0,0.0,0.0,0.0,0.0,0.0,,,,,
pylon_camera_1771860540101180552.png,1771860540101180552,1771860540.1011806,42.30094900303997,-83.69828696698988,237.50828552246094,0.022801902922592154,-0.9995628508578388,0.008804609219104741,-0.016633077422922388,0.01616,-0.00075,-0.0009400000000000002,-0.3047,0.17900000000000002,-9.996500000000001,6.289086181195573,14.068308442163627,17.549999237060547,17.520000457763672,17.639999389648438,17.69999885559082,14.25076119148613,14.226401906108324,14.323842145188904,14.372562264729195,14.29339187687814,0.015999324697767034,-5.300000190734863,0.0,0.0,0.0,0.0,0.0,0.0,,,,,
pylon_camera_1771860540151045007.png,1771860540151045007,1771860540.151045,42.300948802604054,-83.69829154480044,237.50814819335938,0.02284239607052141,-0.9995535879328377,0.009203775581048398,-0.016915682291955815,0.02025,-0.014250000000000002,-0.0034800000000000005,-0.2328,0.1267,-9.358,6.290671409915595,14.071854503696592,17.520000457763672,17.479999542236328,17.639999389648438,17.59000015258789,14.226401906108324,14.193920793891678,14.323842145188904,14.283242303702774,14.25685178722292,0.013146617134062254,-6.200000286102295,0.0,0.0,0.0,0.0,0.0,0.0,,,,,
pylon_camera_1771860540203080527.png,1771860540203080527,1771860540.2030804,42.300948670608655,-83.69829459336182,237.5075225830078,0.022873128707777024,-0.9995416810287545,0.009684052366641832,-0.01730511482451147,0.020210000000000002,-0.013450000000000002,0.00064,-0.4233,-0.0088,-9.4266,6.282657120815525,14.053927019837081,17.56999969482422,17.53999900817871,17.60999870300293,17.53999900817871,14.267001747594453,14.242640913431968,14.29948131102642,14.242640913431968,14.262941221371202,0.0148722987702368,-7.5,0.0,0.0,0.0,0.0,0.0,0.0,,,,,
pylon_camera_1771860540255131192.png,1771860540255131192,1771860540.2551312,42.30094847480982,-83.69829915964934,237.50575256347656,0.022821200340350678,-0.9995369366768079,0.01007000461690723,-0.017426991730766127,0.01327,0.00395,-3e-05,-0.5201,-0.4963,-9.7522,6.264122691528493,14.012466613587748,17.549999237060547,17.5,17.579999923706055,17.520000457763672,14.25076119148613,14.210161350000002,14.275122025648614,14.226401906108324,14.240611618310767,0.016281573474136942,-9.0,0.0,0.0,0.0,0.0,0.0,0.0,,,,,
pylon_camera_1771860540314981592.png,1771860540314981592,1771860540.3149817,42.300948272817294,-83.69830371132686,237.503662109375,0.022594299485999336,-0.9995507664102119,0.009847626103288477,-0.017052485438343302,-0.01771,0.016100000000000003,0.01081,-0.1454,-1.1579000000000002,-9.9268,6.2524892872398805,13.98644338619838,17.5,17.5,17.600000381469727,17.5,14.210161350000002,14.210161350000002,14.291362581756935,14.210161350000002,14.230461657939236,0.017446770776740127,-10.699999809265137,0.0,0.0,0.0,0.0,0.0,0.0,,,,,
pylon_camera_1771860540355284396.png,1771860540355284396,1771860540.3552845,42.30094813241227,-83.69830674410892,237.5028076171875,0.02226030293539616,-0.9995686701895596,0.00921780797758449,-0.016792394254196253,-0.03447,0.01352,0.018480000000000003,-0.10830000000000001,-0.7787000000000001,-10.2966,6.2468352970612315,13.973795749408152,17.5,17.520000457763672,17.510000228881836,17.459999084472656,14.210161350000002,14.226401906108324,14.21828162805416,14.177680237783356,14.20813128048646,0.016769640495728103,-11.699999809265137,0.0,0.0,0.0,0.0,0.0,0.0,,,,,
pylon_camera_1771860540404162340.png,1771860540404162340,1771860540.4041624,42.30094798314507,-83.69830977207243,237.5027313232422,0.02171236132489357,-0.9995900114348819,0.008109215248478697,-0.01681139593738609,-0.04045000000000001,-0.006120000000000001,0.023950000000000003,-0.37210000000000004,-0.3393,-10.2979,6.2450502732334945,13.969802758206933,17.389999389648438,17.40999984741211,17.520000457763672,17.44999885559082,14.120839840188903,14.137080396297227,14.226401906108324,14.169559959729195,14.163470525580912,0.013863314373583676,-12.90000057220459,0.0,0.0,0.0,0.0,0.0,0.0,,,,,
pylon_camera_1771860540453893624.png,1771860540453893624,1771860540.4538937,42.30094775778418,-83.69831431595358,237.5042266845703,0.02120070036244276,-0.999601842961677,0.007433764132856343,-0.017071174610372816,-0.024040000000000002,-0.02035,0.026710000000000005,-0.0591,-0.4933,-10.465300000000001,6.245908003319852,13.97172144894631,17.40999984741211,17.28999900817871,17.520000457763672,17.31999969482422,14.137080396297227,14.03963860843197,14.226401906108324,14.06399944259445,14.116780088357993,0.010382302563197967,-13.90000057220459,0.0,0.0,0.0,0.0,0.0,0.0,,,,,
pylon_camera_1771860540504724317.png,1771860540504724317,1771860540.5047243,42.30094761186088,-83.69831734100998,237.50570678710938,0.020355720722844528,-0.9996114741734566,0.006910263785211239,-0.017742423426390142,-0.0026400000000000004,-0.024590000000000004,0.029640000000000003,-0.6182000000000001,-0.1231,-9.4718,6.234980977489321,13.947278347784962,17.399999618530273,17.25,17.529998779296875,17.389999389648438,14.128960118243066,14.007159045000002,14.234520635377809,14.120839840188903,14.122869909702445,0.012589664989755419,-14.699999809265137,0.0,0.0,0.0,0.0,0.0,0.0,,,,,
pylon_camera_1771860540555123228.png,1771860540555123228,1771860540.555123,42.30094740678327,-83.69832187240223,237.5074005126953,0.019677638732938485,-0.9996196794278422,0.00701999640886199,-0.01800018569053444,0.016720000000000002,-0.005660000000000001,0.025950000000000004,-0.5639000000000001,0.5324,-8.8024,6.217292070558525,13.907709324315187,17.40999984741211,17.19999885559082,17.559999465942383,17.40999984741211,14.137080396297227,13.966557654729193,14.258881469540292,14.137080396297227,14.124899979215986,0.01561656559222727,-15.100000381469727,0.0,0.0,0.0,0.0,0.0,0.0,,,,,
pylon_camera_1771860540605749996.png,1771860540605749996,1771860540.60575,42.30094728327494,-83.69832488631658,237.5070343017578,0.019096072433395284,-0.9996331116658628,0.007576523074939977,-0.01765158284511559,0.028450000000000003,0.028690000000000007,0.020710000000000006,-0.7703,1.1011,-8.921100000000001,6.1908097996870515,13.848470073311955,17.44999885559082,17.260000228881836,17.510000228881836,17.369998931884766,14.169559959729195,14.01527932305416,14.21828162805416,14.104599284080582,14.126930048729523,0.02010763455771206,-15.100000381469727,0.0,0.0,0.0,0.0,0.0,0.0,,,,,
pylon_camera_1771860540656097604.png,1771860540656097604,1771860540.6560977,42.30094711222288,-83.69832938778606,237.5038604736328,0.018677677610947685,-0.9996522693518399,0.00831420855368678,-0.016654088834395307,0.02654,0.05058000000000001,0.013760000000000003,-0.23370000000000002,0.32530000000000003,-9.5373,6.1754602026697265,13.81413394576002,17.440000534057617,17.35999870300293,17.489999771118164,17.40999984741211,14.161441230459708,14.09647900602642,14.202041071945839,14.137080396297227,14.1492604261823,0.02425968082676229,-15.0,0.0,0.0,0.0,0.0,0.0,0.0,,,,,
pylon_camera_1771860540707155008.png,1771860540707155008,1771860540.707155,42.300947001327486,-83.69833238195889,237.50111389160156,0.018370973499747312,-0.9996712648506649,0.008687378821591511,-0.015633266253515833,0.0031700000000000005,0.04131,0.011260000000000001,-0.2837,-0.4016,-10.008600000000001,6.1712115005865416,13.804629854122059,17.34000015258789,17.31999969482422,17.399999618530273,17.34000015258789,14.080239998702774,14.06399944259445,14.128960118243066,14.080239998702774,14.088359889560765,0.02055325194785898,-15.0,0.0,0.0,0.0,0.0,0.0,0.0,,,,,
pylon_camera_1771860540756967712.png,1771860540756967712,1771860540.7569678,42.30094683551607,-83.69833687754353,237.49806213378906,0.01808944293483239,-0.999684998632342,0.008687605107855082,-0.015073190811885668,-0.00803,0.012430000000000002,0.013330000000000003,-0.17470000000000002,-0.9018,-10.8505,6.178162727965477,13.820179332695094,17.079999923706055,17.28999900817871,17.369998931884766,17.270000457763672,13.869117415648613,14.03963860843197,14.104599284080582,14.023399601108322,14.009188727317373,0.013676334443441653,-14.90000057220459,0.0,0.0,0.0,0.0,0.0,0.0,,,,,
pylon_camera_1771860540808151232.png,1771860540808151232,1771860540.8081512,42.30094672328755,-83.69833987777439,237.49745178222656,0.017731429257867026,-0.9996895800715269,0.008587238689263428,-0.015251204692789212,-0.0072000000000000015,-0.008110000000000001,0.014890000000000002,-0.49770000000000003,-1.1898,-10.027000000000001,6.178512123971068,13.820960910595842,17.25,17.219999313354492,17.369998931884766,17.190000534057617,14.007159045000002,13.982798210837517,14.104599284080582,13.95843892545971,14.013248866344453,0.013912777627581136,-14.699999809265137,0.0,0.0,0.0,0.0,0.0,0.0,,,,,
pylon_camera_1771860540858127094.png,1771860540858127094,1771860540.858127,42.30094654504912,-83.69834437703156,237.49819946289062,0.017241576776478695,-0.9996953626184133,0.008191253198178709,-0.015646512727868947,-0.022750000000000003,-0.018790000000000005,0.0216,-0.7119000000000001,-1.0361,-9.7371,6.1730622306083776,13.808769826137105,17.239999771118164,17.149999618530273,17.34000015258789,17.18000030517578,13.999038766945839,13.925957813243066,14.080239998702774,13.950318647405549,13.988888806574305,0.01304381075975882,-14.600000381469727,0.0,0.0,0.0,0.0,0.0,0.0,,,,,
pylon_camera_1771860540909042154.png,1771860540909042154,1771860540.9090421,42.30094642098998,-83.69834737431873,237.4990692138672,0.016629920965864575,-0.999708129718895,0.007422050559121451,-0.01587495726344649,-0.025510000000000005,-0.00816,0.026210000000000004,-0.3791,-0.3683,-9.732000000000001,6.163256277498098,13.786834497386597,17.28999900817871,17.18000030517578,17.389999389648438,17.19999885559082,14.03963860843197,13.950318647405549,14.120839840188903,13.966557654729193,14.019338687688903,0.016864218566370617,-14.699999809265137,0.0,0.0,0.0,0.0,0.0,0.0,,,,,
pylon_camera_1771860540959126131.png,1771860540959126131,1771860540.959126,42.30094623302318,-83.6983518572331,237.49893188476562,0.016037530260545163,-0.9997243266059216,0.006757936006266883,-0.0157606699227463,-0.01692,0.009080000000000001,0.019050000000000004,-0.022600000000000002,0.0085,-9.5645,6.1514800386511945,13.760491757660404,17.28999900817871,17.19999885559082,17.329999923706055,17.149999618530273,14.03963860843197,13.966557654729193,14.072119720648613,13.925957813243066,14.001068449263212,0.017483146375846623,-15.300000190734863,0.0,0.0,0.0,0.0,0.0,0.0,,,,,
pylon_camera_1771860541010382770.png,1771860541010382770,1771860541.010383,42.300946059432825,-83.6983563312458,237.4983367919922,0.015512162444040911,-0.9997361983041821,0.006702927810688458,-0.015555621986133413,0.0046300000000000004,0.005900000000000001,0.017480000000000002,-0.1952,0.43520000000000003,-9.7721,6.143267371488764,13.742120513978076,17.279998779296875,17.119998931884766,17.229999542236328,17.18000030517578,14.031518330377809,13.901596979080582,13.990918488891678,13.950318647405549,13.968588111438905,0.01647981454030131,-16.600000381469727,0.0,0.0,0.0,0.0,0.0,0.0,,,,,
pylon_camera_1771860541060946710.png,1771860541060946710,1771860541.0609467,42.300945947872606,-83.6983593113924,237.4982452392578,0.015018008003502226,-0.9997433007318126,0.007177272277442225,-0.015371364289564749,0.014200000000000003,0.00632,0.020550000000000002,-0.3879,0.42760000000000004,-10.043800000000001,6.137199269502055,13.728546533919928,17.219999313354492,17.170000076293945,17.229999542236328,17.139999389648438,13.982798210837517,13.942198369351386,13.990918488891678,13.917837535188903,13.958438151067371,0.01674551756658551,-17.0,0.0,0.0,0.0,0.0,0.0,0.0,,,,,
pylon_camera_1771860541111662278.png,1771860541111662278,1771860541.1116624,42.30094578918369,-83.69836378478745,237.4998779296875,0.01445756175222429,-0.9997472560824174,0.007653456111652315,-0.015421655987763114,0.013760000000000003,-0.011080000000000001,0.025890000000000003,-0.5087,0.20650000000000002,-10.6636,6.13896374545828,13.732493560765446,17.19999885559082,17.149999618530273,17.219999313354492,17.06999969482422,13.966557654729193,13.925957813243066,13.982798210837517,13.860997137594453,13.934077704101057,0.014679354659342307,-16.899999618530273,0.0,0.0,0.0,0.0,0.0,0.0,,,,,
pylon_camera_1771860541161226992.png,1771860541161226992,1771860541.161227,42.300945685165296,-83.6983667683268,237.50180053710938,0.013739237618808964,-0.9997477864208104,0.007913554667450008,-0.015905110778256154,0.00966,-0.031180000000000006,0.032830000000000005,-0.4884,-0.18330000000000002,-10.222000000000001,6.143444932351291,13.742517706973898,17.219999313354492,17.010000228881836,17.260000228881836,17.06999969482422,13.982798210837517,13.812277018054163,14.01527932305416,13.860997137594453,13.917837922385074,0.012757503330136269,-16.899999618530273,0.0,0.0,0.0,0.0,0.0,0.0,,,,,
pylon_camera_1771860541212969430.png,1771860541212969430,1771860541.2129695,42.30094553107454,-83.69837124494298,237.50540161132812,0.012891475922818196,-0.9997479093512167,0.008014930068948203,-0.01654353324996346,0.008490000000000001,-0.029740000000000003,0.035530000000000006,-0.35450000000000004,-0.11620000000000001,-9.5373,6.142674658169276,13.740794649845181,17.219999313354492,17.06999969482422,17.28999900817871,17.059999465942383,13.982798210837517,13.860997137594453,14.03963860843197,13.852876859540292,13.934077704101057,0.014066366551664693,-16.899999618530273,0.0,0.0,0.0,0.0,0.0,0.0,,,,,
pylon_camera_1771860541265173561.png,1771860541265173561,1771860541.2651734,42.30094542826398,-83.69837423132064,237.5071258544922,0.01171449721604001,-0.9997517370964581,0.008057849756718152,-0.017155342750541012,0.013940000000000003,-0.01781,0.03815,-0.25370000000000004,0.095,-8.9571,6.145734873821084,13.747640168645336,17.25,17.079999923706055,17.31999969482422,17.10999870300293,14.007159045000002,13.869117415648613,14.06399944259445,13.89347670102642,13.958438151067371,0.015333393937878017,-16.899999618530273,0.0,0.0,0.0,0.0,0.0,0.0,,,,,
pylon_camera_1771860541315439278.png,1771860541315439278,1771860541.3154395,42.30094528716512,-83.69837870572302,237.50718688964844,0.01059786387930578,-0.9997426357787802,0.009091947987679348,-0.01787970830528642,0.05456000000000001,-0.044520000000000004,0.04936000000000001,-0.0995,0.6606000000000001,-9.702200000000001,6.157652218671261,13.774298554034493,17.270000457763672,17.03999900817871,17.28999900817871,17.0,14.023399601108322,13.83663630343197,14.03963860843197,13.80415674,13.925957813243066,0.011010307248215718,-16.5,0.0,0.0,0.0,0.0,0.0,0.0,,,,,
pylon_camera_1771860541363192192.png,1771860541363192192,1771860541.3631923,42.30094520405103,-83.6983816920345,237.50604248046875,0.009660203926320275,-0.9997253953669525,0.010559003795372435,-0.0185559089602682,0.05993000000000001,-0.03828000000000001,0.049710000000000004,-0.4101,-1.2007,-9.704500000000001,6.157185570276398,13.773254689574086,17.270000457763672,17.219999313354492,17.329999923706055,17.010000228881836,14.023399601108322,13.982798210837517,14.072119720648613,13.812277018054163,13.972648637662154,0.014476893993618093,-15.90000057220459,0.0,0.0,0.0,0.0,0.0,0.0,,,,,
pylon_camera_1771860541414157948.png,1771860541414157948,1771860541.4141579,42.30094508890264,-83.6983861741496,237.50367736816406,0.008434519195473387,-0.9997111422438945,0.011661740846453952,-0.019248240433337102,0.05213000000000001,-0.031810000000000005,0.04621000000000001,-0.5931000000000001,-0.6974,-10.1913,6.16359475619577,13.787591653924567,17.299999237060547,17.119998931884766,17.28999900817871,16.989999771118164,14.04775888648613,13.901596979080582,14.03963860843197,13.796036461945839,13.94625773398613,0.01150788941565436,-15.100000381469727,0.0,0.0,0.0,0.0,0.0,0.0,,,,,
pylon_camera_1771860541464067158.png,1771860541464067158,1771860541.464067,42.300945019367525,-83.69838916741953,237.50189208984375,0.006917208862801615,-0.9996887316117606,0.012822901469653465,-0.02025253830799101,0.05367000000000001,-0.03755,0.04764000000000001,-0.7408,0.33630000000000004,-10.0196,6.169864461525192,13.801616608564164,17.35999870300293,17.049999237060547,17.28999900817871,17.020000457763672,14.09647900602642,13.844756581486129,14.03963860843197,13.820397296108322,13.950317873013212,0.010774191796979526,-14.90000057220459,0.0,0.0,0.0,0.0,0.0,0.0,,,,,
pylon_camera_1771860541515050899.png,1771860541515050899,1771860541.5150511,42.30094492556923,-83.6983936589203,237.50035095214844,0.005790668602002612,-0.9996634049242372,0.013935704255297306,-0.02110310781214678,0.04365,-0.03746000000000001,0.042370000000000005,-0.7508,0.0551,-10.3095,6.166087017445989,13.793166692805631,17.329999923706055,16.85999870300293,17.279998779296875,17.029998779296875,14.072119720648613,13.690474396026422,14.031518330377809,13.828516025377809,13.905657118107664,0.008155518439482553,-15.0,0.0,0.0,0.0,0.0,0.0,0.0,,,,,
pylon_camera_1771860541565190581.png,1771860541565190581,1771860541.5651906,42.30094486870755,-83.69839664612562,237.50048828125,0.004687920709148529,-0.999654344838658,0.014179729772801264,-0.021636762886082614,-0.0022500000000000003,-0.027770000000000003,0.032540000000000006,-0.0927,0.42660000000000003,-9.889700000000001,6.163868026931171,13.788202944163414,17.299999237060547,17.029998779296875,17.329999923706055,17.029998779296875,14.04775888648613,13.828516025377809,14.072119720648613,13.828516025377809,13.94422766447259,0.0113158125784058,-14.600000381469727,0.0,0.0,0.0,0.0,0.0,0.0,,,,,
pylon_camera_1771860541616029936.png,1771860541616029936,1771860541.61603,42.300944784614245,-83.69840112880267,237.50193786621094,0.003506973709156923,-0.9996400900822046,0.01453910151797679,-0.02227119132185551,0.007580000000000002,-0.015580000000000002,0.049800000000000004,-0.058100000000000006,0.6947,-9.314300000000001,6.159528384461474,13.778495424337251,17.279998779296875,17.279998779296875,17.399999618530273,17.06999969482422,14.031518330377809,14.031518330377809,14.128960118243066,13.860997137594453,14.013248479148285,0.01703764072791171,-14.5,0.0,0.0,0.0,0.0,0.0,0.0,,,,,
pylon_camera_1771860541666073726.png,1771860541666073726,1771860541.6660736,42.30094472893176,-83.69840411843792,237.50340270996094,0.002393927284538354,-0.9996211822099264,0.01497360466998136,-0.022968507843847796,0.019420000000000003,-0.024470000000000006,0.04850000000000001,0.4515,0.0477,-9.9326,6.165374182824156,13.791572124526668,17.279998779296875,17.029998779296875,17.389999389648438,17.059999465942383,14.031518330377809,13.828516025377809,14.120839840188903,13.852876859540292,13.958437763871203,0.01209910210655271,-14.300000190734863,0.0,0.0,0.0,0.0,0.0,0.0,,,,,
pylon_camera_1771860541717096174.png,1771860541717096174,1771860541.717096,42.300944651398545,-83.69840861224547,237.50503540039062,0.0012129023622144395,-0.9995943882014057,0.01555721107527121,-0.023823541459593207,0.017020000000000004,-0.027970000000000002,0.050230000000000004,0.32630000000000003,0.4435,-9.7035,6.173902605537266,13.810649694430532,17.28999900817871,16.979999542236328,17.5,17.10999870300293,14.03963860843197,13.78791618389168,14.210161350000002,13.89347670102642,13.982798210837519,0.012464910791011474,-14.0,0.0,0.0,0.0,0.0,0.0,0.0,,,,,
pylon_camera_1771860541767590563.png,1771860541767590563,1771860541.7675908,42.300944610208596,-83.69841160951304,237.50502014160156,-7.156819187942438e-05,-0.999544224928473,0.017374992116140794,-0.024686979140757834,0.09543000000000001,-0.015300000000000001,0.04775000000000001,-0.0247,2.1179,-7.1019000000000005,6.183771767398741,13.83272641736494,17.279998779296875,17.029998779296875,17.440000534057617,17.329999923706055,14.031518330377809,13.828516025377809,14.161441230459708,14.072119720648613,14.023398826715985,0.013784152422163415,-13.800000190734863,0.0,0.0,0.0,0.0,0.0,0.0,,,,,
pylon_camera_1771860541818356159.png,1771860541818356159,1771860541.8183563,42.300944591541295,-83.69841610802993,237.49884033203125,-0.0009130311018966123,-0.9994682438365794,0.02091668756211979,-0.024997762257046054,0.11689000000000002,0.0037400000000000007,0.033580000000000006,-0.9404,0.19140000000000001,-8.085,6.1779412643770675,13.819683931935637,17.350000381469727,17.219999313354492,17.469999313354492,17.139999389648438,14.088360276756935,13.982798210837517,14.185800515837517,13.917837535188903,14.043699134655219,0.016209864409554898,-13.300000190734863,0.0,0.0,0.0,0.0,0.0,0.0,,,,,
pylon_camera_1771860541869145059.png,1771860541869145059,1771860541.8691452,42.30094459363255,-83.69842059955013,237.48675537109375,-0.001704857986671861,-0.9994338722614127,0.02307246393575806,-0.024427235695770613,0.05564,0.030350000000000002,0.03951000000000001,-0.6342,1.2221,-9.0211,6.178098927698453,13.820036615325778,17.479999542236328,17.420000076293945,17.459999084472656,17.190000534057617,14.193920793891678,14.145200674351388,14.177680237783356,13.95843892545971,14.118810157871533,0.0216188676529575,-10.90000057220459,0.0,0.0,0.0,0.0,0.0,0.0,,,,,
pylon_camera_1771860541920213876.png,1771860541920213876,1771860541.9202137,42.30094460400826,-83.6984235957255,237.47784423828125,-0.002343204700403613,-0.9994249295048093,0.024420393926717507,-0.02340863166660671,0.04153000000000001,0.04195000000000001,0.0356,-0.38770000000000004,0.4203,-10.4741,6.18630235877723,13.838387198443137,17.469999313354492,17.3799991607666,17.440000534057617,17.350000381469727,14.185800515837517,14.112719562134744,14.161441230459708,14.088360276756935,14.137080396297227,0.021584393728171915,-8.90000057220459,0.0,0.0,0.0,0.0,0.0,0.0,,,,,
pylon_camera_1771860541970032287.png,1771860541970032287,1771860541.9700325,42.300944615961704,-83.6984280964477,237.46580505371094,-0.002866421505075102,-0.9994166661774273,0.025756861294449016,-0.02224174208129668,0.03567000000000001,0.03894,0.027320000000000004,-0.025500000000000002,-0.8611000000000001,-10.962200000000001,6.197065100468292,13.862462805841542,17.559999465942383,17.18000030517578,17.520000457763672,17.350000381469727,14.258881469540292,13.950318647405549,14.226401906108324,14.088360276756935,14.130990574952776,0.019370855876928186,-8.300000190734863,0.0,0.0,0.0,0.0,0.0,0.0,,,,,
pylon_camera_1771860542020924568.png,1771860542020924568,1771860542.0209246,42.30094460138932,-83.69843110777951,237.46176147460938,-0.003569312824754424,-0.999434208650446,0.025476759706687797,-0.021666963332765563,-0.05291000000000001,0.015620000000000002,0.03533000000000001,0.45690000000000003,-0.1857,-11.658900000000001,6.215636854718049,13.904006705792995,17.40999984741211,17.389999389648438,17.549999237060547,17.369998931884766,14.137080396297227,14.120839840188903,14.25076119148613,14.104599284080582,14.15332017801321,0.017931052357471982,-8.300000190734863,0.0,0.0,0.0,0.0,0.0,0.0,,,,,
pylon_camera_1771860542070556888.png,1771860542070556888,1771860542.0705569,42.300944574743376,-83.69843564472153,237.4598846435547,-0.004235493014580429,-0.999445603253282,0.024568231141559826,-0.022066915397981994,-0.014570000000000001,-0.01907,0.022660000000000003,0.7342000000000001,-0.20170000000000002,-10.2257,6.239770012345228,13.957991131415536,17.44999885559082,17.260000228881836,17.65999984741211,17.229999542236328,14.169559959729195,14.01527932305416,14.340082701297225,13.990918488891678,14.128960118243066,0.01224882472111096,-8.199999809265137,0.0,0.0,0.0,0.0,0.0,0.0,,,,,
pylon_camera_1771860542121446464.png,1771860542121446464,1771860542.1214464,42.30094455263597,-83.69843866617522,237.46011352539062,-0.004851448951858685,-0.9994427951794853,0.024276229568415512,-0.02238810587847895,-0.028480000000000002,0.0074,0.02278,0.2283,-0.6127,-9.6643,6.2233637883960125,13.921291392814577,17.479999542236328,17.479999542236328,17.59000015258789,17.510000228881836,14.193920793891678,14.193920793891678,14.283242303702774,14.21828162805416,14.222341379885073,0.02162514802512368,-7.099999904632568,0.0,0.0,0.0,0.0,0.0,0.0,,,,,
pylon_camera_1771860542171028642.png,1771860542171028642,1771860542.1710289,42.30094451534339,-83.69844320673604,237.4592742919922,-0.005534267378670467,-0.9994563397572855,0.023409129843428425,-0.02254793656910037,-0.035350000000000006,-0.0025700000000000007,0.021550000000000003,-1.2297,-1.0464,-8.1823,6.22934800024917,13.93467771567738,17.459999084472656,17.28999900817871,17.6299991607666,17.799999237060547,14.177680237783356,14.03963860843197,14.315721867134743,14.45376349648613,14.24670105245905,0.022391858868083134,-4.099999904632568,0.0,0.0,0.0,0.0,0.0,0.0,,,,,
pylon_camera_1771860542223212869.png,1771860542223212869,1771860542.2232127,42.30094449814391,-83.69844623829222,237.45565795898438,-0.006069457899485932,-0.9994850610584216,0.022274221634713282,-0.02228527434018255,-0.0007400000000000001,-0.0016500000000000002,0.0027400000000000002,-0.6031000000000001,-0.9927,-7.682,6.257912392577398,13.998574547452087,17.649999618530273,17.299999237060547,17.65999984741211,17.899999618530273,14.331962423243066,14.04775888648613,14.340082701297225,14.534964728243066,14.313692184817373,0.02251069466373931,0.30000001192092896,0.0,0.0,0.0,0.0,0.0,0.0,,,,,
pylon_camera_1771860542274907989.png,1771860542274907989,1771860542.2749078,42.30094447099899,-83.6984507927588,237.44534301757812,-0.006582975478323096,-0.9995252569211998,0.020688059046868993,-0.02186159699873034,-0.08108000000000001,-0.005980000000000001,0.013050000000000003,0.0285,-1.4642000000000002,-9.8397,6.286293361281539,14.062061071585125,17.559999465942383,17.619998931884766,17.44999885559082,17.719999313354492,14.258881469540292,14.307601589080582,14.169559959729195,14.388802820837519,14.281211459796898,0.015584514040733681,5.300000190734863,0.0,0.0,0.0,0.0,0.0,0.0,,,,,
pylon_camera_1771860542325796450.png,1771860542325796450,1771860542.3257964,42.30094445796208,-83.69845383706087,237.437255859375,-0.006652993555681498,-0.9995597904144629,0.019086271503059225,-0.021718133056376196,-0.04304,0.010650000000000001,-0.00436,0.07880000000000001,-0.6244000000000001,-9.9795,6.283452434026534,14.055706087771316,17.889999389648438,17.579999923706055,17.53999900817871,17.479999542236328,14.526844450188904,14.275122025648614,14.242640913431968,14.193920793891678,14.309632045790291,0.018065684956225327,9.5,0.0,0.0,0.0,0.0,0.0,0.0,,,,,
pylon_camera_1771860542375778373.png,1771860542375778373,1771860542.3757782,42.30094443929262,-83.69845840094601,237.4262237548828,-0.006536321189022366,-0.9995878946459107,0.017981969433254433,-0.02140014387734594,-0.04307000000000001,0.017900000000000003,-0.0030600000000000007,-1.1798,0.8668,-10.376700000000001,6.261187336102453,14.005900399621023,16.940000534057617,18.25,17.53999900817871,17.59000015258789,13.75543662045971,14.819168265,14.242640913431968,14.283242303702774,14.275122025648614,0.019222014889872793,13.600000381469727,0.0,0.0,0.0,0.0,0.0,0.0,,,,,
pylon_camera_1771860542426218341.png,1771860542426218341,1771860542.4262183,42.300944443451584,-83.69846143781992,237.4202117919922,-0.005841702134254057,-0.9995848103600158,0.01957715098957677,-0.020317888001394394,0.15267,0.03934000000000001,-0.020640000000000002,0.6278,-1.0385,-11.805800000000001,6.271228041784816,14.028360855790128,17.3799991607666,17.459999084472656,17.6299991607666,17.549999237060547,14.112719562134744,14.177680237783356,14.315721867134743,14.25076119148613,14.214220714634742,0.013248864978255906,20.100000381469727,0.0,0.0,0.0,0.0,0.0,0.0,,,,,
pylon_camera_1771860542473917066.png,1771860542473917066,1771860542.4739172,42.30094446798691,-83.69846600712576,237.41619873046875,-0.005235516768760219,-0.9995805158808906,0.020332175073618033,-0.019949543659746403,0.022450000000000005,0.028620000000000003,-0.032900000000000006,0.7752,0.4097,-10.852500000000001,6.278958315218711,14.045653013645344,17.81999969482422,17.479999542236328,17.56999969482422,18.0,14.470004052594453,14.193920793891678,14.267001747594453,14.61616596,14.386773138520148,0.024286526553333326,28.30000114440918,0.0,0.0,0.0,0.0,0.0,0.0,,,,,
pylon_camera_1771860542525107050.png,1771860542525107050,1771860542.525107,42.300944475233905,-83.69846906373651,237.41607666015625,-0.003887473720005309,-0.9996047477010321,0.019007291190971175,-0.020345977568396456,-0.09538,-0.03903,-0.05185000000000001,2.1751,-2.6064000000000003,-10.7027,6.316420614729472,14.129453929912945,17.399999618530273,17.559999465942383,17.459999084472656,17.81999969482422,14.128960118243066,14.258881469540292,14.177680237783356,14.470004052594453,14.258881469540292,0.009160123262325143,37.10000228881836,0.0,0.0,0.0,0.0,0.0,0.0,,,,,
pylon_camera_1771860542575080586.png,1771860542575080586,1771860542.5750806,42.30094446607775,-83.69847365398222,237.41673278808594,-0.0023874020868452374,-0.999625097630082,0.01742326408590909,-0.02098557523436756,-0.047810000000000005,-0.0059700000000000005,-0.06948000000000001,0.14100000000000001,-0.3451,-9.4109,6.286698990864579,14.062968440624612,17.6299991607666,17.56999969482422,17.579999923706055,17.600000381469727,14.315721867134743,14.267001747594453,14.275122025648614,14.291362581756935,14.287302055533686,0.01595208123066161,45.60000228881836,0.0,0.0,0.0,0.0,0.0,0.0,,,,,
pylon_camera_1771860542626215969.png,1771860542626215969,1771860542.626216,42.300944447583475,-83.69847669877629,237.41732788085938,-0.0005709050843875086,-0.9996433990377899,0.01689266718266391,-0.020673331202645837,-0.021980000000000006,0.05165000000000001,-0.07496000000000001,-0.6295000000000001,0.5736,-6.7386,6.265592153143159,14.01575371105206,17.389999389648438,17.770000457763672,17.59000015258789,17.75,14.120839840188903,14.429404211108324,14.283242303702774,14.413163655,14.3116625025,0.0211125849917442,54.5,0.0,0.0,0.0,0.0,0.0,0.0,,,,,
pylon_camera_1771860542675799969.png,1771860542675799969,1771860542.6758,42.30094442164986,-83.69848125588811,237.4130401611328,0.001889775926628533,-0.9996663206682577,0.017113775091128314,-0.01925603205921558,0.016270000000000003,0.07813000000000002,-0.10650000000000001,-0.8004,0.5079,-8.1069,6.250971912686455,13.98304911036484,17.75,17.940000534057617,17.709999084472656,17.969999313354492,14.413163655,14.56744584045971,14.380682542783356,14.591805125837517,14.488274291020145,0.03613125983236449,64.80000305175781,0.0,0.0,0.0,0.0,0.0,0.0,,,,,
pylon_camera_1771860542726904709.png,1771860542726904709,1771860542.7269049,42.300944393704086,-83.69848429099257,237.40640258789062,0.00495321608297089,-0.9997081230848813,0.01656629150615622,-0.016872826505137398,-0.12349000000000002,0.07232000000000001,-0.12212000000000002,-0.458,-2.6203000000000003,-8.2477,6.2724470930593865,14.031087800348265,17.520000457763672,18.09000015258789,18.029998779296875,17.969999313354492,14.226401906108324,14.689246913702775,14.640525245377807,14.591805125837517,14.536994797756606,0.03605614935969421,76.0,0.0,0.0,0.0,0.0,0.0,0.0,,,,,
pylon_camera_1771860542776726661.png,1771860542776726661,1771860542.7767267,42.300944318323786,-83.69848884674322,237.39007568359375,0.008015851629233461,-0.9997777598117827,0.013027639939928524,-0.014507160507372314,-0.13512000000000002,0.08693000000000001,-0.11328,0.3546,-2.045,-10.570300000000001,6.281688364270687,14.051759969571672,17.6299991607666,18.10999870300293,17.510000228881836,17.989999771118164,14.315721867134743,14.70548592102642,14.21828162805416,14.60804568194584,14.46188377454029,0.029186650345346024,86.20000457763672,0.0,0.0,0.0,0.0,0.0,0.0,,,,,
pylon_camera_1771860542827860838.png,1771860542827860838,1771860542.8278608,42.30094425366925,-83.69849189379927,237.38055419921875,0.010893316548935272,-0.9997978815201057,0.010015364238326227,-0.013609711299178878,-0.07115000000000002,0.019200000000000002,-0.11944000000000002,-0.0596,-0.41700000000000004,-11.9047,6.291159384828741,14.072946074298805,17.6299991607666,18.010000228881836,17.43000030517578,17.639999389648438,14.315721867134743,14.624286238054161,14.153320952405549,14.323842145188904,14.35429280069584,0.019992027604714066,96.0,0.0,0.0,0.0,0.0,0.0,0.0,,,,,
pylon_camera_1771860542877737278.png,1771860542877737278,1771860542.8777373,42.30094416380405,-83.69849648267565,237.3765869140625,0.013673689595011917,-0.9997475885326035,0.009913866648555793,-0.01481569047255068,0.11380000000000001,-0.09196,-0.12082000000000001,0.35800000000000004,0.8118000000000001,-16.122600000000002,6.323125118194537,14.144451501894089,17.479999542236328,17.75,17.81999969482422,17.619998931884766,14.193920793891678,14.413163655,14.470004052594453,14.307601589080582,14.346172522641679,0.014261494743757078,106.5,0.0,0.0,0.0,0.0,0.0,0.0,,,,,
pylon_camera_1771860542929076338.png,1771860542929076338,1771860542.9290762,42.30094410335387,-83.69849955807254,237.38165283203125,0.01686488253433238,-0.9996378148982871,0.011319223445398624,-0.017654742792645714,0.12581,-0.12034000000000002,-0.11607,0.4254,3.6430000000000002,-6.497,6.3444544627513855,14.192163965907085,17.520000457763672,17.69999885559082,18.079999923706055,17.8799991607666,14.226401906108324,14.372562264729195,14.681126635648614,14.518724172134743,14.449703744655217,0.018146618046888642,118.30000305175781,0.0,0.0,0.0,0.0,0.0,0.0,,,,,
pylon_camera_1771860542979347924.png,1771860542979347924,1771860542.979348,42.30094400775223,-83.6985041630396,237.38644409179688,0.020746198618440626,-0.9995098372649208,0.012993471679532019,-0.0195153823239167,-0.026610000000000005,-0.06341000000000001,-0.16199000000000002,0.9344,-3.8057000000000003,-8.759,6.305961739312743,14.106058053138248,17.139999389648438,17.670000076293945,17.60999870300293,17.84000015258789,13.917837535188903,14.348202979351388,14.29948131102642,14.486244608702776,14.262941608567372,0.011121714857413407,130.8000030517578,0.0,0.0,0.0,0.0,0.0,0.0,,,,,
pylon_camera_1771860543030385586.png,1771860543030385586,1771860543.0303857,42.30094388088572,-83.69850873866164,237.38568115234375,0.024516742895876797,-0.9994271484103265,0.011247689237048466,-0.020440005504091797,-0.04832,-0.00444,-0.15771000000000004,0.2129,-2.1596,-7.853700000000001,6.281114464612682,14.050476190470695,17.479999542236328,17.770000457763672,17.28999900817871,17.93000030517578,14.193920793891678,14.429404211108324,14.03963860843197,14.559325562405549,14.30557229395938,0.01815569095527847,146.10000610351562,0.0,0.0,0.0,0.0,0.0,0.0,,,,,
pylon_camera_1771860543080448758.png,1771860543080448758,1771860543.0804489,42.30094378199275,-83.69851177282534,237.38504028320312,0.02847449679774966,-0.9993347582097325,0.008550266089598543,-0.02112195577610053,-0.08299000000000001,-0.03305,-0.15934,-1.2897,2.0709,-10.665700000000001,6.260712482892244,14.004838181480977,17.170000076293945,17.899999618530273,17.420000076293945,17.959999084472656,13.942198369351386,14.534964728243066,14.145200674351388,14.583684847783356,14.3015121549323,0.02118367735541738,158.8000030517578,0.0,0.0,0.0,0.0,0.0,0.0,,,,,
pylon_camera_1771860543131346878.png,1771860543131346878,1771860543.131347,42.30094366052285,-83.69851632192737,237.38539123535156,0.033470139088045525,-0.999160927213258,0.009782020219684991,-0.021482630197240827,0.07384,-0.038630000000000005,-0.20395000000000002,0.11570000000000001,-0.7668,-11.2203,6.258696558539762,14.000328679659935,17.079999923706055,17.520000457763672,17.06999969482422,18.029998779296875,13.869117415648613,14.226401906108324,13.860997137594453,14.640525245377807,14.1492604261823,0.010637732151155646,170.8000030517578,0.0,0.0,0.0,0.0,0.0,0.0,,,,,
pylon_camera_1771860543181426269.png,1771860543181426269,1771860543.1814263,42.3009435897876,-83.69851935532839,237.38694763183594,0.039313247031142584,-0.9988987471217794,0.012948096877907435,-0.022093175273106138,0.10360000000000003,-0.016970000000000002,-0.25210000000000005,1.2591,-1.9135000000000002,-8.3756,6.249463198603678,13.979674207484512,16.959999084472656,18.15999984741211,17.279998779296875,18.059999465942383,13.771675627783356,14.746087311297225,14.031518330377809,14.66488607954029,14.30354183724967,0.023167037010902822,182.1999969482422,0.0,0.0,0.0,0.0,0.0,0.0,,,,,
pylon_camera_1771860543232996314.png,1771860543232996314,1771860543.2329965,42.30094347413377,-83.69852389530092,237.38462829589844,0.04594384638494098,-0.9985676266199959,0.01534878421615335,-0.022721638782249157,0.06237000000000001,-0.0035700000000000007,-0.28897000000000006,-0.4791,-3.1144000000000003,-9.4724,6.23365724892661,13.944317246413892,16.959999084472656,17.899999618530273,17.19999885559082,18.119998931884766,13.771675627783356,14.534964728243066,13.966557654729193,14.713606199080584,14.246701052459048,0.021685092263869842,192.8000030517578,0.0,0.0,0.0,0.0,1.0,0.0,,,,,
pylon_camera_1771860543285226220.png,1771860543285226220,1771860543.2852263,42.30094338737966,-83.69852691991561,237.38067626953125,0.055039444073947785,-0.9980862534609842,0.01596598679718341,-0.023228807843688026,0.0008000000000000001,-0.045450000000000004,-0.33192000000000005,-0.5376000000000001,-3.0951,-9.830300000000001,6.224439921086881,13.923698637076088,16.979999542236328,17.809999465942383,17.18000030517578,18.079999923706055,13.78791618389168,14.461883774540292,13.950318647405549,14.681126635648614,14.220311310371532,0.02130272142673516,202.1999969482422,0.0,0.0,0.0,0.0,1.0,0.0,,,,,
pylon_camera_1771860543335426636.png,1771860543335426636,1771860543.3354266,42.30094324176084,-83.69853145355327,237.37509155273438,0.06348350069984987,-0.9975830013574992,0.015252421060078854,-0.023777388276717524,-0.03287,-0.07888,-0.37295000000000006,-0.3894,-2.4436,-10.572000000000001,6.21968137932199,13.913054064660534,16.5,17.85999870300293,17.119998931884766,18.299999237060547,13.39815213,14.50248361602642,13.901596979080582,14.859768106486131,14.165500207898283,0.018144552739068873,210.10000610351562,0.0,0.0,0.0,0.0,1.0,0.0,,,,,
pylon_camera_1771860543383590456.png,1771860543383590456,1771860543.3835905,42.30094313768129,-83.6985344684135,237.36886596679688,0.0708085972945528,-0.9970998296830893,0.014798492882103073,-0.02364480500131841,-0.0021900000000000005,0.031030000000000005,-0.38028000000000006,0.5823,0.2069,-7.3533,6.214072334353484,13.900506967608685,16.350000381469727,17.760000228881836,17.25,18.260000228881836,13.276351056756935,14.421283933054161,14.007159045000002,14.827288543054163,14.133020644466317,0.016726992576561517,217.3000030517578,0.0,0.0,0.0,0.0,1.0,0.0,,,,,
pylon_camera_1771860543434820649.png,1771860543434820649,1771860543.4348207,42.30094294019415,-83.69853898820786,237.3583221435547,0.08231360267670818,-0.996204402859125,0.014054093980427843,-0.024571141220225294,-0.051460000000000006,-0.10103000000000002,-0.3904100000000001,-0.6990000000000001,0.0584,-10.9106,6.198394041022857,13.86543556612567,16.350000381469727,17.8799991607666,16.81999969482422,18.059999465942383,13.276351056756935,14.518724172134743,13.657994832594452,14.66488607954029,14.029489035256605,0.011831829468937087,225.0,0.0,0.0,12.0,0.0,1.0,0.0,,,,,
pylon_camera_1771860543484811568.png,1771860543484811568,1771860543.4848115,42.30094277545955,-83.69854199023517,237.35313415527344,0.09217086263195717,-0.9953398741882621,0.013335973539405709,-0.025004374463912748,-0.055920000000000004,-0.07737000000000001,-0.40227000000000007,-0.5567,-2.2261,-9.4502,6.173778073993516,13.810371124839056,15.979999542236328,18.10999870300293,16.75,18.079999923706055,12.975906963891678,14.70548592102642,13.601154435,14.681126635648614,13.990918488891676,0.013073317322218154,234.3000030517578,0.0,0.0,20.0,0.0,1.0,0.0,,,,,
pylon_camera_1771860543535837843.png,1771860543535837843,1771860543.535838,42.300942477024,-83.69854647320432,237.34632873535156,0.10262337510230762,-0.9943087844450658,0.01314665080234363,-0.025409636570947844,0.007500000000000001,-0.049080000000000006,-0.43437000000000003,-0.4305,-2.4097,-10.6678,6.134239292072716,13.721925242009142,16.049999237060547,17.920000076293945,16.529998779296875,18.35999870300293,13.03274736148613,14.551205284351388,13.422511415377807,14.90848822602642,13.978738071810437,0.018715510052122415,243.60000610351562,0.0,0.0,20.0,0.0,1.0,0.0,,,,,
pylon_camera_1771860543585581995.png,1771860543585581995,1771860543.585582,42.30094225430451,-83.69854945147651,237.34434509277344,0.1139883569843862,-0.9930247658658229,0.014727875475913615,-0.026297500510388424,0.07680000000000001,-0.060930000000000005,-0.47048000000000006,0.22390000000000002,-2.3628,-13.1386,6.110920848205548,13.669763282184919,15.880000114440918,18.059999465942383,16.19999885559082,18.329999923706055,12.894706506527081,14.66488607954029,13.154548434729195,14.884128940648614,13.899567490361296,0.01681113296788898,252.10000610351562,0.0,0.0,28.0,0.0,1.0,0.0,,,,,
pylon_camera_1771860543636658783.png,1771860543636658783,1771860543.6366587,42.30094187837984,-83.69855390400072,237.34564208984375,0.1264550747656233,-0.9914318507214606,0.01754278630150916,-0.027645073518080432,0.10466000000000002,0.00018,-0.5234400000000001,0.4912,-2.5649,-10.2148,6.063508637698288,13.563705012012809,15.880000114440918,17.959999084472656,16.399999618530273,18.420000076293945,12.894706506527081,14.583684847783356,13.316950898243064,14.957209894351388,13.938138036726222,0.027605512238860517,260.6000061035156,0.0,0.0,28.0,0.0,1.0,0.0,,,,,
pylon_camera_1771860543686729415.png,1771860543686729415,1771860543.6867294,42.300941590558644,-83.69855684863246,237.34658813476562,0.139795374785322,-0.989582789624919,0.018780453987529797,-0.0288175331147035,-0.034350000000000006,-0.004410000000000001,-0.5448000000000001,-1.1894,-4.0246,-8.347,6.020650707969597,13.46783439468551,15.529999732971191,17.899999618530273,16.5,18.520000457763672,12.610502969770145,14.534964728243066,13.39815213,15.038411126108322,13.895507738530384,0.031755168003375175,268.5,0.0,0.0,24.0,0.0,0.0,0.0,,,,,
pylon_camera_1771860543737770337.png,1771860543737770337,1771860543.7377703,42.30094107220472,-83.69856120588842,237.34254455566406,0.15372417054210064,-0.9875712593753403,0.016179834650601556,-0.028462255666527193,-0.16472,0.00012,-0.56091,-1.8654000000000002,-3.2974,-6.7344,5.979782723405552,13.376415165294816,15.489999771118164,17.81999969482422,16.44999885559082,18.350000381469727,12.578022631945839,14.470004052594453,13.357550739729195,14.900369496756936,13.826486730256605,0.03364665042166918,275.5,0.0,0.0,0.0,0.0,0.0,0.0,,,,,
pylon_camera_1771860543787748596.png,1771860543787748596,1771860543.7877486,42.30094067006701,-83.69856408529446,237.33692932128906,0.16776367549209753,-0.9853841744426773,0.011356945572836528,-0.027283653174769704,-0.22391000000000005,0.017730000000000003,-0.5417700000000001,-0.3825,-1.1614,-9.9146,5.967605809899252,13.349176140396034,15.149999618530273,17.760000228881836,15.779999732971191,18.529998779296875,12.301939373243066,14.421283933054161,12.813505274770145,15.046529855377807,13.645814609111294,0.0222214813555123,282.20001220703125,0.0,0.0,0.0,0.0,0.0,0.0,,,,,
pylon_camera_1771860543838886976.png,1771860543838886976,1771860543.838887,42.3009400185197,-83.69856838695861,237.32669067382812,0.18159832287143318,-0.9830012876102252,0.007779122331607432,-0.025884415053696923,-0.14735,0.026600000000000002,-0.5591200000000001,0.9076000000000001,-4.583200000000001,-7.872400000000001,5.9531662946641255,13.31687581118597,15.389999389648438,17.479999542236328,15.529999732971191,18.119998931884766,12.496821400188903,14.193920793891678,12.610502969770145,14.713606199080584,13.503712840732828,0.014030094760658335,288.1000061035156,0.0,0.0,0.0,0.0,0.0,0.0,,,,,
pylon_camera_1771860543888921400.png,1771860543888921400,1771860543.8889213,42.300939550907934,-83.69857123357733,237.31930541992188,0.19477670451772394,-0.9804805931190893,0.0070192672778945885,-0.025895400767999642,0.09855000000000001,-0.030350000000000002,-0.56061,-0.4803,-2.2424,-10.4945,5.914392981803623,13.230142236715796,15.589999198913574,17.479999542236328,15.539999961853027,17.56999969482422,12.659223089310435,14.193920793891678,12.618623247824306,14.267001747594453,13.434692219655219,0.015460905807328581,291.8999938964844,0.0,0.0,0.0,0.0,0.0,0.0,,,,,
pylon_camera_1771860543940115943.png,1771860543940115943,1771860543.940116,42.30093878776115,-83.69857546761568,237.30770874023438,0.20768033910569272,-0.9778001892640191,0.009566602604445923,-0.026156198859957545,0.10196000000000002,-0.03851,-0.5453500000000001,-2.8677,-1.0424,-8.8851,5.87121949343329,13.133565733640664,15.59999942779541,16.809999465942383,15.670000076293945,17.729999542236328,12.667343367364598,13.649874554540292,12.724184539351388,14.396923098891678,13.35958139003699,0.017209009417556997,292.3999938964844,0.0,0.0,0.0,0.0,0.0,0.0,,,,,
pylon_camera_1771860543989851922.png,1771860543989851922,1771860543.989852,42.30093791800672,-83.69857962439762,237.29931640625,0.22036211040474651,-0.9749899095406249,0.01209834115081592,-0.026245889836867965,0.0105,0.025820000000000003,-0.4886800000000001,-0.5811000000000001,-7.260400000000001,-9.362400000000001,5.836621244356488,13.056171526350804,15.40999984741211,17.44999885559082,15.40999984741211,17.670000076293945,12.513061956297227,14.169559959729195,12.513061956297227,14.348202979351388,13.38597171291876,0.02526009909584386,292.3000183105469,0.0,0.0,0.0,0.0,0.0,0.0,,,,,
pylon_camera_1771860544041155363.png,1771860544041155363,1771860544.0411553,42.30093726489271,-83.69858233278606,237.29586791992188,0.23196467631604784,-0.9722800129663431,0.013055525324233697,-0.026334741051837283,-0.0068000000000000005,0.015670000000000003,-0.45097000000000004,0.15130000000000002,-7.8269,-11.9876,5.788457626726764,12.948432403530168,15.34999942779541,17.03999900817871,15.229999542236328,17.28999900817871,12.464341062364598,13.83663630343197,12.36690004889168,14.03963860843197,13.176879005780055,0.017642799925928113,292.3999938964844,0.0,0.0,0.0,0.0,0.0,0.0,,,,,
pylon_camera_1771860544090981300.png,1771860544090981300,1771860544.0909815,42.3009361032903,-83.69858628971072,237.29544067382812,0.24182435896276994,-0.9698748127792489,0.012294681766154137,-0.026695837670530867,-0.062160000000000014,-0.08413000000000001,-0.37692000000000003,-1.1105,-7.553100000000001,-10.9788,5.779275997031119,12.927893648798793,15.420000076293945,16.579999923706055,15.429999351501465,17.059999465942383,12.521182234351388,13.463112805648613,12.529301738013212,13.852876859540292,13.091618409388374,0.01266445757037872,293.3999938964844,0.0,0.0,0.0,0.0,0.0,0.0,,,,,
pylon_camera_1771860544142644091.png,1771860544142644091,1771860544.142644,42.300935226747825,-83.69858886014664,237.29742431640625,0.24980417391818355,-0.9678606622383006,0.01038875102214196,-0.027123551332600873,-0.059510000000000014,-0.03377000000000001,-0.30526000000000003,-1.8322,-3.8398000000000003,-9.8952,5.7566904585898016,12.877371154437872,15.239999771118164,16.149999618530273,15.339999198913574,17.029998779296875,12.375020326945839,13.113948593243066,12.456220784310437,13.828516025377809,12.943426432469288,0.005129562333741608,294.3000183105469,0.0,0.0,0.0,0.0,0.0,0.0,,,,,
pylon_camera_1771860544191782553.png,1771860544191782553,1771860544.1917827,42.30093381282648,-83.6985925971938,237.29896545410156,0.2567209162821038,-0.9660830463151993,0.00758059289004564,-0.026841262583138837,-0.13931000000000002,-0.02227,-0.26199000000000006,-1.1704,-2.8389,-7.7476,5.711595668206353,12.776496814037522,15.630000114440918,15.789999961853027,15.460000038146973,16.770000457763672,12.691704201527081,12.821625552824306,12.553662572175694,13.617394991108322,12.921096829408851,0.011317657529758685,294.5,0.0,0.0,0.0,0.0,0.0,0.0,,,,,
pylon_camera_1771860544243742540.png,1771860544243742540,1771860544.2437425,42.30093281403759,-83.69859502842236,237.2971954345703,0.26319026191409783,-0.9643948380414649,0.004394916518381992,-0.025576690586582705,-0.15928000000000003,0.004070000000000001,-0.25257000000000007,0.6649,-3.0191000000000003,-8.259500000000001,5.710649132438245,12.77437947031641,15.380000114440918,16.1299991607666,15.479999542236328,16.940000534057617,12.48870189652708,13.097708037134742,12.56990235389168,13.75543662045971,12.977937227003304,0.015934844988744687,295.0,0.0,0.0,0.0,0.0,0.0,0.0,,,,,
pylon_camera_1771860544295251111.png,1771860544295251111,1771860544.2952511,42.3009312613863,-83.69859863080102,237.2919464111328,0.2706171361574285,-0.9623872286783043,0.0012121159589976362,-0.023994134069539524,-0.11995000000000003,0.03438000000000001,-0.25301000000000007,0.1331,-3.2421,-7.9754000000000005,5.6981457678031315,12.746410193829538,15.59999942779541,16.350000381469727,15.559999465942383,16.719999313354492,12.667343367364598,13.276351056756935,12.634863029540291,13.576793600837517,13.038837763624835,0.02294195505624475,296.5,0.0,0.0,0.0,0.0,1.0,0.0,,,,,
pylon_camera_1771860544344079453.png,1771860544344079453,1771860544.3440793,42.300930197597246,-83.69860101288211,237.2864532470703,0.2756073826898145,-0.960991078979178,-0.0004277685369763855,-0.023163198038782813,-0.08147,0.009420000000000001,-0.26405000000000006,0.09570000000000001,-2.4767,-9.7888,5.706738049452006,12.76563061234117,15.399999618530273,16.079999923706055,15.619999885559082,16.649999618530273,12.504941678243066,13.057108195648613,12.68358392347292,13.519953203243064,12.941396750151917,0.013768699968556607,299.8000183105469,0.0,0.0,0.0,0.0,1.0,0.0,,,,,
pylon_camera_1771860544393618326.png,1771860544393618326,1771860544.3936183,42.30092855896894,-83.69860455512337,237.27664184570312,0.2820919029593809,-0.9591235242107958,-0.0009092076671077965,-0.022481034932497652,0.00591,0.01871,-0.28288,-0.47690000000000005,-1.5725,-10.109300000000001,5.688766716487797,12.725429818780214,15.429999351501465,16.649999618530273,15.1899995803833,16.69999885559082,12.529301738013212,13.519953203243064,12.33441971106737,13.560553044729195,12.986056924263211,0.020480809622505942,305.3000183105469,0.0,0.0,4.0,0.0,1.0,0.0,,,,,
pylon_camera_1771860544445095762.png,1771860544445095762,1771860544.4450958,42.30092744565842,-83.69860690694604,237.27294921875,0.29071872147625727,-0.956518084262584,0.0017015691082121927,-0.02351348813801311,0.11554,-0.032350000000000004,-0.31031000000000003,-0.6966,-3.8129000000000004,-11.7332,5.6948978485275195,12.739144793285151,15.589999198913574,16.35999870300293,15.299999237060547,16.489999771118164,12.659223089310435,13.28446978602642,12.42374044648613,13.39003185194584,12.939366293442207,0.015717028372469216,313.6000061035156,0.0,0.0,32.0,0.0,1.0,0.0,,,,,
pylon_camera_1771860544494803804.png,1771860544494803804,1771860544.4948037,42.30092572969272,-83.6986103794658,237.27198791503906,0.29828925325409494,-0.9541424102827454,0.0030718801708766955,-0.025026902428451098,0.06112000000000001,-0.09215000000000001,-0.32298,-0.6129,-1.4039000000000001,-12.039,5.710007742506939,12.772944719523473,15.5,16.600000381469727,15.229999542236328,16.369998931884766,12.586142910000001,13.479353361756935,12.36690004889168,13.292590064080583,12.9312465961823,0.012393530241844886,323.3999938964844,0.0,0.0,56.0,0.0,1.0,0.0,,,,,
pylon_camera_1771860544545784159.png,1771860544545784159,1771860544.545784,42.300924534895984,-83.69861265919315,237.273681640625,0.3062825667433372,-0.9515721411489881,0.0020279343844696006,-0.026407138814641035,-0.06319000000000001,-0.09849000000000001,-0.33487000000000006,-0.6846,-0.9007000000000001,-9.8536,5.716236047687425,12.78687706451391,15.389999389648438,16.619998931884766,15.1899995803833,16.619998931884766,12.496821400188903,13.495592369080581,12.33441971106737,13.495592369080581,12.955606462354359,0.013195512632924776,332.6000061035156,0.0,0.0,60.0,0.0,1.0,0.0,,,,,
pylon_camera_1771860544595674790.png,1771860544595674790,1771860544.595675,42.300922703064856,-83.69861604501283,237.27752685546875,0.3145950928225691,-0.9488167999034484,0.0011155837812875553,-0.027845345495531505,-0.03722,-0.052210000000000006,-0.35040000000000004,-0.7128,-2.9141000000000004,-8.1788,5.70603230372693,12.76405190149892,15.289999961853027,16.479999542236328,15.149999618530273,16.920000076293945,12.415620942824306,13.381911573891678,12.301939373243066,13.739196064351386,12.95966698857761,0.015325469418979531,340.6000061035156,0.0,0.0,96.0,0.0,1.0,0.0,,,,,
pylon_camera_1771860544646388549.png,1771860544646388549,1771860544.6463885,42.30092146274086,-83.6986182671508,237.2778778076172,0.323396304307602,-0.9458405166535938,0.00034091893766028357,-0.0282918926713211,-0.04283,0.014710000000000003,-0.37948000000000004,-1.2341,-3.6841000000000004,-8.1539,5.6623036430155205,12.666233511207139,15.489999771118164,16.619998931884766,15.079999923706055,16.920000076293945,12.578022631945839,13.495592369080581,12.245098975648615,13.739196064351386,13.014477510256604,0.027493887487652715,346.70001220703125,0.0,0.0,108.0,0.0,1.0,0.0,,,,,
pylon_camera_1771860544696346970.png,1771860544696346970,1771860544.696347,42.30091955899903,-83.69862152575247,237.2736358642578,0.33290497558496424,-0.9425651978211596,-0.0014958964537310337,-0.027255960466148522,-0.09457000000000002,-0.0012600000000000003,-0.40568000000000004,0.32130000000000003,-3.589,-11.3408,5.661453909556219,12.66433270844269,15.429999351501465,16.889999389648438,15.0,16.719999313354492,12.529301738013212,13.714835230188905,12.180138300000001,13.576793600837517,13.000267217259909,0.02652603311608107,350.3000183105469,0.0,0.0,124.0,0.0,1.0,0.0,,,,,
pylon_camera_1771860544747031163.png,1771860544747031163,1771860544.747031,42.3009182597655,-83.69862367730433,237.27159118652344,0.34257521895895515,-0.9391138732951207,-0.002611112146082728,-0.02646761102216272,-0.02024,0.01882,-0.42945000000000005,-0.1791,-3.41,-8.850900000000001,5.664013431974609,12.670058206521283,15.579999923706055,16.989999771118164,14.889999389648438,17.0,12.651103585648613,13.796036461945839,12.090816790188905,13.80415674,13.085528394445838,0.03279149796728735,351.5,0.0,0.0,132.0,0.0,1.0,0.0,,,,,
pylon_camera_1771860544796948063.png,1771860544796948063,1771860544.796948,42.30091626398751,-83.69862684637262,237.26718139648438,0.3524101202868943,-0.9354728511843443,-0.002702268040603608,-0.026274504064720528,0.019940000000000003,0.03730000000000001,-0.4339200000000001,-0.198,-2.8821000000000003,-9.5851,5.675271512927959,12.69524185812907,15.479999542236328,17.119998931884766,14.989999771118164,16.979999542236328,12.56990235389168,13.901596979080582,12.172018021945838,13.78791618389168,13.107858384702446,0.03250166725332361,351.3000183105469,0.0,0.0,140.0,0.0,1.0,0.0,,,,,
pylon_camera_1771860544848041998.png,1771860544848041998,1771860544.848042,42.30091490128218,-83.69862892613548,237.26295471191406,0.3621813337767372,-0.9317227181742851,-0.002272632544569291,-0.026688818687661656,-0.0027600000000000003,-0.009440000000000002,-0.4213700000000001,-0.2856,-2.004,-9.1193,5.691980458062228,12.73261876585772,15.529999732971191,17.1299991607666,14.889999389648438,16.770000457763672,12.610502969770145,13.909717257134744,12.090816790188905,13.617394991108322,13.057108002050528,0.02548487802547887,350.8999938964844,0.0,0.0,140.0,0.0,1.0,0.0,,,,,
pylon_camera_1771860544897858792.png,1771860544897858792,1771860544.8978589,42.30091280281873,-83.69863199767515,237.25599670410156,0.37198370343478326,-0.9278475807352224,-0.0020141372478816692,-0.026887442308339688,-0.03248,-0.016840000000000004,-0.41684000000000004,-0.051000000000000004,-3.4588,-10.2196,5.701056694575566,12.752921762363869,15.829999923706055,17.139999389648438,15.029999732971191,16.940000534057617,12.854105890648613,13.917837535188903,12.204498359770147,13.75543662045971,13.182969601516843,0.033721514737283347,350.70001220703125,0.0,0.0,144.0,0.0,1.0,0.0,,,,,
pylon_camera_1771860544948820708.png,1771860544948820708,1771860544.9488208,42.30091138411233,-83.69863400803034,237.2510223388672,0.38190219662874997,-0.9238117558783305,-0.0016634340855327164,-0.026828807244723023,0.0030600000000000007,0.0032200000000000006,-0.4260300000000001,0.5933,-4.2263,-10.5646,5.700413224361261,12.751482358102681,15.670000076293945,17.219999313354492,15.029999732971191,16.709999084472656,12.724184539351388,13.982798210837517,12.204498359770147,13.568673322783358,13.120038608185602,0.02890301219361602,350.3000183105469,0.0,0.0,132.0,0.0,1.0,0.0,,,,,
pylon_camera_1771860545007506592.png,1771860545007506592,1771860545.0075066,42.30090918627482,-83.69863695011145,237.2459716796875,0.39350695584876005,-0.9189330912697535,-0.0019713481618514016,-0.026652640666198317,-0.00905,-0.018840000000000003,-0.41467000000000004,-0.5488000000000001,-1.9157000000000002,-9.110800000000001,5.707308707970562,12.76690714120767,15.979999542236328,16.920000076293945,15.149999618530273,16.920000076293945,12.975906963891678,13.739196064351386,12.301939373243066,13.739196064351386,13.189059616459378,0.03306615068023247,349.3000183105469,0.0,0.0,136.0,0.0,1.0,0.0,,,,,
pylon_camera_1771860545049892090.png,1771860545049892090,1771860545.0498922,42.300906930670536,-83.69863981398053,237.2411651611328,0.4013404941643296,-0.9155491552672892,-0.0019026439139245184,-0.02630459996695817,-0.028280000000000003,0.015210000000000003,-0.43022000000000005,0.13720000000000002,-1.9806000000000001,-9.445400000000001,5.695813920662104,12.741193991685888,16.279998779296875,17.079999923706055,15.149999618530273,17.10999870300293,13.219509110377807,13.869117415648613,12.301939373243066,13.89347670102642,13.321010650073978,0.04550724671223453,347.70001220703125,0.0,0.0,136.0,0.0,1.0,0.0,,,,,
pylon_camera_1771860545099911786.png,1771860545099911786,1771860545.0999117,42.300905394110345,-83.69864168342046,237.2366180419922,0.4112319095626444,-0.9111687861740302,-0.0016910303878567724,-0.025630061955311055,-0.025830000000000002,0.04494000000000001,-0.4328700000000001,0.6656000000000001,-3.7069,-9.8244,5.711744134257033,12.77682892368493,15.389999389648438,17.639999389648438,15.059999465942383,17.119998931884766,12.496821400188903,14.323842145188904,12.228858419540291,13.901596979080582,13.23777973599967,0.03607709041640661,345.3999938964844,0.0,0.0,136.0,0.0,1.0,0.0,,,,,
pylon_camera_1771860545150968073.png,1771860545150968073,1771860545.150968,42.300903061333756,-83.69864443961688,237.22897338867188,0.4219018170392531,-0.9062753525471945,-0.0007811762301329836,-0.025753289268212496,0.07258,-0.0075200000000000015,-0.49555000000000005,0.0222,-3.6594,-11.773,5.7094922598251285,12.771791615693225,15.389999389648438,17.28999900817871,15.109999656677246,17.229999542236328,12.496821400188903,14.03963860843197,12.269459035418759,13.990918488891678,13.199209383232827,0.03346576427182041,342.3999938964844,0.0,0.0,136.0,0.0,1.0,0.0,,,,,
pylon_camera_1771860545209606738.png,1771860545209606738,1771860545.2096066,42.30090071434824,-83.69864716594098,237.2239532470703,0.43676004342148833,-0.8991391182558328,0.002820209019937025,-0.027956339418223054,0.17023000000000002,-0.036430000000000004,-0.5992200000000001,-0.2092,-3.5782000000000003,-12.4139,5.695055643721667,12.739497771666747,15.380000114440918,17.69999885559082,14.719999313354492,17.100000381469727,12.48870189652708,14.372562264729195,11.952775160837517,13.885357971756937,13.174849323462682,0.03417336849527762,338.1000061035156,0.0,0.0,144.0,0.0,1.0,0.0,,,,,
pylon_camera_1771860545251971487.png,1771860545251971487,1771860545.2519715,42.30089913168021,-83.69864894256327,237.22303771972656,0.4482622436024457,-0.8933688233021015,0.005565934409523314,-0.03036654222115677,0.16335000000000002,-0.040470000000000006,-0.6722000000000001,0.10930000000000001,-2.5183,-11.096300000000001,5.688751116200264,12.72539492187302,15.229999542236328,18.229999542236328,14.429999351501465,17.209999084472656,12.36690004889168,14.802927708891678,11.71729251801321,13.974677932783356,13.215449552144982,0.03850997421145901,335.70001220703125,0.0,0.0,144.0,0.0,1.0,0.0,,,,,
pylon_camera_1771860545301907241.png,1771860545301907241,1771860545.3019073,42.300897528848694,-83.69865068195202,237.22230529785156,0.4640624963458368,-0.885160512450844,0.00708152900818562,-0.0329654156645355,0.046040000000000005,-0.08471000000000001,-0.74155,-0.4158,-1.7717,-9.423,5.687954678961118,12.723613339555284,15.00999927520752,17.989999771118164,14.4399995803833,17.489999771118164,12.188257803661823,14.60804568194584,11.725412796067372,14.202041071945839,13.18093933840522,0.035943091529526267,332.8999938964844,0.0,0.0,136.0,0.0,1.0,0.0,,,,,
pylon_camera_1771860545352965117.png,1771860545352965117,1771860545.352965,42.3008950716226,-83.69865319194659,237.22109985351562,0.48133278626241294,-0.8758247020621386,0.007284869210387759,-0.03459437536965201,-0.03354000000000001,-0.06872,-0.8117200000000001,-0.9636,-2.5141,-8.9534,5.651543866660744,12.642164537088085,14.799999237060547,18.53999900817871,14.729999542236328,17.770000457763672,12.01773583648613,15.05465013343197,11.96089543889168,14.429404211108324,13.365671404979526,0.05722966710082772,329.1000061035156,0.0,0.0,76.0,0.0,1.0,0.0,,,,,
pylon_camera_1771860545402802962.png,1771860545402802962,1771860545.402803,42.30089340823712,-83.69865479809516,237.218505859375,0.5003986849788951,-0.8650841239562719,0.006465636591047286,-0.03447912547723332,-0.11515000000000002,-0.026180000000000002,-0.9009800000000001,-0.3922,-4.1768,-8.4982,5.62209074686106,12.57627967528338,14.84999942779541,18.690000534057617,15.0,18.0,12.058336452364598,15.17645275545971,12.180138300000001,14.61616596,13.507773366956076,0.07406750769890988,325.5,0.0,0.0,24.0,0.0,1.0,0.0,,,,,
pylon_camera_1771860545453776583.png,1771860545453776583,1771860545.4537766,42.300890881260884,-83.69865711624674,237.210693359375,0.5207707795141655,-0.8530749699357725,0.004436688918104583,-0.03226773411216089,-0.16758000000000003,0.014040000000000002,-0.9671900000000001,0.7113,-5.3249,-9.3993,5.6128434912892295,12.55559411940453,15.139999389648438,18.869998931884766,14.739999771118164,18.229999542236328,12.293819095188905,15.322613114080582,11.96901571694584,14.802927708891678,13.59709390877675,0.08295105587736343,321.3999938964844,0.0,0.0,0.0,0.0,0.0,0.0,,,,,
pylon_camera_1771860545503731998.png,1771860545503731998,1771860545.503732,42.300889163802836,-83.69865861558272,237.20445251464844,0.5417915888040696,-0.8400135212066544,0.0010783860906911948,-0.028948153215687188,-0.16934000000000002,0.05608000000000001,-1.0157800000000001,1.3723,-3.4668,-10.142100000000001,5.622202616633664,12.57652992125251,14.589999198913574,18.84000015258789,14.559999465942383,18.440000534057617,11.847213869310437,15.298253828702775,11.822853809540293,14.97345045045971,13.485442989503303,0.07227057653756004,315.6000061035156,0.0,0.0,0.0,0.0,1.0,0.0,,,,,
pylon_camera_1771860545554790564.png,1771860545554790564,1771860545.5547907,42.30088653981304,-83.69866081131379,237.19630432128906,0.567775458320967,-0.8227478145078666,-0.0009718298820143682,-0.026760384855702615,-0.029960000000000007,-0.00223,-1.0425300000000002,1.6215000000000002,-5.133,-11.6463,5.619155761536735,12.569714289211985,14.489999771118164,18.459999084472656,14.479999542236328,17.93000030517578,11.76601341194584,14.989689457783356,11.757893133891677,14.559325562405549,13.268230391506606,0.055571358761441786,306.1000061035156,0.0,0.0,1028.0,0.0,1.0,0.0,,,,,
pylon_camera_1771860545604769494.png,1771860545604769494,1771860545.6047695,42.300884766867384,-83.69866221794939,237.19229125976562,0.5885779712234964,-0.8079782407532988,-0.0005581510423715488,-0.02732805750599815,0.023960000000000002,-0.010890000000000002,-1.0013,1.7894,-0.3309,-10.685,5.58308825281231,12.489033436245968,14.399999618530273,18.389999389648438,14.059999465942383,17.44999885559082,11.692932458243066,14.932849060188905,11.416849199540291,14.169559959729195,13.053047669425364,0.045160759322054544,291.8999938964844,0.0,0.0,1000.0,0.0,1.0,0.0,,,,,
pylon_camera_1771860545656101387.png,1771860545656101387,1771860545.6561015,42.30088205431776,-83.69866416015314,237.1890411376953,0.6083776963750333,-0.793068307739343,0.0021691117150600576,-0.03024124281888148,0.13745000000000002,-0.038520000000000006,-0.9638800000000002,-1.7958,-10.359,-9.5473,5.528376711860703,12.366647001829682,14.210000038146973,18.029998779296875,13.309999465942383,17.399999618530273,11.538651047175694,14.640525245377807,10.80784228454029,14.128960118243066,12.778994673834214,0.03334353054174866,275.3000183105469,0.0,0.0,1272.0,0.0,1.0,0.0,,,,,
pylon_camera_1771860545705829137.png,1771860545705829137,1771860545.7058291,42.300880200035884,-83.69866524699606,237.1871337890625,0.6246770903491721,-0.7801589339723225,0.004769489029136927,-0.03328396776922214,0.13338000000000003,-0.04472,-0.7850000000000001,-0.8905000000000001,-6.5209,-9.701500000000001,5.482617619819193,12.264286658478346,14.0,17.65999984741211,13.670000076293945,17.020000457763672,11.368129080000001,14.340082701297225,11.100166099351387,13.820397296108322,12.657193794189233,0.0320366888553823,258.6000061035156,0.0,0.0,1252.0,0.0,1.0,0.0,,,,,
pylon_camera_1771860545757002199.png,1771860545757002199,1771860545.7570024,42.30087738890724,-83.69866659560039,237.18446350097656,0.6385393048520257,-0.7687319123298428,0.006677143242535101,-0.03569620263995816,0.02934,-0.0351,-0.6695300000000002,-0.2908,-8.035,-7.972,5.431142406922801,12.14913969574189,13.949999809265137,17.0,14.029999732971191,16.59000015258789,11.327528464121533,13.80415674,11.392489139770145,13.471233083702774,12.498851856898611,0.028784932095174576,241.6999969482422,0.0,0.0,968.0,0.0,1.0,0.0,,,,,
pylon_camera_1771860545807006060.png,1771860545807006060,1771860545.807006,42.30087549689509,-83.69866728584415,237.18116760253906,0.6508883126147007,-0.758353714690008,0.005613641044222073,-0.03482147256621881,-0.12170000000000002,0.021280000000000004,-0.6216500000000001,-1.0339,-8.225200000000001,-9.3766,5.383390188244431,12.042320847691498,13.90999984741211,17.100000381469727,13.779999732971191,16.40999984741211,11.295048126297226,13.885357971756937,11.189486834770145,13.325071176297227,12.423741027280384,0.031673311516359756,226.90000915527344,0.0,0.0,776.0,0.0,1.0,0.0,,,,,
pylon_camera_1771860545857848465.png,1771860545857848465,1771860545.8578486,42.300872642335285,-83.69866810490028,237.1744842529297,0.6620530785013333,-0.7487386698771434,0.0035634635610547367,-0.03261023159934333,-0.08752000000000001,0.0059700000000000005,-0.5755800000000001,-1.5523,-6.4219,-10.1338,5.355712622149073,11.980407792990148,14.179999351501465,16.719999313354492,13.519999504089355,16.31999969482422,11.51429021301321,13.576793600837517,10.978364251715986,13.251990222594452,12.33035957204029,0.02921033950571388,209.90000915527344,0.0,0.0,424.0,0.0,1.0,0.0,,,,,
pylon_camera_1771860545907669227.png,1771860545907669227,1771860545.9076693,42.30087073279728,-83.69866851604124,237.16969299316406,0.6720274711580208,-0.739863553344524,0.0028872901737335126,-0.031187561572253567,-0.0539,-0.010320000000000001,-0.50507,-0.907,-6.502400000000001,-9.9478,5.345832849807402,11.95830733504817,14.399999618530273,16.739999771118164,13.75999927520752,16.420000076293945,11.692932458243066,13.593034156945839,11.173246278661823,13.333191454351388,12.448101087050528,0.04095845158343096,189.90000915527344,0.0,0.0,236.0,0.0,1.0,0.0,,,,,
pylon_camera_1771860545958751795.png,1771860545958751795,1771860545.9587517,42.300867849224375,-83.69866888218827,237.16415405273438,0.6803676019830924,-0.7322357335634663,0.0025209359555450495,-0.03040397254400459,-0.06673000000000001,-0.021780000000000004,-0.41069000000000006,-0.39430000000000004,-5.882700000000001,-9.2375,5.359299699882256,11.988431870654615,14.359999656677246,16.469999313354492,13.979999542236328,16.100000381469727,11.66045212041876,13.373791295837517,11.351888523891677,13.073348751756935,12.364870172976222,0.03140012858921567,169.40000915527344,0.0,0.0,168.0,0.0,1.0,0.0,,,,,
pylon_camera_1771860546008386377.png,1771860546008386377,1771860546.0083864,42.30086591154385,-83.69866897155842,237.16192626953125,0.6870680223347875,-0.7260226434253094,0.0006710451468908765,-0.028778527014088742,-0.14235000000000003,-0.011870000000000002,-0.32949,0.2626,-4.9282,-9.871500000000001,5.379098962436857,12.032721633033503,14.449999809265137,16.209999084472656,14.170000076293945,15.929999351501465,11.733533074121533,13.162668712783356,11.506170709351387,12.93530634801321,12.334419711067373,0.025073137003819287,152.40000915527344,0.0,0.0,0.0,0.0,0.0,0.0,,,,,
pylon_camera_1771860546059232331.png,1771860546059232331,1771860546.0592322,42.30086299546997,-83.69866894406692,237.1595916748047,0.6925476482399081,-0.720902318393003,-0.002640850657070034,-0.025896489352284266,-0.18629,-0.013030000000000002,-0.27157000000000003,-0.029,-2.2413000000000003,-9.8787,5.388819998423125,12.054467007272626,14.549999237060547,15.899999618530273,14.25,15.809999465942383,11.81473353148613,12.910946288243066,11.571131385000001,12.837865334540291,12.283669134817371,0.019013874890234844,140.3000030517578,0.0,0.0,0.0,0.0,0.0,0.0,,,,,
pylon_camera_1771860546109127916.png,1771860546109127916,1771860546.109128,42.30086104854855,-83.69866888307044,237.15769958496094,0.6973548468132753,-0.7163307998346055,-0.0055213251072148625,-0.02314989856150277,-0.13613000000000003,0.006900000000000001,-0.25525000000000003,-0.4968,-0.39490000000000003,-9.659600000000001,5.3948670221199775,12.067993836461063,14.710000038146973,15.809999465942383,14.369999885559082,15.899999618530273,11.944655657175694,12.837865334540291,11.66857239847292,12.910946288243066,12.340509919607992,0.0225817221022748,130.90000915527344,0.0,0.0,0.0,0.0,0.0,0.0,,,,,
pylon_camera_1771860546160313229.png,1771860546160313229,1771860546.1603134,42.30085812501508,-83.69866878111631,237.15463256835938,0.7020090562090332,-0.7118140209877668,-0.007103012403276017,-0.021298632362868476,-0.07747000000000001,0.007690000000000001,-0.25444000000000006,0.0439,0.114,-9.6639,5.404793740561156,12.090199310010874,14.809999465942383,15.899999618530273,14.449999809265137,15.829999923706055,12.025856114540291,12.910946288243066,11.733533074121533,12.854105890648613,12.381110341888375,0.024061723418953244,120.30000305175781,0.0,0.0,0.0,0.0,0.0,0.0,,,,,
pylon_camera_1771860546210184479.png,1771860546210184479,1771860546.2101843,42.30085519993678,-83.69866871098537,237.1510009765625,0.7067554874265812,-0.7071255541434218,-0.007156680339488254,-0.0204673788329838,-0.013560000000000003,0.026330000000000003,-0.26429,0.0334,0.0044,-9.7529,5.412331001700319,12.107059710943512,14.739999771118164,15.989999771118164,14.579999923706055,15.75999927520752,11.96901571694584,12.98402724194584,11.839094365648613,12.797264718661824,12.397350510800528,0.02397698588986262,112.0,0.0,0.0,0.0,0.0,0.0,0.0,,,,,
pylon_camera_1771860546261328218.png,1771860546261328218,1771860546.2613282,42.300853247301525,-83.69866868235587,237.14849853515625,0.7113919911131599,-0.7024660527387475,-0.00599119790327058,-0.02066362207796492,0.05530000000000001,0.025950000000000004,-0.25488000000000005,-0.1189,-0.999,-10.0065,5.428412082892189,12.143032124704854,14.779999732971191,15.9399995803833,14.65999984741211,15.90999984741211,12.001496054770147,12.943426626067373,11.904055041297227,12.919066566297225,12.442011072107993,0.02462144086688776,104.20000457763672,0.0,0.0,0.0,0.0,0.0,0.0,,,,,
pylon_camera_1771860546311603717.png,1771860546311603717,1771860546.3116038,42.30085030323362,-83.69866861793967,237.14646911621094,0.7156801396291461,-0.6980865712877868,-0.004812917910436568,-0.021305223520422772,0.05314000000000001,0.005900000000000001,-0.23846000000000003,0.1665,-2.2408,-10.756400000000001,5.454407865713447,12.20118313112904,14.809999465942383,15.90999984741211,14.809999465942383,15.65999984741211,12.025856114540291,12.919066566297225,12.025856114540291,12.716064261297227,12.421710764168758,0.01807428268797,96.5999984741211,0.0,0.0,0.0,0.0,0.0,0.0,,,,,
pylon_camera_1771860546363139262.png,1771860546363139262,1771860546.3631394,42.300848329920605,-83.6986685393116,237.1474609375,0.7194349179842674,-0.6941985323532743,-0.004389916873149826,-0.021966453818879465,0.026140000000000004,-0.01999,-0.20525000000000002,0.023200000000000002,-2.0166,-9.9106,5.481144225951659,12.260990764800304,14.819999694824219,15.819999694824219,14.859999656677246,15.679999351501465,12.033976392594452,12.845985612594452,12.066456730418759,12.732304043013212,12.41968069465522,0.012942667758179344,88.30000305175781,0.0,0.0,0.0,0.0,0.0,0.0,,,,,
pylon_camera_1771860546415324757.png,1771860546415324757,1771860546.4153247,42.30084536398663,-83.69866835758346,237.1487274169922,0.723377500804928,-0.6900728202696018,-0.004392809314303548,-0.022476594063649807,0.0006600000000000001,-0.016450000000000003,-0.18315,-0.0684,-2.12,-9.2995,5.498702095228442,12.300266664900311,15.0,15.75,15.029999732971191,15.609999656677246,12.180138300000001,12.789145215000001,12.204498359770147,12.675463645418759,12.462311380047227,0.013174081470064542,78.80000305175781,0.0,0.0,0.0,0.0,0.0,0.0,,,,,
pylon_camera_1771860546465975948.png,1771860546465975948,1771860546.465976,42.30084338275248,-83.69866819274691,237.14913940429688,0.7262862154091568,-0.6870102112861898,-0.004524461415069675,-0.022468469998023852,-0.0026000000000000003,0.0032600000000000003,-0.16217,-0.0118,-1.3164,-9.182400000000001,5.5154140385796655,12.337650279460398,14.979999542236328,15.779999732971191,15.0,15.75,12.16389774389168,12.813505274770145,12.180138300000001,12.789145215000001,12.486671633415458,0.012078584704508082,67.9000015258789,0.0,0.0,0.0,0.0,0.0,0.0,,,,,
pylon_camera_1771860546514251583.png,1771860546514251583,1771860546.5142515,42.3008404040382,-83.69866789596236,237.14894104003906,0.7284416019059498,-0.6847275955484762,-0.004472098407646221,-0.022381975849516022,-0.007610000000000001,-0.0007300000000000002,-0.14898000000000003,0.3975,-1.5527,-9.2208,5.532580154864204,12.376049851621934,15.019999504089355,15.90999984741211,15.1899995803833,15.979999542236328,12.196378081715984,12.919066566297225,12.33441971106737,12.975906963891678,12.606442830743063,0.01861603515526687,56.900001525878906,0.0,0.0,0.0,0.0,0.0,0.0,,,,,
pylon_camera_1771860546566673613.png,1771860546566673613,1771860546.5666738,42.30083841377092,-83.69866767522335,237.1473388671875,0.7312227230455393,-0.6817822120511893,-0.004273191688346738,-0.021635259768450925,-0.022830000000000003,0.032080000000000004,-0.12414000000000003,0.9151,-1.4232,-9.6087,5.56702660906136,12.45310450287372,15.229999542236328,15.899999618530273,15.269999504089355,15.899999618530273,12.36690004889168,12.910946288243066,12.399380386715984,12.910946288243066,12.64704325302345,0.015573526272503063,47.60000228881836,0.0,0.0,0.0,0.0,0.0,0.0,,,,,
pylon_camera_1771860546614334299.png,1771860546614334299,1771860546.614334,42.30083541289313,-83.6986673109029,237.14315795898438,0.7331315213683035,-0.6797546887624171,-0.004294592000771633,-0.0208156662457162,-0.030770000000000002,0.018040000000000004,-0.10260000000000002,0.9892000000000001,-1.3607,-9.8475,5.598151200478228,12.522728346397768,15.449999809265137,16.020000457763672,15.339999198913574,15.9399995803833,12.545542294121534,13.008388076108323,12.456220784310437,12.943426626067373,12.738394445151917,0.017221973741543797,39.70000076293945,0.0,0.0,0.0,0.0,0.0,0.0,,,,,
pylon_camera_1771860546665570900.png,1771860546665570900,1771860546.6655707,42.30083340087549,-83.6986670470616,237.14105224609375,0.7346907788746584,-0.6780929171281439,-0.004589236778119671,-0.019959811697164688,-0.041330000000000006,0.004690000000000001,-0.07809000000000002,0.5404,-0.6879000000000001,-10.8511,5.630681491929784,12.595496656557412,15.479999542236328,15.979999542236328,15.479999542236328,15.989999771118164,12.56990235389168,12.975906963891678,12.56990235389168,12.98402724194584,12.774934728405219,0.01424620852520244,33.0,0.0,0.0,0.0,0.0,0.0,0.0,,,,,
pylon_camera_1771860546715615623.png,1771860546715615623,1771860546.7156157,42.300830363226815,-83.69866663802493,237.1398468017578,0.7359487495593617,-0.6767377063917278,-0.005099057916485929,-0.019481128767088834,-0.02857,-0.010270000000000001,-0.06665000000000001,0.4262,-0.4505,-11.1876,5.670836721176548,12.685321495068669,15.679999351501465,15.949999809265137,15.619999885559082,15.929999351501465,12.732304043013212,12.951546904121534,12.68358392347292,12.93530634801321,12.82568530465522,0.011065057329537673,24.80000114440918,0.0,0.0,0.0,0.0,0.0,0.0,,,,,
pylon_camera_1771860546766527408.png,1771860546766527408,1771860546.7665274,42.30082832129298,-83.6986663602571,237.14088439941406,0.7369825144939026,-0.675598174175557,-0.0055420533099803035,-0.019828414611556832,-0.0019000000000000002,-0.0267,-0.05179000000000001,0.23040000000000002,-0.40090000000000003,-10.1433,5.715050756079029,12.784225638303425,15.75,15.989999771118164,15.769999504089355,16.029998779296875,12.789145215000001,12.98402724194584,12.805384996715986,13.016506805377809,12.89876606475991,0.008959512269034442,15.5,0.0,0.0,0.0,0.0,0.0,0.0,,,,,
pylon_camera_1771860546816352481.png,1771860546816352481,1771860546.8163526,42.30082524092268,-83.69866593688047,237.14376831054688,0.7377823963195901,-0.6747020350680553,-0.005865483057739274,-0.02049135584697867,0.012580000000000001,-0.022910000000000003,-0.03900000000000001,0.0091,-0.5415,-9.5097,5.750487907686619,12.863496420220507,15.869999885559082,16.059999465942383,15.979999542236328,16.119998931884766,12.88658622847292,13.040867639540291,12.975906963891678,13.089587759080583,12.99823714774637,0.010474658143027088,6.900000095367432,0.0,0.0,0.0,0.0,0.0,0.0,,,,,
pylon_camera_1771860546867187594.png,1771860546867187594,1771860546.8671877,42.300823175880396,-83.69866564812554,237.1454620361328,0.7382744969707533,-0.6741539383682357,-0.006205598485080987,-0.0207056768211058,-0.0010400000000000001,-0.011590000000000001,-0.021370000000000004,0.3902,-0.7130000000000001,-9.3398,5.786006312452187,12.942948960576796,16.06999969482422,16.15999984741211,16.09000015258789,16.309999465942383,13.048987917594452,13.122068871297225,13.065228473702776,13.24386994454029,13.120038801783686,0.013682340998661993,-0.5,0.0,0.0,0.0,0.0,0.0,0.0,,,,,
pylon_camera_1771860546917352089.png,1771860546917352089,1771860546.9173522,42.30082005997583,-83.6986651977622,237.1461181640625,0.7383657416601849,-0.6740556705879537,-0.0065683876134214865,-0.020538762742412526,-0.012680000000000002,0.00025000000000000006,0.005460000000000001,0.7339,-0.3436,-9.5769,5.821529088638066,13.022411279538035,16.209999084472656,16.219999313354492,16.260000228881836,16.19999885559082,13.162668712783356,13.170788990837517,13.203270103054162,13.154548434729195,13.172819060351056,0.011549917874991007,-7.300000190734863,0.0,0.0,0.0,0.0,0.0,0.0,,,,,
pylon_camera_1771860546967831429.png,1771860546967831429,1771860546.9678316,42.300817970375675,-83.69866488681272,237.1457977294922,0.7381004969286862,-0.6743457728707077,-0.00686377876187448,-0.02045296032711302,-0.009900000000000003,-0.006670000000000001,0.021940000000000005,0.5913,-0.0071,-9.4106,5.860994784878306,13.11069367408568,16.350000381469727,16.299999237060547,16.389999389648438,16.309999465942383,13.276351056756935,13.23574966648613,13.308830620188905,13.24386994454029,13.266200321993065,0.011861054172500163,-13.5,0.0,0.0,0.0,0.0,0.0,0.0,,,,,
pylon_camera_1771860547018401448.png,1771860547018401448,1771860547.0184016,42.30081481413216,-83.69866442017187,237.14376831054688,0.7375861534142446,-0.674902799964112,-0.006969938491035983,-0.020598467166544572,0.0029600000000000004,-0.00986,0.03686000000000001,0.5444,0.2523,-9.6037,5.900443586138873,13.198938275577492,16.469999313354492,16.299999237060547,16.5,16.350000381469727,13.373791295837517,13.23574966648613,13.39815213,13.276351056756935,13.321011037270146,0.009248680397159738,-19.30000114440918,0.0,0.0,0.0,0.0,0.0,0.0,,,,,
pylon_camera_1771860547069620590.png,1771860547069620590,1771860547.0696204,42.30081163279072,-83.69866396168082,237.14073181152344,0.7369160490470881,-0.6756275598257951,-0.007026940371787809,-0.020802864458588293,0.0021600000000000005,-0.004410000000000001,0.04528000000000001,0.35700000000000004,0.0565,-9.6856,5.938263877548112,13.283539998242473,16.709999084472656,16.420000076293945,16.600000381469727,16.469999313354492,13.568673322783358,13.333191454351388,13.479353361756935,13.373791295837517,13.4387523586823,0.011684563035182175,-25.5,0.0,0.0,0.0,0.0,0.0,0.0,,,,,
pylon_camera_1771860547119673083.png,1771860547119673083,1771860547.119673,42.30080949615116,-83.6986636631992,237.13845825195312,0.7361330846944175,-0.6764771221808186,-0.007338498114751243,-0.020806999535230845,-0.020510000000000004,-0.011410000000000002,0.05040000000000001,0.3735,-0.21530000000000002,-9.9952,5.975282037598695,13.366347401186026,16.770000457763672,16.31999969482422,16.729999542236328,16.529998779296875,13.617394991108322,13.251990222594452,13.58491387889168,13.422511415377807,13.469202626993065,0.007695088472555501,-29.899999618530273,0.0,0.0,0.0,0.0,0.0,0.0,,,,,
pylon_camera_1771860547170703294.png,1771860547170703294,1771860547.1707034,42.300806274319136,-83.6986632197907,237.1355743408203,0.7351089764751505,-0.677590706274114,-0.0077596770112629086,-0.02062558821669684,-0.025030000000000004,-0.00553,0.06949000000000001,0.1981,-0.4661,-9.964500000000001,6.007375296422404,13.438138095579133,16.90999984741211,16.69999885559082,16.8799991607666,16.579999923706055,13.731075786297227,13.560553044729195,13.706714952134744,13.463112805648613,13.615364147202445,0.01318828920813193,-33.400001525878906,0.0,0.0,0.0,0.0,0.0,0.0,,,,,
pylon_camera_1771860547220515715.png,1771860547220515715,1771860547.2205157,42.30080411475645,-83.69866292938279,237.13424682617188,0.7338576643802043,-0.6789455459383091,-0.007994031613573175,-0.02054189717440346,-0.006470000000000001,-0.004660000000000001,0.08411,0.37470000000000003,-0.0673,-10.452200000000001,6.04009600583887,13.511332359301203,17.010000228881836,16.68000030517578,16.989999771118164,16.719999313354492,13.812277018054163,13.544314037405549,13.796036461945839,13.576793600837517,13.682355279560767,0.012657739126802786,-36.400001525878906,0.0,0.0,0.0,0.0,0.0,0.0,,,,,
pylon_camera_1771860547271362260.png,1771860547271362260,1771860547.2713623,42.30080085462667,-83.69866250661563,237.13343811035156,0.7324492536756149,-0.6804580816535922,-0.007944254352909404,-0.020779285962806603,0.012410000000000001,-0.005190000000000001,0.08859,0.3201,0.321,-10.0949,6.074842361905784,13.589057873041526,17.170000076293945,16.760000228881836,17.139999389648438,16.75,13.942198369351386,13.609274713054162,13.917837535188903,13.601154435,13.767616263148613,0.013139865307463115,-38.900001525878906,0.0,0.0,0.0,0.0,0.0,0.0,,,,,
pylon_camera_1771860547321098423.png,1771860547321098423,1771860547.3210986,42.30079866820465,-83.69866223698496,237.13272094726562,0.7309140751155786,-0.6820960456047427,-0.007762417736235102,-0.02119774137023261,0.01742,-0.00562,0.09021000000000001,0.2877,0.0514,-9.994100000000001,6.109043827639309,13.665564499799476,17.260000228881836,16.84000015258789,17.28999900817871,16.809999465942383,14.01527932305416,13.674235388702774,14.03963860843197,13.649874554540292,13.844756968682299,0.013112701556196395,-40.900001525878906,0.0,0.0,0.0,0.0,0.0,0.0,,,,,
pylon_camera_1771860547373051774.png,1771860547373051774,1771860547.3730516,42.30079536888484,-83.69866185959717,237.13168334960938,0.7293033547413182,-0.683811484698243,-0.0077699403052266984,-0.02140322838958222,0.011030000000000002,-0.0027800000000000004,0.09463,0.31570000000000004,0.1718,-9.4128,6.141457410018588,13.738071738766982,17.299999237060547,16.85999870300293,17.369998931884766,16.969999313354492,14.04775888648613,13.690474396026422,14.104599284080582,13.779795905837517,13.905657118107662,0.012198610003453195,-41.900001525878906,0.0,0.0,0.0,0.0,0.0,0.0,,,,,
pylon_camera_1771860547425024132.png,1771860547425024132,1771860547.4250243,42.30079315593116,-83.69866162874025,237.13031005859375,0.7272802412826278,-0.6859574656764772,-0.007755550487834873,-0.021579095421673387,0.017830000000000002,-0.0025700000000000007,0.09896000000000002,0.322,0.27290000000000003,-9.3551,6.180875982274991,13.826248719790218,17.3799991607666,16.989999771118164,17.489999771118164,17.06999969482422,14.112719562134744,13.796036461945839,14.202041071945839,13.860997137594453,13.992948558405217,0.012056765504036763,-42.10000228881836,0.0,0.0,0.0,0.0,0.0,0.0,,,,,
pylon_camera_1771860547475372399.png,1771860547475372399,1771860547.4753723,42.300789822351945,-83.69866130175649,237.12643432617188,0.7255282130166992,-0.6878072183841357,-0.00728491290314418,-0.021839700077299358,0.034890000000000004,0.012800000000000002,0.10214000000000001,-0.13870000000000002,0.9936,-9.094000000000001,6.202845705582862,13.87539367264653,17.639999389648438,17.18000030517578,17.6299991607666,17.100000381469727,14.323842145188904,13.950318647405549,14.315721867134743,13.885357971756937,14.118810157871533,0.017543032721649258,-42.0,0.0,0.0,0.0,0.0,0.0,0.0,,,,,
pylon_camera_1771860547523070221.png,1771860547523070221,1771860547.52307,42.30078758961538,-83.69866110104796,237.1227264404297,0.7241494344531356,-0.6892588568528196,-0.006602241823112121,-0.022050742256385345,0.042190000000000005,0.01755,0.10133000000000002,-0.09340000000000001,1.0459,-9.4284,6.226754646996994,13.928876540053457,17.670000076293945,17.170000076293945,17.68000030517578,17.190000534057617,14.348202979351388,13.942198369351386,14.356323257405549,13.95843892545971,14.151290882892008,0.015967859446451623,-42.0,0.0,0.0,0.0,0.0,0.0,0.0,,,,,
pylon_camera_1771860547574055514.png,1771860547574055514,1771860547.5740554,42.300784229171676,-83.69866082466919,237.115234375,0.7224261216946001,-0.6910702847526675,-0.00549992781963707,-0.022183575436442438,0.028820000000000002,0.030860000000000002,0.10294,0.06760000000000001,0.3941,-9.7199,6.251530308812583,13.984298208995222,17.85999870300293,17.34000015258789,17.78999900817871,17.270000457763672,14.50248361602642,14.080239998702774,14.445643218431968,14.023399601108322,14.262941608567372,0.01992544748458785,-41.900001525878906,0.0,0.0,0.0,0.0,0.0,0.0,,,,,
pylon_camera_1771860547623894632.png,1771860547623894632,1771860547.6238945,42.300781979690015,-83.69866064516003,237.10992431640625,0.7206879608012966,-0.692899447461406,-0.004738209375817702,-0.02183502314305604,-0.0028300000000000005,0.022750000000000003,0.10245,0.3005,-0.0437,-10.1525,6.28443639758075,14.057907155204283,17.869998931884766,17.44999885559082,17.84000015258789,17.3799991607666,14.510603894080583,14.169559959729195,14.486244608702776,14.112719562134744,14.319782006161825,0.018628295667793948,-41.60000228881836,0.0,0.0,0.0,0.0,0.0,0.0,,,,,
pylon_camera_1771860547674735914.png,1771860547674735914,1771860547.6747358,42.300778584496385,-83.69866039050511,237.10415649414062,0.718511014102999,-0.6951743783820363,-0.004503191893277083,-0.021312614025539512,-0.00928,0.007150000000000001,0.10742,0.4071,-0.1623,-10.9002,6.32668175963802,14.152407495404672,17.959999084472656,17.44999885559082,17.899999618530273,17.40999984741211,14.583684847783356,14.169559959729195,14.534964728243066,14.137080396297227,14.356322483013212,0.014408501710733794,-41.20000076293945,0.0,0.0,0.0,0.0,0.0,0.0,,,,,
pylon_camera_1771860547724766803.png,1771860547724766803,1771860547.7247667,42.30077630450546,-83.6986602331866,237.10214233398438,0.7166752593729632,-0.6970663302928162,-0.004735836178869329,-0.021276175184680342,-0.00436,-0.017270000000000004,0.10320000000000001,0.1729,-0.0102,-10.6324,6.361378308248977,14.230021592854467,17.979999542236328,17.5,17.959999084472656,17.510000228881836,14.599925403891678,14.210161350000002,14.583684847783356,14.21828162805416,14.4030133074323,0.012156813216973608,-40.70000076293945,0.0,0.0,0.0,0.0,0.0,0.0,,,,,
pylon_camera_1771860547775859489.png,1771860547775859489,1771860547.7758594,42.30077287001984,-83.69866001341146,237.1004638671875,0.7148605287750924,-0.6989188519834993,-0.005111579071025534,-0.02146472689932851,-0.007000000000000001,-0.022430000000000002,0.10498,0.1859,-0.0551,-9.911,6.3895337338213585,14.29300359053435,17.989999771118164,17.56999969482422,18.020000457763672,17.5,14.60804568194584,14.267001747594453,14.632406516108324,14.210161350000002,14.429403823912155,0.009543146932960708,-39.60000228881836,0.0,0.0,0.0,0.0,0.0,0.0,,,,,
pylon_camera_1771860547825807934.png,1771860547825807934,1771860547.8258078,42.30077057050032,-83.69865988469559,237.09970092773438,0.7130975514804493,-0.7007119361188652,-0.005564347486508072,-0.021533756991961146,-0.01259,-0.01631,0.10039000000000001,0.0538,0.1938,-9.4361,6.411221519637035,14.34151786613687,18.1299991607666,17.6299991607666,18.15999984741211,17.690000534057617,14.721726477134743,14.315721867134743,14.746087311297225,14.36444353545971,14.536994797756606,0.013630142460812646,-37.70000076293945,0.0,0.0,0.0,0.0,0.0,0.0,,,,,
pylon_camera_1771860547876913228.png,1771860547876913228,1771860547.876913,42.30076710767304,-83.69865971484118,237.09762573242188,0.7114159605970052,-0.7024196751502313,-0.005945530800776682,-0.021414519214329075,-0.008050000000000002,-0.0028700000000000006,0.09303000000000002,0.3005,0.4554,-9.334800000000001,6.431931079780485,14.38784390960416,18.149999618530273,17.75,18.229999542236328,17.84000015258789,14.737967033243065,14.413163655,14.802927708891678,14.486244608702776,14.61007575145938,0.0154458057267967,-35.0,0.0,0.0,0.0,0.0,0.0,0.0,,,,,
pylon_camera_1771860547926794555.png,1771860547926794555,1771860547.9267945,42.30076479323156,-83.6986596178022,237.09503173828125,0.709827474361734,-0.7040277861650528,-0.005940771255588054,-0.021319948069018647,0.0048000000000000004,0.00877,0.09038000000000002,-0.030100000000000002,1.3047,-9.443800000000001,6.4475865694192755,14.422864300596755,18.270000457763672,17.85999870300293,18.229999542236328,17.809999465942383,14.835408821108322,14.50248361602642,14.802927708891678,14.461883774540292,14.650675980141678,0.015795175964839155,-32.0,0.0,0.0,0.0,0.0,0.0,0.0,,,,,
pylon_camera_1771860547977920640.png,1771860547977920640,1771860547.9779205,42.30076130875465,-83.69865950850512,237.09056091308594,0.7083810957538551,-0.7054830400606176,-0.005522923604529906,-0.021433634322142594,0.022430000000000002,0.00423,0.07865,0.514,1.0408,-9.3633,6.473874967756374,14.481669870372944,18.31999969482422,17.85999870300293,18.229999542236328,17.93000030517578,14.876008662594453,14.50248361602642,14.802927708891678,14.559325562405549,14.685186387479526,0.014053387415144888,-28.80000114440918,0.0,0.0,0.0,0.0,0.0,0.0,,,,,
pylon_camera_1771860548027745114.png,1771860548027745114,1771860548.027745,42.30075897606442,-83.6986594580398,237.0878143310547,0.707090276919548,-0.7067645235496988,-0.00489017945435727,-0.02198487394343877,0.034390000000000004,-0.009750000000000002,0.06972,-0.2424,1.1268,-10.5586,6.495262973072386,14.529513554984543,18.299999237060547,17.959999084472656,18.299999237060547,17.90999984741211,14.859768106486131,14.583684847783356,14.859768106486131,14.543085006297225,14.71157651676321,0.012530561404528812,-25.600000381469727,0.0,0.0,0.0,0.0,0.0,0.0,,,,,
pylon_camera_1771860548078696996.png,1771860548078696996,1771860548.078697,42.300755467815954,-83.69865941079563,237.084228515625,0.7059063167700824,-0.707932442426005,-0.004429003984361222,-0.022545794032451945,0.020120000000000002,-0.0015600000000000002,0.06682,-0.0409,0.5418000000000001,-10.255600000000001,6.516117117097913,14.576163023921007,18.299999237060547,18.010000228881836,18.3799991607666,18.020000457763672,14.859768106486131,14.624286238054161,14.924728782134743,14.632406516108324,14.76029741069584,0.012632569111133642,-22.5,0.0,0.0,0.0,0.0,0.0,0.0,,,,,
pylon_camera_1771860548137540942.png,1771860548137540942,1771860548.1375408,42.30075194419222,-83.6986593772159,237.08128356933594,0.7046235854755353,-0.7091946431527822,-0.004130176539260946,-0.02305433921745273,0.01565,-0.00010000000000000002,0.05576000000000001,-0.0205,0.5216000000000001,-9.9304,6.53758102554636,14.624176499285676,18.43000030517578,18.079999923706055,18.440000534057617,18.06999969482422,14.965330172405547,14.681126635648614,14.97345045045971,14.673006357594453,14.82322840402708,0.013611153062268299,-19.30000114440918,0.0,0.0,0.0,0.0,0.0,0.0,,,,,
pylon_camera_1771860548179805439.png,1771860548179805439,1771860548.1798055,42.300749588102676,-83.69865935702177,237.07958984375,0.7038582694542611,-0.7099488370095792,-0.004109768995442934,-0.02322272913338758,0.0015900000000000003,0.0003800000000000001,0.05349,-0.3718,0.1381,-9.5683,6.551894794787297,14.656195542251497,18.420000076293945,18.190000534057617,18.5,18.170000076293945,14.957209894351388,14.77044814545971,15.02217057,14.754207589351388,14.876009049790621,0.014997992276060745,-17.80000114440918,0.0,0.0,0.0,0.0,0.0,0.0,,,,,
pylon_camera_1771860548229612823.png,1771860548229612823,1771860548.2296128,42.300746045254876,-83.69865933115219,237.0764617919922,0.7030035911242164,-0.7107941547209642,-0.004115662522511812,-0.023252565513647228,0.004900000000000001,0.0017900000000000004,0.04361,-0.057800000000000004,-0.2874,-9.584800000000001,6.571510806404045,14.700075383277465,18.479999542236328,18.270000457763672,18.549999237060547,18.25,15.005930013891678,14.835408821108322,15.06277041148613,14.819168265,14.930819377871533,0.01569678988561909,-16.700000762939453,0.0,0.0,0.0,0.0,0.0,0.0,,,,,
pylon_camera_1771860548280803703.png,1771860548280803703,1771860548.2808037,42.30074367842576,-83.69865931646497,237.07403564453125,0.702195477339809,-0.7115965728410185,-0.004315687923103844,-0.023091209630180375,-0.0164,-0.009170000000000001,0.04390000000000001,0.1517,-0.3599,-9.4162,6.592049640537109,14.746019522903081,18.520000457763672,18.329999923706055,18.549999237060547,18.270000457763672,15.038411126108322,14.884128940648614,15.06277041148613,14.835408821108322,14.955179824837847,0.014184187238454708,-15.40000057220459,0.0,0.0,0.0,0.0,0.0,0.0,,,,,
pylon_camera_1771860548330582429.png,1771860548330582429,1771860548.3305826,42.30074011869759,-83.69865929898144,237.07032775878906,0.7014116754965066,-0.7123777661775392,-0.004612713260712959,-0.022766260330960103,-0.01716,-0.0032500000000000007,0.04463,0.31980000000000003,-0.1844,-10.0916,6.611212431571588,14.78888553667975,18.53999900817871,18.34000015258789,18.549999237060547,18.369998931884766,15.05465013343197,14.892249218702775,15.06277041148613,14.916608504080582,14.981569566925362,0.013028975697168831,-12.90000057220459,0.0,0.0,0.0,0.0,0.0,0.0,,,,,
