image_filename,timestamp_ns,timestamp_sec,latitude,longitude,altitude,orientation_x,orientation_y,orientation_z,orientation_w,angular_velocity_x,angular_velocity_y,angular_velocity_z,linear_acceleration_x,linear_acceleration_y,linear_acceleration_z,vehicle_speed_mps,vehicle_speed_mph,wheel_speed_fl_rads,wheel_speed_fr_rads,wheel_speed_rl_rads,wheel_speed_rr_rads,wheel_speed_fl_mph,wheel_speed_fr_mph,wheel_speed_rl_mph,wheel_speed_rr_mph,avg_wheel_speed_mph,wheel_slip,steering_angle_deg,throttle_pedal,brake_pedal,brake_torque_actual,abs_active,esc_active,trac_active,marwis_road_condition,marwis_friction,marwis_surface_temp_c,marwis_ice_percent,marwis_water_film_height
pylon_camera_1771858102728911765.png,1771858102728911765,1771858102.7289119,42.30086533342849,-83.6973112886576,238.58363342285156,-0.015278469715379994,-0.9997172810237756,-0.012188870173509428,-0.013540968557639638,0.02238,0.022560000000000004,-0.00406,2.6601,0.2404,-10.0398,2.141646913165117,4.790735645935577,5.940000057220459,5.87999963760376,5.829999923706055,5.809999942779541,4.82333481326354,4.774613919330911,4.734013690648613,4.7177735217364605,4.762433986244881,0.005907581169649106,-4.599999904632568,23.05000114440918,0.0,0.0,0.0,0.0,0.0,,,,,
pylon_camera_1771858102767700844.png,1771858102767700844,1771858102.7677007,42.30086534703152,-83.69731234271866,238.58348083496094,-0.015254461270223618,-0.9997253044911405,-0.011589436845346458,-0.013501923013395895,0.04417000000000001,0.0037600000000000008,-0.0033200000000000005,1.8785,0.5716,-10.484,2.2367308618907833,5.003432734197969,6.049999713897705,6.049999713897705,6.109999656677246,6.089999675750732,4.912655548682299,4.912655548682299,4.961376055418759,4.9451358865066055,4.932955759822491,0.014085724365549099,-4.599999904632568,23.125,0.0,0.0,0.0,0.0,0.0,,,,,
pylon_camera_1771858102815756911.png,1771858102815756911,1771858102.8157568,42.30086536477729,-83.69731344865073,238.58457946777344,-0.015313847261819113,-0.999728116543037,-0.01098568543745767,-0.01372930409099369,0.023970000000000005,-0.016180000000000003,0.004260000000000001,2.1564,0.4924,-10.7788,2.3493658698382127,5.255390488875892,6.429999828338623,6.259999752044678,6.409999847412109,6.389999866485596,5.221219145209379,5.083177515857992,5.204978976297226,5.188738807385073,5.174528611187418,0.015386464214150235,-4.5,22.75,0.0,0.0,0.0,0.0,0.0,,,,,
pylon_camera_1771858102866489850.png,1771858102866489850,1771858102.86649,42.300865385367885,-83.69731519308621,238.5871124267578,-0.015573392028336575,-0.9997103556130872,-0.011385478959995284,-0.014389065624211897,-0.022450000000000005,-0.021940000000000005,0.013800000000000002,1.8811,1.4732,-9.5724,2.4689163230590987,5.52281767970382,6.659999847412109,6.699999809265137,6.71999979019165,6.659999847412109,5.407981281297226,5.440461619121533,5.456701788033685,5.407981281297226,5.428281492437417,0.017117383326598033,-4.5,22.80000114440918,0.0,0.0,0.0,0.0,0.0,,,,,
pylon_camera_1771858102917005739.png,1771858102917005739,1771858102.9170058,42.30086539334297,-83.69731641841304,238.58932495117188,-0.015748744006506554,-0.9996842229885873,-0.012108001680871465,-0.015389206126959319,-0.018890000000000004,-0.038930000000000006,0.004480000000000001,2.3661000000000003,0.5900000000000001,-9.331900000000001,2.5858953104653253,5.784492655792305,6.989999771118164,6.899999618530273,6.889999866485596,7.039999961853027,5.675944261945839,5.602863308243065,5.5947434173850725,5.716544877824306,5.647523966349571,0.023678600284085548,-4.400000095367432,22.67500114440918,0.0,0.0,0.0,0.0,0.0,,,,,
pylon_camera_1771858102967571485.png,1771858102967571485,1771858102.9675715,42.30086541173078,-83.69731832712745,238.5915069580078,-0.015833580318143137,-0.9996688093229302,-0.012061058071323613,-0.016312580402383918,0.009290000000000001,-0.026590000000000003,0.00585,1.9320000000000002,0.8743000000000001,-9.3442,2.680296514318397,5.995662484739396,7.21999979019165,7.259999752044678,7.299999713897705,7.369999885559082,5.862706398033686,5.895186735857992,5.927667073682299,5.98450785847292,5.917517016511725,0.013033666992859025,-4.400000095367432,23.42500114440918,0.0,0.0,0.0,0.0,0.0,,,,,
pylon_camera_1771858103017553338.png,1771858103017553338,1771858103.0175533,42.30086542647575,-83.6973196399545,238.59144592285156,-0.015782192391196714,-0.999668806642247,-0.01168172473340241,-0.016635406128064613,0.013610000000000002,0.00909,0.0036300000000000004,1.2919,1.0205,-8.9124,2.7683716709541657,6.1926813256242115,7.549999713897705,7.549999713897705,7.690000057220459,7.599999904632568,6.130669378682298,6.130669378682298,6.24435094826354,6.171269994560767,6.169239925047226,0.0037853393940988876,-4.400000095367432,23.375,0.0,0.0,0.0,0.0,0.0,,,,,
pylon_camera_1771858103068588669.png,1771858103068588669,1771858103.0685885,42.300865444408366,-83.69732168549464,238.58811950683594,-0.015762073704127355,-0.9996702896524435,-0.011817235837085154,-0.016468817684219827,-0.018430000000000005,0.011970000000000001,-0.00018,1.8725,-0.5258,-9.9106,2.8707073850299736,6.4216001778689495,7.989999771118164,7.919999599456787,7.889999866485596,7.839999675750732,6.487953481945839,6.431112697155218,6.406752637385073,6.366152021506606,6.422992709498184,0.0002168511882806365,-4.400000095367432,23.42500114440918,0.0,0.0,0.0,0.0,0.0,,,,,
pylon_camera_1771858103118311991.png,1771858103118311991,1771858103.118312,42.30086545080014,-83.69732309659474,238.58506774902344,-0.015919530607525045,-0.9996556582414298,-0.012974510678961462,-0.016333877793445268,-0.05226000000000001,-0.007930000000000001,0.0015600000000000002,1.4111,-0.5767,-9.6965,2.964961427490515,6.632440815610633,8.119999885559082,8.15999984741211,8.239999771118164,8.269999504089355,6.59351477347292,6.625995111297226,6.690955786945839,6.715315846715985,6.656445379607993,0.0036192654657182305,-4.0,23.125,0.0,0.0,0.0,0.0,0.0,,,,,
pylon_camera_1771858103169337789.png,1771858103169337789,1771858103.1693377,42.30086545197361,-83.69732527998077,238.58154296875,-0.01613581471696096,-0.999638101373938,-0.014112500200198583,-0.016252356845319407,-0.023170000000000003,-0.01157,0.0038600000000000006,1.1934,-0.3508,-10.5951,3.0639837833694217,6.8539478843703945,8.489999771118164,8.40999984741211,8.369999885559082,8.449999809265137,6.89395809194584,6.828997416297226,6.796517078472919,6.861477754121532,6.845237585209379,0.0012708440898534588,-3.700000047683716,23.625,0.0,0.0,0.0,0.0,0.0,,,,,
pylon_camera_1771858103219193651.png,1771858103219193651,1771858103.2191937,42.30086546341249,-83.69732678953096,238.5801239013672,-0.016213657925340963,-0.9996364913950099,-0.014215879021277604,-0.01618366929366019,0.029740000000000003,-0.01131,-0.011990000000000002,3.2184000000000004,-0.16590000000000002,-10.870000000000001,3.186261471180684,7.1274757353429194,8.859999656677246,8.800000190734863,8.65999984741211,8.769999504089355,7.1944014104187595,7.145681290878468,7.031999721297225,7.121320456715984,7.123350719827609,0.0005787484473437661,-3.1000001430511475,23.42500114440918,0.0,0.0,0.0,0.0,0.0,,,,,
pylon_camera_1771858103270691583.png,1771858103270691583,1771858103.2706916,42.30086548320813,-83.69732912536188,238.57861328125,-0.016267359296849693,-0.9996299541744444,-0.013969688544376163,-0.016738444989854544,0.026350000000000005,-0.021830000000000006,-0.012730000000000002,2.355,0.7618,-10.0205,3.2765336155123106,7.329409105884109,8.90999984741211,8.989999771118164,8.90999984741211,8.90999984741211,7.235002026297226,7.299962701945839,7.235002026297226,7.235002026297226,7.25124219520938,0.01066483116790082,-3.0,23.42500114440918,0.0,0.0,0.0,0.0,0.0,,,,,
pylon_camera_1771858103329026138.png,1771858103329026138,1771858103.329026,42.30086550330944,-83.69733153932262,238.57830810546875,-0.01611695531268914,-0.9996171894592525,-0.014229686290945346,-0.017413624467506862,-0.004130000000000001,-0.0051600000000000005,-0.008230000000000001,2.6557,-0.7225,-9.973600000000001,3.372131064824724,7.543254864149018,9.460000038146973,9.309999465942383,9.269999504089355,9.389999389648438,7.681607252175693,7.559805404540291,7.527325066715985,7.624766080188904,7.5983759509052184,0.007307334532494099,-3.200000047683716,23.149999618530273,0.0,0.0,0.0,0.0,0.0,,,,,
pylon_camera_1771858103371279813.png,1771858103371279813,1771858103.37128,42.30086552643951,-83.69733318538847,238.5780792236328,-0.016162468773085747,-0.999609210303962,-0.014186376548440384,-0.01785911529371882,0.010290000000000002,-0.0009000000000000002,-0.0037800000000000004,0.42050000000000004,1.0669,-8.311,3.437605782874954,7.6897178799443004,9.429999351501465,9.489999771118164,9.529999732971191,9.569999694824219,7.6572464180132105,7.705967311945839,7.738447649770146,7.770927987594452,7.718147341830911,0.003697074760149289,-3.299999952316284,22.575000762939453,0.0,0.0,0.0,0.0,0.0,,,,,
pylon_camera_1771858103421611813.png,1771858103421611813,1771858103.4216118,42.30086556473835,-83.69733573224605,238.57568359375,-0.016076719706494658,-0.9996100404299438,-0.013912381422004138,-0.018103916656167417,-0.00931,-0.017640000000000003,0.0017100000000000001,0.8685,0.28,-9.3871,3.539196034983618,7.916969178496254,9.6899995803833,9.769999504089355,9.719999313354492,9.649999618530273,7.8683690010673715,7.933329676715984,7.892729060837517,7.8358886632430655,7.882579100465985,0.004343843869403763,-3.299999952316284,22.80000114440918,0.0,0.0,0.0,0.0,0.0,,,,,
pylon_camera_1771858103472040663.png,1771858103472040663,1771858103.4720407,42.30086558440891,-83.69733747480736,238.57388305664062,-0.016118749923783204,-0.9996045250839035,-0.01377445642914176,-0.01847278221491949,-0.009930000000000001,-0.024640000000000002,0.007910000000000002,1.1075000000000002,0.5901000000000001,-9.959800000000001,3.6229326212253747,8.10428289772389,9.979999542236328,9.960000038146973,9.960000038146973,10.09000015258789,8.103851643891678,8.087611862175693,8.087611862175693,8.193173153702775,8.118062130486459,0.001700240840116722,-3.4000000953674316,22.80000114440918,0.0,0.0,0.0,0.0,0.0,,,,,
pylon_camera_1771858103522050244.png,1771858103522050244,1771858103.5220504,42.30086561080961,-83.69734015367361,238.57119750976562,-0.016168873226229286,-0.9995977868299639,-0.013796913765351327,-0.018774378119760574,-0.0017600000000000003,-0.011710000000000002,0.0016100000000000003,1.262,-0.5271,-8.6945,3.711979082570332,8.303474488964879,10.219999313354492,10.279999732971191,10.219999313354492,10.289999961853027,8.298733670837517,8.347454564770146,8.298733670837517,8.355574842824307,8.325124187317371,0.0026073059393708314,-3.4000000953674316,22.625,0.0,0.0,0.0,0.0,0.0,,,,,
pylon_camera_1771858103573340317.png,1771858103573340317,1771858103.5733404,42.300865628214666,-83.69734198155794,238.56922912597656,-0.016069074572282682,-0.9995941999133412,-0.013961581320449048,-0.01892867108463165,0.00834,-0.014620000000000001,-0.013850000000000001,1.1228,-1.0010000000000001,-10.589400000000001,3.7881370806230414,8.473835361128907,10.489999771118164,10.510000228881836,10.369999885559082,10.529999732971191,8.51797653194584,8.534217088054161,8.42053551847292,8.550456869770146,8.505796502060766,0.0037717443837144635,-3.4000000953674316,22.825000762939453,0.0,0.0,0.0,0.0,0.0,,,,,
pylon_camera_1771858103623263474.png,1771858103623263474,1771858103.6232636,42.300865654490934,-83.69734478175188,238.56707763671875,-0.01586196765136716,-0.9995985301471935,-0.013836891858707012,-0.018966205036525897,0.028040000000000006,-0.0037500000000000003,-0.01958,1.7536,-1.3129,-11.144400000000001,3.881390597549763,8.682437883282967,10.760000228881836,10.670000076293945,10.65999984741211,10.710000038146973,8.737219393054161,8.664138439351387,8.656018161297226,8.696618777175694,8.688498692719616,0.0006980538781991616,-3.299999952316284,22.5,0.0,0.0,0.0,0.0,0.0,,,,,
pylon_camera_1771858103675283517.png,1771858103675283517,1771858103.6752834,42.300865681154285,-83.69734668700764,238.5666961669922,-0.01577383411692751,-0.9995880350897299,-0.01342075347643969,-0.01987032055174821,0.01043,-0.05457000000000001,0.004520000000000001,0.8941,-0.2556,-10.8678,3.9803811796412814,8.903873875986768,10.969999313354492,10.889999389648438,10.800000190734863,11.079999923706055,8.907740585837518,8.842779910188904,8.769699730878468,8.997062095648614,8.879320580638376,0.0027575969393064774,-2.799999952316284,21.325000762939453,0.0,0.0,0.0,0.0,0.0,,,,,
pylon_camera_1771858103736320505.png,1771858103736320505,1771858103.7363205,42.30086571645061,-83.69734961849812,238.5688018798828,-0.015714116897773855,-0.9995686481464581,-0.012789777210771975,-0.021260427363630742,0.028050000000000005,-0.05585000000000001,-0.0021900000000000005,-0.252,0.3991,-9.9544,4.069240514426901,9.102646876342112,11.15999984741211,11.15999984741211,11.229999542236328,11.139999389648438,9.062022771297226,9.062022771297226,9.118863168891679,9.045782215188904,9.072172731668758,0.0033478333376368518,-1.899999976158142,17.42500114440918,0.0,0.0,0.0,0.0,0.0,,,,,
pylon_camera_1771858103777656893.png,1771858103777656893,1771858103.7776568,42.30086574714006,-83.69735160838029,238.57000732421875,-0.015606374789572497,-0.9995742099019366,-0.011814936384831186,-0.021639021305710337,0.04181,-0.031990000000000005,-0.0035000000000000005,2.5156,-1.199,-8.5708,4.143236642521159,9.268171775121282,11.449999809265137,11.25,11.34999942779541,11.5,9.297505414121533,9.135103725,9.216304182364599,9.33810603,9.246754837871533,0.0023108049537059966,-1.5,6.125,0.0,0.0,0.0,0.0,0.0,,,,,
pylon_camera_1771858103825215461.png,1771858103825215461,1771858103.8252156,42.300865797406736,-83.69735464099554,238.56817626953125,-0.015606669429508224,-0.9995690572362586,-0.01192848688540559,-0.021813823272414785,0.00079,-0.00544,-0.018690000000000002,2.1242,0.301,-8.6243,4.207527967295589,9.411987611162196,11.649999618530273,11.619999885559082,11.5,11.710000038146973,9.459907103243065,9.435547043472921,9.33810603,9.508627997175694,9.43554704347292,0.0025031303996599454,-1.399999976158142,0.0,0.0,0.0,0.0,0.0,0.0,,,,,
pylon_camera_1771858103876587676.png,1771858103876587676,1771858103.8765879,42.30086583380418,-83.69735669408223,238.56492614746094,-0.015476104234790677,-0.9995754180763445,-0.01153585975313625,-0.021826536944078212,0.03968,3e-05,-0.018020000000000005,0.542,-0.0804,-9.3759,4.265395387275015,9.541433557610974,11.880000114440918,11.800000190734863,11.800000190734863,11.899999618530273,9.64666962652708,9.581708950878468,9.581708950878468,9.662909408243065,9.61824923413177,0.00805074793603971,-1.5,0.0,0.0,0.0,0.0,0.0,0.0,,,,,
pylon_camera_1771858103926151525.png,1771858103926151525,1771858103.9261515,42.30086587911893,-83.69735981994548,238.5591278076172,-0.015478727057550434,-0.9995824199019063,-0.011066901644537372,-0.021746689856549723,0.0008600000000000002,0.007070000000000001,0.00192,0.8085,0.3098,-10.360100000000001,4.330063634641699,9.686092546875404,11.989999771118164,12.079999923706055,11.920000076293945,11.9399995803833,9.73599036194584,9.809071315648612,9.679149964351387,9.695389746067372,9.729900347003303,0.004522752587371362,-1.600000023841858,0.0,0.0,0.0,0.0,0.0,0.0,,,,,
pylon_camera_1771858103977296162.png,1771858103977296162,1771858103.977296,42.30086590321575,-83.69736193287623,238.55560302734375,-0.015595433430276306,-0.9995678308252821,-0.011077978900415779,-0.0223206724550095,-0.00693,-0.04354,0.007060000000000001,1.1779,1.2702,-10.372,4.392858299763302,9.82656044507252,12.139999389648438,12.059999465942383,11.989999771118164,12.279999732971191,9.857791435188904,9.79283075954029,9.73599036194584,9.971473004770145,9.839521390361295,0.0013189706979591313,-1.399999976158142,0.0,0.0,0.0,0.0,0.0,0.0,,,,,
pylon_camera_1771858104027174777.png,1771858104027174777,1771858104.0271747,42.300865938489125,-83.6973651413775,238.55247497558594,-0.015645507357310406,-0.9995466389710104,-0.01090390569462954,-0.023298915465995648,0.004720000000000001,-0.040330000000000005,-0.00321,-0.4117,0.8360000000000001,-9.3298,4.424366759060568,9.897042978012948,12.25999927520752,12.219999313354492,12.139999389648438,12.109999656677246,9.955232448661823,9.922752110837518,9.857791435188904,9.833431375418758,9.89230184252675,0.00047904566007546704,-1.2000000476837158,0.0,0.0,0.0,0.0,0.0,0.0,,,,,
pylon_camera_1771858104078512865.png,1771858104078512865,1771858104.078513,42.30086597504638,-83.69736729172848,238.54989624023438,-0.015778770144933396,-0.9995308477917573,-0.010558889615598472,-0.024033821491597274,0.020010000000000003,-0.024790000000000003,-0.006300000000000001,-1.4963,0.0748,-10.3931,4.428445638441116,9.906167186454471,12.279999732971191,12.269999504089355,12.369999885559082,12.369999885559082,9.971473004770145,9.963352726715986,10.04455395847292,10.04455395847292,10.005983412107991,0.010076170104418044,-1.3000000715255737,2.200000047683716,0.0,0.0,0.0,0.0,0.0,,,,,
pylon_camera_1771858104128350020.png,1771858104128350020,1771858104.12835,42.300866020174254,-83.69737051998025,238.54702758789062,-0.015857551384616364,-0.9995278254521897,-0.010653901546834797,-0.024065714049901772,-0.018890000000000004,0.01251,-0.0048200000000000005,-1.4089,-0.0005,-9.3427,4.443723474320521,9.940342788646547,12.369999885559082,12.239999771118164,12.389999389648438,12.479999542236328,10.04455395847292,9.93899266694584,10.060793740188904,10.133874693891677,10.044553764874836,0.010483640096125757,-1.3000000715255737,4.025000095367432,0.0,0.0,0.0,0.0,0.0,,,,,
pylon_camera_1771858104179489991.png,1771858104179489991,1771858104.17949,42.30086604254715,-83.69737267923847,238.54391479492188,-0.015894486114209183,-0.9995299603618761,-0.011601626488267527,-0.023507996787865644,-0.04531000000000001,0.020980000000000002,-0.0032300000000000002,-0.2474,1.0031,-9.2123,4.455916686844539,9.967618273470023,12.449999809265137,12.279999732971191,12.40999984741211,12.469999313354492,10.109514634121533,9.971473004770145,10.077034296297228,10.125754415837518,10.070944087756606,0.01036614880824606,-1.3000000715255737,5.400000095367432,0.0,0.0,0.0,0.0,0.0,,,,,
pylon_camera_1771858104229256529.png,1771858104229256529,1771858104.2292564,42.3008660783821,-83.69737592202996,238.5388641357422,-0.015974659012572,-0.9995335421921838,-0.012211088448491149,-0.022986901076074668,-0.01711,0.0035700000000000007,-0.0007000000000000001,0.5771000000000001,0.9918,-9.370700000000001,4.475913745619971,10.012350494127139,12.40999984741211,12.380000114440918,12.479999542236328,12.489999771118164,10.077034296297228,10.05267423652708,10.133874693891677,10.14199497194584,10.101394549665457,0.008893421738536633,-1.5,8.574999809265137,0.0,0.0,0.0,0.0,0.0,,,,,
pylon_camera_1771858104281005580.png,1771858104281005580,1771858104.2810056,42.300866110485764,-83.69737917870236,238.5342559814453,-0.01604586488214249,-0.9995326762402365,-0.012300410314953616,-0.022927260069585485,0.0020000000000000005,-0.0091,0.00135,0.0095,0.49100000000000005,-10.4708,4.490775478579291,10.04559529905316,12.4399995803833,12.4399995803833,12.529999732971191,12.5,10.101394356067372,10.101394356067372,10.174475309770145,10.15011525,10.131844817976223,0.008585804659201491,-1.600000023841858,9.90000057220459,0.0,0.0,0.0,0.0,0.0,,,,,
pylon_camera_1771858104330449047.png,1771858104330449047,1771858104.330449,42.30086613510489,-83.6973813608238,238.53170776367188,-0.016130590313796378,-0.9995258592368312,-0.012238946553580887,-0.023196313505837292,0.009330000000000001,-0.036180000000000004,-0.00543,0.6229,-0.2716,-9.3863,4.51450595957199,10.098678961204968,12.309999465942383,12.309999465942383,12.609999656677246,12.539999961853027,9.99583306454029,9.99583306454029,10.23943598541876,10.182595587824308,10.103424425580913,0.00046990942024948264,-1.5,12.050000190734863,0.0,0.0,0.0,0.0,0.0,,,,,
pylon_camera_1771858104381769696.png,1771858104381769696,1771858104.3817697,42.30086618409619,-83.69738464056535,238.52664184570312,-0.016217969064335258,-0.9995210067343374,-0.012274197709286437,-0.02332549349527187,0.0017400000000000002,-0.025820000000000003,-0.0028300000000000005,0.1784,0.1252,-9.6843,4.524510791108423,10.121059169062075,12.420000076293945,12.50999927520752,12.569999694824219,12.59000015258789,10.085154574351387,10.158234753661825,10.206955647594452,10.223196203702775,10.16838529482761,0.004676005245597294,-1.5,12.074999809265137,0.0,0.0,0.0,0.0,0.0,,,,,
pylon_camera_1771858104431774092.png,1771858104431774092,1771858104.4317741,42.30086622699481,-83.69738683191122,238.52244567871094,-0.01623362849593013,-0.99952388834908,-0.012314481659396158,-0.023169364834893846,0.013600000000000001,-0.037630000000000004,-0.007240000000000001,0.4783,1.0616,-10.4771,4.53881001921723,10.153045684387791,12.6899995803833,12.639999389648438,12.449999809265137,12.59000015258789,10.304396661067372,10.263796045188904,10.109514634121533,10.223196203702775,10.225225886020146,0.007109216670160886,-1.5,12.125,0.0,0.0,0.0,0.0,0.0,,,,,
pylon_camera_1771858104482510463.png,1771858104482510463,1771858104.4825103,42.30086628944939,-83.69739013111776,238.5171356201172,-0.016203857816261713,-0.9995266822868434,-0.01229168360158079,-0.023081613954928446,-0.024930000000000004,-0.02959,0.013570000000000002,-0.28850000000000003,1.7473,-9.4312,4.553376627141459,10.185630312317816,12.5,12.899999618530273,12.579999923706055,12.859999656677246,10.15011525,10.474918628243065,10.215075925648613,10.442438290418758,10.320637023577609,0.01325462510616795,-1.399999976158142,12.199999809265137,0.0,0.0,0.0,0.0,0.0,,,,,
pylon_camera_1771858104532223090.png,1771858104532223090,1771858104.532223,42.30086632372998,-83.69739234364096,238.51316833496094,-0.01622921923772125,-0.9995429315730238,-0.011607921125611601,-0.022711154802890175,0.0036600000000000005,0.052980000000000006,0.00436,-0.0091,-1.3246,-9.5663,4.566032572359194,10.213940902413176,12.799999237060547,12.889999389648438,12.679999351501465,12.90999984741211,10.39371739648613,10.466798350188904,10.29627638301321,10.483038906297226,10.409957758996367,0.019191109333409086,-1.3000000715255737,11.625,0.0,0.0,0.0,0.0,0.0,,,,,
pylon_camera_1771858104583582903.png,1771858104583582903,1771858104.5835829,42.30086639040608,-83.69739567716069,238.5077362060547,-0.016260075639536964,-0.9995519524331491,-0.010893832625462962,-0.02264572228931087,0.020670000000000004,0.022310000000000003,-0.006110000000000001,-0.6704,-2.6009,-10.616800000000001,4.58748315951113,10.261924578836828,12.880000114440918,13.119999885559082,12.859999656677246,12.889999389648438,10.458678846527082,10.65356087347292,10.442438290418758,10.466798350188904,10.505369090151916,0.023723085220987105,-1.399999976158142,11.449999809265137,0.0,0.0,0.0,0.0,0.0,,,,,
pylon_camera_1771858104634803588.png,1771858104634803588,1771858104.6348038,42.30086643769558,-83.69739791354735,238.5038604736328,-0.016353719541148948,-0.9995579563826986,-0.010373085969094208,-0.02255763233786686,0.012500000000000002,0.030030000000000005,0.00135,-1.0983,-1.4084,-9.9985,4.62111847750186,10.337164767063012,12.899999618530273,13.029999732971191,13.039999961853027,12.960000038146973,10.474918628243065,10.580479919770147,10.588600197824306,10.523639522175694,10.541909567003303,0.01980666890332092,-1.5,6.450000286102295,0.0,0.0,0.0,0.0,0.0,,,,,
pylon_camera_1771858104694951792.png,1771858104694951792,1771858104.6949518,42.30086650312815,-83.69740129220378,238.49746704101562,-0.016411645535298836,-0.9995567352462686,-0.010221498232515572,-0.022638725417461796,-0.016530000000000003,-0.0019700000000000004,0.006270000000000001,-0.7882,-0.3141,-10.1806,4.671371875299196,10.449578602731785,12.84000015258789,12.769999504089355,13.029999732971191,12.819999694824219,10.426198508702774,10.369357336715984,10.580479919770147,10.409957952594452,10.446498429445839,0.0002947653109323466,-1.600000023841858,0.0,0.0,0.0,0.0,0.0,0.0,,,,,
pylon_camera_1771858104743973238.png,1771858104743973238,1771858104.743973,42.30086655432724,-83.69740469346982,238.4917449951172,-0.0164142358727149,-0.9995486678490717,-0.010558799991421355,-0.022837364221869404,-0.028920000000000005,-0.03363000000000001,0.005580000000000001,-0.3165,0.2389,-10.5249,4.691426218994203,10.494438966316894,13.09999942779541,13.019999504089355,13.079999923706055,13.119999885559082,10.637320317364598,10.572359641715984,10.621080535648614,10.65356087347292,10.62108034205053,0.012067474606322985,-1.7000000476837158,0.0,0.0,0.0,0.0,0.0,0.0,,,,,
pylon_camera_1771858104787592329.png,1771858104787592329,1771858104.7875924,42.300866584596825,-83.6974069689413,238.48939514160156,-0.016512688120939367,-0.9995269847635397,-0.011282950026361573,-0.02336306699107531,-0.014460000000000002,-0.025590000000000005,-0.007390000000000002,-0.4016,-0.5066,-10.5906,4.717468232910482,10.552693388926775,13.079999923706055,13.119999885559082,13.119999885559082,13.079999923706055,10.621080535648614,10.65356087347292,10.65356087347292,10.621080535648614,10.637320704560768,0.008019499147278805,-1.600000023841858,0.0,0.0,0.0,0.0,0.0,0.0,,,,,
pylon_camera_1771858104835152422.png,1771858104835152422,1771858104.8351524,42.30086660853766,-83.69740925939675,238.4885711669922,-0.016618387999213557,-0.9994981855529064,-0.011642918457157982,-0.02432383001411723,0.029030000000000004,-0.05007000000000001,-0.008360000000000001,-0.5419,0.47900000000000004,-10.139800000000001,4.736083510797983,10.594334648644441,13.34000015258789,12.889999389648438,13.219999313354492,13.079999923706055,10.832203118702774,10.466798350188904,10.734761330837516,10.621080535648614,10.663710833844453,0.006548423048812098,-1.7000000476837158,0.0,0.0,0.0,0.0,0.0,0.0,,,,,
pylon_camera_1771858104886110565.png,1771858104886110565,1771858104.8861105,42.30086664460225,-83.69741269768838,238.4876251220703,-0.01682591350827134,-0.9994789546435183,-0.011484900885770487,-0.025036072195053376,0.01759,-0.023670000000000004,0.00017,-0.9678,1.4574,-9.9724,4.741011360822428,10.605357953478123,13.149999618530273,13.09000015258789,13.25,13.139999389648438,10.677920933243065,10.629200813702774,10.759122165,10.669800655188904,10.684011141783685,0.007416363375058672,-1.600000023841858,0.0,0.0,0.0,0.0,0.0,0.0,,,,,
pylon_camera_1771858104935890051.png,1771858104935890051,1771858104.9358902,42.30086666630491,-83.69741499488858,238.48638916015625,-0.01694367946081221,-0.9994595245317359,-0.011859411156560392,-0.025552395506980057,-0.021040000000000003,-0.04256000000000001,0.0026300000000000004,-0.9962000000000001,1.8659000000000001,-10.063500000000001,4.747456082261502,10.619774408654045,13.119999885559082,13.199999809265137,13.219999313354492,13.239999771118164,10.65356087347292,10.718521549121533,10.734761330837516,10.751001886945838,10.71446141009445,0.008916102903583826,-1.600000023841858,0.0,0.0,0.0,0.0,0.0,0.0,,,,,
pylon_camera_1771858104986479812.png,1771858104986479812,1771858104.9864798,42.30086670973141,-83.69741844418029,238.4834442138672,-0.01691918795539299,-0.999444820431519,-0.012438381186369238,-0.025866554950382977,-0.027390000000000005,-0.025880000000000004,0.0029000000000000007,-0.11120000000000001,0.7657,-9.372,4.755129156590947,10.636938615544553,13.15999984741211,13.34999942779541,13.34999942779541,13.149999618530273,10.686041211297226,10.840322622364598,10.840322622364598,10.677920933243065,10.761151847317372,0.011677535827018573,-1.8000000715255737,0.0,0.0,0.0,0.0,0.0,0.0,,,,,
pylon_camera_1771858105036958337.png,1771858105036958337,1771858105.0369585,42.300866742442196,-83.69742074225539,238.48052978515625,-0.0169245597351122,-0.9994254687534017,-0.012871360061390398,-0.026393555557858567,-0.010540000000000002,-0.016280000000000003,0.012670000000000002,-0.2349,1.6234000000000002,-9.5088,4.755911966929157,10.63868971530251,13.199999809265137,13.199999809265137,13.25999927520752,13.219999313354492,10.718521549121533,10.718521549121533,10.767241668661823,10.734761330837516,10.734761524435601,0.009030417438991889,-2.1000001430511475,0.0,0.0,0.0,0.0,0.0,0.0,,,,,
pylon_camera_1771858105088180536.png,1771858105088180536,1771858105.0881805,42.300866793879585,-83.69742419459138,238.47564697265625,-0.016873835963712835,-0.9994130738218714,-0.012705505878317327,-0.02696945780257123,-0.003980000000000001,-0.00058,0.00033000000000000005,-0.49460000000000004,0.5255000000000001,-8.2894,4.755038102583928,10.636734933194093,13.059999465942383,13.229999542236328,13.239999771118164,13.049999237060547,10.60483997954029,10.742881608891679,10.751001886945838,10.59671970148613,10.673860794215985,0.003490343724372866,-2.299999952316284,0.0,0.0,0.0,0.0,0.0,0.0,,,,,
pylon_camera_1771858105146802421.png,1771858105146802421,1771858105.1468024,42.300866846810706,-83.69742764001725,238.46852111816406,-0.016897110008056215,-0.9994066907727444,-0.012538682652106819,-0.02726784827223527,0.0014000000000000002,-0.012740000000000001,8e-05,-0.5618000000000001,0.2323,-10.9482,4.757138481552208,10.641433354923397,13.219999313354492,13.1899995803833,13.1899995803833,13.00999927520752,10.734761330837516,10.710401271067372,10.710401271067372,10.564239363661825,10.679950809158523,0.0036195738816806986,-2.4000000953674316,0.0,0.0,0.0,0.0,0.0,0.0,,,,,
pylon_camera_1771858105188577073.png,1771858105188577073,1771858105.188577,42.30086687641714,-83.69742993771871,238.4633331298828,-0.01699215954522998,-0.9994040169239322,-0.012896060216234174,-0.027139806579951867,-0.011230000000000002,0.013790000000000002,0.009330000000000001,-0.23190000000000002,1.1786,-9.3114,4.756230750809277,10.639402815715306,13.269999504089355,13.289999961853027,13.229999542236328,12.9399995803833,10.775361946715984,10.791602502824306,10.742881608891679,10.507398966067372,10.704311256124836,0.006100759745054003,-2.5,0.0,0.0,0.0,0.0,0.0,0.0,,,,,
pylon_camera_1771858105238476334.png,1771858105238476334,1771858105.2384763,42.300866900333,-83.69743223131186,238.4585723876953,-0.01708930473575826,-0.999402004036068,-0.013614917907471092,-0.02679970154147284,-0.026220000000000004,-0.019050000000000004,0.010180000000000002,0.8134,2.5565,-9.7066,4.764514938768267,10.657934047128288,13.1899995803833,13.199999809265137,13.219999313354492,13.25,10.710401271067372,10.718521549121533,10.734761330837516,10.759122165,10.730701579006606,0.006827545709754587,-2.5,0.0,0.0,0.0,0.0,0.0,0.0,,,,,
pylon_camera_1771858105289546115.png,1771858105289546115,1771858105.2895463,42.30086694372358,-83.69743567747227,238.4518280029297,-0.017094393095882066,-0.9993993666203743,-0.013692692428078433,-0.026855127956277484,-0.01898,-0.017020000000000004,0.012790000000000001,-0.47900000000000004,2.8841,-9.8582,4.756655173771725,10.640352224416924,13.309999465942383,13.25,13.420000076293945,12.989999771118164,10.80784228454029,10.759122165,10.897163794351389,10.54799958194584,10.75303195645938,0.010589849815674665,-2.6000001430511475,0.0,0.0,0.0,0.0,0.0,0.0,,,,,
pylon_camera_1771858105339235702.png,1771858105339235702,1771858105.3392355,42.30086697872164,-83.6974379732056,238.44790649414062,-0.01726075130910515,-0.9993836807238426,-0.013605318256349122,-0.02737189219351863,-0.024330000000000004,-0.006910000000000001,0.021530000000000004,-0.9833000000000001,1.1835,-8.6959,4.775867655247668,10.68332939272972,13.199999809265137,13.210000038146973,13.269999504089355,12.979999542236328,10.718521549121533,10.726641827175694,10.775361946715984,10.539879303891679,10.690101156726223,0.0006338626983749355,-2.5,0.0,0.0,0.0,0.0,0.0,0.0,,,,,
pylon_camera_1771858105390424246.png,1771858105390424246,1771858105.3904243,42.30086702577527,-83.69744143691186,238.44186401367188,-0.017385085800095956,-0.9993568624158861,-0.01405306457432828,-0.028038040410641854,-0.0024000000000000002,-0.013300000000000001,-0.0011300000000000001,0.8916000000000001,-0.6784,-8.494,4.789584014309924,10.714012064970444,13.239999771118164,13.219999313354492,13.269999504089355,13.139999389648438,10.751001886945838,10.734761330837516,10.775361946715984,10.669800655188904,10.73273145492206,0.001747187686377535,-2.5,0.0,0.0,0.0,0.0,0.0,0.0,,,,,
pylon_camera_1771858105440617969.png,1771858105440617969,1771858105.440618,42.30086707256096,-83.69744488930317,238.43496704101562,-0.017452740155884994,-0.9993367864912893,-0.014486777778741338,-0.02848723040072534,0.01683,-0.00817,-0.00557,-0.3889,0.39530000000000004,-11.0858,4.766711151507973,10.662846843254247,13.229999542236328,13.279999732971191,13.039999961853027,13.359999656677246,10.742881608891679,10.783482224770147,10.588600197824306,10.848442900418759,10.740851732976223,0.007315578181761575,-2.4000000953674316,0.0,0.0,0.0,0.0,0.0,0.0,,,,,
pylon_camera_1771858105491399272.png,1771858105491399272,1771858105.491399,42.300867114396894,-83.69744719024962,238.43035888671875,-0.017390026383227453,-0.9993472791959971,-0.01394628729015146,-0.028427163361282832,0.031060000000000004,-0.0009700000000000002,-0.024230000000000005,-0.3184,-0.8646,-9.5889,4.761478959925847,10.651142744616525,13.309999465942383,13.34999942779541,13.149999618530273,13.269999504089355,10.80784228454029,10.840322622364598,10.677920933243065,10.775361946715984,10.775361946715984,0.011662523456672659,-2.200000047683716,2.0250000953674316,0.0,0.0,0.0,0.0,0.0,,,,,
pylon_camera_1771858105541700628.png,1771858105541700628,1771858105.5417006,42.3008671814754,-83.69745063216487,238.42478942871094,-0.017331385448723646,-0.9993616209942469,-0.013314733563034125,-0.02826112935331071,0.006660000000000001,0.007630000000000001,-0.005270000000000001,-1.4009,-0.4854,-9.101700000000001,4.751805300676521,10.629503349295337,13.309999465942383,13.289999961853027,13.269999504089355,13.279999732971191,10.80784228454029,10.791602502824306,10.775361946715984,10.783482224770147,10.789572239712681,0.015058924688890158,-2.0,2.0,0.0,0.0,0.0,0.0,0.0,,,,,
pylon_camera_1771858105592695613.png,1771858105592695613,1771858105.5926955,42.30086722575258,-83.69745292801164,238.42111206054688,-0.01736281087607139,-0.9993761717615308,-0.01329167365230026,-0.027733220607607804,0.00033000000000000005,0.04009,0.004320000000000001,-1.2655,0.2906,-9.576600000000001,4.743576628599197,10.611096303578687,13.25,12.84999942779541,13.34000015258789,13.119999885559082,10.759122165,10.434318012364598,10.832203118702774,10.65356087347292,10.669801042385073,0.0055323914821682274,-1.7000000476837158,2.5250000953674316,0.0,0.0,0.0,0.0,0.0,,,,,
pylon_camera_1771858105642656571.png,1771858105642656571,1771858105.6426566,42.30086727477605,-83.69745635709029,238.41458129882812,-0.01750729774458054,-0.9993922999781073,-0.014245607519896418,-0.026562905272961925,-0.03567000000000001,0.05612,0.00949,1.8018,1.6306,-8.6217,4.755746807391788,10.638320263326987,13.239999771118164,13.359999656677246,13.420000076293945,13.199999809265137,10.751001886945838,10.848442900418759,10.897163794351389,10.718521549121533,10.80378253270938,0.015553420585840444,-1.399999976158142,3.924999952316284,0.0,0.0,0.0,0.0,0.0,,,,,
pylon_camera_1771858105702279934.png,1771858105702279934,1771858105.70228,42.30086731630932,-83.69745980044685,238.40660095214844,-0.017492534109866176,-0.999401003585362,-0.015039577026376604,-0.02579644172853917,0.004810000000000001,-0.006490000000000001,-0.013970000000000002,1.0818,-0.1628,-9.0919,4.77188170773988,10.674413067311647,13.229999542236328,13.239999771118164,13.25,13.299999237060547,10.742881608891679,10.751001886945838,10.759122165,10.799722006486132,10.763181916830913,0.008316040325542883,-1.5,6.075000286102295,0.0,0.0,0.0,0.0,0.0,,,,,
pylon_camera_1771858105752058817.png,1771858105752058817,1771858105.752059,42.30086734509934,-83.69746210322656,238.40164184570312,-0.01750077530419919,-0.9993992162381271,-0.015083615156146427,-0.025834356972658155,0.011430000000000003,-0.018220000000000004,-0.01088,1.0230000000000001,-0.6397,-9.065100000000001,4.779631919231567,10.69174982540586,13.199999809265137,13.229999542236328,13.289999961853027,13.269999504089355,10.718521549121533,10.742881608891679,10.791602502824306,10.775361946715984,10.757091901888375,0.006111448317584769,-1.600000023841858,7.550000190734863,0.0,0.0,0.0,0.0,0.0,,,,,
pylon_camera_1771858105795842955.png,1771858105795842955,1771858105.7958431,42.30086737426926,-83.69746441369833,238.3966522216797,-0.01750815568892644,-0.9993799365847594,-0.015295796941692637,-0.026443249273358838,-0.00623,-0.013090000000000001,-0.009200000000000002,-0.458,-0.4174,-10.132100000000001,4.784760156399023,10.703221384255231,13.25,13.269999504089355,13.229999542236328,13.170000076293945,10.759122165,10.775361946715984,10.742881608891679,10.694161489351387,10.742881802489762,0.003705465561319019,-1.399999976158142,7.400000095367432,0.0,0.0,0.0,0.0,0.0,,,,,
pylon_camera_1771858105846390089.png,1771858105846390089,1771858105.84639,42.3008674145213,-83.6974678795064,238.3900146484375,-0.01761740094201103,-0.9993446374607938,-0.015949953940780363,-0.027304243840287512,-0.028230000000000005,-0.028660000000000005,0.00205,-1.3503,0.3195,-9.3435,4.7928349494850435,10.721284211901073,13.25,13.269999504089355,13.219999313354492,13.449999809265137,10.759122165,10.775361946715984,10.734761330837516,10.921523854121533,10.797692324168757,0.007126768655462715,-1.2000000476837158,7.5,0.0,0.0,0.0,0.0,0.0,,,,,
pylon_camera_1771858105896066191.png,1771858105896066191,1771858105.8960662,42.30086744559056,-83.69747019467209,238.38528442382812,-0.017634625809263393,-0.9993321673995872,-0.016333433151461435,-0.027521957315877404,-0.017130000000000003,0.013260000000000003,0.0035600000000000002,-1.1494,0.2449,-9.8442,4.790825278559242,10.716788698620313,13.369999885559082,13.359999656677246,13.269999504089355,13.40999984741211,10.85656317847292,10.848442900418759,10.775361946715984,10.889043516297226,10.842352885476222,0.011716586972744403,-1.0,7.625,0.0,0.0,0.0,0.0,0.0,,,,,
pylon_camera_1771858105947023976.png,1771858105947023976,1771858105.9470239,42.30086750609361,-83.69747366047741,238.37596130371094,-0.01754123152648157,-0.9993528258834377,-0.015958866975048128,-0.027047165474309815,0.010640000000000002,0.030430000000000006,-0.0032000000000000006,0.0204,0.1048,-8.9556,4.7984935821026635,10.733942233548733,13.460000038146973,13.529999732971191,13.40999984741211,13.4399995803833,10.929644132175694,10.986484529770147,10.889043516297226,10.91340357606737,10.929643938577609,0.018232043807466552,-0.9000000357627869,7.575000286102295,0.0,0.0,0.0,0.0,0.0,,,,,
pylon_camera_1771858105996203558.png,1771858105996203558,1771858105.9962034,42.30086755032262,-83.69747596856008,238.36911010742188,-0.017422486339978116,-0.9993853577701546,-0.015341778614383766,-0.02626772683923564,0.016550000000000002,0.028800000000000006,-0.004540000000000001,-0.3062,0.2753,-10.3815,4.806405231749883,10.751640119110585,13.5,13.429999351501465,13.4399995803833,13.460000038146973,10.962124470000001,10.905283298013211,10.91340357606737,10.929644132175694,10.92761386906407,0.016367154034545774,-0.9000000357627869,6.925000190734863,0.0,0.0,0.0,0.0,0.0,,,,,
pylon_camera_1771858106046354166.png,1771858106046354166,1771858106.0463543,42.30086761585246,-83.69747945069616,238.3600311279297,-0.017327191923313334,-0.9994058760312812,-0.01499428825953953,-0.02574557619844339,0.010650000000000001,0.020070000000000005,-0.00384,-0.1761,0.0363,-10.6485,4.828381080586604,10.800798774407399,13.460000038146973,13.5,13.429999351501465,13.469999313354492,10.929644132175694,10.962124470000001,10.905283298013211,10.937763635837516,10.933703884006604,0.012305118572723095,-0.9000000357627869,6.849999904632568,0.0,0.0,0.0,0.0,0.0,,,,,
pylon_camera_1771858106097290183.png,1771858106097290183,1771858106.0972903,42.30086765663066,-83.69748178755255,238.3553466796875,-0.017259706910648265,-0.9994103307000604,-0.014754025973410113,-0.025756787938914404,0.014990000000000002,-0.005700000000000001,-0.005710000000000001,-0.1948,-0.2924,-10.624600000000001,4.85176850322858,10.853115035612142,13.469999313354492,13.469999313354492,13.489999771118164,13.460000038146973,10.937763635837516,10.937763635837516,10.954004191945838,10.929644132175694,10.93979389894914,0.007986542393827152,-0.9000000357627869,6.900000095367432,0.0,0.0,0.0,0.0,0.0,,,,,
pylon_camera_1771858106147171264.png,1771858106147171264,1771858106.1471713,42.30086771324179,-83.69748530004391,238.35035705566406,-0.017252863777710015,-0.9994098521031773,-0.01436308426408307,-0.02599976963352057,0.019490000000000004,-0.020170000000000004,-0.00502,-0.3909,-0.15560000000000002,-10.529900000000001,4.864456319156939,10.881496918574923,13.609999656677246,13.50999927520752,13.519999504089355,13.519999504089355,11.051445205418759,10.970243973661823,10.978364251715986,10.978364251715986,10.99460442062814,0.01039447999660226,-0.9000000357627869,7.075000286102295,0.0,0.0,0.0,0.0,0.0,,,,,
pylon_camera_1771858106198414925.png,1771858106198414925,1771858106.1984148,42.30086774927211,-83.69748765143633,238.348388671875,-0.017284515896264452,-0.9994022593148071,-0.014056028451974971,-0.0264347810819071,0.011460000000000001,-0.02363,-0.0008700000000000001,-0.3613,-0.048600000000000004,-10.5288,4.874470623401344,10.903898316311404,13.529999732971191,13.559999465942383,13.59999942779541,13.569999694824219,10.986484529770147,11.01084458954029,11.043324927364598,11.018964867594454,11.014904728567371,0.010180433550990712,-0.9000000357627869,6.775000095367432,0.0,0.0,0.0,0.0,0.0,,,,,
pylon_camera_1771858106248301808.png,1771858106248301808,1771858106.2483017,42.30086779358227,-83.6974911896429,238.348876953125,-0.017312370565374824,-0.9993716620978856,-0.014466674153463054,-0.027336388935886153,-0.03713,-0.06338,0.0008900000000000001,0.5663,0.0888,-10.6478,4.891561836744604,10.942130335087475,13.489999771118164,13.5,13.649999618530273,13.50999927520752,10.954004191945838,10.962124470000001,11.083925543243065,10.970243973661823,10.992574544712681,0.0046100903645289485,-0.9000000357627869,6.950000286102295,0.0,0.0,0.0,0.0,0.0,,,,,
pylon_camera_1771858106299231970.png,1771858106299231970,1771858106.299232,42.3008678152863,-83.69749354687428,238.34979248046875,-0.017445487025128048,-0.9993401673783098,-0.01503085756900216,-0.028088399162078195,-0.05063000000000001,-0.04594000000000001,0.009120000000000001,-0.5735,-0.48410000000000003,-7.4747,4.8955188605871545,10.95098196000183,13.59999942779541,13.579999923706055,13.649999618530273,13.699999809265137,11.043324927364598,11.027085145648613,11.083925543243065,11.124526159121533,11.069715443844451,0.010842268234601483,-1.0,4.575000286102295,0.0,0.0,0.0,0.0,0.0,,,,,
pylon_camera_1771858106349206423.png,1771858106349206423,1771858106.3492064,42.30086784856609,-83.69749708660208,238.3446807861328,-0.017517634906341784,-0.9993377612277597,-0.015356044355909957,-0.027952877370968944,0.0016300000000000002,0.009390000000000003,0.0027800000000000004,-1.0547,0.45890000000000003,-7.7456000000000005,4.895611856665351,10.951189986648991,13.739999771118164,13.719999313354492,13.719999313354492,13.739999771118164,11.157006496945838,11.140765940837518,11.140765940837518,11.157006496945838,11.148886218891679,0.018052488586510394,-1.100000023841858,0.0,0.0,0.0,0.0,0.0,0.0,,,,,
pylon_camera_1771858106400618629.png,1771858106400618629,1771858106.4006188,42.300867888027184,-83.69750063137016,238.33428955078125,-0.017428119346999116,-0.9993653579619559,-0.015331556441984123,-0.027020091388900054,0.019960000000000002,0.04435,-0.007060000000000001,0.3674,0.542,-9.155700000000001,4.913536170795166,10.99128560189854,13.75,13.699999809265137,13.75999927520752,13.719999313354492,11.165126775000001,11.124526159121533,11.173246278661823,11.140765940837518,11.150916288405218,0.014523386279681949,-1.100000023841858,0.0,0.0,0.0,0.0,0.0,0.0,,,,,
pylon_camera_1771858106450787795.png,1771858106450787795,1771858106.4507878,42.30086792161562,-83.69750300564537,238.325927734375,-0.017330548666230572,-0.9993908826889526,-0.015282367791466252,-0.02615272291387642,0.0027,0.03311000000000001,-0.008690000000000002,0.6436000000000001,0.2538,-9.452200000000001,4.9298022119504585,11.027671760000459,13.799999237060547,13.90999984741211,13.789999961853027,13.75999927520752,11.20572661648613,11.295048126297226,11.197607112824306,11.173246278661823,11.217907033567371,0.017250719617619877,-1.100000023841858,0.0,0.0,0.0,0.0,0.0,0.0,,,,,
pylon_camera_1771858106510459573.png,1771858106510459573,1771858106.5104597,42.30086797400115,-83.69750657313709,238.31394958496094,-0.017235957179408734,-0.999405782117618,-0.015264602219339504,-0.025651439902413416,0.007440000000000001,0.012340000000000002,-0.006450000000000001,0.0287,0.2926,-10.730400000000001,4.945509679443677,11.062808422334738,13.84999942779541,13.859999656677246,13.699999809265137,13.809999465942383,11.246327232364598,11.254447510418759,11.124526159121533,11.213846894540291,11.209786949111296,0.013285824102297741,-1.100000023841858,0.0,0.0,0.0,0.0,0.0,0.0,,,,,
pylon_camera_1771858106560407740.png,1771858106560407740,1771858106.5604079,42.300868033629236,-83.6975101539204,238.30435180664062,-0.017202595047145275,-0.9994119842742961,-0.014852413458996277,-0.02567415484492315,0.024700000000000003,-0.003650000000000001,-0.004810000000000001,-0.3247,0.3795,-10.6204,4.9541368438625675,11.082106871509932,13.799999237060547,13.799999237060547,13.769999504089355,13.779999732971191,11.20572661648613,11.20572661648613,11.181366556715986,11.189486834770145,11.195576656114598,0.010239008333007145,-1.0,0.0,0.0,0.0,0.0,0.0,0.0,,,,,
pylon_camera_1771858106611174813.png,1771858106611174813,1771858106.6111748,42.30086807537307,-83.69751254817811,238.29954528808594,-0.017186243565185944,-0.9994162386884915,-0.014120791243842298,-0.025931026445443844,0.028260000000000004,-0.00987,-0.0009300000000000002,-0.7751,0.5119,-10.5135,4.959646068660029,11.094430676828367,13.880000114440918,13.789999961853027,13.84999942779541,13.809999465942383,11.27068806652708,11.197607112824306,11.246327232364598,11.213846894540291,11.232117326564069,0.012410429498042835,-1.0,0.0,0.0,0.0,0.0,0.0,0.0,,,,,
pylon_camera_1771858106661223914.png,1771858106661223914,1771858106.661224,42.30086813472523,-83.69751613862259,238.29437255859375,-0.01724832139088389,-0.9994158804694488,-0.013600091268573894,-0.026180733224257572,0.011920000000000002,-0.009800000000000001,0.0036100000000000004,-0.7589,0.5924,-9.8514,4.961158995133741,11.097815002574471,13.84000015258789,13.799999237060547,13.899999618530273,13.869999885559082,11.238207728702776,11.20572661648613,11.286927848243065,11.26256778847292,11.248357495476224,0.013565056983453958,-1.0,0.0,0.0,0.0,0.0,0.0,0.0,,,,,
pylon_camera_1771858106703569979.png,1771858106703569979,1771858106.70357,42.30086817177314,-83.69751852665476,238.29168701171875,-0.01723143813170136,-0.9994144544556818,-0.013459633414522795,-0.02631851122902566,-0.0049900000000000005,-0.012440000000000003,-0.0004700000000000001,-0.5696,-0.06960000000000001,-9.9372,4.958915517795991,11.092796478378565,13.84999942779541,13.859999656677246,13.989999771118164,13.920000076293945,11.246327232364598,11.254447510418759,11.36000880194584,11.303168404351387,11.290987987270146,0.017866685761149973,-1.0,0.0,0.0,0.0,0.0,0.0,0.0,,,,,
pylon_camera_1771858106762351112.png,1771858106762351112,1771858106.762351,42.30086822831729,-83.69752212502303,238.28846740722656,-0.017211305311720104,-0.999409592983754,-0.013129843186558656,-0.026680398036950867,0.00525,-0.012230000000000001,0.00034,-0.18030000000000002,-0.1495,-10.014800000000001,4.966531638099038,11.109833282529264,13.859999656677246,13.829999923706055,13.84000015258789,13.880000114440918,11.254447510418759,11.230087450648613,11.238207728702776,11.27068806652708,11.248357689074306,0.012468630538576816,-1.0,0.0,0.0,0.0,0.0,0.0,0.0,,,,,
pylon_camera_1771858106824323555.png,1771858106824323555,1771858106.8243237,42.30086829018675,-83.69752572551414,238.28585815429688,-0.01718615280924446,-0.9994018421423079,-0.012668372946752996,-0.02720489663757099,0.005190000000000001,-0.00999,0.0018700000000000004,-0.35550000000000004,0.3808,-9.017900000000001,4.966492402090693,11.109745513932756,13.829999923706055,13.829999923706055,13.869999885559082,13.880000114440918,11.230087450648613,11.230087450648613,11.26256778847292,11.27068806652708,11.248357689074306,0.01247662918720466,-1.0,2.049999952316284,0.0,0.0,0.0,0.0,0.0,,,,,
pylon_camera_1771858106875071033.png,1771858106875071033,1771858106.875071,42.300868328699394,-83.6975281260535,238.28289794921875,-0.017125271528294683,-0.9994023572629932,-0.012173072741161977,-0.027449402038894403,0.013840000000000002,-0.004050000000000001,-0.0016600000000000002,-0.6407,0.3985,-9.2002,4.960808353851627,11.09703063906486,13.90999984741211,13.9399995803833,13.90999984741211,13.90999984741211,11.295048126297226,11.319408186067372,11.295048126297226,11.295048126297226,11.301138141239763,0.01839298356592652,-0.9000000357627869,4.0,0.0,0.0,0.0,0.0,0.0,,,,,
pylon_camera_1771858106916773560.png,1771858106916773560,1771858106.9167736,42.30086836913539,-83.69753052565339,238.2792510986328,-0.0170704979194769,-0.999410133512733,-0.01197118841569714,-0.02728871159945646,0.008190000000000001,0.014570000000000001,-0.0017300000000000002,-0.7167,0.0212,-9.608,4.957340918188663,11.08927419353295,13.869999885559082,13.829999923706055,13.889999389648438,13.869999885559082,11.26256778847292,11.230087450648613,11.278807570188903,11.26256778847292,11.25850764944584,0.015261003827606999,-0.800000011920929,5.974999904632568,0.0,0.0,0.0,0.0,0.0,,,,,
pylon_camera_1771858106966579736.png,1771858106966579736,1771858106.9665797,42.30086842824941,-83.69753411756898,238.2724151611328,-0.016996587414085662,-0.9994231519661084,-0.011794290172960459,-0.026932769068926495,0.007500000000000001,0.022340000000000006,-0.004980000000000001,-0.6927,0.049800000000000004,-9.732700000000001,4.954757413299624,11.08349504810646,14.0,13.84000015258789,13.880000114440918,13.929999351501465,11.368129080000001,11.238207728702776,11.27068806652708,11.311287908013211,11.297078195810768,0.01927037877287603,-0.699999988079071,7.950000286102295,0.0,0.0,0.0,0.0,0.0,,,,,
pylon_camera_1771858107014964696.png,1771858107014964696,1771858107.0149648,42.300868469215956,-83.69753650608735,238.2674102783203,-0.016879134349737368,-0.9994396011003943,-0.011610350248166172,-0.026472218324183273,0.007050000000000001,0.01649,-0.007970000000000001,-0.5782,0.30310000000000004,-9.5359,4.949515947384695,11.071770203342721,13.899999618530273,13.989999771118164,13.949999809265137,13.929999351501465,11.286927848243065,11.36000880194584,11.327528464121533,11.311287908013211,11.321438255580913,0.022549966956757643,-0.5,8.699999809265137,0.0,0.0,0.0,0.0,0.0,,,,,
pylon_camera_1771858107064757320.png,1771858107064757320,1771858107.0647573,42.30086853090385,-83.69754009372791,238.25820922851562,-0.01674790887873634,-0.9994640784443423,-0.011404999771419459,-0.025709714658181792,0.006560000000000001,0.03785,-0.00321,-0.3599,0.0785,-9.0599,4.950795296401946,11.074632030333369,14.069999694824219,13.989999771118164,13.989999771118164,13.979999542236328,11.424969477594452,11.36000880194584,11.36000880194584,11.351888523891677,11.374218901344452,0.027051632071432824,-0.4000000059604645,8.77500057220459,0.0,0.0,0.0,0.0,0.0,,,,,
pylon_camera_1771858107115820826.png,1771858107115820826,1771858107.115821,42.30086856721947,-83.69754249425525,238.2518310546875,-0.016605066450088024,-0.9994853440587922,-0.011508453616981582,-0.024917348880083276,-0.006440000000000001,0.032510000000000004,-0.006410000000000002,1.6131,0.2973,-10.8558,4.9929597838365725,11.168951458855384,13.539999961853027,13.539999961853027,13.949999809265137,13.979999542236328,10.994604807824306,10.994604807824306,11.327528464121533,11.351888523891677,11.167156650915455,0.00016069618948030815,-0.4000000059604645,8.449999809265137,0.0,0.0,0.0,0.0,0.0,,,,,
pylon_camera_1771858107165808642.png,1771858107165808642,1771858107.1658087,42.30086861984828,-83.69754610136563,238.24302673339844,-0.01647709760893301,-0.9994932212668404,-0.011592774435217059,-0.024645759816138573,-0.024030000000000003,0.04972000000000001,-0.00812,1.4215,-0.7394000000000001,-8.4887,4.975978954826285,11.130966363209112,13.969999313354492,14.170000076293945,13.869999885559082,13.989999771118164,11.343768245837518,11.506170709351387,11.26256778847292,11.36000880194584,11.368128886401916,0.021306552859299915,-0.6000000238418579,8.425000190734863,0.0,0.0,0.0,0.0,0.0,,,,,
pylon_camera_1771858107216321423.png,1771858107216321423,1771858107.2163215,42.30086865226769,-83.69754850742474,238.23744201660156,-0.016355892238455794,-0.9995013583162227,-0.012426555976161513,-0.02398124725032973,-0.03892,0.05526000000000001,-0.0028000000000000004,0.23770000000000002,0.3961,-9.886000000000001,4.973177829761625,11.124700414506972,13.90999984741211,14.049999237060547,14.0,14.069999694824219,11.295048126297226,11.40872892148613,11.368129080000001,11.424969477594452,11.374218901344452,0.022429232027866605,-0.699999988079071,8.52500057220459,0.0,0.0,0.0,0.0,0.0,,,,,
pylon_camera_1771858107266422384.png,1771858107266422384,1771858107.2664223,42.30086869676072,-83.69755212347614,238.23013305664062,-0.016191180648923498,-0.9995171799438374,-0.012901532060929793,-0.02316901242593707,-0.004790000000000001,0.03912000000000001,-0.007740000000000001,0.5304,0.739,-10.994200000000001,5.002217284197845,11.189659931713528,14.059999465942383,14.019999504089355,14.059999465942383,14.019999504089355,11.416849199540291,11.384368861715986,11.416849199540291,11.384368861715986,11.40060903062814,0.018852145659649846,-0.6000000238418579,8.52500057220459,0.0,0.0,0.0,0.0,0.0,,,,,
pylon_camera_1771858107317334435.png,1771858107317334435,1771858107.3173344,42.30086872845733,-83.6975545491463,238.22726440429688,-0.016161115785819025,-0.9995164858206587,-0.012893280182453986,-0.023224474922275282,0.020130000000000002,-0.0035300000000000006,-0.00423,-0.0448,0.9123,-9.8728,5.038582477363883,11.271006686914367,13.989999771118164,13.989999771118164,14.079999923706055,14.09000015258789,11.36000880194584,11.36000880194584,11.433089755648613,11.441210033702776,11.398579348310767,0.01131865723622642,-0.5,8.100000381469727,0.0,0.0,0.0,0.0,0.0,,,,,
pylon_camera_1771858107367422473.png,1771858107367422473,1771858107.3674226,42.30086877806879,-83.69755821634523,238.22349548339844,-0.016070303827942778,-0.999506663717515,-0.012744937642766662,-0.023785312351154168,0.0061600000000000005,-0.03151,-0.006270000000000001,-0.8436,1.2804,-9.721400000000001,5.059986352930934,11.318885872325323,14.059999465942383,14.039999961853027,14.139999389648438,14.069999694824219,11.416849199540291,11.400609417824308,11.481809875188905,11.424969477594452,11.43105949253699,0.009910305791308641,-0.5,7.375,0.0,0.0,0.0,0.0,0.0,,,,,
pylon_camera_1771858107418374662.png,1771858107418374662,1771858107.4183745,42.30086881119446,-83.6975606701059,238.22048950195312,-0.015928350261751545,-0.9995007306620226,-0.012793902492987574,-0.024101724482325948,0.007220000000000001,-0.016560000000000002,-0.009020000000000002,-0.8932,1.6135000000000002,-8.898,5.065297816409469,11.330767297438998,14.1899995803833,14.130000114440918,14.139999389648438,14.179999351501465,11.522410491067372,11.47369037152708,11.481809875188905,11.51429021301321,11.498050237699143,0.014763602134689949,-0.4000000059604645,7.400000095367432,0.0,0.0,0.0,0.0,0.0,,,,,
pylon_camera_1771858107468538628.png,1771858107468538628,1771858107.4685385,42.30086887483751,-83.69756434349166,238.21456909179688,-0.015716794938585188,-0.9995238198336056,-0.012130489326242855,-0.02362132872642828,0.03778000000000001,0.022570000000000003,-0.007210000000000001,-0.38880000000000003,0.9426,-9.1615,5.0663965752410025,11.333225155019608,14.210000038146973,14.369999885559082,14.25,14.210000038146973,11.538651047175694,11.66857239847292,11.571131385000001,11.538651047175694,11.579251469456079,0.021708411424924575,-0.4000000059604645,7.5,0.0,0.0,0.0,0.0,0.0,,,,,
pylon_camera_1771858107519432164.png,1771858107519432164,1771858107.5194323,42.300868919688895,-83.6975667952052,238.20985412597656,-0.015517082763534584,-0.9995603050893926,-0.011029532681524436,-0.02273248866571536,0.04340000000000001,0.036770000000000004,-0.00572,-0.32120000000000004,0.7332000000000001,-9.365400000000001,5.07343563697368,11.348971113771904,14.069999694824219,14.269999504089355,14.359999656677246,14.289999961853027,11.424969477594452,11.587371166715984,11.66045212041876,11.603611722824308,11.569101121888377,0.01939647267665927,-0.30000001192092896,7.400000095367432,0.0,0.0,0.0,0.0,0.0,,,,,
pylon_camera_1771858107569477269.png,1771858107569477269,1771858107.5694773,42.300868988725036,-83.69757048273279,238.20303344726562,-0.015400197818625894,-0.9995918017867036,-0.010124850860473992,-0.021830050458294302,0.023670000000000004,0.03642,-0.0012100000000000001,0.17,0.2273,-10.080400000000001,5.089251377627665,11.38434997667043,14.299999237060547,14.359999656677246,14.399999618530273,14.289999961853027,11.61173122648613,11.66045212041876,11.692932458243066,11.603611722824308,11.642181881993064,0.022647925077057582,-0.4000000059604645,7.275000095367432,0.0,0.0,0.0,0.0,0.0,,,,,
pylon_camera_1771858107620579362.png,1771858107620579362,1771858107.6205792,42.30086904758229,-83.6975741895593,238.19801330566406,-0.015345385741960371,-0.9996035712473956,-0.009906652931898668,-0.021426098888276582,-0.00020000000000000004,-0.007260000000000001,-0.003,0.3536,0.018000000000000002,-10.6918,5.11667310179646,11.445690728332574,14.289999961853027,14.269999504089355,14.40999984741211,14.239999771118164,11.603611722824308,11.587371166715984,11.701052736297227,11.56301110694584,11.61376168319584,0.014684212499925796,-0.6000000238418579,6.875,0.0,0.0,0.0,0.0,0.0,,,,,
pylon_camera_1771858107670438586.png,1771858107670438586,1771858107.6704388,42.30086908015917,-83.69757667471934,238.1964111328125,-0.015362733502712167,-0.999593308165935,-0.010214464447622652,-0.021745560587277186,-0.014530000000000003,-0.028400000000000005,0.0021300000000000004,-0.017400000000000002,0.33590000000000003,-10.2103,5.1436163339983905,11.50596112217436,14.34999942779541,14.329999923706055,14.380000114440918,14.34000015258789,11.652331842364598,11.636092060648613,11.67669267652708,11.644212338702776,11.652332229560766,0.012721328173473356,-1.0,7.025000095367432,0.0,0.0,0.0,0.0,0.0,,,,,
pylon_camera_1771858107721168191.png,1771858107721168191,1771858107.721168,42.3008691112327,-83.69758042234402,238.1923065185547,-0.015357691221626779,-0.999576959907674,-0.010792120721283865,-0.02221649550245737,-0.034850000000000006,-0.05993000000000001,-0.0033700000000000006,1.3564,-0.9517,-7.1711,5.183638814424771,11.59548900953935,14.399999618530273,14.399999618530273,14.239999771118164,14.139999389648438,11.692932458243066,11.692932458243066,11.56301110694584,11.481809875188905,11.60767147465522,0.0010506210739235024,-1.8000000715255737,7.0,0.0,0.0,0.0,0.0,0.0,,,,,
pylon_camera_1771858107762772903.png,1771858107762772903,1771858107.762773,42.30086912344447,-83.69758293272281,238.19024658203125,-0.015426408789773693,-0.9995435444176486,-0.01202209502155727,-0.023026027797854683,-0.05974000000000001,-0.052660000000000005,0.014050000000000002,-0.881,2.8333,-12.0967,5.166215600290234,11.556514324913236,14.359999656677246,14.34000015258789,14.289999961853027,14.109999656677246,11.66045212041876,11.644212338702776,11.603611722824308,11.457449815418759,11.591431499341152,0.003021427867107144,-2.6000001430511475,7.075000286102295,0.0,0.0,0.0,0.0,0.0,,,,,
pylon_camera_1771858107813316204.png,1771858107813316204,1771858107.813316,42.30086912185483,-83.69758544538993,238.18836975097656,-0.015587725508447003,-0.9995002434634086,-0.01341259979058375,-0.024008088156236628,-0.06614,-0.03932000000000001,0.015940000000000003,-1.564,2.0474,-10.035300000000001,5.180276607223237,11.587967953761948,14.4399995803833,14.369999885559082,14.429999351501465,14.469999313354492,11.725412796067372,11.66857239847292,11.71729251801321,11.749772855837517,11.715262642097755,0.010985074246298875,-3.0,7.175000190734863,0.0,0.0,0.0,0.0,0.0,,,,,
pylon_camera_1771858107872232576.png,1771858107872232576,1771858107.8722324,42.30086913430493,-83.6975892176919,238.18592834472656,-0.015684052808715543,-0.9994733444845055,-0.014082119874965148,-0.024672617458987117,-0.016360000000000003,-0.008830000000000003,0.00013000000000000002,-0.23850000000000002,0.6414000000000001,-8.0805,5.190999390118512,11.611954175731706,14.519999504089355,14.4399995803833,14.50999927520752,14.519999504089355,11.790373471715984,11.725412796067372,11.782253193661825,11.790373471715984,11.772103233290292,0.013791740402600625,-2.4000000953674316,7.050000190734863,0.0,0.0,0.0,0.0,0.0,,,,,
pylon_camera_1771858107922999319.png,1771858107922999319,1771858107.9229994,42.30086916425139,-83.69759299369235,238.18002319335938,-0.01575243408116822,-0.9994755138334768,-0.014086707001957695,-0.02453818969824201,-0.009640000000000001,0.021400000000000002,0.007820000000000002,-1.3081,1.3395000000000001,-8.0698,5.185374522778346,11.599371684983796,14.59999942779541,14.589999198913574,14.6899995803833,14.589999198913574,11.855334147364598,11.847213869310437,11.928415101067372,11.847213869310437,11.869544246763212,0.02329199969763654,-1.399999976158142,6.700000286102295,0.0,0.0,0.0,0.0,0.0,,,,,
pylon_camera_1771858107976081463.png,1771858107976081463,1771858107.9760814,42.30086919283062,-83.6975955112892,238.1751251220703,-0.01571953054173625,-0.9994900178341743,-0.014205269041077238,-0.023891650023806364,-0.01124,0.0037300000000000002,-0.0021900000000000005,-0.0587,0.4486,-10.5267,5.211862225284525,11.658623086227967,14.619999885559082,14.739999771118164,14.5,14.65999984741211,11.87157470347292,11.96901571694584,11.77413369,11.904055041297227,11.879694787928997,0.01896207640181595,-0.800000011920929,7.075000286102295,0.0,0.0,0.0,0.0,0.0,,,,,
pylon_camera_1771858108016974717.png,1771858108016974717,1771858108.0169747,42.30086923268157,-83.69759803888326,238.17074584960938,-0.015572929697897697,-0.9994991798426174,-0.013838235381078073,-0.02381966826170466,0.032580000000000005,-0.015380000000000001,-0.01391,0.27890000000000004,0.3413,-11.008600000000001,5.2303185287869205,11.699908729784616,14.50999927520752,14.619999885559082,14.539999961853027,14.59999942779541,11.782253193661825,11.87157470347292,11.806614027824308,11.855334147364598,11.828944018080914,0.01102874315316768,-0.9000000357627869,7.125,0.0,0.0,0.0,0.0,0.0,,,,,
pylon_camera_1771858108065178261.png,1771858108065178261,1771858108.0651784,42.30086930124918,-83.69760184733073,238.16693115234375,-0.015352744323208045,-0.99951078622287,-0.012537897458548972,-0.024192614435090364,0.06674000000000001,-0.006640000000000001,-0.00973,-0.3326,0.5634,-10.5677,5.24133445628945,11.724550698652124,14.609999656677246,14.65999984741211,14.639999389648438,14.639999389648438,11.863454425418759,11.904055041297227,11.887814485188905,11.887814485188905,11.885784609273449,0.013751819985721154,-0.800000011920929,7.224999904632568,0.0,0.0,0.0,0.0,0.0,,,,,
pylon_camera_1771858108116154631.png,1771858108116154631,1771858108.1161547,42.30086935223971,-83.69760439303981,238.1657257080078,-0.015194134794649705,-0.9995147307670117,-0.010999606205229606,-0.024868653178650512,0.05652000000000001,-0.030890000000000004,-0.009880000000000002,-0.1761,-0.2006,-10.7202,5.250334707515629,11.744683720630011,14.649999618530273,14.630000114440918,14.679999351501465,14.59999942779541,11.895934763243066,11.879694981527082,11.92029482301321,11.855334147364598,11.887814678786988,0.012186872082860926,-0.800000011920929,7.224999904632568,0.0,0.0,0.0,0.0,0.0,,,,,
pylon_camera_1771858108165949865.png,1771858108165949865,1771858108.16595,42.30086942112591,-83.69760821872174,238.16586303710938,-0.015154022724292449,-0.9995056958835447,-0.010307899396897035,-0.025543427758349533,0.0134,-0.02832,-0.0022400000000000007,-0.6647000000000001,-0.096,-9.4799,5.255522331830541,11.75628812496501,14.630000114440918,14.5,14.729999542236328,14.769999504089355,11.879694981527082,11.77413369,11.96089543889168,11.993375776715984,11.902024971783687,0.012396501792874404,-0.9000000357627869,7.075000286102295,0.0,0.0,0.0,0.0,0.0,,,,,
pylon_camera_1771858108217324993.png,1771858108217324993,1771858108.217325,42.30086945681805,-83.69761077285987,238.16575622558594,-0.015172372950583934,-0.9994982401235708,-0.010327564824955327,-0.025814888992968514,-0.005930000000000001,-0.0026400000000000004,0.0012500000000000002,-0.5822,-0.0274,-8.7674,5.261548781032128,11.769768930242009,14.739999771118164,14.699999809265137,14.819999694824219,14.789999961853027,11.96901571694584,11.936535379121532,12.033976392594452,12.009616332824306,11.987285955371533,0.01848099367274933,-1.2000000476837158,7.0,0.0,0.0,0.0,0.0,0.0,,,,,
pylon_camera_1771858108267271500.png,1771858108267271500,1771858108.2672715,42.300869498108426,-83.69761460804845,238.16241455078125,-0.015213386459025646,-0.9994987515045171,-0.010516776812249228,-0.02569427988564168,-0.010030000000000002,0.015480000000000002,0.0026600000000000005,-0.19940000000000002,-0.29560000000000003,-8.1842,5.273109808244469,11.795630254454384,14.869999885559082,14.75999927520752,14.84999942779541,14.84999942779541,12.07457700847292,11.985255498661825,12.058336452364598,12.058336452364598,12.044126352965986,0.021066792799626984,-2.1000001430511475,6.950000286102295,0.0,0.0,0.0,0.0,0.0,,,,,
pylon_camera_1771858108318282077.png,1771858108318282077,1771858108.318282,42.300869515127324,-83.69761717268536,238.15725708007812,-0.015279110983792754,-0.9995027902197778,-0.010988078007456055,-0.025297890270250572,-0.023020000000000002,0.01969,0.005390000000000001,-0.3835,0.1124,-8.7835,5.284537720437539,11.82119380835555,14.899999618530273,14.809999465942383,14.84999942779541,14.809999465942383,12.098937068243064,12.025856114540291,12.058336452364598,12.025856114540291,12.052246437422061,0.01954562566288326,-2.9000000953674316,7.099999904632568,0.0,0.0,0.0,0.0,0.0,,,,,
pylon_camera_1771858108368055261.png,1771858108368055261,1771858108.3680553,42.30086953387113,-83.69762102830809,238.14691162109375,-0.015375501999108643,-0.9995062808464492,-0.011772011357494182,-0.02474284210379792,-0.03517000000000001,0.021430000000000005,0.0036900000000000006,-0.27890000000000004,0.443,-9.607000000000001,5.299219323279833,11.85403567301759,14.960000038146973,14.859999656677246,14.859999656677246,14.880000114440918,12.147657962175694,12.066456730418759,12.066456730418759,12.082697286527083,12.090817177385073,0.019974758883715072,-3.1000001430511475,6.974999904632568,0.0,0.0,0.0,0.0,0.0,,,,,
pylon_camera_1771858108419115883.png,1771858108419115883,1771858108.4191158,42.30086954624823,-83.69762360260302,238.139404296875,-0.01547803359883887,-0.9995080897364379,-0.012606902207376466,-0.024188324540236932,-0.024990000000000005,0.03157,0.0022800000000000003,-0.7336,1.2348000000000001,-10.239700000000001,5.305958479271322,11.869110760621192,14.949999809265137,14.960000038146973,14.880000114440918,14.969999313354492,12.139537684121532,12.147657962175694,12.082697286527083,12.155777465837517,12.131417599665458,0.022099957135334497,-2.6000001430511475,7.300000190734863,0.0,0.0,0.0,0.0,0.0,,,,,
pylon_camera_1771858108469003259.png,1771858108469003259,1771858108.4690032,42.30086957445459,-83.69762747558751,238.12973022460938,-0.015460950018145514,-0.9995167073410702,-0.012909953340303341,-0.02367791957400465,-0.00442,0.026900000000000004,-0.0018000000000000004,0.013800000000000002,0.8018000000000001,-10.584200000000001,5.3253474064329405,11.912482627346103,14.969999313354492,14.969999313354492,14.829999923706055,14.929999351501465,12.155777465837517,12.155777465837517,12.042096670648615,12.123297128013212,12.119237182584216,0.01735612648563205,-1.8000000715255737,7.349999904632568,0.0,0.0,0.0,0.0,0.0,,,,,
pylon_camera_1771858108520155739.png,1771858108520155739,1771858108.5201557,42.300869619975074,-83.69763136017737,238.12271118164062,-0.01539846292107705,-0.9995262798927806,-0.012664907996727244,-0.023445751188675545,0.018030000000000004,0.010380000000000002,-0.0033300000000000005,-0.33,1.1021,-10.4284,5.335462298533074,11.935109034080575,15.079999923706055,14.960000038146973,14.960000038146973,14.960000038146973,12.245098975648615,12.147657962175694,12.147657962175694,12.147657962175694,12.172018215543924,0.01984977102319355,-1.2000000476837158,7.275000095367432,0.0,0.0,0.0,0.0,0.0,,,,,
pylon_camera_1771858108569571617.png,1771858108569571617,1771858108.5695715,42.300869654407435,-83.69763395579847,238.11904907226562,-0.015320091043179995,-0.9995393150871864,-0.012212894062283815,-0.023179681276722285,0.02261,0.0013800000000000002,-0.004260000000000001,-0.109,0.7301000000000001,-10.2583,5.3450713010553965,11.95660379618286,15.069999694824219,15.029999732971191,15.019999504089355,15.00999927520752,12.236978697594452,12.204498359770147,12.196378081715984,12.188257803661823,12.206528235685603,0.020902627850103373,-1.100000023841858,7.025000095367432,0.0,0.0,0.0,0.0,0.0,,,,,
pylon_camera_1771858108621539616.png,1771858108621539616,1771858108.6215396,42.30086971137205,-83.69763785555998,238.1154022216797,-0.015191344773438697,-0.9995518792493994,-0.01161622095030886,-0.023028832879729132,0.03223,0.0010400000000000001,-0.007570000000000001,-0.3839,0.5788,-10.2843,5.353842465263958,11.97622436424756,15.0,15.039999961853027,15.029999732971191,15.069999694824219,12.180138300000001,12.212618637824306,12.204498359770147,12.236978697594452,12.208558498797228,0.019399614392934285,-1.0,7.075000286102295,0.0,0.0,0.0,0.0,0.0,,,,,
pylon_camera_1771858108671328013.png,1771858108671328013,1771858108.671328,42.300869753811554,-83.69764045671569,238.11358642578125,-0.0150985839916154,-0.9995713101457869,-0.01051367509246269,-0.022774795958100606,0.04417000000000001,0.017620000000000004,-0.00689,-0.517,0.0059,-10.1356,5.355272062744857,11.979422288036481,15.130000114440918,15.039999961853027,15.059999465942383,15.059999465942383,12.28569959152708,12.212618637824306,12.228858419540291,12.228858419540291,12.239008767107993,0.0216693654192952,-0.800000011920929,7.275000095367432,0.0,0.0,0.0,0.0,0.0,,,,,
pylon_camera_1771858108731337460.png,1771858108731337460,1771858108.7313375,42.300869809438765,-83.69764436264833,238.1107177734375,-0.015030114074607526,-0.9995901046139591,-0.009958058661380612,-0.02223860374338008,0.00483,0.027970000000000002,-0.0025900000000000003,-0.1888,-0.20020000000000002,-9.7077,5.362980597484483,11.99666581773694,15.059999465942383,15.109999656677246,15.09999942779541,15.059999465942383,12.228858419540291,12.269459035418759,12.261338757364596,12.228858419540291,12.247128657965984,0.020877704191671134,-0.800000011920929,7.275000095367432,0.0,0.0,0.0,0.0,0.0,,,,,
pylon_camera_1771858108781139333.png,1771858108781139333,1771858108.7811394,42.300869848184966,-83.69764828201691,238.1077423095703,-0.014968404573635963,-0.9995966631350621,-0.010353533847837937,-0.02180051032959485,-0.00783,0.018090000000000002,-0.0041800000000000006,0.23090000000000002,0.256,-9.170300000000001,5.381189216526138,12.03739740601598,15.119999885559082,15.130000114440918,15.139999389648438,15.1899995803833,12.27757931347292,12.28569959152708,12.293819095188905,12.33441971106737,12.297879427814069,0.021639397040086602,-0.9000000357627869,4.825000286102295,0.0,0.0,0.0,0.0,0.0,,,,,
pylon_camera_1771858108832199653.png,1771858108832199653,1771858108.8321996,42.30086987183265,-83.69765090260204,238.10516357421875,-0.014926206459311198,-0.999597412864734,-0.01040236573745721,-0.021771801531538317,0.005190000000000001,-0.008480000000000001,-0.0019900000000000004,0.1952,0.3373,-8.8984,5.409386584046353,12.10047322531665,15.039999961853027,15.00999927520752,15.179999351501465,15.219999313354492,12.212618637824306,12.188257803661823,12.326299433013212,12.358779770837517,12.271488911334213,0.014132975036031134,-0.9000000357627869,0.0,0.0,0.0,0.0,0.0,0.0,,,,,
pylon_camera_1771858108873384756.png,1771858108873384756,1771858108.8733847,42.30086989182333,-83.69765354010393,238.10206604003906,-0.014937544507078238,-0.9995946535982732,-0.010118370899606401,-0.022023097697313417,0.020120000000000002,-0.013830000000000002,-0.0023100000000000004,0.4637,0.5918,-9.4417,5.432729641629056,12.1526902445457,15.089999198913574,14.989999771118164,15.299999237060547,15.179999351501465,12.253218479310437,12.172018021945838,12.42374044648613,12.326299433013212,12.293819095188905,0.011612971926651767,-0.9000000357627869,0.0,0.0,0.0,0.0,0.0,0.0,,,,,
pylon_camera_1771858108925732383.png,1771858108925732383,1771858108.9257324,42.30086993115041,-83.69765751517164,238.09518432617188,-0.014915503450519174,-0.999573458444043,-0.009566618418556508,-0.023214408092091944,-0.00461,-0.04687,-0.00256,0.2223,-0.078,-9.2051,5.464925881559049,12.2247113014947,15.09999942779541,15.089999198913574,15.170000076293945,15.079999923706055,12.261338757364596,12.253218479310437,12.318179929351386,12.245098975648615,12.269459035418759,0.003660432775912447,-0.9000000357627869,0.0,0.0,0.0,0.0,0.0,0.0,,,,,
pylon_camera_1771858108986239944.png,1771858108986239944,1771858108.98624,42.3008699685157,-83.69766149344004,238.0875244140625,-0.014899253852374672,-0.9995399402512335,-0.010026433703273566,-0.024441577371296673,-0.024280000000000003,-0.04025000000000001,-0.0023000000000000004,-0.5659000000000001,0.0951,-10.0637,5.458453848850281,12.210233752647149,15.229999542236328,15.269999504089355,15.079999923706055,15.130000114440918,12.36690004889168,12.399380386715984,12.245098975648615,12.28569959152708,12.32426975069584,0.009339378783307019,-0.9000000357627869,0.0,0.0,0.0,0.0,0.0,0.0,,,,,
pylon_camera_1771858109027232637.png,1771858109027232637,1771858109.0272324,42.30086999644112,-83.6976641412228,238.08238220214844,-0.01484452295185168,-0.9995303469236176,-0.010204147457803282,-0.024791149463946272,0.007570000000000001,-0.00918,-0.0062900000000000005,-0.2079,0.5640000000000001,-10.2459,5.451576176576003,12.194848812429925,15.269999504089355,15.25,15.089999198913574,15.15999984741211,12.399380386715984,12.383140605000001,12.253218479310437,12.310059651297227,12.33644978058091,0.01161153945645107,-0.800000011920929,0.0,0.0,0.0,0.0,0.0,0.0,,,,,
pylon_camera_1771858109075235622.png,1771858109075235622,1771858109.0752356,42.30087002594646,-83.69766678594596,238.0777130126953,-0.014757077292045173,-0.9995361630618982,-0.009493356641897592,-0.024891034148162086,0.03386,-0.0048400000000000006,-0.010730000000000002,-0.2078,-0.309,-10.8975,5.439098631673728,12.16693729313623,15.269999504089355,15.25,15.15999984741211,15.1899995803833,12.399380386715984,12.383140605000001,12.310059651297227,12.33441971106737,12.356750088520144,0.015600704664681136,-0.800000011920929,0.0,0.0,0.0,0.0,0.0,0.0,,,,,
pylon_camera_1771858109126385485.png,1771858109126385485,1771858109.1263855,42.30087007018883,-83.69767074691293,238.07383728027344,-0.014717069408961503,-0.9995494943083144,-0.00883759613222804,-0.024619366169917067,0.013410000000000002,0.018540000000000004,-0.0016500000000000002,-0.7158,-0.1208,-10.9929,5.425379292397556,12.13624795433579,15.229999542236328,15.380000114440918,15.219999313354492,15.219999313354492,12.36690004889168,12.48870189652708,12.358779770837517,12.358779770837517,12.393290371773448,0.02117972691434894,-0.699999988079071,0.0,0.0,0.0,0.0,0.0,0.0,,,,,
pylon_camera_1771858109176420871.png,1771858109176420871,1771858109.176421,42.300870095176336,-83.6976733894678,238.07342529296875,-0.014646906779445856,-0.9995560320954723,-0.0086674669277021,-0.024455711815575955,0.010280000000000003,-0.010410000000000003,-0.00436,-0.34940000000000004,0.08410000000000001,-11.543000000000001,5.433369160191239,12.15412080919819,15.170000076293945,15.149999618530273,15.210000038146973,15.229999542236328,12.318179929351386,12.301939373243066,12.350660267175694,12.36690004889168,12.334419904665456,0.014834400471880798,-0.699999988079071,0.0,0.0,0.0,0.0,0.0,0.0,,,,,
pylon_camera_1771858109236794185.png,1771858109236794185,1771858109.236794,42.30087013702511,-83.69767735667182,238.07618713378906,-0.01454174280917081,-0.9995417806109791,-0.008370546336893667,-0.025193262653478665,0.0061600000000000005,-0.028710000000000003,-0.006310000000000001,-0.5606,-1.0016,-10.139100000000001,5.436488414165071,12.161098393182414,15.139999389648438,15.289999961853027,15.229999542236328,15.229999542236328,12.293819095188905,12.415620942824306,12.36690004889168,12.36690004889168,12.360810033949143,0.016422171280078515,-0.699999988079071,2.924999952316284,0.0,0.0,0.0,0.0,0.0,,,,,
pylon_camera_1771858109277471445.png,1771858109277471445,1771858109.2774715,42.30087016219647,-83.69768000130925,238.07907104492188,-0.014539943514683129,-0.9995252768783385,-0.008354662011298065,-0.02584589999492431,0.0028300000000000005,-0.028910000000000005,-0.005790000000000001,-0.45230000000000004,-0.684,-9.203800000000001,5.436306794354568,12.160692120563509,15.139999389648438,15.00999927520752,15.34999942779541,15.210000038146973,12.293819095188905,12.188257803661823,12.464341062364598,12.350660267175694,12.324269557097754,0.01345132620022826,-0.699999988079071,5.575000286102295,0.0,0.0,0.0,0.0,0.0,,,,,
pylon_camera_1771858109328387731.png,1771858109328387731,1771858109.3283877,42.30087018316959,-83.6976839659745,238.0812530517578,-0.014711718641538918,-0.9995044551240961,-0.008889136316195576,-0.02637030104583414,-0.030940000000000006,-0.010570000000000001,0.007770000000000002,-0.7183,-0.25930000000000003,-7.6543,5.420188636250258,12.124636767973653,15.079999923706055,15.149999618530273,15.299999237060547,15.299999237060547,12.245098975648615,12.301939373243066,12.42374044648613,12.42374044648613,12.348629810465985,0.018474206426042625,-0.800000011920929,6.099999904632568,0.0,0.0,0.0,0.0,0.0,,,,,
pylon_camera_1771858109378374071.png,1771858109378374071,1771858109.378374,42.30087019499564,-83.69768660098664,238.07948303222656,-0.014762083107439539,-0.9995091713026971,-0.009640491133462737,-0.025895140757108814,-0.012140000000000001,0.030480000000000004,-0.005110000000000001,-1.252,0.8771,-7.1992,5.407056758036196,12.09526154432149,15.229999542236328,15.229999542236328,15.229999542236328,15.359999656677246,12.36690004889168,12.36690004889168,12.36690004889168,12.472461340418759,12.39329037177345,0.02464013087768896,-0.9000000357627869,6.175000190734863,0.0,0.0,0.0,0.0,0.0,,,,,
pylon_camera_1771858109429532379.png,1771858109429532379,1771858109.4295325,42.30087022849243,-83.69769054029517,238.068115234375,-0.014606874596215347,-0.9995598491200666,-0.008806117779027473,-0.024273432622151685,0.061540000000000004,0.06123000000000001,-0.006730000000000001,-0.7646000000000001,0.7975,-7.087000000000001,5.404829519056398,12.09027934435802,15.309999465942383,15.519999504089355,15.279999732971191,15.299999237060547,12.431860724540291,12.602382691715986,12.407500664770147,12.42374044648613,12.46637113187814,0.031106955994000575,-0.9000000357627869,6.125,0.0,0.0,0.0,0.0,0.0,,,,,
pylon_camera_1771858109479296598.png,1771858109479296598,1771858109.4792964,42.30087026273002,-83.69769316528975,238.05575561523438,-0.014393665764130315,-0.9996286186459253,-0.007356829084479732,-0.021939102892585646,0.053910000000000007,0.07712000000000001,-0.0043300000000000005,0.2581,0.4479,-9.376800000000001,5.414347377051944,12.111570221622575,15.34999942779541,15.429999351501465,15.269999504089355,15.219999313354492,12.464341062364598,12.529301738013212,12.399380386715984,12.358779770837517,12.437950739482828,0.02694782855468,-0.6000000238418579,6.175000190734863,0.0,0.0,0.0,0.0,0.0,,,,,
pylon_camera_1771858109530769148.png,1771858109530769148,1771858109.530769,42.300870322152996,-83.69769711594863,238.03689575195312,-0.014249483114088524,-0.9996704497009934,-0.0065497457952673034,-0.02032350992354568,0.027140000000000004,0.04136000000000001,-0.00256,0.3924,0.0453,-11.8986,5.443989444381698,12.177877747715195,15.329999923706055,15.359999656677246,15.210000038146973,15.079999923706055,12.448101280648613,12.472461340418759,12.350660267175694,12.245098975648615,12.37908046597292,0.016521985392362402,-0.20000000298023224,6.349999904632568,0.0,0.0,0.0,0.0,0.0,,,,,
pylon_camera_1771858109580332709.png,1771858109580332709,1771858109.5803328,42.300870383982215,-83.69770110263184,238.02548217773438,-0.01413127368915501,-0.9996746786263462,-0.005788514513642782,-0.020428830533323675,0.04446,-0.026110000000000005,-0.006850000000000001,0.3052,-0.338,-12.313600000000001,5.478627833550887,12.255361745983322,15.229999542236328,15.329999923706055,15.179999351501465,15.119999885559082,12.36690004889168,12.448101280648613,12.326299433013212,12.27757931347292,12.354720019006606,0.008107330904030558,0.10000000149011612,7.050000190734863,0.0,0.0,0.0,0.0,0.0,,,,,
pylon_camera_1771858109631708036.png,1771858109631708036,1771858109.6317081,42.300870428861636,-83.69770377639907,238.02273559570312,-0.01407428619399742,-0.9996520621133415,-0.00440769024022016,-0.021868732185926703,0.06906000000000001,-0.06645000000000001,-0.0015400000000000001,0.27940000000000004,0.1986,-12.1742,5.508995013670813,12.323291305880788,15.269999504089355,15.289999961853027,15.229999542236328,15.149999618530273,12.399380386715984,12.415620942824306,12.36690004889168,12.301939373243066,12.37096018791876,0.003868194044493888,0.10000000149011612,8.925000190734863,0.0,0.0,0.0,0.0,0.0,,,,,
pylon_camera_1771858109681269986.png,1771858109681269986,1771858109.6812701,42.30087049678873,-83.6977078171196,238.0242462158203,-0.014046903169243286,-0.9996020937207998,-0.0024362783776496755,-0.024339336227883042,0.0869,-0.12485000000000002,-0.0032700000000000003,0.5924,0.7574000000000001,-11.6241,5.543733094085281,12.40099830748313,15.469999313354492,15.039999961853027,15.269999504089355,15.229999542236328,12.561782075837517,12.212618637824306,12.399380386715984,12.36690004889168,12.385170287317372,0.001276350481896833,0.10000000149011612,8.925000190734863,0.0,0.0,0.0,0.0,0.0,,,,,
pylon_camera_1771858109741336022.png,1771858109741336022,1771858109.741336,42.30087055311952,-83.69771190171492,238.0288543701172,-0.01410658055968983,-0.9994782495639378,-0.0007646810610218019,-0.029045624393266144,0.022390000000000004,-0.18044000000000002,-0.0004900000000000001,0.9517,-0.34040000000000004,-9.299100000000001,5.61260844417801,12.555068333119557,15.109999656677246,15.109999656677246,15.309999465942383,15.25,12.269459035418759,12.269459035418759,12.431860724540291,12.383140605000001,12.338479850094453,0.017251079586222243,-0.30000001192092896,6.650000095367432,0.0,0.0,0.0,0.0,0.0,,,,,
pylon_camera_1771858109781863844.png,1771858109781863844,1771858109.781864,42.30087058347995,-83.69771463854023,238.0312042236328,-0.014185134301400061,-0.9993520598016563,-0.0009584575501677718,-0.03306544864601696,-0.022420000000000002,-0.19301000000000001,0.011000000000000001,-1.1484,-0.117,-8.489,5.62460009912907,12.581892945745784,15.109999656677246,15.109999656677246,15.25999927520752,15.279999732971191,12.269459035418759,12.269459035418759,12.391260108661823,12.407500664770147,12.334419711067373,0.019668998595484582,-0.9000000357627869,5.25,0.0,0.0,0.0,0.0,0.0,,,,,
pylon_camera_1771858109832259308.png,1771858109832259308,1771858109.8322594,42.30087059912949,-83.69771737785537,238.0308837890625,-0.014184868039936628,-0.9992118111432136,-0.001604500222259067,-0.03704013457893299,-0.041890000000000004,-0.14059000000000002,0.005750000000000001,-1.4091,-1.0659,-8.2376,5.61379811785671,12.557729561758391,15.329999923706055,15.389999389648438,15.359999656677246,15.229999542236328,12.448101280648613,12.496821400188903,12.472461340418759,12.36690004889168,12.446071017536989,0.008891618797193421,-2.200000047683716,5.075000286102295,0.0,0.0,0.0,0.0,0.0,,,,,
pylon_camera_1771858109882936999.png,1771858109882936999,1771858109.8829372,42.300870601466976,-83.69772145764752,238.02508544921875,-0.014219461012072278,-0.9991238784861822,-0.0030714979742641688,-0.039240900441361304,-0.07289000000000001,-0.08035000000000002,0.011160000000000002,-1.8787,-1.0435,-8.4354,5.580879813634699,12.484093290312003,15.299999237060547,15.269999504089355,15.429999351501465,15.579999923706055,12.42374044648613,12.399380386715984,12.529301738013212,12.651103585648613,12.500881539215985,0.001344771183103064,-3.799999952316284,1.274999976158142,0.0,0.0,0.0,0.0,0.0,,,,,
pylon_camera_1771858109942685037.png,1771858109942685037,1771858109.942685,42.30087058869074,-83.69772550036151,238.01449584960938,-0.014461970446089269,-0.9991294597892589,-0.005384205465889882,-0.0387580226990681,-0.07494000000000002,0.05061000000000001,0.014130000000000002,-1.262,0.459,-10.3147,5.537075848662668,12.38610644890747,15.649999618530273,15.649999618530273,15.519999504089355,15.639999389648438,12.707943983243066,12.707943983243066,12.602382691715986,12.699823705188903,12.679523590847756,0.023689215263136068,-4.400000095367432,0.0,0.0,0.0,0.0,0.0,0.0,,,,,
pylon_camera_1771858109994154539.png,1771858109994154539,1771858109.9941545,42.300870584746264,-83.6977281884985,238.0072479248047,-0.014678992552409233,-0.9991955697924622,-0.00640753629464501,-0.03676525483926284,-0.03803,0.09020000000000002,0.017580000000000002,-0.664,1.8275000000000001,-10.2256,5.526928817118036,12.363408148164021,15.75,15.670000076293945,15.679999351501465,15.619999885559082,12.789145215000001,12.724184539351388,12.732304043013212,12.68358392347292,12.732304430209382,0.02983775004630436,-4.099999904632568,0.0,0.0,0.0,0.0,0.0,0.0,,,,,
pylon_camera_1771858110037638893.png,1771858110037638893,1771858110.037639,42.30087059040996,-83.69773087500913,238.00137329101562,-0.01476634054670739,-0.9992687137218279,-0.006883347178886608,-0.034592087176078284,-0.018430000000000005,0.08584000000000001,0.00817,-0.4269,1.8725,-10.182400000000001,5.534011171052051,12.379250948973176,15.670000076293945,15.65999984741211,15.75,15.779999732971191,12.724184539351388,12.716064261297227,12.789145215000001,12.813505274770145,12.76072482260469,0.030815586112918705,-3.799999952316284,0.0,0.0,0.0,0.0,0.0,0.0,,,,,
pylon_camera_1771858110086985843.png,1771858110086985843,1771858110.0869858,42.30087061814554,-83.69773490556487,237.9937286376953,-0.014714909581069968,-0.9993328919265567,-0.007236990129888779,-0.03263232329433101,-0.017520000000000004,0.06641000000000001,0.00011000000000000002,-1.1296000000000002,0.4949,-10.0298,5.53316484520983,12.377357768843678,15.449999809265137,15.639999389648438,15.75999927520752,15.789999961853027,12.545542294121534,12.699823705188903,12.797264718661824,12.821625552824306,12.716064067699142,0.027364992204398884,-3.799999952316284,0.0,0.0,0.0,0.0,0.0,0.0,,,,,
pylon_camera_1771858110135450661.png,1771858110135450661,1771858110.1354506,42.30087064543838,-83.69773759294071,237.9886016845703,-0.014563202327048608,-0.9993995744935105,-0.007576003872637193,-0.030512420511877324,0.009710000000000002,0.035140000000000005,-0.0010700000000000002,0.0275,1.4382000000000001,-10.1759,5.562118975511698,12.442126421081138,15.519999504089355,15.40999984741211,15.75,15.839999198913574,12.602382691715986,12.513061956297227,12.789145215000001,12.862225394310435,12.691703814330912,0.02005906263955867,-3.9000000953674316,0.0,0.0,0.0,0.0,0.0,0.0,,,,,
pylon_camera_1771858110186055940.png,1771858110186055940,1771858110.186056,42.30087071138378,-83.69774163709037,237.98118591308594,-0.014458750056576763,-0.9994511139462219,-0.006390873189318833,-0.029113091871796982,0.08398000000000001,0.0036000000000000008,-0.0015900000000000003,0.7348,1.9931,-8.2417,5.5894780020598,12.50332692192765,15.519999504089355,15.449999809265137,15.789999961853027,15.90999984741211,12.602382691715986,12.545542294121534,12.821625552824306,12.919066566297225,12.722154276239763,0.017501530246989357,-3.799999952316284,0.0,0.0,0.0,0.0,0.0,0.0,,,,,
pylon_camera_1771858110236162471.png,1771858110236162471,1771858110.2361627,42.30087076987147,-83.69774433789645,237.9734649658203,-0.014305651055238178,-0.9995113516856298,-0.003487836407333791,-0.027572471718123114,0.11027000000000002,0.06691000000000001,-0.0024900000000000005,0.9366000000000001,-0.2442,-5.0849,5.592638485126003,12.510396732917762,15.59999942779541,15.619999885559082,15.90999984741211,15.9399995803833,12.667343367364598,12.68358392347292,12.919066566297225,12.943426626067373,12.803355120800529,0.02341719404564723,-3.700000047683716,0.0,0.0,0.0,0.0,0.0,0.0,,,,,
pylon_camera_1771858110286240544.png,1771858110286240544,1771858110.2862406,42.30087085775731,-83.69774839065721,237.94972229003906,-0.014567232967255428,-0.9995756825842352,-0.0009920333567428538,-0.025204491261616082,0.06832,0.10405,0.00803,-1.6311,-2.0057,-4.2597000000000005,5.574469589113069,12.469754002670589,15.819999694824219,15.90999984741211,15.949999809265137,15.899999618530273,12.845985612594452,12.919066566297225,12.951546904121534,12.910946288243066,12.90688634281407,0.03505541007864813,-3.799999952316284,0.0,0.0,0.0,0.0,0.0,0.0,,,,,
pylon_camera_1771858110336859856.png,1771858110336859856,1771858110.33686,42.300870900880035,-83.69775109478731,237.92613220214844,-0.014621809107354888,-0.9996350936055065,-0.0016138239837882942,-0.02265563733130094,0.02186,0.015000000000000001,0.020040000000000002,-0.3723,3.6471,-13.4741,5.612756382958519,12.55539926329523,15.869999885559082,16.0,15.739999771118164,15.569999694824219,12.88658622847292,12.99214752,12.781024936945839,12.642983307594454,12.825685498253304,0.0215274902287046,-4.300000190734863,0.6000000238418579,0.0,0.0,0.0,0.0,0.0,,,,,
pylon_camera_1771858110387650793.png,1771858110387650793,1771858110.3876507,42.30087093520768,-83.69775517094372,237.89300537109375,-0.014958542258184881,-0.9996783842864096,-0.0020243847806754537,-0.02037822048863333,-0.030830000000000007,0.020510000000000004,0.020830000000000005,1.8353000000000002,-0.8313,-9.960600000000001,5.636807233172912,12.609199572173814,15.90999984741211,15.829999923706055,15.619999885559082,15.449999809265137,12.919066566297225,12.854105890648613,12.68358392347292,12.545542294121534,12.750574668635071,0.011212059548430468,-4.700000286102295,2.924999952316284,0.0,0.0,0.0,0.0,0.0,,,,,
pylon_camera_1771858110438847038.png,1771858110438847038,1771858110.438847,42.30087094390152,-83.6977579046675,237.87818908691406,-0.015426837396404658,-0.9996549927556126,-0.003510375680446428,-0.020966292216395968,-0.07126000000000002,-0.08273,0.023940000000000003,0.9309000000000001,-0.4535,-15.234900000000001,5.657834480330704,12.656236262430967,15.84999942779541,15.609999656677246,15.389999389648438,15.339999198913574,12.870345672364598,12.675463645418759,12.496821400188903,12.456220784310437,12.624712875570674,0.002490739443120841,-4.800000190734863,7.200000286102295,0.0,0.0,0.0,0.0,0.0,,,,,
pylon_camera_1771858110488607149.png,1771858110488607149,1771858110.4886072,42.300870943893216,-83.69776204521554,237.87387084960938,-0.01596326668520992,-0.9995713480259917,-0.0052820941460829,-0.02396651421610042,-0.08778000000000001,-0.16457000000000002,0.029210000000000003,-0.9690000000000001,0.9779,-14.939900000000002,5.697174830782657,12.744238265970958,15.380000114440918,15.489999771118164,15.489999771118164,15.449999809265137,12.48870189652708,12.578022631945839,12.578022631945839,12.545542294121534,12.547572363635073,0.015431750272671307,-4.599999904632568,9.725000381469727,0.0,0.0,0.0,0.0,0.0,,,,,
pylon_camera_1771858110539563829.png,1771858110539563829,1771858110.539564,42.30087093999728,-83.69776482200844,237.87991333007812,-0.016390354496425563,-0.9994471142360234,-0.006880501598128554,-0.028097701374393283,-0.06959000000000001,-0.16367,0.020110000000000003,-0.7983,0.49250000000000005,-11.4992,5.705419661924092,12.762681458544478,15.479999542236328,15.519999504089355,15.649999618530273,15.639999389648438,12.56990235389168,12.602382691715986,12.707943983243066,12.699823705188903,12.64501318350991,0.00921971416561447,-4.5,10.925000190734863,0.0,0.0,0.0,0.0,0.0,,,,,
pylon_camera_1771858110598858742.png,1771858110598858742,1771858110.5988588,42.30087093980701,-83.69776896821183,237.89320373535156,-0.01663369939219378,-0.999306711845902,-0.008626521189829518,-0.032171397800262874,-0.04975,-0.10808000000000002,0.00192,-0.783,0.21780000000000002,-7.540100000000001,5.6657275576048605,12.673892602708618,15.50999927520752,15.479999542236328,15.679999351501465,15.679999351501465,12.594262413661824,12.56990235389168,12.732304043013212,12.732304043013212,12.657193213394983,0.0013176211789948222,-4.200000286102295,11.02500057220459,0.0,0.0,0.0,0.0,0.0,,,,,
pylon_camera_1771858110640857332.png,1771858110640857332,1771858110.6408575,42.300870949232134,-83.69777309423716,237.9053497314453,-0.016644488807591062,-0.999238094622001,-0.009931569401319196,-0.033875583799454455,-0.06442,-0.03517000000000001,0.005450000000000001,-1.4964000000000002,1.5305,-11.496500000000001,5.631546316910393,12.597431218149536,15.539999961853027,15.460000038146973,15.9399995803833,16.020000457763672,12.618623247824306,12.553662572175694,12.943426626067373,13.008388076108323,12.781025130543924,0.01457391663547072,-3.6000001430511475,10.949999809265137,0.0,0.0,0.0,0.0,0.0,,,,,
pylon_camera_1771858110690866616.png,1771858110690866616,1771858110.6908667,42.30087096203579,-83.69777583892102,237.90963745117188,-0.01673812938216651,-0.9992219363946513,-0.009872554585757786,-0.034320395080193696,-0.00131,0.024180000000000004,0.0159,-0.5802,0.018600000000000002,-4.4446,5.643276833922622,12.623671680874871,15.719999313354492,15.779999732971191,15.989999771118164,16.09000015258789,12.764784380837519,12.813505274770145,12.98402724194584,13.065228473702776,12.906886342814069,0.022435204994143972,-2.4000000953674316,10.925000190734863,0.0,0.0,0.0,0.0,0.0,,,,,
pylon_camera_1771858110741793789.png,1771858110741793789,1771858110.7417939,42.300870997934304,-83.6977799363742,237.90283203125,-0.01653217900737758,-0.9992659170683558,-0.009730284993545642,-0.033160753862816805,0.018660000000000003,0.07803,-0.013240000000000002,-0.1154,0.11720000000000001,-6.0816,5.631127092577634,12.596493438470613,15.789999961853027,15.889999389648438,15.979999542236328,16.0,12.821625552824306,12.902826010188903,12.975906963891678,12.99214752,12.923126511726224,0.025930476195704537,-1.2000000476837158,10.725000381469727,0.0,0.0,0.0,0.0,0.0,,,,,
pylon_camera_1771858110791483561.png,1771858110791483561,1771858110.7914836,42.30087102781035,-83.6977826674381,237.89207458496094,-0.016397761849948345,-0.9993476227330687,-0.008941997640954602,-0.03091088840951609,0.04390000000000001,0.10551000000000002,-0.010210000000000002,0.1869,0.0198,-7.7894000000000005,5.646147780836173,12.630093816863669,16.029998779296875,16.170000076293945,16.020000457763672,16.0,13.016506805377809,13.130189149351388,13.008388076108323,12.99214752,13.03680788770938,0.0322019833536523,-0.4000000059604645,10.175000190734863,0.0,0.0,0.0,0.0,0.0,,,,,
pylon_camera_1771858110851498656.png,1771858110851498656,1771858110.8514988,42.30087108319908,-83.69778678391182,237.87184143066406,-0.016120823030149944,-0.9994499028804462,-0.007991386650474,-0.027859440706871196,0.03547,0.10407000000000001,-0.018170000000000006,0.08650000000000001,-0.9455,-10.5144,5.687738214683314,12.723129121953693,16.09000015258789,16.170000076293945,16.1299991607666,16.1299991607666,13.065228473702776,13.130189149351388,13.097708037134742,13.097708037134742,13.097708424330913,0.02944081591775127,-0.4000000059604645,9.175000190734863,0.0,0.0,0.0,0.0,0.0,,,,,
pylon_camera_1771858110901279392.png,1771858110901279392,1771858110.9012794,42.30087113905609,-83.69779093615624,237.8522491455078,-0.0158959884342173,-0.9995021022566605,-0.007685817700137328,-0.026149442489194392,0.011600000000000003,0.042460000000000005,-0.00992,0.40390000000000004,-0.0849,-11.247200000000001,5.736312830510407,12.83178762308195,16.119998931884766,16.279998779296875,16.119998931884766,16.079999923706055,13.089587759080583,13.219509110377807,13.089587759080583,13.057108195648613,13.113948206046896,0.021989187419014917,-0.4000000059604645,9.574999809265137,0.0,0.0,0.0,0.0,0.0,,,,,
pylon_camera_1771858110952669951.png,1771858110952669951,1771858110.9526699,42.300871175136905,-83.69779373695506,237.8419189453125,-0.015663186075448365,-0.9995123500215926,-0.007613221447824354,-0.025918441609512052,-0.0011800000000000003,-0.05362000000000001,-0.009500000000000001,0.9336000000000001,0.0252,-11.451,5.805923957579336,12.98750353766752,15.769999504089355,15.899999618530273,16.010000228881836,16.049999237060547,12.805384996715986,12.910946288243066,13.00026779805416,13.03274736148613,12.937336611124836,0.0038627074400545717,-0.4000000059604645,9.40000057220459,0.0,0.0,0.0,0.0,0.0,,,,,
pylon_camera_1771858111004276488.png,1771858111004276488,1771858111.0042765,42.30087121475095,-83.6977979545402,237.83082580566406,-0.01554245345576094,-0.9994945164097189,-0.008020744306940773,-0.026548285598889953,-0.0177,-0.051120000000000006,-0.0006600000000000001,1.558,-0.0155,-10.879800000000001,5.822997554400221,13.02569614934003,16.170000076293945,16.279998779296875,16.170000076293945,16.19999885559082,13.130189149351388,13.219509110377807,13.130189149351388,13.154548434729195,13.158608960952444,0.01020389314233682,-0.5,9.875,0.0,0.0,0.0,0.0,0.0,,,,,
pylon_camera_1771858111054721205.png,1771858111054721205,1771858111.0547214,42.300871233814014,-83.69780076912537,237.82469177246094,-0.015506980716760488,-0.9994753513441565,-0.008629722177179304,-0.027093975338981748,-0.024700000000000003,-0.016010000000000003,0.004220000000000001,0.8275,0.29250000000000004,-10.3764,5.825306818912125,13.03086183549729,16.19999885559082,16.260000228881836,16.35999870300293,16.279998779296875,13.154548434729195,13.203270103054162,13.28446978602642,13.219509110377807,13.215449358546897,0.014165411726396498,-0.5,9.77500057220459,0.0,0.0,0.0,0.0,0.0,,,,,
pylon_camera_1771858111106585947.png,1771858111106585947,1771858111.1065857,42.30087124989625,-83.69780500049741,237.8173828125,-0.015523785936969348,-0.9994747751155701,-0.009466327291065712,-0.02682488817277995,-0.03418000000000001,0.009960000000000002,0.010280000000000003,-0.24430000000000002,1.3192000000000002,-9.073,5.816440987433651,13.011029502429833,16.389999389648438,16.459999084472656,16.43000030517578,16.389999389648438,13.308830620188905,13.365671017783358,13.341311732405547,13.308830620188905,13.33116099764168,0.024604624495860334,-0.6000000238418579,9.975000381469727,0.0,0.0,0.0,0.0,0.0,,,,,
pylon_camera_1771858111147122005.png,1771858111147122005,1771858111.147122,42.30087125156136,-83.69780782752485,237.81333923339844,-0.015499458767492036,-0.9994877293373732,-0.009892853628554348,-0.02619498289788322,-0.03388000000000001,0.027110000000000002,0.00425,0.4823,-0.5262,-10.0835,5.8387279423909,13.060884083451901,16.029998779296875,16.10999870300293,16.440000534057617,16.43000030517578,13.016506805377809,13.08146748102642,13.34943201045971,13.341311732405547,13.197179507317372,0.010435390360607907,-0.9000000357627869,8.975000381469727,0.0,0.0,0.0,0.0,0.0,,,,,
pylon_camera_1771858111194859123.png,1771858111194859123,1771858111.194859,42.3008712563623,-83.69781065941727,237.80979919433594,-0.015462178447539443,-0.9994936078836402,-0.01107239856033651,-0.025511778211675308,-0.06915,0.035280000000000006,0.0009700000000000002,0.4429,-1.4429,-9.0817,5.84822079767718,13.082119031155992,16.049999237060547,16.469999313354492,16.459999084472656,16.5,13.03274736148613,13.373791295837517,13.365671017783358,13.39815213,13.292590451276752,0.016088480743792884,-1.899999976158142,7.075000286102295,0.0,0.0,0.0,0.0,0.0,,,,,
pylon_camera_1771858111246088225.png,1771858111246088225,1771858111.2460883,42.30087126156118,-83.69781490839593,237.80349731445312,-0.015436711726391772,-0.9995045248487878,-0.012345080034556479,-0.02449513700340863,-0.008700000000000001,0.05435000000000001,-0.0024000000000000002,-1.3487,0.08950000000000001,-8.118,5.8251993962957975,13.030621537549923,16.69999885559082,16.369998931884766,16.59000015258789,16.60999870300293,13.560553044729195,13.292590064080583,13.471233083702774,13.487472091026422,13.452962070884745,0.03241138821488881,-2.9000000953674316,6.575000286102295,0.0,0.0,0.0,0.0,0.0,,,,,
pylon_camera_1771858111295546488.png,1771858111295546488,1771858111.2955463,42.300871272999665,-83.6978177343871,237.79835510253906,-0.01540241424037786,-0.9995625312355454,-0.012490437566697758,-0.021943125459913164,0.025700000000000004,0.10830000000000002,-0.009830000000000002,-0.33680000000000004,0.7672,-10.0436,5.826913197445407,13.03445520789353,16.649999618530273,16.520000457763672,16.60999870300293,16.579999923706055,13.519953203243064,13.414392686108322,13.487472091026422,13.463112805648613,13.471232696506606,0.03350945487530377,-3.200000047683716,6.175000190734863,0.0,0.0,0.0,0.0,0.0,,,,,
pylon_camera_1771858111346652060.png,1771858111346652060,1771858111.3466523,42.300871302268746,-83.69782197213108,237.78863525390625,-0.015522011237051603,-0.9996177899004822,-0.012182122273389134,-0.019363294620193455,0.01675,0.07359000000000002,0.00837,-0.6561,1.7668000000000001,-10.1297,5.845073840016173,13.07507947568578,16.579999923706055,16.559999465942383,16.649999618530273,16.579999923706055,13.463112805648613,13.446872249540291,13.519953203243064,13.463112805648613,13.473262766020145,0.030453603825110316,-2.799999952316284,0.0,0.0,0.0,0.0,0.0,0.0,,,,,
pylon_camera_1771858111405912279.png,1771858111405912279,1771858111.4059124,42.30087134064771,-83.69782623587655,237.7807159423828,-0.015632148952508473,-0.999665895009677,-0.01164469857302108,-0.01697454767502985,0.010590000000000002,0.07026000000000002,-0.00030000000000000003,0.06720000000000001,0.1231,-10.241200000000001,5.87950454682688,13.15209890097892,16.600000381469727,16.399999618530273,16.649999618530273,16.709999084472656,13.479353361756935,13.316950898243064,13.519953203243064,13.568673322783358,13.471232696506604,0.024264856729744502,-2.5,0.0,0.0,0.0,0.0,0.0,0.0,,,,,
pylon_camera_1771858111456441474.png,1771858111456441474,1771858111.4564416,42.30087136784778,-83.69782908714514,237.77532958984375,-0.01568063898670702,-0.9996949735710587,-0.011236264648677509,-0.01542153476387583,0.00538,0.05428000000000001,-0.0034000000000000002,1.4288,-0.7278,-6.618600000000001,5.915880845889848,13.233470499404838,16.649999618530273,16.729999542236328,16.53999900817871,16.559999465942383,13.519953203243064,13.58491387889168,13.43063169343197,13.446872249540291,13.495592756276752,0.01980752191072647,-2.5,0.0,0.0,0.0,0.0,0.0,0.0,,,,,
pylon_camera_1771858111506962509.png,1771858111506962509,1771858111.5069625,42.300871411423216,-83.6978333840374,237.76512145996094,-0.015656904777699765,-0.9997014232477183,-0.01141624588299017,-0.014886067956574328,0.0053100000000000005,0.01208,1e-05,0.2887,1.0935000000000001,-12.6478,5.922994243271464,13.24938274254367,16.719999313354492,16.5,16.520000457763672,16.489999771118164,13.576793600837517,13.39815213,13.414392686108322,13.39003185194584,13.44484256722292,0.014752372127618494,-2.299999952316284,0.0,0.0,0.0,0.0,0.0,0.0,,,,,
pylon_camera_1771858111557943822.png,1771858111557943822,1771858111.5579438,42.30087143361599,-83.69783626390723,237.76087951660156,-0.01567627164811014,-0.9996971649866896,-0.011404554651955962,-0.015158131744390499,-0.021200000000000004,-0.01711,0.0041,-0.7391000000000001,0.8916000000000001,-10.8294,5.940552353401622,13.288659181418225,16.53999900817871,16.5,16.559999465942383,16.529998779296875,13.43063169343197,13.39815213,13.446872249540291,13.422511415377807,13.424541872087516,0.010225462841224674,-2.0,0.0,0.0,0.0,0.0,0.0,0.0,,,,,
pylon_camera_1771858111607813958.png,1771858111607813958,1771858111.6078138,42.30087146231588,-83.6978405905966,237.75758361816406,-0.015813101887999226,-0.9996794648632978,-0.011410826941950341,-0.016146404175882294,-0.014500000000000002,-0.018130000000000004,0.006300000000000001,-0.5630000000000001,0.0161,-9.3492,5.946699229474276,13.302409374380188,16.469999313354492,16.479999542236328,16.510000228881836,16.5,13.373791295837517,13.381911573891678,13.406272408054162,13.39815213,13.390031851945839,0.006586962940293164,-1.600000023841858,0.0,0.0,0.0,0.0,0.0,0.0,,,,,
pylon_camera_1771858111659149753.png,1771858111659149753,1771858111.65915,42.30087147888366,-83.69784347939282,237.75611877441406,-0.01593552714255836,-0.9996616517407457,-0.01162997467437838,-0.016952424685753923,-0.03651,-0.03488,0.006670000000000001,-0.060700000000000004,-1.2433,-7.6631,5.949658996182912,13.309030194921403,16.510000228881836,16.53999900817871,16.440000534057617,16.43000030517578,13.406272408054162,13.43063169343197,13.34943201045971,13.341311732405547,13.381911961087848,0.005476113969164762,-1.5,0.0,0.0,0.0,0.0,0.0,0.0,,,,,
pylon_camera_1771858111708723445.png,1771858111708723445,1771858111.7087235,42.30087148511842,-83.69784779815325,237.75152587890625,-0.016119061772148835,-0.999641738910028,-0.012745677154533204,-0.017149851031222987,-0.06728,-0.00458,0.014190000000000001,-0.6871,-0.2926,-11.0533,5.928738373298609,13.26223201676659,16.579999923706055,16.579999923706055,16.350000381469727,16.56999969482422,13.463112805648613,13.463112805648613,13.276351056756935,13.454992527594452,13.414392298912155,0.011473203149605406,-1.5,0.9000000357627869,0.0,0.0,0.0,0.0,0.0,,,,,
pylon_camera_1771858111759880097.png,1771858111759880097,1771858111.7598803,42.30087149040372,-83.69785211788327,237.75132751464844,-0.016213868831549128,-0.9996225341182436,-0.013415146781941712,-0.01766164141163307,-0.02116,-0.0083,0.0069900000000000006,-1.8714000000000002,0.4188,-14.7339,5.908095331296113,13.216054770389528,16.5,16.440000534057617,16.43000030517578,16.829999923706055,13.39815213,13.34943201045971,13.341311732405547,13.666115110648613,13.438752745878466,0.016850563905643833,-1.5,2.825000047683716,0.0,0.0,0.0,0.0,0.0,,,,,
pylon_camera_1771858111809685659.png,1771858111809685659,1771858111.8096857,42.30087149963456,-83.69785499699358,237.75726318359375,-0.016091388485234226,-0.9996000756137522,-0.012974912922702508,-0.019297867349692865,0.04325000000000001,-0.040060000000000005,-0.029290000000000004,-1.2784,-1.3949,-10.9984,5.921071230628956,13.245081078643139,16.459999084472656,16.389999389648438,16.520000457763672,16.619998931884766,13.365671017783358,13.308830620188905,13.414392686108322,13.495592369080581,13.396121673290292,0.011403523598711402,-1.3000000715255737,3.575000047683716,0.0,0.0,0.0,0.0,0.0,,,,,
pylon_camera_1771858111860599652.png,1771858111860599652,1771858111.8605995,42.30087153129001,-83.69785932261613,237.76768493652344,-0.01595626402175404,-0.9995635125212687,-0.012547892422831716,-0.021464679600601513,0.029240000000000002,-0.09511,-0.02426,-0.8338,-0.7008,-9.1387,5.926480538225044,13.257181375177131,16.31999969482422,16.3799991607666,16.459999084472656,16.520000457763672,13.251990222594452,13.300710342134742,13.365671017783358,13.414392686108322,13.333191067155218,0.005733473038274005,-1.0,6.425000190734863,0.0,0.0,0.0,0.0,0.0,,,,,
pylon_camera_1771858111910918742.png,1771858111910918742,1771858111.9109187,42.30087156032694,-83.697862197209,237.77232360839844,-0.015845607149952257,-0.9995379843173887,-0.012182035160340055,-0.022898311294349074,0.007030000000000001,-0.06687000000000001,-0.004110000000000001,-0.5322,0.755,-7.8975,5.910015036412127,13.220349035551745,16.279998779296875,16.31999969482422,16.5,16.440000534057617,13.219509110377807,13.251990222594452,13.39815213,13.34943201045971,13.304770868357991,0.006385749164354248,-1.0,6.825000286102295,0.0,0.0,0.0,0.0,0.0,,,,,
pylon_camera_1771858111961842540.png,1771858111961842540,1771858111.9618425,42.30087160085921,-83.69786648940493,237.774169921875,-0.015796048193094603,-0.9995344971230447,-0.011699277235093102,-0.023332398818819072,0.0017400000000000002,0.0009000000000000002,0.0030900000000000003,-0.432,0.4253,-7.799,5.885522210752589,13.165560054120897,16.389999389648438,16.459999084472656,16.53999900817871,16.5,13.308830620188905,13.365671017783358,13.43063169343197,13.39815213,13.375821365351058,0.01597055578082664,-1.0,7.099999904632568,0.0,0.0,0.0,0.0,0.0,,,,,
pylon_camera_1771858112012076269.png,1771858112012076269,1771858112.0120764,42.300871626689215,-83.69786934577907,237.7723388671875,-0.015808987424811904,-0.9995425322147716,-0.011226340416742347,-0.0232114517239176,0.014370000000000003,0.020180000000000003,0.00217,-0.6004,0.6804,-7.9767,5.880050951574648,13.153321175615394,16.43000030517578,16.40999984741211,16.559999465942383,16.520000457763672,13.341311732405547,13.325071176297227,13.446872249540291,13.414392686108322,13.381911961087846,0.01737894045317092,-1.0,7.050000190734863,0.0,0.0,0.0,0.0,0.0,,,,,
pylon_camera_1771858112072764734.png,1771858112072764734,1771858112.0727646,42.300871666033125,-83.6978736291547,237.76377868652344,-0.015771509818979568,-0.9995650098241193,-0.010638307744134087,-0.02253612703369769,0.023250000000000003,0.024540000000000003,0.00044000000000000007,-0.504,1.1278000000000001,-8.521600000000001,5.88764909982941,13.170317777372402,16.579999923706055,16.520000457763672,16.510000228881836,16.399999618530273,13.463112805648613,13.414392686108322,13.406272408054162,13.316950898243064,13.40018219951354,0.017453217608466774,-1.100000023841858,6.375,0.0,0.0,0.0,0.0,0.0,,,,,
pylon_camera_1771858112114890799.png,1771858112114890799,1771858112.1148908,42.300871692646375,-83.69787648506143,237.75570678710938,-0.015698540038256936,-0.9995796187205167,-0.01052205076048832,-0.021986999045052538,-0.005360000000000001,0.018420000000000002,0.0030800000000000003,-0.43820000000000003,0.911,-9.613100000000001,5.8911966308294765,13.17825339136769,16.6299991607666,16.559999465942383,16.469999313354492,16.43000030517578,13.503712647134742,13.446872249540291,13.373791295837517,13.341311732405547,13.416421981229522,0.018072849473196703,-1.3000000715255737,6.099999904632568,0.0,0.0,0.0,0.0,0.0,,,,,
pylon_camera_1771858112166685670.png,1771858112166685670,1771858112.1666856,42.30087172970844,-83.69788077579958,237.7447052001953,-0.015571006319707759,-0.999593071246822,-0.010633254826473017,-0.02140489591968944,-0.004480000000000001,0.010830000000000001,-0.0024300000000000007,-0.2403,0.5061,-10.914200000000001,5.902378180676486,13.20326584748246,16.56999969482422,16.399999618530273,16.43000030517578,16.59000015258789,13.454992527594452,13.316950898243064,13.341311732405547,13.471233083702774,13.396122060486459,0.01460670528275186,-1.399999976158142,5.700000286102295,0.0,0.0,0.0,0.0,0.0,,,,,
pylon_camera_1771858112216757449.png,1771858112216757449,1771858112.2167575,42.30087175197729,-83.69788364201494,237.73931884765625,-0.015508929614486078,-0.9995987212227875,-0.010612486288666581,-0.02119539494214957,-0.005360000000000001,0.010690000000000002,-0.0007000000000000001,-0.3351,0.1482,-10.9898,5.9119244086187654,13.224620186615661,16.510000228881836,16.56999969482422,16.459999084472656,16.520000457763672,13.406272408054162,13.454992527594452,13.365671017783358,13.414392686108322,13.410332159885073,0.014042896555726124,-1.5,5.675000190734863,0.0,0.0,0.0,0.0,0.0,,,,,
pylon_camera_1771858112266507760.png,1771858112266507760,1771858112.2665079,42.30087178409452,-83.69788794667112,237.734130859375,-0.015482530969756325,-0.9996000883279925,-0.01060874606749752,-0.021152048513445945,1e-05,-0.0012200000000000002,-0.00143,-0.4147,0.49350000000000005,-10.756300000000001,5.915207467434425,13.231964192202764,16.60999870300293,16.559999465942383,16.53999900817871,16.53999900817871,13.487472091026422,13.446872249540291,13.43063169343197,13.43063169343197,13.448901931857664,0.016394976324281177,-1.5,5.650000095367432,0.0,0.0,0.0,0.0,0.0,,,,,
pylon_camera_1771858112305853779.png,1771858112305853779,1771858112.3058536,42.30087181011129,-83.69789081762609,237.7318572998047,-0.01546946803839766,-0.9996004663205147,-0.010488759072573808,-0.021203519130929514,0.006360000000000001,-0.00493,0.0009000000000000002,-0.2617,0.5413,-10.7878,5.922661524236869,13.248638470026423,16.639999389648438,16.53999900817871,16.59000015258789,16.579999923706055,13.511832925188905,13.43063169343197,13.471233083702774,13.463112805648613,13.469202626993065,0.016648062173757996,-1.5,5.425000190734863,0.0,0.0,0.0,0.0,0.0,,,,,
pylon_camera_1771858112356600099.png,1771858112356600099,1771858112.3566,42.30087183566559,-83.69789369482346,237.730224609375,-0.015451888192635155,-0.9995907798290935,-0.010410561533818946,-0.021705580860635277,0.015690000000000003,-0.026210000000000004,-0.0007400000000000001,-0.6531,1.7447000000000001,-10.052200000000001,5.939521562356886,13.286353363698614,16.639999389648438,16.35999870300293,16.649999618530273,16.639999389648438,13.511832925188905,13.28446978602642,13.519953203243064,13.511832925188905,13.457022209911823,0.012845424289219613,-1.5,4.025000095367432,0.0,0.0,0.0,0.0,0.0,,,,,
pylon_camera_1771858112406365467.png,1771858112406365467,1771858112.4063654,42.300871880763125,-83.6978980217068,237.729248046875,-0.015424250893421532,-0.9995751827191638,-0.010081735518234748,-0.02258108025023072,0.0043100000000000005,-0.042690000000000006,-0.0013700000000000001,-0.5652,1.7579,-8.989600000000001,5.950678343530155,13.311310413776347,16.649999618530273,16.389999389648438,16.59000015258789,16.579999923706055,13.519953203243064,13.308830620188905,13.471233083702774,13.463112805648613,13.44078242819584,0.009726466470611171,-1.7000000476837158,0.0,0.0,0.0,0.0,0.0,0.0,,,,,
pylon_camera_1771858112457360021.png,1771858112457360021,1771858112.45736,42.30087190414279,-83.6979009082668,237.7278289794922,-0.015367111986753446,-0.9995636938474501,-0.010062181814283228,-0.02313063571032296,-0.04775000000000001,-0.03466,0.005490000000000001,-0.39880000000000004,0.7559,-8.849300000000001,5.953214818762643,13.316984356682907,16.420000076293945,16.549999237060547,16.619998931884766,16.6299991607666,13.333191454351388,13.43875197148613,13.495592369080581,13.503712647134742,13.442812110513211,0.00944866724027948,-2.1000001430511475,0.0,0.0,0.0,0.0,0.0,0.0,,,,,
pylon_camera_1771858112507292522.png,1771858112507292522,1771858112.5072925,42.30087194652895,-83.69790523408162,237.7229461669922,-0.015258815606905785,-0.9995579350611907,-0.010298547658603295,-0.02334615425732009,-0.028410000000000005,-0.02059,0.0023300000000000005,-0.1043,-0.3034,-8.9916,5.953663960615917,13.317989060060171,16.619998931884766,16.559999465942383,16.600000381469727,16.690000534057617,13.495592369080581,13.446872249540291,13.479353361756935,13.55243431545971,13.493563073959379,0.013183222565165171,-2.700000047683716,0.0,0.0,0.0,0.0,0.0,0.0,,,,,
pylon_camera_1771858112558404361.png,1771858112558404361,1771858112.5584044,42.30087198002683,-83.69790811854052,237.71827697753906,-0.01525867023081906,-0.9995553919147084,-0.010211765430351682,-0.023492793018627868,-0.007170000000000001,-0.013670000000000002,0.0064800000000000005,-0.3115,-0.6515000000000001,-9.4053,5.9593097985140755,13.330618460688077,16.549999237060547,16.809999465942383,16.60999870300293,16.619998931884766,13.43875197148613,13.649874554540292,13.487472091026422,13.495592369080581,13.517922746533358,0.014050682374387974,-2.9000000953674316,0.0,0.0,0.0,0.0,0.0,0.0,,,,,
pylon_camera_1771858112608138406.png,1771858112608138406,1771858112.6081386,42.30087202400099,-83.69791245166444,237.70901489257812,-0.01531862003591633,-0.9995499429750627,-0.010095563195923602,-0.023734594635282956,0.0006600000000000001,-0.012220000000000002,0.003920000000000001,-0.2783,-0.8400000000000001,-9.674800000000001,5.958181241770398,13.328093946965875,16.65999984741211,16.65999984741211,16.639999389648438,16.559999465942383,13.528073481297227,13.528073481297227,13.511832925188905,13.446872249540291,13.503713034330913,0.013176609353433965,-2.6000001430511475,0.0,0.0,0.0,0.0,0.0,0.0,,,,,
pylon_camera_1771858112659655918.png,1771858112659655918,1771858112.659656,42.30087205465705,-83.69791533886999,237.7021484375,-0.015391020727542892,-0.9995438315979857,-0.010184003890415707,-0.02390671997874262,-0.00286,-0.014400000000000003,0.0013300000000000002,-0.4218,-0.3932,-10.1957,5.959059590644241,13.33005876069573,16.559999465942383,16.68000030517578,16.6299991607666,16.579999923706055,13.446872249540291,13.544314037405549,13.503712647134742,13.463112805648613,13.489502934932299,0.01196125066655348,-2.299999952316284,0.0,0.0,0.0,0.0,0.0,0.0,,,,,
pylon_camera_1771858112709240522.png,1771858112709240522,1771858112.7092407,42.300872095076976,-83.69791966644252,237.69320678710938,-0.015487798617150106,-0.999538502372769,-0.010572538047681587,-0.02389836412031875,-0.009450000000000002,0.024170000000000004,0.00305,-0.36810000000000004,0.6178,-10.5137,5.939140109963508,13.28550007758177,16.65999984741211,16.690000534057617,16.6299991607666,16.59000015258789,13.528073481297227,13.55243431545971,13.503712647134742,13.471233083702774,13.513863381898613,0.017188912948951664,-1.7000000476837158,0.0,0.0,0.0,0.0,0.0,0.0,,,,,
pylon_camera_1771858112761200646.png,1771858112761200646,1771858112.7612007,42.30087214116456,-83.69792398512017,237.68606567382812,-0.015466541086231744,-0.9995475943430172,-0.010495549786515158,-0.023563450184426325,0.019360000000000002,0.024640000000000002,-0.006410000000000002,-0.0641,1.1209,-10.75,5.9277513646076905,13.260024137545528,16.6299991607666,16.78999900817871,16.619998931884766,16.68000030517578,13.503712647134742,13.63363399843197,13.495592369080581,13.544314037405549,13.54431326301321,0.021439563195267654,-1.2000000476837158,0.0,0.0,0.0,0.0,0.0,0.0,,,,,
pylon_camera_1771858112810999513.png,1771858112810999513,1771858112.8109996,42.30087218088539,-83.69792685524848,237.6840057373047,-0.015348846441789132,-0.9995729413057306,-0.009036762976423824,-0.02316645931567823,0.06444000000000001,0.025220000000000003,-0.00302,-0.7163,0.8842000000000001,-10.204500000000001,5.912780572072144,13.226535372891062,16.6299991607666,16.670000076293945,16.709999084472656,16.69999885559082,13.503712647134742,13.536193759351388,13.568673322783358,13.560553044729195,13.542283193499673,0.023872300017112803,-0.800000011920929,0.0,0.0,0.0,0.0,0.0,0.0,,,,,
pylon_camera_1771858112861826065.png,1771858112861826065,1771858112.861826,42.30087225285912,-83.697931154616,237.68116760253906,-0.015212496446683654,-0.9996070371392374,-0.007353706650668981,-0.022366811397048866,0.05720000000000001,0.035140000000000005,-0.006670000000000001,-0.8255,0.3775,-9.7406,5.904252578241857,13.20745876237234,16.639999389648438,16.53999900817871,16.739999771118164,16.639999389648438,13.511832925188905,13.43063169343197,13.593034156945839,13.511832925188905,13.511832925188905,0.023045626588191048,-0.6000000238418579,0.0,0.0,0.0,0.0,0.0,0.0,,,,,
pylon_camera_1771858112911545153.png,1771858112911545153,1771858112.911545,42.30087229810367,-83.69793402123877,237.67938232421875,-0.01505806639740176,-0.9996341652116554,-0.006632609013709207,-0.021466226394956784,0.03277000000000001,0.013870000000000002,-0.008430000000000002,-0.1589,0.9889,-9.9379,5.911704501927199,13.22412826854103,16.579999923706055,16.579999923706055,16.739999771118164,16.43000030517578,13.463112805648613,13.463112805648613,13.593034156945839,13.341311732405547,13.465142875162154,0.018225368185098147,-0.800000011920929,0.0,0.0,0.0,0.0,0.0,0.0,,,,,
pylon_camera_1771858112962666919.png,1771858112962666919,1771858112.962667,42.300872356123634,-83.69793832498371,237.67706298828125,-0.014975809293026165,-0.9996404811822951,-0.006746530377635196,-0.0211924006547594,0.006090000000000001,-0.017280000000000004,0.0038000000000000004,0.3568,1.6443,-8.8607,5.927933559460643,13.260431696499891,16.469999313354492,16.520000457763672,16.690000534057617,16.600000381469727,13.373791295837517,13.414392686108322,13.55243431545971,13.479353361756935,13.45499291479062,0.014672314050083632,-1.0,0.0,0.0,0.0,0.0,0.0,0.0,,,,,
pylon_camera_1771858113012671288.png,1771858113012671288,1771858113.0126712,42.30087238920287,-83.6979411987792,237.6743927001953,-0.014997511869448477,-0.9996333626612217,-0.007082629868174717,-0.021402131821262268,-0.013470000000000001,-0.016970000000000002,0.01004,-0.069,2.0114,-8.2239,5.9292658301730965,13.263411906147407,16.59000015258789,16.3799991607666,16.60999870300293,16.600000381469727,13.471233083702774,13.300710342134742,13.487472091026422,13.479353361756935,13.434692219655219,0.012913744571894438,-1.2000000476837158,0.0,0.0,0.0,0.0,0.0,0.0,,,,,
pylon_camera_1771858113072717792.png,1771858113072717792,1771858113.072718,42.30087241765083,-83.6979455109366,237.66751098632812,-0.015061325792729785,-0.9996261195688332,-0.007743372218167233,-0.021466665502884615,-0.03812000000000001,0.020110000000000003,0.005960000000000001,0.1297,1.0006000000000002,-7.8596,5.923578634367458,13.250689990361943,16.53999900817871,16.520000457763672,16.60999870300293,16.510000228881836,13.43063169343197,13.414392686108322,13.487472091026422,13.406272408054162,13.434692219655219,0.013886237579108094,-1.399999976158142,0.0,0.0,0.0,0.0,0.0,0.0,,,,,
pylon_camera_1771858113113952586.png,1771858113113952586,1771858113.1139524,42.30087242572738,-83.69794837966543,237.6602020263672,-0.015102936535139944,-0.9996207955639493,-0.008605691739143214,-0.021356695760431473,-0.07044000000000002,0.011850000000000001,0.0075200000000000015,-1.0444,-0.2897,-9.1973,5.914610900106764,13.230629706884825,16.559999465942383,16.53999900817871,16.549999237060547,16.479999542236328,13.446872249540291,13.43063169343197,13.43875197148613,13.381911573891678,13.424541872087518,0.014656306577893815,-1.399999976158142,0.0,0.0,0.0,0.0,0.0,0.0,,,,,
pylon_camera_1771858113165051220.png,1771858113165051220,1771858113.1650512,42.30087244704055,-83.69795267895422,237.6477508544922,-0.015092921272725657,-0.99962755949192,-0.009619685111718856,-0.0206011574925888,-0.05297,0.06223000000000001,0.00136,-0.4151,-0.1903,-9.8208,5.9018242096052465,13.20202664743436,16.600000381469727,16.639999389648438,16.529998779296875,16.5,13.479353361756935,13.511832925188905,13.422511415377807,13.39815213,13.452962458080911,0.01900737040970274,-1.3000000715255737,0.0,0.0,0.0,0.0,0.0,0.0,,,,,
pylon_camera_1771858113215028560.png,1771858113215028560,1771858113.2150285,42.30087246153665,-83.69795554655789,237.64028930664062,-0.015058816881418358,-0.999626409740311,-0.010581554892584317,-0.02020652567570048,-0.061540000000000004,0.00032,0.0064600000000000005,-0.1583,-0.2301,-12.858400000000001,5.912835997057719,13.226659355258295,16.56999969482422,16.579999923706055,16.369998931884766,16.350000381469727,13.454992527594452,13.463112805648613,13.292590064080583,13.276351056756935,13.371761613520146,0.01097043889651281,-1.3000000715255737,0.0,0.0,0.0,0.0,0.0,0.0,,,,,
pylon_camera_1771858113265782615.png,1771858113265782615,1771858113.2657826,42.30087248305768,-83.69795985403822,237.6358184814453,-0.015024734089123415,-0.999599630530418,-0.011741596319139852,-0.020903849523030076,-0.044000000000000004,-0.054470000000000005,-0.0018900000000000002,-0.37170000000000003,0.8426,-11.877500000000001,5.934236124231075,13.27453015573746,16.469999313354492,16.549999237060547,16.329999923706055,16.549999237060547,13.373791295837517,13.43875197148613,13.260110500648613,13.43875197148613,13.3778514348646,0.007783422683512563,-1.3000000715255737,2.174999952316284,0.0,0.0,0.0,0.0,0.0,,,,,
pylon_camera_1771858113315590452.png,1771858113315590452,1771858113.3155904,42.300872503087504,-83.69796273912314,237.63751220703125,-0.014871040176675121,-0.9995461131922059,-0.012429899698256192,-0.023063333668594563,-0.014390000000000002,-0.11347000000000002,-0.0050100000000000006,-0.07690000000000001,0.9860000000000001,-12.243400000000001,5.956580225029222,13.324512568576868,15.989999771118164,15.979999542236328,16.369998931884766,16.43000030517578,12.98402724194584,12.975906963891678,13.292590064080583,13.341311732405547,13.148459000580914,0.013212758597349376,-1.399999976158142,3.0,0.0,0.0,0.0,0.0,0.0,,,,,
pylon_camera_1771858113366400062.png,1771858113366400062,1771858113.3664,42.300872541724004,-83.69796706392323,237.64459228515625,-0.014666779738573,-0.9994957866561522,-0.012406463042875626,-0.025281172905247392,0.017210000000000003,-0.062430000000000006,-0.020690000000000004,0.519,0.5465,-8.674900000000001,5.917262346782904,13.23656083401255,16.420000076293945,16.440000534057617,16.420000076293945,16.44999885559082,13.333191454351388,13.34943201045971,13.333191454351388,13.357550739729195,13.343341414722921,0.008067094017049244,-1.3000000715255737,7.474999904632568,0.0,0.0,0.0,0.0,0.0,,,,,
pylon_camera_1771858113416668805.png,1771858113416668805,1771858113.416669,42.30087257669513,-83.6979699240302,237.6486358642578,-0.014502254909561862,-0.9994819808384698,-0.011485150089131282,-0.02633525980841679,0.053860000000000005,-0.013890000000000003,-0.017380000000000003,-0.47850000000000004,-0.2707,-7.9708000000000006,5.875203223314709,13.142477098361606,16.299999237060547,16.3799991607666,16.549999237060547,16.53999900817871,13.23574966648613,13.300710342134742,13.43875197148613,13.43063169343197,13.351460918384744,0.015901402639627964,-0.9000000357627869,8.15000057220459,0.0,0.0,0.0,0.0,0.0,,,,,
pylon_camera_1771858113467470343.png,1771858113467470343,1771858113.4674704,42.30087263740433,-83.69797419699734,237.6487274169922,-0.014431674639990177,-0.9995187093049684,-0.009837750203824778,-0.025637768766854006,0.07233,0.05124000000000001,-0.01378,-1.0708,-0.35100000000000003,-7.42,5.844548657730061,13.073904674422684,16.469999313354492,16.40999984741211,16.65999984741211,16.619998931884766,13.373791295837517,13.325071176297227,13.528073481297227,13.495592369080581,13.430632080628138,0.027285452593466056,-0.6000000238418579,7.349999904632568,0.0,0.0,0.0,0.0,0.0,,,,,
pylon_camera_1771858113517434547.png,1771858113517434547,1771858113.5174346,42.30087268522421,-83.69797703319591,237.64462280273438,-0.014366883691394605,-0.9995775319493854,-0.008265329537121358,-0.023875397433674762,0.07506,0.07877,-0.011990000000000002,-0.7654000000000001,-0.617,-8.2301,5.841665217030841,13.06745459058497,16.479999542236328,16.579999923706055,16.649999618530273,16.559999465942383,13.381911573891678,13.463112805648613,13.519953203243064,13.446872249540291,13.452962458080911,0.029501374182979503,-0.9000000357627869,5.0,0.0,0.0,0.0,0.0,0.0,,,,,
pylon_camera_1771858113568683692.png,1771858113568683692,1771858113.5686839,42.30087275349108,-83.69798128083839,237.6337127685547,-0.01424969611929322,-0.9996312479562317,-0.007504503761463468,-0.021863135485760573,0.026270000000000005,0.059010000000000014,-0.00987,0.15230000000000002,-0.7555000000000001,-10.1075,5.859589078013526,13.107549192171577,16.489999771118164,16.6299991607666,16.53999900817871,16.579999923706055,13.39003185194584,13.503712647134742,13.43063169343197,13.463112805648613,13.446872249540291,0.02588760510403986,-1.600000023841858,0.0,0.0,0.0,0.0,0.0,0.0,,,,,
pylon_camera_1771858113618627659.png,1771858113618627659,1771858113.6186275,42.30087278791919,-83.69798412271355,237.6258087158203,-0.014212164980340225,-0.9996612833517349,-0.007903338534269215,-0.020319207025539108,-0.021730000000000003,0.04843,0.0009400000000000002,0.0912,-0.0732,-10.09,5.87694934509605,13.146383068019158,16.53999900817871,16.559999465942383,16.40999984741211,16.529998779296875,13.43063169343197,13.446872249540291,13.325071176297227,13.422511415377807,13.406271633661824,0.019768826474780656,-2.5,0.0,0.0,0.0,0.0,0.0,0.0,,,,,
pylon_camera_1771858113678629470.png,1771858113678629470,1771858113.6786294,42.30087281938094,-83.69798840051533,237.61537170410156,-0.014208486194940417,-0.9996623831781043,-0.009006457052912021,-0.019802078428166156,-0.030670000000000006,-0.012980000000000002,0.0038000000000000004,0.1951,-0.035,-11.6033,5.904462688139735,13.2079287656073,16.44999885559082,16.559999465942383,16.44999885559082,16.389999389648438,13.357550739729195,13.446872249540291,13.357550739729195,13.308830620188905,13.367701087296897,0.012096697712788698,-2.799999952316284,0.0,0.0,0.0,0.0,0.0,0.0,,,,,
pylon_camera_1771858113719490737.png,1771858113719490737,1771858113.7194908,42.30087282991489,-83.6979926975765,237.60939025878906,-0.014335996859098143,-0.9996451320323461,-0.009904285621888127,-0.020149300841700333,-0.05192000000000001,-0.023360000000000006,0.011550000000000003,-0.0828,0.2646,-9.8644,5.909452209064324,13.21909002454435,16.489999771118164,16.43000030517578,16.579999923706055,16.469999313354492,13.39003185194584,13.341311732405547,13.463112805648613,13.373791295837517,13.39206192145938,0.013085007863163559,-2.700000047683716,0.0,0.0,0.0,0.0,0.0,0.0,,,,,
pylon_camera_1771858113779600140.png,1771858113779600140,1771858113.7796001,42.30087282041833,-83.69799556395088,237.60572814941406,-0.014709371766553847,-0.9996062388646658,-0.012063734672482371,-0.020626873510593332,-0.08296,-0.008780000000000001,0.011840000000000002,-0.29550000000000004,0.33990000000000004,-8.8284,5.906911795914809,13.213407272753674,16.53999900817871,16.43000030517578,16.559999465942383,16.529998779296875,13.43063169343197,13.341311732405547,13.446872249540291,13.422511415377807,13.410331772688904,0.01490338531691918,-2.5,0.0,0.0,0.0,0.0,0.0,0.0,,,,,
pylon_camera_1771858113829417663.png,1771858113829417663,1771858113.8294177,42.30087279783143,-83.69799985386288,237.59747314453125,-0.01496654116746704,-0.9995766734613016,-0.014431421789307007,-0.020352164078053483,-0.09657000000000002,0.00033000000000000005,0.008640000000000002,0.2943,0.3153,-8.889700000000001,5.905044501136013,13.209230246371193,16.600000381469727,16.479999542236328,16.19999885559082,16.19999885559082,13.479353361756935,13.381911573891678,13.154548434729195,13.154548434729195,13.29259045127675,0.006310754173465703,-2.5,0.0,0.0,0.0,0.0,0.0,0.0,,,,,
pylon_camera_1771858113871777252.png,1771858113871777252,1771858113.8717773,42.300872785533834,-83.69800271377794,237.5936279296875,-0.015216752413791945,-0.9995453008631183,-0.015927620226975272,-0.0205901161322826,-0.04267000000000001,-0.029420000000000005,0.015050000000000001,0.9540000000000001,2.4378,-13.8655,5.90252346775921,13.20359084596929,16.489999771118164,16.35999870300293,16.31999969482422,16.31999969482422,13.39003185194584,13.28446978602642,13.251990222594452,13.251990222594452,13.294620520790291,0.006894312000647197,-2.5,0.0,0.0,0.0,0.0,0.0,0.0,,,,,
pylon_camera_1771858113921690914.png,1771858113921690914,1771858113.921691,42.30087279831566,-83.69800700781204,237.59487915039062,-0.01524145066595406,-0.9995180216608865,-0.01613128184177538,-0.021707240793011673,0.025670000000000002,-0.08169,-0.009450000000000002,-0.3786,2.8502,-10.8671,5.914688389321722,13.230803045609335,16.34000015258789,16.350000381469727,16.329999923706055,16.420000076293945,13.268230778702774,13.276351056756935,13.260110500648613,13.333191454351388,13.284470947614928,0.0040562845520856405,-2.1000001430511475,0.0,0.0,0.0,0.0,0.0,0.0,,,,,
pylon_camera_1771858113972453201.png,1771858113972453201,1771858113.972453,42.30087283636388,-83.6980098695437,237.59701538085938,-0.014975732687595389,-0.9995096941154052,-0.014780230483328298,-0.0231871427014703,0.07965,-0.05555000000000001,-0.015330000000000002,-0.743,2.0699,-8.617600000000001,5.905688810289868,13.210671527289817,16.3799991607666,16.35999870300293,16.44999885559082,16.469999313354492,13.300710342134742,13.28446978602642,13.357550739729195,13.373791295837517,13.32913054093197,0.008966918403613938,-1.399999976158142,0.0,0.0,0.0,0.0,0.0,0.0,,,,,
pylon_camera_1771858114022490426.png,1771858114022490426,1771858114.0224903,42.300872916322895,-83.69801415875172,237.59861755371094,-0.014541519206724085,-0.9995187212563628,-0.012869118882997417,-0.024192061846420202,0.07634000000000002,-0.018150000000000003,-0.018650000000000003,-0.16670000000000001,0.42300000000000004,-8.710700000000001,5.894647769930977,13.1859733824694,16.329999923706055,16.3799991607666,16.43000030517578,16.469999313354492,13.260110500648613,13.300710342134742,13.341311732405547,13.373791295837517,13.318980967756605,0.010087050946427407,-1.100000023841858,0.0,0.0,0.0,0.0,0.0,0.0,,,,,
pylon_camera_1771858114073772223.png,1771858114073772223,1771858114.0737722,42.30087297474973,-83.69801701024237,237.5977783203125,-0.01408364409759183,-0.9995317733825212,-0.011336519733719186,-0.024685386123202733,0.045410000000000006,-0.010570000000000001,-0.019850000000000003,-0.19970000000000002,-0.8662000000000001,-8.972800000000001,5.880792482473854,13.154979935745065,16.31999969482422,16.6299991607666,16.469999313354492,16.479999542236328,13.251990222594452,13.503712647134742,13.373791295837517,13.381911573891678,13.377851434864597,0.016941987004779873,-1.2000000476837158,0.0,0.0,0.0,0.0,0.0,0.0,,,,,
pylon_camera_1771858114123489034.png,1771858114123489034,1771858114.1234891,42.30087304927976,-83.69802127768813,237.59365844726562,-0.013891868058851509,-0.9995427461555206,-0.010454197823570762,-0.024739126047251224,0.027150000000000004,0.0059900000000000005,-0.01093,-0.9066000000000001,-1.1779,-8.7273,5.867590485834577,13.1254478613828,16.420000076293945,16.529998779296875,16.5,16.459999084472656,13.333191454351388,13.422511415377807,13.39815213,13.365671017783358,13.379881504378137,0.01938475895698178,-1.399999976158142,0.0,0.0,0.0,0.0,0.0,0.0,,,,,
pylon_camera_1771858114174647466.png,1771858114174647466,1771858114.1746476,42.30087308520757,-83.6980241207777,237.58920288085938,-0.014028953574489522,-0.9995546028719413,-0.010208325421718793,-0.024281153827711524,0.0010400000000000001,0.02176,0.007240000000000001,-0.6393,-1.2001000000000002,-9.4185,5.856946744714591,13.101638451121858,16.44999885559082,16.40999984741211,16.43000030517578,16.350000381469727,13.357550739729195,13.325071176297227,13.341311732405547,13.276351056756935,13.325071176297225,0.017053800256275252,-1.600000023841858,0.0,0.0,0.0,0.0,0.0,0.0,,,,,
pylon_camera_1771858114233143088.png,1771858114233143088,1771858114.233143,42.3008731125903,-83.69802837784742,237.58143615722656,-0.014232235467639964,-0.9995555596861185,-0.010674964216409982,-0.02392011106040127,-0.023020000000000002,0.021390000000000003,0.007190000000000001,-0.7862,-0.6582,-9.936200000000001,5.856264735438506,13.100112837291812,16.40999984741211,16.350000381469727,16.43000030517578,16.309999465942383,13.325071176297227,13.276351056756935,13.341311732405547,13.24386994454029,13.2966509775,0.015002782239303127,-1.8000000715255737,0.0,0.0,0.0,0.0,0.0,0.0,,,,,
pylon_camera_1771858114275451032.png,1771858114275451032,1771858114.2754512,42.30087311998905,-83.69803121359465,237.57655334472656,-0.01444403383473114,-0.9995462973296365,-0.011697464222363478,-0.02370102765623044,-0.04650000000000001,0.00468,0.006210000000000001,-0.43770000000000003,-0.6452,-10.195500000000001,5.858143103484813,13.104314633909318,16.3799991607666,16.43000030517578,16.389999389648438,16.420000076293945,13.300710342134742,13.341311732405547,13.308830620188905,13.333191454351388,13.321011037270145,0.016536263773772104,-1.8000000715255737,0.0,0.0,0.0,0.0,0.0,0.0,,,,,
pylon_camera_1771858114325337776.png,1771858114325337776,1771858114.325338,42.300873121587266,-83.69803547822482,237.57040405273438,-0.01457146735251924,-0.9995308852682648,-0.012924000351751511,-0.023635819193363414,-0.04057,-0.00525,0.00455,-0.7282000000000001,0.4736,-10.324,5.855042877389135,13.097379614146853,16.350000381469727,16.43000030517578,16.329999923706055,16.43000030517578,13.276351056756935,13.341311732405547,13.260110500648613,13.341311732405547,13.304771255554162,0.01583459039266903,-1.8000000715255737,0.0,0.0,0.0,0.0,0.0,0.0,,,,,
pylon_camera_1771858114376307250.png,1771858114376307250,1771858114.3763072,42.300873128868496,-83.69803832023322,237.56687927246094,-0.014555922348509664,-0.9995223620460916,-0.013723481546596986,-0.023555019605731742,-0.02314,-0.0011800000000000003,-0.0014900000000000002,-0.3803,0.7116,-10.1339,5.851754058348107,13.090022723281216,16.34000015258789,16.299999237060547,16.34000015258789,16.469999313354492,13.268230778702774,13.23574966648613,13.268230778702774,13.373791295837517,13.286500629932299,0.015009745269703603,-1.8000000715255737,0.0,0.0,0.0,0.0,0.0,0.0,,,,,
pylon_camera_1771858114426145808.png,1771858114426145808,1771858114.4261458,42.30087315199086,-83.69804257776619,237.5626678466797,-0.014420783732458031,-0.9995265341869691,-0.013871319055860542,-0.023373809282564648,0.00269,0.01276,-0.007260000000000001,-0.6321,0.9658,-9.6488,5.839000030607162,13.061492728466385,16.469999313354492,16.329999923706055,16.35999870300293,16.420000076293945,13.373791295837517,13.260110500648613,13.28446978602642,13.333191454351388,13.312890759215984,0.01924726644770841,-1.8000000715255737,0.0,0.0,0.0,0.0,0.0,0.0,,,,,
pylon_camera_1771858114477209397.png,1771858114477209397,1771858114.4772093,42.300873177961314,-83.6980454103555,237.55999755859375,-0.014201652422620226,-0.9995447552659225,-0.013443286441314126,-0.022975494303953604,0.025460000000000003,0.018400000000000003,-0.008890000000000002,-0.6062000000000001,1.1188,-9.9297,5.8302174216545355,13.041846559195898,16.420000076293945,16.399999618530273,16.389999389648438,16.43000030517578,13.333191454351388,13.316950898243064,13.308830620188905,13.341311732405547,13.325071176297225,0.02171660399589837,-1.600000023841858,0.0,0.0,0.0,0.0,0.0,0.0,,,,,
pylon_camera_1771858114527172474.png,1771858114527172474,1771858114.5271723,42.3008732290406,-83.69804965682438,237.55641174316406,-0.013986651604172395,-0.9995645520038685,-0.012757289336255074,-0.02263474150503928,0.027600000000000003,0.013840000000000002,-0.009020000000000002,-0.5966,0.7477,-9.7928,5.8296539738212,13.040586160199597,16.389999389648438,16.34000015258789,16.35999870300293,16.34000015258789,13.308830620188905,13.268230778702774,13.28446978602642,13.268230778702774,13.282440490905218,0.018546277577902937,-1.600000023841858,0.0,0.0,0.0,0.0,0.0,0.0,,,,,
pylon_camera_1771858114578223408.png,1771858114578223408,1771858114.5782235,42.30087326838291,-83.69805249019028,237.55409240722656,-0.013775428423143443,-0.9995797849621628,-0.01200552432796343,-0.022502409923520064,0.027790000000000006,0.00144,-0.008440000000000001,-0.5863,-0.0322,-9.6097,5.8295076367801135,13.040258813018909,16.239999771118164,16.299999237060547,16.350000381469727,16.309999465942383,13.18702954694584,13.23574966648613,13.276351056756935,13.24386994454029,13.235750053682299,0.01499136201715713,-1.600000023841858,0.0,0.0,0.0,0.0,0.0,0.0,,,,,
pylon_camera_1771858114628147671.png,1771858114628147671,1771858114.6281476,42.30087332298923,-83.69805673511536,237.5496063232422,-0.013657482630998308,-0.9995928931735558,-0.011337017219346667,-0.02233815403458051,0.035570000000000004,0.012280000000000001,-0.0055000000000000005,-0.6578,-0.2716,-9.532300000000001,5.821979790098111,13.02341947166207,16.260000228881836,16.350000381469727,16.369998931884766,16.31999969482422,13.203270103054162,13.276351056756935,13.292590064080583,13.251990222594452,13.256050361621533,0.017862504579972203,-1.600000023841858,0.0,0.0,0.0,0.0,0.0,0.0,,,,,
pylon_camera_1771858114688284489.png,1771858114688284489,1771858114.6882844,42.300873371637586,-83.69806096894477,237.54409790039062,-0.013651057695003854,-0.9996137819784476,-0.010472167420645885,-0.02182359301458169,0.023370000000000005,0.021320000000000006,0.0029900000000000005,-0.8471000000000001,-0.36710000000000004,-9.7756,5.80683755830878,12.989547207683245,16.270000457763672,16.31999969482422,16.350000381469727,16.31999969482422,13.211390381108323,13.251990222594452,13.276351056756935,13.251990222594452,13.24793047076354,0.019891629704187327,-1.600000023841858,0.0,0.0,0.0,0.0,0.0,0.0,,,,,
pylon_camera_1771858114738365009.png,1771858114738365009,1771858114.738365,42.300873400345154,-83.69806378817533,237.54013061523438,-0.013696893037845659,-0.9996303432573502,-0.010039472662316074,-0.02123160260000272,0.010900000000000002,0.024050000000000002,0.0016300000000000002,-0.2106,-0.464,-9.9001,5.80606963500168,12.987829409320659,16.270000457763672,16.25,16.329999923706055,16.229999542236328,13.211390381108323,13.195149825,13.260110500648613,13.178909268891678,13.211389993912155,0.017213082921389376,-1.600000023841858,0.0,0.0,0.0,0.0,0.0,0.0,,,,,
pylon_camera_1771858114789433517.png,1771858114789433517,1771858114.7894337,42.300873433796085,-83.69806801600085,237.5345916748047,-0.013721120786070906,-0.9996339365161134,-0.01018605939799526,-0.020975414265593788,-0.0073100000000000005,0.006860000000000001,-0.0021300000000000004,-0.3846,-0.1004,-10.1744,5.805412298581622,12.986358987189174,16.279998779296875,16.260000228881836,16.279998779296875,16.25,13.219509110377807,13.203270103054162,13.219509110377807,13.195149825,13.209359537202445,0.017171907093686347,-1.7000000476837158,0.0,0.0,0.0,0.0,0.0,0.0,,,,,
pylon_camera_1771858114839318685.png,1771858114839318685,1771858114.8393188,42.30087345234563,-83.69807083244827,237.5312957763672,-0.01371468741440468,-0.9996314072409196,-0.010449603940684117,-0.020970521790042194,-0.004940000000000001,-0.0049900000000000005,-0.0014700000000000002,-0.5465,0.0611,-10.1301,5.803002170147077,12.980967674488804,16.18000030517578,16.0,16.219999313354492,16.209999084472656,13.138309427405549,12.99214752,13.170788990837517,13.162668712783356,13.115978662756605,0.01040068750291515,-1.7000000476837158,0.0,0.0,0.0,0.0,0.0,0.0,,,,,
pylon_camera_1771858114881386878.png,1771858114881386878,1771858114.8813868,42.30087348046849,-83.69807505668359,237.5271453857422,-0.013686225154497078,-0.9996286469804188,-0.010468166077282532,-0.021110965778380897,0.00885,-0.008780000000000001,-0.0033000000000000004,-0.41190000000000004,0.1713,-10.1637,5.801882932684691,12.978464007439694,16.15999984741211,16.09000015258789,16.209999084472656,16.239999771118164,13.122068871297225,13.065228473702776,13.162668712783356,13.18702954694584,13.1342489011823,0.01200333827279597,-1.7000000476837158,0.0,0.0,0.0,0.0,0.0,0.0,,,,,
pylon_camera_1771858114931283075.png,1771858114931283075,1771858114.9312832,42.30087349962504,-83.69807787076803,237.52496337890625,-0.013610292842415272,-0.9996238239343131,-0.010395352228820359,-0.021422119496534033,0.005370000000000001,-0.018900000000000004,-0.0061400000000000005,-0.48090000000000005,0.5728,-10.281,5.794748032262696,12.962503663289716,16.219999313354492,16.149999618530273,16.119998931884766,16.170000076293945,13.170788990837517,13.113948593243066,13.089587759080583,13.130189149351388,13.126128623128137,0.012622944154053557,-1.7000000476837158,0.0,0.0,0.0,0.0,0.0,0.0,,,,,
pylon_camera_1771858114982434518.png,1771858114982434518,1771858114.9824345,42.30087352807539,-83.69808208473926,237.52261352539062,-0.013551827544567185,-0.9996177939831188,-0.010422255494458531,-0.02172534264248686,0.00269,-0.009850000000000003,-0.00286,-0.7314,0.7338,-9.6873,5.781217504977285,12.932236685583888,16.079999923706055,16.079999923706055,16.239999771118164,16.209999084472656,13.057108195648613,13.057108195648613,13.18702954694584,13.162668712783356,13.115978662756607,0.014208058639813179,-1.7000000476837158,0.0,0.0,0.0,0.0,0.0,0.0,,,,,
pylon_camera_1771858115032364178.png,1771858115032364178,1771858115.0323644,42.300873547805836,-83.69808488667876,237.5207977294922,-0.01347306888944283,-0.999614569982811,-0.010674729900736797,-0.02179995491569799,-0.0023500000000000005,0.008830000000000003,-0.0028200000000000005,-0.5855,0.7931,-9.2567,5.767651940233537,12.90189133118601,16.049999237060547,16.06999969482422,16.229999542236328,16.229999542236328,13.03274736148613,13.048987917594452,13.178909268891678,13.178909268891678,13.109888454215985,0.016121444344149194,-1.7000000476837158,0.0,0.0,0.0,0.0,0.0,0.0,,,,,
pylon_camera_1771858115092461534.png,1771858115092461534,1771858115.0924616,42.30087357339381,-83.69808907961117,237.51698303222656,-0.013392835689643445,-0.9996198488522372,-0.010804528931336113,-0.021541863600728,0.0035500000000000006,0.013660000000000002,-0.0034600000000000004,-0.37010000000000004,0.25320000000000004,-9.4884,5.754342088467477,12.87211799137644,16.03999900817871,16.079999923706055,16.15999984741211,16.19999885559082,13.02462708343197,13.057108195648613,13.122068871297225,13.154548434729195,13.08958814627675,0.016894667609945943,-1.7000000476837158,0.0,0.0,0.0,0.0,0.0,0.0,,,,,
pylon_camera_1771858115135150691.png,1771858115135150691,1771858115.1351507,42.30087359180964,-83.69809186882497,237.51414489746094,-0.013351013268317835,-0.9996289503620028,-0.010740135828874191,-0.021174548997486806,0.01093,0.017370000000000003,-0.003110000000000001,-0.6522,0.6832,-9.9841,5.742188653920616,12.844931487501183,16.09000015258789,16.049999237060547,16.06999969482422,16.15999984741211,13.065228473702776,13.03274736148613,13.048987917594452,13.122068871297225,13.067258156020145,0.01730851338018406,-1.7000000476837158,0.0,0.0,0.0,0.0,0.0,0.0,,,,,
pylon_camera_1771858115194142153.png,1771858115194142153,1771858115.194142,42.300873624675944,-83.69809604627429,237.51023864746094,-0.013240003532439815,-0.9996363425246362,-0.01059595816677001,-0.020966894881150094,0.007130000000000001,0.010540000000000002,-0.006540000000000001,-0.6031000000000001,0.7859,-10.037600000000001,5.736142285283424,12.831406123641903,16.020000457763672,15.989999771118164,16.09000015258789,16.10999870300293,13.008388076108323,12.98402724194584,13.065228473702776,13.08146748102642,13.03477781819584,0.015849525187985738,-1.7000000476837158,0.0,0.0,0.0,0.0,0.0,0.0,,,,,
pylon_camera_1771858115236213250.png,1771858115236213250,1771858115.2362132,42.30087364851197,-83.6980988269031,237.50823974609375,-0.013115110662413276,-0.9996403457768606,-0.010381765145518633,-0.020961677411287735,0.003910000000000001,-0.0005200000000000001,-0.00459,-0.8036000000000001,0.5979,-9.834,5.729187339669885,12.815848327601152,15.969999313354492,16.170000076293945,16.059999465942383,16.059999465942383,12.967786685837519,13.130189149351388,13.040867639540291,13.040867639540291,13.044927778567374,0.017874700535653106,-1.7000000476837158,0.0,0.0,0.0,0.0,0.0,0.0,,,,,
pylon_camera_1771858115285890481.png,1771858115285890481,1771858115.2858906,42.300873685665614,-83.69810299434047,237.5054473876953,-0.012968501772544105,-0.9996433320936878,-0.010204943796949176,-0.02099727802610813,-0.00075,-0.00025000000000000006,-0.004130000000000001,-0.928,0.030500000000000003,-9.6676,5.720751418815013,12.796977678804055,15.9399995803833,15.9399995803833,16.0,16.06999969482422,12.943426626067373,12.943426626067373,12.99214752,13.048987917594452,12.9819971724323,0.014458061760527788,-1.7000000476837158,0.0,0.0,0.0,0.0,0.0,0.0,,,,,
pylon_camera_1771858115336553519.png,1771858115336553519,1771858115.3365536,42.300873708669826,-83.69810576866259,237.5032958984375,-0.012831031601193088,-0.9996475027581391,-0.010128906463390212,-0.020919849696438734,-0.0020700000000000002,0.0033300000000000005,-0.00305,-0.9303,-0.2728,-9.4981,5.711033613188082,12.77523953068495,15.929999351501465,15.880000114440918,15.989999771118164,16.029998779296875,12.93530634801321,12.894706506527081,12.98402724194584,13.016506805377809,12.957636725465985,0.014277399209849209,-1.8000000715255737,0.0,0.0,0.0,0.0,0.0,0.0,,,,,
pylon_camera_1771858115388577504.png,1771858115388577504,1771858115.3885775,42.30087373911918,-83.69810991903402,237.49916076660156,-0.012741662511320917,-0.9996561003001276,-0.010053631560876946,-0.0205974673595353,-0.00185,0.009750000000000002,-0.00015000000000000001,-0.744,-0.24750000000000003,-9.3645,5.70039403475687,12.751439432109033,15.899999618530273,15.949999809265137,16.020000457763672,15.969999313354492,12.910946288243066,12.951546904121534,13.008388076108323,12.967786685837519,12.95966698857761,0.016329729484833307,-1.8000000715255737,0.0,0.0,0.0,0.0,0.0,0.0,,,,,
pylon_camera_1771858115436076146.png,1771858115436076146,1771858115.436076,42.30087375880943,-83.69811268044323,237.49571228027344,-0.0127034711524453,-0.999666689660415,-0.010026372087443882,-0.020114752467539954,-0.0013800000000000002,0.014020000000000003,0.00010000000000000002,-0.463,-0.038,-9.8739,5.691026754122919,12.730485387367722,15.829999923706055,15.90999984741211,15.989999771118164,16.010000228881836,12.854105890648613,12.919066566297225,12.98402724194584,13.00026779805416,12.939366874236459,0.01640797507029915,-1.899999976158142,0.0,0.0,0.0,0.0,0.0,0.0,,,,,
pylon_camera_1771858115486877717.png,1771858115486877717,1771858115.4868777,42.300873783490545,-83.69811681561328,237.49037170410156,-0.012669999615786853,-0.9996742740482116,-0.010088200825238128,-0.019724226728224672,-0.00021000000000000004,0.011000000000000001,0.00015000000000000001,-0.5631,0.405,-10.1357,5.6812664691475305,12.708652215494878,15.84999942779541,15.880000114440918,16.100000381469727,15.920000076293945,12.870345672364598,12.894706506527081,13.073348751756935,12.927186844351388,12.941396943750002,0.018313879733946353,-1.899999976158142,0.0,0.0,0.0,0.0,0.0,0.0,,,,,
pylon_camera_1771858115536880185.png,1771858115536880185,1771858115.53688,42.300873798501385,-83.69811957088741,237.4871063232422,-0.012604428141453794,-0.9996794867440062,-0.01012718824014543,-0.01948056038250336,0.0008200000000000001,0.00759,-0.00316,-0.5741,0.2963,-10.2751,5.6740887265505595,12.69259603597001,15.829999923706055,15.799999237060547,15.90999984741211,15.90999984741211,12.854105890648613,12.82974505648613,12.919066566297225,12.919066566297225,12.880496019932298,0.014803904845769348,-1.899999976158142,0.0,0.0,0.0,0.0,0.0,0.0,,,,,
pylon_camera_1771858115587508687.png,1771858115587508687,1771858115.5875087,42.30087382259546,-83.69812370031211,237.48326110839844,-0.012522301060808705,-0.9996814717992504,-0.010179252055846976,-0.01940437437823197,0.0038500000000000006,0.004370000000000001,-0.00515,-0.5978,0.6073000000000001,-10.095600000000001,5.663807689270034,12.669597972435712,15.839999198913574,15.789999961853027,15.859999656677246,15.859999656677246,12.862225394310435,12.821625552824306,12.878465950418759,12.878465950418759,12.860195711993065,0.015043708566919148,-1.899999976158142,0.0,0.0,0.0,0.0,0.0,0.0,,,,,
pylon_camera_1771858115637730727.png,1771858115637730727,1771858115.6377308,42.30087383975497,-83.69812644839577,237.48175048828125,-0.012438481107550359,-0.9996823571951343,-0.0100896983249742,-0.01945936505203183,-0.00099,-0.0039000000000000007,-0.0020800000000000003,-0.7425,0.5919,-10.0843,5.652990788752609,12.645401214992262,15.679999351501465,15.829999923706055,15.829999923706055,15.829999923706055,12.732304043013212,12.854105890648613,12.854105890648613,12.854105890648613,12.823655428739762,0.014096366791127518,-1.899999976158142,0.0,0.0,0.0,0.0,0.0,0.0,,,,,
pylon_camera_1771858115697672191.png,1771858115697672191,1771858115.6976721,42.30087386462433,-83.69813056083048,237.48025512695312,-0.012349519561761835,-0.9996831245302149,-0.010150070690918571,-0.019445204063460442,-0.00812,0.01048,-0.0025700000000000007,-0.7487,0.5684,-9.6853,5.630548753679103,12.595199729054935,15.719999313354492,15.769999504089355,15.809999465942383,15.799999237060547,12.764784380837519,12.805384996715986,12.837865334540291,12.82974505648613,12.809444942144982,0.01701006873244102,-1.899999976158142,0.0,0.0,0.0,0.0,0.0,0.0,,,,,
pylon_camera_1771858115738445617.png,1771858115738445617,1771858115.7384455,42.30087387992237,-83.69813329578176,237.47950744628906,-0.012296230254597529,-0.9996846020161491,-0.01031971488636511,-0.01931327776435865,-0.01795,0.009970000000000001,-0.0009400000000000002,-0.8902,-0.1428,-9.7615,5.619401026606513,12.570262932457174,15.670000076293945,15.670000076293945,15.789999961853027,15.789999961853027,12.724184539351388,12.724184539351388,12.821625552824306,12.821625552824306,12.772905046087848,0.016120753775757515,-1.899999976158142,0.0,0.0,0.0,0.0,0.0,0.0,,,,,
pylon_camera_1771858115789531381.png,1771858115789531381,1771858115.7895315,42.30087389723225,-83.69813738742862,237.4781036376953,-0.01225954178525579,-0.9996867984557618,-0.010567699054955366,-0.019087492375081835,-0.00986,0.00693,0.00048,-0.7402000000000001,0.0018000000000000002,-9.5304,5.610897210374879,12.551240405775982,15.630000114440918,15.579999923706055,15.789999961853027,15.779999732971191,12.691704201527081,12.651103585648613,12.821625552824306,12.813505274770145,12.744484653692536,0.015396426302823849,-2.0,0.0,0.0,0.0,0.0,0.0,0.0,,,,,
pylon_camera_1771858115839321070.png,1771858115839321070,1771858115.8393211,42.30087390270283,-83.69814011716059,237.47618103027344,-0.01224391045697576,-0.9996876518966431,-0.010730029737534248,-0.01896185022431393,-0.0101,-0.00037000000000000005,0.0008800000000000001,-0.8546,0.1258,-9.7188,5.6026114766632364,12.532705716607062,15.639999389648438,15.569999694824219,15.719999313354492,15.769999504089355,12.699823705188903,12.642983307594454,12.764784380837519,12.805384996715986,12.728244097584216,0.015602247862410686,-2.200000047683716,0.0,0.0,0.0,0.0,0.0,0.0,,,,,
pylon_camera_1771858115890742639.png,1771858115890742639,1771858115.8907425,42.30087391432743,-83.69814419892283,237.4730682373047,-0.012245881785217683,-0.9996857230839271,-0.010923523116544157,-0.018951783140128093,-0.007260000000000001,-0.0037200000000000006,0.0016200000000000001,-0.7294,0.5024000000000001,-9.7583,5.594473817548329,12.51450226142656,15.529999732971191,15.479999542236328,15.65999984741211,15.679999351501465,12.610502969770145,12.56990235389168,12.716064261297227,12.732304043013212,12.657193406993066,0.011402063189226664,-2.5,0.0,0.0,0.0,0.0,0.0,0.0,,,,,
pylon_camera_1771858115940487792.png,1771858115940487792,1771858115.9404876,42.300873929375086,-83.69814827425816,237.46929931640625,-0.012192930997782292,-0.9996833609096825,-0.011016629026463293,-0.019056343796697323,-0.006740000000000001,-0.0032000000000000006,8e-05,-0.6596000000000001,0.5749000000000001,-9.7553,5.58351731564918,12.489993224068279,15.460000038146973,15.449999809265137,15.630000114440918,15.619999885559082,12.553662572175694,12.545542294121534,12.691704201527081,12.68358392347292,12.618623247824306,0.010298646400236384,-2.6000001430511475,0.0,0.0,0.0,0.0,0.0,0.0,,,,,
pylon_camera_1771858115991795077.png,1771858115991795077,1771858115.9917953,42.30087394152474,-83.69815098339144,237.4667205810547,-0.012127074810601823,-0.9996803261286789,-0.011142175509769984,-0.019184147953611116,-0.0022400000000000007,-0.005330000000000001,-0.0021400000000000004,-0.5582,0.6418,-9.7821,5.57281068050269,12.466043123643688,15.529999732971191,15.429999351501465,15.559999465942383,15.549999237060547,12.610502969770145,12.529301738013212,12.634863029540291,12.62674275148613,12.600352622202443,0.010774028071827974,-2.6000001430511475,0.0,0.0,0.0,0.0,0.0,0.0,,,,,
pylon_camera_1771858116041496749.png,1771858116041496749,1771858116.0414968,42.30087396008566,-83.69815503875796,237.46249389648438,-0.012053428245250797,-0.9996800635286538,-0.011099525352845311,-0.01926878272814907,0.00483,-0.00205,-0.00286,-0.6692,0.6821,-9.7894,5.55721971721019,12.431167074216162,15.40999984741211,15.59999942779541,15.549999237060547,15.539999961853027,12.513061956297227,12.667343367364598,12.62674275148613,12.618623247824306,12.606442830743063,0.01409970242379295,-2.6000001430511475,0.0,0.0,0.0,0.0,0.0,0.0,,,,,
pylon_camera_1771858116092844797.png,1771858116092844797,1771858116.0928447,42.30087397378081,-83.69815773443403,237.45985412597656,-0.011976945269270012,-0.9996843551117407,-0.010824872923629176,-0.01925006631227898,0.011860000000000002,0.00281,-0.0024100000000000002,-0.6336,0.3909,-9.9719,5.5404314057974675,12.393612628884588,15.40999984741211,15.309999465942383,15.479999542236328,15.529999732971191,12.513061956297227,12.431860724540291,12.56990235389168,12.610502969770145,12.531332001124836,0.011112124960181421,-2.6000001430511475,0.0,0.0,0.0,0.0,0.0,0.0,,,,,
pylon_camera_1771858116142792309.png,1771858116142792309,1771858116.1427922,42.30087399721402,-83.69816176663024,237.45639038085938,-0.011882661046641929,-0.9996894390937667,-0.010449352501827606,-0.019251980758698047,0.00916,0.0017000000000000001,-0.0036300000000000004,-0.6639,-0.019,-9.9765,5.525216583208819,12.359577983643137,15.329999923706055,15.25999927520752,15.479999542236328,15.449999809265137,12.448101280648613,12.391260108661823,12.56990235389168,12.545542294121534,12.488701509330912,0.010447243899319216,-2.6000001430511475,0.0,0.0,0.0,0.0,0.0,0.0,,,,,
pylon_camera_1771858116195411343.png,1771858116195411343,1771858116.1954114,42.30087400926439,-83.69816444887671,237.4542694091797,-0.011809139905682664,-0.9996933169960222,-0.010131255588951085,-0.019265872115481773,0.00408,-0.005180000000000001,-0.00020000000000000004,-0.7492000000000001,-0.0158,-10.2375,5.506310874718594,12.31728704809301,15.299999237060547,15.210000038146973,15.429999351501465,15.389999389648438,12.42374044648613,12.350660267175694,12.529301738013212,12.496821400188903,12.450130962965986,0.010785160267377398,-2.6000001430511475,0.0,0.0,0.0,0.0,0.0,0.0,,,,,
pylon_camera_1771858116245654271.png,1771858116245654271,1771858116.2456543,42.30087402657206,-83.69816845774882,237.45286560058594,-0.011770778127599302,-0.9996906192049628,-0.010140026711498398,-0.01942407048378672,-0.0024400000000000003,-0.01137,-0.0014700000000000002,-1.0061,-0.09480000000000001,-10.0988,5.489872897337063,12.280516278969172,15.229999542236328,15.15999984741211,15.399999618530273,15.40999984741211,12.36690004889168,12.310059651297227,12.504941678243066,12.513061956297227,12.4237408336823,0.011662747026230975,-2.6000001430511475,0.0,0.0,0.0,0.0,0.0,0.0,,,,,
pylon_camera_1771858116304700114.png,1771858116304700114,1771858116.3047001,42.30087403521871,-83.69817245389358,237.45228576660156,-0.011752301834880463,-0.9996854417645753,-0.010283817450074359,-0.019625086603659036,0.0009100000000000001,-0.008870000000000001,-0.0007100000000000001,-1.0173,0.1713,-9.6098,5.471474445544916,12.239360046217246,15.149999618530273,15.139999389648438,15.339999198913574,15.34999942779541,12.301939373243066,12.293819095188905,12.456220784310437,12.464341062364598,12.37908007877675,0.011415632192525178,-2.6000001430511475,0.0,0.0,0.0,0.0,0.0,0.0,,,,,
pylon_camera_1771858116356294282.png,1771858116356294282,1771858116.3562944,42.300874042272234,-83.69817510688944,237.4517059326172,-0.011713405781660136,-0.9996846002708959,-0.010334058677265341,-0.019664774025348872,-0.005220000000000001,0.0016300000000000002,-0.00143,-0.8077000000000001,-0.2518,-9.3474,5.4476128387746225,12.185983063568505,15.089999198913574,15.039999961853027,15.289999961853027,15.279999732971191,12.253218479310437,12.212618637824306,12.415620942824306,12.407500664770147,12.3222396811823,0.011181421876512382,-2.6000001430511475,0.0,0.0,0.0,0.0,0.0,0.0,,,,,
pylon_camera_1771858116395871019.png,1771858116395871019,1771858116.395871,42.30087404741121,-83.69817775319576,237.45066833496094,-0.011693974997260492,-0.9996865222667791,-0.010474346722963494,-0.01950374855362434,-0.00223,0.010560000000000002,-0.00239,-0.6285000000000001,0.307,-9.215300000000001,5.432406237154083,12.151966808139456,15.119999885559082,15.039999961853027,15.25999927520752,15.25999927520752,12.27757931347292,12.212618637824306,12.391260108661823,12.391260108661823,12.31817954215522,0.013677846281182508,-2.6000001430511475,0.0,0.0,0.0,0.0,0.0,0.0,,,,,
pylon_camera_1771858116447310478.png,1771858116447310478,1771858116.4473107,42.30087405481323,-83.69818170711815,237.44732666015625,-0.011635764708651575,-0.9996941744676799,-0.010495531945411375,-0.019131396295396837,0.0008100000000000001,0.019800000000000005,-0.004890000000000001,-0.5792,0.3677,-9.129800000000001,5.411983760169572,12.106282952473723,15.039999961853027,14.979999542236328,15.199999809265137,15.1899995803833,12.212618637824306,12.16389774389168,12.342539989121533,12.33441971106737,12.263369020476222,0.012975582069176836,-2.6000001430511475,0.0,0.0,0.0,0.0,0.0,0.0,,,,,
pylon_camera_1771858116496465593.png,1771858116496465593,1771858116.4964657,42.30087405899009,-83.69818433441178,237.44386291503906,-0.011557240467458929,-0.9997055154951273,-0.010393109359019312,-0.01863587291356782,-0.0017000000000000001,0.020510000000000004,-0.004720000000000001,-0.5268,0.0032,-9.5851,5.396112943237935,12.070780887246668,14.979999542236328,14.979999542236328,15.119999885559082,15.149999618530273,12.16389774389168,12.16389774389168,12.27757931347292,12.301939373243066,12.226828543624835,0.012927718416547388,-2.6000001430511475,0.0,0.0,0.0,0.0,0.0,0.0,,,,,
pylon_camera_1771858116546598868.png,1771858116546598868,1771858116.546599,42.30087406664147,-83.69818826348956,237.4385986328125,-0.011460645915359724,-0.9997111826125461,-0.010592645560351827,-0.018275689170587903,-0.01793,0.012190000000000003,-0.0035300000000000006,-0.6396000000000001,-0.1399,-9.8602,5.38432509614498,12.044412180570552,14.880000114440918,14.889999389648438,15.079999923706055,15.069999694824219,12.082697286527083,12.090816790188905,12.245098975648615,12.236978697594452,12.163897937489764,0.009920430746463593,-2.6000001430511475,0.0,0.0,0.0,0.0,0.0,0.0,,,,,
pylon_camera_1771858116597554726.png,1771858116597554726,1771858116.5975547,42.30087407170359,-83.69819087512529,237.4351806640625,-0.011379356998007295,-0.9997112037309812,-0.01096952078010397,-0.018102181717127706,-0.00855,0.0022,-0.0025000000000000005,-0.6817000000000001,0.09000000000000001,-9.9422,5.367938683212207,12.007756758024716,14.869999885559082,14.84999942779541,15.00999927520752,15.0,12.07457700847292,12.058336452364598,12.188257803661823,12.180138300000001,12.125327391124836,0.00979122374556336,-2.6000001430511475,0.0,0.0,0.0,0.0,0.0,0.0,,,,,
pylon_camera_1771858116647289349.png,1771858116647289349,1771858116.6472893,42.30087407874258,-83.69819478020749,237.43028259277344,-0.011317160388516767,-0.9997182677259926,-0.010813301156813108,-0.017843194046286755,0.018030000000000004,0.0074,-0.0007800000000000001,-0.8206,0.49150000000000005,-10.0815,5.345274748134304,11.95705889509155,14.670000076293945,14.769999504089355,15.0,15.049999237060547,11.912175319351388,11.993375776715984,12.180138300000001,12.22073814148613,12.076606884388376,0.009998109932025321,-2.6000001430511475,0.0,0.0,0.0,0.0,0.0,0.0,,,,,
pylon_camera_1771858116698665844.png,1771858116698665844,1771858116.6986656,42.30087408816427,-83.69819737180447,237.4275360107422,-0.011271211478127707,-0.999731043024862,-0.010236018855482731,-0.017493579457240095,0.024330000000000004,0.011890000000000001,1e-05,-0.4731,0.40040000000000003,-10.6064,5.325588582776277,11.913022124355566,14.789999961853027,14.710000038146973,14.960000038146973,14.929999351501465,12.009616332824306,11.944655657175694,12.147657962175694,12.123297128013212,12.056306770047227,0.012027564810672457,-2.6000001430511475,0.0,0.0,0.0,0.0,0.0,0.0,,,,,
pylon_camera_1771858116748402148.png,1771858116748402148,1771858116.748402,42.30087410192091,-83.69820124787707,237.4250030517578,-0.011175594124226862,-0.9997376883277209,-0.009884200026490542,-0.017377089024102142,0.0031700000000000005,-0.00025000000000000006,-0.004350000000000001,-0.684,0.16870000000000002,-10.4694,5.308302042347659,11.874353170609172,14.729999542236328,14.579999923706055,14.84999942779541,14.819999694824219,11.96089543889168,11.839094365648613,12.058336452364598,12.033976392594452,11.973075662374836,0.00831392584903205,-2.6000001430511475,0.0,0.0,0.0,0.0,0.0,0.0,,,,,
pylon_camera_1771858116799561848.png,1771858116799561848,1771858116.7995617,42.300874105114985,-83.6982038276021,237.42416381835938,-0.011083493678618828,-0.9997330197371526,-0.01021154583047194,-0.017514843615128436,-0.021920000000000002,-0.006350000000000001,-0.0027900000000000004,-0.7662,-0.15030000000000002,-10.1274,5.291690331997091,11.837193771257574,14.59999942779541,14.589999198913574,14.769999504089355,14.819999694824219,11.855334147364598,11.847213869310437,11.993375776715984,12.033976392594452,11.932475046496368,0.00804931279152921,-2.700000047683716,0.0,0.0,0.0,0.0,0.0,0.0,,,,,
pylon_camera_1771858116849412838.png,1771858116849412838,1771858116.849413,42.30087410469433,-83.69820768465839,237.424072265625,-0.01108260380379189,-0.9997193864961191,-0.010924712748558447,-0.017859865848123293,-0.023410000000000004,-0.014730000000000002,-0.00055,-0.7239,-0.21130000000000002,-9.866900000000001,5.275506679915607,11.800991912570419,14.50999927520752,14.529999732971191,14.739999771118164,14.769999504089355,11.782253193661825,11.798493749770145,11.96901571694584,11.993375776715984,11.885784609273449,0.007185217762305938,-2.700000047683716,0.0,0.0,0.0,0.0,0.0,0.0,,,,,
pylon_camera_1771858116909231848.png,1771858116909231848,1771858116.909232,42.30087410085252,-83.69821152455692,237.42425537109375,-0.01120157316720588,-0.9997067675160514,-0.011218204013088153,-0.018304525121076477,-0.00032,-0.013260000000000003,0.00553,-0.9262,-0.14400000000000002,-9.4331,5.250291417699283,11.744586883908235,14.469999313354492,14.319999694824219,14.699999809265137,14.630000114440918,11.749772855837517,11.627971782594452,11.936535379121532,11.879694981527082,11.798493749770145,0.004589932910775249,-2.799999952316284,0.0,0.0,0.0,0.0,0.0,0.0,,,,,
pylon_camera_1771858116950200364.png,1771858116950200364,1771858116.9502003,42.30087410228545,-83.69821406981764,237.4240264892578,-0.011302262859401113,-0.9997036992752601,-0.011129517126155217,-0.01846364964344628,0.013100000000000002,-0.0029500000000000004,0.0009200000000000001,-0.7603000000000001,0.2969,-9.333,5.227792783079672,11.694258788182243,14.489999771118164,14.369999885559082,14.589999198913574,14.609999656677246,11.76601341194584,11.66857239847292,11.847213869310437,11.863454425418759,11.786313526286989,0.007871789035297661,-3.0,0.0,0.0,0.0,0.0,0.0,0.0,,,,,
pylon_camera_1771858117001908413.png,1771858117001908413,1771858117.0019085,42.30087410404742,-83.69821787041825,237.42247009277344,-0.011349345815029777,-0.9997065251942626,-0.010954668523979269,-0.018386165209576807,0.008870000000000001,0.009240000000000002,-0.00117,-0.7471,0.32320000000000004,-9.342600000000001,5.201321306345538,11.635043683016589,14.380000114440918,14.34999942779541,14.589999198913574,14.559999465942383,11.67669267652708,11.652331842364598,11.847213869310437,11.822853809540293,11.749773049435602,0.009860673457245447,-3.6000001430511475,0.0,0.0,0.0,0.0,0.0,0.0,,,,,
pylon_camera_1771858117051701639.png,1771858117051701639,1771858117.0517018,42.30087410806686,-83.69822039077793,237.42063903808594,-0.01130926966493806,-0.9997116398593316,-0.011005286481017597,-0.018100309911223134,-0.005110000000000001,0.017210000000000003,-0.004000000000000001,-0.7605000000000001,0.1899,-9.3544,5.178500930684096,11.58399587188448,14.319999694824219,14.210000038146973,14.589999198913574,14.50999927520752,11.627971782594452,11.538651047175694,11.847213869310437,11.782253193661825,11.699022473185602,0.009929786109498044,-4.599999904632568,0.0,0.0,0.0,0.0,0.0,0.0,,,,,
pylon_camera_1771858117102719552.png,1771858117102719552,1771858117.1027195,42.300874110343194,-83.69822415705433,237.4165802001953,-0.011261872985086463,-0.9997142737085447,-0.01136955857876558,-0.01775596513819498,-0.019770000000000003,0.018780000000000005,-0.0021000000000000003,-0.6942,0.027600000000000003,-9.410400000000001,5.161456523720963,11.54586855617237,14.269999504089355,14.170000076293945,14.479999542236328,14.460000038146973,11.587371166715984,11.506170709351387,11.757893133891677,11.741653352175694,11.648272090533686,0.008869279419136511,-5.800000190734863,0.0,0.0,0.0,0.0,0.0,0.0,,,,,
pylon_camera_1771858117152437184.png,1771858117152437184,1771858117.1524372,42.30087410752671,-83.69822666015196,237.41323852539062,-0.011239069568835913,-0.9997138257059878,-0.011882772636395663,-0.017457082287613196,-0.01963,0.00956,0.00027000000000000006,-0.7563000000000001,0.045000000000000005,-9.7599,5.143875254797121,11.506540312465871,14.170000076293945,14.130000114440918,14.479999542236328,14.359999656677246,11.506170709351387,11.47369037152708,11.757893133891677,11.66045212041876,11.599551583797227,0.008083339457872525,-6.599999904632568,0.0,0.0,0.0,0.0,0.0,0.0,,,,,
pylon_camera_1771858117212358897.png,1771858117212358897,1771858117.212359,42.3008741083486,-83.69823039944433,237.4092559814453,-0.011322310482433873,-0.9997112765667484,-0.012243556096493217,-0.017299252143767263,-0.011340000000000001,0.006820000000000001,0.004950000000000001,-0.8507,0.4106,-10.1495,5.119670916743439,11.452396660500069,14.09999942779541,14.019999504089355,14.299999237060547,14.289999961853027,11.449329537364598,11.384368861715986,11.61173122648613,11.603611722824308,11.512260337097754,0.005227174570730473,-6.700000286102295,0.0,0.0,0.0,0.0,0.0,0.0,,,,,
pylon_camera_1771858117262257038.png,1771858117262257038,1771858117.262257,42.300874110085516,-83.6982341216008,237.40670776367188,-0.011394702668383494,-0.9997095749370014,-0.012296127028871357,-0.017312763802147392,0.00444,0.0033600000000000006,0.0032400000000000003,-0.7884,0.3604,-9.9907,5.098234364681048,11.404444379729624,14.09999942779541,13.969999313354492,14.25,14.329999923706055,11.449329537364598,11.343768245837518,11.571131385000001,11.636092060648613,11.500080307212682,0.008385847157362897,-6.5,0.0,0.0,0.0,0.0,0.0,0.0,,,,,
pylon_camera_1771858117305657682.png,1771858117305657682,1771858117.3056576,42.30087411400426,-83.69823658965886,237.40586853027344,-0.011466076633750155,-0.9997095661238089,-0.012196658170722931,-0.017336493781641517,0.008380000000000002,0.00015000000000000001,0.0020900000000000003,-0.8072,0.3478,-10.0934,5.076033830109184,11.35478311592444,13.989999771118164,13.719999313354492,14.229999542236328,14.1899995803833,11.36000880194584,11.140765940837518,11.554890828891677,11.522410491067372,11.394519015685603,0.0034994855784991883,-6.5,0.0,0.0,0.0,0.0,0.0,0.0,,,,,
pylon_camera_1771858117357495142.png,1771858117357495142,1771858117.357495,42.300874117128465,-83.69823905261569,237.40541076660156,-0.011518569562666225,-0.9997066557394377,-0.012230918246894481,-0.01744504698581309,-0.007150000000000001,-0.005930000000000001,-5.000000000000001e-05,-0.8382000000000001,0.21480000000000002,-9.7758,5.056329830735125,11.31070645156463,13.929999351501465,13.799999237060547,14.15999984741211,14.09999942779541,11.311287908013211,11.20572661648613,11.498050431297225,11.449329537364598,11.366098623290291,0.004897322016344805,-6.5,0.0,0.0,0.0,0.0,0.0,0.0,,,,,
pylon_camera_1771858117407389374.png,1771858117407389374,1771858117.4073894,42.30087412115995,-83.6982427296784,237.4048614501953,-0.011572157053283627,-0.9997001228375086,-0.012599385090997534,-0.017521560293907595,-0.020310000000000005,-0.0016100000000000003,0.0028300000000000005,-0.7312000000000001,-0.0017000000000000001,-9.752500000000001,5.035395225377972,11.263876995457,13.90999984741211,13.799999237060547,14.059999465942383,14.029999732971191,11.295048126297226,11.20572661648613,11.416849199540291,11.392489139770145,11.327528270523448,0.005650920645894846,-6.5,0.0,0.0,0.0,0.0,0.0,0.0,,,,,
pylon_camera_1771858117455893010.png,1771858117455893010,1771858117.455893,42.30087412117052,-83.69824517025701,237.40408325195312,-0.01166474699517761,-0.9996924214783851,-0.013102934581455875,-0.017530237350796684,-0.017630000000000003,-0.0008000000000000001,0.005170000000000001,-0.8504,0.25730000000000003,-9.416,5.013887561932349,11.21576564278895,13.829999923706055,13.719999313354492,14.049999237060547,14.019999504089355,11.230087450648613,11.140765940837518,11.40872892148613,11.384368861715986,11.29098779367206,0.006706822635106842,-6.5,0.0,52.0,0.0,0.0,0.0,0.0,,,,,
pylon_camera_1771858117506398775.png,1771858117506398775,1771858117.5063987,42.300874123683144,-83.69824881572328,237.4021759033203,-0.011785244247186855,-0.9996880607131033,-0.013412522834331033,-0.01746406358575951,-0.00493,-0.00096,0.0049900000000000005,-0.803,0.4007,-9.621,4.9954981769883355,11.174629692032289,13.779999732971191,13.630000114440918,13.989999771118164,13.960000038146973,11.189486834770145,11.06768576152708,11.36000880194584,11.335648742175692,11.238207535104689,0.0056894809783032034,-6.400000095367432,0.0,140.0,0.0,0.0,0.0,0.0,,,,,
pylon_camera_1771858117556192412.png,1771858117556192412,1771858117.5561924,42.30087412471267,-83.69825123807398,237.40090942382812,-0.011967722121742685,-0.9996836337487478,-0.013508619422991112,-0.017519224965764194,-0.0010600000000000002,-0.007510000000000001,0.007570000000000001,-0.6843,0.316,-9.9726,4.979563793606024,11.138985432469061,13.65999984741211,13.59999942779541,13.899999618530273,13.829999923706055,11.092045821297226,11.043324927364598,11.286927848243065,11.230087450648613,11.163096511888375,0.0021645669226778848,-6.400000095367432,0.0,248.0,0.0,0.0,0.0,0.0,,,,,
pylon_camera_1771858117607404937.png,1771858117607404937,1771858117.607405,42.30087412451344,-83.69825486041462,237.3991241455078,-0.012135087462063099,-0.9996738969748455,-0.013712514283354325,-0.017799053667058695,-0.012780000000000001,-0.011320000000000002,0.0049700000000000005,-0.6664,0.0887,-9.8636,4.96260119415583,11.101041115254944,13.679999351501465,13.519999504089355,13.859999656677246,13.779999732971191,11.108285603013211,10.978364251715986,11.254447510418759,11.189486834770145,11.132646049979524,0.002847024382348152,-6.400000095367432,0.0,324.0,0.0,0.0,0.0,0.0,,,,,
pylon_camera_1771858117657168294.png,1771858117657168294,1771858117.6571684,42.300874124509235,-83.69825726785457,237.3981475830078,-0.012323181623166646,-0.9996546065702043,-0.014329838427980609,-0.01826095529485335,-0.03135,-0.020890000000000002,0.007090000000000001,-0.7206,-0.1091,-9.93,4.944718108440877,11.061037725495735,13.479999542236328,13.389999389648438,13.75999927520752,13.729999542236328,10.945883913891679,10.872802960188904,11.173246278661823,11.148886218891679,11.03520484290852,0.0023354845384597387,-6.300000190734863,0.0,572.0,0.0,0.0,0.0,0.0,,,,,
pylon_camera_1771858117708409562.png,1771858117708409562,1771858117.7084095,42.3008741186486,-83.698260863696,237.39694213867188,-0.012523278299859775,-0.9996261016422417,-0.015340745198068747,-0.0188543351228992,-0.043820000000000005,-0.023850000000000003,0.006770000000000001,-0.9475,-0.0002,-9.6971,4.9215010468417715,11.009102551722233,13.380000114440918,13.34999942779541,13.670000076293945,13.729999542236328,10.86468345652708,10.840322622364598,11.100166099351387,11.148886218891679,10.988514599283686,0.0018700845361210563,-6.300000190734863,0.0,916.0,0.0,0.0,0.0,0.0,,,,,
pylon_camera_1771858117758179168.png,1771858117758179168,1771858117.7581792,42.30087411152474,-83.69826324931823,237.39620971679688,-0.012700836795565273,-0.9995942481719442,-0.016431062467232613,-0.019494818605366677,-0.038740000000000004,-0.030930000000000006,0.007180000000000001,-1.2059,0.2159,-9.9338,4.891359099241274,10.941676823456778,13.139999389648438,13.179999351501465,13.529999732971191,13.539999961853027,10.669800655188904,10.702280993013211,10.986484529770147,10.994604807824306,10.838292746449142,0.009448650209262357,-6.300000190734863,0.0,1156.0,100.0,0.0,0.0,0.0,,,,,
pylon_camera_1771858117809235823.png,1771858117809235823,1771858117.8092358,42.30087410159505,-83.69826679611079,237.39553833007812,-0.012862865730643103,-0.9995688081338288,-0.017102531059237903,-0.0201059175985619,-0.01454,-0.023360000000000006,0.0053100000000000005,-1.7804,0.6648000000000001,-9.8565,4.8348151106768285,10.815191313677426,12.779999732971191,12.84999942779541,13.34000015258789,13.289999961853027,10.377477614770147,10.434318012364598,10.832203118702774,10.791602502824306,10.608900312165455,0.019074188845007802,-6.200000286102295,0.0,1568.0,656.0,0.0,0.0,0.0,,,,,
pylon_camera_1771858117859047991.png,1771858117859047991,1771858117.859048,42.30087410146789,-83.69826912205663,237.39564514160156,-0.013054739541370486,-0.9995544606360063,-0.017120198846822414,-0.020672512900334967,0.014350000000000002,-0.018920000000000003,0.006530000000000001,-2.3607,0.7338,-9.986500000000001,4.73890068172122,10.600636490969467,12.329999923706055,12.019999504089355,13.119999885559082,12.969999313354492,10.012073620648613,9.760350421715986,10.65356087347292,10.531759025837516,10.239435985418758,0.03407347340496117,-6.099999904632568,0.0,1856.0,860.0,0.0,0.0,0.0,,,,,
pylon_camera_1771858117910773241.png,1771858117910773241,1771858117.9107733,42.30087410604797,-83.6982725403254,237.3964385986328,-0.013243518187266212,-0.9995517961256963,-0.01650000525151394,-0.021179374745679713,0.03465000000000001,-0.01624,0.0020100000000000005,-3.3948,0.9578000000000001,-9.8215,4.61644700023422,10.326714952703936,11.679999351501465,11.319999694824219,12.75,12.380000114440918,9.484267163013211,9.191944122594451,10.353117554999999,10.05267423652708,9.770500769283686,0.05386167682246441,-6.099999904632568,0.0,2284.0,1260.0,0.0,0.0,0.0,,,,,
pylon_camera_1771858117960033483.png,1771858117960033483,1771858117.9600337,42.30087412013511,-83.69827584177574,237.39772033691406,-0.01339669585979919,-0.9995612834086466,-0.015527725316939394,-0.021369581113846854,0.040420000000000005,0.011670000000000002,-0.0009400000000000002,-3.9388,0.7598,-9.9204,4.471654803472985,10.00282349608086,11.029999732971191,10.479999542236328,12.25999927520752,11.869999885559082,8.956461479770146,8.509856253891678,9.955232448661823,9.638549348472921,9.265024882699143,0.07375903550340449,-6.099999904632568,0.0,2472.0,1324.0,0.0,0.0,0.0,,,,,
pylon_camera_1771858118011624427.png,1771858118011624427,1771858118.0116243,42.30087413121672,-83.69827797796474,237.3984832763672,-0.013488089320691232,-0.9995662593022119,-0.014792972845795749,-0.02159936724636874,0.01974,-0.004890000000000001,0.0026800000000000005,-3.7172,0.3272,-9.6684,4.3164013043856455,9.655530733832427,10.09999942779541,10.0,11.779999732971191,11.399999618530273,8.201292657364597,8.1200922,9.565468394770146,9.256904798243067,8.785939512594453,0.09006146272115065,-6.099999904632568,0.0,2736.0,1400.0,0.0,0.0,0.0,,,,,
pylon_camera_1771858118061453418.png,1771858118061453418,1771858118.0614533,42.30087414055097,-83.69828104909212,237.39962768554688,-0.013511556807967895,-0.9995657646086976,-0.014689905528344423,-0.021677793486033672,-0.0043300000000000005,6e-05,-0.00079,-3.5375,0.2978,-9.2593,4.149316418552953,9.281771869317843,8.960000038146973,9.319999694824219,11.75,11.239999771118164,7.275602642175694,7.567925682594453,9.541108335,9.12698344694584,8.377905026678997,0.09738085091562108,-6.099999904632568,0.0,2884.0,1508.0,0.0,0.0,0.0,,,,,
pylon_camera_1771858118112412096.png,1771858118112412096,1771858118.1124122,42.300874138985286,-83.69828301684096,237.3998565673828,-0.013505067151021066,-0.9995598246089794,-0.01488682924900045,-0.021820918950032988,-0.0032700000000000003,-0.005550000000000001,-0.0015900000000000003,-4.1709000000000005,0.6748000000000001,-9.2738,3.995014096573499,8.936606833189122,8.029999732971191,8.139999389648438,10.929999351501465,10.65999984741211,6.520433819770146,6.609754555188903,8.87526024801321,8.656018161297226,7.665366696067371,0.14225087450424354,-6.200000286102295,0.0,3092.0,1896.0,0.0,0.0,0.0,,,,,
pylon_camera_1771858118162132474.png,1771858118162132474,1771858118.1621325,42.300874142061986,-83.69828585438147,237.39892578125,-0.01344307027965791,-0.9995611104189525,-0.014874354264067073,-0.021808805210599722,0.0036000000000000008,-0.006440000000000001,-0.0028300000000000005,-3.3032000000000004,0.39690000000000003,-9.435,3.840694063884032,8.591402179264747,7.389999866485596,7.079999923706055,10.519999504089355,10.260000228881836,6.0007480273850735,5.749025215648612,8.542336591715985,8.331214783054161,7.155831154450959,0.16709391492328496,-6.200000286102295,0.0,3116.0,2028.0,0.0,0.0,0.0,,,,,
pylon_camera_1771858118212919196.png,1771858118212919196,1771858118.2129192,42.300874145870594,-83.69828766416715,237.3974151611328,-0.013360398460417089,-0.9995628514778865,-0.01466517811576457,-0.021921182659891077,0.006010000000000001,-0.00256,-0.004600000000000001,-3.5066,0.38630000000000003,-8.6837,3.679055620839093,8.229826680479801,5.96999979019165,4.809999942779541,10.1899995803833,10.019999504089355,4.847694873033686,3.90576430173646,8.274373611067372,8.136331981715985,6.291041191888375,0.235580354710264,-6.200000286102295,0.0,3172.0,1672.0,1.0,0.0,0.0,,,,,
pylon_camera_1771858118263298841.png,1771858118263298841,1771858118.2632987,42.30087414768243,-83.6982902743261,237.39382934570312,-0.013197434143270237,-0.9995712140957385,-0.014485673888626644,-0.021757319117884404,0.00251,0.00529,-0.0024500000000000004,-3.4324000000000003,0.0286,-9.1812,3.528217504882191,7.892410865371168,7.779999732971191,7.019999980926514,9.84999942779541,9.639999389648438,6.317431514770146,5.700304708912154,7.998290352364598,7.827768385188905,6.96094874030895,0.11801997399161161,-6.300000190734863,0.0,3180.0,1732.0,1.0,0.0,0.0,,,,,
pylon_camera_1771858118313977772.png,1771858118313977772,1771858118.313978,42.300874145358705,-83.69829195777426,237.39027404785156,-0.01306308877761897,-0.9995826147221865,-0.014857710404091755,-0.021052327621740915,-0.028910000000000005,0.02833,-0.0019000000000000002,-2.2213000000000003,-0.30660000000000004,-9.2643,3.4203766077490436,7.651177248938146,8.809999465942383,8.470000267028809,9.449999809265137,9.319999694824219,7.153800794540291,6.877718310229855,7.673486974121532,7.567925682594453,7.318232940371533,0.043515435302824874,-6.300000190734863,0.0,3212.0,1752.0,1.0,0.0,0.0,,,,,
pylon_camera_1771858118376263565.png,1771858118376263565,1771858118.3762636,42.300874128610744,-83.6982943942785,237.38421630859375,-0.013091113871609106,-0.9995719511538235,-0.016366638548441875,-0.02041250466658554,-0.05209000000000001,-0.016200000000000003,0.003920000000000001,-3.3481,0.2985,-11.1197,3.263650385630364,7.300590093631986,6.190000057220459,6.37999963760376,9.059999465942383,9.119999885559082,5.02633711826354,5.180618529330912,7.356803099540292,7.4055239934729205,6.242320685151915,0.14495669458324437,-6.300000190734863,0.0,3224.0,2720.0,1.0,0.0,0.0,,,,,
pylon_camera_1771858118416862090.png,1771858118416862090,1771858118.4168622,42.300874111238635,-83.6982959575758,237.38157653808594,-0.013076460804321122,-0.9995561951637756,-0.01712468993355716,-0.02057094740717258,-0.03345,-0.022730000000000004,-0.006280000000000001,-4.2495,1.4956,-8.3378,3.120190886270105,6.979679801133049,5.789999961853027,4.009999752044678,8.609999656677246,8.550000190734863,4.701533352824307,3.2561567708579924,6.9913991054187585,6.9426789858784685,5.472942053744882,0.21587490978362214,-6.200000286102295,0.0,3224.0,2432.0,1.0,0.0,0.0,,,,,
pylon_camera_1771858118465259966.png,1771858118465259966,1771858118.46526,42.300874094046335,-83.6982981897979,237.37835693359375,-0.012982041169414316,-0.9995492548661626,-0.017572533387403288,-0.02059028348331448,-0.023720000000000005,-0.0039000000000000007,0.00021000000000000004,-3.3282000000000003,0.10490000000000001,-9.7324,2.979290122025429,6.6644932455635635,7.089999675750732,6.539999961853027,8.4399995803833,8.359999656677246,5.757145106506605,5.310540267824307,6.853357476067372,6.7883968004187585,6.177359912704261,0.07309382947962006,-6.700000286102295,0.0,3224.0,2288.0,1.0,0.0,0.0,,,,,
pylon_camera_1771858118515984147.png,1771858118515984147,1771858118.515984,42.30087408680855,-83.69829959810502,237.37672424316406,-0.012797374492404201,-0.9995560513440621,-0.017901072735731084,-0.020086787261226743,-0.016150000000000005,0.043910000000000005,-0.006630000000000001,-2.8747000000000003,0.1039,-10.5716,2.8308436127965972,6.332427311209221,7.179999828338623,6.559999942779541,7.899999618530273,7.919999599456787,5.83022606020938,5.32678043673646,6.414872528243065,6.431112697155218,6.000747930586031,0.05237792150192935,-6.700000286102295,0.0,3320.0,2664.0,1.0,0.0,0.0,,,,,
pylon_camera_1771858118566419169.png,1771858118566419169,1771858118.5664191,42.300874080787224,-83.69830161184001,237.37586975097656,-0.012570331939244062,-0.9995635307619666,-0.01808742266173801,-0.019687048205964435,-0.00051,0.014360000000000001,-0.011670000000000002,-3.1083000000000003,0.5392,-10.2941,2.683405170980141,6.002616363172318,6.25,5.779999732971191,7.509999752044678,7.519999980926514,5.075057625,4.693413074770145,6.098189040857992,6.106309318912153,5.4932422648850725,0.08485867952721311,-6.599999904632568,0.0,3420.0,2880.0,1.0,0.0,0.0,,,,,
pylon_camera_1771858118617221618.png,1771858118617221618,1771858118.6172216,42.30087408409179,-83.6983028893904,237.37608337402344,-0.012230942406603496,-0.9995709739321352,-0.0179273690936669,-0.019669304959467334,0.01467,-0.010080000000000002,-0.01597,-2.8719,0.4974,-10.5084,2.5341101115138502,5.668652272849792,4.259999752044678,5.019999980926514,7.069999694824219,7.149999618530273,3.4591590758579924,4.0762862689121535,5.740904937594452,5.805865613243065,4.770553973901916,0.1584324202155333,-6.700000286102295,0.0,3468.0,3232.0,1.0,0.0,0.0,,,,,
pylon_camera_1771858118668002698.png,1771858118668002698,1771858118.6680028,42.300874096750114,-83.69830468386523,237.37826538085938,-0.011694002987811203,-0.9995803069589464,-0.017425808680417137,-0.01997001316507418,0.031070000000000004,-0.005330000000000001,-0.027270000000000006,-3.3528000000000002,0.7249,-10.1102,2.372652538282682,5.307481368986063,3.929999828338623,2.549999952316284,6.609999656677246,6.690000057220459,3.1911960952093796,2.070623472280383,5.367380665418758,5.43234172826354,4.015385490293015,0.24344802908651356,-6.300000190734863,0.0,3468.0,2900.0,1.0,0.0,0.0,,,,,
pylon_camera_1771858118717625661.png,1771858118717625661,1771858118.7176256,42.30087410926489,-83.69830580282284,237.37979125976562,-0.010975035060066196,-0.9995978526082686,-0.016627043771409767,-0.02017976912137532,0.031020000000000002,-0.005370000000000001,-0.029910000000000006,-3.1949,0.5574,-9.6372,2.229045243201963,4.9862404663282,5.150000095367432,1.4499999284744263,6.159999847412109,6.359999656677246,4.181847560439234,1.1774133109205749,5.001976671297226,5.164378360418758,3.881403975768948,0.2215770575085879,-6.400000095367432,0.0,3484.0,2700.0,1.0,0.0,0.0,,,,,
pylon_camera_1771858118767885162.png,1771858118767885162,1771858118.767885,42.300874128501675,-83.69830738340698,237.38075256347656,-0.010289805111029449,-0.9996135034622063,-0.016087357656340055,-0.020202983206132213,0.012310000000000001,0.012560000000000002,-0.029840000000000002,-3.3194000000000004,-0.0064,-9.2687,2.0851905785234677,4.664446212722286,3.9099998474121094,1.0699999332427979,5.789999961853027,5.949999809265137,3.174955926297226,0.8688498111925363,4.701533352824307,4.8314547041215326,3.3941984486089005,0.2723255250856537,-7.400000095367432,0.0,3528.0,2576.0,1.0,0.0,0.0,,,,,
pylon_camera_1771858118818839950.png,1771858118818839950,1771858118.81884,42.30087413502856,-83.69830836239831,237.38095092773438,-0.009669207739620989,-0.9996177307444096,-0.016130599634139053,-0.020265797752076695,-0.021780000000000004,-0.010560000000000002,-0.028130000000000006,-3.2157,0.22970000000000002,-9.2173,1.9527791210426224,4.368249727025084,2.549999952316284,5.210000038146973,5.380000114440918,5.529999732971191,2.070623472280383,4.230568067175693,4.368609696527081,4.490410769770146,3.7900530014383262,0.13236347775852278,-8.600000381469727,0.0,3544.0,2972.0,1.0,0.0,0.0,,,,,
pylon_camera_1771858118868903543.png,1771858118868903543,1771858118.8689034,42.3008741312639,-83.69830973472482,237.3813934326172,-0.009187446354054829,-0.9996096612037192,-0.016663981210409906,-0.020455507519888106,-0.024500000000000004,0.007230000000000001,-0.01086,-3.0844,-0.4435,-10.2806,1.8071173207445805,4.042413019466382,1.6100000143051147,3.5199999809265137,5.069999694824219,5.259999752044678,1.3073348558158853,2.858272438912153,4.116886497594452,4.271168295857993,3.138415522045121,0.22362818768592652,-8.90000057220459,0.0,3544.0,2868.0,1.0,0.0,0.0,,,,,
pylon_camera_1771858118919715119.png,1771858118919715119,1771858118.9197152,42.300874113307685,-83.69831097743136,237.38223266601562,-0.008952814003987342,-0.9995899794134477,-0.017192650266062513,-0.021074462139330563,-0.013340000000000001,-0.030750000000000003,-0.0059700000000000005,-3.9031000000000002,0.4862,-10.1087,1.6464850956235715,3.6830883698041923,1.0299999713897705,3.3299999237060547,4.699999809265137,4.699999809265137,0.8363694733682299,2.703990640648613,3.8164431791215323,3.8164431791215323,2.793311618064977,0.24158441568604538,-7.800000190734863,0.0,3544.0,2636.0,1.0,0.0,0.0,,,,,
pylon_camera_1771858118969868240.png,1771858118969868240,1771858118.9698682,42.300874100733054,-83.69831173628347,237.3825225830078,-0.008849552581763731,-0.9995885936864315,-0.016959038382859396,-0.021371003912160434,0.030090000000000002,0.007160000000000001,-0.00018,-3.1543,0.4213,-10.010100000000001,1.48539466184912,3.3227387348767707,4.019999980926514,2.1399998664855957,4.319999694824219,4.25,3.2642770489121533,1.7376996223850727,3.507879582594452,3.451039185,2.99022385972292,0.10007253103099686,-6.700000286102295,0.0,3544.0,2692.0,1.0,0.0,0.0,,,,,
pylon_camera_1771858119020895017.png,1771858119020895017,1771858119.020895,42.30087409016989,-83.69831274832934,237.38282775878906,-0.008951762059166979,-0.9996025546663272,-0.01598557007214977,-0.02142569042193555,0.031580000000000004,-0.024820000000000002,-0.00128,-3.0483000000000002,0.4267,-10.1303,1.340358576898205,2.998301715006671,3.1999998092651367,1.2200000286102295,3.9700000286102295,3.9700000286102295,2.5984293491215325,0.9906512716317702,3.2236766266317702,3.2236766266317702,2.509108468504211,0.16315677773654996,-6.300000190734863,0.0,3544.0,2936.0,1.0,0.0,0.0,,,,,
pylon_camera_1771858119071524339.png,1771858119071524339,1771858119.0715244,42.300874084955495,-83.6983133502251,237.3833770751953,-0.008941012647900037,-0.9996143217344893,-0.0153571220363375,-0.021340685998528106,0.015050000000000001,0.00534,-0.008110000000000001,-3.1563000000000003,0.7111000000000001,-9.8277,1.1936978061805497,2.670230370557519,2.4099998474121094,0.8499999642372131,3.5199999809265137,3.509999990463257,1.9569420962972262,0.6902078079602874,2.858272438912153,2.850152354456077,2.0888936744064357,0.21771031539488694,-6.700000286102295,0.0,3544.0,2944.0,1.0,0.0,0.0,,,,,
pylon_camera_1771858119121594847.png,1771858119121594847,1771858119.121595,42.300874095039305,-83.69831415963608,237.3844451904297,-0.008738546162145644,-0.9996173825821335,-0.015109967944485577,-0.02145728592653935,0.007060000000000001,-0.006770000000000001,-0.013230000000000002,-3.2113,0.8324,-9.5784,1.058907577446335,2.368712716292805,2.7100000381469727,0.6499999761581421,3.169999837875366,3.2200000286102295,2.2005450171756937,0.5278059736401916,2.5740690957533023,2.6146697116317705,1.9792724495502394,0.16441008825758568,-7.400000095367432,0.0,3544.0,3104.0,1.0,0.0,0.0,,,,,
pylon_camera_1771858119172346923.png,1771858119172346923,1771858119.1723468,42.300874106800244,-83.6983146277414,237.38536071777344,-0.00846398969473372,-0.9996166151697654,-0.014918342638457724,-0.02173537687527214,0.014060000000000001,-0.0025700000000000007,-0.011870000000000002,-3.4503000000000004,0.5544,-9.788,0.9206306335733216,2.059395489465506,1.959999918937683,0.5199999809265137,2.7799999713897705,2.869999885559082,1.5915380053766515,0.4222447789121533,2.2573856083682298,2.3304663684729197,1.6504086902824886,0.1985955593644452,-7.800000190734863,0.0,3544.0,3308.0,1.0,0.0,0.0,,,,,
pylon_camera_1771858119222858154.png,1771858119222858154,1771858119.2228582,42.30087411749631,-83.6983152373077,237.38674926757812,-0.008276831120137385,-0.9996154433417527,-0.014354703167005186,-0.022235152265429745,0.029540000000000004,-0.017720000000000003,-0.006850000000000001,-3.8631,0.0946,-9.3701,0.7796348918476809,1.7439964749697514,1.2699999809265137,0.44999998807907104,2.509999990463257,2.450000047683716,1.0312516939121532,0.3654041393200958,2.0381431344560768,1.989422627719617,1.3560553988519857,0.22244372720105088,-7.800000190734863,0.0,3468.0,3576.0,1.0,0.0,0.0,,,,,
pylon_camera_1771858119272651067.png,1771858119272651067,1771858119.272651,42.300874120459085,-83.69831558214625,237.38739013671875,-0.008308692879587576,-0.999617210155294,-0.01366690462543349,-0.02257464289725947,0.021140000000000003,-0.01862,0.00396,-3.4963,-0.18730000000000002,-9.3072,0.6377421384234933,1.426590899125049,0.8700000047683716,0.3799999952316284,2.129999876022339,2.200000047683716,0.7064480252719617,0.3085634997280383,1.7295795379289962,1.786420322719617,1.1327528464121532,0.20597219069118652,-7.599999904632568,0.0,3172.0,3416.0,1.0,0.0,0.0,,,,,
pylon_camera_1771858119323671287.png,1771858119323671287,1771858119.3236713,42.3008741126181,-83.69831597743509,237.38748168945312,-0.008491202112585527,-0.9996159619940879,-0.013421235388325414,-0.022708995001290318,0.0019400000000000003,0.00288,0.007940000000000001,-3.1436,-0.0221,-9.5764,0.49696833020884856,1.1116883365773818,0.6299999952316284,0.32999998331069946,1.8799999952316284,1.7599999904632568,0.5115658047280383,0.26796302904813407,1.5265773297280383,1.4291362194560766,0.9338105957400719,0.1600068427316169,-7.5,0.0,3092.0,3220.0,1.0,0.0,0.0,,,,,
pylon_camera_1771858119384194513.png,1771858119384194513,1771858119.3841946,42.300874097161405,-83.69831625067656,237.38719177246094,-0.008767223264169288,-0.999608160563779,-0.013660871406934672,-0.022804423319560386,-0.010330000000000002,-0.0035800000000000007,0.010090000000000002,-3.3333000000000004,0.38370000000000004,-9.621400000000001,0.330447609631883,0.7391914758899445,0.5,0.28999999165534973,1.5699999332427979,1.399999976158142,0.40600461,0.23548266702406706,1.2748544211925366,1.1368128886401918,0.7632886467141988,0.0,-7.400000095367432,0.0,3048.0,3056.0,0.0,0.0,0.0,,,,,
pylon_camera_1771858119436709218.png,1771858119436709218,1771858119.4367092,42.300874086635254,-83.69831636200841,237.3870391845703,-0.008828284487630955,-0.9996054866581998,-0.013951554229880328,-0.022721940286864428,-0.007800000000000001,0.0034400000000000008,-0.0011300000000000001,-2.9683,0.3703,-9.7704,0.16590001373601287,0.37110837672663666,0.41999998688697815,0.25999999046325684,1.1100000143051147,1.1999999284744263,0.3410438617521053,0.21112238945607664,0.9013302458158851,0.9744110059205746,0.6069768757361604,0.0,-7.400000095367432,0.0,3048.0,3024.0,0.0,0.0,0.0,,,,,
pylon_camera_1771858119476950213.png,1771858119476950213,1771858119.4769502,42.30087408105771,-83.69831641973781,237.38702392578125,-0.008752013622951804,-0.9996051344369171,-0.014037284309600887,-0.02271413907916829,-0.00335,0.0026500000000000004,-0.00423,-3.3501000000000003,0.1514,-9.8054,0.05032762646710641,0.11257988074932902,0.3700000047683716,0.23999999463558197,1.090000033378601,0.9899999499320984,0.3004434152719617,0.1948822084440431,0.8850900769037318,0.8038890871444022,0.5460761969410347,0.0,-7.400000095367432,0.0,3080.0,3012.0,0.0,0.0,0.0,,,,,
pylon_camera_1771858119525559048.png,1771858119525559048,1771858119.525559,42.300874073017766,-83.69831640928396,237.38739013671875,-0.008667846140816504,-0.9996046651103104,-0.014144730925130158,-0.022700407926715398,-0.00169,0.0073100000000000005,-0.00449,-3.1344000000000003,0.20140000000000002,-9.734200000000001,-0.09268643569019655,0.2073339954528283,0.32999998331069946,0.2199999988079071,0.7799999713897705,0.7299999594688416,0.26796302904813407,0.17864202743200958,0.6333671683682298,0.5927666976883257,0.4181847306341748,0.0,-7.400000095367432,0.0,3172.0,3008.0,0.0,0.0,0.0,,,,,
pylon_camera_1771858119575444466.png,1771858119575444466,1771858119.5754445,42.30087406910529,-83.69831635059903,237.38735961914062,-0.008617038670960087,-0.9996142827789187,-0.014212652787792882,-0.022249332791451477,-0.00131,0.023810000000000005,-0.0021900000000000005,-0.8794000000000001,0.25270000000000004,-9.171700000000001,-0.1593235718073719,0.3563972707187825,0.29999998211860657,0.19999998807907104,0.6100000143051147,0.5799999833106995,0.24360275148014365,0.16240183432009578,0.4953256358158851,0.4709653340481341,0.34307388891606466,0.0,-7.400000095367432,0.0,3232.0,3064.0,0.0,0.0,0.0,,,,,
pylon_camera_1771858119626395117.png,1771858119626395117,1771858119.6263952,42.30087406422836,-83.69831622659483,237.38560485839844,-0.00861137451069438,-0.9996327478513262,-0.014226924909594112,-0.021396454375904643,0.0010500000000000002,0.031700000000000006,3e-05,0.8343,0.4173,-9.306000000000001,-0.13960446063023244,0.3122868021621922,0.25999999046325684,0.17999999225139618,0.5,0.47999998927116394,0.21112238945607664,0.14616165330806227,0.40600461,0.3897644168880862,0.2882632674130563,0.0,-7.300000190734863,0.0,3248.0,3136.0,0.0,0.0,0.0,,,,,
pylon_camera_1771858119676560393.png,1771858119676560393,1771858119.6765604,42.300874061466416,-83.69831615865019,237.38340759277344,-0.008618057203286345,-0.9996557968476718,-0.014147870460050949,-0.02034341859994646,0.006110000000000001,0.04465,-0.00102,0.8806,0.391,-9.6288,-0.09170123246486353,0.20513015494995185,0.23999999463558197,0.17999999225139618,0.4399999976158142,0.4099999964237213,0.1948822084440431,0.14616165330806227,0.35728405486401915,0.33292377729602873,0.2578129234780383,0.0,-7.0,0.0,3248.0,3220.0,0.0,0.0,0.0,,,,,
pylon_camera_1771858119727493387.png,1771858119727493387,1771858119.7274933,42.30087406170772,-83.69831610382003,237.3800048828125,-0.00857085623877818,-0.9996777772125807,-0.013999168498869242,-0.01936247535798147,0.007560000000000001,0.03642,-0.0030100000000000005,0.6083000000000001,0.23070000000000002,-10.389000000000001,-0.025773874617439973,0.057654611086736175,0.2199999988079071,0.1599999964237213,0.4399999976158142,0.35999998450279236,0.17864202743200958,0.12992147229602874,0.35728405486401915,0.29232330661612455,0.23954271530204552,0.0,-6.800000190734863,0.0,3132.0,3244.0,0.0,0.0,0.0,,,,,
pylon_camera_1771858119777104385.png,1771858119777104385,1771858119.7771044,42.30087406226019,-83.69831610367645,237.378662109375,-0.00854296635738594,-0.9996899007093776,-0.01386821084683803,-0.018835946310155813,0.0035100000000000005,0.007100000000000001,7.000000000000002e-05,0.45840000000000003,0.0267,-10.670900000000001,0.037553215903285364,0.08400429078269517,0.19999998807907104,0.14999999105930328,0.3999999761581421,0.3100000023841858,0.16240183432009578,0.12180137574007183,0.32480366864019156,0.2517228601359809,0.215182434709085,0.0,-6.800000190734863,0.0,3016.0,3228.0,0.0,0.0,0.0,,,,,
pylon_camera_1771858119828392746.png,1771858119828392746,1771858119.8283927,42.300874056405405,-83.6983161293163,237.37948608398438,-0.008592436445817864,-0.9996872979932407,-0.01385008781702842,-0.018964475588810082,-0.00072,-0.018760000000000002,0.0015200000000000003,-0.0444,0.085,-10.4604,0.0652412050788642,0.1459406612891145,0.1899999976158142,0.14999999105930328,0.3400000035762787,0.2800000011920929,0.15428174986401916,0.12180137574007183,0.27608313770397125,0.22736258256799044,0.19488221146901316,0.0,-6.800000190734863,0.0,2976.0,3052.0,0.0,0.0,0.0,,,,,
pylon_camera_1771858119878249150.png,1771858119878249150,1771858119.8782492,42.3008740517364,-83.69831615519956,237.38121032714844,-0.008685257951863534,-0.9996737712916479,-0.013920503022541579,-0.01957388263587748,-0.003980000000000001,-0.02706,0.00477,-0.6555000000000001,0.2586,-9.9552,0.053148807391847616,0.11889069320711962,0.17999999225139618,0.14000000059604645,0.29999998211860657,0.25999999046325684,0.14616165330806227,0.11368129128399522,0.24360275148014365,0.21112238945607664,0.17864202138206944,0.0,-6.700000286102295,0.0,2976.0,2980.0,0.0,0.0,0.0,,,,,
pylon_camera_1771858119938485818.png,1771858119938485818,1771858119.9384859,42.300874041149434,-83.69831618035208,237.38475036621094,-0.008767977856521225,-0.999657213143023,-0.013994708044426629,-0.020315681681478747,-0.0026400000000000004,-0.018630000000000004,0.0007600000000000002,-0.9398000000000001,0.3665,-9.343200000000001,0.01561989699288843,0.034940772379271845,0.1599999964237213,0.12999999523162842,0.26999998092651367,0.22999998927116394,0.12992147229602874,0.10556119472803832,0.21924247391215326,0.1867621118880862,0.16037181320607663,0.0,-6.599999904632568,0.0,2976.0,2948.0,0.0,0.0,0.0,,,,,
pylon_camera_1771858119988625787.png,1771858119988625787,1771858119.9886258,42.30087403165391,-83.69831617771258,237.38720703125,-0.008761762392423711,-0.9996507530158438,-0.014050092494142059,-0.020596077673703573,-0.0018600000000000003,-0.0038900000000000002,-0.0014800000000000002,-0.905,0.3799,-9.1509,-0.015057814525216786,0.03368342762403844,0.14999999105930328,0.11999999731779099,0.25,0.20999999344348907,0.12180137574007183,0.09744110422202155,0.203002305,0.17052193087605266,0.1481916789595365,0.0,-6.599999904632568,0.0,2976.0,2940.0,0.0,0.0,0.0,,,,,
pylon_camera_1771858120039976822.png,1771858120039976822,1771858120.0399766,42.30087402463963,-83.69831615243089,237.38746643066406,-0.00875264734607406,-0.999651757424979,-0.014125157622670996,-0.0204996332582118,-0.0030100000000000005,0.00954,-0.00014000000000000004,-0.5122,0.3644,-9.2302,-0.02714372685592826,0.060718888353100166,0.14999999105930328,0.0,0.2199999988079071,0.1899999976158142,0.12180137574007183,0.0,0.17864202743200958,0.15428174986401916,0.11368128825902514,0.0,-6.599999904632568,0.0,2976.0,2940.0,0.0,0.0,0.0,,,,,
pylon_camera_1771858120089604357.png,1771858120089604357,1771858120.0896044,42.30087401980822,-83.69831612881963,237.38665771484375,-0.00874195716727727,-0.9996585320692468,-0.014178863195075692,-0.02013348664636679,-0.0011,0.01736,0.0009000000000000002,-0.26730000000000004,0.3805,-9.6089,-0.022824369821015447,0.0510567458274223,0.14000000059604645,0.0,0.20999999344348907,0.17999999225139618,0.11368129128399522,0.0,0.17052193087605266,0.14616165330806227,0.10759121886702755,0.0,-6.599999904632568,0.0,2976.0,2936.0,0.0,0.0,0.0,,,,,
pylon_camera_1771858120140750411.png,1771858120140750411,1771858120.1407504,42.30087401632688,-83.69831610822415,237.385009765625,-0.008745227545036371,-0.9996661960405662,-0.014168942425030999,-0.019754962908749056,0.0006600000000000001,0.013980000000000001,0.00018,-0.07930000000000001,0.36810000000000004,-9.9632,-0.00687049230610108,0.01536887905920975,0.12999999523162842,0.0,0.1899999976158142,0.17000000178813934,0.10556119472803832,0.0,0.15428174986401916,0.13804156885198562,0.09947112836101077,0.0,-6.400000095367432,0.0,2976.0,2932.0,0.0,0.0,0.0,,,,,
pylon_camera_1771858120181931697.png,1771858120181931697,1771858120.1819317,42.30087401537604,-83.69831610491343,237.38433837890625,-0.00877430230272186,-0.9996702679101936,-0.014129239402322441,-0.019563529062370515,0.0014200000000000003,0.005030000000000001,0.0018000000000000004,-0.0409,0.3118,-10.1503,0.005862391503167605,0.013113818049095742,0.11999999731779099,0.0,0.17999999225139618,0.1599999964237213,0.09744110422202155,0.0,0.14616165330806227,0.12992147229602874,0.09338105745652814,0.0,-6.200000286102295,0.0,2976.0,2936.0,0.0,0.0,0.0,,,,,
pylon_camera_1771858120232878782.png,1771858120232878782,1771858120.232879,42.30087401442452,-83.69831610539468,237.38414001464844,-0.008786592303972107,-0.9996716815681567,-0.014055282498501813,-0.019539035295143354,0.0031500000000000005,-0.0025000000000000005,-0.00072,-0.2508,0.27090000000000003,-10.2415,0.015723908545048057,0.0351734399807598,0.11999999731779099,0.0,0.17000000178813934,0.14999999105930328,0.09744110422202155,0.0,0.13804156885198562,0.12180137574007183,0.08932101220351975,0.0,-5.800000190734863,0.0,2976.0,2936.0,0.0,0.0,0.0,,,,,
pylon_camera_1771858120282755230.png,1771858120282755230,1771858120.2827554,42.30087401126886,-83.69831610903944,237.38514709472656,-0.008796110274129354,-0.9996689236432188,-0.013999434932469027,-0.019715155784953364,0.00205,-0.007890000000000001,-0.0022700000000000003,-0.467,0.25830000000000003,-10.0481,0.01571571125454836,0.03515510313374941,0.0,0.0,0.1599999964237213,0.14999999105930328,0.0,0.0,0.12992147229602874,0.12180137574007183,0.06293071200902514,0.0,-5.599999904632568,0.0,2976.0,2932.0,0.0,0.0,0.0,,,,,
pylon_camera_1771858120333782658.png,1771858120333782658,1771858120.3337827,42.300874010844524,-83.69831610310955,237.3856658935547,-0.008801544542710649,-0.9996644810763927,-0.013982586241561401,-0.0199485681171964,-0.0004900000000000001,-0.009390000000000003,0.00015000000000000001,-0.5720000000000001,0.2403,-9.775,0.008803886348735806,0.019693765528941077,0.0,0.0,0.14999999105930328,0.14000000059604645,0.0,0.0,0.12180137574007183,0.11368129128399522,0.058870666756016765,0.0,-5.599999904632568,0.0,2976.0,2932.0,0.0,0.0,0.0,,,,,
pylon_camera_1771858120383716203.png,1771858120383716203,1771858120.383716,42.300874009446225,-83.69831609466704,237.38653564453125,-0.008793644081065366,-0.9996611480107722,-0.013976064531664854,-0.020122887510674637,-9e-05,-0.006600000000000001,0.00027000000000000006,-0.5513,0.2661,-9.568,-7.197162309293607e-05,0.00016099620256151243,0.0,0.0,0.14000000059604645,0.12999999523162842,0.0,0.0,0.11368129128399522,0.10556119472803832,0.05481062150300839,0.0,-5.599999904632568,0.0,2976.0,2932.0,0.0,0.0,0.0,,,,,
pylon_camera_1771858120435266631.png,1771858120435266631,1771858120.4352665,42.30087400847733,-83.6983160872777,237.38671875,-0.008806466108708777,-0.9996602491523567,-0.01398649386353985,-0.020154662208266734,0.00018,0.0008500000000000001,0.0009700000000000002,-0.4258,0.28040000000000004,-9.5076,-0.00643400340122167,0.014392479568328804,0.0,0.0,0.12999999523162842,0.11999999731779099,0.0,0.0,0.10556119472803832,0.09744110422202155,0.05075057473751497,0.0,-5.599999904632568,0.0,2976.0,2924.0,0.0,0.0,0.0,,,,,
pylon_camera_1771858120485141456.png,1771858120485141456,1771858120.4851415,42.300874007482875,-83.69831607212672,237.38624572753906,-0.008814249631963311,-0.9996616799176868,-0.014016743330589769,-0.020059053167537224,-0.00017,0.005680000000000001,0.0006700000000000001,-0.3304,0.3052,-9.6142,-0.0062621489617872275,0.014008051498580322,0.0,0.0,0.12999999523162842,0.0,0.0,0.0,0.10556119472803832,0.0,0.02639029868200958,0.0,-5.599999904632568,0.0,2976.0,2928.0,0.0,0.0,0.0,,,,,
pylon_camera_1771858120536176023.png,1771858120536176023,1771858120.5361762,42.300874007451824,-83.6983160642762,237.3856964111328,-0.00880441556396172,-0.9996637921982199,-0.014049619774767104,-0.019934718925422198,-0.00096,0.00384,-0.0006600000000000001,-0.2881,0.3088,-9.795200000000001,-0.0029377918818949754,0.006571664172286147,0.0,0.0,0.11999999731779099,0.0,0.0,0.0,0.09744110422202155,0.0,0.02436027605550539,0.0,-5.599999904632568,0.0,2976.0,2932.0,0.0,0.0,0.0,,,,,
pylon_camera_1771858120585271628.png,1771858120585271628,1771858120.5852716,42.30087400982686,-83.6983160518373,237.38510131835938,-0.008791472351438567,-0.9996652974252032,-0.014046531578796208,-0.01986701004881392,0.0009000000000000002,0.0013800000000000002,0.0005300000000000001,-0.32270000000000004,0.2949,-9.8962,0.0009296231904880243,0.0020795112997302814,0.0,0.0,0.0,0.0,0.0,0.0,0.0,0.0,0.0,0.0,-5.400000095367432,0.0,2976.0,2932.0,0.0,0.0,0.0,,,,,
pylon_camera_1771858120636120068.png,1771858120636120068,1771858120.63612,42.30087401191397,-83.69831604198447,237.38491821289062,-0.008797759552129858,-0.9996659527932932,-0.014018076894690335,-0.019851341841675644,0.0017000000000000001,-0.0008000000000000001,0.0007400000000000001,-0.3987,0.2753,-9.9521,0.001658134291193827,0.0037091469213431194,0.0,0.0,0.0,0.0,0.0,0.0,0.0,0.0,0.0,0.0,-5.200000286102295,0.0,2976.0,2940.0,0.0,0.0,0.0,,,,,
pylon_camera_1771858120695245605.png,1771858120695245605,1771858120.6952455,42.3008740143009,-83.69831603294068,237.38502502441406,-0.008797849029603122,-0.9996651846230045,-0.01400210422015764,-0.01990119550465943,0.0008100000000000001,-0.0020700000000000002,0.0015300000000000003,-0.443,0.2727,-9.865,-0.0005146801654680392,0.0011513086493420757,0.0,0.0,0.0,0.0,0.0,0.0,0.0,0.0,0.0,0.0,-4.700000286102295,0.0,2976.0,2948.0,0.0,0.0,0.0,,,,,
pylon_camera_1771858120737492858.png,1771858120737492858,1771858120.7374928,42.30087401560849,-83.69831602770051,237.38528442382812,-0.008784022039781236,-0.9996642935460589,-0.014011948347021444,-0.019945086346869336,-0.00026000000000000003,-0.0015700000000000002,-2e-05,-0.4338,0.2959,-9.783000000000001,-0.0026197547063682037,0.00586023409286329,0.0,0.0,0.0,0.0,0.0,0.0,0.0,0.0,0.0,0.0,-4.300000190734863,0.0,2976.0,2948.0,0.0,0.0,0.0,,,,,
pylon_camera_1771858120796073375.png,1771858120796073375,1771858120.7960734,42.30087401905462,-83.69831601690977,237.3857421875,-0.0087466336591846,-0.999664081768653,-0.01401343925828459,-0.0199710676084801,0.0012100000000000001,0.0005000000000000001,-0.0009300000000000002,-0.3947,0.2736,-9.7315,-0.004771987253993472,0.010674649167948158,0.0,0.0,0.0,0.0,0.0,0.0,0.0,0.0,0.0,0.0,-3.700000047683716,0.0,2976.0,2948.0,0.0,0.0,0.0,,,,,
pylon_camera_1771858120838293454.png,1771858120838293454,1771858120.8382936,42.300874021578736,-83.69831601085971,237.385986328125,-0.008724008031698594,-0.999664544622523,-0.013995909273135576,-0.01997008843557944,-0.00051,-0.00068,-0.0005300000000000001,-0.37210000000000004,0.2664,-9.720500000000001,-0.005251067095644977,0.011746322028932075,0.0,0.0,0.0,0.0,0.0,0.0,0.0,0.0,0.0,0.0,-3.299999952316284,0.0,2976.0,2948.0,0.0,0.0,0.0,,,,,
pylon_camera_1771858120888134633.png,1771858120888134633,1771858120.8881347,42.30087402608777,-83.69831599993393,237.38619995117188,-0.008706404911729693,-0.9996651443020539,-0.013989433277297313,-0.019952281514830857,0.00042000000000000007,0.0015200000000000003,-0.0009800000000000002,-0.3783,0.28200000000000003,-9.7637,-0.004973869677742451,0.0111262480369292,0.0,0.0,0.0,0.0,0.0,0.0,0.0,0.0,0.0,0.0,-2.9000000953674316,0.0,2976.0,2948.0,0.0,0.0,0.0,,,,,
pylon_camera_1771858120939514126.png,1771858120939514126,1771858120.9395142,42.30087402987136,-83.69831599093673,237.38636779785156,-0.008697754477332564,-0.9996651684904554,-0.014001654413019522,-0.019946269017031837,-0.0018800000000000004,-0.00016,0.00048,-0.37920000000000004,0.2737,-9.8111,-0.004298389245590565,0.009615238839031358,0.0,0.0,0.0,0.0,0.0,0.0,0.0,0.0,0.0,0.0,-2.5,0.0,2976.0,2948.0,0.0,0.0,0.0,,,,,
pylon_camera_1771858120989835303.png,1771858120989835303,1771858120.9898353,42.30087403416871,-83.69831598160371,237.38656616210938,-0.008702672243697307,-0.9996651212323528,-0.01400960296016975,-0.019940910516371948,-0.00026000000000000003,3e-05,0.00143,-0.3865,0.2887,-9.828000000000001,-0.004179294320358528,0.009348830636982806,0.0,0.0,0.0,0.0,0.0,0.0,0.0,0.0,0.0,0.0,-2.1000001430511475,0.0,2720.0,2948.0,0.0,0.0,0.0,,,,,
pylon_camera_1771858121040534544.png,1771858121040534544,1771858121.0405345,42.30087403690398,-83.69831597651377,237.38674926757812,-0.008709481623246917,-0.9996649088080012,-0.014017442149000704,-0.0199430775795596,-0.00099,-0.0005000000000000001,0.00185,-0.40800000000000003,0.30360000000000004,-9.801,-0.004620336492723001,0.010335415514031792,0.0,0.0,0.0,0.0,0.0,0.0,0.0,0.0,0.0,0.0,-1.600000023841858,0.0,2680.0,2912.0,0.0,0.0,0.0,,,,,
