image_filename,timestamp_ns,timestamp_sec,latitude,longitude,altitude,orientation_x,orientation_y,orientation_z,orientation_w,angular_velocity_x,angular_velocity_y,angular_velocity_z,linear_acceleration_x,linear_acceleration_y,linear_acceleration_z,vehicle_speed_mps,vehicle_speed_mph,wheel_speed_fl_rads,wheel_speed_fr_rads,wheel_speed_rl_rads,wheel_speed_rr_rads,wheel_speed_fl_mph,wheel_speed_fr_mph,wheel_speed_rl_mph,wheel_speed_rr_mph,avg_wheel_speed_mph,wheel_slip,steering_angle_deg,throttle_pedal,brake_pedal,brake_torque_actual,abs_active,esc_active,trac_active,marwis_road_condition,marwis_friction,marwis_surface_temp_c,marwis_ice_percent,marwis_water_film_height
pylon_camera_1771859696413929321.png,1771859696413929321,1771859696.4139292,42.30097138334276,-83.6973221210817,238.88107299804688,-0.038094052398961686,-0.9991121944968349,-0.008967300352506154,-0.01559658629098966,0.0006600000000000001,0.020150000000000005,-0.00144,1.3563,0.151,-9.8385,0.13185592155203382,0.2949537851566066,0.0,0.0,0.0,0.0,0.0,0.0,0.0,0.0,0.0,0.0,1.8000000715255737,29.0,0.0,0.0,0.0,0.0,0.0,,,,,
pylon_camera_1771859696459066229.png,1771859696459066229,1771859696.4590662,42.30097138209085,-83.69732222244215,238.88050842285156,-0.038091211087908416,-0.9991195853469084,-0.009017270092718799,-0.015093132681891351,-0.0012000000000000001,0.025000000000000005,0.00068,1.7956,0.11220000000000001,-9.834900000000001,0.2239036682041178,0.5008590715525193,0.0,0.0,0.0,0.0,0.0,0.0,0.0,0.0,0.0,0.0,1.899999976158142,28.475000381469727,0.0,0.0,0.0,0.0,0.0,,,,,
pylon_camera_1771859696502793125.png,1771859696502793125,1771859696.5027933,42.30097138673537,-83.69732236809543,238.87960815429688,-0.03812576074160573,-0.9991259163837123,-0.009074009725891076,-0.01454276197204073,-0.00449,0.023480000000000004,0.0036400000000000004,2.8769,-0.1033,-9.6155,0.3360163156594457,0.7516483371512405,0.0,0.0,0.0,0.0,0.0,0.0,0.0,0.0,0.0,0.0,2.200000047683716,27.125,0.0,0.0,0.0,0.0,0.0,,,,,
pylon_camera_1771859696562637828.png,1771859696562637828,1771859696.5626378,42.30097139289317,-83.69732268459,238.8785400390625,-0.03811524367565772,-0.9991375192743861,-0.009149612106869476,-0.013701473499762107,0.0010700000000000002,0.04771,0.00111,2.9964,0.2466,-10.122200000000001,0.5098547623952834,1.1405145121925053,0.85999995470047,0.85999995470047,0.9399999976158142,0.0,0.698327892416364,0.698327892416364,0.7632886648640191,0.0,0.5399861124241867,0.5265416558478272,3.200000047683716,27.075000762939453,0.0,0.0,0.0,0.0,0.0,,,,,
pylon_camera_1771859696602645107.png,1771859696602645107,1771859696.602645,42.30097140364006,-83.69732295667164,238.87838745117188,-0.03809703394275704,-0.9991431533543322,-0.009084163088779715,-0.013381072113346293,0.005710000000000001,0.005230000000000001,-0.0023800000000000006,2.8102,0.4485,-10.190100000000001,0.6244686074087324,1.3968988066568901,0.85999995470047,0.85999995470047,0.9399999976158142,0.32999998331069946,0.698327892416364,0.698327892416364,0.7632886648640191,0.26796302904813407,0.6069768696862202,0.5654825769814639,4.599999904632568,27.25,0.0,0.0,0.0,0.0,0.0,,,,,
pylon_camera_1771859696652001706.png,1771859696652001706,1771859696.6520019,42.30097141541559,-83.69732330302298,238.87921142578125,-0.03801236164685101,-0.9991496799745299,-0.008888112378658991,-0.013265701156280705,0.007440000000000001,-0.0041600000000000005,-0.0041800000000000006,2.9508,0.3284,-10.3017,0.7810092572035036,1.7470708478088053,1.7400000095367432,1.7699999809265137,1.7799999713897705,1.6100000143051147,1.4128960505439234,1.437256303912153,1.44537638836823,1.3073348558158853,1.4007158996600477,0.19824894255614167,6.400000095367432,27.825000762939453,0.0,0.0,0.0,0.0,0.0,,,,,
pylon_camera_1771859696702510089.png,1771859696702510089,1771859696.70251,42.3009714476902,-83.69732392582803,238.8814697265625,-0.03783803659442847,-0.9991560050875562,-0.008688417945817215,-0.013419086323323944,0.0035700000000000007,-0.004980000000000001,-0.009710000000000002,2.6162,0.0655,-9.658100000000001,0.9299326321893373,2.080203502249616,2.259999990463257,2.3399999141693115,2.359999895095825,2.240000009536743,1.8351408294560767,1.9001015051046897,1.916341674016843,1.8189006605439235,1.8676211672803833,0.10219304733375255,7.5,29.80000114440918,0.0,0.0,0.0,0.0,0.0,,,,,
pylon_camera_1771859696751981881.png,1771859696751981881,1771859696.7519817,42.30097147411242,-83.69732441835501,238.88272094726562,-0.03762952897602284,-0.9991621015041929,-0.008667112716503224,-0.013564461800115373,-0.0024900000000000005,-0.005900000000000001,-0.0058200000000000005,2.7101,-0.20400000000000001,-9.5717,1.0858655027811481,2.4290159777912614,2.509999990463257,2.5799999237060547,2.629999876022339,2.75,2.0381431344560768,2.0949837256486132,2.1355841479289963,2.233025355,2.125434090758422,0.12498142861492859,7.599999904632568,31.350000381469727,0.0,0.0,0.0,0.0,0.0,,,,,
pylon_camera_1771859696804645042.png,1771859696804645042,1771859696.804645,42.300971511897835,-83.69732526428062,238.88424682617188,-0.03750479493310643,-0.9991655567903333,-0.00858431837199502,-0.013707295830220092,0.009500000000000001,-0.011020000000000002,-0.0021500000000000004,3.1221,0.0007,-9.7528,1.2416857484414778,2.77757651811868,3.179999828338623,3.169999837875366,3.259999990463257,3.1499998569488525,2.582189180209379,2.5740690957533023,2.6471500494560765,2.5578289268411494,2.590309313064977,0.06742107871092724,7.5,33.22500228881836,0.0,0.0,0.0,0.0,0.0,,,,,
pylon_camera_1771859696853140118.png,1771859696853140118,1771859696.85314,42.30097155212407,-83.6973262471638,238.88510131835938,-0.03741018016776948,-0.9991703877807763,-0.008195501721917749,-0.013850933302637576,0.01447,-0.007490000000000002,-0.005800000000000001,3.1742000000000004,-0.2495,-9.7636,1.3976869489194328,3.1265418435158363,3.75,3.6999998092651367,3.6399998664855957,3.679999828338623,3.0450345750000003,3.0044339591215325,2.955713452385073,2.988193790209379,2.9983439441789965,0.04100309727269781,7.5,33.54999923706055,0.0,0.0,0.0,0.0,0.0,,,,,
pylon_camera_1771859696903961465.png,1771859696903961465,1771859696.9039614,42.30097158042717,-83.69732696601893,238.8851318359375,-0.03738688582871669,-0.9991705440427437,-0.00817183619157996,-0.013916385256802711,-0.00795,0.0026100000000000003,-0.00267,2.7586,-0.5318,-9.6995,1.5451072657468778,3.456312247039821,4.239999771118164,4.139999866485596,4.119999885559082,4.150000095367432,3.442918906945839,3.361718062385073,3.3454778934729195,3.369838340439234,3.3799883008107665,0.022082480046304462,7.400000095367432,33.79999923706055,0.0,0.0,0.0,0.0,0.0,,,,,
pylon_camera_1771859696954365363.png,1771859696954365363,1771859696.9543655,42.300971617021396,-83.69732817001126,238.8849334716797,-0.03737360646563259,-0.9991673549601057,-0.008657299547426322,-0.013887457878414292,-0.013570000000000002,0.0017800000000000001,-0.006900000000000001,3.0215,-0.3795,-9.9716,1.7005195734138956,3.80396025455248,4.690000057220459,4.699999809265137,4.659999847412109,4.559999942779541,3.8083232882635407,3.8164431791215323,3.7839628412972264,3.7027619967364602,3.77787282635469,0.006857965502286554,7.200000286102295,33.5,0.0,0.0,0.0,0.0,0.0,,,,,
pylon_camera_1771859697005285688.png,1771859697005285688,1771859697.0052857,42.300971639924946,-83.6973290544507,238.88539123535156,-0.037232244483605126,-0.9991664064348312,-0.00921457682896985,-0.013976544518637947,-0.020440000000000003,0.0043300000000000005,-0.012540000000000003,3.0702000000000003,-0.5953,-10.0241,1.8539252280405227,4.147119499612967,5.319999694824219,5.069999694824219,4.989999771118164,5.039999961853027,4.319888802594452,4.116886497594452,4.051925821945839,4.092526437824306,4.145306889989762,0.0004370767766336514,7.0,33.47500228881836,0.0,0.0,0.0,0.0,0.0,,,,,
pylon_camera_1771859697055378206.png,1771859697055378206,1771859697.0553782,42.30097167843975,-83.69733048882581,238.88677978515625,-0.03704800126822727,-0.9991619184138871,-0.010025509701183946,-0.014226578954254247,-0.012110000000000003,-0.010950000000000001,-0.01058,2.6745,0.7429,-10.382800000000001,2.014611365195366,4.506564747260122,5.519999980926514,5.5,5.489999771118164,5.449999809265137,4.482290878912154,4.46605071,4.457930431945839,4.4254500941215325,4.457930528744882,0.010791860595103796,7.0,33.54999923706055,0.0,0.0,0.0,0.0,0.0,,,,,
pylon_camera_1771859697106580953.png,1771859697106580953,1771859697.106581,42.30097171027984,-83.69733152207297,238.8880157470703,-0.036852377892213406,-0.9991613023408297,-0.01045130023055341,-0.014469432323272769,-0.015640000000000005,-0.006390000000000001,-0.007440000000000001,2.5278,0.7754000000000001,-10.2224,2.1649926352882813,4.842958625581768,5.909999847412109,5.940000057220459,5.909999847412109,5.920000076293945,4.798974366297227,4.82333481326354,4.798974366297227,4.807094644351388,4.807094547552345,0.007405406653688852,7.0,33.85000228881836,0.0,0.0,0.0,0.0,0.0,,,,,
pylon_camera_1771859697157315275.png,1771859697157315275,1771859697.1573153,42.30097176078159,-83.69733317929492,238.88978576660156,-0.03668058332879226,-0.9991641699138597,-0.010559337040019854,-0.014628628380076326,-0.01856,0.0035000000000000005,-0.0089,3.0112,-0.3733,-9.478100000000001,2.322811192924538,5.1959892699006165,6.460000038146973,6.480000019073486,6.349999904632568,6.480000019073486,5.245579592175694,5.261819761087847,5.1562584695607665,5.261819761087847,5.231369395978039,0.006809122236331901,7.0,33.75,0.0,0.0,0.0,0.0,0.0,,,,,
pylon_camera_1771859697208387944.png,1771859697208387944,1771859697.2083879,42.30097180247456,-83.6973343513469,238.89105224609375,-0.03643295107548228,-0.9991601140210605,-0.010917568620489985,-0.015248387480952903,-0.019790000000000002,-0.02147,-0.008910000000000001,2.8229,0.7226,-8.8209,2.517964260842943,5.632534973650013,7.029999732971191,7.089999675750732,6.759999752044678,6.929999828338623,5.7084245997701455,5.757145106506605,5.489182125857993,5.627223755209379,5.64549389683603,0.002300726626047024,7.099999904632568,33.35000228881836,0.0,0.0,0.0,0.0,0.0,,,,,
pylon_camera_1771859697258573862.png,1771859697258573862,1771859697.2585738,42.30097187328812,-83.69733624060054,238.8925323486328,-0.03620139091694813,-0.9991573456228953,-0.010811002375510873,-0.016036839187484463,0.007210000000000001,-0.03169,-0.0016400000000000002,3.0783,0.9941000000000001,-9.385,2.681249480217941,5.997794212278722,7.399999618530273,7.549999713897705,7.289999961853027,7.279999732971191,6.008867918243065,6.130669378682298,5.9195471828243065,5.911426904770146,5.992627846129954,0.0008613776941847543,7.300000190734863,33.42499923706055,0.0,0.0,0.0,0.0,0.0,,,,,
pylon_camera_1771859697309037420.png,1771859697309037420,1771859697.3090372,42.3009719290147,-83.69733758591063,238.89273071289062,-0.035940071616301694,-0.9991582775819147,-0.010020000726500791,-0.017048377553226017,0.023570000000000004,-0.05260000000000001,-0.0061400000000000005,2.6055,0.5379,-10.4646,2.833679835577369,6.33877177139644,7.659999847412109,7.599999904632568,7.559999942779541,7.549999713897705,6.219990501297226,6.171269994560767,6.13878965673646,6.130669378682298,6.165179882819188,0.02738572941852585,7.5,33.54999923706055,0.0,0.0,0.0,0.0,0.0,,,,,
pylon_camera_1771859697359312070.png,1771859697359312070,1771859697.359312,42.300972030009454,-83.69733970072275,238.89366149902344,-0.035684234680314675,-0.999155315382052,-0.00917400954304686,-0.018196941720416252,0.011730000000000003,-0.032880000000000006,-0.00136,1.7009,0.4244,-9.347100000000001,2.9729128729421292,6.650227721999167,8.069999694824219,8.09000015258789,8.139999389648438,8.149999618530273,6.5529141575944525,6.569154713702774,6.609754555188903,6.617874833243065,6.587424564932299,0.00944376037817678,8.100000381469727,33.72500228881836,0.0,0.0,0.0,0.0,0.0,,,,,
pylon_camera_1771859697419219531.png,1771859697419219531,1771859697.4192195,42.30097213603208,-83.69734194671196,238.89447021484375,-0.0354015626611463,-0.999147813745501,-0.008880262379414115,-0.019274765596696636,-0.011760000000000001,-0.019450000000000002,-0.0012200000000000002,2.5142,1.1475,-9.1998,3.1471445869412653,7.039973612312394,8.489999771118164,8.630000114440918,8.649999618530273,8.5,6.89395809194584,7.00763966152708,7.023879443243065,6.90207837,6.956888891678997,0.011801851144454397,9.300000190734863,33.775001525878906,0.0,0.0,0.0,0.0,0.0,,,,,
pylon_camera_1771859697469269011.png,1771859697469269011,1771859697.469269,42.30097220074909,-83.69734351276654,238.89468383789062,-0.035185925587281064,-0.9991449288881828,-0.008676414314427651,-0.01990179771374447,-0.018740000000000003,-0.019610000000000002,-0.00595,2.4639,-0.1763,-9.156600000000001,3.292051321326522,7.364121282728151,9.019999504089355,8.960000038146973,9.039999961853027,9.09999942779541,7.324322761715985,7.275602642175694,7.340563317824307,7.389283437364598,7.332443039770146,0.004301700330805722,11.0,33.60000228881836,0.0,0.0,0.0,0.0,0.0,,,,,
pylon_camera_1771859697521010106.png,1771859697521010106,1771859697.5210102,42.30097229864143,-83.6973459606888,238.89341735839844,-0.03488996023812052,-0.999149863980747,-0.00873447371755997,-0.020148174873032797,-0.00875,0.015760000000000003,-0.020660000000000005,2.0316,-1.5121,-8.8742,3.4315117129950794,7.676085811267213,9.420000076293945,9.479999542236328,9.529999732971191,9.479999542236328,7.649126914351387,7.697847033891678,7.738447649770146,7.697847033891678,7.695817157976222,0.002570495848293788,13.0,33.775001525878906,0.0,0.0,0.0,0.0,0.0,,,,,
pylon_camera_1771859697569201245.png,1771859697569201245,1771859697.5692012,42.30097236158411,-83.69734765362622,238.89137268066406,-0.0344187456415076,-0.9991631775712445,-0.009075842738493899,-0.020147546073533668,-0.00768,0.00427,-0.02466,2.4478,-0.7803,-9.9013,3.578949752949363,8.005895860362548,9.90999984741211,9.979999542236328,9.920000076293945,9.889999389648438,8.047011246297227,8.103851643891678,8.055131524351388,8.030770690188904,8.059191276182299,0.006657020869284329,15.5,33.29999923706055,0.0,0.0,0.0,0.0,0.0,,,,,
pylon_camera_1771859697612245905.png,1771859697612245905,1771859697.612246,42.30097242442956,-83.69734941509734,238.88839721679688,-0.03391155822277464,-0.9991789715550923,-0.009170737905734338,-0.020181342553846567,0.0010500000000000002,0.00305,-0.03470000000000001,2.375,-1.0557,-10.289100000000001,3.6878832608233414,8.249573581466166,10.300000190734863,10.179999351501465,10.130000114440918,10.25,8.363695120878468,8.26625333301321,8.225653491527082,8.323094505,8.29467411260469,0.005467013621146381,17.700000762939453,33.525001525878906,0.0,0.0,0.0,0.0,0.0,,,,,
pylon_camera_1771859697662296425.png,1771859697662296425,1771859697.6622963,42.30097250972473,-83.69735215192054,238.884765625,-0.03323593459537688,-0.9991903513780991,-0.009681300510727901,-0.020500897173135368,-0.025770000000000005,-0.030480000000000004,-0.035250000000000004,2.1698,-0.2995,-10.1273,3.836403854778816,8.581805238908926,10.619999885559082,10.710000038146973,10.489999771118164,10.559999465942383,8.623537823472919,8.696618777175694,8.51797653194584,8.57481692954029,8.603237515533685,0.0024974088817103354,20.30000114440918,33.60000228881836,0.0,0.0,0.0,0.0,0.0,,,,,
pylon_camera_1771859697712784620.png,1771859697712784620,1771859697.7127845,42.300972569086895,-83.69735405073888,238.88284301757812,-0.03246833913569214,-0.9991997378192083,-0.010281469460841082,-0.020975754611466942,0.0056300000000000005,-0.03692,-0.03184000000000001,1.7801,1.0789,-9.7338,3.977909534048325,8.89834495309406,11.010000228881836,11.09000015258789,11.019999504089355,11.15999984741211,8.940221698054161,9.005182373702773,8.948341201715984,9.062022771297226,8.988942011192535,0.010181338055114689,22.100000381469727,33.54999923706055,0.0,0.0,0.0,0.0,0.0,,,,,
pylon_camera_1771859697761908728.png,1771859697761908728,1771859697.7619088,42.30097266275199,-83.6973569948563,238.8800811767578,-0.031632357067115924,-0.9992078515877834,-0.010258646906539649,-0.021859173711545048,-0.0010600000000000002,-0.04603000000000001,-0.030830000000000007,1.9659000000000002,0.2988,-8.507200000000001,4.1278941125740545,9.233851456181407,11.239999771118164,11.389999389648438,11.319999694824219,11.449999809265137,9.12698344694584,9.248784520188904,9.191944122594451,9.297505414121533,9.21630437596268,0.0019002991657375845,22.399999618530273,33.32500076293945,0.0,0.0,0.0,0.0,0.0,,,,,
pylon_camera_1771859697812507762.png,1771859697812507762,1771859697.8125076,42.300972730508654,-83.69735902273679,238.8779296875,-0.030658239070751436,-0.9992174927590705,-0.010186497682625119,-0.022819066727624373,-0.013540000000000002,-0.05033000000000001,-0.02857,1.7342000000000002,0.0159,-10.5938,4.263067656896998,9.53622656441917,11.649999618530273,11.819999694824219,11.719999313354492,11.84999942779541,9.459907103243065,9.597948732594453,9.516747500837518,9.622308792364597,9.549228032259908,0.0013633765675458902,22.100000381469727,33.35000228881836,0.0,0.0,0.0,0.0,0.0,,,,,
pylon_camera_1771859697873870371.png,1771859697873870371,1771859697.8738704,42.30097286745643,-83.6973632438462,238.87205505371094,-0.029582121223918012,-0.9992369070019946,-0.01046983034363961,-0.023256922443773188,0.0015,-0.0005200000000000001,-0.034050000000000004,2.3539000000000003,1.3959000000000001,-9.591000000000001,4.406009583659161,9.855979078070524,12.119999885559082,12.15999984741211,12.210000038146973,12.420000076293945,9.84155165347292,9.874031991297226,9.914632607175696,10.085154574351387,9.928842706574306,0.007392835143684837,22.0,33.57500076293945,0.0,0.0,0.0,0.0,0.0,,,,,
pylon_camera_1771859697914477006.png,1771859697914477006,1771859697.914477,42.30097292951295,-83.69736540809325,238.8686065673828,-0.028733240997112164,-0.9992700013103224,-0.010580437603887612,-0.02284556156412883,-0.013610000000000002,0.06158000000000001,-0.032490000000000005,1.9711,0.0047,-9.6046,4.469863768812119,9.998817059006582,12.40999984741211,12.710000038146973,12.59999942779541,12.59000015258789,10.077034296297228,10.320637217175694,10.231315707364598,10.223196203702775,10.213045856135073,0.021425414212926496,21.600000381469727,33.5,0.0,0.0,0.0,0.0,0.0,,,,,
pylon_camera_1771859697972804159.png,1771859697972804159,1771859697.972804,42.3009730151881,-83.69736875639316,238.86573791503906,-0.027566463480572678,-0.9993035556096445,-0.011451303016379392,-0.022391103061790082,-0.04386000000000001,0.005190000000000001,-0.038200000000000005,2.7601,-1.1361,-11.3907,4.6390778493622005,10.37733880435228,12.84000015258789,13.069999694824219,13.029999732971191,13.119999885559082,10.426198508702774,10.612960257594452,10.580479919770147,10.65356087347292,10.568299889885074,0.018401739514633895,20.30000114440918,33.35000228881836,0.0,0.0,0.0,0.0,0.0,,,,,
pylon_camera_1771859698015007041.png,1771859698015007041,1771859698.015007,42.300973063140475,-83.69737105926451,238.86558532714844,-0.026843487458287574,-0.9993101086177083,-0.012134744821729168,-0.022615967006798705,-0.023060000000000004,-0.025300000000000003,-0.032470000000000006,1.5031,0.5139,-9.990300000000001,4.752519053594271,10.631099971747169,13.199999809265137,13.269999504089355,13.420000076293945,13.420000076293945,10.718521549121533,10.775361946715984,10.897163794351389,10.897163794351389,10.822052771135073,0.01796171608726979,19.30000114440918,32.47500228881836,0.0,0.0,0.0,0.0,0.0,,,,,
pylon_camera_1771859698065938454.png,1771859698065938454,1771859698.0659385,42.300973116297335,-83.69737341233447,238.86367797851562,-0.026017416199422605,-0.99933142805502,-0.012208073144114907,-0.022599865175001507,0.023540000000000002,0.01744,-0.03805,1.7763,1.2076,-8.0904,4.875345751396296,10.90585592512843,13.569999694824219,13.729999542236328,13.679999351501465,13.84000015258789,11.018964867594454,11.148886218891679,11.108285603013211,11.238207728702776,11.128586104550529,0.020422989350968885,17.80000114440918,30.75,0.0,0.0,0.0,0.0,0.0,,,,,
pylon_camera_1771859698117039075.png,1771859698117039075,1771859698.1170392,42.30097319943284,-83.69737702149318,238.85623168945312,-0.025050983990612063,-0.9993720930909906,-0.01177735150721255,-0.022117001232305138,0.0239,0.03877,-0.0356,2.6521000000000003,1.1692,-8.2355,4.996950104583375,11.177877566946735,13.90999984741211,14.09999942779541,13.989999771118164,14.079999923706055,11.295048126297226,11.449329537364598,11.36000880194584,11.433089755648613,11.384369055314068,0.018473228672492587,16.700000762939453,28.975000381469727,0.0,0.0,0.0,0.0,0.0,,,,,
pylon_camera_1771859698166913011.png,1771859698166913011,1771859698.166913,42.30097325875268,-83.69737947238839,238.84922790527344,-0.02417388825468786,-0.9994118549137747,-0.011639590973646207,-0.02135620065517709,0.0035600000000000002,0.032780000000000004,-0.034050000000000004,2.0784000000000002,1.6689,-9.5533,5.110950572011194,11.43288977255472,14.210000038146973,14.399999618530273,14.25999927520752,14.34000015258789,11.538651047175694,11.692932458243066,11.579250888661823,11.644212338702776,11.61376168319584,0.015820314394643476,15.5,26.80000114440918,0.0,0.0,0.0,0.0,0.0,,,,,
pylon_camera_1771859698218015369.png,1771859698218015369,1771859698.2180154,42.30097335181331,-83.69738324590612,238.83778381347656,-0.023265261959571626,-0.9994490636147626,-0.01169389562628012,-0.02058032144084412,-0.013610000000000002,0.024240000000000005,-0.030060000000000007,2.0095,0.6769000000000001,-9.8895,5.2261337301876285,11.690547586405915,14.619999885559082,14.779999732971191,14.6899995803833,14.619999885559082,11.87157470347292,12.001496054770147,11.928415101067372,11.87157470347292,11.91826514069584,0.019478775703776464,14.300000190734863,27.05000114440918,0.0,0.0,0.0,0.0,0.0,,,,,
pylon_camera_1771859698267901006.png,1771859698267901006,1771859698.267901,42.30097340557125,-83.69738581827048,238.83087158203125,-0.022356917754953465,-0.9994814238219457,-0.012309980373098828,-0.019634562550979714,-0.035440000000000006,0.021700000000000004,-0.025250000000000005,2.3172,1.1791,-10.949,5.349916565063359,11.967442361052832,14.84999942779541,15.40999984741211,14.75,14.859999656677246,12.058336452364598,12.513061956297227,11.977135995,12.066456730418759,12.153747783520146,0.01556768913912892,13.100000381469727,27.149999618530273,0.0,0.0,0.0,0.0,0.0,,,,,
pylon_camera_1771859698319031755.png,1771859698319031755,1771859698.3190317,42.300973480770175,-83.69738975640924,238.82362365722656,-0.021720661360657534,-0.999501129607379,-0.012184618146597931,-0.019422663675471467,-0.012240000000000003,-0.020630000000000003,-0.007060000000000001,1.6715,1.5043,-10.888,5.473372700865944,12.243606329475066,15.059999465942383,15.25,15.15999984741211,15.369999885559082,12.228858419540291,12.383140605000001,12.310059651297227,12.480581618472918,12.35066007357761,0.008743644741731376,12.300000190734863,27.225000381469727,0.0,0.0,0.0,0.0,0.0,,,,,
pylon_camera_1771859698368733792.png,1771859698368733792,1771859698.3687336,42.30097353278612,-83.69739244082493,238.82017517089844,-0.021042355822644188,-0.9995247011184605,-0.010965481896525575,-0.019681192094548713,0.0008800000000000001,-0.022580000000000003,-0.0066500000000000005,0.8157000000000001,0.6235,-8.3841,5.5757514902919105,12.472621538693588,15.40999984741211,15.479999542236328,15.40999984741211,15.559999465942383,12.513061956297227,12.56990235389168,12.513061956297227,12.634863029540291,12.557722324006606,0.006823007099911768,11.800000190734863,27.399999618530273,0.0,0.0,0.0,0.0,0.0,,,,,
pylon_camera_1771859698419807576.png,1771859698419807576,1771859698.4198074,42.300973618987186,-83.6973965301209,238.81333923339844,-0.020332042287343866,-0.9995426688871605,-0.010451640287194018,-0.01979455343434856,-0.019930000000000003,0.022390000000000004,-0.026200000000000005,1.2522,-1.9334,-10.1432,5.667182499355359,12.677147220107978,15.779999732971191,15.929999351501465,15.789999961853027,15.719999313354492,12.813505274770145,12.93530634801321,12.821625552824306,12.764784380837519,12.833805389111296,0.012357525418244994,11.699999809265137,27.55000114440918,0.0,0.0,0.0,0.0,0.0,,,,,
pylon_camera_1771859698469719409.png,1771859698469719409,1771859698.4697194,42.30097367159065,-83.69739929856362,238.80874633789062,-0.019654027517569117,-0.9995429592796221,-0.011249363026067119,-0.02002607271489294,-0.03869000000000001,-0.03561,-0.025590000000000005,0.8554,-1.357,-10.936200000000001,5.75058120644402,12.863705123942886,15.969999313354492,16.19999885559082,15.899999618530273,15.59999942779541,12.967786685837519,13.154548434729195,12.910946288243066,12.667343367364598,12.925156194043595,0.004777089455069353,11.199999809265137,27.55000114440918,0.0,0.0,0.0,0.0,0.0,,,,,
pylon_camera_1771859698532138652.png,1771859698532138652,1771859698.5321388,42.30097372525392,-83.69740351265551,238.80477905273438,-0.018932166167925035,-0.9995415649175492,-0.012525414394585429,-0.020033648709383886,-0.03780000000000001,0.0019000000000000002,-0.026820000000000004,1.7785000000000002,-1.7118,-10.543700000000001,5.848098845490161,13.081846231430761,16.219999313354492,16.40999984741211,16.279998779296875,16.35999870300293,13.170788990837517,13.325071176297227,13.219509110377807,13.28446978602642,13.249959765884743,0.012850902806827665,10.199999809265137,27.25,0.0,0.0,0.0,0.0,0.0,,,,,
pylon_camera_1771859698572178994.png,1771859698572178994,1771859698.5721788,42.30097375915788,-83.69740635998274,238.80282592773438,-0.018522510927266422,-0.9995456875403139,-0.012704193014722332,-0.020098223512413856,0.017750000000000002,-0.0015,-0.0267,1.7654,-0.49210000000000004,-10.4238,5.9171866249488545,13.236391448813091,16.369998931884766,16.43000030517578,16.420000076293945,16.510000228881836,13.292590064080583,13.341311732405547,13.333191454351388,13.406272408054162,13.34334141472292,0.008079994182962832,9.699999809265137,27.575000762939453,0.0,0.0,0.0,0.0,0.0,,,,,
pylon_camera_1771859698622621764.png,1771859698622621764,1771859698.6226218,42.300973806756,-83.69741069377694,238.80067443847656,-0.017992834401203417,-0.9995549948377771,-0.012596156908223423,-0.020184326498687295,0.005420000000000001,0.005390000000000001,-0.028100000000000003,2.1194,0.6591,-9.467,5.997921328900246,13.416990137470119,16.729999542236328,16.65999984741211,16.68000030517578,16.760000228881836,13.58491387889168,13.528073481297227,13.544314037405549,13.609274713054162,13.566644027662154,0.011154058299118122,9.600000381469727,27.67500114440918,0.0,0.0,0.0,0.0,0.0,,,,,
pylon_camera_1771859698671264203.png,1771859698671264203,1771859698.6712642,42.300973840183275,-83.69741362510804,238.79869079589844,-0.01741407391514177,-0.9995579685264789,-0.01270284813965216,-0.020475723040651112,-0.0025200000000000005,-0.010450000000000001,-0.027070000000000004,0.8886000000000001,1.4353,-9.3102,6.082448849259022,13.606073128861476,16.93000030517578,17.0,16.90999984741211,16.969999313354492,13.747316342405549,13.80415674,13.731075786297227,13.779795905837517,13.765586193635073,0.011723666576158143,9.5,27.0,0.0,0.0,0.0,0.0,0.0,,,,,
pylon_camera_1771859698722384011.png,1771859698722384011,1771859698.7223842,42.30097389423264,-83.69741808270918,238.79432678222656,-0.016792798065967174,-0.9995540117244983,-0.012948085169019206,-0.021026808341564437,-0.010620000000000001,-0.016860000000000003,-0.029540000000000004,1.8187,-0.1779,-9.9749,6.1755826436632635,13.814407838916102,16.959999084472656,16.989999771118164,17.09000015258789,17.28999900817871,13.771675627783356,13.796036461945839,13.877237693702774,14.03963860843197,13.871147097965984,0.0041072523492497485,9.300000190734863,26.649999618530273,0.0,0.0,0.0,0.0,0.0,,,,,
pylon_camera_1771859698772055072.png,1771859698772055072,1771859698.7720551,42.30097392498667,-83.69742109230556,238.79095458984375,-0.01621243314953058,-0.999537325053155,-0.01357193434512887,-0.0218653935497883,-0.02248,-0.017270000000000004,-0.027620000000000002,1.242,-0.4128,-10.032,6.250365902860069,13.981693502743804,17.329999923706055,17.399999618530273,17.149999618530273,17.399999618530273,14.072119720648613,14.128960118243066,13.925957813243066,14.128960118243066,14.063999442594453,0.005886693184519943,8.699999809265137,27.075000762939453,0.0,0.0,0.0,0.0,0.0,,,,,
pylon_camera_1771859698823244339.png,1771859698823244339,1771859698.8232443,42.30097397574363,-83.69742566647216,238.784423828125,-0.015549444112578803,-0.9995304018622201,-0.013355400505376536,-0.02277770441197407,-0.00657,-0.025960000000000004,-0.04748000000000001,1.478,-3.5443000000000002,-9.104800000000001,6.329983437034685,14.15979314964037,17.600000381469727,17.600000381469727,17.44999885559082,17.719999313354492,14.291362581756935,14.291362581756935,14.169559959729195,14.388802820837519,14.285271986020147,0.008861629195689493,7.700000286102295,26.700000762939453,0.0,0.0,0.0,0.0,0.0,,,,,
pylon_camera_1771859698872385207.png,1771859698872385207,1771859698.8723853,42.30097401091254,-83.69742875373007,238.7771759033203,-0.014919833443218122,-0.999522153511657,-0.013487984955596818,-0.023472057244390002,0.00562,-0.04259,-0.038950000000000005,0.33540000000000003,-1.988,-10.5174,6.413492160100414,14.34659715261502,17.729999542236328,17.899999618530273,17.729999542236328,17.93000030517578,14.396923098891678,14.534964728243066,14.396923098891678,14.559325562405549,14.472034122107992,0.008743325553691164,7.300000190734863,26.92500114440918,0.0,0.0,0.0,0.0,0.0,,,,,
pylon_camera_1771859698923223990.png,1771859698923223990,1771859698.923224,42.30097406267468,-83.69743343016862,238.76539611816406,-0.014360080335366177,-0.9995255007196331,-0.013339695547019473,-0.023761608250310352,0.013300000000000001,-0.030030000000000005,-0.022300000000000004,0.7866000000000001,-0.5026,-11.0428,6.4924445234316,14.523208852245086,17.969999313354492,17.989999771118164,17.940000534057617,18.0,14.591805125837517,14.60804568194584,14.56744584045971,14.61616596,14.595865652060766,0.005002806236202332,7.0,26.80000114440918,0.0,0.0,0.0,0.0,0.0,,,,,
pylon_camera_1771859698973556849.png,1771859698973556849,1771859698.9735568,42.300974104685956,-83.69743817937925,238.7549285888672,-0.013880605805511148,-0.9995161501722467,-0.013571757244420078,-0.024302298916385794,-0.011510000000000001,-0.03799000000000001,-0.02262,2.2633,-0.09730000000000001,-10.430900000000001,6.569167240445511,14.694832966842181,18.139999389648438,18.270000457763672,18.10999870300293,18.10999870300293,14.729846755188905,14.835408821108322,14.70548592102642,14.70548592102642,14.744056854587518,0.0033497412224015393,6.900000095367432,26.850000381469727,0.0,0.0,0.0,0.0,0.0,,,,,
pylon_camera_1771859699024375597.png,1771859699024375597,1771859699.0243754,42.30097413321927,-83.69744138627716,238.75057983398438,-0.013529174685243117,-0.9994977354257246,-0.013457783743111998,-0.025300718723147795,0.029530000000000004,-0.05176000000000001,-0.008950000000000001,0.7170000000000001,1.9321000000000002,-10.6563,6.631169566952347,14.833528451098385,18.329999923706055,18.529998779296875,18.43000030517578,18.549999237060547,14.884128940648614,15.046529855377807,14.965330172405547,15.06277041148613,14.989689844979523,0.010527595938886343,6.700000286102295,27.075000762939453,0.0,0.0,0.0,0.0,0.0,,,,,
pylon_camera_1771859699074425732.png,1771859699074425732,1771859699.074426,42.300974172533635,-83.69744624441707,238.74632263183594,-0.013115626424840876,-0.9994849648010529,-0.012673813662602593,-0.026403786231672915,0.050080000000000006,-0.04343,-0.021390000000000003,1.7614,0.215,-10.9419,6.702365225371193,14.992788867241838,18.53999900817871,18.690000534057617,18.56999969482422,18.760000228881836,15.05465013343197,15.17645275545971,15.079010967594453,15.233293153054163,15.135851752385074,0.009542112972444887,6.700000286102295,26.80000114440918,0.0,0.0,0.0,0.0,0.0,,,,,
pylon_camera_1771859699125948996.png,1771859699125948996,1771859699.125949,42.30097420428152,-83.697449515296,238.74478149414062,-0.012582933366594384,-0.9994543511628207,-0.011954414251636233,-0.028102699327599484,0.04844000000000001,-0.07189000000000001,-0.03953,0.5434,-0.7284,-8.7598,6.785554431306165,15.178878129566014,18.68000030517578,18.799999237060547,18.81999969482422,18.920000076293945,15.16833247740555,15.26577271648613,15.282013272594453,15.363214504351387,15.269833242709378,0.00599221578610597,6.5,26.649999618530273,0.0,0.0,0.0,0.0,0.0,,,,,
pylon_camera_1771859699184511860.png,1771859699184511860,1771859699.1845117,42.30097425096868,-83.69745448984848,238.7396240234375,-0.012001990400026474,-0.9994177794268753,-0.011260207638442255,-0.02988749095910174,0.059680000000000004,-0.04585,-0.028610000000000003,0.2485,-0.0005,-8.1023,6.8655384644462965,15.3577976126585,18.90999984741211,18.939998626708984,19.100000381469727,19.1299991607666,15.355094226297227,15.379453511675035,15.509376411756936,15.533735697134745,15.444414961715985,0.00563995901248836,5.900000095367432,26.42500114440918,0.0,0.0,0.0,0.0,0.0,,,,,
pylon_camera_1771859699235916512.png,1771859699235916512,1771859699.2359166,42.30097429460778,-83.69745951095182,238.7283935546875,-0.011563192590194948,-0.9993997287808993,-0.010818695552491635,-0.030812830384917323,0.03329000000000001,-0.027570000000000004,-0.030500000000000003,-0.1506,0.38020000000000004,-7.8673,6.918776442231476,15.476887774685279,19.28999900817871,19.35999870300293,19.439998626708984,19.19999885559082,15.663657048431968,15.720497446026421,15.785458121675035,15.590576094729194,15.690047177715654,0.013772756262988996,5.099999904632568,26.225000381469727,0.0,0.0,0.0,0.0,0.0,,,,,
pylon_camera_1771859699277957331.png,1771859699277957331,1771859699.2779574,42.300974314386345,-83.69746287978388,238.7172393798828,-0.01117895049749218,-0.9994069682900738,-0.011176722202007064,-0.03059123534343158,-0.018400000000000003,0.017560000000000003,-0.01718,0.1794,0.7555000000000001,-8.0843,6.969335655025506,15.589985700152756,19.469999313354492,19.43000030517578,19.5,19.479999542236328,15.809818955837516,15.77733939240555,15.83417979,15.817939233891678,15.809819343033686,0.014100952182321515,4.599999904632568,26.225000381469727,0.0,0.0,0.0,0.0,0.0,,,,,
pylon_camera_1771859699328819212.png,1771859699328819212,1771859699.3288193,42.3009743207282,-83.69746626898724,238.70452880859375,-0.01083713741461173,-0.9994403464577432,-0.011862663522695268,-0.02933986263142004,-0.026850000000000002,0.06079000000000001,-0.01642,0.6617000000000001,0.4793,-9.491200000000001,7.026907790495295,15.718771112870545,19.729999542236328,19.75,19.670000076293945,19.779998779296875,16.020941538891677,16.037182095000002,15.972221419351389,16.061541380377808,16.022971608405218,0.019352689427839114,3.9000000953674316,26.350000381469727,0.0,0.0,0.0,0.0,0.0,,,,,
pylon_camera_1771859699378763855.png,1771859699378763855,1771859699.3787637,42.300974328637174,-83.69747138964343,238.68482971191406,-0.0105760029840824,-0.9994830654002775,-0.012193300264362574,-0.027804200538914983,-0.0061400000000000005,0.06723000000000001,-0.00544,0.7224,0.7722,-10.2345,7.0852829069956185,15.84935274597478,19.920000076293945,19.989999771118164,19.84000015258789,19.85999870300293,16.175223724351387,16.23206412194584,16.110263048702777,16.12650205602642,16.161013237756606,0.01966392551020592,3.5,26.30000114440918,0.0,0.0,0.0,0.0,0.0,,,,,
pylon_camera_1771859699430293858.png,1771859699430293858,1771859699.4302938,42.30097433110755,-83.69747483410586,238.673095703125,-0.010316626299577636,-0.9995168440973783,-0.012442981915059036,-0.026548404631412295,-0.007060000000000001,0.05167,-0.008570000000000001,0.9409000000000001,0.6739,-11.755600000000001,7.155171176387189,16.00568861130756,20.09000015258789,20.10999870300293,20.059999465942383,20.079999923706055,16.313265353702775,16.32950436102642,16.288904519540292,16.305145075648614,16.309204827479526,0.01896302143211396,3.5,26.375,0.0,0.0,0.0,0.0,0.0,,,,,
pylon_camera_1771859699488942651.png,1771859699488942651,1771859699.4889426,42.30097433917706,-83.69748005971982,238.66021728515625,-0.009847746407914193,-0.9995430902337834,-0.012353445837091956,-0.025768683174237295,0.011040000000000001,0.01429,-0.02084,0.2379,-0.1136,-10.9198,7.236553112731649,16.187735119993935,20.189998626708984,20.309999465942383,20.260000228881836,20.209999084472656,16.394465036675037,16.49190682454029,16.451306983054163,16.410705592783355,16.437096109263212,0.015404316133223883,3.5,26.30000114440918,0.0,0.0,0.0,0.0,0.0,,,,,
pylon_camera_1771859699539832927.png,1771859699539832927,1771859699.5398328,42.30097435767641,-83.69748534021663,238.6500244140625,-0.009473471450699156,-0.9995680468291644,-0.012066661589219135,-0.025067284952566535,0.041400000000000006,0.04607000000000001,-0.022100000000000005,0.1651,0.38830000000000003,-8.2734,7.295312651495634,16.319176682636645,20.40999984741211,20.479999542236328,20.56999969482422,20.459999084472656,16.573108056297226,16.62994845389168,16.703029407594453,16.613707897783357,16.62994845389168,0.01904334865040651,3.5,26.30000114440918,0.0,0.0,0.0,0.0,0.0,,,,,
pylon_camera_1771859699600045549.png,1771859699600045549,1771859699.6000457,42.30097438646164,-83.69749066061384,238.63650512695312,-0.008876733411584958,-0.99962632963112,-0.011053508815753527,-0.023371449570257344,0.06967000000000001,0.06368000000000001,-0.03862000000000001,0.14300000000000002,-1.6177000000000001,-7.83,7.3610746141180075,16.466282247305138,20.59000015258789,20.719999313354492,20.869998931884766,20.889999389648438,16.719269963702775,16.824830480837516,16.946631554080582,16.962872110188904,16.863401027202443,0.024117088115764386,3.1000001430511475,0.0,0.0,0.0,0.0,0.0,0.0,,,,,
pylon_camera_1771859699651155233.png,1771859699651155233,1771859699.6511552,42.30097441055875,-83.69749423281431,238.6244659423828,-0.00839092412687964,-0.99967658432298,-0.010369072844664342,-0.021651823871879965,0.05727,0.045750000000000006,-0.033920000000000006,0.6402,-0.6728000000000001,-10.4071,7.422873979262471,16.604523719171393,20.829999923706055,20.829999923706055,20.85999870300293,20.889999389648438,16.914151990648616,16.914151990648616,16.93851127602642,16.962872110188904,16.93242184187814,0.019747517498990834,2.4000000953674316,0.0,0.0,0.0,0.0,0.0,0.0,,,,,
pylon_camera_1771859699693053694.png,1771859699693053694,1771859699.6930537,42.30097443126355,-83.6974996442597,238.60792541503906,-0.008151498879353458,-0.9997069582355054,-0.010223625943893016,-0.020372240772498388,0.009080000000000001,0.049640000000000004,-0.01378,2.188,1.3328,-10.3513,7.484234591105474,16.741783726227478,20.989999771118164,20.899999618530273,20.899999618530273,20.939998626708984,17.04407334194584,16.970992388243065,16.970992388243065,17.003471951675035,16.997382517526752,0.015267118216254108,2.0,0.0,0.0,0.0,0.0,0.0,0.0,,,,,
pylon_camera_1771859699741754413.png,1771859699741754413,1771859699.7417543,42.300974435761184,-83.69750329032237,238.59910583496094,-0.007873305328327918,-0.9997182468270431,-0.010063505669771888,-0.020004096528082115,-0.01302,-0.0005200000000000001,-0.008360000000000001,1.3491,0.5061,-10.398,7.55040208372735,16.88979643717306,21.020000457763672,21.059999465942383,21.010000228881836,20.989999771118164,17.068434176108322,17.100913739540292,17.06031389805416,17.04407334194584,17.068433788912152,0.010576643265274953,1.7000000476837158,0.0,0.0,0.0,0.0,0.0,0.0,,,,,
pylon_camera_1771859699782710812.png,1771859699782710812,1771859699.7827108,42.30097443677076,-83.69750695780539,238.59197998046875,-0.007676243352253587,-0.9997082057998291,-0.01010634427437829,-0.020553353738286886,-0.017150000000000002,-0.04336000000000001,-0.008740000000000001,0.1242,-0.4753,-12.1094,7.598061968725733,16.996408740321343,21.049999237060547,21.1299991607666,21.020000457763672,21.119998931884766,17.092793461486128,17.157754137134745,17.068434176108322,17.14963385908058,17.117153908452444,0.00710415770624839,1.2000000476837158,0.0,0.0,0.0,0.0,0.0,0.0,,,,,
pylon_camera_1771859699832009393.png,1771859699832009393,1771859699.8320096,42.30097443306564,-83.69751064619403,238.58798217773438,-0.007523486874333074,-0.9996754211642145,-0.010458540639169997,-0.021978816917675132,-0.020550000000000002,-0.06954,-0.0037500000000000003,-0.07400000000000001,-0.5810000000000001,-10.916400000000001,7.640870378425297,17.092168584314685,21.06999969482422,21.119998931884766,21.139999389648438,21.18000030517578,17.109034017594453,17.14963385908058,17.165874415188906,17.19835552740555,17.155724454817374,0.0037184205262879347,0.20000000298023224,0.0,0.0,0.0,0.0,0.0,0.0,,,,,
pylon_camera_1771859699882824285.png,1771859699882824285,1771859699.8828242,42.30097441869851,-83.6975162068492,238.58441162109375,-0.007393431402138717,-0.999635534099667,-0.010917665454502254,-0.02355717976326319,-0.026970000000000004,-0.06467,-0.00478,-0.17700000000000002,-0.5375,-10.2253,7.663902326659055,17.143689670596707,21.209999084472656,21.209999084472656,21.270000457763672,21.260000228881836,17.222714812783355,17.222714812783355,17.27143648110832,17.263316203054163,17.245045577432297,0.005912140780839378,-0.800000011920929,0.0,0.0,0.0,0.0,0.0,0.0,,,,,
pylon_camera_1771859699933126608.png,1771859699933126608,1771859699.9331267,42.300974404683664,-83.69752178303006,238.58218383789062,-0.007291774943295526,-0.9995964490541528,-0.011293285385365648,-0.025024603127911684,-0.016760000000000004,-0.050230000000000004,-0.005280000000000001,-0.4549,-0.7688,-9.9033,7.671217592872747,17.160053482200762,21.279998779296875,21.389999389648438,21.279998779296875,21.329999923706055,17.279555210377808,17.368876720188904,17.279555210377808,17.320156600648613,17.312035935398285,0.008856758713203662,-1.3000000715255737,0.0,0.0,0.0,0.0,0.0,0.0,,,,,
pylon_camera_1771859699982842905.png,1771859699982842905,1771859699.982843,42.30097439550316,-83.69752550564546,238.580810546875,-0.007243850666865227,-0.999566734809024,-0.011582158668517584,-0.02607149576299472,-0.0033400000000000005,-0.040970000000000006,-0.0019700000000000004,-0.2795,-0.5770000000000001,-9.9237,7.6744942261237865,17.167383114185345,21.350000381469727,21.3799991607666,21.389999389648438,21.399999618530273,17.336397156756938,17.360756442134743,17.368876720188904,17.376996998243065,17.36075682933091,0.011264018159283767,-1.3000000715255737,0.0,0.0,0.0,0.0,0.0,0.0,,,,,
pylon_camera_1771859700043188408.png,1771859700043188408,1771859700.0431886,42.30097438364988,-83.69753108699763,238.5778350830078,-0.007199278123483145,-0.9995425718038952,-0.011784287936389522,-0.026906283726816714,-0.0015900000000000003,-0.029410000000000006,-0.0033000000000000004,-0.318,-0.2351,-10.0379,7.679329362335712,17.178199023783247,21.31999969482422,21.34000015258789,21.420000076293945,21.420000076293945,17.31203632259445,17.328276878702773,17.393237554351387,17.393237554351387,17.3566970775,0.010390964353691792,-1.399999976158142,0.0,0.0,0.0,0.0,0.0,0.0,,,,,
pylon_camera_1771859700092857698.png,1771859700092857698,1771859700.0928576,42.300974376628375,-83.69753666800695,238.5724639892578,-0.007167059692805234,-0.9995328452253047,-0.011678907944256118,-0.02731899852477156,0.022470000000000004,-0.009980000000000001,-0.007140000000000001,-0.3803,0.23270000000000002,-7.8147,7.680120666610404,17.179969123967478,21.260000228881836,21.279998779296875,21.489999771118164,21.5,17.263316203054163,17.279555210377808,17.45007795194584,17.45819823,17.362786898844455,0.010641333145467119,-1.5,0.0,0.0,0.0,0.0,0.0,0.0,,,,,
pylon_camera_1771859700143956797.png,1771859700143956797,1771859700.1439567,42.30097437523055,-83.69754038471264,238.56640625,-0.007080215345780795,-0.999547997549476,-0.011541277996085068,-0.02684157312281178,0.016870000000000003,0.041330000000000006,-0.008380000000000002,-0.0345,0.8876000000000001,-7.823,7.663381854813496,17.142525406306504,21.53999900817871,21.529998779296875,21.529998779296875,21.469999313354492,17.49067779343197,17.48255751537781,17.48255751537781,17.433837395837518,17.472407555006274,0.01924349772749417,-1.600000023841858,0.0,0.0,0.0,0.0,0.0,0.0,,,,,
pylon_camera_1771859700184915137.png,1771859700184915137,1771859700.1849153,42.30097437712499,-83.69754409401325,238.55801391601562,-0.007055242150046327,-0.9995636079601584,-0.0113300910465772,-0.026352347841347604,0.007540000000000001,0.018850000000000002,0.006910000000000001,-1.8748,1.5873000000000002,-9.555900000000001,7.663665667721684,17.143160278753346,21.729999542236328,21.459999084472656,21.529998779296875,21.479999542236328,17.644959978891677,17.425717117783357,17.48255751537781,17.44195767389168,17.49879807148613,0.020745171074061024,-1.7000000476837158,0.0,0.0,0.0,0.0,0.0,0.0,,,,,
pylon_camera_1771859700235797272.png,1771859700235797272,1771859700.2357972,42.30097439324903,-83.69754962700287,238.5423126220703,-0.006861094573128501,-0.9996449251441195,-0.009745094008056978,-0.023832376248300195,0.040040000000000006,0.07359000000000002,0.00036,1.465,-0.8068000000000001,-9.3477,7.645134124747891,17.10170632901355,21.420000076293945,21.389999389648438,21.619998931884766,21.53999900817871,17.393237554351387,17.368876720188904,17.55563846908058,17.49067779343197,17.45210763426321,0.020489259873162222,-1.899999976158142,0.0,0.0,0.0,0.0,0.0,0.0,,,,,
pylon_camera_1771859700285868111.png,1771859700285868111,1771859700.285868,42.30097440430769,-83.6975533210552,238.53196716308594,-0.006768738576792832,-0.9997112084574359,-0.008562172358325036,-0.02140964892655326,0.047290000000000006,0.07929000000000001,-0.006940000000000001,0.7555000000000001,-0.5553,-9.719800000000001,7.636769020007873,17.082994091616413,21.579999923706055,21.559999465942383,21.559999465942383,21.469999313354492,17.523158905648614,17.506918349540292,17.506918349540292,17.433837395837518,17.49270825014168,0.023983744086543638,-2.0,0.0,0.0,0.0,0.0,0.0,0.0,,,,,
pylon_camera_1771859700337059818.png,1771859700337059818,1771859700.3370597,42.3009744140124,-83.6975588707696,238.52012634277344,-0.006724360340261248,-0.9997456688984947,-0.008333113750985053,-0.01984791454861535,0.00218,0.026350000000000005,0.0016100000000000003,0.7037,0.405,-11.868,7.661927682572032,17.13927251025268,21.479999542236328,21.43000030517578,21.489999771118164,21.459999084472656,17.44195767389168,17.401357832405548,17.45007795194584,17.425717117783357,17.429777644006606,0.01694967704026791,-2.200000047683716,0.0,0.0,0.0,0.0,0.0,0.0,,,,,
pylon_camera_1771859700387918898.png,1771859700387918898,1771859700.387919,42.300974406789,-83.69756258736307,238.5146942138672,-0.006747913430899866,-0.9997392837418826,-0.008936913129117758,-0.01989878868974855,-0.020580000000000005,-0.043980000000000005,-0.0023800000000000006,0.7773,0.0916,-10.9765,7.690683424939476,17.203597380584114,21.35999870300293,21.34000015258789,21.459999084472656,21.420000076293945,17.34451588602642,17.328276878702773,17.425717117783357,17.393237554351387,17.372936859215983,0.009843259806985763,-2.5,0.0,0.0,0.0,0.0,0.0,0.0,,,,,
pylon_camera_1771859700439071140.png,1771859700439071140,1771859700.4390712,42.30097438576615,-83.69756818582587,238.5094757080078,-0.006904535459907268,-0.9997045039568548,-0.009579779717769268,-0.02124758760472758,-0.026080000000000002,-0.07124,0.008100000000000001,0.2056,0.7009000000000001,-9.7461,7.717837898206382,17.264340308013786,21.329999923706055,21.299999237060547,21.459999084472656,21.420000076293945,17.320156600648613,17.29579576648613,17.425717117783357,17.393237554351387,17.358726759817372,0.005467133416025991,-2.700000047683716,0.0,0.0,0.0,0.0,0.0,0.0,,,,,
pylon_camera_1771859700488735264.png,1771859700488735264,1771859700.4887352,42.300974368452295,-83.69757192386965,238.50624084472656,-0.007121071169560567,-0.9996574488016143,-0.009855456841463193,-0.023176396857400257,-0.027510000000000003,-0.06460000000000002,0.006660000000000001,-0.2949,-0.17250000000000001,-9.082600000000001,7.720341595333992,17.269940928266422,21.329999923706055,21.31999969482422,21.389999389648438,21.28999900817871,17.320156600648613,17.31203632259445,17.368876720188904,17.28767548843197,17.322186282965987,0.0030252190737984986,-2.6000001430511475,0.0,0.0,0.0,0.0,0.0,0.0,,,,,
pylon_camera_1771859700549262848.png,1771859700549262848,1771859700.5492628,42.30097434564673,-83.6975775340745,238.50054931640625,-0.007354908083453072,-0.9996107277414579,-0.00992860444204965,-0.025014418344429596,0.0020000000000000005,-0.029890000000000003,0.0073500000000000015,-1.2811000000000001,1.6027,-6.3996,7.702816584374326,17.230738530250306,21.389999389648438,21.369998931884766,21.309999465942383,21.670000076293945,17.368876720188904,17.352636164080582,17.30391604454029,17.59623985935139,17.40541719704029,0.010137619260098298,-2.6000001430511475,0.0,0.0,0.0,0.0,0.0,0.0,,,,,
pylon_camera_1771859700598931017.png,1771859700598931017,1771859700.5989308,42.300974342339586,-83.6975831412555,238.4942626953125,-0.00725423440301265,-0.9995651464769044,-0.009429321504484294,-0.026981140224160517,0.01667,-0.11703000000000001,-0.013460000000000001,-0.5930000000000001,-0.7571,-18.0848,7.708121679397913,17.242605709512368,21.279998779296875,21.25,20.979999542236328,21.209999084472656,17.279555210377808,17.255195925000002,17.03595306389168,17.222714812783355,17.19835475301321,0.0025663729278891188,-2.5,0.0,0.0,0.0,0.0,0.0,0.0,,,,,
pylon_camera_1771859700652050680.png,1771859700652050680,1771859700.6520507,42.300974352125884,-83.6975868864809,238.4950714111328,-0.007109307227344931,-0.9995100883963113,-0.008526275433892106,-0.02926334861171326,0.018270000000000005,-0.19306,-0.016050000000000002,-1.0818,-1.7165000000000001,-8.9806,7.727269881870471,17.285439089551332,21.28999900817871,21.239999771118164,21.229999542236328,21.329999923706055,17.28767548843197,17.247075646945838,17.23895536889168,17.320156600648613,17.273465776229525,0.0006926820464193219,-1.8000000715255737,0.0,0.0,0.0,0.0,0.0,0.0,,,,,
pylon_camera_1771859700691244344.png,1771859700691244344,1771859700.6912444,42.30097435269646,-83.69759062269554,238.49815368652344,-0.007211259351276645,-0.9994662779277839,-0.008944146170962387,-0.030580373984345804,-0.022390000000000004,-0.07338000000000001,0.007760000000000001,0.28040000000000004,1.5531000000000001,-8.6259,7.692857584134544,17.208460844253928,20.979999542236328,21.35999870300293,21.44999885559082,21.389999389648438,17.03595306389168,17.34451588602642,17.417596839729196,17.368876720188904,17.29173562745905,0.00483917672584469,-1.0,0.0,0.0,0.0,0.0,0.0,0.0,,,,,
pylon_camera_1771859700742189776.png,1771859700742189776,1771859700.74219,42.300974355988686,-83.69759619643501,238.4969940185547,-0.0072211288180995545,-0.9994730471278842,-0.008200012343106841,-0.03056539155756752,0.00395,0.026820000000000004,-0.00256,-0.8401000000000001,-0.5931000000000001,-6.6039,7.635907195208634,17.081066241250003,21.279998779296875,21.489999771118164,21.600000381469727,21.529998779296875,17.279555210377808,17.45007795194584,17.539399461756936,17.48255751537781,17.4378975348646,0.02089045780718687,-0.30000001192092896,0.0,0.0,0.0,0.0,0.0,0.0,,,,,
pylon_camera_1771859700801451637.png,1771859700801451637,1771859700.8014514,42.30097435913691,-83.69760174479535,238.4862823486328,-0.007167517308642791,-0.9995289041339378,-0.007066553991686783,-0.02899414270369551,-0.04991,0.04565,0.0060300000000000015,-1.1088,-1.6062,-7.697500000000001,7.644441545352804,17.100157070461503,21.31999969482422,21.369998931884766,21.649999618530273,21.549999237060547,17.31203632259445,17.352636164080582,17.579999303243067,17.49879807148613,17.43586746535106,0.0196320065076745,-1.600000023841858,0.0,0.0,0.0,0.0,0.0,0.0,,,,,
pylon_camera_1771859700843138045.png,1771859700843138045,1771859700.843138,42.30097435002393,-83.69760544151026,238.4756622314453,-0.007055623992201999,-0.9995713191342732,-0.007455469009048938,-0.02741919247725257,-0.00222,0.08185,-0.010280000000000003,0.7274,-1.5852000000000002,-8.010900000000001,7.652428964928593,17.11802444880737,21.439998626708984,21.559999465942383,21.5,21.56999969482422,17.409476561675035,17.506918349540292,17.45819823,17.515038627594453,17.472407942202445,0.02070235934379487,-3.299999952316284,0.0,0.0,0.0,0.0,0.0,0.0,,,,,
pylon_camera_1771859700891769775.png,1771859700891769775,1771859700.89177,42.3009743403902,-83.69760914045507,238.4628143310547,-0.007102003311005634,-0.9996056944390601,-0.008595297797650553,-0.02577087599878181,-0.016950000000000003,0.06225000000000001,0.00011000000000000002,1.4715,0.0732,-9.5676,7.665378464398035,17.14699170215054,21.639999389648438,21.529998779296875,21.5,21.40999984741211,17.571879025188903,17.48255751537781,17.45819823,17.385117276297226,17.474438011715986,0.019096428997768616,-4.300000190734863,0.0,0.0,0.0,0.0,0.0,0.0,,,,,
pylon_camera_1771859700942828691.png,1771859700942828691,1771859700.942829,42.30097431201945,-83.69761470469132,238.44346618652344,-0.0072756399555537485,-0.9996211560754853,-0.009540406765555499,-0.024770749449602218,-0.028860000000000004,0.031540000000000006,0.004520000000000001,0.741,0.8871,-10.067,7.672535270658661,17.163001048347187,21.549999237060547,21.469999313354492,21.43000030517578,21.44999885559082,17.49879807148613,17.433837395837518,17.401357832405548,17.417596839729196,17.4378975348646,0.01601680765170645,-4.400000095367432,0.0,0.0,0.0,0.0,0.0,0.0,,,,,
pylon_camera_1771859700993026393.png,1771859700993026393,1771859700.9930263,42.30097428958355,-83.69761841940155,238.4312286376953,-0.00755253348944851,-0.9996235737358319,-0.010372122653422886,-0.024250549295978877,-0.04975,0.04327000000000001,0.010440000000000001,-0.4057,-0.6536000000000001,-10.075700000000001,7.673782726231019,17.165791531615216,21.53999900817871,21.6299991607666,21.389999389648438,21.459999084472656,17.49067779343197,17.563758747134745,17.368876720188904,17.425717117783357,17.462257594634742,0.017270748189706704,-4.099999904632568,0.0,0.0,0.0,0.0,0.0,0.0,,,,,
pylon_camera_1771859701052953694.png,1771859701052953694,1771859701.0529535,42.30097425674341,-83.69762400492971,238.41555786132812,-0.007921125316185329,-0.9996020120292421,-0.011696027700521541,-0.024418768536621293,-0.08017000000000002,-0.011040000000000001,0.024980000000000006,-0.8797,0.4319,-10.5751,7.683882115209093,17.188383258795827,21.53999900817871,21.53999900817871,21.510000228881836,21.279998779296875,17.49067779343197,17.49067779343197,17.46631850805416,17.279555210377808,17.431807326323977,0.014162127051919311,-3.4000000953674316,0.0,0.0,0.0,0.0,0.0,0.0,,,,,
pylon_camera_1771859701093988175.png,1771859701093988175,1771859701.0939882,42.300974238111415,-83.69762960634112,238.40765380859375,-0.008113667298484506,-0.9995742672357601,-0.011814748039930299,-0.02541386259142247,0.019960000000000002,-0.07375000000000001,-0.0028400000000000005,-1.8176,-0.47240000000000004,-14.2969,7.705665533606289,17.237111458745254,21.479999542236328,21.489999771118164,21.549999237060547,21.270000457763672,17.44195767389168,17.45007795194584,17.49879807148613,17.27143648110832,17.415567544607995,0.010353015717851136,-3.0,0.0,0.0,0.0,0.0,0.0,0.0,,,,,
pylon_camera_1771859701145136313.png,1771859701145136313,1771859701.1451364,42.30097425009053,-83.697633342179,238.40797424316406,-0.008225049950009056,-0.9995391692901024,-0.01050388126240732,-0.02726657452994346,0.15812,-0.08109000000000001,-0.016800000000000002,-0.8674000000000001,1.2689000000000001,-10.797500000000001,7.718859657627399,17.266625922533034,21.389999389648438,21.389999389648438,21.689998626708984,21.31999969482422,17.368876720188904,17.368876720188904,17.612478866675033,17.31203632259445,17.41556715741182,0.008625960598614592,-2.200000047683716,0.0,0.0,0.0,0.0,0.0,0.0,,,,,
pylon_camera_1771859701194941327.png,1771859701194941327,1771859701.1949415,42.30097424651587,-83.69763895552597,238.40797424316406,-0.00835081018631506,-0.99950999333644,-0.00997896156841483,-0.028468535540804325,0.0297,-0.06002000000000001,0.012420000000000002,0.2029,2.0183,-5.417400000000001,7.716664883656051,17.261716344845567,21.31999969482422,21.43000030517578,21.60999870300293,21.389999389648438,17.31203632259445,17.401357832405548,17.54751819102642,17.368876720188904,17.40744726655383,0.008442435201513424,-1.2000000476837158,0.0,0.0,0.0,0.0,0.0,0.0,,,,,
pylon_camera_1771859701245993714.png,1771859701245993714,1771859701.2459936,42.300974249552475,-83.69764267743359,238.40406799316406,-0.008343509393911264,-0.9995046783104098,-0.010172321268337418,-0.028588595044391648,-0.00234,0.04603000000000001,0.009550000000000001,0.6998000000000001,2.0498000000000003,-8.1898,7.662438027052387,17.140414120234567,21.56999969482422,21.510000228881836,21.65999984741211,21.469999313354492,17.515038627594453,17.46631850805416,17.588119581297228,17.433837395837518,17.50082852819584,0.021027170372493898,-1.2000000476837158,0.0,0.0,0.0,0.0,0.0,0.0,,,,,
pylon_camera_1771859701297068628.png,1771859701297068628,1771859701.2970686,42.30097425700372,-83.69764824267526,238.39427185058594,-0.008176259103191919,-0.9995475444040451,-0.009161503072120597,-0.027457642367475693,0.06505000000000001,0.08722,-0.025450000000000004,-1.2264000000000002,-0.1169,-8.8437,7.625929162131522,17.058745979938486,22.239999771118164,21.44999885559082,21.600000381469727,21.549999237060547,18.059084866945838,17.417596839729196,17.539399461756936,17.49879807148613,17.628719809979525,0.03341241089534618,-2.0,0.0,0.0,0.0,0.0,0.0,0.0,,,,,
pylon_camera_1771859701356869672.png,1771859701356869672,1771859701.3568697,42.300974248541074,-83.69765380932414,238.3826904296875,-0.008013968400044535,-0.9995877985675599,-0.009970056714834637,-0.02570228072459237,-0.08424000000000001,0.06675000000000002,-0.012860000000000002,-1.9165,1.4154,-9.9443,7.646471362906,17.10469765053895,21.78999900817871,21.56999969482422,21.549999237060547,21.469999313354492,17.69368009843197,17.515038627594453,17.49879807148613,17.433837395837518,17.535338548337517,0.02517676176433316,-3.0,0.0,0.0,0.0,0.0,0.0,0.0,,,,,
pylon_camera_1771859701398063661.png,1771859701398063661,1771859701.3980637,42.30097422660091,-83.69765753940288,238.37478637695312,-0.008062173038329457,-0.9995827272016402,-0.011531511873422471,-0.025226911819410065,-0.06117000000000001,0.0031300000000000004,0.012520000000000002,-1.5264,0.6119,-10.1112,7.69006822197697,17.202221208469165,21.510000228881836,21.529998779296875,21.43000030517578,21.399999618530273,17.46631850805416,17.48255751537781,17.401357832405548,17.376996998243065,17.431807713520143,0.013346329073942263,-2.9000000953674316,0.0,0.0,0.0,0.0,0.0,0.0,,,,,
pylon_camera_1771859701448992370.png,1771859701448992370,1771859701.4489923,42.30097420538554,-83.69766127593127,238.36805725097656,-0.00824390303898248,-0.9995636920327471,-0.012351317965171428,-0.025532500407724878,0.0357,-0.03602,0.009780000000000002,-0.6269,1.6431,-11.1311,7.712282253574323,17.25191266431055,21.549999237060547,21.489999771118164,21.469999313354492,21.31999969482422,17.49879807148613,17.45007795194584,17.433837395837518,17.31203632259445,17.423687435465986,0.009956853741254558,-2.700000047683716,0.0,0.0,0.0,0.0,0.0,0.0,,,,,
pylon_camera_1771859701499077386.png,1771859701499077386,1771859701.4990773,42.30097418509777,-83.69766688216036,238.35731506347656,-0.008468726814199523,-0.9995535296164372,-0.012136310965758837,-0.025956349003876954,0.03699,-0.021840000000000005,0.00395,-0.2298,2.1235,-9.203000000000001,7.71242994800383,17.25224304788769,21.529998779296875,21.59000015258789,21.559999465942383,21.43000030517578,17.48255751537781,17.531279183702775,17.506918349540292,17.401357832405548,17.480528220256605,0.01323220242928745,-2.1000001430511475,0.0,0.0,0.0,0.0,0.0,0.0,,,,,
pylon_camera_1771859701559169041.png,1771859701559169041,1771859701.559169,42.300974182185286,-83.69767248208123,238.34523010253906,-0.008474207774675002,-0.9995573562603598,-0.011464900437985547,-0.026111978215734844,0.01454,0.00543,-0.0010000000000000002,-0.7437,1.6760000000000002,-8.912,7.701905984815023,17.22870157367212,21.389999389648438,21.510000228881836,21.53999900817871,21.420000076293945,17.368876720188904,17.46631850805416,17.49067779343197,17.393237554351387,17.429777644006606,0.011670993863040713,-1.0,0.0,0.0,0.0,0.0,0.0,0.0,,,,,
pylon_camera_1771859701609541372.png,1771859701609541372,1771859701.6095414,42.300974192292834,-83.69767621280269,238.33778381347656,-0.008294368261461627,-0.9995718766374889,-0.01067290087703629,-0.025949105522556984,0.040560000000000006,0.003790000000000001,-0.009370000000000002,0.5925,0.6414000000000001,-10.819600000000001,7.704808743912731,17.235194871608147,21.35999870300293,21.559999465942383,21.459999084472656,21.459999084472656,17.34451588602642,17.506918349540292,17.425717117783357,17.425717117783357,17.425717117783357,0.011054255411353684,-0.10000000149011612,0.0,0.0,0.0,0.0,0.0,0.0,,,,,
pylon_camera_1771859701651797528.png,1771859701651797528,1771859701.6517975,42.30097421538741,-83.6976799442577,238.33140563964844,-0.007981622970974545,-0.9995840235168699,-0.00901494011949897,-0.026206954787169324,0.12000000000000001,-0.015290000000000003,-0.032150000000000005,1.3776000000000002,-0.44930000000000003,-12.006,7.707376845022505,17.240939559704643,21.6299991607666,21.389999389648438,21.31999969482422,21.389999389648438,17.563758747134745,17.368876720188904,17.31203632259445,17.368876720188904,17.403387127526752,0.009422199251935229,0.20000000298023224,0.0,0.0,0.0,0.0,0.0,0.0,,,,,
pylon_camera_1771859701702081718.png,1771859701702081718,1771859701.7020817,42.30097425457101,-83.69768554658805,238.32852172851562,-0.007671309514991621,-0.9995739687904279,-0.0074057285295063245,-0.027169599036883905,-0.011790000000000002,0.013850000000000001,0.0035100000000000005,-0.5026,-2.6443000000000003,-8.569700000000001,7.699650514499049,17.223656221903504,21.10999870300293,21.579999923706055,21.770000457763672,21.559999465942383,17.141513581026423,17.523158905648614,17.677441091108324,17.506918349540292,17.462257981830916,0.013853142262789725,0.6000000238418579,0.0,0.0,0.0,0.0,0.0,0.0,,,,,
pylon_camera_1771859701752368857.png,1771859701752368857,1771859701.752369,42.30097424344669,-83.69768928541859,238.3265838623047,-0.007685316328526316,-0.999525890923399,-0.009240321069381833,-0.02834688260198741,-0.08193000000000002,-0.024090000000000004,-0.00783,-2.0457,-2.7520000000000002,-9.6234,7.690234037676228,17.202592128239463,21.40999984741211,21.6299991607666,21.520000457763672,21.600000381469727,17.385117276297226,17.563758747134745,17.474438786108323,17.539399461756936,17.490678567824308,0.016746687792005912,0.10000000149011612,0.0,0.0,0.0,0.0,0.0,0.0,,,,,
pylon_camera_1771859701801954281.png,1771859701801954281,1771859701.8019543,42.300974204905266,-83.69769489195137,238.31814575195312,-0.007691280338097185,-0.999495975664223,-0.011576598760473435,-0.02854156966466247,-0.05984000000000001,-0.08639000000000001,0.00623,-1.8828,1.3081,-8.81,7.713613351820227,17.25489025122074,21.489999771118164,21.44999885559082,21.439998626708984,21.60999870300293,17.45007795194584,17.417596839729196,17.409476561675035,17.54751819102642,17.456167386094123,0.011664932778065221,-1.0,0.0,0.0,0.0,0.0,0.0,0.0,,,,,
pylon_camera_1771859701852580063.png,1771859701852580063,1771859701.85258,42.30097418127017,-83.69769863641332,238.30979919433594,-0.007644386018955286,-0.9994897336891038,-0.01207208778709316,-0.028567469417827222,0.0034500000000000004,-0.04598,0.0015600000000000002,-1.2868000000000002,1.7211,-7.4125000000000005,7.718520060702446,17.26586626458773,21.53999900817871,21.389999389648438,21.529998779296875,21.489999771118164,17.49067779343197,17.368876720188904,17.48255751537781,17.45007795194584,17.448047495236132,0.010551525643521107,-1.3000000715255737,0.0,0.0,0.0,0.0,0.0,0.0,,,,,
pylon_camera_1771859701902440582.png,1771859701902440582,1771859701.9024408,42.30097415505327,-83.69770424171742,238.2961883544922,-0.007619836663725289,-0.9994806116557258,-0.012653907803671134,-0.028641292408177133,-0.013200000000000002,-0.01837,0.011230000000000002,0.0322,3.2971000000000004,-9.6784,7.718624261744367,17.266099356066444,21.65999984741211,21.670000076293945,21.529998779296875,21.35999870300293,17.588119581297228,17.59623985935139,17.48255751537781,17.34451588602642,17.50285821051321,0.013712353297884885,-0.699999988079071,0.0,0.0,0.0,0.0,0.0,0.0,,,,,
pylon_camera_1771859701953868009.png,1771859701953868009,1771859701.9538682,42.3009741340103,-83.69770985885229,238.2838134765625,-0.0074549632428085886,-0.999473220070282,-0.012853044158729897,-0.028853165185887254,-0.022450000000000005,-0.007580000000000002,-0.0025200000000000005,0.4393,1.9504000000000001,-11.090300000000001,7.72240891269318,17.274565393159882,21.600000381469727,21.389999389648438,21.43000030517578,21.459999084472656,17.539399461756936,17.368876720188904,17.401357832405548,17.425717117783357,17.433837783033688,0.009220051923093359,0.9000000357627869,0.0,0.0,0.0,0.0,0.0,0.0,,,,,
pylon_camera_1771859702003394656.png,1771859702003394656,1771859702.0033946,42.300974128387296,-83.69771360255557,238.27682495117188,-0.007244711046830222,-0.9994665184112526,-0.012411194450686924,-0.029328399019457076,0.012720000000000002,0.00825,-0.0068000000000000005,0.0371,1.2784,-10.5304,7.717985643497836,17.264670805366052,21.469999313354492,21.889999389648438,21.279998779296875,21.65999984741211,17.433837395837518,17.774881330188904,17.279555210377808,17.588119581297228,17.519098379425365,0.014736891130309572,2.1000001430511475,0.0,0.0,0.0,0.0,0.0,0.0,,,,,
pylon_camera_1771859702054481369.png,1771859702054481369,1771859702.0544815,42.30097414898361,-83.6977192359331,238.26980590820312,-0.006760812642627846,-0.9994501797490393,-0.010668372414571158,-0.030656409477436964,0.06734000000000001,-0.07343000000000001,-0.027250000000000003,-0.8563000000000001,-0.8724000000000001,-10.943000000000001,7.740908414095865,17.315947667827604,21.639999389648438,21.389999389648438,21.619998931884766,21.420000076293945,17.571879025188903,17.368876720188904,17.55563846908058,17.393237554351387,17.472407942202445,0.009035617188052472,2.700000047683716,0.0,0.0,0.0,0.0,0.0,0.0,,,,,
pylon_camera_1771859702104485467.png,1771859702104485467,1771859702.1044853,42.30097416339344,-83.69772300355687,238.26626586914062,-0.006403296942512849,-0.9994062705836477,-0.008950247396462191,-0.03264961221657092,0.0665,-0.08860000000000001,-0.00824,-4.006,0.7637,-9.3642,7.741906534167028,17.318180402539593,21.489999771118164,21.649999618530273,21.579999923706055,21.43000030517578,17.45007795194584,17.579999303243067,17.523158905648614,17.401357832405548,17.488648498310766,0.009843302922642828,2.6000001430511475,0.0,0.0,0.0,0.0,0.0,0.0,,,,,
pylon_camera_1771859702155192165.png,1771859702155192165,1771859702.1551921,42.300974169112905,-83.6977286456978,238.2576446533203,-0.0061638743152832584,-0.9993876242383848,-0.008205632576024849,-0.033452216168886814,0.014530000000000003,-0.01017,0.00269,-1.9436,0.7817000000000001,-7.515000000000001,7.723270101867993,17.27649182167259,21.760000228881836,21.689998626708984,21.65999984741211,21.53999900817871,17.66932081305416,17.612478866675033,17.588119581297228,17.49067779343197,17.5901492636146,0.018155158187181265,2.4000000953674316,0.0,0.0,0.0,0.0,0.0,0.0,,,,,
pylon_camera_1771859702206465506.png,1771859702206465506,1771859702.2064655,42.300974163842604,-83.69773238566226,238.24806213378906,-0.005856605287030859,-0.999410237944848,-0.007988118105961832,-0.032879574733559826,0.0018400000000000003,0.055130000000000005,0.0020900000000000003,-1.044,-0.0488,-8.1921,7.696192750074827,17.215921410352387,21.78999900817871,21.809999465942383,21.65999984741211,21.739999771118164,17.69368009843197,17.70992065454029,17.588119581297228,17.653080256945838,17.661200147803832,0.025864357000589464,1.899999976158142,0.0,0.0,0.0,0.0,0.0,0.0,,,,,
pylon_camera_1771859702257123799.png,1771859702257123799,1771859702.257124,42.300974134987264,-83.6977379818872,238.23036193847656,-0.005617086591815813,-0.9994689060592841,-0.008275055156113929,-0.03101415194779921,-0.04324,0.12931000000000004,0.00143,-1.3866,-1.3215000000000001,-9.899600000000001,7.662326788229121,17.14016528566125,21.809999465942383,21.850000381469727,21.619998931884766,21.619998931884766,17.70992065454029,17.742401766756934,17.55563846908058,17.55563846908058,17.640899839864595,0.029214103006476713,1.399999976158142,0.0,0.0,0.0,0.0,0.0,0.0,,,,,
pylon_camera_1771859702307233074.png,1771859702307233074,1771859702.307233,42.3009741122207,-83.69774171458475,238.21865844726562,-0.005432408024967751,-0.9995212610176005,-0.009046774594053668,-0.029084249797452423,-0.007840000000000001,0.11178000000000002,-0.0037200000000000006,-1.232,-2.3571,-12.0509,7.695048373591942,17.21336150882276,21.719999313354492,21.809999465942383,21.56999969482422,21.639999389648438,17.63683970083752,17.70992065454029,17.515038627594453,17.571879025188903,17.60841950204029,0.022950659173401007,0.4000000059604645,0.0,0.0,0.0,0.0,0.0,0.0,,,,,
pylon_camera_1771859702357998803.png,1771859702357998803,1771859702.3579988,42.300974074166845,-83.69774733418993,238.2052764892578,-0.005284453748993668,-0.9995333737689651,-0.009934163099277589,-0.028397564580826432,-0.04553000000000001,-0.009770000000000003,-0.007020000000000001,-0.8726,-0.9786,-12.3932,7.737822733598115,17.30904518569497,21.65999984741211,21.639999389648438,21.549999237060547,21.649999618530273,17.588119581297228,17.571879025188903,17.49879807148613,17.579999303243067,17.559698995303833,0.01448108817787452,-0.4000000059604645,0.0,0.0,0.0,0.0,0.0,0.0,,,,,
pylon_camera_1771859702407859373.png,1771859702407859373,1771859702.4078596,42.30097404868977,-83.6977510972362,238.19891357421875,-0.005377125033491138,-0.9995150434648157,-0.01014082717579773,-0.028946986684150258,0.024,-0.00412,-0.00459,-0.8776,1.4539,-7.6475,7.7592915382373,17.357069613544546,21.60999870300293,21.510000228881836,21.579999923706055,21.760000228881836,17.54751819102642,17.46631850805416,17.523158905648614,17.66932081305416,17.55157910444584,0.011206355406301303,-1.399999976158142,0.0,0.0,0.0,0.0,0.0,0.0,,,,,
pylon_camera_1771859702458912298.png,1771859702458912298,1771859702.4589124,42.300974029601896,-83.69775674907194,238.18594360351562,-0.005303373610833274,-0.9995112784253324,-0.009415518090978615,-0.029333028278385378,0.06450000000000002,0.024550000000000002,-0.013570000000000002,-0.6856,1.6837,-6.5476,7.758721198642658,17.35579379809171,21.619998931884766,21.56999969482422,21.510000228881836,21.75,17.55563846908058,17.515038627594453,17.46631850805416,17.661200535000003,17.5495490349323,0.011163720835511117,-2.200000047683716,0.0,0.0,0.0,0.0,0.0,0.0,,,,,
pylon_camera_1771859702508359795.png,1771859702508359795,1771859702.5083597,42.300974029802106,-83.69776051486065,238.17446899414062,-0.005049240191130734,-0.9995203624522693,-0.008171979202747419,-0.029440940417836615,0.047360000000000006,-0.02172,-0.008960000000000003,-0.8256,1.2061,-11.450000000000001,7.768698512510049,17.378112450574232,21.559999465942383,21.65999984741211,21.469999313354492,21.44999885559082,17.506918349540292,17.588119581297228,17.433837395837518,17.417596839729196,17.48661804160106,0.006243807624989863,-2.799999952316284,0.0,0.0,0.0,0.0,0.0,0.0,,,,,
pylon_camera_1771859702559063682.png,1771859702559063682,1771859702.559064,42.30097404424764,-83.69776616267791,238.15853881835938,-0.004840054315478793,-0.9995222630789767,-0.007213187523273155,-0.02966124423314136,0.03785,-0.04216000000000001,-0.0074,0.0256,0.2129,-9.4879,7.787980435289547,17.4212449549166,21.65999984741211,21.670000076293945,21.579999923706055,21.399999618530273,17.588119581297228,17.59623985935139,17.523158905648614,17.376996998243065,17.521128836135077,0.005733452544692498,-3.200000047683716,0.0,0.0,0.0,0.0,0.0,0.0,,,,,
pylon_camera_1771859702609402804.png,1771859702609402804,1771859702.609403,42.30097404479772,-83.69776993176752,238.15138244628906,-0.004778611056013128,-0.9995036373979598,-0.006904607454215698,-0.030363960554023618,0.04032000000000001,-0.034230000000000003,-0.011410000000000002,0.109,-1.8289000000000002,-10.5594,7.7898178338785256,17.425355105316232,21.65999984741211,21.639999389648438,21.459999084472656,21.100000381469727,17.588119581297228,17.571879025188903,17.425717117783357,17.133394851756936,17.429777644006606,0.00025379905681375506,-3.4000000953674316,0.0,0.0,0.0,0.0,0.0,0.0,,,,,
pylon_camera_1771859702669615727.png,1771859702669615727,1771859702.6696155,42.300974035574015,-83.69777559617837,238.14552307128906,-0.004939409314592359,-0.99946109450076,-0.006955158972250398,-0.03169776930063986,-0.012230000000000001,-0.012210000000000002,-0.00613,-1.1499000000000001,-3.2876000000000003,-9.1552,7.781944059445073,17.40774194433506,21.56999969482422,21.639999389648438,21.770000457763672,21.850000381469727,17.515038627594453,17.571879025188903,17.677441091108324,17.742401766756934,17.62669012766215,0.012577632643407905,-3.700000047683716,0.0,0.0,0.0,0.0,0.0,0.0,,,,,
pylon_camera_1771859702719591444.png,1771859702719591444,1771859702.7195914,42.30097401990939,-83.69778126256554,238.13897705078125,-0.005293189199686577,-0.9994469150189931,-0.006931619177825922,-0.03209047931532627,0.018390000000000004,0.011090000000000001,-0.0033400000000000005,-0.1486,-1.8223,-9.5638,7.775571065593291,17.393485939468256,21.729999542236328,21.639999389648438,21.799999237060547,21.84000015258789,17.644959978891677,17.571879025188903,17.70180037648613,17.734281488702777,17.663230217317373,0.015508350585263056,-4.0,0.0,0.0,0.0,0.0,0.0,0.0,,,,,
pylon_camera_1771859702762005845.png,1771859702762005845,1771859702.7620058,42.300974010900354,-83.69778502956294,238.13145446777344,-0.005532738236659619,-0.9994596275350204,-0.007027650696966125,-0.03162995195767093,-0.009910000000000002,0.05598000000000001,0.007060000000000001,-0.8133,0.49970000000000003,-7.489400000000001,7.759391749872547,17.357293780959896,21.689998626708984,21.68000030517578,21.85999870300293,21.850000381469727,17.612478866675033,17.60436013740555,17.75052049602642,17.742401766756934,17.677440316715987,0.01844449600243999,-4.099999904632568,0.0,0.0,0.0,0.0,0.0,0.0,,,,,
pylon_camera_1771859702811638575.png,1771859702811638575,1771859702.8116386,42.3009739936799,-83.69778879363365,238.12147521972656,-0.005619933370344333,-0.9994825777921865,-0.0073501351968695856,-0.030805333164666632,-0.038040000000000004,0.026230000000000003,0.00642,-1.2516,0.0352,-8.3603,7.766193628887502,17.37250917620361,21.760000228881836,21.68000030517578,21.770000457763672,21.809999465942383,17.66932081305416,17.60436013740555,17.677441091108324,17.70992065454029,17.66526067402708,0.016851422834444286,-4.200000286102295,0.0,0.0,0.0,0.0,0.0,0.0,,,,,
pylon_camera_1771859702862881294.png,1771859702862881294,1771859702.8628812,42.30097397351153,-83.69779444042386,238.10365295410156,-0.0057712438562363974,-0.9994952107589364,-0.007719913160267244,-0.030272419049339232,-0.028450000000000003,-0.06877000000000001,0.017380000000000003,-1.9958,0.5302,-10.6415,7.793365890601319,17.433291895321716,21.809999465942383,21.75,21.760000228881836,21.799999237060547,17.70992065454029,17.661200535000003,17.66932081305416,17.70180037648613,17.685560594770145,0.014470514287443673,-4.599999904632568,0.0,0.0,0.0,0.0,0.0,0.0,,,,,
pylon_camera_1771859702912687514.png,1771859702912687514,1771859702.9126875,42.300973961931625,-83.69780007189455,238.08396911621094,-0.005944599246080985,-0.9995359540738743,-0.007686551921929893,-0.028869623707022205,0.00018,-0.015330000000000002,0.006850000000000001,-0.3919,0.6222,-8.4983,7.7668238295986,17.373918897382293,21.8799991607666,21.78999900817871,21.8799991607666,21.689998626708984,17.766761052134743,17.69368009843197,17.766761052134743,17.612478866675033,17.70992026734412,0.019339411674843997,-5.0,0.0,0.0,0.0,0.0,0.0,0.0,,,,,
pylon_camera_1771859702972346224.png,1771859702972346224,1771859702.972346,42.30097395257409,-83.6978038216874,238.0713653564453,-0.006279503540524812,-0.9996120823286606,-0.007126128723627303,-0.026181500859538086,0.049240000000000006,0.12388,0.0025400000000000006,-0.8507,-0.154,-10.2212,7.727392424868568,17.285713210885497,22.170000076293945,21.920000076293945,21.850000381469727,21.75,18.00224446935139,17.799242164351387,17.742401766756934,17.661200535000003,17.80127223386493,0.029825730456685087,-5.700000286102295,0.0,0.0,0.0,0.0,0.0,0.0,,,,,
pylon_camera_1771859703021124077.png,1771859703021124077,1771859703.0211241,42.300973947824694,-83.69780943151375,238.0541229248047,-0.006575865945466442,-0.9996773890270138,-0.006751700018720204,-0.02358580933649,-0.009390000000000003,0.08844,0.02441,-1.7072,-1.8348,-10.924900000000001,7.715005030707465,17.25800335339076,21.899999618530273,22.43000030517578,21.899999618530273,21.719999313354492,17.783001608243065,18.213367052405548,17.783001608243065,17.63683970083752,17.854052492432302,0.03453754914959122,-7.400000095367432,0.0,0.0,0.0,0.0,0.0,0.0,,,,,
pylon_camera_1771859703072170415.png,1771859703072170415,1771859703.0721705,42.30097393821542,-83.69781317582085,238.04550170898438,-0.0068764862680895655,-0.9997157650084465,-0.007996973685248807,-0.021381102451899812,-0.023810000000000005,0.044360000000000004,0.015050000000000001,-1.3765,-1.7020000000000002,-12.7025,7.737644590654479,17.30864669061863,21.829999923706055,21.649999618530273,21.8799991607666,21.8799991607666,17.726161210648613,17.579999303243067,17.766761052134743,17.766761052134743,17.70992065454029,0.02318343953136168,-9.90000057220459,0.0,0.0,0.0,0.0,0.0,0.0,,,,,
pylon_camera_1771859703113225942.png,1771859703113225942,1771859703.113226,42.30097391595828,-83.69781879965194,238.0375518798828,-0.007232625672803639,-0.9997272924068219,-0.009092402972802373,-0.020257298708909563,0.010640000000000002,0.016190000000000003,-0.00026000000000000003,-1.5277,3.5057,-9.2509,7.754001821325016,17.345236834194782,22.100000381469727,21.260000228881836,21.93000030517578,21.779998779296875,17.945404071756936,17.263316203054163,17.807362442405548,17.685559820377808,17.675410634398613,0.019035416083389458,-12.40000057220459,0.0,0.0,0.0,0.0,0.0,0.0,,,,,
pylon_camera_1771859703164298951.png,1771859703164298951,1771859703.164299,42.30097391378178,-83.69782255052688,238.03321838378906,-0.00784715111234835,-0.9997638530094517,-0.008310286816205856,-0.018482412400655582,0.03386,0.05169000000000001,0.027990000000000004,0.4077,3.6206,-8.134500000000001,7.735478189141313,17.303800580417768,21.639999389648438,21.53999900817871,21.850000381469727,21.809999465942383,17.571879025188903,17.49067779343197,17.742401766756934,17.70992065454029,17.628719809979525,0.018777333225248775,-13.199999809265137,0.0,0.0,0.0,0.0,0.0,0.0,,,,,
pylon_camera_1771859703223078889.png,1771859703223078889,1771859703.223079,42.30097391774438,-83.69782816093283,238.02621459960938,-0.008835296105282164,-0.9998119796104661,-0.00665941890508169,-0.01592466985464076,-0.00068,0.07386000000000001,0.06722,-0.3682,2.1547,-6.8923000000000005,7.726985967756844,17.284803990713996,21.8799991607666,21.670000076293945,21.619998931884766,21.549999237060547,17.766761052134743,17.59623985935139,17.55563846908058,17.49879807148613,17.604359363013213,0.018487648021400356,-12.5,0.0,0.0,0.0,0.0,0.0,0.0,,,,,
pylon_camera_1771859703265487548.png,1771859703265487548,1771859703.2654877,42.30097391994196,-83.69783190336521,238.0196075439453,-0.00937206762379822,-0.9998292026244189,-0.006734808750365911,-0.014435105783109596,-0.046150000000000004,0.07188000000000001,0.025030000000000004,-0.4801,-1.4796,-13.655100000000001,7.725503949665386,17.28148880516449,21.829999923706055,21.53999900817871,21.78999900817871,21.770000457763672,17.726161210648613,17.49067779343197,17.69368009843197,17.677441091108324,17.64699004840522,0.021149870092876527,-12.600000381469727,0.0,0.0,0.0,0.0,0.0,0.0,,,,,
pylon_camera_1771859703315053281.png,1771859703315053281,1771859703.3150532,42.300973927210144,-83.69783753719149,238.01443481445312,-0.01038841434160298,-0.9998289898286641,-0.0070713913666786265,-0.013567143022750075,-0.022260000000000002,0.06809000000000001,0.04394000000000001,1.0686,-0.6937,-10.2703,7.759598008610411,17.357755169380972,21.760000228881836,21.510000228881836,21.520000457763672,21.529998779296875,17.66932081305416,17.46631850805416,17.474438786108323,17.48255751537781,17.523158905648614,0.009529097204885895,-12.5,0.0,0.0,0.0,0.0,0.0,0.0,,,,,
pylon_camera_1771859703366330311.png,1771859703366330311,1771859703.3663304,42.30097394172383,-83.69784130526585,238.01470947265625,-0.011219657332268873,-0.9998021403682196,-0.006937471119108806,-0.014888616421440423,0.012830000000000001,-0.08590000000000002,0.030030000000000005,2.3913,-1.7541,-13.0448,7.786479863083759,17.417888264926585,21.60999870300293,21.439998626708984,21.600000381469727,21.5,17.54751819102642,17.409476561675035,17.539399461756936,17.45819823,17.4886481111146,0.004062481347437488,-12.300000190734863,0.0,0.0,0.0,0.0,0.0,0.0,,,,,
pylon_camera_1771859703426317678.png,1771859703426317678,1771859703.4263175,42.300973972854905,-83.69784695497314,238.01934814453125,-0.012336759481456294,-0.9997406365310096,-0.007793123977051535,-0.017485172368226578,-0.08303,-0.04437000000000001,0.06907,-1.0746,3.7971000000000004,-10.7916,7.764375911911952,17.368443052392323,21.65999984741211,21.420000076293945,21.770000457763672,21.279998779296875,17.588119581297228,17.393237554351387,17.677441091108324,17.279555210377808,17.484588359283688,0.006687145562846944,-11.199999809265137,0.0,0.0,0.0,0.0,0.0,0.0,,,,,
pylon_camera_1771859703468391472.png,1771859703468391472,1771859703.4683914,42.30097397560943,-83.69785072583355,238.02105712890625,-0.013169882824859147,-0.9996912673167926,-0.009016824696451164,-0.01904261298557005,-0.11373000000000001,0.011170000000000003,0.06269000000000001,-2.4894000000000003,2.6057,-8.702,7.7320566402952355,17.296146780942024,21.600000381469727,21.439998626708984,21.43000030517578,22.19999885559082,17.539399461756936,17.409476561675035,17.401357832405548,18.026603754729194,17.594209402641678,0.017232891549467964,-10.600000381469727,0.0,0.0,0.0,0.0,0.0,0.0,,,,,
pylon_camera_1771859703517997039.png,1771859703517997039,1771859703.517997,42.300974012203675,-83.69785636637593,238.02398681640625,-0.013865270239705574,-0.9996490664691132,-0.009074170501037164,-0.020667791810644577,-0.06066000000000001,-0.03853,0.06475,-3.0073000000000003,3.3469,-11.258700000000001,7.719047861705329,17.26704692376312,21.60999870300293,21.469999313354492,21.209999084472656,21.59000015258789,17.54751819102642,17.433837395837518,17.222714812783355,17.531279183702775,17.433837395837518,0.009659467123174208,-10.0,0.0,0.0,0.0,0.0,0.0,0.0,,,,,
pylon_camera_1771859703569338210.png,1771859703569338210,1771859703.569338,42.300974049316444,-83.69786013932935,238.0264892578125,-0.014376062165455117,-0.9996147535137108,-0.008097570996497055,-0.02231821539224926,-0.04732000000000001,-0.09906000000000001,0.05150000000000001,-3.7267,1.0624,-9.356900000000001,7.727676829070459,17.286349406020875,21.5,21.35999870300293,21.689998626708984,21.510000228881836,17.45819823,17.34451588602642,17.612478866675033,17.46631850805416,17.470377872688903,0.010645883774854786,-8.699999809265137,0.0,0.0,0.0,0.0,0.0,0.0,,,,,
pylon_camera_1771859703619639994.png,1771859703619639994,1771859703.61964,42.30097409825529,-83.69786576758486,238.0299530029297,-0.015023577665984778,-0.9995914338553924,-0.008142882420844932,-0.02291180793641404,-0.009440000000000002,-0.016440000000000003,0.031490000000000004,-2.5617,1.6101,-6.6063,7.6963152713524225,17.21619548309909,21.260000228881836,21.439998626708984,21.69999885559082,21.579999923706055,17.263316203054163,17.409476561675035,17.620599144729194,17.523158905648614,17.454137703776752,0.013820836369524723,-6.599999904632568,0.0,0.0,0.0,0.0,0.0,0.0,,,,,
pylon_camera_1771859703679585859.png,1771859703679585859,1771859703.6795857,42.30097416566065,-83.69787135850349,238.02633666992188,-0.01531203045186913,-0.9996054890997679,-0.007814659643465036,-0.02221123543865646,-0.021950000000000004,-0.035500000000000004,0.005560000000000001,0.1194,-0.9707,-10.8932,7.717203364902945,17.262920895085994,21.020000457763672,21.420000076293945,21.69999885559082,21.43000030517578,17.068434176108322,17.393237554351387,17.620599144729194,17.401357832405548,17.370907176898616,0.006255388787847636,-5.099999904632568,0.0,0.0,0.0,0.0,0.0,0.0,,,,,
pylon_camera_1771859703729482967.png,1771859703729482967,1771859703.729483,42.30097420762013,-83.69787509867723,238.02281188964844,-0.01552963870650459,-0.9996040236241778,-0.00821531362413417,-0.02198032979863553,-0.0005300000000000001,-0.017,0.009970000000000001,-0.7461,0.0748,-8.050600000000001,7.70747702370312,17.24116365340246,21.459999084472656,21.5,21.56999969482422,21.53999900817871,17.425717117783357,17.45819823,17.515038627594453,17.49067779343197,17.472407942202445,0.013412336513281116,-5.200000286102295,0.0,0.0,0.0,0.0,0.0,0.0,,,,,
pylon_camera_1771859703780652026.png,1771859703780652026,1771859703.780652,42.30097427588534,-83.69788070018787,238.0150146484375,-0.015766875190937835,-0.9995957240001847,-0.008659223791951616,-0.022018447960310328,0.009340000000000003,0.004560000000000001,0.015170000000000001,-0.22920000000000001,1.2303,-8.3719,7.704476636925009,17.234451968203032,21.6299991607666,21.5,21.510000228881836,21.479999542236328,17.563758747134745,17.45819823,17.46631850805416,17.44195767389168,17.482558289770147,0.01439595074011415,-5.300000190734863,0.0,0.0,0.0,0.0,0.0,0.0,,,,,
pylon_camera_1771859703821669309.png,1771859703821669309,1771859703.8216693,42.300974312530826,-83.69788443209391,238.0086669921875,-0.015963444158545947,-0.9995892148740376,-0.009064317763760363,-0.022009273081577626,-0.050940000000000006,0.01699,0.024030000000000003,-1.355,0.2495,-9.262500000000001,7.688272556328306,17.198204412153043,21.549999237060547,21.489999771118164,21.53999900817871,21.489999771118164,17.49879807148613,17.45007795194584,17.49067779343197,17.45007795194584,17.472407942202445,0.015943730140551,-5.200000286102295,0.0,0.0,0.0,0.0,0.0,0.0,,,,,
pylon_camera_1771859703872650949.png,1771859703872650949,1771859703.872651,42.30097435276473,-83.69788816678938,238.0012664794922,-0.016314500686383293,-0.9995876177153076,-0.00965374305436191,-0.021569349147122645,-0.043590000000000004,0.02695,0.020550000000000002,-1.1753,-0.933,-10.459900000000001,7.6855680431413385,17.192154578424585,21.639999389648438,21.469999313354492,21.53999900817871,21.489999771118164,17.571879025188903,17.433837395837518,17.49067779343197,17.45007795194584,17.48661804160106,0.017127781269836446,-5.0,0.0,0.0,0.0,0.0,0.0,0.0,,,,,
pylon_camera_1771859703922097962.png,1771859703922097962,1771859703.922098,42.30097441012985,-83.69789375861376,237.99029541015625,-0.016690649385655898,-0.9995846746768285,-0.010391948092083563,-0.02106911932558291,-0.025630000000000003,0.022770000000000002,0.015960000000000002,-1.3416000000000001,0.3816,-10.142000000000001,7.682719085640704,17.185781631433116,21.68000030517578,21.489999771118164,21.579999923706055,21.439998626708984,17.60436013740555,17.45007795194584,17.523158905648614,17.409476561675035,17.49676838916876,0.018095584152357905,-4.900000095367432,0.0,0.0,0.0,0.0,0.0,0.0,,,,,
pylon_camera_1771859703972175253.png,1771859703972175253,1771859703.9721754,42.30097445190548,-83.69789748305786,237.98374938964844,-0.017010089231047132,-0.9995841152973818,-0.011123706066913755,-0.02045767515723791,-0.042210000000000004,0.014260000000000002,0.014550000000000002,-0.2187,-0.3043,-11.6026,7.691328200850783,17.20503970561115,21.459999084472656,21.5,21.510000228881836,21.399999618530273,17.425717117783357,17.45819823,17.46631850805416,17.376996998243065,17.431807713520143,0.013180324590302307,-4.900000095367432,0.0,0.0,0.0,0.0,0.0,0.0,,,,,
pylon_camera_1771859704022065312.png,1771859704022065312,1771859704.0220654,42.3009745236926,-83.69790307734185,237.97984313964844,-0.01728620376477441,-0.9995733399042425,-0.0110607581547128,-0.02078424742740458,0.08476000000000002,-0.021560000000000003,-0.0035300000000000006,-0.5447000000000001,2.2218,-13.584000000000001,7.683067651260957,17.186561351811687,21.420000076293945,21.219999313354492,21.889999389648438,21.350000381469727,17.393237554351387,17.230835090837516,17.774881330188904,17.336397156756938,17.433837783033688,0.014387778111060904,-4.700000286102295,0.0,0.0,0.0,0.0,0.0,0.0,,,,,
pylon_camera_1771859704072885768.png,1771859704072885768,1771859704.0728858,42.300974584886134,-83.69790680873452,237.9810333251953,-0.017328608422475966,-0.9995824051513967,-0.009535122090216806,-0.021066943029646786,0.12408000000000001,-0.027740000000000004,0.0017100000000000001,1.9186,1.5376,-4.5083,7.711570620872422,17.250320784654356,21.6299991607666,21.399999618530273,21.979999542236328,21.479999542236328,17.563758747134745,17.376996998243065,17.84796228389168,17.44195767389168,17.557668925790292,0.017816952216294354,-3.799999952316284,0.0,0.0,0.0,0.0,0.0,0.0,,,,,
pylon_camera_1771859704123237872.png,1771859704123237872,1771859704.1232378,42.300974660131985,-83.6979124177268,237.97906494140625,-0.017347566096840683,-0.9995630455762143,-0.009686907585744964,-0.021884782163506304,-0.08845000000000001,-0.032920000000000005,0.013210000000000001,1.6858000000000002,0.2157,-8.4052,7.717242262698845,17.263007907121555,21.420000076293945,21.369998931884766,21.469999313354492,21.469999313354492,17.393237554351387,17.352636164080582,17.433837395837518,17.433837395837518,17.40338712752675,0.00813179378474842,-3.799999952316284,0.0,0.0,0.0,0.0,0.0,0.0,,,,,
pylon_camera_1771859704174524771.png,1771859704174524771,1771859704.1745248,42.3009747303849,-83.69791802250707,237.972412109375,-0.01751006567057073,-0.9995303535694725,-0.010464949853796677,-0.022868203210021913,-0.07947,-0.057530000000000005,0.0053100000000000005,0.08610000000000001,-3.7969000000000004,-9.3589,7.7081758171054755,17.242726812315922,21.459999084472656,21.65999984741211,21.389999389648438,21.3799991607666,17.425717117783357,17.588119581297228,17.368876720188904,17.360756442134743,17.43586746535106,0.011201282438528377,-4.5,0.0,0.0,0.0,0.0,0.0,0.0,,,,,
pylon_camera_1771859704224215134.png,1771859704224215134,1771859704.224215,42.30097478603644,-83.69792176540952,237.96702575683594,-0.017694417453215372,-0.999485008495921,-0.011406586771226003,-0.02421807509135343,0.01088,-0.09577000000000002,-0.00198,-1.0138,-1.0162,-10.965200000000001,7.731230279434979,17.294298261279284,21.439998626708984,21.389999389648438,21.389999389648438,21.350000381469727,17.409476561675035,17.368876720188904,17.368876720188904,17.336397156756938,17.370906789702445,0.0044296985784431945,-4.700000286102295,0.0,0.0,0.0,0.0,0.0,0.0,,,,,
pylon_camera_1771859704276721848.png,1771859704276721848,1771859704.276722,42.300974865004136,-83.69792739375643,237.9591827392578,-0.018020758377225,-0.9994402875139955,-0.011353895482276107,-0.025796376079389317,0.040080000000000005,-0.10926000000000001,0.0030100000000000005,-0.6228,1.3299,-9.617600000000001,7.747413685624089,17.33049956991995,21.469999313354492,21.3799991607666,21.34000015258789,21.28999900817871,17.433837395837518,17.360756442134743,17.328276878702773,17.28767548843197,17.35263655127675,0.0012773423678576884,-4.5,0.0,0.0,0.0,0.0,0.0,0.0,,,,,
pylon_camera_1771859704326617003.png,1771859704326617003,1771859704.326617,42.30097492173352,-83.69793114021908,237.9537353515625,-0.018329591775687604,-0.9993958094756104,-0.011080317371375579,-0.02737277177918996,0.019910000000000004,-0.08032,0.009340000000000003,0.4612,1.5424,-10.2405,7.7432406960334506,17.32116484258507,21.459999084472656,21.389999389648438,21.420000076293945,21.309999465942383,17.425717117783357,17.368876720188904,17.393237554351387,17.30391604454029,17.372936859215983,0.002988945437643362,-3.9000000953674316,0.0,0.0,0.0,0.0,0.0,0.0,,,,,
pylon_camera_1771859704377111197.png,1771859704377111197,1771859704.3771112,42.30097500827984,-83.69793676274719,237.9481658935547,-0.018573189902484633,-0.9993423050354681,-0.01104196010700212,-0.02912162598892402,0.0011300000000000001,-0.08682000000000001,0.011120000000000001,0.1283,1.8121,-9.8984,7.734845326935527,17.302384905635158,21.489999771118164,21.420000076293945,21.389999389648438,21.549999237060547,17.45007795194584,17.393237554351387,17.368876720188904,17.49879807148613,17.42774757449307,0.007245398223517811,-3.5,0.0,0.0,0.0,0.0,0.0,0.0,,,,,
pylon_camera_1771859704427187019.png,1771859704427187019,1771859704.427187,42.30097507738918,-83.69794050990384,237.94644165039062,-0.018729262294998772,-0.9992926114996756,-0.010592398400388649,-0.030843028907208785,0.04288000000000001,-0.07316000000000002,-0.0034700000000000004,-1.3956000000000002,1.1604,-10.9289,7.713327380432729,17.25425055038519,21.459999084472656,21.369998931884766,21.479999542236328,21.739999771118164,17.425717117783357,17.352636164080582,17.44195767389168,17.653080256945838,17.468347803175366,0.012408377411987657,-3.5,0.0,0.0,0.0,0.0,0.0,0.0,,,,,
pylon_camera_1771859704478227803.png,1771859704478227803,1771859704.4782276,42.30097518543929,-83.69794612402532,237.94302368164062,-0.0186423663109877,-0.9992729082240057,-0.009024685565581178,-0.03201050012584824,0.0356,0.020950000000000003,0.0007100000000000001,-1.4304000000000001,0.0703,-6.751,7.6936661945719145,17.2102696572857,21.529998779296875,21.389999389648438,21.93000030517578,21.68000030517578,17.48255751537781,17.368876720188904,17.807362442405548,17.60436013740555,17.565789203844453,0.02065740709694513,-3.5,0.0,0.0,0.0,0.0,0.0,0.0,,,,,
pylon_camera_1771859704537046272.png,1771859704537046272,1771859704.5370462,42.30097528177368,-83.69795171829686,237.93017578125,-0.01876075173769437,-0.9992907752751988,-0.008893337485603925,-0.0314147925744533,-0.040870000000000004,-0.0036700000000000005,-0.007430000000000001,-1.5659,-2.8511,-7.57,7.686622506951118,17.194513350699236,21.600000381469727,21.529998779296875,21.53999900817871,21.549999237060547,17.539399461756936,17.48255751537781,17.49067779343197,17.49879807148613,17.502858210513214,0.017932747122583668,-3.700000047683716,0.0,0.0,0.0,0.0,0.0,0.0,,,,,
pylon_camera_1771859704578840040.png,1771859704578840040,1771859704.57884,42.30097534890377,-83.69795543803065,237.9181671142578,-0.018977775875064107,-0.9993290168701103,-0.009512003060860207,-0.029847644162053082,0.013090000000000001,0.042300000000000004,0.0026400000000000004,-0.6394000000000001,-0.642,-9.2279,7.695717296538891,17.21485784931971,21.709999084472656,21.639999389648438,21.53999900817871,21.68000030517578,17.628719422783355,17.571879025188903,17.49067779343197,17.60436013740555,17.573909094702444,0.02085705548808366,-4.0,0.0,0.0,0.0,0.0,0.0,0.0,,,,,
pylon_camera_1771859704628987545.png,1771859704628987545,1771859704.6289876,42.30097541206276,-83.69795915341777,237.90406799316406,-0.019194461876548552,-0.9993922871883282,-0.00931413853798401,-0.027565844174392003,0.015330000000000002,0.0627,0.00799,-0.14550000000000002,2.6862,-9.611500000000001,7.689654763858592,17.20129632746584,21.78999900817871,21.75,21.60999870300293,21.739999771118164,17.69368009843197,17.661200535000003,17.54751819102642,17.653080256945838,17.638869770351057,0.02543839920869975,-4.5,0.0,0.0,0.0,0.0,0.0,0.0,,,,,
pylon_camera_1771859704680102623.png,1771859704680102623,1771859704.6801026,42.300975517082584,-83.69796472990488,237.8828582763672,-0.01938546408642622,-0.999445277402512,-0.008829515519116942,-0.025600408505873046,0.008450000000000001,0.08619000000000002,0.004210000000000001,-0.5476,1.6151,-9.446900000000001,7.685353656934316,17.19167500934265,22.0,21.479999542236328,21.65999984741211,21.60999870300293,17.86420284,17.44195767389168,17.588119581297228,17.54751819102642,17.610449571553833,0.024359148365915736,-5.0,0.0,0.0,0.0,0.0,0.0,0.0,,,,,
pylon_camera_1771859704739027375.png,1771859704739027375,1771859704.7390275,42.3009756126285,-83.69797031942308,237.86453247070312,-0.01958435208694953,-0.9994804975229199,-0.009393915726711952,-0.023810555894188158,-0.017870000000000004,0.048380000000000006,0.009020000000000002,0.5206000000000001,0.883,-10.9137,7.711236853898212,17.249574167959068,21.760000228881836,21.579999923706055,21.619998931884766,21.719999313354492,17.66932081305416,17.523158905648614,17.55563846908058,17.63683970083752,17.59623947215522,0.020097035487408058,-6.5,0.0,0.0,0.0,0.0,0.0,0.0,,,,,
pylon_camera_1771859704792294626.png,1771859704792294626,1771859704.7922947,42.30097567092217,-83.69797405869012,237.85459899902344,-0.019809664921529357,-0.9994712589495209,-0.010278372921528571,-0.023646030526122703,-0.036430000000000004,-0.00839,0.013210000000000001,-0.0694,0.9769000000000001,-11.142700000000001,7.73783543964806,17.309073608366333,21.59000015258789,21.520000457763672,21.639999389648438,21.619998931884766,17.531279183702775,17.474438786108323,17.571879025188903,17.55563846908058,17.533308866020146,0.012954780985241702,-7.599999904632568,0.0,0.0,0.0,0.0,0.0,0.0,,,,,
pylon_camera_1771859704840004312.png,1771859704840004312,1771859704.8400044,42.30097576320301,-83.69797968577754,237.8419952392578,-0.020193322650458534,-0.9994377327503817,-0.01050426290099267,-0.024619271638650148,-0.00795,-0.04621000000000001,0.018000000000000002,-0.7031000000000001,0.2988,-10.5309,7.76175974182422,17.362590836876272,21.529998779296875,21.479999542236328,21.56999969482422,21.579999923706055,17.48255751537781,17.44195767389168,17.515038627594453,17.523158905648614,17.490678180628137,0.007377202224901903,-8.199999809265137,0.0,0.0,0.0,0.0,0.0,0.0,,,,,
pylon_camera_1771859704882566790.png,1771859704882566790,1771859704.882567,42.300975831783795,-83.69798345078601,237.83567810058594,-0.02058468895517046,-0.9994012909325617,-0.010052992644612681,-0.02592812376233439,0.03348,-0.08610000000000002,0.016840000000000004,-0.1419,0.014100000000000001,-10.3521,7.783315031077617,17.410808725618764,21.619998931884766,21.459999084472656,21.600000381469727,21.510000228881836,17.55563846908058,17.425717117783357,17.539399461756936,17.46631850805416,17.49676838916876,0.004937143639026524,-8.300000190734863,0.0,0.0,0.0,0.0,0.0,0.0,,,,,
pylon_camera_1771859704932274875.png,1771859704932274875,1771859704.932275,42.300975906855555,-83.697987214704,237.8290557861328,-0.021153775656560625,-0.9993477478397076,-0.0091126795355667,-0.02781286995004589,0.04626,-0.07974,0.019170000000000003,-0.1369,0.504,-9.9086,7.787646301733768,17.420497518200335,21.600000381469727,21.479999542236328,21.619998931884766,21.510000228881836,17.539399461756936,17.44195767389168,17.55563846908058,17.46631850805416,17.50082852819584,0.004611292525461863,-8.199999809265137,0.0,0.0,0.0,0.0,0.0,0.0,,,,,
pylon_camera_1771859704982771176.png,1771859704982771176,1771859704.9827712,42.30097603009327,-83.69799287121563,237.82119750976562,-0.02167350151490538,-0.9992826847228007,-0.008410631618555342,-0.02989375555282635,0.02593,-0.07967,0.014260000000000002,-0.20600000000000002,0.7471,-9.717500000000001,7.788983717763603,17.423489237614117,21.53999900817871,21.489999771118164,21.600000381469727,21.469999313354492,17.49067779343197,17.45007795194584,17.539399461756936,17.433837395837518,17.478498150743068,0.003157169748192395,-8.100000381469727,0.0,0.0,0.0,0.0,0.0,0.0,,,,,
pylon_camera_1771859705031947326.png,1771859705031947326,1771859705.0319474,42.30097612008818,-83.69799664288976,237.81649780273438,-0.0221121606565593,-0.9992191132816732,-0.0077472105075241555,-0.03181503941593816,0.02111,-0.06371000000000002,0.017230000000000002,-0.7297,-0.2469,-8.9327,7.779356191974762,17.401953040076027,21.579999923706055,21.469999313354492,21.709999084472656,21.510000228881836,17.523158905648614,17.433837395837518,17.628719422783355,17.46631850805416,17.513008558080912,0.006381784719745478,-8.100000381469727,0.0,0.0,0.0,0.0,0.0,0.0,,,,,
pylon_camera_1771859705082982895.png,1771859705082982895,1771859705.082983,42.300976253376206,-83.69800229779409,237.80941772460938,-0.022449646740970663,-0.99916957995978,-0.0073743628151291644,-0.03319311099118942,-0.011200000000000002,-0.05693000000000001,0.0024300000000000007,0.1898,-3.6033000000000004,-12.143600000000001,7.777692528316184,17.398231524291607,21.510000228881836,21.469999313354492,21.639999389648438,21.6299991607666,17.46631850805416,17.433837395837518,17.571879025188903,17.563758747134745,17.50894841905383,0.006363686711930421,-7.900000095367432,0.0,0.0,0.0,0.0,0.0,0.0,,,,,
pylon_camera_1771859705132683974.png,1771859705132683974,1771859705.132684,42.30097634666377,-83.69800605976909,237.804443359375,-0.023008394923030195,-0.9991222050181188,-0.0075369082004295256,-0.03418520465897838,-0.010900000000000002,-0.03841000000000001,0.011580000000000002,-0.5801000000000001,-2.1713,-8.970500000000001,7.765130239650278,17.370130438283294,21.600000381469727,21.489999771118164,21.639999389648438,21.719999313354492,17.539399461756936,17.45007795194584,17.571879025188903,17.63683970083752,17.549549034932298,0.010329145039323962,-7.700000286102295,0.0,0.0,0.0,0.0,0.0,0.0,,,,,
pylon_camera_1771859705183800731.png,1771859705183800731,1771859705.183801,42.30097647339054,-83.69801169693639,237.79360961914062,-0.023594152530606427,-0.9991012988993089,-0.008053873728702282,-0.03427893846137046,0.0027100000000000006,0.006640000000000001,0.014440000000000001,-0.4521,0.0859,-8.646,7.752103350329829,17.34099006848681,21.56999969482422,21.510000228881836,21.779998779296875,21.739999771118164,17.515038627594453,17.46631850805416,17.685559820377808,17.653080256945838,17.579999303243067,0.01378290592476607,-7.700000286102295,0.0,0.0,0.0,0.0,0.0,0.0,,,,,
pylon_camera_1771859705233221866.png,1771859705233221866,1771859705.2332218,42.3009766082564,-83.69801731811249,237.77720642089844,-0.024219516118497597,-0.9991193157755449,-0.0077833414175485505,-0.03336806077030015,0.04741,0.044320000000000005,0.019850000000000003,-0.221,2.3064,-7.9009,7.733641296594013,17.299691562003012,22.219999313354492,21.559999465942383,21.84000015258789,21.719999313354492,18.042844310837516,17.506918349540292,17.734281488702777,17.63683970083752,17.730220962479528,0.024886536209820603,-7.200000286102295,0.0,0.0,0.0,0.0,0.0,0.0,,,,,
pylon_camera_1771859705284365303.png,1771859705284365303,1771859705.2843654,42.30097670947099,-83.69802106020103,237.76327514648438,-0.024743967608622852,-0.999152379760334,-0.006921957526994734,-0.032161228058629095,0.011460000000000001,0.061930000000000006,0.01912,-0.6612,1.5581,-8.7575,7.740235316454212,17.31444198878909,21.78999900817871,21.600000381469727,21.829999923706055,21.65999984741211,17.69368009843197,17.539399461756936,17.726161210648613,17.588119581297228,17.636840088033686,0.0186201842053788,-6.599999904632568,0.0,0.0,0.0,0.0,0.0,0.0,,,,,
pylon_camera_1771859705334380325.png,1771859705334380325,1771859705.3343804,42.30097686575971,-83.6980266837957,237.7410125732422,-0.024996952917819337,-0.9991831708241086,-0.006438498359288693,-0.031091626293619282,-0.007100000000000001,0.03651,0.015930000000000003,-0.9436,-0.3708,-9.8292,7.750290467887358,17.336934759235948,21.889999389648438,21.799999237060547,21.809999465942383,21.75,17.774881330188904,17.70180037648613,17.70992065454029,17.661200535000003,17.711950724053832,0.021631042051311895,-6.400000095367432,0.0,0.0,0.0,0.0,0.0,0.0,,,,,
pylon_camera_1771859705385402427.png,1771859705385402427,1771859705.3854024,42.30097697332556,-83.69803043868153,237.72557067871094,-0.02524616206356778,-0.999207446646927,-0.006265422375203642,-0.03013062144810491,0.016520000000000003,0.01624,0.006970000000000001,-0.8406,-0.47190000000000004,-10.584900000000001,7.767635493636284,17.37573454113475,21.739999771118164,21.739999771118164,21.78999900817871,21.719999313354492,17.653080256945838,17.653080256945838,17.69368009843197,17.63683970083752,17.65917007829029,0.01631214706259147,-6.300000190734863,0.0,0.0,0.0,0.0,0.0,0.0,,,,,
pylon_camera_1771859705435031362.png,1771859705435031362,1771859705.4350314,42.30097713988396,-83.69803607507961,237.70364379882812,-0.025577444850258868,-0.9992202967951381,-0.005895591122150226,-0.029492961751722575,0.038220000000000004,0.01063,0.009940000000000001,-0.055900000000000005,0.2487,-10.9917,7.782099861532561,17.40809046425665,21.799999237060547,21.68000030517578,21.729999542236328,21.68000030517578,17.70180037648613,17.60436013740555,17.644959978891677,17.60436013740555,17.638870157547228,0.013257036649966273,-5.900000095367432,0.0,0.0,0.0,0.0,0.0,0.0,,,,,
pylon_camera_1771859705486233274.png,1771859705486233274,1771859705.4862332,42.30097725458731,-83.69803984078979,237.69090270996094,-0.02591050851213572,-0.9992199698609754,-0.005215988828922099,-0.029340941365443803,0.039650000000000005,-0.006080000000000001,0.00905,0.0684,0.7271000000000001,-10.8995,7.791601756245522,17.42934563261586,21.760000228881836,21.6299991607666,21.78999900817871,21.719999313354492,17.66932081305416,17.563758747134745,17.69368009843197,17.63683970083752,17.6408998398646,0.012137816973051089,-5.400000095367432,0.0,0.0,0.0,0.0,0.0,0.0,,,,,
pylon_camera_1771859705536937953.png,1771859705536937953,1771859705.536938,42.300977426807414,-83.69804549966231,237.6754608154297,-0.02630159936714138,-0.9992002694793984,-0.004419717829249435,-0.029791163745949586,0.03293000000000001,-0.01895,0.014300000000000002,-0.36010000000000003,0.5215000000000001,-10.5614,7.794082474266405,17.434894849985493,21.84000015258789,21.69999885559082,21.829999923706055,21.65999984741211,17.734281488702777,17.620599144729194,17.726161210648613,17.588119581297228,17.667290356344452,0.01332933225915911,-5.0,0.0,0.0,0.0,0.0,0.0,0.0,,,,,
pylon_camera_1771859705588140095.png,1771859705588140095,1771859705.58814,42.3009775429463,-83.69804927089893,237.6667938232422,-0.026711787109116203,-0.9991726053955425,-0.0036152551835046363,-0.030455130708609033,0.03701,-0.00986,0.013190000000000002,-0.7000000000000001,1.8323,-11.2728,7.782470411133798,17.40891936148164,21.84000015258789,21.709999084472656,21.760000228881836,21.729999542236328,17.734281488702777,17.628719422783355,17.66932081305416,17.644959978891677,17.669320425857993,0.014957910882883818,-4.700000286102295,0.0,0.0,0.0,0.0,0.0,0.0,,,,,
pylon_camera_1771859705638243610.png,1771859705638243610,1771859705.6382437,42.30097773464286,-83.69805491994694,237.65695190429688,-0.026798427873858333,-0.9991800621332267,-0.0020189676439341577,-0.030281536760602818,0.051620000000000006,0.04326000000000001,2e-05,0.09730000000000001,-1.5352000000000001,-8.0614,7.762568139778853,17.364399174596908,21.889999389648438,21.689998626708984,21.799999237060547,21.760000228881836,17.774881330188904,17.612478866675033,17.70180037648613,17.66932081305416,17.689620346601057,0.01872919233968821,-4.300000190734863,0.0,0.0,0.0,0.0,0.0,0.0,,,,,
pylon_camera_1771859705689965705.png,1771859705689965705,1771859705.6899657,42.30097786568415,-83.69805867388845,237.6488037109375,-0.02698943210601601,-0.9992052805755307,-0.0008390280269794364,-0.029320195370078624,0.02135,0.04546000000000001,0.004410000000000001,-1.365,-2.5501,-11.3474,7.74317897686867,17.321026780516604,21.770000457763672,21.850000381469727,21.869998931884766,21.809999465942383,17.677441091108324,17.742401766756934,17.758640774080583,17.70992065454029,17.722101071621534,0.023155341550310085,-3.9000000953674316,0.0,0.0,0.0,0.0,0.0,0.0,,,,,
pylon_camera_1771859705739385454.png,1771859705739385454,1771859705.7393854,42.3009780552932,-83.69806429933487,237.6352081298828,-0.027273513821942763,-0.9992406694092926,0.00012396122489109242,-0.027824893097505143,0.037820000000000006,0.05251000000000001,0.00525,-1.8808,-0.7819,-9.642000000000001,7.74154151586082,17.317363878489704,21.850000381469727,21.799999237060547,21.85999870300293,21.8799991607666,17.742401766756934,17.70180037648613,17.75052049602642,17.766761052134743,17.740370922851056,0.024426757289934806,-3.5,0.0,0.0,0.0,0.0,0.0,0.0,,,,,
pylon_camera_1771859705790576664.png,1771859705790576664,1771859705.7905767,42.30097818719996,-83.69806805069894,237.62576293945312,-0.02750408432698459,-0.9992775086076802,0.0010017296058373922,-0.026210354327227348,0.04309,0.06298000000000001,0.00464,-0.8021,-0.5719000000000001,-9.2849,7.748142513145623,17.33212991335597,21.850000381469727,21.779998779296875,21.84000015258789,21.899999618530273,17.742401766756934,17.685559820377808,17.734281488702777,17.783001608243065,17.736311171020148,0.023319768527278305,-3.299999952316284,0.0,0.0,0.0,0.0,0.0,0.0,,,,,
pylon_camera_1771859705849125639.png,1771859705849125639,1771859705.8491256,42.300978373111086,-83.6980736790955,237.61068725585938,-0.027710205166565804,-0.9993127966354239,0.0017369030265880318,-0.024557324328813638,0.02807,0.04569000000000001,0.0035100000000000005,-0.7304,-0.6107,-9.262400000000001,7.7485115799328,17.33295549361488,21.85999870300293,21.779998779296875,21.869998931884766,21.779998779296875,17.75052049602642,17.685559820377808,17.758640774080583,17.685559820377808,17.720070227715656,0.022334029199081628,-3.299999952316284,0.0,0.0,0.0,0.0,0.0,0.0,,,,,
pylon_camera_1771859705891680083.png,1771859705891680083,1771859705.89168,42.300978492681956,-83.69807742881606,237.59971618652344,-0.027847243552888312,-0.9993386440918912,0.001881962754161269,-0.023308017231822544,0.012400000000000001,0.06277,0.004090000000000001,0.06760000000000001,0.0761,-9.114,7.745086933854628,17.32529476581677,21.84000015258789,21.850000381469727,21.84000015258789,21.78999900817871,17.734281488702777,17.742401766756934,17.734281488702777,17.69368009843197,17.726161210648613,0.023137640672224555,-3.200000047683716,0.0,0.0,0.0,0.0,0.0,0.0,,,,,
pylon_camera_1771859705941582046.png,1771859705941582046,1771859705.941582,42.30097867179307,-83.69808305406734,237.58253479003906,-0.02798302609242248,-0.9993694305908469,0.0020852199724780453,-0.0217564544194014,0.020900000000000002,0.060480000000000006,0.0029400000000000003,0.0408,0.1658,-10.3495,7.746138660304471,17.327647414781485,21.84000015258789,21.809999465942383,21.760000228881836,21.78999900817871,17.734281488702777,17.70992065454029,17.66932081305416,17.69368009843197,17.7018007636823,0.021592853313811146,-2.799999952316284,0.0,0.0,0.0,0.0,0.0,0.0,,,,,
pylon_camera_1771859705992912326.png,1771859705992912326,1771859705.9929123,42.30097879690335,-83.69808680705827,237.5729217529297,-0.028085073998849852,-0.999383556176858,0.0028698553266649426,-0.02086864135922215,0.04462000000000001,0.026360000000000005,0.0006600000000000001,-0.5388000000000001,0.5267000000000001,-12.325600000000001,7.751813290160994,17.340341221292736,21.770000457763672,21.719999313354492,21.670000076293945,21.719999313354492,17.677441091108324,17.63683970083752,17.59623985935139,17.63683970083752,17.636840088033686,0.01709879078831913,-2.0,0.0,0.0,16.0,0.0,0.0,0.0,,,,,
pylon_camera_1771859706042373960.png,1771859706042373960,1771859706.042374,42.30097899152563,-83.69809244386532,237.56309509277344,-0.02812487821605425,-0.9993801789016225,0.0039435200326212744,-0.02080139162762065,0.04471000000000001,-0.009060000000000002,-0.0004700000000000001,-0.4878,0.24000000000000002,-11.7247,7.758607194817165,17.35553877837431,21.760000228881836,21.689998626708984,21.639999389648438,21.68000030517578,17.66932081305416,17.612478866675033,17.571879025188903,17.60436013740555,17.61450971058091,0.014921514999539481,-0.800000011920929,0.0,0.0,0.0,0.0,0.0,0.0,,,,,
pylon_camera_1771859706092660692.png,1771859706092660692,1771859706.0926607,42.3009791278681,-83.69809620578383,237.5596466064453,-0.028129866924619384,-0.9993625628238075,0.005384943469272128,-0.021311522631361185,0.06195000000000001,-0.020710000000000006,-0.0018800000000000004,-0.8489,0.3713,-10.600900000000001,7.753076107282251,17.343166067423958,21.729999542236328,21.53999900817871,21.719999313354492,21.65999984741211,17.644959978891677,17.49067779343197,17.63683970083752,17.588119581297228,17.5901492636146,0.014240952040155727,0.699999988079071,0.0,0.0,0.0,0.0,0.0,0.0,,,,,
pylon_camera_1771859706142528462.png,1771859706142528462,1771859706.1425285,42.30097933654454,-83.6981018425704,237.55738830566406,-0.028020792992010157,-0.9993490491243293,0.006656650034294034,-0.021725611262260986,0.027940000000000003,-0.015640000000000005,-0.006240000000000001,-0.30210000000000004,-0.32980000000000004,-9.8663,7.748109683889043,17.332056476278755,21.40999984741211,21.729999542236328,21.729999542236328,21.65999984741211,17.385117276297226,17.644959978891677,17.644959978891677,17.588119581297228,17.565789203844453,0.013485573848988594,2.799999952316284,0.0,0.0,0.0,0.0,0.0,0.0,,,,,
pylon_camera_1771859706193541960.png,1771859706193541960,1771859706.193542,42.30097953957669,-83.698107471277,237.55535888671875,-0.027686499031746026,-0.9993483052699081,0.007366402463844655,-0.021958111035980665,0.02227,-0.01794,-0.015440000000000002,-0.008400000000000001,-0.9747,-9.5945,7.74238998250067,17.31926184745505,21.559999465942383,21.53999900817871,21.65999984741211,21.729999542236328,17.506918349540292,17.49067779343197,17.588119581297228,17.644959978891677,17.557668925790292,0.013765429522059863,5.300000190734863,0.0,0.0,0.0,0.0,0.0,0.0,,,,,
pylon_camera_1771859706242776513.png,1771859706242776513,1771859706.2427766,42.30097966876298,-83.69811121969607,237.55287170410156,-0.02717028688774714,-0.9993525842507717,0.00798888059422392,-0.022189313837814285,0.019620000000000002,-0.0158,-0.02416,-0.2731,-0.9392,-8.9727,7.724811378377624,17.279939564748044,21.489999771118164,21.549999237060547,21.6299991607666,21.68000030517578,17.45007795194584,17.49879807148613,17.563758747134745,17.60436013740555,17.529248726993067,0.014427664015308615,6.700000286102295,0.0,0.0,0.0,0.0,0.0,0.0,,,,,
pylon_camera_1771859706293998843.png,1771859706293998843,1771859706.293999,42.30097986004506,-83.69811683048056,237.5473175048828,-0.026546664512787144,-0.9993617219655819,0.008586256557272324,-0.02230917908765594,0.027460000000000002,-0.008050000000000002,-0.027630000000000005,-0.23950000000000002,-0.5670000000000001,-8.9868,7.713278974031333,17.25414226816965,21.489999771118164,21.559999465942383,21.559999465942383,21.68000030517578,17.45007795194584,17.506918349540292,17.506918349540292,17.60436013740555,17.517068697107995,0.015238452590215864,7.900000095367432,0.0,0.0,0.0,0.0,0.0,0.0,,,,,
pylon_camera_1771859706343962903.png,1771859706343962903,1771859706.343963,42.3009799838778,-83.69812056206042,237.5421905517578,-0.025830832957709216,-0.999378335451315,0.009366211523779863,-0.02209037756493275,0.031170000000000003,0.01796,-0.032810000000000006,-0.5694,-0.2942,-8.930100000000001,7.694690080934612,17.21256002964587,21.469999313354492,21.670000076293945,21.510000228881836,21.65999984741211,17.433837395837518,17.59623985935139,17.46631850805416,17.588119581297228,17.521128836135077,0.017926956011060827,8.800000190734863,0.0,0.0,0.0,0.0,0.0,0.0,,,,,
pylon_camera_1771859706395242054.png,1771859706395242054,1771859706.395242,42.30098016581316,-83.69812614946558,237.53285217285156,-0.02505342540470279,-0.999400421282465,0.010384994757419868,-0.02152384026633571,0.039470000000000005,0.029970000000000004,-0.0335,-0.6803,-0.4047,-9.5265,7.678774542785847,17.176957925739373,21.520000457763672,21.619998931884766,21.459999084472656,21.619998931884766,17.474438786108323,17.55563846908058,17.425717117783357,17.55563846908058,17.50285821051321,0.018973108403874086,9.199999809265137,0.0,0.0,0.0,0.0,0.0,0.0,,,,,
pylon_camera_1771859706445115234.png,1771859706445115234,1771859706.445115,42.300980284776145,-83.69812986820949,237.52662658691406,-0.024227949016652872,-0.9994241236815544,0.011262807268726697,-0.020918333160913745,0.03246,0.031760000000000004,-0.035500000000000004,-0.6502,-0.2732,-9.9344,7.666508271764696,17.14951901344132,21.439998626708984,21.559999465942383,21.3799991607666,21.579999923706055,17.409476561675035,17.506918349540292,17.360756442134743,17.523158905648614,17.45007756474967,0.017525771485064935,9.199999809265137,0.0,0.0,0.0,0.0,0.0,0.0,,,,,
pylon_camera_1771859706496059282.png,1771859706496059282,1771859706.4960594,42.30098045499859,-83.6981354378896,237.51834106445312,-0.023278192147077492,-0.9994486806544114,0.012012114017284282,-0.02040023591421997,0.023850000000000003,0.018920000000000003,-0.04191,-0.5225000000000001,-1.1657,-10.704500000000001,7.657673012004436,17.129755067473205,21.439998626708984,21.489999771118164,21.439998626708984,21.510000228881836,17.409476561675035,17.45007795194584,17.409476561675035,17.46631850805416,17.433837395837518,0.01775170323023,9.199999809265137,0.0,0.0,0.0,0.0,0.0,0.0,,,,,
pylon_camera_1771859706546800374.png,1771859706546800374,1771859706.5468004,42.3009805545425,-83.69813914821111,237.51416015625,-0.022485290219464438,-0.9994693860660814,0.012031220195656396,-0.020263459256512212,-0.0018900000000000002,0.0012200000000000002,-0.030170000000000006,-1.0562,-0.0609,-10.5535,7.6468841005875365,17.105620919968285,21.25,21.420000076293945,21.420000076293945,21.53999900817871,17.255195925000002,17.393237554351387,17.393237554351387,17.49067779343197,17.383087206783685,0.016220766735892025,9.100000381469727,0.0,0.0,0.0,0.0,0.0,0.0,,,,,
pylon_camera_1771859706597920471.png,1771859706597920471,1771859706.5979204,42.30098068484852,-83.69814470882015,237.50930786132812,-0.021648223062811833,-0.9994906884140683,0.011872149378311232,-0.020218068180064514,0.016130000000000002,0.015260000000000003,-0.035230000000000004,-0.4642,-0.9371,-8.8781,7.631440138719802,17.071073703907874,21.270000457763672,21.350000381469727,21.35999870300293,21.479999542236328,17.27143648110832,17.336397156756938,17.34451588602642,17.44195767389168,17.348576799445837,0.016255749365925196,8.90000057220459,0.0,0.0,0.0,0.0,0.0,0.0,,,,,
pylon_camera_1771859706647377740.png,1771859706647377740,1771859706.6473777,42.30098076432521,-83.69814840510162,237.50604248046875,-0.02117732524880034,-0.9995040436500098,0.011692423128293748,-0.020161221787744092,0.00111,0.00935,-0.025380000000000003,-0.41750000000000004,-0.116,-9.5504,7.616026570768532,17.036594477214962,21.170000076293945,21.239999771118164,21.279998779296875,21.489999771118164,17.190235249351385,17.247075646945838,17.279555210377808,17.45007795194584,17.291736014655218,0.014976087960624211,8.40000057220459,0.0,0.0,0.0,0.0,0.0,0.0,,,,,
pylon_camera_1771859706698459695.png,1771859706698459695,1771859706.6984596,42.300980874519844,-83.69815393699848,237.50042724609375,-0.02040114324576192,-0.9995248261982683,0.011631245831798441,-0.01996570279223438,-0.0012600000000000003,0.007090000000000001,-0.027650000000000004,-0.5686,-0.3138,-9.7288,7.592672650276339,16.984353158309155,21.1299991607666,21.260000228881836,21.219999313354492,21.35999870300293,17.157754137134745,17.263316203054163,17.230835090837516,17.34451588602642,17.24910532926321,0.015588004352378353,7.800000190734863,0.0,0.0,0.0,0.0,0.0,0.0,,,,,
pylon_camera_1771859706748735074.png,1771859706748735074,1771859706.748735,42.30098094910156,-83.69815761536533,237.49661254882812,-0.019705896464872585,-0.999544265070651,0.011677378061211163,-0.01966160345708778,0.007930000000000001,0.007960000000000002,-0.030140000000000004,-0.78,0.1766,-10.0062,7.570585746588747,16.93494607997423,21.079999923706055,21.189998626708984,21.100000381469727,21.350000381469727,17.117154295648614,17.206474256675033,17.133394851756936,17.336397156756938,17.19835514020938,0.015554171769500465,7.200000286102295,0.0,0.0,0.0,0.0,0.0,0.0,,,,,
pylon_camera_1771859706799612131.png,1771859706799612131,1771859706.799612,42.30098106576039,-83.6981631189491,237.49095153808594,-0.018953135923329145,-0.9995602307010372,0.012094229909159846,-0.019335290079674165,0.013090000000000001,0.010740000000000001,-0.027500000000000004,-0.8027000000000001,-0.4172,-9.8721,7.553490491572219,16.89670502021756,20.889999389648438,21.1299991607666,21.15999984741211,21.279998779296875,16.962872110188904,17.157754137134745,17.182114971297228,17.279555210377808,17.145574107249672,0.014728853154170041,6.800000190734863,0.0,0.0,0.0,0.0,0.0,0.0,,,,,
pylon_camera_1771859706849504715.png,1771859706849504715,1771859706.8495047,42.30098114346363,-83.69816677967394,237.48728942871094,-0.018213620540253106,-0.9995696974711349,0.012664946182010441,-0.019190702501109585,0.017910000000000002,0.00055,-0.030220000000000004,-0.7944,-0.9642000000000001,-10.5835,7.537509246012805,16.860955932775884,20.799999237060547,21.119998931884766,21.049999237060547,21.15999984741211,16.88979115648613,17.14963385908058,17.092793461486128,17.182114971297228,17.078583362087514,0.012907182141944024,6.300000190734863,0.0,0.0,0.0,0.0,0.0,0.0,,,,,
pylon_camera_1771859706909748446.png,1771859706909748446,1771859706.9097486,42.30098125890239,-83.69817225734062,237.48345947265625,-0.017414928081838754,-0.9995709390679037,0.013383704661338744,-0.019378712556603086,0.015450000000000002,-0.0073500000000000015,-0.023760000000000003,-1.0789,-0.6458,-9.712100000000001,7.509584113800088,16.79848908752397,20.719999313354492,20.939998626708984,21.020000457763672,21.09000015258789,16.824830480837516,17.003471951675035,17.068434176108322,17.125274573702775,17.00550279558091,0.01232335283121906,5.0,0.0,0.0,0.0,0.0,0.0,0.0,,,,,
pylon_camera_1771859706959388524.png,1771859706959388524,1771859706.9593885,42.30098136657496,-83.69817771382102,237.4798126220703,-0.016831992485496994,-0.9995744077148684,0.013796301417060626,-0.019425486805942017,0.004390000000000001,-0.008950000000000001,-0.01678,-0.9381,-0.868,-9.679400000000001,7.485916122539943,16.7455452111545,20.600000381469727,20.939998626708984,20.869998931884766,21.029998779296875,16.727390241756936,17.003471951675035,16.946631554080582,17.07655290537781,16.93851166322259,0.011523449946529856,3.6000001430511475,0.0,0.0,0.0,0.0,0.0,0.0,,,,,
pylon_camera_1771859707002026697.png,1771859707002026697,1771859707.0020268,42.300981429819764,-83.69818133742015,237.4774932861328,-0.01644389076649444,-0.9995798489407746,0.013889895425769211,-0.019411204317575325,-0.0036100000000000004,-0.0033100000000000004,-0.015240000000000002,-0.6094,-1.0284,-9.6455,7.460777263658921,16.689311092169188,20.529998779296875,20.78999900817871,20.8799991607666,20.920000076293945,16.670548295377806,16.88167087843197,16.954751832134743,16.987232944351387,16.873550987573978,0.011039394878991594,2.799999952316284,0.0,0.0,0.0,0.0,0.0,0.0,,,,,
pylon_camera_1771859707059690397.png,1771859707059690397,1771859707.0596905,42.30098151334423,-83.69818675245874,237.4734344482422,-0.015971337484349757,-0.9995945826076308,0.013832193366498446,-0.019085524019763565,-0.00875,0.0181,-0.014960000000000003,-0.5352,-0.9075000000000001,-9.6049,7.423311674604049,16.605502817388782,20.65999984741211,20.709999084472656,20.760000228881836,20.869998931884766,16.776110361297228,16.81671020278336,16.857311593054163,16.946631554080582,16.849190927803832,0.01467514191499623,2.1000001430511475,0.0,0.0,0.0,0.0,0.0,0.0,,,,,
pylon_camera_1771859707101451240.png,1771859707101451240,1771859707.1014512,42.30098156279943,-83.6981903515194,237.4707489013672,-0.015758211602414474,-0.9996060648268749,0.013552351407087576,-0.01886074494185876,-0.022300000000000004,0.020010000000000003,-0.0061600000000000005,-0.937,-1.06,-9.8543,7.402116294921982,16.55809002476278,20.510000228881836,20.56999969482422,20.779998779296875,20.799999237060547,16.65430928805416,16.703029407594453,16.873550600377808,16.88979115648613,16.780170113128136,0.013412180271591296,2.1000001430511475,0.0,0.0,0.0,0.0,0.0,0.0,,,,,
pylon_camera_1771859707151265818.png,1771859707151265818,1771859707.1512659,42.30098160119612,-83.69819394316134,237.46800231933594,-0.015618208916496125,-0.9996188327666086,0.012816374661474061,-0.018814921448157045,-0.024220000000000005,-0.0058400000000000014,-0.003790000000000001,-0.8290000000000001,-0.45,-10.183,7.3846130559582255,16.518936329395196,20.43000030517578,20.5,20.68000030517578,20.709999084472656,16.589348612405548,16.64618901,16.79235091740555,16.81671020278336,16.711149685648614,0.011635940257931606,2.1000001430511475,0.0,0.0,0.0,0.0,0.0,0.0,,,,,
pylon_camera_1771859707203056973.png,1771859707203056973,1771859707.2030568,42.3009816590996,-83.6981993153759,237.46449279785156,-0.01556487464924672,-0.9996233549374045,0.012365160024814636,-0.018920511578755555,-0.007420000000000001,-0.005600000000000001,-0.0009100000000000001,-0.9314,-0.07970000000000001,-9.8987,7.3620908411988815,16.468555486311427,20.279998779296875,20.350000381469727,20.559999465942383,20.56999969482422,16.467545990377808,16.524387936756934,16.694909129540292,16.703029407594453,16.597468116067372,0.007827804318544898,2.0,0.0,0.0,0.0,0.0,0.0,0.0,,,,,
pylon_camera_1771859707251826104.png,1771859707251826104,1771859707.2518263,42.30098169950996,-83.69820288359674,237.46206665039062,-0.01551129268461643,-0.9996234386207943,0.012190485131922875,-0.019072829665253317,0.0019700000000000004,-0.0038300000000000005,-0.0038600000000000006,-0.7091000000000001,-0.7210000000000001,-9.243500000000001,7.337115289854234,16.41268667648653,20.18000030517578,20.309999465942383,20.510000228881836,20.549999237060547,16.38634630740555,16.49190682454029,16.65430928805416,16.68678885148613,16.554837817871533,0.008661052525218482,1.899999976158142,0.0,0.0,0.0,0.0,0.0,0.0,,,,,
pylon_camera_1771859707302723703.png,1771859707302723703,1771859707.3027236,42.30098175530379,-83.69820822010831,237.45797729492188,-0.015479501682316212,-0.9996201768726082,0.012353148678465084,-0.019164726310861465,0.01124,-0.0082,-0.00768,-0.7030000000000001,-1.6459000000000001,-10.4679,7.310415220226179,16.35296022273275,20.1299991607666,20.25,20.35999870300293,20.389999389648438,16.34574491713474,16.443186705,16.53250666602642,16.556867500188904,16.469576447087515,0.0071311996584357135,1.600000023841858,0.0,0.0,0.0,0.0,0.0,0.0,,,,,
pylon_camera_1771859707353018924.png,1771859707353018924,1771859707.353019,42.30098181198367,-83.69821352943221,237.4537811279297,-0.015488253320632696,-0.9996196549632947,0.012397172617015331,-0.01915644881609639,0.010380000000000002,-0.004570000000000001,-0.0036700000000000005,-1.0117,-0.5625,-9.9087,7.280002030542599,16.284927742201962,20.010000228881836,20.079999923706055,20.279998779296875,20.3799991607666,16.24830467805416,16.305145075648614,16.467545990377808,16.548747222134743,16.392435741553832,0.0066016872198497055,1.2000000476837158,0.0,0.0,0.0,0.0,0.0,0.0,,,,,
pylon_camera_1771859707403865190.png,1771859707403865190,1771859707.403865,42.300981853253894,-83.69821705739992,237.45108032226562,-0.015557749201017325,-0.9996209252595339,0.012267007484833744,-0.019117603156211933,0.0008600000000000002,0.004380000000000001,0.005680000000000001,-0.8897,0.0044,-9.4702,7.251814085107274,16.221872999539865,19.93000030517578,19.959999084472656,20.299999237060547,20.28999900817871,16.183344002405548,16.207703287783357,16.48378654648613,16.47566626843197,16.33762502627675,0.007135552518514264,0.699999988079071,0.0,0.0,0.0,0.0,0.0,0.0,,,,,
pylon_camera_1771859707453540249.png,1771859707453540249,1771859707.4535403,42.300981908983786,-83.69822232791161,237.4480438232422,-0.01568031111200363,-0.9996167517296961,0.012291395212272401,-0.019219758285100752,0.0018100000000000002,-0.007360000000000001,0.0017500000000000003,-0.8668,-0.7977000000000001,-10.727500000000001,7.222830826747007,16.15703918958345,19.69999885559082,19.8799991607666,20.229999542236328,20.189998626708984,15.996580704729196,16.142742612134743,16.426946148891677,16.394465036675037,16.240183625607663,0.0051460193324168475,0.4000000059604645,0.0,0.0,0.0,0.0,0.0,0.0,,,,,
pylon_camera_1771859707513411755.png,1771859707513411755,1771859707.5134118,42.30098196640427,-83.69822757236012,237.44589233398438,-0.01596912259025579,-0.9996088582669327,0.012457918112624464,-0.019285172394240185,-0.0029400000000000003,-0.00483,0.009210000000000001,-1.1917,-0.8082,-10.0493,7.188664949788878,16.080612172780732,19.65999984741211,19.809999465942383,20.170000076293945,20.119998931884766,15.964101141297226,16.08590221454029,16.37822602935139,16.337624639080584,16.19146350606737,0.0068934771944985295,0.4000000059604645,0.0,60.0,0.0,0.0,0.0,0.0,,,,,
pylon_camera_1771859707554832811.png,1771859707554832811,1771859707.554833,42.300981995967994,-83.69823106201268,237.44508361816406,-0.016140693857295163,-0.9996093294355373,0.012510607646030117,-0.01908274622710006,0.004760000000000001,0.005510000000000001,0.004390000000000001,-0.753,-0.6866,-9.399600000000001,7.167699766168517,16.033714314933004,19.549999237060547,19.829999923706055,20.09000015258789,20.100000381469727,15.874779631486131,16.102142770648612,16.313265353702775,16.321385631756936,16.152893346898615,0.007433027034454144,0.5,0.0,108.0,0.0,0.0,0.0,0.0,,,,,
pylon_camera_1771859707606524095.png,1771859707606524095,1771859707.6065242,42.30098203679574,-83.69823453682893,237.44371032714844,-0.016357726500168035,-0.9996117909486961,0.01227884072650475,-0.018918833222463124,-0.0021200000000000004,0.007300000000000002,0.006080000000000001,-0.9109,-0.256,-9.6525,7.140742361469925,15.973412218066533,19.44999885559082,19.6299991607666,20.020000457763672,19.959999084472656,15.793578399729196,15.939740307134743,16.256424956108322,16.207703287783357,16.049361737688905,0.004754746110944888,0.5,0.0,116.0,0.0,0.0,0.0,0.0,,,,,
pylon_camera_1771859707657554197.png,1771859707657554197,1771859707.6575541,42.30098209576447,-83.69823973324667,237.44149780273438,-0.016461322125904232,-0.9996132311535693,0.012070421100611645,-0.018886977287064805,0.0009700000000000002,-0.0030400000000000006,-0.00058,-0.7197,-0.3649,-9.5579,7.115736824473976,15.917476332138818,19.270000457763672,19.44999885559082,19.889999389648438,19.889999389648438,15.647418041108322,15.793578399729196,16.150862890188904,16.150862890188904,15.935680555303831,0.0011436626501059475,0.5,0.0,176.0,0.0,0.0,0.0,0.0,,,,,
pylon_camera_1771859707708484959.png,1771859707708484959,1771859707.708485,42.30098214127398,-83.69824318148316,237.43960571289062,-0.016519416779932627,-0.9996132373017664,0.011880224747053986,-0.018956395762195356,0.0011200000000000003,-0.0018800000000000004,0.0017400000000000002,-1.0491000000000001,-0.2857,-9.7451,7.077340010726946,15.831584963595535,19.059999465942383,19.329999923706055,19.809999465942383,19.760000228881836,15.476895299540292,15.696138160648614,16.08590221454029,16.04530237305416,15.82605951194584,0.0003490144330085428,0.5,0.0,456.0,0.0,0.0,0.0,0.0,,,,,
pylon_camera_1771859707758456261.png,1771859707758456261,1771859707.7584562,42.30098220638397,-83.69824833114353,237.4364776611328,-0.016483727923650326,-0.9996129163574775,0.011820914400781493,-0.01904127484616067,0.006220000000000002,-0.009510000000000001,-0.005740000000000001,-1.0624,-0.0541,-9.7194,7.041150689539873,15.750631623459325,18.899999618530273,19.09000015258789,19.69999885559082,19.6299991607666,15.346973948243065,15.501256133702775,15.996580704729196,15.939740307134743,15.696137773452444,0.0034597882364106195,0.5,0.0,900.0,44.0,0.0,0.0,0.0,,,,,
pylon_camera_1771859707809662730.png,1771859707809662730,1771859707.8096628,42.30098224610306,-83.69825174779469,237.43499755859375,-0.016347176667327712,-0.9996095483526781,0.012072794936725206,-0.019177285511185825,0.014980000000000004,-0.00854,-0.007100000000000001,-2.0246,0.29910000000000003,-10.0305,6.980855482323953,15.615754862629744,18.420000076293945,18.489999771118164,19.329999923706055,19.35999870300293,14.957209894351388,15.01405029194584,15.696138160648614,15.720497446026421,15.346973948243066,0.017212162764536017,0.699999988079071,0.0,1888.0,500.0,0.0,0.0,0.0,,,,,
pylon_camera_1771859707859672604.png,1771859707859672604,1771859707.8596725,42.30098231355888,-83.69825681235584,237.43373107910156,-0.016099863259505465,-0.9995997345798724,0.012391210016073951,-0.01968814224885545,0.014910000000000003,-0.028160000000000004,-0.011990000000000002,-3.3514000000000004,0.2706,-10.4328,6.870180390315797,15.36818132231302,15.799999237060547,16.3799991607666,18.969999313354492,18.989999771118164,12.82974505648613,13.300710342134742,15.403814345837517,15.42005490194584,14.238581161601058,0.0735025268781739,0.5,0.0,2432.0,1332.0,0.0,0.0,0.0,,,,,
pylon_camera_1771859707919110725.png,1771859707919110725,1771859707.9191108,42.30098238226139,-83.69826176681627,237.43544006347656,-0.01528150335331885,-0.9995794779394921,0.01295663683017044,-0.020963503989695716,0.015060000000000002,-0.05833000000000001,-0.037630000000000004,-3.463,-0.2705,-10.195400000000001,6.697378507087651,14.98163387764465,13.039999961853027,13.34000015258789,18.209999084472656,18.420000076293945,10.588600197824306,10.832203118702774,14.786687152783356,14.957209894351388,12.791175090915456,0.14620960601618774,-0.699999988079071,0.0,2940.0,1184.0,1.0,0.0,0.0,,,,,
pylon_camera_1771859707969128388.png,1771859707969128388,1771859707.9691284,42.30098242811664,-83.69826498762833,237.43678283691406,-0.014061297462080182,-0.9995710217164671,0.013268327529626797,-0.022000089612254678,-0.00966,-0.039540000000000006,-0.053160000000000006,-3.8160000000000003,-1.0682,-8.8518,6.539375574523818,14.628190797675309,12.449999809265137,14.109999656677246,17.93000030517578,18.229999542236328,10.109514634121533,11.457449815418759,14.559325562405549,14.802927708891678,12.73230443020938,0.12960497943239982,-2.700000047683716,0.0,3296.0,1088.0,1.0,0.0,0.0,,,,,
pylon_camera_1771859708021817740.png,1771859708021817740,1771859708.021818,42.30098247752859,-83.69826971324305,237.4369659423828,-0.012554276079952244,-0.9996015888926415,0.012579047016332605,-0.021927635795404823,-0.03797000000000001,0.02414,-0.06043000000000001,-3.0241000000000002,-1.3909,-8.531500000000001,6.384932178171468,14.282710186638884,15.829999923706055,16.31999969482422,17.3799991607666,17.81999969482422,12.854105890648613,13.251990222594452,14.112719562134744,14.470004052594453,13.672204931993067,0.04274435640491603,-4.099999904632568,0.0,3436.0,1116.0,1.0,0.0,0.0,,,,,
pylon_camera_1771859708061744357.png,1771859708061744357,1771859708.0617445,42.30098250147026,-83.69827279652944,237.43467712402344,-0.011575700134550617,-0.9996437341823892,0.01177861536466427,-0.0209683594106695,-0.03725,0.06017000000000001,-0.04057,-2.4237,-0.9356000000000001,-8.8583,6.2873420791285035,14.064406990485715,16.639999389648438,16.5,17.260000228881836,17.44999885559082,13.511832925188905,13.39815213,14.01527932305416,14.169559959729195,13.773706084493064,0.020669261504541507,-4.0,0.0,3536.0,1180.0,1.0,0.0,0.0,,,,,
pylon_camera_1771859708112661419.png,1771859708112661419,1771859708.1126616,42.30098250799293,-83.6982758319613,237.43112182617188,-0.010741634204751828,-0.9996950526906996,0.010953718656391428,-0.019350322166493534,-0.0105,0.05464000000000001,-0.030120000000000004,-2.3618,-0.0722,-10.1498,6.180224573641902,13.824791557762516,16.43000030517578,14.529999732971191,16.989999771118164,17.139999389648438,13.341311732405547,11.798493749770145,13.796036461945839,13.917837535188903,13.213419869827609,0.044222850332352875,-2.9000000953674316,0.0,3568.0,1464.0,1.0,0.0,0.0,,,,,
pylon_camera_1771859708162154304.png,1771859708162154304,1771859708.1621542,42.300982514889064,-83.69828031096391,237.42617797851562,-0.010222329263199994,-0.9997208278717358,0.01084240413774247,-0.018336100359672106,0.007430000000000001,0.031010000000000003,-0.024480000000000005,-2.7497000000000003,-0.5998,-10.7179,6.079609121109339,13.599720827374325,15.469999313354492,13.619999885559082,16.68000030517578,16.59000015258789,12.561782075837517,11.059565483472921,13.544314037405549,13.471233083702774,12.65922367010469,0.06915562232546317,-2.799999952316284,0.0,3568.0,1752.0,1.0,0.0,0.0,,,,,
pylon_camera_1771859708212799105.png,1771859708212799105,1771859708.2127993,42.30098251203222,-83.69828469961716,237.42288208007812,-0.009699255889594418,-0.9997358158434511,0.010487424224045088,-0.01800657902441499,-0.04204000000000001,0.010290000000000002,-0.025660000000000002,-2.7519,-0.6738000000000001,-9.596300000000001,5.975036270992291,13.365797636033497,13.09999942779541,16.0,16.1299991607666,16.510000228881836,10.637320317364598,12.99214752,13.097708037134742,13.406272408054162,12.533362070638375,0.062281024153090433,-5.300000190734863,0.0,3568.0,1724.0,1.0,0.0,0.0,,,,,
pylon_camera_1771859708261833930.png,1771859708261833930,1771859708.261834,42.300982505421295,-83.69828757069172,237.4214630126953,-0.00878650413315124,-0.9997541753635761,0.008522873391254519,-0.018486395467222864,-0.09611000000000001,-0.0473,-0.040060000000000005,-3.2355,-0.25930000000000003,-10.611600000000001,5.8742129611782765,13.140261941378135,13.549999237060547,15.34999942779541,15.769999504089355,16.100000381469727,11.00272431148613,12.464341062364598,12.805384996715986,13.073348751756935,12.336449780580914,0.06117169995417296,-7.700000286102295,0.0,3568.0,1580.0,1.0,0.0,0.0,,,,,
pylon_camera_1771859708312591286.png,1771859708312591286,1771859708.3125913,42.30098250924553,-83.69829039489888,237.41964721679688,-0.007707104657790954,-0.9997666214565311,0.00822607186143217,-0.01842918611652895,0.05503,0.0066500000000000005,-0.03532000000000001,-2.0651,-0.268,-8.4678,5.733571603875452,12.825655663573155,14.979999542236328,14.25,15.539999961853027,15.319999694824219,12.16389774389168,11.571131385000001,12.618623247824306,12.439981002594452,12.198408344827609,0.048905672754573117,-9.5,0.0,3568.0,1800.0,1.0,0.0,0.0,,,,,
pylon_camera_1771859708362781699.png,1771859708362781699,1771859708.3627818,42.30098251941854,-83.69829453130203,237.41580200195312,-0.007224330508877442,-0.9997707173425612,0.009488142738402625,-0.017784738975164274,0.05215000000000001,0.04741,-0.019710000000000002,-3.0645000000000002,0.8225,-8.081900000000001,5.591583630431427,12.508037086257277,13.90999984741211,12.789999961853027,14.880000114440918,15.049999237060547,11.295048126297226,10.385597892824308,12.082697286527083,12.22073814148613,11.496020361783687,0.08090931594578528,-12.5,0.0,3568.0,1964.0,1.0,0.0,0.0,,,,,
pylon_camera_1771859708413222561.png,1771859708413222561,1771859708.4132226,42.30098252519365,-83.69829855679365,237.41073608398438,-0.006640600030534128,-0.9997684055650555,0.010911169410745469,-0.017320047552802302,0.04694000000000001,0.014000000000000002,-0.028780000000000003,-3.7318000000000002,-0.43670000000000003,-10.277000000000001,5.474056180797676,12.245135233073555,12.929999351501465,11.920000076293945,14.449999809265137,14.819999694824219,10.499278688013211,9.679149964351387,11.733533074121533,12.033976392594452,10.986484529770147,0.10278781567914819,-16.700000762939453,0.0,3568.0,1840.0,1.0,0.0,0.0,,,,,
pylon_camera_1771859708462957524.png,1771859708462957524,1771859708.4629576,42.300982517628064,-83.69830118126282,237.40879821777344,-0.005946526279980603,-0.9997694733873177,0.011204467547266745,-0.017323360385003556,-0.04309,-0.005040000000000001,-0.02755,-4.3151,-1.3693,-10.2119,5.346747115144215,11.960352491750701,11.609999656677246,14.699999809265137,14.069999694824219,14.5,9.427426765418758,11.936535379121532,11.424969477594452,11.77413369,11.140766328033685,0.06852525159959134,-21.5,0.0,3568.0,1832.0,1.0,0.0,0.0,,,,,
pylon_camera_1771859708514493468.png,1771859708514493468,1771859708.5144935,42.300982488258605,-83.6983050335754,237.4089813232422,-0.005206028901396765,-0.9997875558896164,0.009141505464732864,-0.017724932416883322,-0.06672,-0.05178000000000001,-0.023470000000000005,-3.454,0.8516,-11.825600000000001,5.244911893792096,11.732553211699292,12.710000038146973,12.779999732971191,13.84000015258789,14.139999389648438,10.320637217175694,10.377477614770147,11.238207728702776,11.481809875188905,10.85453310895938,0.07483623444080194,-25.399999618530273,0.0,3288.0,1792.0,1.0,0.0,0.0,,,,,
pylon_camera_1771859708564823498.png,1771859708564823498,1771859708.5648236,42.30098247577041,-83.69830754242388,237.41278076171875,-0.004568885250005873,-0.9997710872130883,0.008938559257758485,-0.018894460000939278,0.021590000000000005,-0.06158000000000001,-0.021270000000000004,-2.3658,-0.6960000000000001,-10.3831,5.12777318696397,11.470520952847183,13.319999694824219,11.889999389648438,13.609999656677246,13.880000114440918,10.815962562594452,9.654789130188902,11.051445205418759,11.27068806652708,10.698221241182297,0.06732908774062152,-27.30000114440918,0.0,3248.0,1844.0,1.0,0.0,0.0,,,,,
pylon_camera_1771859708615269103.png,1771859708615269103,1771859708.6152692,42.300982436798826,-83.69831122937522,237.42088317871094,-0.004457698081163143,-0.9997451113674616,0.008667921711356724,-0.0203643894552406,-0.040170000000000004,-0.03979,0.007000000000000001,-1.8656000000000001,-1.4013,-9.220600000000001,5.014188993111663,11.216439926251205,10.84999942779541,13.779999732971191,13.239999771118164,13.420000076293945,8.810299572364597,11.189486834770145,10.751001886945838,10.897163794351389,10.411988022107991,0.07172078747200855,-28.899999618530273,0.0,3132.0,1880.0,1.0,0.0,0.0,,,,,
pylon_camera_1771859708665533904.png,1771859708665533904,1771859708.665534,42.300982391685665,-83.69831364396484,237.42503356933594,-0.004663406410698624,-0.9997240246887813,0.005316097680835246,-0.022402370547813646,-0.14913,-0.07130000000000002,0.0159,-3.1830000000000003,0.0813,-8.2151,4.911457951020521,10.986636748955846,11.670000076293945,12.019999504089355,12.929999351501465,12.609999656677246,9.476147659351389,9.760350421715986,10.499278688013211,10.23943598541876,9.993803188624836,0.09036737839042205,-30.700000762939453,0.0,3092.0,1856.0,1.0,0.0,0.0,,,,,
pylon_camera_1771859708717829819.png,1771859708717829819,1771859708.71783,42.30098231472506,-83.69831716923686,237.42579650878906,-0.005199418764364695,-0.9996938691876014,0.002230964598838696,-0.024086443286513385,-0.059010000000000014,-0.030080000000000006,0.03252000000000001,-3.5217,-0.2378,-8.345,4.7526112582554205,10.63130622804188,13.079999923706055,11.619999885559082,13.1899995803833,10.489999771118164,10.621080535648614,9.435547043472921,10.710401271067372,8.51797653194584,9.821251345533687,0.07619523557430187,-32.60000228881836,0.0,2696.0,1828.0,1.0,0.0,0.0,,,,,
pylon_camera_1771859708767563508.png,1771859708767563508,1771859708.7675636,42.30098227574793,-83.69831944546809,237.42361450195312,-0.005884120449914488,-0.9996822887591501,0.0020345988433687935,-0.024424558856697247,0.05363000000000001,-0.015350000000000003,0.027610000000000003,-2.81,2.8394,-8.971,4.631239887982555,10.359805755023697,13.380000114440918,8.889999389648438,12.710000038146973,11.010000228881836,10.86468345652708,7.2187614701889045,10.320637217175694,8.940221698054161,9.33607596048646,0.09881747001296895,-32.70000076293945,0.0,2580.0,1944.0,1.0,0.0,0.0,,,,,
pylon_camera_1771859708818810398.png,1771859708818810398,1771859708.8188105,42.30098227799988,-83.6983227637716,237.41603088378906,-0.006978971877086072,-0.9996751746721314,0.007603202422891735,-0.02330301286742267,0.25910000000000005,0.04311,0.040440000000000004,-4.6129,0.8319000000000001,-8.2077,4.469031050930374,9.996954319068191,12.59000015258789,6.190000057220459,11.710000038146973,12.229999542236328,10.223196203702775,5.02633711826354,9.508627997175694,9.930872388891677,8.67225842700842,0.13250994750801703,-33.0,0.0,2580.0,1584.0,1.0,0.0,0.0,,,,,
pylon_camera_1771859708868760324.png,1771859708868760324,1771859708.8687603,42.30098229079889,-83.69832488255294,237.4117889404297,-0.00780316139486359,-0.9996857525892971,0.010548191277016384,-0.021359831530228853,0.032470000000000006,0.04895000000000001,0.00918,-3.6366,2.7365,-13.075700000000001,4.276625495287301,9.566554635427975,10.109999656677246,11.039999961853027,12.300000190734863,12.179999351501465,8.20941293541876,8.964581757824307,9.987713560878468,9.890271773013211,9.262995006783687,0.031731343227802335,-35.20000076293945,0.0,2580.0,1656.0,1.0,0.0,0.0,,,,,
pylon_camera_1771859708919807854.png,1771859708919807854,1771859708.9198077,42.30098232534013,-83.69832796843176,237.41217041015625,-0.0073351325958436195,-0.9997266006690664,0.009877180632170723,-0.019883687968638503,-0.05623,0.05984000000000001,-0.0202,-2.3229,-0.033600000000000005,-10.597900000000001,4.1748468970511405,9.33888201788958,12.199999809265137,7.589999675750732,11.819999694824219,11.869999885559082,9.906512329121533,6.163149716506606,9.597948732594453,9.638549348472921,8.82654003167388,0.05486116916717195,-36.900001525878906,0.0,2580.0,1672.0,1.0,0.0,0.0,,,,,
pylon_camera_1771859708969184917.png,1771859708969184917,1771859708.969185,42.300982335729444,-83.69832999202657,237.4165802001953,-0.007272653995994639,-0.9997566460021639,0.007360718473645731,-0.01948273856290915,-0.12189000000000001,0.012810000000000002,0.012930000000000002,-2.4339,-1.5198,-10.279900000000001,4.111388998133789,9.196930505485398,10.34000015258789,8.65999984741211,11.569999694824219,11.6899995803833,8.396175458702775,7.031999721297225,9.394946427594453,9.49238744106737,8.578877262165456,0.06720212172434176,-38.70000076293945,0.0,2604.0,1656.0,1.0,0.0,0.0,,,,,
pylon_camera_1771859709029699960.png,1771859709029699960,1771859709.0296998,42.30098233361601,-83.69833294620784,237.42245483398438,-0.007694120376421477,-0.9997720737762436,0.006294736357784997,-0.018893842991003114,0.05124000000000001,0.014530000000000003,0.035890000000000005,-0.8023,-1.5768,-7.5777,3.972530103476842,8.886311489671488,10.670000076293945,10.300000190734863,11.029999732971191,11.010000228881836,8.664138439351387,8.363695120878468,8.956461479770146,8.940221698054161,8.73112918451354,0.01746307287768566,-37.10000228881836,0.0,2604.0,1956.0,1.0,0.0,0.0,,,,,
pylon_camera_1771859709070382349.png,1771859709070382349,1771859709.0703824,42.30098233592394,-83.69833485198289,237.42312622070312,-0.008413856450575907,-0.9997612529575419,0.006798846181717182,-0.018984725307268642,0.06816000000000001,0.009710000000000002,0.030390000000000004,-2.7833,1.5673000000000001,-10.5855,3.8805742581699225,8.680611781070628,9.550000190734863,8.59999942779541,11.059999465942383,10.719999313354492,7.754688205878468,6.983278827364597,8.980821539540292,8.704738280837518,8.105881713405218,0.06620847495088938,-35.29999923706055,0.0,2604.0,2024.0,1.0,0.0,0.0,,,,,
pylon_camera_1771859709122230774.png,1771859709122230774,1771859709.1222308,42.300982348414095,-83.69833766095064,237.42495727539062,-0.009072206205161084,-0.9997243665173934,0.008826568300633778,-0.019773157512184374,0.10515000000000002,-0.06289000000000002,0.030160000000000003,-0.48710000000000003,1.3846,-9.5174,3.8444625743979346,8.599832111173717,10.59999942779541,5.87999963760376,10.760000228881836,10.569999694824219,8.607297267364597,4.774613919330911,8.737219393054161,8.582937207594453,7.67551694683603,0.10748060571284046,-32.29999923706055,0.0,2612.0,1916.0,1.0,0.0,0.0,,,,,
pylon_camera_1771859709182175714.png,1771859709182175714,1771859709.1821756,42.300982398495194,-83.69834041838048,237.42556762695312,-0.009611080223918269,-0.9996170151159484,0.012333714099649788,-0.02283264601659413,0.13448000000000002,-0.09469000000000001,0.00102,-5.2606,1.2395,-8.2902,3.704762891506256,8.287332302526005,7.779999732971191,7.149999618530273,10.170000076293945,10.050000190734863,6.317431514770146,5.805865613243065,8.258133829351388,8.160692815878468,7.135530943310767,0.13898336849171175,-30.399999618530273,0.0,2644.0,1580.0,1.0,0.0,0.0,,,,,
pylon_camera_1771859709222707102.png,1771859709222707102,1771859709.2227073,42.30098244920684,-83.698342175552,237.4230194091797,-0.009520831378541096,-0.9995602895200233,0.014470370649311023,-0.024066361540125925,0.07673,-0.06085000000000001,-0.0171,-3.1743,-0.0591,-8.4868,3.5799692031250894,8.008176309238637,9.960000038146973,10.25,9.90999984741211,9.619999885559082,8.087611862175693,8.323094505,8.047011246297227,7.81152860347292,8.06731155423646,0.007384358524874259,-29.80000114440918,0.0,2652.0,1680.0,1.0,0.0,0.0,,,,,
pylon_camera_1771859709271815139.png,1771859709271815139,1771859709.271815,42.300982501651966,-83.6983438802169,237.41932678222656,-0.009859064956258936,-0.9995197086475585,0.016389982935508248,-0.02438276691972236,0.061610000000000005,-0.01485,0.028230000000000005,-1.5790000000000002,-1.0601,-8.2628,3.4620793706407107,7.744463827361032,9.949999809265137,9.59999942779541,9.769999504089355,9.4399995803833,8.079491584121532,7.795288047364597,7.933329676715984,7.665366696067372,7.8683690010673715,0.0159991932906427,-29.0,0.0,2688.0,2072.0,1.0,0.0,0.0,,,,,
pylon_camera_1771859709323138428.png,1771859709323138428,1771859709.3231382,42.30098252531462,-83.69834636695565,237.41204833984375,-0.011560092725492578,-0.9995107965990249,0.015822763874172897,-0.024375641151415307,-0.12457000000000001,0.006120000000000001,0.10276000000000002,-2.327,-4.641900000000001,-9.2234,3.3757780565815585,7.551412965889552,7.75,8.460000038146973,9.359999656677246,9.25,6.293071455000001,6.869598032175693,7.600406020418759,7.511085285,7.068540198148614,0.06394469087071794,-30.0,0.0,2776.0,2104.0,1.0,0.0,0.0,,,,,
pylon_camera_1771859709371830646.png,1771859709371830646,1771859709.3718305,42.300982469193116,-83.6983479547532,237.40672302246094,-0.014893630514559221,-0.9995679929009963,0.009248836713888027,-0.023589539152128892,-0.27778,0.10530000000000002,0.11565,-9.0563,-0.6317,-6.3757,3.0667369253380783,6.860106497765761,9.789999961853027,9.09999942779541,8.889999389648438,8.809999465942383,7.949570232824307,7.389283437364598,7.2187614701889045,7.153800794540291,7.427853983729525,0.08276073937754047,-30.600000381469727,0.0,2776.0,1996.0,1.0,0.0,0.0,,,,,
pylon_camera_1771859709422853336.png,1771859709422853336,1771859709.4228535,42.3009823595568,-83.69835013003078,237.392822265625,-0.016833563313320032,-0.999677227742577,0.0035251237300020447,-0.01869879626555452,-0.15108000000000002,0.20596000000000003,0.09133000000000002,2.379,1.4447,-11.154,2.9406149474754324,6.577979200605694,5.049999713897705,3.2899999618530273,8.559999465942383,8.529999732971191,4.1006463286822985,2.6715103028243066,6.950798489540291,6.926438429770146,5.16234838770426,0.2152075538291583,-32.900001525878906,0.0,2776.0,1784.0,1.0,0.0,0.0,,,,,
pylon_camera_1771859709472782918.png,1771859709472782918,1771859709.4727829,42.300982307774284,-83.69835150838867,237.3893585205078,-0.020176731924015145,-0.9996661113495102,0.0024187435309260437,-0.01595979285413203,0.0122,0.12188000000000002,0.09761000000000002,0.6065,3.2225,-9.1762,2.8011353315000806,6.265971668445791,5.920000076293945,1.7799999713897705,8.260000228881836,8.010000228881836,4.807094644351388,1.44537638836823,6.707196343054161,6.504194038054162,4.865965353456985,0.22343004230915445,-33.70000076293945,0.0,2776.0,1436.0,1.0,0.0,0.0,,,,,
pylon_camera_1771859709523912450.png,1771859709523912450,1771859709.5239124,42.300982307308814,-83.69835353469996,237.39247131347656,-0.022081698291960605,-0.9996100530444807,0.0054128262916287246,-0.01621239539641674,0.13594000000000003,-0.07466,0.05253000000000001,-2.8431,2.7062,-15.9168,2.6931426743808413,6.02439857402948,4.159999847412109,1.2899999618530273,7.549999713897705,7.480000019073486,3.3779582312972263,1.0474918628243066,6.130669378682298,6.073828981087847,4.15748711347292,0.3098917572626436,-32.70000076293945,0.0,2776.0,1376.0,1.0,0.0,0.0,,,,,
pylon_camera_1771859709573765206.png,1771859709573765206,1771859709.573765,42.30098240597358,-83.69835542364318,237.4025421142578,-0.02262441332817261,-0.9995331092898958,0.00964443546107813,-0.018129650285274364,0.17282000000000003,-0.15735000000000002,-0.01606,-3.4108,0.67,-10.251100000000001,2.552776381293159,5.71040759836992,2.7699999809265137,6.210000038146973,7.039999961853027,6.87999963760376,2.2492655239121535,5.0425772871756935,5.716544877824306,5.586623139330912,4.648752707060766,0.18591578149556454,-32.10000228881836,0.0,2660.0,1288.0,1.0,0.0,0.0,,,,,
pylon_camera_1771859709625025235.png,1771859709625025235,1771859709.6250253,42.30098250534741,-83.69835661281363,237.4094696044922,-0.022131859676194965,-0.999474500111298,0.013448848932158827,-0.019494431947205203,0.15641000000000002,-0.02772,-0.04703000000000001,-4.1062,1.1299000000000001,-6.671,2.3617241458877247,5.283035210902088,3.7899999618530273,6.690000057220459,6.799999713897705,6.239999771118164,3.0775149128243067,5.43234172826354,5.521662463682299,5.0669373469458385,4.774614112928996,0.0962365529807397,-29.399999618530273,0.0,2660.0,1264.0,1.0,0.0,0.0,,,,,
pylon_camera_1771859709675272202.png,1771859709675272202,1771859709.6752722,42.30098263237367,-83.69835823843279,237.41259765625,-0.02122736962981253,-0.9994612642743707,0.016441907606060072,-0.018874418347319552,0.021060000000000002,0.023230000000000004,-0.020460000000000006,-4.216200000000001,-6.7081,-8.881400000000001,2.166923153459404,4.84727707889948,5.139999866485596,6.539999961853027,6.359999656677246,6.019999980926514,4.173727282385073,5.310540267824307,5.164378360418758,4.888295488912154,4.884235349885073,0.007624542683246881,-24.100000381469727,0.0,2660.0,1444.0,1.0,0.0,0.0,,,,,
pylon_camera_1771859709727468723.png,1771859709727468723,1771859709.7274687,42.30098264470002,-83.69835922902524,237.41336059570312,-0.02145375505900793,-0.9995044656226646,0.015622415938338722,-0.016926302445279606,0.005360000000000001,0.05922000000000001,0.04977000000000001,-0.8563000000000001,-1.4481000000000002,-11.558300000000001,2.001253874617849,4.476684842287652,6.119999885559082,5.849999904632568,6.039999961853027,5.639999866485596,4.96949633347292,4.750253859560766,4.904535657824306,4.579731892385073,4.801004435810766,0.07244637604584694,-16.5,0.0,2660.0,1460.0,1.0,0.0,0.0,,,,,
pylon_camera_1771859709777301933.png,1771859709777301933,1771859709.777302,42.30098261207132,-83.69836061942289,237.41819763183594,-0.023429764420147103,-0.9995042768574056,0.014833358450697996,-0.014906983599788521,-0.047080000000000004,0.08285000000000001,0.08505000000000001,-2.4834,-2.3332,-9.3902,1.8400990367527421,4.116191139273679,5.480000019073486,4.96999979019165,5.639999866485596,5.400000095367432,4.449810541087847,4.035685653033686,4.579731892385073,4.384849865439234,4.36251948798646,0.05984375855690858,-8.300000190734863,0.0,2660.0,1860.0,1.0,0.0,0.0,,,,,
pylon_camera_1771859709828493753.png,1771859709828493753,1771859709.8284938,42.30098257196256,-83.69836148771623,237.4235382080078,-0.025886572652690232,-0.9994722928044986,0.01384610400333862,-0.013903477131441522,-0.03837000000000001,-0.01314,0.08036,-2.6293,-0.1221,-9.1724,1.7174938870411298,3.841930775677785,5.069999694824219,2.8499999046325684,5.150000095367432,5.0,4.116886497594452,2.3142261995607667,4.181847560439234,4.0600461,3.668251589398613,0.04520622479163017,-1.0,0.0,2660.0,1708.0,1.0,0.0,0.0,,,,,
pylon_camera_1771859709877767550.png,1771859709877767550,1771859709.8777673,42.300982523651356,-83.69836272155271,237.4307403564453,-0.027026513670931618,-0.9994496539063893,0.013290406664870646,-0.013904026606567362,-0.011340000000000001,-0.033510000000000005,0.04279000000000001,-2.861,1.2089,-8.1633,1.6379103988747148,3.663907287658805,4.639999866485596,2.0,4.730000019073486,4.619999885559082,3.767722672385073,1.62401844,3.8408036260878466,3.7514825034729196,3.24600681048646,0.11405869318253911,3.1000001430511475,0.0,2660.0,1756.0,1.0,0.0,0.0,,,,,
pylon_camera_1771859709928422574.png,1771859709928422574,1771859709.9284227,42.300982495130256,-83.69836349252203,237.4334716796875,-0.02776156059305407,-0.9994437189905376,0.01225888109347678,-0.013829973179195019,-0.06315000000000001,-0.0012100000000000001,0.020540000000000003,-3.3095000000000003,-0.44980000000000003,-6.5166,1.4815789227504599,3.314203155457414,3.9099998474121094,4.059999942779541,4.329999923706055,4.150000095367432,3.174955926297226,3.29675738673646,3.5159998606486127,3.369838340439234,3.339387878530383,0.007599028149948468,3.5,0.0,2596.0,1952.0,1.0,0.0,0.0,,,,,
pylon_camera_1771859709978346310.png,1771859709978346310,1771859709.9783463,42.300982434508384,-83.6983645405761,237.4300994873047,-0.02801732258572892,-0.9994750132062591,0.009576718501877893,-0.013153481448319564,-0.16618000000000002,0.005640000000000001,0.017030000000000003,-2.0328,-2.1751,-7.7701,1.3529156111615352,3.026391047231685,2.3399999141693115,3.859999895095825,4.130000114440918,3.8999998569488525,1.9001015051046897,3.1343555040168427,3.3535981715270804,3.1668358418411495,2.8887227556224406,0.04548926079304029,1.3000000715255737,0.0,2416.0,1844.0,1.0,0.0,0.0,,,,,
pylon_camera_1771859710029579451.png,1771859710029579451,1771859710.0295794,42.30098237009935,-83.69836518063845,237.42359924316406,-0.02824426356046117,-0.9995112754048581,0.0047734078144544955,-0.0125174475160951,-0.17556000000000002,0.021300000000000003,0.00727,-2.5608,0.42150000000000004,-9.4544,1.239369067216423,2.7723942412191054,1.2799999713897705,3.2300000190734863,3.5999999046325684,3.7200000286102295,1.03937177836823,2.622789796087847,2.9232331145607664,3.0206743216317706,2.4015172526621535,0.1337749815819362,-1.600000023841858,0.0,2416.0,2244.0,1.0,0.0,0.0,,,,,
pylon_camera_1771859710079299273.png,1771859710079299273,1771859710.0792992,42.30098227743944,-83.69836603550493,237.4122772216797,-0.028326239463473568,-0.9995160874187108,0.001275613493258416,-0.012790150869554304,-0.08829000000000001,-0.049690000000000005,-0.010490000000000001,-2.3168,3.5982000000000003,-10.1273,1.1191145950659078,2.503392202286732,0.8799999952316284,2.5299999713897705,3.0,3.419999837875366,0.7145681097280383,2.05438330336823,2.43602766,2.777071400753303,1.9955126184623928,0.2028765542052959,-2.9000000953674316,0.0,2416.0,2368.0,1.0,0.0,0.0,,,,,
pylon_camera_1771859710130440254.png,1771859710130440254,1771859710.1304402,42.30098225025259,-83.69836654179174,237.40859985351562,-0.027655401359306442,-0.9995166527937427,0.0007483787274511818,-0.0141802501010636,-0.004510000000000001,-0.07430000000000002,-0.033600000000000005,-3.3242000000000003,2.3222,-11.6011,0.9819381178179216,2.1965366532716217,0.6699999570846558,1.3399999141693115,2.6499998569488525,2.9600000381469727,0.5440461425523448,1.0880922851046897,2.1518243168411493,2.403547322175694,1.5468775166684694,0.29576521549755175,-2.6000001430511475,0.0,2416.0,2496.0,1.0,0.0,0.0,,,,,
pylon_camera_1771859710199893884.png,1771859710199893884,1771859710.1998937,42.30098226501407,-83.69836739483674,237.40721130371094,-0.025786040987373193,-0.9995209594594853,0.0022300978085790808,-0.01696933573100367,0.0466,-0.08629,-0.06325,-3.2430000000000003,1.4447,-10.511800000000001,0.7734122099020163,1.7300767088182165,0.5,0.7999999523162842,2.25,2.4099998474121094,0.40600461,0.6496073372803831,1.827020745,1.9569420962972262,1.2098936971444023,0.3006704899398025,-1.899999976158142,0.0,2416.0,2504.0,1.0,0.0,0.0,,,,,
pylon_camera_1771859710231899756.png,1771859710231899756,1771859710.2318997,42.3009822815101,-83.69836757637512,237.40879821777344,-0.024938411208709876,-0.999518536375587,0.003001467665597092,-0.018214342695859326,0.038680000000000006,-0.09343000000000001,-0.05577000000000001,-3.915,-0.1835,-10.2827,0.6756071310426107,1.5112926157144577,0.44999998807907104,0.6800000071525574,2.0299999713897705,2.200000047683716,0.3654041393200958,0.5521662754079425,1.64837869336823,1.786420322719617,1.0880923577039714,0.28002535949030627,-1.600000023841858,0.0,2416.0,2496.0,1.0,0.0,0.0,,,,,
pylon_camera_1771859710292403330.png,1771859710292403330,1771859710.2924035,42.30098232001987,-83.69836800208121,237.4130096435547,-0.023898839721526566,-0.9995140234403532,0.0037993426447804207,-0.019650124719943023,0.009550000000000001,-0.04451000000000001,-0.017410000000000002,-4.1247,-0.7938000000000001,-9.4144,0.46119523797850426,1.0316660756436353,0.3700000047683716,0.5199999809265137,1.71999990940094,1.9499999284744263,0.3004434152719617,0.4222447789121533,1.396655784832728,1.5834179209205748,0.9256904749843544,0.10272277354197666,-2.1000001430511475,0.0,2348.0,2516.0,0.0,0.0,0.0,,,,,
pylon_camera_1771859710332737143.png,1771859710332737143,1771859710.332737,42.30098234650711,-83.6983682689286,237.41490173339844,-0.023776632347738358,-0.9995117386175718,0.004136433012415374,-0.01984555471165202,0.017900000000000003,-0.0025800000000000003,0.0015400000000000001,-2.8729,-1.221,-8.9366,0.32986036453817114,0.7378778438500165,0.32999998331069946,0.44999998807907104,1.3899999856948853,1.6100000143051147,0.26796302904813407,0.3654041393200958,1.1286928041841149,1.3073348558158853,0.7673487070920575,0.0,-3.4000000953674316,0.0,2248.0,2496.0,0.0,0.0,0.0,,,,,
pylon_camera_1771859710382614156.png,1771859710382614156,1771859710.3826144,42.30098234991744,-83.69836836061565,237.4140167236328,-0.02394657177255649,-0.9995077730989778,0.004819823353621133,-0.019686099611253328,0.05097,0.03635000000000001,0.006630000000000001,-2.059,-1.3792,-8.5556,0.16811874017005232,0.37607153463599685,0.29999998211860657,0.3799999952316284,1.2400000095367432,1.1200000047683716,0.24360275148014365,0.3085634997280383,1.0068914405439235,0.9094503302719618,0.6171270055060168,0.0,-6.300000190734863,0.0,2108.0,2388.0,0.0,0.0,0.0,,,,,
pylon_camera_1771859710433199134.png,1771859710433199134,1771859710.4331992,42.30098234797533,-83.69836839700929,237.41229248046875,-0.024140799252930056,-0.9995009815503293,0.00553849904064598,-0.019604456629418836,0.046000000000000006,0.029380000000000003,-0.006060000000000001,-4.027,0.2326,-9.4604,-0.013219471239128104,0.029571163993655225,0.25999999046325684,0.32999998331069946,0.85999995470047,1.059999942779541,0.21112238945607664,0.26796302904813407,0.698327892416364,0.8607297267364598,0.5095357594142587,0.0,-9.800000190734863,0.0,1980.0,2208.0,0.0,0.0,0.0,,,,,
pylon_camera_1771859710482819407.png,1771859710482819407,1771859710.4828193,42.30098234708647,-83.69836833280854,237.4105682373047,-0.023867106984375552,-0.9995119331096799,0.0058133095415936736,-0.019299279979335067,-0.00272,0.027500000000000004,-0.018670000000000003,-3.1563000000000003,-0.4475,-8.8635,-0.1621324227176771,0.36268050167408067,0.23999999463558197,0.29999998211860657,0.6599999666213989,0.7999999523162842,0.1948822084440431,0.24360275148014365,0.5359260580962681,0.6496073372803831,0.4060045888252095,0.0,-14.90000057220459,0.0,1952.0,2144.0,0.0,0.0,0.0,,,,,
pylon_camera_1771859710532882880.png,1771859710532882880,1771859710.532883,42.30098233996125,-83.69836824287597,237.4077911376953,-0.023531948220280263,-0.9995384288151071,0.005318975414534477,-0.01846307762331802,-0.027010000000000003,0.04061000000000001,-0.004900000000000001,-0.6691,-0.6665,-8.8345,-0.20279693940547486,0.453644585633683,0.2199999988079071,0.26999998092651367,0.5299999713897705,0.6200000047683716,0.17864202743200958,0.21924247391215326,0.4303648633682299,0.5034457202719618,0.33292377124608863,0.0,-17.700000762939453,0.0,1920.0,2040.0,0.0,0.0,0.0,,,,,
pylon_camera_1771859710582786131.png,1771859710582786131,1771859710.582786,42.3009823291605,-83.69836809180565,237.40155029296875,-0.02357824101274808,-0.9995597773504974,0.004701780421187942,-0.01738422602935391,-0.013080000000000001,0.05618000000000001,0.005370000000000001,0.1198,-0.8083,-9.3222,-0.18087206344292958,0.4045999535980269,0.20999999344348907,0.25,0.4599999785423279,0.5199999809265137,0.17052193087605266,0.203002305,0.3735242237761724,0.4222447789121533,0.2923233096410946,0.0,-19.200000762939453,0.0,1724.0,2036.0,0.0,0.0,0.0,,,,,
pylon_camera_1771859710634255764.png,1771859710634255764,1771859710.634256,42.30098231091577,-83.69836797622814,237.39405822753906,-0.02388118970706765,-0.9995757858519498,0.004277534989939467,-0.01611334264023567,-0.00867,0.04487,0.010730000000000002,1.2741,-0.0115,-9.9681,-0.11782494319563605,0.2635673284320461,0.1899999976158142,0.2199999988079071,0.3799999952316284,0.429999977350235,0.15428174986401916,0.17864202743200958,0.3085634997280383,0.349163946208182,0.24766280580806227,0.0,-18.200000762939453,0.0,1024.0,1772.0,0.0,0.0,0.0,,,,,
pylon_camera_1771859710684407579.png,1771859710684407579,1771859710.6844075,42.300982306145336,-83.69836792435545,237.38958740234375,-0.024180879232437502,-0.9995824820798451,0.004048619010188482,-0.015289057614919289,-0.00642,0.029750000000000002,0.01264,-0.2485,0.3179,-11.2713,-0.08849050752515279,0.1979479559033153,0.17999999225139618,0.20999999344348907,0.32999998331069946,0.3700000047683716,0.14616165330806227,0.17052193087605266,0.26796302904813407,0.3004434152719617,0.22127250712605268,0.0,-16.200000762939453,0.0,840.0,792.0,0.0,0.0,0.0,,,,,
pylon_camera_1771859710734990866.png,1771859710734990866,1771859710.7349908,42.30098230635611,-83.69836787536616,237.386474609375,-0.024279498636095576,-0.99958556261505,0.0038909222001686132,-0.014968957277181253,-0.0085,0.00442,0.0007400000000000001,-0.098,0.7983,-10.9511,-0.04597948704627266,0.10285335375328916,0.17000000178813934,0.1899999976158142,0.3199999928474426,0.32999998331069946,0.13804156885198562,0.15428174986401916,0.2598429445920575,0.26796302904813407,0.2050323230890491,0.0,-14.0,0.0,816.0,828.0,0.0,0.0,0.0,,,,,
pylon_camera_1771859710793497304.png,1771859710793497304,1771859710.7934973,42.300982326119936,-83.69836786664062,237.38668823242188,-0.024097970764016652,-0.9995875687078661,0.003954087628899257,-0.015111104551842058,0.012920000000000001,0.00103,-0.007540000000000001,-0.446,0.1762,-10.6164,-0.0015261443884695609,0.0034138934283430996,0.14999999105930328,0.17999999225139618,0.29999998211860657,0.28999999165534973,0.12180137574007183,0.14616165330806227,0.24360275148014365,0.23548266702406706,0.1867621118880862,0.0,-11.5,0.0,816.0,856.0,0.0,0.0,0.0,,,,,
pylon_camera_1771859710844849112.png,1771859710844849112,1771859710.844849,42.300982344260824,-83.69836788082016,237.38803100585938,-0.023887915601739307,-0.9995857667858059,0.00426053041702742,-0.015476117342610207,0.017480000000000002,-0.019430000000000003,-0.006340000000000001,-0.5435,-0.3216,-10.1484,0.03185219885410928,0.07125145770471122,0.14999999105930328,0.1599999964237213,0.26999998092651367,0.25999999046325684,0.12180137574007183,0.12992147229602874,0.21924247391215326,0.21112238945607664,0.1705219278510826,0.0,-10.0,0.0,816.0,856.0,0.0,0.0,0.0,,,,,
pylon_camera_1771859710885998133.png,1771859710885998133,1771859710.885998,42.300982360372686,-83.69836789990394,237.38967895507812,-0.02383211454416717,-0.9995813527408206,0.004528053027996694,-0.015768522599181784,0.011880000000000002,-0.024040000000000002,0.0005000000000000001,0.20500000000000002,-0.1399,-9.5074,0.03704979853303352,0.08287817633048401,0.14000000059604645,0.14999999105930328,0.25,0.23999999463558197,0.11368129128399522,0.12180137574007183,0.203002305,0.1948822084440431,0.15834179511702753,0.0,-9.40000057220459,0.0,800.0,844.0,0.0,0.0,0.0,,,,,
pylon_camera_1771859710936846334.png,1771859710936846334,1771859710.9368463,42.300982382353475,-83.69836792367016,237.3919677734375,-0.023825165621970457,-0.9995732297311003,0.0048082260286927605,-0.01620496376051395,0.00538,-0.013460000000000001,0.00204,-0.5123,-0.1285,-9.339500000000001,0.016082609779774496,0.03597583312076876,0.12999999523162842,0.14999999105930328,0.2199999988079071,0.2199999988079071,0.10556119472803832,0.12180137574007183,0.17864202743200958,0.17864202743200958,0.14616165633303232,0.0,-9.100000381469727,0.0,776.0,852.0,0.0,0.0,0.0,,,,,
pylon_camera_1771859710996778053.png,1771859710996778053,1771859710.996778,42.300982397668875,-83.69836792815768,237.39292907714844,-0.02383425809389461,-0.9995676620768573,0.00496348959412138,-0.01648577697193951,0.0012200000000000002,-0.0023800000000000006,0.00048,-0.6412,-0.0313,-9.204,-0.010021216223763462,0.02241685941958544,0.11999999731779099,0.14000000059604645,0.20999999344348907,0.19999998807907104,0.09744110422202155,0.11368129128399522,0.17052193087605266,0.16240183432009578,0.13601154017554132,0.0,-8.800000190734863,0.0,496.0,836.0,0.0,0.0,0.0,,,,,
pylon_camera_1771859711039116650.png,1771859711039116650,1771859711.0391166,42.30098241113784,-83.69836792064572,237.39260864257812,-0.023758530861386074,-0.9995705080253459,0.004928492291253555,-0.016432944379982006,-0.0027500000000000003,0.006110000000000001,-0.0037200000000000006,-0.5546,-0.0674,-9.3132,-0.029296482932105638,0.0655344745301444,0.11999999731779099,0.12999999523162842,0.1899999976158142,0.17999999225139618,0.09744110422202155,0.10556119472803832,0.15428174986401916,0.14616165330806227,0.12586142553053534,0.0,-8.5,0.0,0.0,652.0,0.0,0.0,0.0,,,,,
pylon_camera_1771859711089045166.png,1771859711089045166,1771859711.0890453,42.30098241460943,-83.69836790595548,237.39154052734375,-0.02369604830516825,-0.9995763534768513,0.004795628220940526,-0.016205332906382833,-0.005420000000000001,0.009580000000000002,-0.00079,-0.38720000000000004,-0.14400000000000002,-9.7125,-0.03581411983240822,0.08011403721790725,0.0,0.11999999731779099,0.17999999225139618,0.17999999225139618,0.0,0.09744110422202155,0.14616165330806227,0.14616165330806227,0.09744110270953651,0.0,-8.0,0.0,0.0,428.0,0.0,0.0,0.0,,,,,
pylon_camera_1771859711139895360.png,1771859711139895360,1771859711.1398952,42.3009824219049,-83.69836788216574,237.38978576660156,-0.023678109863208008,-0.9995811674580469,0.004665347116049265,-0.015970952156974166,-0.00429,0.01093,0.00198,-0.38770000000000004,-0.2034,-10.0973,-0.03728903622982677,0.08341333670394871,0.0,0.11999999731779099,0.17000000178813934,0.1599999964237213,0.0,0.09744110422202155,0.13804156885198562,0.12992147229602874,0.09135103634250898,0.0,-7.900000095367432,0.0,0.0,208.0,0.0,0.0,0.0,,,,,
pylon_camera_1771859711189854370.png,1771859711189854370,1771859711.1898544,42.30098242393617,-83.69836786522838,237.3888702392578,-0.023751521543114884,-0.9995812217868741,0.004522361193029073,-0.015899513347470463,-0.0032700000000000003,0.0009500000000000001,0.0046300000000000004,-0.4093,0.0188,-10.1495,-0.04009160415111928,0.08968251298980477,0.0,0.0,0.1599999964237213,0.14999999105930328,0.0,0.0,0.12992147229602874,0.12180137574007183,0.06293071200902514,0.0,-7.800000190734863,0.0,0.0,0.0,0.0,0.0,0.0,,,,,
pylon_camera_1771859711249290636.png,1771859711249290636,1771859711.2492907,42.30098243320185,-83.69836783697895,237.3885498046875,-0.023815151114049082,-0.9995785148053827,0.0044839092760161885,-0.01598517671109203,0.0005600000000000002,-0.00338,0.00034,-0.34650000000000003,0.0071,-9.9597,-0.044998105012664665,0.10065806102703011,0.0,0.0,0.14999999105930328,0.14999999105930328,0.0,0.0,0.12180137574007183,0.12180137574007183,0.06090068787003591,0.0,-7.700000286102295,0.0,0.0,0.0,0.0,0.0,0.0,,,,,
pylon_camera_1771859711290714366.png,1771859711290714366,1771859711.2907143,42.300982444433586,-83.69836781831367,237.38888549804688,-0.023813686700378756,-0.9995772136895329,0.004500741762093951,-0.01606379537957595,0.0028700000000000006,-0.0018100000000000002,-0.00151,-0.3,-0.0269,-9.826,-0.04661321144793779,0.10427095721634998,0.0,0.0,0.14000000059604645,0.14000000059604645,0.0,0.0,0.11368129128399522,0.11368129128399522,0.05684064564199761,0.0,-7.5,13.800000190734863,0.0,0.0,0.0,0.0,0.0,,,,,
pylon_camera_1771859711372820920.png,1771859711372820920,1771859711.372821,42.30098246229162,-83.69836777059467,237.389404296875,-0.023729649869024372,-0.9995777920705453,0.00460624320654725,-0.01612215370194631,0.0022800000000000003,0.0009100000000000001,-0.00158,-0.2538,-0.10540000000000001,-9.6347,-0.04336300732059548,0.09700044559573287,0.0,0.0,0.12999999523162842,0.11999999731779099,0.0,0.0,0.10556119472803832,0.09744110422202155,0.05075057473751497,0.0,-7.300000190734863,21.600000381469727,0.0,0.0,0.0,0.0,0.0,,,,,
pylon_camera_1771859711402494746.png,1771859711402494746,1771859711.4024947,42.300982466684495,-83.69836776305272,237.3894500732422,-0.023729906934939593,-0.9995790152316376,0.004640710659145268,-0.01603582333361633,0.0021500000000000004,0.008690000000000002,0.0008700000000000001,0.021400000000000002,-0.24880000000000002,-9.5579,-0.037776415255822135,0.08450357434235878,0.0,0.0,0.11999999731779099,0.11999999731779099,0.0,0.0,0.09744110422202155,0.09744110422202155,0.04872055211101078,0.0,-7.300000190734863,23.100000381469727,0.0,0.0,0.0,0.0,0.0,,,,,
pylon_camera_1771859711442663722.png,1771859711442663722,1771859711.4426637,42.300982470590505,-83.69836775448783,237.38893127441406,-0.023761257583542195,-0.9995814331035582,0.004678772317925439,-0.015826254208828407,0.0023000000000000004,0.012210000000000002,0.0021600000000000005,0.48400000000000004,-0.22740000000000002,-9.5662,-0.01163143427316759,0.026018820583019513,0.0,0.0,0.11999999731779099,0.0,0.0,0.0,0.09744110422202155,0.0,0.02436027605550539,0.0,-7.300000190734863,26.125,0.0,0.0,0.0,0.0,0.0,,,,,
