image_filename,timestamp_ns,timestamp_sec,latitude,longitude,altitude,orientation_x,orientation_y,orientation_z,orientation_w,angular_velocity_x,angular_velocity_y,angular_velocity_z,linear_acceleration_x,linear_acceleration_y,linear_acceleration_z,vehicle_speed_mps,vehicle_speed_mph,wheel_speed_fl_rads,wheel_speed_fr_rads,wheel_speed_rl_rads,wheel_speed_rr_rads,wheel_speed_fl_mph,wheel_speed_fr_mph,wheel_speed_rl_mph,wheel_speed_rr_mph,avg_wheel_speed_mph,wheel_slip,steering_angle_deg,throttle_pedal,brake_pedal,brake_torque_actual,abs_active,esc_active,trac_active,marwis_road_condition,marwis_friction,marwis_surface_temp_c,marwis_ice_percent,marwis_water_film_height
pylon_camera_1771859964428805919.png,1771859964428805919,1771859964.4288058,42.300968885327606,-83.69729928005151,238.8634033203125,-0.027379134448094478,-0.9995468709216326,-0.009514208220095344,-0.008118846567774153,0.0004000000000000001,-0.0034200000000000003,-0.0036200000000000004,2.6596,0.20700000000000002,-10.019,0.8437758842946328,1.887476026614036,2.240000009536743,2.169999837875366,15.829999923706055,2.7300000190734863,1.8189006605439235,1.7620598757533026,12.854105890648613,2.216785186087847,4.662962903258421,1.4704753000881086,-6.400000095367432,56.82500076293945,0.0,0.0,0.0,0.0,0.0,,,,,
pylon_camera_1771859964467322476.png,1771859964467322476,1771859964.4673223,42.300968885327606,-83.69729928005151,238.8634033203125,-0.027379134448094478,-0.9995468709216326,-0.009514208220095344,-0.008118846567774153,0.0004000000000000001,-0.0034200000000000003,-0.0036200000000000004,2.6596,0.20700000000000002,-10.019,0.8437758842946328,1.887476026614036,2.440000057220459,2.3999998569488525,20.68000030517578,5.75,1.9813025432635405,1.9488220118411492,16.79235091740555,4.669053015,6.34788212187756,2.363159071887708,-6.300000190734863,58.47500228881836,0.0,0.0,0.0,0.0,0.0,,,,,
pylon_camera_1771859964514847049.png,1771859964514847049,1771859964.514847,42.300968885327606,-83.69729928005151,238.8634033203125,-0.02730740851133201,-0.9995444791388577,-0.009678068548986191,-0.008454268305775557,-0.01314,0.00839,-0.0061400000000000005,2.4267000000000003,0.21150000000000002,-8.9357,1.0906273459470592,2.439667935242815,2.7899999618530273,2.7799999713897705,30.60999870300293,11.380000114440918,2.2655056928243065,2.2573856083682298,24.85560117102642,9.240665016527082,9.65478937218651,2.957419463819608,-5.900000095367432,59.22500228881836,0.0,436.0,0.0,0.0,0.0,,,,,
pylon_camera_1771859964574694020.png,1771859964574694020,1771859964.5746942,42.300968885327606,-83.69729928005151,238.8634033203125,-0.027162921453380562,-0.9995455460230149,-0.01014306827548676,-0.008245925638109839,-0.026620000000000005,0.020810000000000002,-0.005370000000000001,2.4498,0.5222,-9.6945,1.2453978311240903,2.785880224354723,3.4099998474121094,3.3299999237060547,39.32999801635742,13.210000038146973,2.7689513162972257,2.703990640648613,31.93632101186394,10.726641827175694,12.033976198996367,3.3196315813554853,-5.5,60.650001525878906,0.0,440.0,0.0,0.0,0.0,,,,,
pylon_camera_1771859964626745930.png,1771859964626745930,1771859964.626746,42.30096895442396,-83.69730201795544,238.86622619628906,-0.026923841029490414,-0.9995521726761316,-0.010475699999216631,-0.00779875580910233,0.00319,0.00935,-0.005710000000000001,2.7429,-0.315,-10.2924,1.3824726237294673,3.092508310925395,3.759999990463257,4.089999675750732,39.27000045776367,10.579999923706055,3.0531546594560766,3.321117446506605,31.88760244110832,8.591057485648614,11.713233008179904,2.7876156926720963,-5.5,62.375,0.0,456.0,0.0,0.0,0.0,,,,,
pylon_camera_1771859964674375986.png,1771859964674375986,1771859964.674376,42.30096896520521,-83.69730272011363,238.86636352539062,-0.026966570646964005,-0.9995501359705912,-0.010608204686259422,-0.007732770658009376,-0.003790000000000001,-0.0017100000000000001,0.004000000000000001,2.0383,0.10060000000000001,-9.7772,1.495319105515963,3.3449391198928784,4.089999675750732,6.5,31.099998474121094,8.329999923706055,3.321117446506605,5.2780599299999995,25.25348550297226,6.7640367406486135,10.15417490503187,2.0356830247353073,-5.599999904632568,64.42500305175781,0.0,432.0,0.0,0.0,0.0,,,,,
pylon_camera_1771859964725247517.png,1771859964725247517,1771859964.7252474,42.30096897629097,-83.69730384899152,238.86753845214844,-0.0272765499321585,-0.9995400367427274,-0.010541008622734289,-0.008036909192017246,0.005830000000000001,-0.00425,0.016700000000000003,2.1669,-0.0244,-9.836500000000001,1.6073370034666592,3.5955164365347088,4.309999942779541,11.779999732971191,23.869998931884766,8.460000038146973,3.4997596917364597,9.565468394770146,19.382659214080583,6.869598032175693,9.829371333190721,1.7337856763252861,-5.800000190734863,67.92500305175781,0.0,392.0,0.0,0.0,0.0,,,,,
pylon_camera_1771859964766144068.png,1771859964766144068,1771859964.766144,42.30096898412148,-83.6973046637167,238.86837768554688,-0.02755481710701696,-0.9995318679082928,-0.01040306748644079,-0.008279690624075312,0.010000000000000002,-0.009550000000000001,0.015820000000000004,2.4589000000000003,0.4067,-9.423,1.7127858817751012,3.831399250377995,4.630000114440918,15.9399995803833,19.809999465942383,5.670000076293945,3.7596027815270805,12.943426626067373,16.08590221454029,4.604092339351387,9.348255990371532,1.4399065144279233,-5.900000095367432,68.05000305175781,0.0,588.0,0.0,0.0,0.0,,,,,
pylon_camera_1771859964829438249.png,1771859964829438249,1771859964.8294382,42.30096899572177,-83.69730596639573,238.86837768554688,-0.02789291569909408,-0.9995195463205557,-0.010599438309210216,-0.008385325544243287,-0.020510000000000004,0.023990000000000004,0.0035000000000000005,1.9669,-0.1245,-9.264800000000001,1.841139122422511,4.118517748511812,5.210000038146973,20.43000030517578,16.170000076293945,5.87999963760376,4.230568067175693,16.589348612405548,13.130189149351388,4.774613919330911,9.681179937065885,1.3506466472225567,-5.900000095367432,68.4749984741211,0.0,1036.0,0.0,0.0,0.0,,,,,
pylon_camera_1771859964870910273.png,1771859964870910273,1771859964.8709102,42.300969007083694,-83.69730689111289,238.86776733398438,-0.02807219899746033,-0.9995109506827426,-0.01100534076136351,-0.008288159231876606,-0.005000000000000001,-0.026340000000000002,0.0041,1.8899000000000001,-1.0917000000000001,-9.7562,1.9670137575613864,4.400091754839368,5.559999942779541,22.119998931884766,18.869998931884766,14.889999389648438,4.5147712167364595,17.961643079080584,15.322613114080582,12.090816790188905,12.472461050021632,1.834591127856369,-5.800000190734863,68.2249984741211,0.0,1068.0,0.0,0.0,0.0,,,,,
pylon_camera_1771859964920724050.png,1771859964920724050,1771859964.920724,42.3009690164467,-83.69730787364982,238.86695861816406,-0.028513694961656455,-0.999496528327495,-0.01141226699780585,-0.007963618705657673,0.0079,0.00708,0.026870000000000005,2.9046000000000003,1.8692000000000002,-10.3602,2.048521356288123,4.582419362735155,5.869999885559082,21.920000076293945,25.18000030517578,25.299999237060547,4.766494028472919,17.799242164351387,20.44639240740555,20.54383264648613,15.888990311678997,2.4673802316938485,-5.400000095367432,68.2249984741211,0.0,816.0,0.0,0.0,0.0,,,,,
pylon_camera_1771859964993994932.png,1771859964993994932,1771859964.993995,42.30096903256782,-83.69730997453497,238.8690948486328,-0.029531855880533087,-0.9994726454540508,-0.010415491332701143,-0.008591741245586856,0.04037,-0.02415,0.03164000000000001,2.7742,-0.46090000000000003,-10.209900000000001,2.218788140800383,4.9632959436820085,9.9399995803833,11.15999984741211,42.790000915527344,45.15999984741211,8.071371306067372,9.062022771297226,34.74587526721665,36.67033625129722,22.137401398969615,3.46022192715493,-2.200000047683716,68.4749984741211,0.0,676.0,0.0,0.0,0.0,,,,,
pylon_camera_1771859965019145449.png,1771859965019145449,1771859965.0191455,42.300969034940216,-83.69731053229678,238.87013244628906,-0.030118061701971066,-0.9994540220356061,-0.009829060303086291,-0.009378153854827424,0.03577,-0.07041000000000001,0.039060000000000004,0.9900000000000001,0.0684,-9.9635,2.284224991293886,5.109674252024946,14.1899995803833,7.389999866485596,47.89999771118164,49.29999923706055,11.522410491067372,6.0007480273850735,38.89523977945839,40.03205392648613,24.112613056099242,3.719011793470689,0.10000000149011612,68.42500305175781,0.0,612.0,0.0,0.0,0.0,,,,,
pylon_camera_1771859965068996098.png,1771859965068996098,1771859965.0689962,42.30096904245098,-83.69731165435057,238.87229919433594,-0.03072052979766804,-0.9994344949307461,-0.009184124762470216,-0.010128733574464949,0.026330000000000003,-0.05104,0.024040000000000002,0.8749,-0.6286,-9.8521,2.3404204022132955,5.23538001452701,18.989999771118164,6.579999923706055,54.97999954223633,54.939998626708984,15.42005490194584,5.343020605648613,44.64426654389168,44.61178543167503,27.50478187079029,4.2536361819907365,1.899999976158142,69.0250015258789,0.0,488.0,0.0,0.0,0.0,,,,,
pylon_camera_1771859965122507105.png,1771859965122507105,1771859965.122507,42.30096905055272,-83.69731341243126,238.8759307861328,-0.03144887357545734,-0.9994022949972055,-0.009007676176574895,-0.011175100672990507,0.006710000000000001,-0.04614000000000001,0.0177,0.4213,0.15960000000000002,-9.6584,2.4343964508468336,5.4455987967573165,26.3799991607666,6.949999809265137,54.27000045776367,56.02000045776367,21.420802542134744,5.643463924121533,44.067740741108324,45.48875687610832,29.15519102086823,4.353899930753113,1.3000000715255737,68.42500305175781,0.0,524.0,0.0,0.0,0.0,,,,,
pylon_camera_1771859965178739957.png,1771859965178739957,1771859965.17874,42.30096905907576,-83.69731463104984,238.87757873535156,-0.03184615964944276,-0.9993768357957422,-0.00934378256347637,-0.012018981565782513,-0.023590000000000003,-0.04714000000000001,0.012690000000000002,0.9201,0.0879,-10.2796,2.5510816285137503,5.706616538087549,31.170000076293945,6.980000019073486,50.119998931884766,52.03999710083008,25.310327449351387,5.667824371087846,40.69790123908058,42.2569574546473,28.483252628541777,3.9912680199268014,-0.800000011920929,68.82500457763672,0.0,332.0,0.0,0.0,0.0,,,,,
pylon_camera_1771859965221311276.png,1771859965221311276,1771859965.2213113,42.30096907290731,-83.69731587813374,238.8789825439453,-0.031929842641448325,-0.999365442070256,-0.009967278067696997,-0.012241393406615406,-0.034690000000000006,-0.0018800000000000004,0.0058400000000000014,3.0795000000000003,0.24080000000000001,-8.448400000000001,2.612513192307761,5.844035260400924,32.31999969482422,7.589999675750732,46.36000061035156,46.77000045776367,26.24413774259445,6.163149716506606,37.64474793481109,37.977671591108326,27.00742674625512,3.621366152469502,-1.8000000715255737,68.92500305175781,0.0,556.0,0.0,0.0,0.0,,,,,
pylon_camera_1771859965271289597.png,1771859965271289597,1771859965.2712896,42.300969096810405,-83.69731782537198,238.8798828125,-0.031940085743691005,-0.9993447605648136,-0.011136819536840313,-0.012878342476619606,-0.01946,0.0058400000000000014,-0.004320000000000001,1.8398,1.3047,-9.9024,2.7127285085563226,6.068210909929981,32.38999938964844,8.229999542236328,39.869998931884766,36.97999954223633,26.300978140188906,6.682835508891679,32.37480673408058,30.02810058389168,23.84668024176321,2.92977116249217,-1.8000000715255737,68.9749984741211,0.0,564.0,0.0,0.0,0.0,,,,,
pylon_camera_1771859965324252197.png,1771859965324252197,1771859965.3242521,42.300969119097154,-83.69731916822445,238.88011169433594,-0.031744655544950984,-0.9993467176666468,-0.011401626463047501,-0.012977582487835862,0.00445,-0.00111,-0.013000000000000003,2.6467,1.4968000000000001,-9.908800000000001,2.8096564554209977,6.285032911389447,35.90999984741211,11.880000114440918,38.02000045776367,29.10999870300293,29.159250966297225,9.64666962652708,30.872590916108322,23.63758734102642,23.329024712489762,2.711838114676214,-1.0,69.17500305175781,0.0,484.0,0.0,0.0,0.0,,,,,
pylon_camera_1771859965385988687.png,1771859965385988687,1771859965.3859887,42.3009691816227,-83.69732127301805,238.88059997558594,-0.03105226744059486,-0.9993747842771195,-0.010257655094822595,-0.013437922079490785,0.06917000000000001,-0.0016100000000000003,-0.03409,2.689,1.1761000000000001,-10.2664,2.9433291981545033,6.584050816519735,38.57999801635742,17.889999389648438,34.25,18.049999237060547,31.327314096863937,14.526844450188904,27.811315785,14.65676580148613,22.080560033384742,2.3536436228565307,-0.5,70.6500015258789,0.0,420.0,0.0,0.0,0.0,,,,,
pylon_camera_1771859965426020928.png,1771859965426020928,1771859965.4260209,42.30096922991787,-83.69732273346288,238.88136291503906,-0.030437604978111377,-0.9993903697309727,-0.009442291394079094,-0.01425777771658106,0.029870000000000004,-0.030950000000000005,-0.03721000000000001,0.40040000000000003,0.9256000000000001,-9.367600000000001,3.0300667946880595,6.778077615709508,42.43000030517578,21.899999618530273,29.5,10.149999618530273,34.45355145240555,17.783001608243065,23.95427199,8.241893273243065,21.10817958097292,2.1141838110632762,-0.10000000149011612,72.30000305175781,0.0,240.0,0.0,0.0,0.0,,,,,
pylon_camera_1771859965475272719.png,1771859965475272719,1771859965.4752727,42.30096927645035,-83.69732422913111,238.88232421875,-0.029365485363474497,-0.9994194891586532,-0.009068541324959697,-0.014700833903610868,0.010210000000000002,-0.022830000000000003,-0.04233,1.1332,0.2806,-10.597000000000001,3.117772190171026,6.974269323081176,43.34000015258789,23.399999618530273,27.219999313354492,8.869999885559082,35.19247971870278,19.001015438243066,22.102890410837517,7.2025216884729195,20.87472681406407,1.9931059222189291,0.4000000059604645,72.70000457763672,0.0,324.0,0.0,0.0,0.0,,,,,
pylon_camera_1771859965526444082.png,1771859965526444082,1771859965.526444,42.30096934679284,-83.69732653494165,238.8847198486328,-0.028374663806706835,-0.9994404492579787,-0.00915001094188064,-0.015163909147358363,-0.004110000000000001,-0.026500000000000003,-0.05226000000000001,2.4545,0.3239,-10.831000000000001,3.2077217782057845,7.175481154539648,38.11000061035156,15.9399995803833,22.06999969482422,9.559999465942383,30.945671869811097,12.943426626067373,17.921043237594454,7.762807709540291,17.393237360753304,1.4239820279855766,0.699999988079071,72.9000015258789,0.0,416.0,0.0,0.0,0.0,,,,,
pylon_camera_1771859965586573953.png,1771859965586573953,1771859965.586574,42.30096939166839,-83.6973281152392,238.8873748779297,-0.026672716605582125,-0.9994650267898249,-0.009591077387563983,-0.016316790353464533,-0.02593,-0.03901000000000001,-0.06269000000000001,2.2054,0.47540000000000004,-10.0093,3.328819358629223,7.4463691760920545,33.439998626708984,11.139999389648438,19.270000457763672,12.670000076293945,27.153587201675034,9.045782215188904,15.647418041108322,10.288156879351387,15.533736084330911,1.0860819168360392,0.6000000238418579,72.875,0.0,480.0,0.0,0.0,0.0,,,,,
pylon_camera_1771859965635628432.png,1771859965635628432,1771859965.6356285,42.300969458107815,-83.69733057751289,238.8909454345703,-0.02502644831018974,-0.9994796524847436,-0.01056642175796113,-0.01739114387228512,-0.07024000000000001,-0.03246,-0.06501000000000001,1.7807000000000002,-0.0373,-8.1224,3.4333076749097917,7.68010327031271,31.349998474121094,9.559999465942383,16.350000381469727,18.770000457763672,25.456487807972263,7.762807709540291,13.276351056756935,15.241413431108322,15.434265001344453,1.0096428990747175,0.5,72.1500015258789,0.0,480.0,0.0,0.0,0.0,,,,,
pylon_camera_1771859965674339364.png,1771859965674339364,1771859965.6743393,42.30096949755091,-83.69733227245425,238.89102172851562,-0.023723776379190153,-0.9994944328362365,-0.01120935845680272,-0.01795581929812282,-0.02416,-0.028630000000000003,-0.07149000000000001,1.2194,-1.1986,-9.3345,3.520994879836535,7.876254286501539,30.189998626708984,10.119999885559082,18.90999984741211,21.719999313354492,24.514557236675035,8.21753321347292,15.355094226297227,17.63683970083752,16.431006094320676,1.0861446947542588,0.20000000298023224,72.07500457763672,0.0,412.0,0.0,0.0,0.0,,,,,
pylon_camera_1771859965725338659.png,1771859965725338659,1771859965.7253387,42.300969538743644,-83.69733400210471,238.889892578125,-0.022880702020183996,-0.9995039879875105,-0.011833317630008245,-0.018116955207581453,-0.027350000000000003,-0.00135,-0.04079,2.1865,0.937,-8.9334,3.5940301954581253,8.0396299054281,27.78999900817871,10.559999465942383,26.989999771118164,29.17999839782715,22.56573541843197,8.57481692954029,21.91612866194584,23.694427738620874,19.187777187134742,1.3866493125734272,-1.100000023841858,70.2249984741211,0.0,268.0,0.0,0.0,0.0,,,,,
pylon_camera_1771859965777452990.png,1771859965777452990,1771859965.777453,42.300969588687735,-83.69733666254969,238.88653564453125,-0.022179358675988026,-0.9995102972728579,-0.012603502167175583,-0.01812162871727816,-0.030340000000000002,0.010260000000000002,-0.01818,2.2209000000000003,-0.14020000000000002,-9.761800000000001,3.6920921773523716,8.258988675206615,27.44999885559082,10.800000190734863,38.55999755859375,39.27000045776367,22.289652159729197,8.769699730878468,31.31107354075562,31.88760244110832,23.564506968117904,1.8531952149127255,-2.9000000953674316,65.9749984741211,0.0,428.0,0.0,0.0,0.0,,,,,
pylon_camera_1771859965834917557.png,1771859965834917557,1771859965.8349175,42.30096961922728,-83.69733848315367,238.8846893310547,-0.02203421734842309,-0.9995090353155454,-0.012644139447105178,-0.018338683869697003,0.04027000000000001,0.004670000000000001,0.004280000000000001,2.3293,1.9538000000000002,-10.3557,3.8246655383550316,8.555547329367904,26.219999313354492,10.90999984741211,51.75,54.0,21.290881190837517,8.859020466297226,42.021477135,43.848497880000004,29.004969168033682,2.390194461138772,-5.400000095367432,58.29999923706055,0.0,496.0,0.0,0.0,0.0,,,,,
pylon_camera_1771859965878000265.png,1771859965878000265,1771859965.8780005,42.30096964779043,-83.69734035769824,238.88430786132812,-0.022170677746789602,-0.999501230527839,-0.0116337426766727,-0.019245967185783655,0.05308,-0.017060000000000002,0.011860000000000002,0.5833,1.3782,-9.5097,3.903380032244426,8.731626929328847,24.90999984741211,11.09000015258789,55.46999740600586,60.2599983215332,20.227149546297223,9.005182373702773,45.04214932705284,48.93167423426949,30.80153887033058,2.5275830174180527,-7.700000286102295,56.25,0.0,492.0,0.0,0.0,0.0,,,,,
pylon_camera_1771859965927094938.png,1771859965927094938,1771859965.927095,42.300969690302736,-83.69734324482467,238.8844757080078,-0.022502350460858134,-0.9994809106940352,-0.01085634896340917,-0.02033944613659617,0.007180000000000001,-0.042480000000000004,0.023860000000000006,0.8078000000000001,-0.1721,-10.4247,4.010578091471332,8.971422555935881,24.219999313354492,11.579999923706055,58.119998931884766,65.80999755859375,19.666862750837517,9.403066705648614,47.19397499908058,53.43832478575562,32.42555731033058,2.61431613639427,-8.699999809265137,53.025001525878906,0.0,372.0,0.0,0.0,0.0,,,,,
pylon_camera_1771859965977309965.png,1771859965977309965,1771859965.97731,42.30096970815965,-83.69734521797285,238.88458251953125,-0.023056985326717516,-0.9994484799300091,-0.011182989762460942,-0.021119946335410755,-0.034170000000000006,-0.06051000000000001,0.029440000000000004,2.043,-0.16,-9.5009,4.118310277752457,9.212412992715581,25.439998626708984,11.779999732971191,54.459999084472656,62.31999969482422,20.657513441675032,9.565468394770146,44.222021377783356,50.60441434259445,31.262354389205747,2.393503353999158,-9.100000381469727,51.525001525878906,0.0,208.0,0.0,0.0,0.0,,,,,
pylon_camera_1771859966027994565.png,1771859966027994565,1771859966.0279946,42.30096973452035,-83.69734824116466,238.88385009765625,-0.023638501726161387,-0.9994162271221358,-0.011584121695204591,-0.0217769218588935,0.0019700000000000004,-0.024970000000000003,0.026560000000000004,2.3357,0.39130000000000004,-9.4566,4.211294854407017,9.420413911617233,24.51999855041504,11.579999923706055,52.30999755859375,58.37999725341797,19.910464897323646,9.403066705648614,42.47620031575562,47.40509603335007,29.79870698801949,2.1632057006828322,-8.699999809265137,49.35000228881836,0.0,276.0,0.0,0.0,0.0,,,,,
pylon_camera_1771859966079941452.png,1771859966079941452,1771859966.0799413,42.3009697496913,-83.6973502971103,238.88221740722656,-0.024211614771946444,-0.9993812893810261,-0.012300069997916847,-0.022350490448734696,-0.028640000000000006,-0.019950000000000006,0.01657,2.4397,0.8686,-8.8399,4.311023482089795,9.643500868025948,21.939998626708984,17.690000534057617,48.57999801635742,52.62999725341797,17.815481171675035,14.36444353545971,39.44740629686394,42.73604301835007,28.590843505587188,1.9647784447640972,-8.90000057220459,45.375,0.0,412.0,0.0,0.0,0.0,,,,,
pylon_camera_1771859966131210789.png,1771859966131210789,1771859966.1312108,42.30096976988609,-83.69735345917181,238.8781280517578,-0.024757678192743438,-0.9993525657811952,-0.012632135207938492,-0.022845914232850373,-0.03588,-0.006360000000000001,0.03542,1.6174000000000002,-0.5099,-8.827,4.367351559855589,9.769503398303362,20.049999237060547,19.68000030517578,44.2599983215332,48.05999755859375,16.28078424148613,15.980341697405548,35.93952671426948,39.02516113075562,26.806453445979198,1.7438911020425654,-9.0,34.25,0.0,172.0,0.0,0.0,0.0,,,,,
pylon_camera_1771859966181778031.png,1771859966181778031,1771859966.181778,42.30096977842635,-83.69735561674922,238.8746337890625,-0.02553383068686982,-0.9993235468814757,-0.013050678389501271,-0.023025028387714835,-0.013250000000000001,-0.024280000000000003,0.030680000000000006,1.8997000000000002,0.6721,-10.744,4.476829863896238,10.014399795744051,21.829999923706055,22.889999389648438,38.71999740600586,42.849998474121094,17.726161210648613,18.5868905501889,31.440994892052842,34.794593837972265,25.637160122715656,1.5600296219061487,-8.699999809265137,32.22500228881836,0.0,0.0,0.0,0.0,0.0,,,,,
pylon_camera_1771859966232305077.png,1771859966232305077,1771859966.232305,42.30096980969413,-83.69735892357814,238.86868286132812,-0.02627329449923016,-0.9993106179624978,-0.012222324159031291,-0.023208136842920293,0.03824,-0.034350000000000006,0.02517,2.197,-0.028300000000000002,-9.703800000000001,4.594294011280695,10.277160045594238,22.44999885559082,22.549999237060547,35.5,37.79999923706055,18.229606059729196,18.31080729148613,28.82632731,30.69394789648613,24.015172139425367,1.3367517906584065,-8.0,33.17499923706055,0.0,0.0,0.0,0.0,0.0,,,,,
pylon_camera_1771859966289149078.png,1771859966289149078,1771859966.2891493,42.30096982602132,-83.69736118979854,238.865234375,-0.027289504657673547,-0.9992670900543141,-0.011507474523884204,-0.02425167416910107,0.008700000000000001,-0.05482000000000001,0.03713,0.7687,0.5901000000000001,-10.507100000000001,4.711401188349602,10.539121774266759,22.969999313354492,15.1899995803833,31.639999389648438,30.849998474121094,18.651851225837518,12.33441971106737,25.691971225188905,25.050483197972262,20.432181340016513,0.9386986674644479,-4.900000095367432,32.82500076293945,0.0,0.0,0.0,0.0,0.0,,,,,
pylon_camera_1771859966331191617.png,1771859966331191617,1771859966.3311915,42.300969840638054,-83.69736347925904,238.86251831054688,-0.028063066983191387,-0.9992370781979549,-0.011218559303759163,-0.02473600115336495,0.0011200000000000003,-0.025300000000000003,0.045660000000000006,1.6544,0.5271,-9.6045,4.782746320662076,10.698716554541825,24.469999313354492,13.799999237060547,27.15999984741211,26.28999900817871,19.869865055837515,11.20572661648613,22.054170291297226,21.34772158843197,18.61937088801321,0.7403368706042507,-2.1000001430511475,33.25,0.0,40.0,0.0,0.0,0.0,,,,,
pylon_camera_1771859966381442489.png,1771859966381442489,1771859966.3814425,42.30096985493811,-83.69736700046286,238.8579559326172,-0.028845083286712037,-0.9992122019716494,-0.01178030841027601,-0.024579685411108335,-0.041330000000000006,0.05028000000000001,0.04551000000000001,0.2238,0.0427,-9.9661,4.868287081729886,10.89006610460485,28.309999465942383,14.460000038146973,24.3799991607666,20.8799991607666,22.987980584540292,11.741653352175694,19.796784102134744,16.954751832134743,17.870292467746367,0.6409719000869919,1.0,33.25,0.0,232.0,0.0,0.0,0.0,,,,,
pylon_camera_1771859966432463867.png,1771859966432463867,1771859966.432464,42.300969864305436,-83.69736939400349,238.85389709472656,-0.029562188217918395,-0.9992036143442289,-0.012398679618402027,-0.02375893206603109,-0.04551000000000001,0.04424,0.036710000000000007,0.7449,-1.7549000000000001,-10.841700000000001,4.990336842879777,11.163084097311488,31.099998474121094,14.50999927520752,19.279998779296875,16.029998779296875,25.25348550297226,11.782253193661825,15.65553677037781,13.016506805377809,16.426945568097423,0.4715418628847991,2.1000001430511475,32.45000076293945,0.0,420.0,0.0,0.0,0.0,,,,,
pylon_camera_1771859966481997068.png,1771859966481997068,1771859966.481997,42.300969883016556,-83.69737307844352,238.8483428955078,-0.030107967497429444,-0.9991906877684518,-0.01343677456731993,-0.02304198036647888,-0.04845000000000001,0.027290000000000005,0.00446,1.5926,-2.4786,-10.3103,5.135643504557267,11.488126381084333,23.459999084472656,15.149999618530273,14.929999351501465,15.09999942779541,19.049735557783357,12.301939373243066,12.123297128013212,12.261338757364596,13.934077704101059,0.21291124782924425,1.0,31.649999618530273,0.0,516.0,0.0,0.0,0.0,,,,,
pylon_camera_1771859966533193966.png,1771859966533193966,1771859966.533194,42.300969917571685,-83.69737560601894,238.8438262939453,-0.030522698190286746,-0.9991823444568309,-0.014085901627402773,-0.02246318758054573,-0.007160000000000001,0.00792,0.0015,3.3088,-0.6606000000000001,-9.709800000000001,5.256596122966187,11.758690131307983,14.469999313354492,14.949999809265137,15.449999809265137,15.630000114440918,11.749772855837517,12.139537684121532,12.545542294121534,12.691704201527081,12.281639258901915,0.04447341683080494,-0.9000000357627869,31.399999618530273,0.0,352.0,0.0,0.0,0.0,,,,,
pylon_camera_1771859966585039593.png,1771859966585039593,1771859966.5850396,42.3009699812698,-83.69737947703109,238.83663940429688,-0.03105960442394462,-0.9991606431052579,-0.014819663565808126,-0.022219086711918953,-0.04623000000000001,-0.023620000000000006,0.029830000000000002,2.2411000000000003,3.508,-11.225900000000001,5.384515074967115,12.044837151796939,15.529999732971191,15.6899995803833,15.529999732971191,15.25999927520752,12.610502969770145,12.74042432106737,12.610502969770145,12.391260108661823,12.588172592317372,0.0451094052723971,-0.30000001192092896,31.67500114440918,0.0,256.0,0.0,0.0,0.0,,,,,
pylon_camera_1771859966636752585.png,1771859966636752585,1771859966.6367526,42.30097003189551,-83.69738211334236,238.83226013183594,-0.031195187879530573,-0.9991562553931244,-0.015029978699316536,-0.022084775349740852,-0.039810000000000005,0.0009700000000000002,0.010990000000000003,1.1488,2.9619,-9.3155,5.474273461544407,12.245621277067148,15.619999885559082,15.719999313354492,15.670000076293945,15.539999961853027,12.68358392347292,12.764784380837519,12.724184539351388,12.618623247824306,12.697794022871534,0.03692525969680181,2.200000047683716,28.475000381469727,0.0,140.0,0.0,0.0,0.0,,,,,
pylon_camera_1771859966707904662.png,1771859966707904662,1771859966.7079048,42.30097019685695,-83.6973874839601,238.82383728027344,-0.030711714896305864,-0.9991556657297389,-0.01573340846015446,-0.02229811800390436,-0.04711000000000001,-0.006150000000000001,-0.006860000000000001,0.0385,2.5633,-9.618,5.588047519049675,12.50012701726298,15.899999618530273,15.789999961853027,16.260000228881836,16.239999771118164,12.910946288243066,12.821625552824306,13.203270103054162,13.18702954694584,13.030717872766843,0.042446837121823205,5.5,24.225000381469727,0.0,36.0,0.0,0.0,0.0,,,,,
pylon_camera_1771859966748182755.png,1771859966748182755,1771859966.7481828,42.300970283208926,-83.69739021675629,238.81834411621094,-0.03041781933997384,-0.9991844817096839,-0.015080463266331874,-0.021856518588835878,0.008830000000000003,0.004000000000000001,-0.023940000000000003,0.8704000000000001,-3.4715000000000003,-10.6285,5.6549966432773076,12.64988819121274,16.35999870300293,16.279998779296875,16.369998931884766,16.309999465942383,13.28446978602642,13.219509110377807,13.292590064080583,13.24386994454029,13.260109726256275,0.048239282894802595,6.400000095367432,23.100000381469727,0.0,40.0,0.0,0.0,0.0,,,,,
pylon_camera_1771859966798333139.png,1771859966798333139,1771859966.7983332,42.30097037977395,-83.69739298291982,238.81329345703125,-0.03038471914586388,-0.9992146598282678,-0.013736785033584758,-0.02140404549721592,0.11607,0.0010700000000000002,-0.02389,1.4269,-1.1192,-9.1431,5.755872391900439,12.87554118833777,16.309999465942383,16.440000534057617,16.35999870300293,16.34000015258789,13.24386994454029,13.34943201045971,13.28446978602642,13.268230778702774,13.286500629932299,0.031917838293800134,6.400000095367432,23.225000381469727,0.0,208.0,0.0,0.0,0.0,,,,,
pylon_camera_1771859966847495224.png,1771859966847495224,1771859966.847495,42.300970535575246,-83.69739719879247,238.80316162109375,-0.030192753922707816,-0.9992501091573267,-0.012354206488504178,-0.020856426867342952,0.09345,0.024780000000000003,-0.027350000000000003,1.7665000000000002,1.3458,-8.578100000000001,5.845289048605804,13.075560884388269,16.75,16.729999542236328,16.68000030517578,16.69999885559082,13.601154435,13.58491387889168,13.544314037405549,13.560553044729195,13.572733849006607,0.03802306983342826,5.5,22.725000381469727,0.0,120.0,0.0,0.0,0.0,,,,,
pylon_camera_1771859966897347834.png,1771859966897347834,1771859966.897348,42.3009706453111,-83.69740005212901,238.7959442138672,-0.0296884655445247,-0.9992896809428334,-0.011185129609487072,-0.02033768547304645,0.030430000000000006,-0.0038100000000000005,-0.028450000000000003,0.8061,0.5308,-12.062800000000001,5.916733214699902,13.2353771972908,16.770000457763672,16.920000076293945,16.8799991607666,16.969999313354492,13.617394991108322,13.739196064351386,13.706714952134744,13.779795905837517,13.710775478357993,0.03591875576953741,4.300000190734863,21.625,0.0,32.0,0.0,0.0,0.0,,,,,
pylon_camera_1771859966948782305.png,1771859966948782305,1771859966.9487824,42.300970797640964,-83.69740438293572,238.79043579101562,-0.02908082693927716,-0.9993131672221708,-0.01085934248127457,-0.020237934721606555,-0.010400000000000001,-0.01403,-0.024030000000000003,0.5428000000000001,0.5555,-11.8291,5.9962840774635024,13.413327704241208,17.059999465942383,17.25,17.079999923706055,17.209999084472656,13.852876859540292,14.007159045000002,13.869117415648613,13.974677932783356,13.925957813243066,0.038217966511007374,3.700000047683716,20.17500114440918,0.0,32.0,0.0,0.0,0.0,,,,,
pylon_camera_1771859966995912274.png,1771859966995912274,1771859966.995912,42.3009708824927,-83.69740731631838,238.78965759277344,-0.028651974724028362,-0.9993099358245079,-0.011125173973010036,-0.02085538325952382,-0.040810000000000006,-0.03613,0.0021000000000000003,0.6718000000000001,0.6382,-9.8283,6.076761602058018,13.593351098107664,17.170000076293945,17.170000076293945,17.329999923706055,17.350000381469727,13.942198369351386,13.942198369351386,14.072119720648613,14.088360276756935,14.01121918402708,0.030740623331474717,4.0,17.625,0.0,24.0,0.0,0.0,0.0,,,,,
pylon_camera_1771859967046932497.png,1771859967046932497,1771859967.0469325,42.30097095658672,-83.69741027766388,238.7900848388672,-0.02834762422882986,-0.99930365932219,-0.011336043650114584,-0.021450006532030972,-0.03622,0.00288,-0.0031200000000000004,1.1944000000000001,-1.8492000000000002,-8.5999,6.1332307255052685,13.719669139111756,17.69999885559082,17.399999618530273,17.44999885559082,17.459999084472656,14.372562264729195,14.128960118243066,14.169559959729195,14.177680237783356,14.212190645121202,0.03589893466201568,5.300000190734863,11.225000381469727,0.0,0.0,0.0,0.0,0.0,,,,,
pylon_camera_1771859967088521035.png,1771859967088521035,1771859967.088521,42.3009710521718,-83.69741476770697,238.78843688964844,-0.02826721227481621,-0.9992944282179637,-0.011895305212585552,-0.021682069934466346,0.01755,0.0037,-0.010270000000000001,0.9953000000000001,-0.0431,-9.9046,6.190950659083036,13.848785167329208,17.60999870300293,17.600000381469727,17.559999465942383,17.600000381469727,14.29948131102642,14.291362581756935,14.258881469540292,14.291362581756935,14.285271986020145,0.03151805832909139,5.5,0.0,0.0,8.0,0.0,0.0,0.0,,,,,
pylon_camera_1771859967141903946.png,1771859967141903946,1771859967.1419039,42.300971118788446,-83.69741779340129,238.7860565185547,-0.02820649727489566,-0.99928011318697,-0.012626953426598276,-0.02200474829849618,-0.007260000000000001,-0.024080000000000004,-0.006350000000000001,0.8265,1.6825,-8.415000000000001,6.259307492600728,14.001695302498273,17.670000076293945,17.770000457763672,17.729999542236328,17.779998779296875,14.348202979351388,14.429404211108324,14.396923098891678,14.437522940377809,14.4030133074323,0.028662101000185358,5.300000190734863,0.0,0.0,0.0,0.0,0.0,0.0,,,,,
pylon_camera_1771859967201280806.png,1771859967201280806,1771859967.2012808,42.30097121233721,-83.69742238104341,238.78201293945312,-0.027953626748149496,-0.9992599640946078,-0.013301312215730068,-0.02282967372976905,-0.012470000000000002,-0.023720000000000005,-0.015280000000000002,0.8874000000000001,1.2446000000000002,-8.0882,6.342606519075617,14.188030226781011,17.770000457763672,17.8799991607666,17.899999618530273,17.969999313354492,14.429404211108324,14.518724172134743,14.534964728243066,14.591805125837517,14.518724559330913,0.02330798054868042,5.5,0.0,0.0,0.0,0.0,0.0,0.0,,,,,
pylon_camera_1771859967249199332.png,1771859967249199332,1771859967.2491994,42.30097127988773,-83.69742546870319,238.7783660888672,-0.02746570425085265,-0.9992459945242166,-0.013780352139578015,-0.02373140139609957,-0.0027400000000000002,-0.035870000000000006,-0.022400000000000003,0.2916,0.8513000000000001,-9.6144,6.400266838078861,14.317012900772127,17.8799991607666,17.93000030517578,17.90999984741211,18.010000228881836,14.518724172134743,14.559325562405549,14.543085006297225,14.624286238054161,14.56135524472292,0.01706657286993261,5.5,0.0,0.0,0.0,0.0,0.0,0.0,,,,,
pylon_camera_1771859967303607622.png,1771859967303607622,1771859967.3036075,42.30097139356001,-83.69743014408932,238.7708282470703,-0.026860283500650062,-0.9992384325812356,-0.013973234172932345,-0.02461358871860692,0.012320000000000001,-0.036570000000000005,-0.03234,0.5774,-0.9387000000000001,-8.9582,6.459325660324297,14.449123942605834,17.920000076293945,18.029998779296875,17.969999313354492,18.079999923706055,14.551205284351388,14.640525245377807,14.591805125837517,14.681126635648614,14.61616557280383,0.011560675295022145,5.599999904632568,0.0,0.0,0.0,0.0,0.0,0.0,,,,,
pylon_camera_1771859967352547904.png,1771859967352547904,1771859967.352548,42.300971475578464,-83.6974332807267,238.76437377929688,-0.026406436042522075,-0.9992365761889707,-0.013842926700836488,-0.025245560442005422,0.03686000000000001,-0.03686000000000001,-0.029300000000000007,0.8116,0.5593,-10.113000000000001,6.493370695556637,14.525280643718464,18.079999923706055,18.1299991607666,18.029998779296875,18.15999984741211,14.681126635648614,14.721726477134743,14.640525245377807,14.746087311297225,14.697366417364597,0.01184732865871011,5.599999904632568,0.0,0.0,0.0,0.0,0.0,0.0,,,,,
pylon_camera_1771859967392353159.png,1771859967392353159,1771859967.3923533,42.30097159678474,-83.69743800535555,238.7563934326172,-0.02590105143571475,-0.9992377602089859,-0.013349573433649165,-0.02597735545034074,0.01365,-0.025380000000000003,-0.020430000000000004,0.1203,-0.1633,-11.040700000000001,6.516407670697817,14.576812974890776,18.19999885559082,18.239999771118164,18.119998931884766,18.079999923706055,14.778566874729195,14.811047986945841,14.713606199080584,14.681126635648614,14.746086924101057,0.011612548607289034,5.5,0.0,0.0,0.0,0.0,0.0,0.0,,,,,
pylon_camera_1771859967441438689.png,1771859967441438689,1771859967.4414387,42.30097167512893,-83.69744116747036,238.7531280517578,-0.025422135516734556,-0.9992261761624364,-0.012760276744867778,-0.027165036995357834,0.007290000000000001,-0.05037000000000001,-0.023000000000000003,0.7443000000000001,-0.4647,-9.7032,6.5369825043669,14.622837643318494,18.18000030517578,18.029998779296875,18.529998779296875,18.270000457763672,14.762327867405547,14.640525245377807,15.046529855377807,14.835408821108322,14.821197947317371,0.013565103356632845,5.300000190734863,0.0,0.0,0.0,0.0,0.0,0.0,,,,,
pylon_camera_1771859967491401953.png,1771859967491401953,1771859967.491402,42.300971790010706,-83.69744592867009,238.7500762939453,-0.025148028140078105,-0.9992190312859988,-0.012344065442249568,-0.02786625638462098,0.02299,-0.038540000000000005,-0.022160000000000003,0.046900000000000004,0.0641,-10.8933,6.540966635644471,14.631749905938545,18.139999389648438,18.119998931884766,18.209999084472656,18.309999465942383,14.729846755188905,14.713606199080584,14.786687152783356,14.86788838454029,14.774507122898285,0.009756674210362219,5.200000286102295,0.0,0.0,0.0,0.0,0.0,0.0,,,,,
pylon_camera_1771859967542735786.png,1771859967542735786,1771859967.5427358,42.30097186613364,-83.6974491115437,238.74951171875,-0.02475210550628998,-0.9991810280500142,-0.011927763245507263,-0.029704122977821785,0.03835,-0.053290000000000004,-0.023160000000000004,-0.27390000000000003,0.38970000000000005,-9.211,6.567901690642736,14.692002007866362,18.279998779296875,18.270000457763672,18.299999237060547,18.420000076293945,14.843527550377807,14.835408821108322,14.859768106486131,14.957209894351388,14.873978593080912,0.012386098580514477,5.099999904632568,2.2250001430511475,0.0,0.0,0.0,0.0,0.0,,,,,
pylon_camera_1771859967592199892.png,1771859967592199892,1771859967.5922,42.30097197553516,-83.69745390591504,238.7485809326172,-0.024430660063602005,-0.9991385759149235,-0.011791283160693068,-0.031404054021408556,0.026020000000000005,-0.07066000000000001,-0.025340000000000005,0.4676,2.5631,-8.8679,6.596444805860981,14.755851244022663,18.309999465942383,18.229999542236328,18.389999389648438,18.28999900817871,14.86788838454029,14.802927708891678,14.932849060188905,14.85164782843197,14.863828245513211,0.007317571836751045,5.099999904632568,6.625,0.0,0.0,0.0,0.0,0.0,,,,,
pylon_camera_1771859967652084067.png,1771859967652084067,1771859967.6520839,42.300972084427485,-83.69745870379603,238.7419891357422,-0.023940796635527894,-0.9991207194038397,-0.01097040726878046,-0.032623250585543224,-0.006940000000000001,-0.04581000000000001,-0.027490000000000004,-0.4878,0.036000000000000004,-6.8647,6.58536063062924,14.731056609079774,18.559999465942383,18.60999870300293,18.350000381469727,18.43000030517578,15.070890689540292,15.111490531026423,14.900369496756936,14.965330172405547,15.012020222432298,0.019072875816616357,4.400000095367432,8.02500057220459,0.0,0.0,0.0,0.0,0.0,,,,,
pylon_camera_1771859967693129978.png,1771859967693129978,1771859967.69313,42.300972146373866,-83.69746189223261,238.73406982421875,-0.02353853041027404,-0.9991317540358042,-0.011117609278699463,-0.03252805600382462,-0.012850000000000002,0.04585,-0.020210000000000002,0.2738,-0.9013,-9.1052,6.561878855081323,14.678529286085617,18.459999084472656,18.440000534057617,18.420000076293945,18.459999084472656,14.989689457783356,14.97345045045971,14.957209894351388,14.989689457783356,14.977509815094452,0.020368561671382922,4.0,7.925000190734863,0.0,0.0,0.0,0.0,0.0,,,,,
pylon_camera_1771859967755007066.png,1771859967755007066,1771859967.755007,42.30097222883993,-83.69746666273541,238.71829223632812,-0.023160539371167355,-0.9991647713810146,-0.01176906171566957,-0.03154105631544849,-0.02236,0.04633000000000001,-0.027090000000000003,-0.2336,-1.2243000000000002,-8.8911,6.562512641873696,14.679947029112947,18.459999084472656,18.459999084472656,18.420000076293945,18.459999084472656,14.989689457783356,14.989689457783356,14.957209894351388,14.989689457783356,14.981569566925364,0.02054656854103395,3.799999952316284,7.75,0.0,0.0,0.0,0.0,0.0,,,,,
pylon_camera_1771859967805856117.png,1771859967805856117,1771859967.805856,42.30097230879706,-83.69747143304035,238.7019805908203,-0.022753906894520393,-0.9992224457288419,-0.012151159881914416,-0.02981799768984252,0.0018400000000000003,0.06472000000000001,-0.014210000000000002,-1.0485,-0.3239,-9.6974,6.556443432876013,14.66637057273767,18.489999771118164,18.459999084472656,18.35999870300293,18.459999084472656,15.01405029194584,14.989689457783356,14.90848822602642,14.989689457783356,14.975479358384742,0.021076024508862094,3.700000047683716,7.825000286102295,0.0,0.0,0.0,0.0,0.0,,,,,
pylon_camera_1771859967864396405.png,1771859967864396405,1771859967.8643963,42.30097236191056,-83.69747461909714,238.69300842285156,-0.02239739536732782,-0.9992707094020477,-0.012405048726871514,-0.028328797679599883,-0.006630000000000001,0.04213000000000001,-0.00948,-0.3279,-0.0023,-10.4534,6.580557558661369,14.720312425271965,18.5,18.529998779296875,18.59000015258789,18.53999900817871,15.02217057,15.046529855377807,15.095251523702775,15.05465013343197,15.054650520628138,0.022712703759070953,3.700000047683716,8.5,0.0,0.0,0.0,0.0,0.0,,,,,
pylon_camera_1771859967907422002.png,1771859967907422002,1771859967.907422,42.30097244455523,-83.69747941300747,238.68348693847656,-0.02213929747069171,-0.9992866684179283,-0.012576353991067407,-0.027889803692264122,0.006820000000000001,0.0037800000000000004,-0.009040000000000001,-0.4635,0.7561,-11.548,6.6022985150496645,14.768945640255197,18.489999771118164,18.59000015258789,18.690000534057617,18.600000381469727,15.01405029194584,15.095251523702775,15.17645275545971,15.103371801756936,15.097281593216316,0.022231509341207482,3.700000047683716,9.800000190734863,0.0,0.0,0.0,0.0,0.0,,,,,
pylon_camera_1771859967955630388.png,1771859967955630388,1771859967.9556303,42.300972501640985,-83.69748261929601,238.6789093017578,-0.02204500770233392,-0.9992917586722794,-0.012527498504204445,-0.027803964938367492,0.009680000000000001,0.017280000000000004,-0.01896,-0.8852000000000001,-0.0205,-11.458400000000001,6.608109157261404,14.781943698244325,18.53999900817871,18.690000534057617,18.739999771118164,18.739999771118164,15.05465013343197,15.17645275545971,15.21705259694584,15.21705259694584,15.16630202069584,0.026001879745839236,3.5,13.40000057220459,0.0,0.0,0.0,0.0,0.0,,,,,
pylon_camera_1771859968006539699.png,1771859968006539699,1771859968.0065398,42.30097256395219,-83.69748582520403,238.67491149902344,-0.021901986118983252,-0.9992977593957126,-0.012584349084994043,-0.027675354177664643,-0.007790000000000001,0.004380000000000001,-0.00922,-0.047900000000000005,0.8501000000000001,-10.1277,6.609629751586431,14.785345176513752,18.729999542236328,18.81999969482422,18.719999313354492,18.670000076293945,15.20893231889168,15.282013272594453,15.200812040837517,15.160212199351387,15.212992457918759,0.028923726588697848,3.299999952316284,16.475000381469727,0.0,0.0,0.0,0.0,0.0,,,,,
pylon_camera_1771859968057607836.png,1771859968057607836,1771859968.057608,42.30097265524392,-83.6974906359643,238.66566467285156,-0.02087559165186942,-0.9993959026357075,-0.011363921036069976,-0.025355487903602363,0.06404000000000001,0.07434000000000002,-0.03438000000000001,-0.3043,-0.7735000000000001,-7.3885000000000005,6.620408317517148,14.80945618178681,18.690000534057617,18.770000457763672,18.719999313354492,18.719999313354492,15.17645275545971,15.241413431108322,15.200812040837517,15.200812040837517,15.204872567060768,0.026700263697748375,3.0,24.5,0.0,0.0,0.0,0.0,0.0,,,,,
pylon_camera_1771859968105942943.png,1771859968105942943,1771859968.105943,42.30097272185599,-83.69749384634056,238.6569061279297,-0.02041797063412082,-0.9994531808486615,-0.010755553748136814,-0.02368045249246377,0.05525000000000001,0.06801000000000001,-0.031230000000000004,0.0876,-0.8672000000000001,-10.123700000000001,6.634276153392486,14.840477698569789,18.719999313354492,18.56999969482422,18.779998779296875,18.779998779296875,15.200812040837517,15.079010967594453,15.249532160377807,15.249532160377807,15.194721832296896,0.0238701301212997,2.0,28.575000762939453,0.0,0.0,0.0,0.0,0.0,,,,,
pylon_camera_1771859968159962016.png,1771859968159962016,1771859968.1599622,42.3009728065471,-83.69749867526951,238.64358520507812,-0.020077583279376865,-0.9994965884499629,-0.010515067441995964,-0.022201209048961994,0.012690000000000002,0.0369,-0.025200000000000004,0.49510000000000004,-0.46880000000000005,-10.7194,6.667268612538714,14.914279850132353,18.760000228881836,18.850000381469727,18.779998779296875,18.81999969482422,15.233293153054163,15.306374106756934,15.249532160377807,15.282013272594453,15.26780317319584,0.023703680406690956,0.0,33.67499923706055,0.0,0.0,0.0,0.0,0.0,,,,,
pylon_camera_1771859968214077552.png,1771859968214077552,1771859968.2140775,42.300972886751296,-83.69750353593777,238.63299560546875,-0.01982512092043076,-0.9995158721976449,-0.010412038079137813,-0.02160035343483878,-0.008480000000000001,0.020270000000000003,-0.01297,0.5111,-0.26230000000000003,-10.0905,6.7100429104236134,15.009963388043,18.899999618530273,18.90999984741211,18.969999313354492,19.0,15.346973948243065,15.355094226297227,15.403814345837517,15.428175180000002,15.383514425094454,0.024886871965925424,-1.3000000715255737,37.29999923706055,0.0,0.0,0.0,0.0,0.0,,,,,
pylon_camera_1771859968258089906.png,1771859968258089906,1771859968.25809,42.30097293530033,-83.69750679962944,238.62771606445312,-0.019617283762896398,-0.9995107057026429,-0.010568779285648991,-0.021950222504150428,-0.012870000000000003,-0.015080000000000001,-0.00858,0.9785,-0.5884,-10.8262,6.75989381107802,15.121476861752866,19.10999870300293,19.059999465942383,19.139999389648438,19.1299991607666,15.517495141026421,15.476895299540292,15.541855975188904,15.533735697134745,15.51749552822259,0.026189152692577513,-1.7000000476837158,38.47500228881836,0.0,0.0,0.0,0.0,0.0,,,,,
pylon_camera_1771859968309890938.png,1771859968309890938,1771859968.3098907,42.30097299835999,-83.69751173655418,238.6230010986328,-0.019506022644663223,-0.9994896585920583,-0.010924415794938518,-0.022816541974093784,-0.014940000000000002,-0.034260000000000006,-0.0033000000000000004,0.4722,-0.24760000000000001,-10.398200000000001,6.809866893703276,15.233263649200607,19.35999870300293,19.329999923706055,19.5,19.399999618530273,15.720497446026421,15.696138160648614,15.83417979,15.752978558243067,15.750948488729525,0.03398384295384298,-1.7000000476837158,40.60000228881836,0.0,0.0,0.0,0.0,0.0,,,,,
pylon_camera_1771859968352283341.png,1771859968352283341,1771859968.3522835,42.30097303689244,-83.69751505517166,238.62107849121094,-0.01950799416551985,-0.999471161514536,-0.011341451272627742,-0.02341381958274117,-0.011260000000000001,-0.020630000000000003,0.00064,0.9633,0.33840000000000003,-9.8939,6.857497666194651,15.339810829417463,19.6299991607666,19.510000228881836,19.639999389648438,19.69999885559082,15.939740307134743,15.842300068054161,15.947860585188904,15.996580704729196,15.931620416276752,0.038579979469131685,-1.8000000715255737,42.95000076293945,0.0,0.0,0.0,0.0,0.0,,,,,
pylon_camera_1771859968399895264.png,1771859968399895264,1771859968.3998952,42.30097309756287,-83.69752008067319,238.61741638183594,-0.019608652667914173,-0.99945243446774,-0.011610117194317938,-0.02399035547446082,0.0025000000000000005,-0.014350000000000002,0.003910000000000001,1.3456000000000001,0.3785,-9.8773,6.954671533787138,15.557182940789803,19.8799991607666,19.8799991607666,20.0,20.010000228881836,16.142742612134743,16.142742612134743,16.2401844,16.24830467805416,16.19349357558091,0.04090140465744261,-2.200000047683716,44.47500228881836,0.0,0.0,0.0,0.0,0.0,,,,,
pylon_camera_1771859968451116990.png,1771859968451116990,1771859968.451117,42.300973143153705,-83.69752348223372,238.61512756347656,-0.019734569001501445,-0.9994431225179358,-0.011794989930092542,-0.02418408258488541,0.0023300000000000005,-0.00787,0.0012300000000000002,1.8393000000000002,0.6845,-10.1478,7.052861205361139,15.776827344720546,20.229999542236328,20.219999313354492,20.34000015258789,20.34000015258789,16.426946148891677,16.41882587083752,16.516267658702777,16.516267658702777,16.469576834283686,0.043909302829187424,-2.200000047683716,44.82500076293945,0.0,0.0,0.0,0.0,0.0,,,,,
pylon_camera_1771859968505512937.png,1771859968505512937,1771859968.505513,42.30097321379449,-83.69752865244162,238.61131286621094,-0.019841424829080467,-0.9994353535698326,-0.012048490578466287,-0.024292504405188847,-0.00642,-0.005870000000000001,0.0014500000000000003,2.2528,1.0370000000000001,-9.2634,7.163850544030674,16.025103835963975,20.639999389648438,20.619998931884766,20.770000457763672,20.850000381469727,16.759869805188906,16.743629249080584,16.86543187110832,16.930392546756934,16.824830868033686,0.049904639636402355,-2.299999952316284,44.375,0.0,0.0,0.0,0.0,0.0,,,,,
pylon_camera_1771859968556080327.png,1771859968556080327,1771859968.5560803,42.300973262674205,-83.69753215195038,238.6084747314453,-0.01992448520481893,-0.9994296786222729,-0.012141439824011627,-0.02441142800621955,-0.0022400000000000007,0.0009300000000000002,0.007300000000000002,2.1879,0.9443,-9.475,7.2844447066286095,16.294865742045804,21.25,21.170000076293945,21.1299991607666,21.219999313354492,17.255195925000002,17.190235249351385,17.157754137134745,17.230835090837516,17.20850510058091,0.05606915533999366,-2.4000000953674316,44.20000076293945,0.0,0.0,0.0,0.0,0.0,,,,,
pylon_camera_1771859968604746471.png,1771859968604746471,1771859968.6047466,42.30097331752393,-83.69753570235632,238.60455322265625,-0.020006462649740986,-0.9994350722823304,-0.011845669854512034,-0.024268453802328237,0.00918,0.013450000000000002,0.006,2.2602,-0.1105,-8.3061,7.414771218631969,16.5863983298066,22.020000457763672,21.510000228881836,21.600000381469727,21.459999084472656,17.880443396108323,17.46631850805416,17.539399461756936,17.425717117783357,17.577969620925693,0.059782194506759784,-2.6000001430511475,44.20000076293945,0.0,0.0,0.0,0.0,0.0,,,,,
pylon_camera_1771859968661954218.png,1771859968661954218,1771859968.6619544,42.30097340486652,-83.69754112085847,238.59365844726562,-0.020163901079128133,-0.999458502412123,-0.011651057269514823,-0.02324590101264825,0.007380000000000001,0.05083000000000001,0.006660000000000001,2.7727,0.1741,-8.7087,7.547287434625843,16.882829154011933,22.149999618530273,22.079999923706055,22.029998779296875,22.029998779296875,17.986003913243067,17.929163515648614,17.88856212537781,17.88856212537781,17.923072919911824,0.061615488518563494,-2.6000001430511475,44.57500076293945,0.0,0.0,0.0,0.0,0.0,,,,,
pylon_camera_1771859968713630228.png,1771859968713630228,1771859968.7136302,42.30097350522898,-83.69754664643928,238.5788116455078,-0.020241349475946357,-0.9995052171813741,-0.010711294906853713,-0.021561000905001414,0.10522000000000002,0.14903000000000002,-0.003,0.7105,0.6487,-8.4686,7.627802301388415,17.0629360800678,22.3799991607666,22.40999984741211,22.420000076293945,22.28999900817871,18.172765662134744,18.197126496297226,18.205246774351387,18.09968470843197,18.16870591030383,0.06480536673449448,-2.4000000953674316,44.35000228881836,0.0,0.0,0.0,0.0,0.0,,,,,
pylon_camera_1771859968756614128.png,1771859968756614128,1771859968.7566142,42.300973583233265,-83.69755039245115,238.5679473876953,-0.02031024218519023,-0.9995735944392039,-0.009662421388037084,-0.018621519142881102,0.05045,0.12168000000000002,-6e-05,1.3399,1.786,-12.319,7.784412485348031,17.413263664974426,22.709999084472656,22.649999618530273,22.65999984741211,22.649999618530273,18.440728642783355,18.392008523243067,18.400128801297228,18.392008523243067,18.406218622641678,0.05702290947701616,-2.4000000953674316,43.875,0.0,0.0,0.0,0.0,0.0,,,,,
pylon_camera_1771859968812608510.png,1771859968812608510,1771859968.8126085,42.30097369116068,-83.69755611848569,238.5538330078125,-0.020418232550239668,-0.99962960575357,-0.008971922258925536,-0.015596528186324931,-0.0034300000000000003,0.07600000000000001,0.006170000000000001,2.4103000000000003,0.32270000000000004,-11.9368,7.978156668521273,17.84665777808198,23.119998931884766,23.029998779296875,23.119998931884766,23.139999389648438,18.77365229908058,18.700571345377806,18.77365229908058,18.789892855188906,18.75944219968197,0.05114595869715219,-2.200000047683716,42.150001525878906,0.0,0.0,0.0,0.0,0.0,,,,,
pylon_camera_1771859968863972978.png,1771859968863972978,1771859968.863973,42.300973759293946,-83.69756001338943,238.5475311279297,-0.020588883700413396,-0.999635311947546,-0.009171459397684045,-0.014873644745654955,-0.022490000000000003,0.015070000000000002,0.008700000000000001,2.5146,-0.7453000000000001,-10.949200000000001,8.15503832832767,18.2423314381693,23.459999084472656,23.459999084472656,23.51999855041504,23.40999984741211,19.049735557783357,19.049735557783357,19.098455677323646,19.009135716297227,19.051765627296895,0.044371202873442976,-1.899999976158142,40.375,0.0,0.0,0.0,0.0,0.0,,,,,
pylon_camera_1771859968913574627.png,1771859968913574627,1771859968.9135747,42.300973854319835,-83.69756599231994,238.54258728027344,-0.020823313411153732,-0.99961351547156,-0.00974080660150043,-0.015630930615992977,-0.01708,-0.04805000000000001,0.009270000000000002,2.5333,-0.5285000000000001,-10.1613,8.326496704740306,18.625873538701782,23.899999618530273,23.84000015258789,23.939998626708984,23.84000015258789,19.407020048243066,19.358299928702774,19.439499611675036,19.358299928702774,19.390779879330914,0.04106687071829253,-1.5,40.07500076293945,0.0,0.0,0.0,0.0,0.0,,,,,
pylon_camera_1771859968967946445.png,1771859968967946445,1771859968.9679465,42.300973950793896,-83.69757211421324,238.5384979248047,-0.021066614167066844,-0.9995735005768993,-0.01023481116095894,-0.017443146289562353,-0.00676,-0.09801000000000001,0.00973,2.5386,0.4043,-9.1189,8.486221557906491,18.98316845174335,24.229999542236328,24.26999855041504,23.989999771118164,24.350000381469727,19.67498302889168,19.707462592323647,19.48010100194584,19.772424816756935,19.658742859979526,0.035588074243429794,-0.800000011920929,40.275001525878906,0.0,0.0,0.0,0.0,0.0,,,,,
pylon_camera_1771859969005857117.png,1771859969005857117,1771859969.005857,42.3009739860499,-83.69757418692902,238.53659057617188,-0.021160077706201597,-0.999543214029232,-0.010336066837928318,-0.018941492071703293,0.0015200000000000003,-0.07858000000000001,0.004600000000000001,2.7589,1.0410000000000001,-9.9125,8.58703221152841,19.20867583525636,24.69999885559082,24.469999313354492,24.510000228881836,24.399999618530273,20.056626804729195,19.869865055837515,19.902346168054162,19.813024658243066,19.910465671715986,0.0365350450222879,-0.30000001192092896,40.57500076293945,0.0,0.0,0.0,0.0,0.0,,,,,
pylon_camera_1771859969056707455.png,1771859969056707455,1771859969.0567074,42.3009741023993,-83.69758046967206,238.52883911132812,-0.021222441328985486,-0.9995164340675982,-0.009922153653041235,-0.020446439291865657,0.036250000000000004,-0.07307000000000001,-0.015170000000000001,3.9243,0.7221000000000001,-9.3309,8.728410061372976,19.524929602687667,24.59000015258789,24.829999923706055,24.889999389648438,24.84000015258789,19.967306843702776,20.162188870648613,20.210908990188905,20.170309148702774,20.12767846331077,0.030870731566690592,0.30000001192092896,40.525001525878906,0.0,0.0,0.0,0.0,0.0,,,,,
pylon_camera_1771859969108691460.png,1771859969108691460,1771859969.1086915,42.300974183128396,-83.69758471408731,238.5277862548828,-0.021121751066380146,-0.9994679441310463,-0.00911377780578652,-0.023122269362164466,0.05722000000000001,-0.056740000000000006,0.0035600000000000002,2.2867,3.2707,-9.044500000000001,8.840452541306867,19.775561907750983,25.85999870300293,25.189998626708984,25.420000076293945,25.3799991607666,20.998557376026422,20.454511136675034,20.641274434351388,20.608793322134744,20.675784067296895,0.04552195096884059,1.2000000476837158,40.97500228881836,0.0,0.0,0.0,0.0,0.0,,,,,
pylon_camera_1771859969167884538.png,1771859969167884538,1771859969.1678846,42.30097437131718,-83.69759337318945,238.5307159423828,-0.020766027408136878,-0.999395305411442,-0.008760550322761592,-0.026477318317708474,-0.0053100000000000005,-0.07568000000000001,-0.005300000000000001,0.9045000000000001,2.0235000000000003,-9.189400000000001,8.971521739176932,20.06875583923445,25.549999237060547,25.549999237060547,25.809999465942383,25.920000076293945,20.74683495148613,20.74683495148613,20.95795753454029,21.047279044351388,20.874726620465985,0.04016047570103287,1.399999976158142,39.92499923706055,0.0,0.0,0.0,0.0,0.0,,,,,
pylon_camera_1771859969218171135.png,1771859969218171135,1771859969.2181711,42.30097445671523,-83.6975977472915,238.52784729003906,-0.02053904793616662,-0.9993886656173142,-0.008182129245305815,-0.02708311847873397,0.012160000000000002,0.0032300000000000002,-0.01597,0.661,-0.812,-6.126600000000001,9.05644311776099,20.25871986784427,26.09000015258789,26.1299991607666,26.219999313354492,26.299999237060547,21.185320673702773,21.217800237134743,21.290881190837517,21.35584186648613,21.26246099204029,0.04954612782761316,1.399999976158142,38.97500228881836,0.0,0.0,0.0,0.0,0.0,,,,,
pylon_camera_1771859969269130302.png,1771859969269130302,1771859969.2691302,42.300974577947585,-83.69760438229257,238.51382446289062,-0.020430076215742998,-0.9994071923243946,-0.008664287861812312,-0.02632120878564212,-0.03585000000000001,0.04957000000000001,0.0013300000000000002,0.3448,1.1108,-7.2,9.169922932731868,20.512567405145226,26.619998931884766,26.6299991607666,26.459999084472656,26.619998931884766,21.61568456908058,21.623804847134743,21.485763217783358,21.61568456908058,21.585234300769816,0.05229315640691225,1.399999976158142,39.125,0.0,0.0,0.0,0.0,0.0,,,,,
pylon_camera_1771859969310045967.png,1771859969310045967,1771859969.310046,42.30097466052358,-83.69760885275299,238.4994659423828,-0.020134393909739534,-0.9994596917812122,-0.008603802598749467,-0.024513369155083804,-0.02126,0.06173000000000001,-0.02238,2.1698,-1.7827000000000002,-7.9415000000000004,9.265024123466304,20.725303062746715,26.84000015258789,26.969999313354492,26.619998931884766,26.76999855041504,21.794327588702778,21.899888105837515,21.61568456908058,21.737485642323648,21.76184647648613,0.050013426129462996,1.399999976158142,38.875,0.0,0.0,0.0,0.0,0.0,,,,,
pylon_camera_1771859969370066179.png,1771859969370066179,1771859969.3700662,42.30097477964571,-83.69761564745399,238.47621154785156,-0.019888025384613317,-0.9995176160573003,-0.00901196757931534,-0.022085879601713505,-0.016390000000000002,0.08818000000000001,-0.00689,2.3725,-0.2684,-9.019,9.414075109742708,21.058721175987856,27.029998779296875,27.079999923706055,27.079999923706055,27.029998779296875,21.948608225377807,21.989209615648612,21.989209615648612,21.948608225377807,21.96890892051321,0.043221415817176714,1.399999976158142,39.07500076293945,0.0,0.0,0.0,0.0,0.0,,,,,
pylon_camera_1771859969420652809.png,1771859969420652809,1771859969.4206529,42.300974851102424,-83.6976202473161,238.4610595703125,-0.019621987514237604,-0.9995447882483868,-0.009877877159751892,-0.020679009509532352,-0.0369,0.06035000000000001,-0.01162,2.3083,-1.0206,-10.208400000000001,9.542395220289682,21.345765564074803,27.25,27.299999237060547,27.799999237060547,27.229999542236328,22.127251245,22.16785108648613,22.57385569648613,22.111010688891678,22.244992179215988,0.04212669779595981,1.5,39.22500228881836,0.0,0.0,0.0,0.0,0.0,,,,,
pylon_camera_1771859969479212693.png,1771859969479212693,1771859969.4792128,42.30097495767923,-83.69762724124043,238.44212341308594,-0.019345340836316338,-0.9995415838497479,-0.011313822595414136,-0.02035626098633635,-0.037290000000000004,0.020770000000000004,-0.00223,3.4149000000000003,2.3901000000000003,-11.9312,9.709865859649637,21.720387336084663,27.389999389648438,27.68000030517578,27.799999237060547,28.06999969482422,22.240932040188905,22.47641545740555,22.57385569648613,22.79309855759445,22.52107543791876,0.036863435694993014,1.600000023841858,38.875,0.0,0.0,0.0,0.0,0.0,,,,,
pylon_camera_1771859969519155255.png,1771859969519155255,1771859969.5191553,42.30097503098064,-83.69763196500753,238.43446350097656,-0.018980719783610767,-0.999524695461456,-0.011151578929956382,-0.021581420864919966,-0.01086,-0.05781000000000001,-0.017910000000000002,1.4811,0.42810000000000004,-14.8155,9.804961851457152,21.933111363998563,27.479999542236328,27.829999923706055,28.03999900817871,27.93000030517578,22.314012993891676,22.598216530648617,22.768737723431972,22.67941776240555,22.590096252594453,0.029954021465202495,1.600000023841858,38.92499923706055,0.0,0.0,0.0,0.0,0.0,,,,,
pylon_camera_1771859969561928936.png,1771859969561928936,1771859969.561929,42.30097514659426,-83.69763914673153,238.42941284179688,-0.01870021014835488,-0.9994983045602368,-0.010775146026747957,-0.02318054248117361,-0.021930000000000005,-0.03171,0.017570000000000002,2.2891,2.2298,-7.860600000000001,9.917725731862966,22.185357398633546,28.969999313354492,28.229999542236328,28.389999389648438,28.209999084472656,23.52390654583752,22.923019908891682,23.052941260188906,22.906779352783357,23.101661766925368,0.041302213519817346,2.0,38.5,0.0,0.0,0.0,0.0,0.0,,,,,
pylon_camera_1771859969611005140.png,1771859969611005140,1771859969.611005,42.30097523080054,-83.6976439748343,238.4242401123047,-0.018508439865472737,-0.9994692539285756,-0.010953528624694422,-0.02446769943968427,0.012440000000000003,0.038500000000000006,0.006840000000000001,1.8628,3.5292000000000003,-8.5878,9.980793092448183,22.32643530022104,28.760000228881836,28.389999389648438,28.649999618530273,28.76999855041504,23.35338535305416,23.052941260188906,23.264063843243065,23.36150408232365,23.257973634702445,0.04172355873004874,1.8000000715255737,33.95000076293945,0.0,0.0,0.0,0.0,0.0,,,,,
pylon_camera_1771859969662130654.png,1771859969662130654,1771859969.6621306,42.30097529726459,-83.69764883862624,238.41770935058594,-0.018349257182692424,-0.9994665628484781,-0.01074591229827969,-0.024787494378622797,-0.0009700000000000002,0.03998,-0.006450000000000001,-1.427,1.3728,-9.052800000000001,10.033843081708378,22.44510494319674,28.81999969482422,28.849998474121094,28.799999237060547,28.989999771118164,23.402105472594453,23.42646475797226,23.38586491648613,23.54014710194584,23.43864556224967,0.04426535859677849,0.9000000357627869,28.42500114440918,0.0,0.0,0.0,0.0,0.0,,,,,
pylon_camera_1771859969715052302.png,1771859969715052302,1771859969.7150524,42.30097539862049,-83.69765620838028,238.40480041503906,-0.018108516043070844,-0.9994840081564949,-0.01145761593134782,-0.02392743453267341,-0.057170000000000006,0.03162,-0.0175,0.8196,1.3883,-8.3934,10.17355654234131,22.75763557182497,29.099998474121094,29.15999984741211,29.010000228881836,29.139999389648438,23.62946706297226,23.678188731297226,23.55638765805416,23.661948175188904,23.63149790687814,0.03839864349243079,0.10000000149011612,28.375,0.0,0.0,0.0,0.0,0.0,,,,,
pylon_camera_1771859969763991172.png,1771859969763991172,1771859969.7639914,42.3009754570871,-83.69766117057358,238.39508056640625,-0.01784246185766314,-0.9994966478907089,-0.011487869443251099,-0.023582329523380307,-0.01933,0.022980000000000004,-0.01794,0.7584000000000001,-1.9883000000000002,-9.5447,10.271510350932457,22.976752364414853,29.559999465942383,29.329999923706055,29.279998779296875,29.25,24.002992109540294,23.816230360648614,23.77562897037781,23.751269685,23.836530281391678,0.037419470921765334,-0.10000000149011612,28.30000114440918,0.0,0.0,0.0,0.0,0.0,,,,,
pylon_camera_1771859969824532208.png,1771859969824532208,1771859969.8245323,42.300975553053945,-83.69766868721582,238.37713623046875,-0.01762784429273262,-0.9995079034533441,-0.011629974106747343,-0.023193829829676726,0.007700000000000001,0.011850000000000001,-0.0037100000000000006,0.7584000000000001,0.1635,-9.8001,10.395830880774431,23.25484993043956,29.299999237060547,29.56999969482422,29.3799991607666,29.53999900817871,23.79186952648613,24.011112387594455,23.856830202134745,23.98675155343197,23.911640917411827,0.02824318320422951,-0.20000000298023224,28.625,0.0,0.0,0.0,0.0,0.0,,,,,
pylon_camera_1771859969873120121.png,1771859969873120121,1771859969.87312,42.30097566050663,-83.6976762857309,238.3576202392578,-0.017460460124574195,-0.9995297519004669,-0.010603475589626368,-0.022868618310899442,0.053700000000000005,0.020520000000000004,-0.007940000000000001,1.4356,0.6141,-10.1381,10.501537431778873,23.491309142643434,29.779998779296875,29.739999771118164,29.729999542236328,30.119998931884766,24.18163358037781,24.14915401694584,24.14103373889168,24.457716839080582,24.232384543823976,0.031546790205713916,0.0,28.30000114440918,0.0,0.0,0.0,0.0,0.0,,,,,
pylon_camera_1771859969922751030.png,1771859969922751030,1771859969.922751,42.30097574438591,-83.69768138739695,238.3448944091797,-0.017293297879500014,-0.9995361790709506,-0.009437675881498766,-0.023222808844993687,0.045320000000000006,-0.049920000000000006,-0.006440000000000001,2.0977,1.6289,-12.5251,10.593821719053304,23.6977435562191,29.809999465942383,30.01999855041504,30.01999855041504,30.119998931884766,24.205994414540292,24.376515607323647,24.376515607323647,24.457716839080582,24.35418561706704,0.027700614587656273,0.0,28.375,0.0,0.0,0.0,0.0,0.0,,,,,
pylon_camera_1771859969973819655.png,1771859969973819655,1771859969.9738197,42.300975911269575,-83.69769169687802,238.32884216308594,-0.01690860258597765,-0.9995261073191886,-0.008935599839226151,-0.02412084164063673,-0.06591000000000001,-0.01881,-0.00604,-0.4173,-1.6389,-9.1141,10.629913623525157,23.778478981008366,30.03999900817871,30.1299991607666,30.10999870300293,30.219999313354492,24.39275616343197,24.465837117134743,24.44959656102642,24.538918070837518,24.461776978107665,0.028735984233686354,0.0,27.625,0.0,0.0,0.0,0.0,0.0,,,,,
pylon_camera_1771859970023715229.png,1771859970023715229,1771859970.0237153,42.300975933074014,-83.69769429482668,238.323486328125,-0.016819591740397155,-0.9994979984439512,-0.009808724189624805,-0.024992826370651842,-0.14503,0.00395,0.030340000000000002,-0.9636,-0.8436,-10.7669,10.714757536655922,23.9682697240471,30.229999542236328,30.209999084472656,30.239999771118164,30.329999923706055,24.54703834889168,24.530797792783357,24.55515862694584,24.628239580648614,24.56530858731737,0.024909552093001868,0.10000000149011612,27.75,0.0,0.0,0.0,0.0,0.0,,,,,
pylon_camera_1771859970065916021.png,1771859970065916021,1771859970.0659158,42.30097600546061,-83.69769950951962,238.3126983642578,-0.016839257722985057,-0.9994644158944583,-0.010475813587303625,-0.026030330189457634,-0.014300000000000002,-0.05926000000000001,-0.012430000000000002,-1.4516,-1.6736,-8.472800000000001,10.794498517875594,24.146645514576633,30.260000228881836,30.489999771118164,30.369998931884766,30.529998779296875,24.57139918305416,24.758160931945838,24.660719144080584,24.790640495377808,24.695229938614595,0.022718866838327398,0.10000000149011612,27.700000762939453,0.0,0.0,0.0,0.0,0.0,,,,,
pylon_camera_1771859970124842355.png,1771859970124842355,1771859970.1248422,42.30097608805353,-83.69770738692928,238.29588317871094,-0.016913754458008246,-0.9994310245643843,-0.011536064375284111,-0.0268043143364781,0.030370000000000005,-0.018790000000000005,-0.00855,1.2315,2.2306,-9.8366,10.861317877008183,24.296116411794685,30.28999900817871,30.369998931884766,30.489999771118164,30.649999618530273,24.595758468431967,24.660719144080584,24.758160931945838,24.88808228324307,24.725680206925365,0.017680348079092398,0.0,26.899999618530273,0.0,0.0,0.0,0.0,0.0,,,,,
pylon_camera_1771859970177596921.png,1771859970177596921,1771859970.177597,42.30097618565027,-83.69771531508694,238.28021240234375,-0.016704643806544406,-0.9993983281881236,-0.011748102770759572,-0.028034239268581975,0.004190000000000001,-0.08849000000000001,-0.013630000000000001,0.9042,4.0216,-9.3621,10.9419437667068,24.47647168949711,30.67999839782715,31.03999900817871,31.349998474121094,30.799999237060547,24.912441568620874,25.204765383431972,25.456487807972263,25.00988335648613,25.14589452912781,0.027349646146832045,0.0,21.325000762939453,0.0,0.0,0.0,0.0,0.0,,,,,
pylon_camera_1771859970227863039.png,1771859970227863039,1771859970.227863,42.300976294290656,-83.69772331336772,238.26528930664062,-0.01648582626360129,-0.9993679047423781,-0.01114188012746264,-0.029459582659313675,0.04520000000000001,-0.07009,0.01012,1.2999,5.2843,-8.2399,11.013817327823977,24.637248533302568,30.90999984741211,30.559999465942383,31.239999771118164,30.94999885559082,25.099204866297228,24.815001329540294,25.36716784694584,25.131684429729198,25.103264618128144,0.01891510264206874,-0.10000000149011612,9.175000190734863,0.0,0.0,0.0,0.0,0.0,,,,,
pylon_camera_1771859970277000971.png,1771859970277000971,1771859970.277001,42.300976385054085,-83.69772867309656,238.25543212890625,-0.016177324427540107,-0.999348466018249,-0.008703934442682876,-0.031067332787933777,0.06741000000000001,-0.0025800000000000003,0.0006300000000000001,0.1831,0.2321,-8.1746,11.039243184844652,24.6941246499064,31.189998626708984,30.899999618530273,31.1299991607666,31.17999839782715,25.326566456675035,25.091084588243067,25.277846337134743,25.31844617862087,25.25348589016843,0.02265159215773829,-0.699999988079071,0.0,0.0,0.0,0.0,0.0,0.0,,,,,
pylon_camera_1771859970321347142.png,1771859970321347142,1771859970.321347,42.30097646430334,-83.69773404259443,238.24136352539062,-0.016075883568352545,-0.9993562118790855,-0.00752878672590249,-0.0311776380859274,0.04446,0.024930000000000004,-0.0036300000000000004,-0.4786,-0.6482,-6.4884,11.0794933861565,24.784161935228923,31.239999771118164,31.209999084472656,31.28999900817871,31.31999969482422,25.36716784694584,25.342807012783357,25.40776768843197,25.432128522594454,25.387467767688907,0.024342393906102912,-1.100000023841858,0.0,0.0,0.0,0.0,0.0,0.0,,,,,
pylon_camera_1771859970368748232.png,1771859970368748232,1771859970.3687482,42.300976529463426,-83.69773941869096,238.22544860839844,-0.015895800002891647,-0.9993926790771356,-0.008378378155479697,-0.029856311372591936,-0.022800000000000004,0.05425000000000001,-0.007710000000000002,2.5801000000000003,2.3116000000000003,-8.606300000000001,11.11217253538957,24.857263231314345,31.34000015258789,31.349998474121094,31.399999618530273,31.619998931884766,25.448369078702775,25.456487807972263,25.497089198243067,25.675730669080583,25.519419188499672,0.026638329047872212,-1.3000000715255737,0.0,0.0,0.0,0.0,0.0,0.0,,,,,
pylon_camera_1771859970419101486.png,1771859970419101486,1771859970.4191015,42.30097660607456,-83.697747516173,238.2010498046875,-0.015658418498410875,-0.9994245586540698,-0.009585072906486507,-0.02852177881240857,-0.0359,0.019930000000000003,-0.013450000000000002,3.1896,0.1163,-9.4298,11.201383475557241,25.056822751813016,31.489999771118164,31.529998779296875,31.19999885559082,31.489999771118164,25.57017015194584,25.602649715377808,25.334686734729196,25.57017015194584,25.519419188499672,0.018461895239817845,-1.3000000715255737,0.0,0.0,0.0,0.0,0.0,0.0,,,,,
pylon_camera_1771859970469634851.png,1771859970469634851,1771859970.4696348,42.30097667743659,-83.69775566434835,238.17820739746094,-0.01570785678202058,-0.9994300326237096,-0.01001482210106856,-0.02815273456291985,-0.00034,0.04347000000000001,-0.00014000000000000004,-0.4192,2.2636000000000003,-7.770700000000001,11.221821665477124,25.1025417563724,31.469999313354492,31.529998779296875,31.670000076293945,31.469999313354492,25.553929595837516,25.602649715377808,25.716332059351387,25.553929595837516,25.606710241601057,0.020084359987198173,-1.100000023841858,0.0,0.0,0.0,0.0,0.0,0.0,,,,,
pylon_camera_1771859970520202807.png,1771859970520202807,1771859970.5202026,42.30097673609784,-83.69776112072685,238.1613311767578,-0.015583439547891376,-0.9994477781197424,-0.00888955594282053,-0.027969108289446352,0.06651,-0.003650000000000001,-0.012660000000000001,-0.7838,1.6228,-11.7382,11.270158812463587,25.210669053952298,31.399999618530273,31.420000076293945,31.469999313354492,31.559999465942383,25.497089198243067,25.513329754351386,25.553929595837516,25.62701054954029,25.547839774493063,0.01337412822401501,-1.399999976158142,0.22500000894069672,0.0,0.0,0.0,0.0,0.0,,,,,
pylon_camera_1771859970573034842.png,1771859970573034842,1771859970.5730348,42.30097684192484,-83.69776933771537,238.14102172851562,-0.015226264589823624,-0.9994479206946332,-0.006730395799553594,-0.028752677409181998,0.05589000000000001,-0.0879,-0.024590000000000004,-0.2917,-1.6706,-11.746400000000001,11.322516146158124,25.327789267986955,31.51999855041504,31.5,31.65999984741211,31.67999839782715,25.594529437323647,25.578290430000003,25.708211781297226,25.72445078862087,25.651370609310437,0.012775743587399186,-1.7000000476837158,3.799999952316284,0.0,0.0,0.0,0.0,0.0,,,,,
pylon_camera_1771859970620812580.png,1771859970620812580,1771859970.6208127,42.30097693898897,-83.6977775880411,238.12705993652344,-0.015121380340223423,-0.9994017448135561,-0.006710346746123988,-0.030372151171308464,0.0019900000000000004,-0.03907,0.010750000000000001,1.2112,1.855,-11.0852,11.347881414760158,25.38452985193359,31.6299991607666,31.549999237060547,31.739999771118164,31.709999084472656,25.683850947134744,25.61889027148613,25.77317245694584,25.748811622783357,25.70618132458752,0.01267116131478908,-1.7000000476837158,5.675000190734863,0.0,0.0,0.0,0.0,0.0,,,,,
pylon_camera_1771859970673500459.png,1771859970673500459,1771859970.6735003,42.300976984935104,-83.69778309266619,238.11817932128906,-0.015013886312456481,-0.9993709234910214,-0.00656232049867023,-0.031452765350166584,-0.039540000000000006,-0.037950000000000005,0.01068,-1.242,-0.21530000000000002,-5.9607,11.332202215304246,25.349456423502684,31.760000228881836,31.65999984741211,31.829999923706055,31.779998779296875,25.789413013054162,25.708211781297226,25.846253410648615,25.805652020377806,25.787382556344454,0.017275563054509856,-1.7000000476837158,9.050000190734863,0.0,0.0,0.0,0.0,0.0,,,,,
pylon_camera_1771859970724460576.png,1771859970724460576,1771859970.7244606,42.300977030540196,-83.69778858652717,238.10769653320312,-0.015028020981809831,-0.9993616128446814,-0.006914531357959559,-0.031665669327325986,-0.007640000000000001,0.036140000000000005,0.00321,-0.9034000000000001,-0.195,-7.858300000000001,11.317393435147835,25.3163300708196,31.65999984741211,31.989999771118164,31.809999465942383,31.619998931884766,25.708211781297226,25.976174761945842,25.830012854540293,25.675730669080583,25.797532516715986,0.01900759093242489,-1.600000023841858,15.52500057220459,0.0,0.0,0.0,0.0,0.0,,,,,
pylon_camera_1771859970772593558.png,1771859970772593558,1771859970.7725937,42.30097709860257,-83.69779682005054,238.08737182617188,-0.015063565979329452,-0.999371770414681,-0.007110195561020775,-0.0312825605936696,0.019340000000000003,-0.05626000000000001,0.007180000000000001,-2.9971,1.7618,-9.1212,11.319456007157044,25.320943920649878,32.040000915527344,31.779998779296875,31.920000076293945,31.829999923706055,26.016776152216647,25.805652020377806,25.919334364351386,25.846253410648615,25.897003986898614,0.02275033932597373,-1.899999976158142,23.649999618530273,0.0,0.0,0.0,0.0,0.0,,,,,
pylon_camera_1771859970825249495.png,1771859970825249495,1771859970.8252494,42.30097714990815,-83.69780230155496,238.0716094970703,-0.015012573643833682,-0.9994416269677067,-0.006211671992068561,-0.029197123964449775,0.024850000000000004,0.12854000000000002,-0.008830000000000003,0.47300000000000003,-1.1486,-8.7569,11.299566954130805,25.276453302373366,31.69999885559082,31.760000228881836,31.8799991607666,31.969999313354492,25.740691344729196,25.789413013054162,25.886853252134745,25.959934205837516,25.844222953938903,0.022462393943228826,-2.1000001430511475,26.05000114440918,0.0,0.0,0.0,0.0,0.0,,,,,
pylon_camera_1771859970875678324.png,1771859970875678324,1771859970.8756783,42.30097720881911,-83.69780776455431,238.05445861816406,-0.014924268123733708,-0.9995309811421736,-0.0054051450074220145,-0.026189088670348252,0.06602000000000001,0.12485000000000002,-0.015380000000000001,0.49250000000000005,0.1078,-10.4722,11.277844117605863,25.227860620437262,31.639999389648438,31.959999084472656,31.989999771118164,32.06999969482422,25.691971225188905,25.951813927783355,25.976174761945842,26.041135437594452,25.915273838128137,0.027248177244724284,-2.200000047683716,27.67500114440918,0.0,0.0,0.0,0.0,0.0,,,,,
pylon_camera_1771859970926876621.png,1771859970926876621,1771859970.9268768,42.300977283164364,-83.69781596986644,238.0298309326172,-0.014900022899417997,-0.999628544622728,-0.006420476896938696,-0.0218983919377528,-0.037880000000000004,0.08036,0.00192,-0.2013,2.6038,-12.6309,11.301219915830753,25.280150878518448,31.209999084472656,32.189998626708984,31.92999839782715,31.549999237060547,25.342807012783357,26.138575676675035,25.927453093620873,25.61889027148613,25.756931513641348,0.01885988091661428,-2.1000001430511475,27.875,0.0,0.0,0.0,0.0,0.0,,,,,
pylon_camera_1771859970975112565.png,1771859970975112565,1771859970.9751124,42.300977328036176,-83.6978214329412,238.015869140625,-0.014916848685912643,-0.9996889065605159,-0.006947797980850208,-0.018743154172627292,-0.0473,0.18099000000000004,0.006080000000000001,1.7886000000000002,-1.3239,-10.1417,11.285446647923518,25.244867024606037,31.989999771118164,32.05999755859375,32.040000915527344,31.989999771118164,25.976174761945842,26.033013610755617,26.016776152216647,25.976174761945842,26.000534821715988,0.0299335225799924,-2.0,27.700000762939453,0.0,0.0,0.0,0.0,0.0,,,,,
pylon_camera_1771859971024922365.png,1771859971024922365,1771859971.0249224,42.30097740417626,-83.69782964251728,237.99853515625,-0.015076941799864796,-0.999773951468877,-0.005701874963381478,-0.013864357618471958,0.02553,0.20399000000000003,0.00888,3.5513000000000003,-2.1218,-6.4430000000000005,11.341350099655372,25.36991969192309,31.84000015258789,31.899999618530273,31.989999771118164,31.81999969482422,25.854373688702776,25.903093808243067,25.976174761945842,25.83813313259445,25.892943847871532,0.020615916892908183,-1.8000000715255737,27.975000381469727,0.0,0.0,0.0,0.0,0.0,,,,,
pylon_camera_1771859971075962870.png,1771859971075962870,1771859971.0759628,42.30097751463295,-83.69784067193724,237.98617553710938,-0.015165504610660852,-0.9997990153147447,-0.005242629890476112,-0.012018788516434963,0.010970000000000002,-0.009810000000000001,0.0013800000000000002,1.9938,-0.2923,-13.5545,11.40662361311346,25.515932625118026,31.779998779296875,31.799999237060547,32.14999771118164,31.920000076293945,25.805652020377806,25.821892576486132,26.10609456445839,25.919334364351386,25.91324338141843,0.015571085021179586,-1.8000000715255737,27.80000114440918,0.0,0.0,0.0,0.0,0.0,,,,,
pylon_camera_1771859971136750686.png,1771859971136750686,1771859971.1367507,42.30097757176463,-83.69784622477295,237.98953247070312,-0.015064037450785661,-0.9997866501946282,-0.005296278069538843,-0.013102606874039675,-0.03477,-0.10599000000000001,-0.010600000000000002,-0.0921,-2.0965000000000003,-12.5481,11.482722689410322,25.686161692849527,31.969999313354492,31.869998931884766,31.65999984741211,32.07999801635742,25.959934205837516,25.87873297408058,25.708211781297226,26.04925416686394,25.899033282019815,0.00828740361116493,-1.8000000715255737,27.92500114440918,0.0,0.0,0.0,0.0,0.0,,,,,
pylon_camera_1771859971178774722.png,1771859971178774722,1771859971.1787748,42.30097762201952,-83.69785180738896,237.9955291748047,-0.015255357425882354,-0.9997550989244024,-0.006229212824520703,-0.014772039536023584,-0.023480000000000004,-0.09601000000000001,0.0008600000000000002,1.4018000000000002,-0.1462,-6.883900000000001,11.520000535541897,25.76954999797509,32.04999923706055,32.040000915527344,32.63999938964844,32.189998626708984,26.02489488148613,26.016776152216647,26.503980445188905,26.138575676675035,26.17105678889168,0.015580667530016551,-1.8000000715255737,27.274999618530273,0.0,0.0,0.0,0.0,0.0,,,,,
pylon_camera_1771859971238242315.png,1771859971238242315,1771859971.2382424,42.30097768383654,-83.69786021626031,238.00396728515625,-0.01554053849247794,-0.9996678058286235,-0.007806842524802097,-0.01902164196230723,0.020290000000000002,-0.14534000000000002,0.0017800000000000001,0.9912000000000001,2.2165,-11.341000000000001,11.55835797922492,25.855353298047397,31.829999923706055,32.2599983215332,32.40999984741211,32.47999954223633,25.846253410648615,26.195416074269485,26.317218696297225,26.37405909389168,26.18323681877675,0.012681455826562346,-1.8000000715255737,25.67500114440918,0.0,0.0,0.0,0.0,0.0,,,,,
pylon_camera_1771859971287164410.png,1771859971287164410,1771859971.2871644,42.300977728151885,-83.69786583006021,238.01025390625,-0.015584996141211893,-0.9996157979778505,-0.00774296341456712,-0.021573382811800965,-0.041580000000000006,-0.052790000000000004,0.027680000000000003,-0.269,1.7318,-3.9629000000000003,11.565572381213716,25.871491482432212,32.709999084472656,32.27000045776367,32.52000045776367,32.5099983215332,26.560820842783354,26.203537901108323,26.406540206108325,26.398418379269486,26.392329332317374,0.02013172878876471,-2.6000001430511475,22.350000381469727,0.0,0.0,0.0,0.0,0.0,,,,,
pylon_camera_1771859971328312334.png,1771859971328312334,1771859971.3283124,42.300977787319695,-83.69787144253625,238.012451171875,-0.015477085292235127,-0.9995945247610503,-0.007456279820042981,-0.02270792350330234,0.03968,-0.04283,-0.025770000000000005,-0.9566,-0.0734,-8.4232,11.543789088350874,25.822763563295606,32.75,32.54999923706055,32.55999755859375,32.63999938964844,26.593301955,26.43089949148613,26.439018220755614,26.503980445188905,26.49180002810766,0.02590878637649078,-3.1000001430511475,20.575000762939453,0.0,0.0,0.0,0.0,0.0,,,,,
pylon_camera_1771859971378894712.png,1771859971378894712,1771859971.3788946,42.30097786135292,-83.69787987378682,238.00668334960938,-0.015551238196419181,-0.9995703565144769,-0.008811231889979735,-0.023229798980211682,-0.08630000000000002,-0.010520000000000002,0.008050000000000002,-1.0049000000000001,2.2282,-6.9585,11.60349347958201,25.956318704216184,32.790000915527344,32.66999816894531,32.84000015258789,32.61000061035156,26.625783067216645,26.52833973056671,26.666382908702776,26.479621159811096,26.57503171657431,0.023836701167397244,-3.1000001430511475,20.475000381469727,0.0,0.0,0.0,0.0,0.0,,,,,
pylon_camera_1771859971437891471.png,1771859971437891471,1771859971.4378915,42.300977926821886,-83.69788832110791,237.9921417236328,-0.015579058337895746,-0.9995838705914766,-0.010542579558571411,-0.021868530149918346,-0.033120000000000004,0.033780000000000004,0.02059,0.51,3.3321,-8.4198,11.63521447060484,26.027276657874793,32.80999755859375,32.959999084472656,32.68000030517578,32.72999954223633,26.642020525755616,26.763823147783356,26.53646155740555,26.57706139889168,26.629841657459046,0.02315128883843255,-2.799999952316284,20.774999618530273,0.0,0.0,0.0,0.0,0.0,,,,,
pylon_camera_1771859971483296679.png,1771859971483296679,1771859971.4832969,42.300977987078156,-83.6978967968795,237.97311401367188,-0.015621549471229013,-0.9996037588329995,-0.010995925372078972,-0.020673222880531236,-0.05106,0.06500000000000002,0.012150000000000001,-0.124,-0.256,-8.9585,11.650828253559917,26.06220375351832,33.06999969482422,32.80999755859375,33.02000045776367,32.63999938964844,26.853144657594456,26.642020525755616,26.812544816108325,26.503980445188905,26.702922611161824,0.024584216427093485,-2.200000047683716,21.725000381469727,0.0,0.0,0.0,0.0,0.0,,,,,
pylon_camera_1771859971534237009.png,1771859971534237009,1771859971.534237,42.30097803163746,-83.69790246608332,237.96116638183594,-0.015859886207760188,-0.9996150741342501,-0.011418569634507283,-0.01969222792261279,-0.01314,0.013360000000000002,0.019850000000000003,-0.6401,0.8662000000000001,-12.6609,11.707134765883188,26.18815804319474,32.86000061035156,33.02000045776367,32.75,32.89999771118164,26.682623464811094,26.812544816108325,26.593301955,26.71510147945839,26.700892928844453,0.019578883127404717,-1.600000023841858,21.325000762939453,0.0,0.0,0.0,0.0,0.0,,,,,
pylon_camera_1771859971583556927.png,1771859971583556927,1771859971.583557,42.300978087362644,-83.69790816361889,237.95484924316406,-0.01561570204633711,-0.9996233285684355,-0.010646850964294284,-0.019899633059585902,-0.0022,-0.021630000000000003,-0.029520000000000005,0.1366,-4.4877,-9.2863,11.755375543918152,26.296069769212274,33.0,33.07999801635742,32.82999801635742,33.0099983215332,26.79630426,26.86126338686394,26.65826108186394,26.804422989269487,26.78006292949934,0.018405532253862954,-1.399999976158142,21.825000762939453,0.0,0.0,0.0,0.0,0.0,,,,,
pylon_camera_1771859971631540010.png,1771859971631540010,1771859971.63154,42.30097815493935,-83.69791675122416,237.9446563720703,-0.016072286876446407,-0.9995823894152676,-0.01091667349412739,-0.021390526062908394,-0.08721000000000002,-0.1424,-0.0030800000000000003,-3.1301,-4.7013,-17.3399,11.826642016559159,26.455488592521846,32.939998626708984,32.939998626708984,33.04999923706055,33.07999801635742,26.747582591675034,26.747582591675034,26.83690410148613,26.86126338686394,26.798333167925033,0.012959298566880346,-1.2000000476837158,22.875,0.0,0.0,0.0,0.0,0.0,,,,,
pylon_camera_1771859971692855848.png,1771859971692855848,1771859971.6928558,42.300978237479995,-83.69792538138829,237.93475341796875,-0.016346886812131367,-0.9995337269099376,-0.01140721689843624,-0.02312970954667193,-0.019750000000000004,-0.13880000000000003,-0.00916,-0.4501,-1.2623,-9.5561,11.88867316551924,26.59424855087661,33.05999755859375,33.029998779296875,33.25,33.16999816894531,26.845022830755614,26.82066354537781,26.999306565,26.934344340566714,26.899834320425033,0.011490671336842463,-0.9000000357627869,24.80000114440918,0.0,0.0,0.0,0.0,0.0,,,,,
pylon_camera_1771859971742735837.png,1771859971742735837,1771859971.7427359,42.300978302273904,-83.6979311648192,237.9306640625,-0.01642455471495785,-0.9994597943883177,-0.011526103266912908,-0.02602887525724986,0.04811000000000001,-0.10533000000000002,-0.01984,0.6069,0.9461,-8.5175,11.925099004239334,26.67573096654314,33.34000015258789,33.20000076293945,33.31999969482422,33.32999801635742,27.072387518702776,26.95870672351387,27.056146962594454,27.064265691863937,27.03787672416876,0.013575851326429555,-1.0,27.899999618530273,0.0,0.0,0.0,0.0,0.0,,,,,
pylon_camera_1771859971785272441.png,1771859971785272441,1771859971.7852724,42.30097837003649,-83.69793695577883,237.92660522460938,-0.016431766273415582,-0.999393873915612,-0.011335674061118168,-0.02851989359486038,0.007260000000000001,-0.08610000000000002,0.008150000000000001,0.7548,2.4837000000000002,-8.977500000000001,11.933318018344755,26.694116407956116,33.47999954223633,33.34000015258789,33.779998779296875,33.46999740600586,27.186068313891678,27.072387518702776,27.42967046037781,27.177946487052843,27.216518195006273,0.01956992241535503,-0.9000000357627869,27.55000114440918,0.0,0.0,0.0,0.0,0.0,,,,,
pylon_camera_1771859971851635801.png,1771859971851635801,1771859971.8516357,42.30097851970704,-83.6979485547227,237.9136505126953,-0.016000623375641787,-0.9993267711321192,-0.00927816691855763,-0.03168438367516804,0.03551,-0.049420000000000006,-0.010000000000000002,0.3785,-0.9465,-7.569800000000001,11.956843790070943,26.746742147761296,33.91999816894531,33.849998474121094,33.73999786376953,33.7599983215332,27.543351255566712,27.48651085797226,27.397189348161163,27.41342990426949,27.460120341492406,0.026671591993898954,-1.2000000476837158,26.850000381469727,0.0,0.0,0.0,0.0,0.0,,,,,
pylon_camera_1771859971895691244.png,1771859971895691244,1771859971.8956912,42.30097859296777,-83.69795435431632,237.90130615234375,-0.016025714400884017,-0.9993363930357416,-0.008935059264474127,-0.031466088860794,0.01755,0.025330000000000002,-0.013060000000000002,-2.1458,0.159,-5.1985,11.944704958257548,26.719588309324642,34.11000061035156,34.11000061035156,33.79999923706055,33.880001068115234,27.6976349898111,27.6976349898111,27.44591101648613,27.51087324091942,27.58801355925694,0.03250144575128925,-1.899999976158142,25.899999618530273,0.0,0.0,0.0,0.0,0.0,,,,,
pylon_camera_1771859971945948869.png,1771859971945948869,1771859971.9459488,42.3009786951118,-83.69796303712276,237.8741912841797,-0.015791666197740917,-0.999401758678,-0.009184657642899396,-0.02936647908760645,0.016950000000000003,0.09867000000000002,0.005040000000000001,0.1469,2.0239000000000003,-8.7074,11.96097777024401,26.75598961336964,34.06999969482422,34.0,33.939998626708984,33.91999816894531,27.665153877594452,27.60831348,27.559591811675034,27.543351255566712,27.59410260620905,0.031324312983759525,-3.700000047683716,24.5,0.0,0.0,0.0,0.0,0.0,,,,,
pylon_camera_1771859971993886000.png,1771859971993886000,1771859971.993886,42.30097876275383,-83.6979688315766,237.8530731201172,-0.015660372326486593,-0.9994884440100176,-0.008679782744721818,-0.026500271706804423,0.004730000000000001,0.15686,-0.00521,-1.5684,0.8342,-8.1471,11.943595719511276,26.717107008803556,33.96999740600586,33.98999786376953,33.959999084472656,33.89999771118164,27.583951097052843,27.600191653161165,27.57583236778336,27.52711069945839,27.57177145436394,0.03198940833222565,-5.5,23.975000381469727,0.0,0.0,0.0,0.0,0.0,,,,,
pylon_camera_1771859972036455901.png,1771859972036455901,1771859972.0364559,42.3009788274386,-83.69797464878265,237.83277893066406,-0.015552991732627863,-0.9995753314902769,-0.008494495629751589,-0.023132329503618373,-0.008700000000000001,0.12566000000000002,0.0032400000000000003,-1.6297000000000001,1.5283,-11.391,12.02447499713454,26.898029100090138,33.939998626708984,33.93000030517578,33.95000076293945,33.880001068115234,27.559591811675034,27.55147308240555,27.567713638513872,27.51087324091942,27.547412943378472,0.024142432178651984,-6.300000190734863,24.325000762939453,0.0,0.0,0.0,0.0,0.0,,,,,
pylon_camera_1771859972096279862.png,1771859972096279862,1771859972.0962799,42.30097892459298,-83.69798343923938,237.80880737304688,-0.015546926735028443,-0.9996129613924548,-0.008110174923561878,-0.021597350485914574,0.0022500000000000003,0.028700000000000003,0.009830000000000002,-0.040100000000000004,-0.758,-13.955900000000002,12.122792045666467,27.11795843863315,33.98999786376953,33.880001068115234,33.95000076293945,33.98999786376953,27.600191653161165,27.51087324091942,27.567713638513872,27.600191653161165,27.569742546438906,0.016659960182036804,-6.599999904632568,25.100000381469727,0.0,0.0,0.0,0.0,0.0,,,,,
pylon_camera_1771859972136249464.png,1771859972136249464,1771859972.1362493,42.300978958569736,-83.69798639523997,237.8030548095703,-0.015685624828158773,-0.9995989575647138,-0.007909846442481498,-0.02221079779170099,0.019680000000000003,-0.08193000000000002,0.010470000000000002,1.8715000000000002,-0.5817,-12.793700000000001,12.215673314417158,27.325728263952318,34.11000061035156,33.90999984741211,34.189998626708984,33.98999786376953,27.6976349898111,27.53523252629723,27.762594116675032,27.600191653161165,27.64891332148613,0.011827134282095371,-6.5,26.325000762939453,0.0,0.0,0.0,0.0,0.0,,,,,
pylon_camera_1771859972189888554.png,1771859972189888554,1771859972.1898885,42.30097906400344,-83.69799826955872,237.78970336914062,-0.016206440389267718,-0.9994916765601882,-0.008235540095325232,-0.026189991526372233,-0.00825,-0.18777000000000002,0.01101,0.7186,0.5046,-11.667,12.29846642237698,27.510931478871964,34.29999923706055,34.11000061035156,34.43000030517578,34.5099983215332,27.851915626486132,27.6976349898111,27.957477692405547,28.022436819269487,27.882366281993068,0.013501353213225863,-5.900000095367432,27.524999618530273,0.0,0.0,0.0,0.0,0.0,,,,,
pylon_camera_1771859972236563751.png,1771859972236563751,1771859972.2365637,42.30097912612221,-83.69800425121011,237.78762817382812,-0.016751235756458704,-0.999347724244483,-0.008048851896761472,-0.030963496752602588,0.04045000000000001,-0.21711000000000003,0.012520000000000002,-1.3644,-0.030100000000000002,-9.3068,12.317587076492481,27.553703234889092,34.47999954223633,34.36000061035156,34.56999969482422,34.5099983215332,27.998077533891678,27.900637294811098,28.071158487594452,28.022436819269487,27.998077533891678,0.016127570773859165,-5.700000286102295,30.700000762939453,0.0,0.0,0.0,0.0,0.0,,,,,
pylon_camera_1771859972287880933.png,1771859972287880933,1771859972.287881,42.30097918119332,-83.69801024882162,237.78480529785156,-0.017458343137853327,-0.9992227629552656,-0.007813562057595775,-0.03446773121193884,0.051250000000000004,-0.14332000000000003,0.014210000000000002,-0.9172,1.1812,-3.7863,12.34339413861363,27.611432084430376,34.709999084472656,34.66999816894531,34.849998474121094,34.71999740600586,28.184839282783358,28.152358170566714,28.298520077972263,28.19295801205284,28.207168885843796,0.02157572992200378,-5.599999904632568,31.600000381469727,0.0,0.0,0.0,0.0,0.0,,,,,
pylon_camera_1771859972341041186.png,1771859972341041186,1771859972.341041,42.30097932763823,-83.69802221344982,237.7589874267578,-0.018133977306196203,-0.9991810171620523,-0.0075203694917787,-0.03538216857079414,0.016330000000000004,0.020360000000000003,0.020610000000000003,-0.313,1.9361000000000002,-5.456,12.321171655183544,27.56172172234628,34.95000076293945,34.93000030517578,34.880001068115234,34.80999755859375,28.379722858513873,28.363482302405547,28.322882460919416,28.266038965755616,28.33303164689861,0.027984823746586684,-5.599999904632568,30.975000381469727,0.0,0.0,0.0,0.0,0.0,,,,,
pylon_camera_1771859972389287594.png,1771859972389287594,1771859972.3892877,42.30097940085024,-83.69802818555834,237.73834228515625,-0.018433419445774646,-0.999226732182277,-0.006568556224693503,-0.034102797670969416,0.025210000000000003,0.09550000000000002,0.013670000000000002,-0.5391,-0.5008,-7.6412,12.323328441215438,27.566546323292464,35.07999801635742,34.89999771118164,34.95000076293945,34.95000076293945,28.485281826863936,28.33911991945839,28.379722858513873,28.379722858513873,28.395961865837517,0.030087756834603373,-5.599999904632568,30.950000762939453,0.0,0.0,0.0,0.0,0.0,,,,,
pylon_camera_1771859972441510462.png,1771859972441510462,1771859972.4415104,42.300979478387774,-83.69803416767947,237.7138214111328,-0.018759649440234838,-0.9993155454401357,-0.005983112674048894,-0.03131642631740188,0.05139000000000001,0.09829000000000002,0.0031300000000000004,0.3371,1.1764000000000001,-10.1385,12.380257816364827,27.693893919739136,35.18000030517578,35.099998474121094,35.0,35.07999801635742,28.56648460740555,28.50152238297226,28.420322700000003,28.485281826863936,28.493402879310437,0.02886950321570499,-5.5,30.625,0.0,0.0,0.0,0.0,0.0,,,,,
pylon_camera_1771859972490485651.png,1771859972490485651,1771859972.4904857,42.30097961141517,-83.69804318763559,237.67840576171875,-0.01912300745646872,-0.9993997696047205,-0.004985378884080205,-0.02845271686910236,0.04859000000000001,0.06992000000000001,0.005130000000000001,0.8138000000000001,0.27890000000000004,-11.462200000000001,12.46701122736737,27.887956094947167,35.380001068115234,35.189998626708984,35.349998474121094,35.18000030517578,28.72888707091942,28.574603336675036,28.704524687972263,28.56648460740555,28.64362492574307,0.027096601422605365,-5.300000190734863,31.100000381469727,0.0,0.0,0.0,0.0,0.0,,,,,
pylon_camera_1771859972540492416.png,1771859972540492416,1771859972.5404923,42.30097970879318,-83.69804924650221,237.6586456298828,-0.019445549299976495,-0.9994156843234194,-0.0044676945927871435,-0.027752481795312582,0.015700000000000002,0.010180000000000002,0.01665,0.8622000000000001,0.9158000000000001,-11.891200000000001,12.526660735492904,28.021388465653498,35.380001068115234,35.349998474121094,35.5,35.5,28.72888707091942,28.704524687972263,28.82632731,28.82632731,28.771516594722918,0.026769841544035927,-4.800000190734863,30.325000762939453,0.0,0.0,0.0,0.0,0.0,,,,,
pylon_camera_1771859972615957877.png,1771859972615957877,1771859972.6159577,42.300979867554936,-83.69805837252972,237.63429260253906,-0.01991377170942188,-0.9994290062511577,-0.0024080509032532796,-0.027190153566607474,0.09229000000000002,0.018040000000000004,0.009890000000000001,0.27040000000000003,1.0119,-10.966800000000001,12.587739277749712,28.158017499969443,35.72999954223633,35.68000030517578,35.72999954223633,35.7599983215332,29.01308905889168,28.972489217405553,29.01308905889168,29.037448344269485,29.009028919864598,0.030222703707605776,-4.0,25.149999618530273,0.0,0.0,0.0,0.0,0.0,,,,,
pylon_camera_1771859972641287365.png,1771859972641287365,1771859972.6412873,42.30097998267856,-83.69806447787587,237.620849609375,-0.020112820542747767,-0.9994424432205011,-0.0007522767869797276,-0.026640405756785803,0.08599000000000002,0.025510000000000005,0.012120000000000002,0.25570000000000004,0.39730000000000004,-10.6376,12.61754844623485,28.224698821320587,35.7599983215332,35.849998474121094,35.939998626708984,35.89999771118164,29.037448344269485,29.11052929797226,29.183610251675034,29.15112913945839,29.12067925834379,0.031744552623760594,-3.799999952316284,18.25,0.0,0.0,0.0,0.0,0.0,,,,,
pylon_camera_1771859972694356672.png,1771859972694356672,1771859972.6943567,42.300980163969804,-83.69807365343421,237.60311889648438,-0.020308083285062783,-0.9994663480250243,0.000908733014180485,-0.02556902663607676,0.07693000000000001,0.055330000000000004,0.007170000000000001,0.21000000000000002,-0.29350000000000004,-10.0233,12.643374436363988,28.28247001168006,35.89999771118164,35.89999771118164,35.88999938964844,35.89999771118164,29.15112913945839,29.15112913945839,29.143010410188907,29.15112913945839,29.14909945714102,0.030641929262297772,-3.6000001430511475,8.449999809265137,0.0,0.0,0.0,0.0,0.0,,,,,
pylon_camera_1771859972766791909.png,1771859972766791909,1771859972.7667918,42.30098040603755,-83.6980859366358,237.57815551757812,-0.0206161910001727,-0.9995435288703106,0.002773202776590671,-0.021909265357168937,0.024470000000000006,0.10988000000000002,0.006600000000000001,1.0181,1.0874000000000001,-9.0751,12.706096571799161,28.42277566532042,36.040000915527344,35.88999938964844,35.939998626708984,35.86000061035156,29.264813032216647,29.143010410188907,29.183610251675034,29.118651124811098,29.17752120472292,0.026554251713121504,-3.1000001430511475,0.0,0.0,0.0,0.0,0.0,0.0,,,,,
pylon_camera_1771859972796356672.png,1771859972796356672,1771859972.7963567,42.300980461058955,-83.69808901313583,237.5719451904297,-0.02069375236046711,-0.9995666280251592,0.0034965260005772915,-0.020642166978879235,0.05108000000000001,0.08147,0.0017400000000000002,0.4565,-0.6902,-12.633700000000001,12.742062527571141,28.50322935042499,35.79999923706055,36.05999755859375,35.959999084472656,35.98999786376953,29.069929456486133,29.281050490755614,29.199850807783356,29.224210093161165,29.193760212046566,0.024226407931958727,-2.9000000953674316,0.0,0.0,0.0,0.0,0.0,0.0,,,,,
pylon_camera_1771859972845154568.png,1771859972845154568,1771859972.8451545,42.300980588565174,-83.69809520134919,237.56199645996094,-0.020829482118236153,-0.9995859836976436,0.004383006247692371,-0.019359316262014623,0.06442,0.055110000000000006,0.0017200000000000004,1.0875000000000001,0.9153,-11.169500000000001,12.793032738342067,28.617246653706903,35.98999786376953,36.040000915527344,36.099998474121094,35.91999816894531,29.224210093161165,29.264813032216647,29.31353160297226,29.167369695566713,29.242481105979195,0.02184816938673946,-2.299999952316284,0.0,0.0,0.0,0.0,0.0,0.0,,,,,
pylon_camera_1771859972894484400.png,1771859972894484400,1771859972.8944845,42.30098077554905,-83.69810452363525,237.5524139404297,-0.0209551321837817,-0.9995814445669569,0.0064531540432690125,-0.01887259694609856,0.038200000000000005,0.0004000000000000001,0.0017500000000000003,1.0547,-0.5787,-10.5004,12.855047584833663,28.755970144417816,35.84000015258789,35.96999740600586,36.099998474121094,36.099998474121094,29.102410568702776,29.20796953705284,29.31353160297226,29.31353160297226,29.234360827925034,0.01663622131698744,-1.600000023841858,0.0,0.0,0.0,0.0,0.0,0.0,,,,,
pylon_camera_1771859972944240696.png,1771859972944240696,1771859972.9442406,42.30098090472911,-83.69811076203678,237.54855346679688,-0.021013100713797972,-0.999564942742676,0.007381003423509598,-0.01933638090968857,0.041690000000000005,-0.03184000000000001,-0.00075,0.4572,-1.0914000000000001,-10.807400000000001,12.885761500328082,28.8246753305439,36.029998779296875,35.95000076293945,36.16999816894531,35.98999786376953,29.25669120537781,29.191732078513873,29.37037200056671,29.224210093161165,29.260751344404888,0.01512856637101135,-1.100000023841858,0.0,0.0,0.0,0.0,0.0,0.0,,,,,
pylon_camera_1771859973004362043.png,1771859973004362043,1771859973.0043619,42.30098108791651,-83.69812014728629,237.54534912109375,-0.02115161450509767,-0.9995257464702688,0.008438613786559006,-0.02072875163247007,0.040810000000000006,-0.03234,-0.0032000000000000006,-0.321,-2.1473,-9.2863,12.905224317944764,28.868212485783364,36.05999755859375,35.98999786376953,36.23999786376953,36.05999755859375,29.281050490755614,29.224210093161165,29.427212398161167,29.281050490755614,29.30338086820839,0.015074309940019038,-0.6000000238418579,0.0,0.0,0.0,0.0,0.0,0.0,,,,,
pylon_camera_1771859973045602229.png,1771859973045602229,1771859973.0456023,42.300981209027164,-83.69812640681445,237.54286193847656,-0.021301101948077272,-0.9995074028995262,0.009117054512493023,-0.02116822906758914,0.07328,-0.015460000000000002,-0.0008000000000000001,0.1655,0.9511000000000001,-9.1149,12.900486914615612,28.857615198780252,35.98999786376953,35.98999786376953,36.209999084472656,36.099998474121094,29.224210093161165,29.224210093161165,29.402853112783355,29.31353160297226,29.291201225519487,0.015025012418821137,0.0,0.0,0.0,0.0,0.0,0.0,0.0,,,,,
pylon_camera_1771859973098974044.png,1771859973098974044,1771859973.098974,42.3009814008426,-83.69813579102477,237.5366668701172,-0.021392606485892085,-0.9994914599292816,0.010609524626403868,-0.021133288986219502,0.06314,0.016950000000000003,-0.004940000000000001,-0.28800000000000003,0.5575,-8.9966,12.881860908092053,28.815949939747437,35.86000061035156,35.939998626708984,36.07999801635742,35.98999786376953,29.118651124811098,29.183610251675034,29.29729104686394,29.224210093161165,29.20594062912781,0.013533848101340453,1.2000000476837158,0.0,0.0,0.0,0.0,0.0,0.0,,,,,
pylon_camera_1771859973157325133.png,1771859973157325133,1771859973.157325,42.300981582878876,-83.69814516918301,237.52874755859375,-0.02140414533354923,-0.9994947450935363,0.01160470407929002,-0.020431542677421827,0.03780000000000001,0.03314,-0.016610000000000003,-0.1749,-1.3030000000000002,-8.4979,12.871803703979696,28.793452577580343,35.849998474121094,35.89999771118164,36.0099983215332,36.07999801635742,29.11052929797226,29.15112913945839,29.240450649269487,29.29729104686394,29.199850033391023,0.01411423151550489,2.299999952316284,0.0,0.0,0.0,0.0,0.0,0.0,,,,,
pylon_camera_1771859973200585114.png,1771859973200585114,1771859973.2005851,42.30098170214766,-83.69815141294367,237.5220489501953,-0.02149775245779295,-0.9995098811546247,0.011390984800028873,-0.019699989310071952,-0.005460000000000001,0.03669000000000001,0.005960000000000001,0.09770000000000001,1.0602,-10.262400000000001,12.866147751377722,28.780800550966884,35.68000030517578,35.73999786376953,35.98999786376953,35.96999740600586,28.972489217405553,29.021207788161167,29.224210093161165,29.20796953705284,29.10646915894518,0.011315481214693194,3.0,0.0,84.0,0.0,0.0,0.0,0.0,,,,,
pylon_camera_1771859973248754529.png,1771859973248754529,1771859973.2487545,42.3009818723105,-83.69816077585764,237.51226806640625,-0.021477535466247977,-0.9995265188359874,0.011299243742530026,-0.018915091983792553,-0.0028400000000000005,0.022960000000000005,-0.00042000000000000007,-0.3246,1.1485,-10.0357,12.856420322789996,28.759040876861853,35.47999954223633,35.689998626708984,35.91999816894531,35.98999786376953,28.810086753891678,28.980607946675036,29.167369695566713,29.224210093161165,29.04556862232365,0.009963049417698877,2.9000000953674316,0.0,364.0,0.0,0.0,0.0,0.0,,,,,
pylon_camera_1771859973311176909.png,1771859973311176909,1771859973.311177,42.30098205053136,-83.69817013424296,237.50448608398438,-0.02120419257853068,-0.9995340324801244,0.012064972693341159,-0.018344932952268224,0.04844000000000001,0.012560000000000002,-0.01322,-0.30920000000000003,1.1596,-10.7035,12.850062306012813,28.744818374812304,35.540000915527344,35.65999984741211,35.88999938964844,35.88999938964844,28.858808422216647,28.956248661297227,29.143010410188907,29.143010410188907,29.025269475972923,0.009756579342535158,2.0,0.0,1392.0,0.0,0.0,0.0,0.0,,,,,
pylon_camera_1771859973360097058.png,1771859973360097058,1771859973.360097,42.300982174946434,-83.6981763663079,237.50051879882812,-0.020781213721733416,-0.9995258643722116,0.013284364034615165,-0.018431312471732877,0.051120000000000006,0.011830000000000002,-0.019430000000000003,-0.4808,0.4964,-9.3815,12.831047548631991,28.70228350343685,35.04999923706055,35.130001068115234,35.7599983215332,35.64999771118164,28.46092254148613,28.525884765919418,29.037448344269485,28.948126834458392,28.743095621533357,0.0014219118869626048,1.899999976158142,0.0,2464.0,480.0,0.0,0.0,0.0,,,,,
pylon_camera_1771859973407989177.png,1771859973407989177,1771859973.4079893,42.300982292587854,-83.69818259151211,237.4974365234375,-0.02022401250368072,-0.9995202462379879,0.01421795688535979,-0.0186578771731722,0.01591,0.0010800000000000002,-0.022200000000000004,-0.5833,-1.0723,-10.4312,12.815196022346818,28.666824590228494,33.77000045776367,33.45000076293945,35.07999801635742,35.27000045776367,27.421551731108323,27.16170902851387,28.485281826863936,28.639565561108324,27.927027036898615,0.025806749226841466,1.8000000715255737,0.0,2760.0,1184.0,0.0,0.0,0.0,,,,,
pylon_camera_1771859973452211664.png,1771859973452211664,1771859973.4522116,42.300982454742375,-83.69819191624511,237.4933624267578,-0.019832125726355843,-0.9995248744443557,0.014284320202081403,-0.018779519496875757,-0.007930000000000001,-0.006900000000000001,-0.01806,-0.9466,-1.6068,-9.482000000000001,12.801214705103833,28.63554922243497,32.68000030517578,31.260000228881836,34.5099983215332,34.86000061035156,26.53646155740555,25.383408403054162,28.022436819269487,28.306641904811098,27.062237171135074,0.054942618319583726,1.5,0.0,2952.0,1928.0,0.0,0.0,0.0,,,,,
pylon_camera_1771859973500664198.png,1771859973500664198,1771859973.5006642,42.30098258798003,-83.69820120742638,237.49078369140625,-0.019617038312116086,-0.9995294231896378,0.013305695225352883,-0.019469526461137556,-0.021390000000000003,-0.036930000000000004,0.00010000000000000002,-2.1943,-1.1572,-10.3618,12.730695129047136,28.477801161970703,30.69999885559082,28.19999885559082,34.0,34.11000061035156,24.928682124729196,22.898659074729196,27.60831348,27.6976349898111,25.783322417317372,0.09461681150620371,0.20000000298023224,0.0,3312.0,2360.0,1.0,0.0,0.0,,,,,
pylon_camera_1771859973550467164.png,1771859973550467164,1771859973.550467,42.30098266777791,-83.69820734877582,237.48934936523438,-0.019749828219268073,-0.9995222007085822,0.012477867192080522,-0.020239007048736525,-0.044860000000000004,-0.024740000000000005,0.012720000000000002,-3.0966,-0.30060000000000003,-8.0884,12.632157495947677,28.2573783889852,29.329999923706055,31.170000076293945,34.25,33.75,23.816230360648614,25.310327449351387,27.811315785,27.405311174999998,26.0857961925,0.0768500943927512,-2.1000001430511475,0.0,3740.0,2100.0,1.0,0.0,0.0,,,,,
pylon_camera_1771859973603154048.png,1771859973603154048,1771859973.603154,42.30098274318139,-83.69821345009561,237.48846435546875,-0.020293770166333436,-0.9994897863587624,0.011941575148768233,-0.021580746973118695,-0.03404000000000001,-0.033490000000000006,0.03264,-4.6298,2.5167,-8.8228,12.446284239248863,27.84159106614535,30.599998474121094,31.349998474121094,33.11000061035156,32.97999954223633,24.84748089297226,25.456487807972263,26.8856257698111,26.78006370389168,25.992414543661827,0.06641777469147858,-4.099999904632568,0.0,4268.0,2252.0,1.0,0.0,0.0,,,,,
pylon_camera_1771859973659293896.png,1771859973659293896,1771859973.659294,42.30098285128857,-83.69822248981168,237.4861297607422,-0.020726608096499455,-0.9994567586898105,0.012362532113278557,-0.022444665865633127,-0.006250000000000001,-0.021070000000000005,0.02023,-5.0572,-0.2727,-10.1917,12.315006409516489,27.547930437703815,30.34000015258789,29.349998474121094,32.86000061035156,32.98999786376953,24.63635985870277,23.83246936797226,26.682623464811094,26.788182433161165,25.484908781161824,0.07488844438631265,-3.9000000953674316,0.0,4416.0,2360.0,1.0,0.0,0.0,,,,,
pylon_camera_1771859973705815951.png,1771859973705815951,1771859973.705816,42.300982965692214,-83.6982313961664,237.4805450439453,-0.02102001490537264,-0.9994529667467815,0.01235171545627283,-0.02234639478131718,0.009750000000000002,0.012360000000000001,0.02086,-3.6162,0.29300000000000004,-7.664000000000001,12.17252180995561,27.229200937562105,29.56999969482422,28.459999084472656,32.41999816894531,32.5099983215332,24.011112387594455,23.109781657783355,26.325337425566712,26.398418379269486,24.961162462553503,0.08329434566256004,-3.1000001430511475,0.0,4456.0,2376.0,1.0,0.0,0.0,,,,,
pylon_camera_1771859973751498263.png,1771859973751498263,1771859973.7514982,42.3009830383714,-83.69823725700451,237.47445678710938,-0.02128768743634457,-0.9994716464770073,0.011880100353069892,-0.021497103706165772,-0.03445000000000001,0.04993,0.008870000000000001,-2.4712,0.7095,-9.2109,12.014811524998798,26.876412492730815,27.25,29.17999839782715,32.16999816894531,32.23999786376953,22.127251245,23.694427738620874,26.12233512056671,26.179175518161166,24.530797405587187,0.08727411397551811,-1.7000000476837158,0.0,4456.0,2384.0,1.0,0.0,0.0,,,,,
pylon_camera_1771859973811373212.png,1771859973811373212,1771859973.8113732,42.30098315884377,-83.69824594956262,237.46498107910156,-0.021490922646791755,-0.9994880456461801,0.011732827224625575,-0.020594358923889933,-0.010870000000000001,0.05291000000000001,0.0011400000000000002,-3.2324,-0.7418,-9.781500000000001,11.872809906760027,26.558763392827778,29.010000228881836,27.260000228881836,31.399999618530273,31.869998931884766,23.55638765805416,22.13537152305416,25.497089198243067,25.87873297408058,24.26689533835799,0.08629423066770907,-0.10000000149011612,0.0,4456.0,2156.0,1.0,0.0,0.0,,,,,
pylon_camera_1771859973861647110.png,1771859973861647110,1771859973.8616471,42.30098324724586,-83.69825167288586,237.4590606689453,-0.02129592646249684,-0.999505351607088,0.01152993080665903,-0.02006480302642259,0.004300000000000001,0.008660000000000001,-0.019200000000000002,-3.8224,0.3824,-10.365300000000001,11.74669131357832,26.27664366699589,27.299999237060547,28.76999855041504,31.03999900817871,31.59000015258789,22.16785108648613,23.36150408232365,25.204765383431972,25.651371383702777,24.096372983986132,0.08297371272527597,0.699999988079071,0.0,4484.0,2148.0,1.0,0.0,0.0,,,,,
pylon_camera_1771859973914551101.png,1771859973914551101,1771859973.914551,42.300983389354236,-83.69826016465356,237.45065307617188,-0.02051374475471951,-0.9995189024587662,0.012120602970074442,-0.019855500180138996,0.053160000000000006,-0.00427,-0.04195000000000001,-4.0905000000000005,0.9273,-10.5417,11.605507320731824,25.960823546037847,27.69999885559082,29.25,30.420000076293945,30.979999542236328,22.492654464729195,23.751269685,24.70132053435139,25.156045263891677,24.02532248699307,0.07455468643405865,1.3000000715255737,0.0,4596.0,2060.0,1.0,0.0,0.0,,,,,
pylon_camera_1771859973960837118.png,1771859973960837118,1771859973.9608371,42.30098348624531,-83.69826576724948,237.44639587402344,-0.01958442458477272,-0.9995356987481789,0.012618049127396367,-0.019637262484661733,0.00335,0.00177,-0.04812,-2.6893000000000002,0.6616000000000001,-10.2077,11.474166009624222,25.66702091356881,27.40999984741211,26.279998779296875,29.869998931884766,29.760000228881836,22.257172596297227,21.33960131037781,24.254714534080584,24.165394573054165,23.004220753452444,0.10374402892657801,1.399999976158142,0.0,4664.0,2080.0,1.0,0.0,0.0,,,,,
pylon_camera_1771859974007773121.png,1771859974007773121,1771859974.0077732,42.3009836166448,-83.69827405314572,237.44216918945312,-0.018065015415495267,-0.9995707287901021,0.01264727229591246,-0.01928885345309589,-0.056560000000000006,0.04233,-0.041780000000000005,-3.4302,0.0599,-8.8131,11.312369166826354,25.305091084040544,26.170000076293945,27.219999313354492,28.439998626708984,28.799999237060547,21.25028134935139,22.102890410837517,23.093541101675036,23.38586491648613,22.458144444587518,0.11250489595149268,0.10000000149011612,0.0,4720.0,1668.0,1.0,0.0,0.0,,,,,
pylon_camera_1771859974063561394.png,1771859974063561394,1771859974.0635614,42.300983687145404,-83.69827950464617,237.43960571289062,-0.01669501847932947,-0.9996150476111814,0.012046767523388862,-0.01859861122524114,-0.03737000000000001,0.041710000000000004,-0.04492000000000001,-2.0603000000000002,-1.5185000000000002,-9.5417,11.160370351698054,24.965078854527448,29.389999389648438,27.849998474121094,27.0,27.01999855041504,23.864950480188906,22.614455537972262,21.924248940000002,21.940487947323646,22.586035726371204,0.09529483732132502,-0.9000000357627869,0.0,4736.0,1688.0,1.0,0.0,0.0,,,,,
pylon_camera_1771859974114473141.png,1771859974114473141,1771859974.114473,42.30098377509579,-83.69828760166136,237.43716430664062,-0.015918678770876216,-0.9996225615333274,0.012633170484424009,-0.01848602562072735,-0.01572,0.036140000000000005,-0.02177,-2.8831,-4.6124,-8.9657,11.033095466450844,24.68037257272255,25.19999885559082,25.719999313354492,25.939998626708984,24.350000381469727,20.462631414729195,20.884876580837517,21.063518051675032,19.772424816756935,20.54586271599967,0.16752218162591503,-1.0,0.0,4756.0,1852.0,1.0,0.0,0.0,,,,,
pylon_camera_1771859974157263008.png,1771859974157263008,1771859974.157263,42.30098381161334,-83.69829292948268,237.43331909179688,-0.015333104478538197,-0.9996618203160874,0.010366062851680315,-0.018267064633693028,-0.06504000000000001,0.011720000000000001,-0.06719000000000001,-4.6193,3.8306,-7.9049000000000005,10.916866364777801,24.420375046026056,24.299999237060547,25.189998626708984,24.170000076293945,24.26999855041504,19.73182342648613,20.454511136675034,19.626262909351386,19.707462592323647,19.88001501620905,0.18592507368374186,-0.6000000238418579,0.0,4764.0,1672.0,1.0,0.0,0.0,,,,,
pylon_camera_1771859974207186022.png,1771859974207186022,1771859974.207186,42.30098383283576,-83.69829822629514,237.4300079345703,-0.014961455429535477,-0.9996688997839243,0.011744612880276149,-0.017329446745957433,-0.06399,-0.07876,-0.0005700000000000001,0.8063,-8.4986,-14.103000000000002,10.869268062985356,24.313900500814462,21.85999870300293,23.239999771118164,23.279998779296875,23.59000015258789,17.75052049602642,18.871094086945842,18.90357365037781,19.155297623702776,18.67012146426321,0.23212149923712147,-0.5,0.0,4764.0,1392.0,1.0,0.0,0.0,,,,,
pylon_camera_1771859974258756134.png,1771859974258756134,1771859974.2587562,42.3009838441858,-83.69830607483763,237.4275360107422,-0.014940635764818022,-0.9996774988435349,0.01065642211475623,-0.017553244047455136,-0.07082000000000001,-0.07938000000000002,0.0040100000000000005,-2.7457000000000003,-1.0288000000000002,-10.7227,10.689052199372526,23.91076842686438,22.59000015258789,20.969999313354492,23.119998931884766,21.619998931884766,18.343288403702772,17.027832785837518,18.77365229908058,17.55563846908058,17.925102989425362,0.25033346191893874,0.699999988079071,0.0,4788.0,812.0,1.0,0.0,0.0,,,,,
pylon_camera_1771859974319025194.png,1771859974319025194,1771859974.319025,42.30098383608387,-83.69831382444549,237.4291534423828,-0.015720560845074782,-0.9996522598164128,0.008224604702563183,-0.01950844145855356,-0.14895000000000003,-0.08362,0.039810000000000005,-2.1453,-1.9892,-7.483300000000001,10.578315017793642,23.66305599590331,22.639999389648438,20.959999084472656,22.959999084472656,22.829999923706055,18.383888245188903,17.019712507783357,18.643730947783357,18.538170430648613,18.14637553285106,0.23313474235987655,3.1000001430511475,0.0,4812.0,312.0,1.0,0.0,0.0,,,,,
pylon_camera_1771859974358164516.png,1771859974358164516,1771859974.3581645,42.300983811405324,-83.69831893990532,237.4285888671875,-0.016295604327074553,-0.9996233587917045,0.0056942934799555246,-0.021334686765239013,-0.06251000000000001,-0.053750000000000006,-0.0018300000000000002,-2.007,0.43410000000000004,-5.7883000000000004,10.460325818859065,23.3991212372386,23.399999618530273,20.739999771118164,23.010000228881836,24.469999313354492,19.001015438243066,16.84107103694584,18.684332338054162,19.869865055837515,18.599070967270144,0.20513805716470246,4.599999904632568,0.0,5008.0,272.0,1.0,0.0,0.0,,,,,
pylon_camera_1771859974408954886.png,1771859974408954886,1771859974.4089549,42.30098380493112,-83.69832398409784,237.42547607421875,-0.01655803095496411,-0.9995737694539761,0.005132286770900024,-0.02348979912568858,0.10445000000000002,-0.019190000000000006,0.006660000000000001,-4.4781,6.335100000000001,-9.7764,10.277377521446038,22.9898768728235,23.40999984741211,20.729999542236328,19.75,23.149999618530273,19.009135716297227,16.83295075889168,16.037182095000002,18.798013133243067,17.669320425857997,0.23143040201554851,5.300000190734863,0.0,5628.0,284.0,1.0,0.0,0.0,,,,,
pylon_camera_1771859974467646087.png,1771859974467646087,1771859974.4676461,42.30098380739656,-83.69833390731917,237.42088317871094,-0.01680615671883212,-0.9995437949629491,0.005623209355971267,-0.024456789731020608,-0.13076000000000002,0.16236,0.019610000000000002,-4.3543,6.1930000000000005,-6.647200000000001,10.05808039131563,22.499322350549583,21.53999900817871,22.44999885559082,24.51999855041504,21.469999313354492,17.49067779343197,18.229606059729196,19.910464897323646,17.433837395837518,18.26614653658058,0.18814681384684456,6.099999904632568,0.0,5684.0,504.0,1.0,0.0,0.0,,,,,
pylon_camera_1771859974522067033.png,1771859974522067033,1771859974.5220668,42.300983833561745,-83.69833874422488,237.41563415527344,-0.017116642333969367,-0.9995309680810128,0.006619556392493902,-0.02451623697492643,0.017880000000000004,0.12253000000000001,-0.07914,-2.8711,-1.4326,-12.1392,9.844581432845967,22.02173799039046,22.939998626708984,25.28999900817871,26.68000030517578,21.189998626708984,18.627490391675032,20.53571236843197,21.664406237405547,17.206474256675033,19.508520813546895,0.11412437919024591,7.900000095367432,0.0,5684.0,464.0,1.0,0.0,0.0,,,,,
pylon_camera_1771859974559884043.png,1771859974559884043,1771859974.559884,42.300983889755074,-83.69834357390141,237.40850830078125,-0.01623375695518614,-0.9995512434253284,0.007571046972874827,-0.024009501238770718,0.12754000000000001,0.010750000000000001,-0.05092000000000001,0.6191,3.3288,-6.9698,9.873981674011665,22.087504565863654,24.5,26.829999923706055,26.19999885559082,23.3799991607666,19.89422589,21.786207310648614,21.274640634729195,18.98477488213474,20.484962179378137,0.07255425264120846,9.699999809265137,0.0,5684.0,420.0,1.0,0.0,0.0,,,,,
pylon_camera_1771859974621695886.png,1771859974621695886,1771859974.621696,42.30098401324647,-83.69835065687842,237.39285278320312,-0.013459375270982623,-0.9996407563053773,0.010558895806702401,-0.020632820211291435,0.0327,0.13698000000000002,-0.14144,-1.6526,-0.2604,-5.6557,9.604694154471126,21.485124541902643,28.260000228881836,26.849998474121094,26.510000228881836,25.779998779296875,22.94738074305416,21.80244631797226,21.526364608054163,20.93359670037781,21.8024470923646,0.01476940707711881,13.40000057220459,0.0,5684.0,812.0,1.0,0.0,0.0,,,,,
pylon_camera_1771859974660723234.png,1771859974660723234,1771859974.6607232,42.30098413596503,-83.69835759821909,237.3717041015625,-0.01100871148195848,-0.9996937743026125,0.011829608834462192,-0.01874103110631006,0.16779,0.13698000000000002,-0.09297000000000001,-3.1619,-2.4633000000000003,-14.4991,9.520084577139418,21.29585799398625,27.989999771118164,27.3799991607666,26.099998474121094,25.60999870300293,22.72813788194584,22.23281176213474,21.19343940297226,20.795555071026424,21.73748602951982,0.020737743257786573,13.600000381469727,0.0,5684.0,1148.0,1.0,0.0,0.0,,,,,
pylon_camera_1771859974711449625.png,1771859974711449625,1771859974.7114496,42.30098422537526,-83.69836214777897,237.3603973388672,-0.008944595308068628,-0.9997223520021977,0.015403483168415107,-0.015425492804098655,0.17901000000000003,0.04653000000000001,-0.08235000000000002,-3.1894,-1.6684,-12.3809,9.344348730522428,20.902747449254843,26.510000228881836,23.43000030517578,25.079999923706055,25.939998626708984,21.526364608054163,19.02537627240555,20.365191175648615,21.063518051675032,20.49511252694584,0.01950149966164069,12.800000190734863,0.0,5684.0,1072.0,1.0,0.0,0.0,,,,,
pylon_camera_1771859974761916919.png,1771859974761916919,1771859974.7619169,42.300984298655415,-83.69836666608599,237.35467529296875,-0.008445819487870211,-0.9997154590581472,0.01881321756114313,-0.011988823892833142,0.12297000000000001,0.09163,-0.006120000000000001,-0.45380000000000004,-4.4251000000000005,-10.4336,9.313409167507022,20.833537503163157,26.010000228881836,24.78999900817871,25.649999618530273,25.15999984741211,21.120359998054163,20.12970775843197,20.828036183243064,20.430151851297225,20.627063947756604,0.009910633533801193,11.199999809265137,0.0,4892.0,1080.0,1.0,0.0,0.0,,,,,
pylon_camera_1771859974814877958.png,1771859974814877958,1771859974.814878,42.30098432437192,-83.69837117365837,237.35194396972656,-0.008950053317168638,-0.9997676922684917,0.015400701696248997,-0.01213575003933841,-0.16668000000000002,-0.11995000000000003,0.06849000000000001,-2.3564000000000003,5.7479000000000005,-15.862,9.299587022452295,20.802618194004438,25.079999923706055,24.959999084472656,25.649999618530273,24.399999618530273,20.365191175648615,20.267749387783354,20.828036183243064,19.813024658243066,20.318500351229524,0.023271966935125635,11.0,0.0,3924.0,1336.0,1.0,0.0,0.0,,,,,
pylon_camera_1771859974862464386.png,1771859974862464386,1771859974.8624644,42.30098430796189,-83.69837792349192,237.3569793701172,-0.01215695410128026,-0.9997558834595723,0.012991010451603393,-0.013100213830159423,-0.21321000000000004,-0.12502000000000002,0.15271,-1.7053,-3.2368,-5.3082,9.246649828156214,20.684200866595763,25.90999984741211,22.639999389648438,25.56999969482422,23.18000030517578,21.039158766297227,18.383888245188903,20.763075507594454,18.822373967405547,19.752124121621534,0.045062255534343544,12.5,0.0,3924.0,1436.0,1.0,1.0,0.0,,,,,
pylon_camera_1771859974913684441.png,1771859974913684441,1771859974.9136844,42.30098426739156,-83.69838239522065,237.35951232910156,-0.016087484975293553,-0.9997074908726822,0.009816152085726148,-0.01515812252377558,-0.021400000000000002,-0.036430000000000004,0.19304000000000004,-4.4362,3.9462,-14.110800000000001,9.10210330778573,20.360858973318212,22.1299991607666,21.260000228881836,22.729999542236328,23.299999237060547,17.96976335713474,17.263316203054163,18.456969198891677,18.91981420648613,18.15246574139168,0.10846267511702283,12.300000190734863,0.0,4852.0,2124.0,1.0,1.0,0.0,,,,,
pylon_camera_1771859974964508312.png,1771859974964508312,1771859974.9645085,42.30098424957336,-83.69838900464804,237.36441040039062,-0.022770991683332187,-0.999578193089131,0.008221782453084091,-0.01604120106848421,-0.032830000000000005,-0.0089,0.26241000000000003,-1.4183000000000001,3.6223,-7.285200000000001,9.007589792259035,20.149437909895926,11.010000228881836,24.139999389648438,24.85999870300293,21.03999900817871,8.940221698054161,19.601902075188907,20.18654815602642,17.08467318343197,16.453336278175364,0.18343447833377569,9.90000057220459,0.0,4892.0,1488.0,1.0,0.0,0.0,,,,,
pylon_camera_1771859975016521818.png,1771859975016521818,1771859975.0165217,42.30098427894843,-83.69839555091572,237.3619842529297,-0.027589001990434514,-0.9994338308432541,0.008749867983555891,-0.01715530662564511,0.025130000000000006,-0.07323000000000002,0.26289,-2.7653000000000003,5.1026,-10.4559,8.962128325971305,20.047743337498254,4.799999713897705,24.19999885559082,24.09000015258789,22.56999969482422,3.8976440236822985,19.650622194729195,19.561302233702776,18.327047847594454,15.35915407492718,0.2338711736099152,5.800000190734863,0.0,5124.0,876.0,1.0,0.0,0.0,,,,,
pylon_camera_1771859975112100107.png,1771859975112100107,1771859975.1121001,42.30098453874628,-83.69840622928203,237.371337890625,-0.03561273992252678,-0.999038793134827,0.0146830165129433,-0.02091964610119964,0.05047000000000001,0.013200000000000002,0.16259000000000004,-3.3840000000000003,0.7977000000000001,-4.0568,8.679612991817303,19.4157734859158,13.460000038146973,21.350000381469727,23.369998931884766,22.5,10.929644132175694,17.336397156756938,18.976654604080583,18.27020745,16.378225835753305,0.15644741902072207,5.400000095367432,0.0,6572.0,916.0,1.0,0.0,0.0,,,,,
pylon_camera_1771859975115875656.png,1771859975115875656,1771859975.1158755,42.30098453874628,-83.69840622928203,237.371337890625,-0.036583287758480854,-0.9990093287406914,0.014898160594783483,-0.02049558383519865,0.050080000000000006,0.08603000000000001,0.19192000000000004,-2.3424,0.8894000000000001,-3.1002,8.659977678732488,19.371850468663855,13.460000038146973,21.350000381469727,23.369998931884766,22.5,10.929644132175694,17.336397156756938,18.976654604080583,18.27020745,16.378225835753305,0.15453477909883073,5.400000095367432,0.0,6600.0,984.0,1.0,0.0,0.0,,,,,
pylon_camera_1771859975181340520.png,1771859975181340520,1771859975.1813405,42.30098467707844,-83.69841244727375,237.36483764648438,-0.041660705947692445,-0.9988595086229619,0.012579533608280527,-0.019642376323473317,-0.20045000000000002,0.13917000000000002,0.14689000000000002,-5.4055,2.3131,-9.033000000000001,8.418201660255919,18.831012021892878,24.01999855041504,22.35999870300293,22.329999923706055,21.389999389648438,19.504460287323646,18.15652510602642,18.132165820648613,17.368876720188904,18.290506983546898,0.02870292035911775,7.700000286102295,0.0,6724.0,1696.0,1.0,0.0,0.0,,,,,
pylon_camera_1771859975226040070.png,1771859975226040070,1771859975.2260401,42.30098478592187,-83.6984165697544,237.35777282714844,-0.04642952872962969,-0.9986684171090268,0.011037023259246865,-0.019592744791641196,-0.05401,0.04407000000000001,0.15717000000000003,-11.1081,1.3062,-6.8935,8.363734115290018,18.709171391856856,23.93000030517578,22.68000030517578,23.299999237060547,20.44999885559082,19.431380882405552,18.416369357405546,18.91981420648613,16.605587619729196,18.343288016506605,0.019556364506313782,9.100000381469727,0.0,7136.0,1752.0,1.0,0.0,0.0,,,,,
pylon_camera_1771859975275485731.png,1771859975275485731,1771859975.2754858,42.30098500248434,-83.69842265076386,237.35122680664062,-0.04892831915833479,-0.9985632659745548,0.010701866520371781,-0.01904976334631244,0.027980000000000005,-0.018770000000000002,0.11033000000000001,0.5945,1.5178,-12.8047,8.315484932995794,18.601240866015612,22.65999984741211,22.639999389648438,22.619998931884766,22.18000030517578,18.400128801297228,18.383888245188903,18.36764768908058,18.010364747405546,18.290507370743065,0.016704987452759463,9.699999809265137,0.0,7060.0,2200.0,1.0,0.0,0.0,,,,,
pylon_camera_1771859975317947080.png,1771859975317947080,1771859975.3179471,42.30098518882647,-83.69842662896856,237.34864807128906,-0.05097827721760856,-0.9984506472664242,0.012955052628382462,-0.01815728053919509,0.14296000000000003,0.10288000000000001,0.06356,-0.6106,0.1621,-8.4894,8.151558503311573,18.23454727839779,21.389999389648438,21.53999900817871,22.100000381469727,21.850000381469727,17.368876720188904,17.49067779343197,17.945404071756936,17.742401766756934,17.636840088033686,0.0327788335645821,9.600000381469727,0.0,6920.0,2620.0,1.0,0.0,0.0,,,,,
pylon_camera_1771859975376778220.png,1771859975376778220,1771859975.3767781,42.300985461429754,-83.69843251510308,237.34368896484375,-0.05263451673605296,-0.9983819315893211,0.01361135185622429,-0.0166690558995972,0.024880000000000006,0.10350000000000001,0.04254000000000001,-2.7409000000000003,4.341600000000001,-12.670900000000001,7.999629663066828,17.894691578500712,18.239999771118164,19.059999465942383,21.709999084472656,20.84000015258789,14.811047986945841,15.476895299540292,17.628719422783355,16.922272268702773,16.209733744493064,0.09415964654188357,10.699999809265137,0.0,6304.0,1940.0,1.0,0.0,0.0,,,,,
pylon_camera_1771859975418497942.png,1771859975418497942,1771859975.418498,42.30098565695819,-83.69843636775238,237.3437042236328,-0.05281010826359783,-0.9983704948604517,0.014674519506385493,-0.015877844140203736,0.007620000000000001,-0.0064600000000000005,0.024420000000000004,-4.3588000000000005,-2.5008,-11.7674,7.9160321308616295,17.707688914809616,19.439998626708984,17.18000030517578,21.219999313354492,20.85999870300293,15.785458121675035,13.950318647405549,17.230835090837516,16.93851127602642,15.97628078398613,0.09777719380282555,12.100000381469727,0.0,5784.0,1904.0,1.0,0.0,0.0,,,,,
pylon_camera_1771859975469048742.png,1771859975469048742,1771859975.4690487,42.3009859655798,-83.69844205926056,237.34715270996094,-0.05298770808015213,-0.9983696955450352,0.014207915614443225,-0.01576035988228581,0.016430000000000004,-0.07885,-0.00493,-4.4314,-1.8292000000000002,-10.3241,7.808131768440942,17.466322278096282,21.35999870300293,8.059999465942383,20.770000457763672,20.979999542236328,17.34451588602642,6.544793879540292,16.86543187110832,17.03595306389168,14.44767367514168,0.17282680090817698,11.800000190734863,0.0,5584.0,1624.0,1.0,0.0,0.0,,,,,
pylon_camera_1771859975519801451.png,1771859975519801451,1771859975.5198014,42.30098628145124,-83.69844762812093,237.34991455078125,-0.05277294987453962,-0.9984154638898288,0.011194613237077104,-0.016008056148999063,-0.09615000000000003,-0.052890000000000006,-0.04051000000000001,-5.9554,2.0993,-10.594000000000001,7.619645558481353,17.04468993558928,20.299999237060547,6.429999828338623,20.299999237060547,19.739999771118164,16.48378654648613,5.221219145209379,16.48378654648613,16.029061816945838,13.554463513781869,0.20476913543142983,9.0,0.0,5584.0,1432.0,1.0,0.0,0.0,,,,,
pylon_camera_1771859975580133431.png,1771859975580133431,1771859975.5801334,42.30098649442135,-83.69845128291865,237.34854125976562,-0.05177489231049898,-0.9985167943954756,0.008816524167333358,-0.014347150867905029,-0.06036000000000001,0.06931000000000001,-0.047400000000000005,-2.9034,3.1903,-5.257000000000001,7.475232432084716,16.721646436627584,18.770000457763672,8.319999694824219,19.439998626708984,20.18000030517578,15.241413431108322,6.7559164625944526,15.785458121675035,16.38634630740555,13.542283580695841,0.19013455809994723,4.300000190734863,0.0,5584.0,1692.0,1.0,0.0,0.0,,,,,
pylon_camera_1771859975631175861.png,1771859975631175861,1771859975.631176,42.30098684743533,-83.69845663098482,237.3400115966797,-0.050317485419537455,-0.9986071249179287,0.009341745441847805,-0.012833258210715893,0.07199000000000001,-0.020730000000000002,-0.07656000000000002,-5.8117,2.3837,-10.3233,7.321615062316443,16.378013597498146,16.920000076293945,12.670000076293945,15.899999618530273,19.69999885559082,13.739196064351386,10.288156879351387,12.910946288243066,15.996580704729196,13.23371998416876,0.19198259878168003,1.600000023841858,0.0,5584.0,1132.0,1.0,0.0,0.0,,,,,
pylon_camera_1771859975685305593.png,1771859975685305593,1771859975.6853056,42.300987117852785,-83.69846012865992,237.33416748046875,-0.0485833146957898,-0.9986865560607945,0.012362329251211321,-0.010582867857268662,0.14237,-0.0037,-0.06991,-3.4243,1.341,-9.8946,7.222119566310489,16.155448142662586,15.84999942779541,15.869999885559082,18.719999313354492,19.170000076293945,12.870345672364598,12.88658622847292,15.200812040837517,15.566216809351387,14.130990187756606,0.12531116048460963,1.600000023841858,0.0,5584.0,928.0,1.0,0.0,0.0,,,,,
pylon_camera_1771859975736359608.png,1771859975736359608,1771859975.7363596,42.30098748212897,-83.69846528084203,237.3319549560547,-0.04599406216966473,-0.9987842734439154,0.013999557759290848,-0.010887320551356107,-0.037020000000000004,-0.11036000000000001,-0.06428,-8.728100000000001,-0.1927,-11.712,6.998826536068293,15.655955031592608,15.799999237060547,16.639999389648438,18.270000457763672,18.81999969482422,12.82974505648613,13.511832925188905,14.835408821108322,15.282013272594453,14.114750018844454,0.09844209501356588,3.700000047683716,0.0,5584.0,728.0,1.0,0.0,0.0,,,,,
pylon_camera_1771859975786145326.png,1771859975786145326,1771859975.7861452,42.3009877093071,-83.698468637815,237.3362579345703,-0.04353842167465938,-0.9988767815843231,0.014336025815187937,-0.012002475313472594,-0.015400000000000002,-0.13714,-0.07445000000000002,-6.7785,-3.9654000000000003,-11.4397,6.829387945208658,15.276931070155056,15.210000038146973,16.969999313354492,17.85999870300293,18.28999900817871,12.350660267175694,13.779795905837517,14.50248361602642,14.85164782843197,13.871146904367901,0.0920200634100843,4.900000095367432,0.0,5584.0,724.0,1.0,0.0,0.0,,,,,
pylon_camera_1771859975831362129.png,1771859975831362129,1771859975.831362,42.300988015105126,-83.6984735274837,237.34365844726562,-0.04165949198188568,-0.998970601069998,0.01336933020144587,-0.011978561500551804,-0.056530000000000004,-0.056310000000000006,-0.07116000000000001,-0.2773,0.169,-6.260000000000001,6.710879290366809,15.011834319793131,14.809999465942383,14.229999542236328,15.09999942779541,17.489999771118164,12.025856114540291,11.554890828891677,12.261338757364596,14.202041071945839,12.5110316931856,0.1665887441423609,5.0,0.0,5584.0,1036.0,1.0,0.0,0.0,,,,,
pylon_camera_1771859975881214477.png,1771859975881214477,1771859975.8812144,42.3009882479547,-83.69847827535038,237.34710693359375,-0.039050701682354916,-0.9990996031843775,0.011249696308687489,-0.012184824491850982,-0.18961000000000003,-0.019180000000000003,-0.10192000000000001,-1.5963,-5.0242,-7.9154,6.486641091475026,14.510226923164147,14.789999961853027,14.059999465942383,17.520000457763672,17.18000030517578,12.009616332824306,11.416849199540291,14.226401906108324,13.950318647405549,12.900796521469616,0.11091696981838613,3.6000001430511475,0.0,5480.0,740.0,1.0,0.0,0.0,,,,,
pylon_camera_1771859975923593442.png,1771859975923593442,1771859975.9235935,42.30098832919246,-83.6984798276253,237.34715270996094,-0.03767003637804267,-0.999185114900462,0.008383061049066515,-0.011823654598942433,-0.08499000000000002,0.045160000000000006,-0.06392,-0.7053,-0.3704,-9.171100000000001,6.361938823736645,14.231275432369452,15.929999351501465,15.179999351501465,15.479999542236328,16.68000030517578,12.93530634801321,12.326299433013212,12.56990235389168,13.544314037405549,12.843955543080913,0.09748387598015563,0.800000011920929,0.0,5480.0,1116.0,1.0,0.0,0.0,,,,,
pylon_camera_1771859975973443795.png,1771859975973443795,1771859975.9734437,42.300988527724755,-83.69848440757816,237.3463592529297,-0.03572302300409058,-0.9992718978371999,0.006132747191064974,-0.011913405566013707,-0.040190000000000003,-0.015460000000000002,-0.07773000000000001,0.2272,-1.0530000000000002,-8.8691,6.225408487189616,13.92586526133394,15.229999542236328,14.149999618530273,15.920000076293945,15.869999885559082,12.36690004889168,11.489930153243066,12.927186844351388,12.88658622847292,12.417650818739764,0.10830310463952496,-2.1000001430511475,0.0,5480.0,1216.0,1.0,0.0,0.0,,,,,
pylon_camera_1771859976024523973.png,1771859976024523973,1771859976.024524,42.30098866017995,-83.6984873633454,237.34567260742188,-0.034380779178783905,-0.9993149109193077,0.005985894498592621,-0.012322333563397313,0.06192000000000001,0.04095000000000001,-0.06802000000000001,-4.4294,0.7559,-9.2166,6.038340017228327,13.507404318138734,14.5,13.710000038146973,15.229999542236328,15.329999923706055,11.77413369,11.132646437175694,12.36690004889168,12.448101280648613,11.930445364178997,0.11674774196564776,-3.5,0.0,5480.0,1744.0,1.0,0.0,0.0,,,,,
pylon_camera_1771859976074377923.png,1771859976074377923,1771859976.074378,42.300988858539114,-83.6984917051506,237.34449768066406,-0.03232681109858593,-0.9993612831269494,0.008331019931768092,-0.012751359847103506,0.10632000000000001,0.029560000000000006,-0.05962000000000001,-4.029100000000001,-4.9244,-12.876900000000001,5.849079096943015,13.084038995115709,13.569999694824219,12.799999237060547,14.139999389648438,15.329999923706055,11.018964867594454,10.39371739648613,11.481809875188905,12.448101280648613,11.335648354979526,0.13362774604912595,-2.5,0.0,5480.0,1992.0,1.0,0.0,0.0,,,,,
pylon_camera_1771859976124377954.png,1771859976124377954,1771859976.124378,42.30098898612539,-83.69849452863723,237.3446807861328,-0.03116251323948538,-0.9993737931874993,0.009611776025435604,-0.013730732692212344,0.12463000000000002,-0.06632000000000002,-0.04757000000000001,-4.4523,1.1706,-8.7867,5.696984582871502,12.743812692808579,14.109999656677246,12.479999542236328,13.559999465942383,13.789999961853027,11.457449815418759,10.133874693891677,11.01084458954029,11.197607112824306,10.949944052918758,0.14076388935801867,-0.4000000059604645,0.0,5444.0,2444.0,1.0,0.0,0.0,,,,,
pylon_camera_1771859976174975984.png,1771859976174975984,1771859976.174976,42.30098910230238,-83.69849727513017,237.34518432617188,-0.03035701965932497,-0.9993925204561034,0.010071370784720918,-0.01384228681673509,-0.07724000000000002,-0.00253,-0.048900000000000006,-2.8479,-1.3077,-6.4892,5.562876535790672,12.443821037971588,15.079999923706055,7.599999904632568,13.609999656677246,12.670000076293945,12.245098975648615,6.171269994560767,11.051445205418759,10.288156879351387,9.938992763744881,0.2012909271664524,2.9000000953674316,0.0,5396.0,2584.0,1.0,0.0,0.0,,,,,
pylon_camera_1771859976281986627.png,1771859976281986627,1771859976.2819865,42.300989298332865,-83.69850510976156,237.343017578125,-0.029976209162606682,-0.9994143324571191,0.006869746993739103,-0.015007516109352257,-0.04947000000000001,0.12645000000000003,0.023710000000000005,-1.7967000000000002,-4.4021,-7.875500000000001,5.127842668868198,11.470676379698029,5.62999963760376,8.460000038146973,11.420000076293945,11.420000076293945,4.571611614330912,6.869598032175693,9.273145354351389,9.273145354351389,7.496875088802345,0.3464312965823813,9.0,0.0,5216.0,1572.0,1.0,0.0,0.0,,,,,
pylon_camera_1771859976312202760.png,1771859976312202760,1771859976.3122027,42.30098935160785,-83.69850756609446,237.345947265625,-0.030545131639521494,-0.999376359618209,0.005643948602653789,-0.0167938266500249,-0.052980000000000006,-0.09899000000000001,0.05575000000000001,-6.795800000000001,6.2549,-15.5595,5.048653632266606,11.293535256162462,6.5,10.920000076293945,10.25,13.219999313354492,5.2780599299999995,8.867140744351389,8.323094505,10.734761330837516,8.300764127547225,0.2649986085607864,9.0,0.0,5216.0,1524.0,1.0,0.0,0.0,,,,,
pylon_camera_1771859976328700430.png,1771859976328700430,1771859976.3287003,42.30098935160785,-83.69850756609446,237.345947265625,-0.03069773530972575,-0.9993688604258832,0.006196237295647658,-0.016767125612391645,0.07981,0.04369000000000001,-0.007000000000000001,-3.3293000000000004,-0.1678,-10.8383,4.950223789122823,11.07335360284041,8.389999389648438,11.359999656677246,11.130000114440918,12.899999618530273,6.8127568601889035,9.224424460418758,9.037662711527082,10.474918628243065,8.887440665094452,0.19740297439659582,9.100000381469727,0.0,5132.0,1396.0,1.0,0.0,0.0,,,,,
pylon_camera_1771859976379790328.png,1771859976379790328,1771859976.3797903,42.30098941245603,-83.69851114315829,237.3501739501953,-0.031635662443511015,-0.9993114315829881,0.0058772179980496435,-0.018474465565283253,-0.010950000000000001,-0.046560000000000004,0.021270000000000004,-4.8601,0.45990000000000003,-7.3959,4.755375854818863,10.637490464678507,10.789999961853027,10.389999389648438,12.559999465942383,12.269999504089355,8.761579452824307,8.436775300188904,10.198835369540292,9.963352726715986,9.340135712317373,0.12196060308293243,8.90000057220459,0.0,4804.0,1344.0,1.0,0.0,0.0,,,,,
pylon_camera_1771859976436477228.png,1771859976436477228,1771859976.4364772,42.300989468234384,-83.69851453939307,237.35511779785156,-0.032843366052829726,-0.9992644842288068,0.00511687239264042,-0.01912123118875376,-0.09958000000000002,0.02109,0.04689,-2.467,0.4446,-8.7332,4.50658677913051,10.080964229708204,12.369999885559082,7.889999866485596,12.170000076293945,10.139999389648438,10.04455395847292,6.406752637385073,9.882152269351387,8.233772995188904,8.64180796509957,0.14275978287548105,8.800000190734863,0.0,4236.0,1532.0,1.0,0.0,0.0,,,,,
pylon_camera_1771859976479569776.png,1771859976479569776,1771859976.4795697,42.30098950679835,-83.6985167172,237.35687255859375,-0.03371369006450847,-0.9992356828475726,0.003804056104195646,-0.019415622151649763,-0.05773000000000001,0.012150000000000001,0.05457000000000001,-5.986800000000001,-0.5248,-8.8704,4.3553443091049795,9.742643898809293,11.6899995803833,7.170000076293945,10.90999984741211,10.949999809265137,9.49238744106737,5.822106169351388,8.859020466297226,8.891500804121533,8.266253720209379,0.15153896559642832,8.90000057220459,0.0,4060.0,1840.0,1.0,0.0,0.0,,,,,
pylon_camera_1771859976537436297.png,1771859976537436297,1771859976.5374365,42.30098954987394,-83.69851987953442,237.35557556152344,-0.03488734094689988,-0.9992252120741938,0.001708344047934093,-0.01813644280312309,-0.10138000000000001,0.014080000000000002,0.060090000000000005,-1.667,-0.3841,-7.789000000000001,4.264445277784249,9.5393082196867,11.039999961853027,8.769999504089355,10.119999885559082,10.429999351501465,8.964581757824307,7.121320456715984,8.21753321347292,8.46925563801321,8.193172766506605,0.14111457793155424,8.800000190734863,0.0,3792.0,1960.0,1.0,0.0,0.0,,,,,
pylon_camera_1771859976578236570.png,1771859976578236570,1771859976.5782366,42.30098956560634,-83.69852192749389,237.35060119628906,-0.03640488842685358,-0.999186416894889,0.0007043076808751682,-0.01734048275199525,-0.04264000000000001,0.09132000000000001,0.08927000000000002,-3.5981,0.5295,-10.066500000000001,4.109818615645373,9.193417654081761,10.979999542236328,8.9399995803833,10.889999389648438,10.019999504089355,8.915860863891679,7.259362086067371,8.842779910188904,8.136331981715985,8.288583710465984,0.09842193378585848,9.199999809265137,0.0,3748.0,2116.0,1.0,0.0,0.0,,,,,
pylon_camera_1771859976629325516.png,1771859976629325516,1771859976.6293256,42.300989587875534,-83.69852489556241,237.342041015625,-0.03828533565831688,-0.9991323387787202,0.00015105656510831789,-0.016394507068193842,0.014180000000000002,0.044730000000000006,0.08990000000000001,-4.4785,-1.5539,-12.4421,3.9888440627916455,8.922804837821143,9.880000114440918,9.019999504089355,9.699999809265137,9.679999351501465,8.02265118652708,7.324322761715985,7.876489279121533,7.8602487230132105,7.770927987594452,0.12909358337013319,11.40000057220459,0.0,3700.0,2476.0,1.0,0.0,0.0,,,,,
pylon_camera_1771859976682019894.png,1771859976682019894,1771859976.68202,42.30098961364714,-83.69852679531972,237.33795166015625,-0.04005044262021401,-0.9990711016676453,-0.0005573973096612691,-0.01589292819971143,0.008230000000000001,0.045970000000000004,0.057980000000000004,-4.9856,0.7260000000000001,-10.805900000000001,3.8418437372878866,8.593973929688765,6.339999675750732,7.639999866485596,9.59000015258789,8.649999618530273,5.148138191506605,6.203750332385074,7.787168543702775,7.023879443243065,6.540734127709379,0.23891622417962646,14.90000057220459,0.0,3700.0,2244.0,1.0,0.0,0.0,,,,,
pylon_camera_1771859976730558074.png,1771859976730558074,1771859976.730558,42.30098964166139,-83.69852865549694,237.33615112304688,-0.0412347957908773,-0.9990189838292907,-0.00090876719923314,-0.016122521730589486,0.014460000000000002,0.00524,0.048,-4.647200000000001,1.2289,-12.5943,3.6714625108202474,8.212841348954244,5.639999866485596,5.179999828338623,8.949999809265137,8.079999923706055,4.579731892385073,4.206207620209379,7.267482364121533,6.5610344356486126,5.65361407809115,0.3116128952361859,19.5,0.0,3700.0,2276.0,1.0,0.0,0.0,,,,,
pylon_camera_1771859976789049726.png,1771859976789049726,1771859976.7890496,42.30098975624583,-83.69853215472178,237.34242248535156,-0.04182393574511173,-0.9989705657857024,-0.00012343372534575313,-0.01756564421528354,0.015190000000000002,-0.05209000000000001,0.010380000000000002,-3.6696,0.1963,-10.654300000000001,3.4940012331596044,7.815871118504046,5.440000057220459,9.199999809265137,7.989999771118164,7.659999847412109,4.41733020326354,7.470484669121532,6.487953481945839,6.219990501297226,6.148939713907033,0.21327519086779193,23.30000114440918,0.0,3700.0,1808.0,1.0,0.0,0.0,,,,,
pylon_camera_1771859976832990951.png,1771859976832990951,1771859976.832991,42.300989825693435,-83.69853382250848,237.34686279296875,-0.04207994007454385,-0.9989284933331263,0.0009156610062199515,-0.019243321320776153,0.07146000000000002,-0.11200000000000002,0.024610000000000003,-4.8428,0.1764,-9.2481,3.395016348397646,7.594447870384631,3.5999999046325684,7.889999866485596,6.839999675750732,7.659999847412109,2.9232331145607664,6.406752637385073,5.554142801506606,6.219990501297226,5.276029763687418,0.30527803288217104,24.80000114440918,0.0,3700.0,1724.0,1.0,0.0,0.0,,,,,
pylon_camera_1771859976893334621.png,1771859976893334621,1771859976.8933346,42.30098993190237,-83.69853614710061,237.34959411621094,-0.043325958508298346,-0.9988664104122982,0.004487148216275078,-0.019199504427792488,0.06967000000000001,0.023060000000000004,0.04218,-3.117,-1.2453,-5.5693,3.0747340083654033,6.877995492672905,4.509999752044678,7.319999694824219,5.909999847412109,7.699999809265137,3.6621613808579925,5.943907242594452,4.798974366297227,6.252470839121533,5.164378457217801,0.2491448325723116,27.700000762939453,0.0,3700.0,1560.0,1.0,0.0,0.0,,,,,
pylon_camera_1771859976952408311.png,1771859976952408311,1771859976.9524083,42.30099000255884,-83.69853830449601,237.34292602539062,-0.04446923579315759,-0.9988476133217102,0.004989166410856925,-0.017350522989834017,0.013310000000000002,0.08349000000000001,0.053180000000000005,-3.6065,0.0063,-9.2951,2.856423549097719,6.389648093918652,8.130000114440918,5.199999809265137,7.5,7.029999732971191,6.601635051527081,4.222447789121532,6.090069150000001,5.7084245997701455,5.65564414760469,0.11487392349706241,32.20000076293945,0.0,3624.0,1648.0,1.0,0.0,0.0,,,,,
pylon_camera_1771859976982087250.png,1771859976982087250,1771859976.9820871,42.300990019233055,-83.69853898947308,237.34024047851562,-0.04498700495410307,-0.9988373449045619,0.004619770139756168,-0.016696871956169854,-0.046560000000000004,0.04798000000000001,0.03681,-2.6151,-1.1455,-8.5516,2.8205094356560654,6.309310376996479,7.46999979019165,6.809999942779541,7.279999732971191,5.96999979019165,6.065708703033686,5.529782741736461,5.911426904770146,4.847694873033686,5.588653305643494,0.11422121092353849,34.60000228881836,0.0,3372.0,1464.0,1.0,0.0,0.0,,,,,
pylon_camera_1771859977035879085.png,1771859977035879085,1771859977.0358791,42.30099005929724,-83.69854033630958,237.33602905273438,-0.04601215607198916,-0.998807990187863,0.003977582495013374,-0.01580060340569637,-0.012340000000000002,0.022210000000000004,0.025040000000000003,-2.9367,0.23700000000000002,-11.754800000000001,2.6910211864222324,6.019652932755349,6.949999809265137,6.639999866485596,5.329999923706055,6.799999713897705,5.643463924121533,5.391741112385073,4.328009080648613,5.521662463682299,5.22121914520938,0.13263784415233812,38.400001525878906,0.0,3336.0,1812.0,1.0,0.0,0.0,,,,,
pylon_camera_1771859977083009773.png,1771859977083009773,1771859977.0830097,42.30099014530365,-83.69854224843058,237.333251953125,-0.04676788870102683,-0.9987723284329836,0.005050181753337383,-0.01552727301437202,0.10330000000000002,-0.013180000000000002,0.015340000000000003,-2.1214,-0.5936,-12.3472,2.531936198265801,5.663789359348701,6.449999809265137,5.87999963760376,4.639999866485596,6.529999732971191,5.237459314121533,4.774613919330911,3.767722672385073,5.302419989770145,4.770553973901915,0.15770985267529483,43.29999923706055,0.0,3336.0,1808.0,1.0,0.0,0.0,,,,,
pylon_camera_1771859977133762995.png,1771859977133762995,1771859977.133763,42.30099024881209,-83.69854406173312,237.3357696533203,-0.04691688183581294,-0.9987452171516722,0.006350147244336122,-0.016324002126892626,0.0745,-0.04009,-0.010920000000000003,-2.9012000000000002,-0.9600000000000001,-10.936300000000001,2.434497578805761,5.445825013933759,5.839999675750732,5.909999847412109,5.960000038146973,5.62999963760376,4.7421335815066055,4.798974366297227,4.8395749821756935,4.571611614330912,4.738073636077609,0.12996219600249512,49.79999923706055,0.0,3336.0,2148.0,1.0,0.0,0.0,,,,,
pylon_camera_1771859977187061165.png,1771859977187061165,1771859977.1870613,42.3009903205581,-83.69854520182726,237.33901977539062,-0.04663200237911369,-0.9987455506466081,0.006292917967091544,-0.017122517372665742,-0.0105,-0.03585000000000001,-0.029540000000000004,-4.4507,1.863,-8.5976,2.28910830909836,5.120597940954486,5.21999979019165,5.289999961853027,5.489999771118164,4.949999809265137,4.238687958033686,4.295528742824307,4.457930431945839,4.019445484121532,4.2528981542313415,0.169452824988131,56.900001525878906,0.0,3224.0,2520.0,1.0,0.0,0.0,,,,,
pylon_camera_1771859977243959814.png,1771859977243959814,1771859977.24396,42.30099043155003,-83.6985467923558,237.34266662597656,-0.04497576948335724,-0.9988015172193934,0.007214601169998363,-0.017906950873219914,0.04970000000000001,0.0033200000000000005,-0.054680000000000006,-4.3984000000000005,-0.12840000000000001,-10.2349,2.0481750187981835,4.581644626550409,4.670000076293945,2.5,5.079999923706055,5.059999942779541,3.7920831193513873,2.03002305,4.125006775648613,4.10876660673646,3.513969887934115,0.23303307559673447,63.70000076293945,0.0,3016.0,2372.0,1.0,0.0,0.0,,,,,
pylon_camera_1771859977284827499.png,1771859977284827499,1771859977.2848275,42.300990508492994,-83.69854776662974,237.34555053710938,-0.04361275336167303,-0.9988505058299342,0.008189104038568531,-0.018125488201529545,0.04453000000000001,-0.025920000000000002,-0.06815000000000002,-2.9448000000000003,-0.9615,-9.8324,1.935226487791697,4.328985539600759,3.4600000381469727,2.2699999809265137,4.710000038146973,4.889999866485596,2.809551932175694,1.8432609139121532,3.8245634571756937,3.970724977385073,3.1120253201621533,0.2811190308459289,65.30000305175781,0.0,2736.0,2300.0,1.0,0.0,0.0,,,,,
pylon_camera_1771859977345142005.png,1771859977345142005,1771859977.3451421,42.30099061057526,-83.69854911319749,237.35049438476562,-0.04178296241779983,-0.998915893385228,0.008654960155989544,-0.0186095045254583,-0.008440000000000001,-0.021650000000000003,-0.05505000000000001,-3.1374,-1.8164,-8.5408,1.734573080176142,3.8801359059692198,1.399999976158142,4.170000076293945,4.299999713897705,4.21999979019165,1.1368128886401918,3.386078509351387,3.4916394136822984,3.426678738033686,2.860302387426891,0.2628344839605778,68.5999984741211,0.0,2392.0,1936.0,1.0,0.0,0.0,,,,,
pylon_camera_1771859977385858738.png,1771859977385858738,1771859977.3858588,42.30099065859471,-83.6985499374081,237.35328674316406,-0.041203491777201895,-0.9989381499282296,0.00796613552337004,-0.019010143822581697,-0.05293000000000001,-0.027660000000000004,-0.03122,-5.4566,-1.2775,-9.6919,1.6051089903465297,3.590532504865766,1.0099999904632568,3.7200000286102295,3.7200000286102295,3.93999981880188,0.8201293044560766,3.0206743216317706,3.0206743216317706,3.199316179665456,2.515198531846268,0.2994915020438451,72.20000457763672,0.0,2112.0,1880.0,1.0,0.0,0.0,,,,,
pylon_camera_1771859977446055089.png,1771859977446055089,1771859977.4460552,42.30099069275673,-83.69855104834556,237.354736328125,-0.040147019477569656,-0.9989959590641506,0.005267531208600071,-0.019171429668439016,-0.07027000000000001,0.037820000000000006,-0.028990000000000002,-4.7736,-0.927,-8.6945,1.3889349129062634,3.106964064076537,0.7799999713897705,2.200000047683716,3.379999876022339,3.549999952316284,0.6333671683682298,1.786420322719617,2.7445910629289965,2.8826326922803833,2.011752811574307,0.35250206629852116,78.4000015258789,0.0,1508.0,1628.0,1.0,0.0,0.0,,,,,
pylon_camera_1771859977495672266.png,1771859977495672266,1771859977.4956722,42.300990698237825,-83.69855201199863,237.35159301757812,-0.03960861052382397,-0.9990384721997871,0.0033017893529836227,-0.018503708389274568,-0.05500000000000001,0.06210000000000001,-0.022930000000000002,-5.0132,0.6880000000000001,-9.6805,1.1947050663694476,2.6724835511644724,2.8899998664855957,1.6200000047683716,3.1499998569488525,3.129999876022339,2.3467065373850726,1.3154549402719617,2.5578289268411494,2.541588757928996,2.1903947906067947,0.18038979523283458,83.70000457763672,0.0,980.0,1332.0,1.0,0.0,0.0,,,,,
pylon_camera_1771859977550381421.png,1771859977550381421,1771859977.5503814,42.30099069189385,-83.69855281658228,237.3471221923828,-0.03918906821736129,-0.9990753804320773,0.0016577605383810163,-0.017602641186836708,-0.06084000000000001,0.05728000000000001,-0.015330000000000002,-3.0941,1.3641,-10.297,1.0365501069716418,2.318700396289145,2.3899998664855957,0.9599999785423279,2.509999990463257,2.5999999046325684,1.9407019273850727,0.7795288337761724,2.0381431344560768,2.111223894560766,1.7173994475445218,0.2593267115091484,91.0,0.0,372.0,1000.0,1.0,0.0,0.0,,,,,
pylon_camera_1771859977588325659.png,1771859977588325659,1771859977.5883257,42.300990684070385,-83.69855304435228,237.3462371826172,-0.03904546735392905,-0.9990874662218667,0.001257945501234167,-0.017265685349845322,-0.038020000000000005,-0.007450000000000001,0.01124,-4.7131,-2.7114000000000003,-11.4,0.9298884538932686,2.0801046780520083,2.369999885559082,0.7899999618530273,2.3999998569488525,2.450000047683716,1.9244617584729196,0.6414872528243065,1.9488220118411492,1.989422627719617,1.626048412714498,0.21828529598939614,94.0999984741211,0.0,0.0,704.0,1.0,0.0,0.0,,,,,
pylon_camera_1771859977647074794.png,1771859977647074794,1771859977.6470747,42.30099069274754,-83.69855366829792,237.34510803222656,-0.03842093486414261,-0.9991264267297888,0.0008094166801038338,-0.016418283070014777,-0.006080000000000001,0.08820000000000001,-0.04427000000000001,-1.8858000000000001,1.346,-9.056000000000001,0.7401477961091353,1.655666211028369,1.9199999570846558,0.6599999666213989,1.899999976158142,1.96999990940094,1.5590576675523449,0.5359260580962681,1.5428174986401917,1.599658089832728,1.3093648285303832,0.2091613516005082,97.80000305175781,0.0,0.0,272.0,0.0,0.0,0.0,,,,,
pylon_camera_1771859977699572079.png,1771859977699572079,1771859977.699572,42.300990747093394,-83.6985541880843,237.34576416015625,-0.0370834404628157,-0.9991716767804104,0.00214469963358486,-0.016618634924249788,0.038310000000000004,0.030000000000000002,-0.07203000000000001,-3.6263,-1.0442,-10.122300000000001,0.6273528439411029,1.403350670725611,1.6100000143051147,0.6399999856948853,1.649999976158142,1.6899999380111694,1.3073348558158853,0.519685889184115,1.3398151936401916,1.3722955314644982,1.1347828675261726,0.19137611774580454,99.0999984741211,0.0,0.0,148.0,0.0,0.0,0.0,,,,,
pylon_camera_1771859977748036691.png,1771859977748036691,1771859977.7480366,42.30099082292397,-83.69855460366331,237.34764099121094,-0.03551849072806362,-0.9992290772223379,0.0036379153955293023,-0.01632340716181387,0.04245000000000001,0.019850000000000003,-0.05052000000000001,-2.3768000000000002,-1.7421,-10.4885,0.49841570885337916,1.114926035762478,1.4399999380111694,1.559999942779541,1.399999976158142,1.350000023841858,1.1692932264644982,1.2667343367364596,1.1368128886401918,1.0962124663598085,1.1672632295502394,0.0469423012011456,99.30000305175781,0.0,0.0,0.0,0.0,0.0,0.0,,,,,
pylon_camera_1771859977799636505.png,1771859977799636505,1771859977.7996364,42.30099086841319,-83.69855482459415,237.348876953125,-0.035087191348376734,-0.9992475070531354,0.004287970432779062,-0.015966275738081542,0.053290000000000004,0.030120000000000004,-0.021680000000000005,-3.1765000000000003,0.5623,-8.6333,0.39673741213420394,0.8874777866994862,1.1699999570846558,1.1699999570846558,1.1200000047683716,1.1899999380111694,0.9500507525523448,0.9500507525523448,0.9094503302719618,0.9662909214644981,0.9439606892102874,0.0,99.70000457763672,0.0,0.0,0.0,0.0,0.0,0.0,,,,,
pylon_camera_1771859977840217172.png,1771859977840217172,1771859977.840217,42.30099090933653,-83.69855505678449,237.3497772216797,-0.035096874944200496,-0.9992580449301345,0.005528508777439347,-0.01486622353707276,0.03769000000000001,0.05893000000000001,0.017750000000000002,-2.1925,-0.7953,-8.9933,0.2819387373488818,0.6306800391252078,1.1699999570846558,1.0699999332427979,1.1200000047683716,0.8899999856948853,0.9500507525523448,0.8688498111925363,0.9094503302719618,0.722688194184115,0.8627597720502396,0.0,100.30000305175781,0.0,0.0,0.0,0.0,0.0,0.0,,,,,
pylon_camera_1771859977892732340.png,1771859977892732340,1771859977.8927324,42.300990925231986,-83.69855515356191,237.34913635253906,-0.035489056761449145,-0.9992528587503425,0.006368196201536341,-0.013917514382583238,0.03948,0.05823000000000001,0.025360000000000004,-2.5935,-0.8445,-9.873700000000001,0.18889609785476655,0.4225492371352415,0.8499999642372131,0.7799999713897705,0.8799999952316284,0.8199999928474426,0.6902078079602874,0.6333671683682298,0.7145681097280383,0.6658475545920575,0.6759976601621532,0.0,101.5,0.0,0.0,0.0,0.0,0.0,0.0,,,,,
pylon_camera_1771859977942679893.png,1771859977942679893,1771859977.94268,42.30099092696,-83.69855521574985,237.34950256347656,-0.03595720766295696,-0.9992436253795156,0.006900337806861055,-0.013101209624932261,0.00464,0.01795,0.01862,-1.7309,-0.5106,-10.6471,0.10660611158373792,0.23847147524612672,0.6499999761581421,0.5999999642372131,0.6699999570846558,0.7099999785423279,0.5278059736401916,0.4872055029602873,0.5440461425523448,0.5765265287761724,0.5338960369822491,0.0,102.80000305175781,0.0,0.0,0.0,0.0,0.0,0.0,,,,,
pylon_camera_1771859978000654175.png,1771859978000654175,1771859978.000654,42.30099093172557,-83.69855523610353,237.34994506835938,-0.035943845122911156,-0.9992456172406233,0.006592591608950885,-0.013144358450056052,-0.019400000000000004,-0.0065000000000000014,-0.01119,-2.5971,0.5261,-9.8627,-0.03579147871838429,0.08006339040430256,0.5099999904632568,0.47999998927116394,0.5199999809265137,0.5399999618530273,0.41412469445607664,0.3897644168880862,0.4222447789121533,0.4384849478243065,0.41615470952015565,0.0,103.80000305175781,0.0,0.0,0.0,0.0,0.0,0.0,,,,,
pylon_camera_1771859978044715434.png,1771859978044715434,1771859978.0447154,42.30099092913643,-83.69855522077575,237.35011291503906,-0.035753414699512764,-0.9992534972710894,0.006254455876651634,-0.01322963758039261,-0.02527,-0.00986,-0.010600000000000002,-1.8272000000000002,0.07690000000000001,-8.624600000000001,-0.0867983939325557,0.19416279932349118,0.4399999976158142,0.41999998688697815,0.4599999785423279,0.4699999988079071,0.35728405486401915,0.3410438617521053,0.3735242237761724,0.38164433243200957,0.3633741182060766,0.0,104.0999984741211,0.0,0.0,0.0,0.0,0.0,0.0,,,,,
pylon_camera_1771859978111811294.png,1771859978111811294,1771859978.1118114,42.30099092142396,-83.69855507786649,237.34678649902344,-0.03538895598946673,-0.99927097655173,0.00527623991671867,-0.013315348574811843,-0.0204,-0.0033700000000000006,-0.0006300000000000001,-1.2384000000000002,-0.334,-9.277700000000001,-0.17856870092567026,0.39944746984866886,-0.429999977350235,-0.3799999952316284,-0.44999998807907104,-0.3700000047683716,0.349163946208182,0.3085634997280383,0.3654041393200958,0.3004434152719617,0.33089375013206945,0.0,104.5999984741211,0.0,0.0,0.0,0.0,0.0,0.0,,,,,
pylon_camera_1771859978145944496.png,1771859978145944496,1771859978.1459446,42.30099091806649,-83.69855502904949,237.34530639648438,-0.03546661427051029,-0.9992693043427335,0.004988244031782064,-0.013345189847107234,-0.016860000000000003,-0.00101,0.0076700000000000015,-0.9442,-0.0032,-9.8435,-0.20483150683139204,0.45819579089141416,-0.4099999964237213,-0.3799999952316284,-0.4099999964237213,-0.3499999940395355,0.33292377729602873,0.3085634997280383,0.33292377729602873,0.28420322216004795,0.31465356912003595,0.0,105.80000305175781,4.450000286102295,0.0,0.0,0.0,0.0,0.0,,,,,
pylon_camera_1771859978206379807.png,1771859978206379807,1771859978.20638,42.30099090130494,-83.69855480921673,237.34060668945312,-0.035835095352468205,-0.9992534607604795,0.004717237205994445,-0.013642388809404998,-0.007750000000000001,-0.012990000000000002,0.014210000000000002,-0.5589000000000001,0.2776,-10.191500000000001,-0.2344351426800005,0.5244173480666003,-0.3700000047683716,-0.3400000035762787,-0.4099999964237213,-0.29999998211860657,0.3004434152719617,0.27608313770397125,0.33292377729602873,0.24360275148014365,0.28826327043802635,0.0,109.0,14.300000190734863,0.0,0.0,0.0,0.0,0.0,,,,,
pylon_camera_1771859978245036921.png,1771859978245036921,1771859978.2450368,42.300990902439516,-83.69855474638102,237.33961486816406,-0.035963759167921994,-0.9992449592544229,0.004707697737844072,-0.013926845053616325,0.00158,-0.020770000000000004,0.007250000000000001,-0.5865,0.3519,-10.3537,-0.24224854979028076,0.5418954709678707,-0.3700000047683716,-0.3400000035762787,-0.4099999964237213,-0.28999999165534973,0.3004434152719617,0.27608313770397125,0.33292377729602873,0.23548266702406706,0.2862332493240072,0.0,111.70000457763672,20.55000114440918,0.0,0.0,0.0,0.0,0.0,,,,,
pylon_camera_1771859978303384586.png,1771859978303384586,1771859978.3033845,42.30099090752752,-83.69855455838034,237.3379364013672,-0.03600049395944427,-0.9992333853525923,0.004671816856097045,-0.014655379856442009,-0.006170000000000001,-0.017560000000000003,-0.00269,-0.4682,-0.1131,-10.006300000000001,-0.2525817483864518,0.5650102162355896,-0.6599999666213989,-0.6299999952316284,-0.6699999570846558,-0.28999999165534973,0.5359260580962681,0.5115658047280383,0.5440461425523448,0.23548266702406706,0.4567551681001796,0.0,116.20000457763672,23.825000762939453,0.0,0.0,0.0,0.0,0.0,,,,,
pylon_camera_1771859978348216664.png,1771859978348216664,1771859978.3482165,42.30099091299396,-83.69855443201689,237.33750915527344,-0.03594686446991607,-0.9992321231006869,0.004576289098533979,-0.014901163597580697,-0.006980000000000001,-0.019090000000000003,-0.00335,-0.09770000000000001,-0.29350000000000004,-10.004100000000001,-0.2512468138140253,0.5620240476931458,-0.6599999666213989,-0.6299999952316284,-0.6699999570846558,-0.28999999165534973,0.5359260580962681,0.5115658047280383,0.5440461425523448,0.23548266702406706,0.4567551681001796,0.0,119.0999984741211,26.30000114440918,0.0,0.0,0.0,0.0,0.0,,,,,
pylon_camera_1771859978406019524.png,1771859978406019524,1771859978.4060197,42.30099091697334,-83.6985542471918,237.33692932128906,-0.03599621845954987,-0.9992282237370459,0.004366282102978516,-0.015105122459541579,-0.00576,-0.00013000000000000002,0.006720000000000001,0.1746,-0.3443,-9.693200000000001,-0.23865706134885145,0.5338615268136998,-0.5999999642372131,-0.6299999952316284,-0.6200000047683716,-0.28999999165534973,0.4872055029602873,0.5115658047280383,0.5034457202719618,0.23548266702406706,0.4344249237460886,0.0,123.5,26.25,0.0,0.0,0.0,0.0,0.0,,,,,
pylon_camera_1771859978448757454.png,1771859978448757454,1771859978.4487574,42.30099091073243,-83.69855408747804,237.33607482910156,-0.036248673313372004,-0.9992203743210586,0.004257670809899201,-0.015051560184193711,-0.005580000000000001,0.006200000000000001,0.013590000000000001,0.6798000000000001,-0.25270000000000004,-9.5794,-0.2022783473201045,0.4524845262542346,-0.5600000023841858,-0.550000011920929,-0.6200000047683716,-0.28999999165534973,0.4547251651359809,0.44660508067990423,0.5034457202719618,0.23548266702406706,0.4100646582779785,0.0,127.20000457763672,26.075000762939453,0.0,0.0,0.0,0.0,0.0,,,,,
pylon_camera_1771859978496569209.png,1771859978496569209,1771859978.4965692,42.30099090779216,-83.69855404593639,237.33551025390625,-0.03651517040106883,-0.9992132652072281,0.0041678209544731785,-0.014903765731583073,-0.00529,0.010030000000000002,0.012810000000000002,1.0594000000000001,-0.152,-9.6884,-0.15572426692154798,0.34834584164748755,-0.5600000023841858,-0.4599999785423279,-0.5699999928474426,-0.28999999165534973,0.4547251651359809,0.3735242237761724,0.46284524959205753,0.23548266702406706,0.38164432638206947,0.0,130.10000610351562,25.975000381469727,0.0,0.0,0.0,0.0,0.0,,,,,
pylon_camera_1771859978556077463.png,1771859978556077463,1771859978.5560775,42.30099090018902,-83.6985539405558,237.33334350585938,-0.0367373288916773,-0.9992134390876233,0.003902000110161767,-0.014409934341619213,-0.007170000000000001,0.01675,0.00109,1.8574000000000002,0.2,-9.9517,-0.031442558200490904,0.07033511614100613,-0.47999998927116394,-0.3799999952316284,-0.8999999761581421,-0.28999999165534973,0.3897644168880862,0.3085634997280383,0.7308082786401916,0.23548266702406706,0.4161547155700958,0.0,135.10000610351562,26.774999618530273,0.0,0.0,0.0,0.0,0.0,,,,,
pylon_camera_1771859978599553422.png,1771859978599553422,1771859978.5995536,42.300990903431355,-83.69855394832327,237.3327178955078,-0.036693779326435805,-0.9992170990515493,0.0037743262370690386,-0.014300698696404381,-0.0006600000000000001,-0.0018300000000000002,-0.0035500000000000006,0.9225000000000001,0.0872,-10.3885,0.04665857268141497,0.10437242757396441,-0.4099999964237213,-0.32999998331069946,-6.949999809265137,-0.3700000047683716,0.33292377729602873,0.26796302904813407,5.643463924121533,0.3004434152719617,1.6361985364344145,0.0,139.1999969482422,27.575000762939453,0.0,0.0,0.0,0.0,0.0,,,,,
pylon_camera_1771859978657447719.png,1771859978657447719,1771859978.6574476,42.30099091535823,-83.69855401959063,237.33253479003906,-0.03642156673688063,-0.9992273748256422,0.0038157054428759607,-0.014267559968675764,0.0061400000000000005,0.0031200000000000004,-0.01617,0.7985,-0.3819,-9.6109,0.13870953685451187,0.3102849113713318,0.3700000047683716,0.3199999928474426,11.769999504089355,0.3700000047683716,0.3004434152719617,0.2598429445920575,9.557348116715985,0.3004434152719617,2.6045194729629917,0.0,143.5,28.774999618530273,0.0,0.0,0.0,0.0,0.0,,,,,
pylon_camera_1771859978707642203.png,1771859978707642203,1771859978.707642,42.30099093845238,-83.69855415473958,237.33253479003906,-0.03603932863077269,-0.9992432117259852,0.004052899438247491,-0.014062169730328358,0.014420000000000002,0.006170000000000001,-0.015030000000000003,0.7987000000000001,-0.068,-9.9788,0.21463626985060466,0.48012845747961164,0.3700000047683716,0.3199999928474426,16.719999313354492,0.38999998569488525,0.3004434152719617,0.2598429445920575,13.576793600837517,0.3166835841841149,3.613440886221413,0.0,147.3000030517578,28.649999618530273,0.0,0.0,0.0,0.0,0.0,,,,,
pylon_camera_1771859978749954242.png,1771859978749954242,1771859978.7499542,42.30099095466658,-83.69855427309655,237.33255004882812,-0.035766188440244484,-0.999255744019016,0.0042886317615923285,-0.013796573743990131,0.009510000000000001,0.00982,-0.01042,0.7678,-0.41090000000000004,-9.9908,0.2597425577048987,0.5810285170323961,0.47999998927116394,0.3400000035762787,19.760000228881836,0.38999998569488525,0.3897644168880862,0.27608313770397125,16.04530237305416,0.3166835841841149,4.2569583779575835,0.0,149.90000915527344,28.325000762939453,0.0,296.0,0.0,0.0,0.0,,,,,
pylon_camera_1771859978812091046.png,1771859978812091046,1771859978.812091,42.30099097131258,-83.69855441502277,237.33287048339844,-0.035416156822837,-0.9992750402943158,0.004578154126194934,-0.01319583970386323,0.01156,0.014950000000000001,-0.0105,0.6674,-0.2401,-9.9662,0.3185268818967961,0.7125255231902191,1.71999990940094,1.5299999713897705,18.639999389648438,0.8399999737739563,1.396655784832728,1.24237408336823,15.135851365188906,0.6820877235042107,4.614242239223518,0.0,151.3000030517578,26.375,0.0,340.0,0.0,0.0,0.0,,,,,
pylon_camera_1771859978854511801.png,1771859978854511801,1771859978.854512,42.30099099698465,-83.69855465014167,237.3336181640625,-0.035175998322689195,-0.9992932688468924,0.004673118600286171,-0.012400562158315673,-0.0006500000000000001,0.05144000000000001,-0.008000000000000002,0.5212,-0.4914,-9.762500000000001,0.3315427419407544,0.7416412211569512,3.0299999713897705,4.699999809265137,16.559999465942383,1.0,2.46038791336823,3.8164431791215323,13.446872249540291,0.81200922,5.133928140507513,0.0,151.3000030517578,24.92500114440918,0.0,304.0,0.0,0.0,0.0,,,,,
pylon_camera_1771859978903162562.png,1771859978903162562,1771859978.9031627,42.3009910103886,-83.69855481609353,237.3340606689453,-0.03500603779503181,-0.9993074571199133,0.00464560486489216,-0.011730380124469366,0.0048200000000000005,0.03529,-0.008430000000000002,-0.2556,-0.9072,-9.7181,0.34371887114905025,0.7688784916281566,5.509999752044678,8.579999923706055,14.589999198913574,1.0499999523162842,4.474170600857992,6.9670390456486135,11.847213869310437,0.852609642280383,6.035258289524357,0.0,151.1999969482422,24.200000762939453,0.0,300.0,0.0,0.0,0.0,,,,,
pylon_camera_1771859978960953601.png,1771859978960953601,1771859978.9609537,42.30099101934129,-83.6985550650518,237.33558654785156,-0.03499771977539606,-0.9993227947686254,0.004147635489070718,-0.010578685466375226,-0.008490000000000001,0.030590000000000003,0.0034300000000000003,-1.0762,-0.1957,-9.9313,0.31595691126322656,0.7067766530811621,8.609999656677246,14.809999465942383,13.210000038146973,1.0499999523162842,6.9913991054187585,12.025856114540291,10.726641827175694,0.852609642280383,7.649126672353782,0.0,151.10000610351562,20.774999618530273,0.0,340.0,0.0,0.0,0.0,,,,,
pylon_camera_1771859979002415086.png,1771859979002415086,1771859979.0024152,42.30099102140297,-83.69855522133359,237.33702087402344,-0.03502313394431028,-0.999327444305538,0.003934052418100146,-0.01012730852952042,-0.006010000000000001,0.0020000000000000005,0.0010400000000000001,-0.9231,1.0121,-9.9839,0.3013397483282941,0.6740789366254942,8.789999961853027,16.529998779296875,13.789999961853027,1.0199999809265137,7.137561012824307,13.422511415377807,11.197607112824306,0.8282493889121533,8.146482232484644,0.0,151.10000610351562,21.200000762939453,0.0,408.0,0.0,0.0,0.0,,,,,
pylon_camera_1771859979053343916.png,1771859979053343916,1771859979.053344,42.300991029440375,-83.69855543708726,237.33953857421875,-0.03494526380730595,-0.9993347569361973,0.003865542548437357,-0.00969173346286769,-0.0034500000000000004,0.025400000000000002,0.0008400000000000001,-1.6151,0.7705000000000001,-9.6584,0.25758895817080696,0.576211044090605,7.059999942779541,17.190000534057617,17.0,0.9399999976158142,5.73278504673646,13.95843892545971,13.80415674,0.7632886648640191,8.564667344265047,0.0,151.10000610351562,23.850000381469727,0.0,376.0,0.0,0.0,0.0,,,,,
pylon_camera_1771859979105426252.png,1771859979105426252,1771859979.105426,42.300991042893074,-83.6985556198231,237.34100341796875,-0.03462468157073767,-0.9993508908429661,0.003645182825477622,-0.00925424441344059,-0.023090000000000003,0.0031800000000000005,-0.0074,-1.7499,0.6605000000000001,-10.3001,0.2340952754810102,0.523657085534491,4.940000057220459,17.3799991607666,18.5,0.9399999976158142,4.01132559326354,14.112719562134744,15.02217057,0.7632886648640191,8.477376097565577,0.0,151.1999969482422,30.225000381469727,0.0,448.0,0.0,0.0,0.0,,,,,
pylon_camera_1771859979154124614.png,1771859979154124614,1771859979.1541245,42.300991050391346,-83.69855572734289,237.3414306640625,-0.03416732625487373,-0.999373861569166,0.003002757410314639,-0.008686891092977425,-0.03889000000000001,0.011410000000000002,-0.015940000000000003,-0.1637,0.2245,-9.6265,0.2076531325034033,0.46450759822216303,3.2200000286102295,18.3799991607666,18.520000457763672,0.8100000023841858,2.6146697116317705,14.924728782134743,15.038411126108322,0.6577274701359809,8.308884272502704,0.0,151.1999969482422,37.0,0.0,500.0,0.0,0.0,0.0,,,,,
pylon_camera_1771859979206193997.png,1771859979206193997,1771859979.206194,42.30099106556086,-83.69855585659651,237.3419647216797,-0.03361339537024438,-0.9993971490348189,0.0024612317970025338,-0.008331895990778151,-0.019170000000000003,0.022930000000000002,-0.024850000000000004,-0.1028,0.3572,-8.4306,0.15784583392274207,0.3530916597351387,1.5,19.729999542236328,17.10999870300293,0.8100000023841858,1.21801383,16.020941538891677,13.89347670102642,0.6577274701359809,7.947539885013519,0.0,151.1999969482422,39.29999923706055,0.0,508.0,0.0,0.0,0.0,,,,,
pylon_camera_1771859979258661361.png,1771859979258661361,1771859979.2586613,42.30099107712172,-83.69855591847472,237.3419647216797,-0.033096121766962416,-0.9994174161163969,0.0020686934166462365,-0.00807437890854651,-0.012650000000000002,0.02518,-0.024310000000000002,-1.042,0.28900000000000003,-9.468200000000001,0.11028630628430167,0.2467038499796058,1.1699999570846558,20.770000457763672,17.219999313354492,0.7400000095367432,0.9500507525523448,16.86543187110832,13.982798210837517,0.6008868305439234,8.099791916260525,0.0,151.1999969482422,42.75,0.0,636.0,0.0,0.0,0.0,,,,,
pylon_camera_1771859979317471790.png,1771859979317471790,1771859979.3174717,42.300991100752384,-83.69855598865286,237.3407745361328,-0.03223604111150574,-0.9994517569023049,0.001568329915939109,-0.0073867191382741525,-0.018290000000000004,0.02985,-0.026900000000000004,-1.4731,0.3604,-10.5324,0.06272171992966165,0.14030472417945733,0.7799999713897705,22.939998626708984,17.28999900817871,2.3399999141693115,0.6333671683682298,18.627490391675032,14.03963860843197,1.9001015051046897,8.80014941839498,0.0,151.10000610351562,43.42499923706055,0.0,720.0,0.0,0.0,0.0,,,,,
pylon_camera_1771859979356642991.png,1771859979356642991,1771859979.356643,42.30099112075382,-83.69855601918455,237.3396453857422,-0.03168900226504939,-0.9994725839886284,0.0012101288120691359,-0.0069926088692295486,-0.021790000000000004,0.012360000000000001,-0.022170000000000002,-0.9083,0.2233,-9.962,0.0380674437317845,0.08515458758137803,0.6299999952316284,24.670000076293945,17.459999084472656,9.329999923706055,0.5115658047280383,20.03226751935139,14.177680237783356,7.576045960648614,10.57438988062785,0.0,151.0,43.150001525878906,0.0,712.0,0.0,0.0,0.0,,,,,
pylon_camera_1771859979419258904.png,1771859979419258904,1771859979.4192588,42.30099115403994,-83.69855603512264,237.33860778808594,-0.030964041158009104,-0.9994981649082242,0.0008097235596578206,-0.0066325596879565595,-0.007970000000000001,-0.0005900000000000001,-0.023540000000000002,-0.6122000000000001,0.41500000000000004,-10.188600000000001,-0.012555193518336527,0.028085214588907715,0.5,27.40999984741211,16.78999900817871,18.020000457763672,0.40600461,22.257172596297227,13.63363399843197,14.632406516108324,12.73230443020938,0.0,150.60000610351562,41.75,0.0,768.0,0.0,0.0,0.0,,,,,
pylon_camera_1771859979469647277.png,1771859979469647277,1771859979.4696474,42.3009911984262,-83.69855601458771,237.33802795410156,-0.030409642843353235,-0.999515202252604,0.0007047806219591074,-0.006642090962264662,-0.00037000000000000005,0.006410000000000002,-0.018840000000000003,-0.7996000000000001,0.2359,-9.646600000000001,-0.05213667175785552,0.11662660652201733,0.4099999964237213,29.76999855041504,18.010000228881836,14.9399995803833,0.33292377729602873,24.17351330232365,14.624286238054161,12.131417406067373,12.815535180935303,0.0,150.3000030517578,38.79999923706055,0.0,700.0,0.0,0.0,0.0,,,,,
pylon_camera_1771859979507263595.png,1771859979507263595,1771859979.5072634,42.300991213328764,-83.69855600077437,237.3378448486328,-0.030147046413025513,-0.9995215078188022,0.0008858145752862335,-0.006864862179037252,0.014880000000000003,-0.026020000000000005,-0.018690000000000002,-0.9029,0.018600000000000002,-9.9677,-0.07066048592452862,0.15806326738401505,0.3700000047683716,30.260000228881836,18.06999969482422,13.859999656677246,0.3004434152719617,24.57139918305416,14.673006357594453,11.254447510418759,12.699824116584832,0.0,150.3000030517578,37.25,0.0,188.0,0.0,0.0,0.0,,,,,
pylon_camera_1771859979558437345.png,1771859979558437345,1771859979.5584373,42.30099125766655,-83.69855593801189,237.33714294433594,-0.02979070887181584,-0.9995276347264507,0.0017480024507484553,-0.007346126223651182,0.023570000000000004,-0.018790000000000005,-0.008000000000000002,-0.6638000000000001,-0.48460000000000003,-9.8613,-0.11582320476674349,0.2590895596709192,0.32999998331069946,30.029998779296875,17.299999237060547,10.6899995803833,0.26796302904813407,24.384635885377808,14.04775888648613,8.680378221067372,11.845184005494861,0.0,150.3000030517578,35.5,0.0,556.0,0.0,0.0,0.0,,,,,
pylon_camera_1771859979617801741.png,1771859979617801741,1771859979.6178017,42.30099129500704,-83.69855584679725,237.3362274169922,-0.029738980204204013,-0.9995247413214787,0.0024301956300153823,-0.00774459113477332,0.02091,-0.0023100000000000004,0.0048600000000000015,-0.9744,-0.338,-9.5754,-0.15344518022113715,0.3432476614438706,-0.29999998211860657,27.469999313354492,-15.529999732971191,7.75,0.24360275148014365,22.305892715837516,12.610502969770145,6.293071455000001,10.363267473021953,0.0,150.3000030517578,34.75,0.0,648.0,0.0,0.0,0.0,,,,,
pylon_camera_1771859979659947153.png,1771859979659947153,1771859979.6599472,42.300991314625016,-83.69855577621915,237.335693359375,-0.029727526194080978,-0.9995215803897443,0.002730425169649282,-0.008088837985841453,0.015160000000000003,-0.020420000000000004,0.0019600000000000004,-0.9097000000000001,-0.29000000000000004,-9.653400000000001,-0.1685706741628268,0.3770824838617938,-0.29999998211860657,24.94999885559082,-12.9399995803833,7.75,0.24360275148014365,20.259629109729193,10.507398966067372,6.293071455000001,9.325925570569177,0.0,150.3000030517578,34.650001525878906,0.0,660.0,0.0,0.0,0.0,,,,,
pylon_camera_1771859979709837799.png,1771859979709837799,1771859979.709838,42.30099133928205,-83.69855565304923,237.3350372314453,-0.029646619039058242,-0.9995187938246455,0.0030836416796150984,-0.008587777644434592,0.012980000000000002,-0.02211,-0.00449,-0.5228,-0.23470000000000002,-9.5745,-0.185026858275029,0.4138939803497434,-0.2800000011920929,23.049999237060547,-9.1899995803833,9.199999809265137,0.22736258256799044,18.716811901486132,7.462364391067371,7.470484669121532,8.469255886060758,0.0,150.1999969482422,34.525001525878906,0.0,680.0,0.0,0.0,0.0,,,,,
pylon_camera_1771859979769728509.png,1771859979769728509,1771859979.7697284,42.300991353198505,-83.69855556927133,237.3346405029297,-0.029560974785796168,-0.9995168973959765,0.0034063632052364298,-0.008973142111254476,0.016890000000000002,-0.01837,-0.006540000000000001,0.0745,-0.3865,-9.5928,-0.1915252202014914,0.4284304260775242,-0.2800000011920929,21.299999237060547,-7.029999732971191,9.510000228881836,0.22736258256799044,17.29579576648613,5.7084245997701455,7.722207868054161,7.738447704219608,0.0,150.1999969482422,34.25,0.0,560.0,0.0,0.0,0.0,,,,,
pylon_camera_1771859979810125308.png,1771859979810125308,1771859979.8101254,42.30099137232061,-83.69855543790598,237.3341522216797,-0.02950317516087081,-0.9995136365567739,0.0036732892934764165,-0.009410629003771384,0.006060000000000001,-0.01898,-0.0017500000000000003,0.0872,-0.48850000000000005,-9.998800000000001,-0.1900322337769852,0.4250907050250893,-0.2800000011920929,20.899999618530273,-6.089999675750732,9.429999351501465,0.22736258256799044,16.970992388243065,4.9451358865066055,7.6572464180132105,7.450184318832719,0.0,150.1999969482422,34.20000076293945,0.0,496.0,0.0,0.0,0.0,,,,,
pylon_camera_1771859979863030921.png,1771859979863030921,1771859979.8630311,42.300991383397744,-83.69855535047807,237.33395385742188,-0.02955082303248624,-0.9995079677276155,0.0038354896678110344,-0.009790828673944364,0.007100000000000001,-0.027190000000000002,0.0016700000000000003,-0.1741,-0.2766,-9.9,-0.18398779392116152,0.41156965573400306,-0.5199999809265137,19.649999618530273,-4.799999713897705,8.899999618530273,0.4222447789121533,15.955980863243067,3.8976440236822985,7.226881748243065,6.875687853520146,0.0,150.1999969482422,34.625,0.0,532.0,0.0,0.0,0.0,,,,,
pylon_camera_1771859979911199837.png,1771859979911199837,1771859979.9111998,42.300991396231645,-83.69855523345817,237.33346557617188,-0.029729053239196113,-0.9994961175103562,0.0042058211176257305,-0.010295899375561945,0.014190000000000001,-0.021890000000000003,0.007090000000000001,0.1087,0.0122,-10.030700000000001,-0.16532446411861407,0.36982090676549256,-0.5199999809265137,17.1299991607666,-4.170000076293945,8.300000190734863,0.4222447789121533,13.909717257134744,3.386078509351387,6.739676680878468,6.114429306569188,0.0,150.3000030517578,34.82500076293945,0.0,496.0,0.0,0.0,0.0,,,,,
pylon_camera_1771859979962146427.png,1771859979962146427,1771859979.9621463,42.30099140604574,-83.6985551602979,237.33335876464844,-0.029832842185135156,-0.9994879423577727,0.004608406300937252,-0.010612125138144432,0.020530000000000003,-0.018340000000000002,0.004570000000000001,0.38970000000000005,-0.2747,-9.708300000000001,-0.14828082834423645,0.3316953161563563,-0.5199999809265137,13.949999809265137,-3.6999998092651367,7.829999923706055,0.4222447789121533,11.327528464121533,3.0044339591215325,6.358032130648613,5.278059833200958,0.0,150.40000915527344,35.525001525878906,0.0,512.0,0.0,0.0,0.0,,,,,
pylon_camera_1771859980023000123.png,1771859980023000123,1771859980.023,42.300991416269824,-83.69855507159447,237.33316040039062,-0.029943698124891616,-0.9994781993814695,0.00500317021215978,-0.011030511847103488,0.00834,-0.010220000000000002,0.00192,0.46390000000000003,-0.4479,-9.7993,-0.11915761095295611,0.26654842624510566,-0.4599999785423279,11.719999313354492,-2.6599998474121094,8.319999694824219,0.3735242237761724,9.516747500837518,2.159944401297226,6.7559164625944526,4.701533147126343,0.0,150.60000610351562,37.29999923706055,0.0,460.0,0.0,0.0,0.0,,,,,
pylon_camera_1771859980065276592.png,1771859980065276592,1771859980.0652766,42.300991418491456,-83.69855502904373,237.3327178955078,-0.030024161504029978,-0.9994741237032903,0.0050469608947367565,-0.011160374511950925,0.0027300000000000007,-0.0008000000000000001,0.0030700000000000002,0.5640000000000001,-0.1923,-9.815000000000001,-0.08878856162252502,0.19861468503589114,-0.4099999964237213,11.139999389648438,-2.069999933242798,8.84000015258789,0.33292377729602873,9.045782215188904,1.6808590311925364,7.1781616287027745,4.5594316630950615,0.0,150.8000030517578,39.57500076293945,0.0,504.0,0.0,0.0,0.0,,,,,
pylon_camera_1771859980116856430.png,1771859980116856430,1771859980.1168563,42.300991420717814,-83.69855498553514,237.33206176757812,-0.030100963637387623,-0.9994713374833613,0.0051186467307956516,-0.011170362257642907,0.004540000000000001,0.0017500000000000003,0.00305,0.8171,-0.31170000000000003,-9.8275,-0.04879456759882354,0.10915052004451234,-0.3499999940395355,12.380000114440918,-1.2200000286102295,9.569999694824219,0.28420322216004795,10.05267423652708,0.9906512716317702,7.770927987594452,4.774614179478338,0.0,151.5,43.650001525878906,0.0,400.0,0.0,0.0,0.0,,,,,
pylon_camera_1771859980164015887.png,1771859980164015887,1771859980.1640158,42.30099142048873,-83.69855498179756,237.33139038085938,-0.030158417024132023,-0.9994706008101983,0.005103322546450939,-0.01108801594905775,-0.0048200000000000005,0.0022,0.0014800000000000002,0.8695,-0.192,-9.8734,0.0017489588446691516,0.003912315997994212,-0.3100000023841858,15.479999542236328,-0.8499999642372131,9.510000228881836,0.2517228601359809,12.56990235389168,0.6902078079602874,7.722207868054161,5.308510222510527,0.0,152.60000610351562,48.35000228881836,0.0,500.0,0.0,0.0,0.0,,,,,
pylon_camera_1771859980222838206.png,1771859980222838206,1771859980.2228382,42.30099142147394,-83.69855499594034,237.33116149902344,-0.03019004162171679,-0.9994701847177383,0.0049798745210797996,-0.011095589075079246,-0.006080000000000001,3e-05,0.0028300000000000005,0.1563,-0.2008,-9.750300000000001,0.0264287371157484,0.059119499203702235,-0.26999998092651367,13.619999885559082,-0.75,9.09999942779541,0.21924247391215326,11.059565483472921,0.609006915,7.389283437364598,4.819274577437418,0.0,155.40000915527344,54.29999923706055,0.0,728.0,0.0,0.0,0.0,,,,,
pylon_camera_1771859980267067015.png,1771859980267067015,1771859980.2670672,42.3009914226003,-83.69855503361379,237.33078002929688,-0.030212495157391772,-0.9994695112371513,0.004976656135496705,-0.011096582241543371,0.0005400000000000001,0.0006600000000000001,0.0012600000000000003,0.1721,-0.5357000000000001,-9.786,0.04539155168121851,0.10153817761778494,-0.25999999046325684,13.1899995803833,-0.6299999952316284,8.859999656677246,0.21112238945607664,10.710401271067372,0.5115658047280383,7.1944014104187595,4.656872718917562,0.0,158.5,56.29999923706055,0.0,728.0,0.0,0.0,0.0,,,,,
pylon_camera_1771859980323709269.png,1771859980323709269,1771859980.3237092,42.300991425511086,-83.69855506090047,237.3307647705078,-0.030220382042733362,-0.9994694112840585,0.004865324650690716,-0.011133419633342726,0.0022500000000000003,0.007260000000000001,-0.00039000000000000005,-0.0081,-0.1782,-9.3299,0.051318271621550386,0.11479589452111093,-0.2199999988079071,10.779999732971191,-0.4899999797344208,8.929999351501465,0.17864202743200958,8.753459174770146,0.39788450134416287,7.25124180801321,4.145306877889882,0.0,164.5,58.29999923706055,0.0,728.0,0.0,0.0,0.0,,,,,
pylon_camera_1771859980376565835.png,1771859980376565835,1771859980.3765657,42.30099142818401,-83.69855510977963,237.33055114746094,-0.03023583597792845,-0.9994705684408542,0.004762902384634053,-0.011031400822463006,-0.00023000000000000003,-0.0010000000000000002,-0.00075,-0.16640000000000002,0.2743,-10.4388,0.06076434017514829,0.13592618311139623,0.2199999988079071,7.980000019073486,0.4099999964237213,8.90999984741211,0.17864202743200958,6.479833591087846,0.33292377729602873,7.235002026297226,3.5566003555282775,0.0,171.60000610351562,59.97500228881836,0.0,728.0,0.0,0.0,0.0,,,,,
pylon_camera_1771859980424937890.png,1771859980424937890,1771859980.424938,42.30099143042378,-83.69855514948428,237.33058166503906,-0.0302144159491467,-0.9994721867824204,0.004752145188666838,-0.01094778668609168,0.00198,-0.00041000000000000005,-0.00012,-0.1637,0.1621,-9.975900000000001,0.0612227583314346,0.13695163702191931,0.2199999988079071,5.009999752044678,0.35999998450279236,9.389999389648438,0.17864202743200958,4.068165990857993,0.29232330661612455,7.624766080188904,3.0409743512737575,0.0,180.10000610351562,60.54999923706055,0.0,652.0,0.0,0.0,0.0,,,,,
pylon_camera_1771859980467901345.png,1771859980467901345,1771859980.4679015,42.30099143446504,-83.69855518245836,237.33056640625,-0.030192158878272313,-0.9994741666530216,0.004771539849395017,-0.010819248725438227,-0.00072,0.00786,0.00017,0.054200000000000005,-0.21860000000000002,-9.6907,0.061066545761097,0.13660219887482833,0.2199999988079071,3.419999837875366,0.32999998331069946,9.649999618530273,0.17864202743200958,2.777071400753303,0.26796302904813407,7.8358886632430655,2.764891280119128,0.0,188.90000915527344,60.95000076293945,0.0,656.0,0.0,0.0,0.0,,,,,
