image_filename,timestamp_ns,timestamp_sec,latitude,longitude,altitude,orientation_x,orientation_y,orientation_z,orientation_w,angular_velocity_x,angular_velocity_y,angular_velocity_z,linear_acceleration_x,linear_acceleration_y,linear_acceleration_z,vehicle_speed_mps,vehicle_speed_mph,wheel_speed_fl_rads,wheel_speed_fr_rads,wheel_speed_rl_rads,wheel_speed_rr_rads,wheel_speed_fl_mph,wheel_speed_fr_mph,wheel_speed_rl_mph,wheel_speed_rr_mph,avg_wheel_speed_mph,wheel_slip,steering_angle_deg,throttle_pedal,brake_pedal,brake_torque_actual,abs_active,esc_active,trac_active,marwis_road_condition,marwis_friction,marwis_surface_temp_c,marwis_ice_percent,marwis_water_film_height
arenacam6_1769615774494487494.png,1769615774494487494,1769615774.4944875,42.30098150362559,-83.69768665944879,238.392578125,-0.010066410630621192,-0.9995516964100084,-0.012283688056321691,-0.025380791725733053,-0.00039000000000000005,0.015600000000000003,-0.00055,1.6721000000000001,0.0799,-10.0618,0.2709810048935844,0.6061682490866547,0.0,0.0,0.0,0.0,0.0,0.0,0.0,0.0,0.0,0.0,0.800000011920929,22.5,0.0,0.0,0.0,0.0,0.0,snow covered,0.250752389431,-8.86382484436035,100.0,456.929077148438
arenacam6_1769615774515066349.png,1769615774515066349,1769615774.5150664,42.30098150362559,-83.69768665944879,238.392578125,-0.010066410630621192,-0.9995516964100084,-0.012283688056321691,-0.025380791725733053,-0.00039000000000000005,0.015600000000000003,-0.00055,1.6721000000000001,0.0799,-10.0618,0.2709810048935844,0.6061682490866547,0.0,0.0,0.0,0.0,0.0,0.0,0.0,0.0,0.0,0.0,0.800000011920929,22.5,0.0,0.0,0.0,0.0,0.0,snow covered,0.250752389431,-8.86382484436035,100.0,456.929077148438
arenacam6_1769615774534086972.png,1769615774534086972,1769615774.534087,42.30098150362559,-83.69768665944879,238.392578125,-0.010066410630621192,-0.9995516964100084,-0.012283688056321691,-0.025380791725733053,-0.00039000000000000005,0.015600000000000003,-0.00055,1.6721000000000001,0.0799,-10.0618,0.2709810048935844,0.6061682490866547,0.0,0.0,0.0,0.0,0.0,0.0,0.0,0.0,0.0,0.0,0.800000011920929,22.5,0.0,0.0,0.0,0.0,0.0,snow covered,0.250752389431,-8.86382484436035,100.0,456.929077148438
arenacam6_1769615774554737493.png,1769615774554737493,1769615774.5547373,42.30098150362559,-83.69768665944879,238.392578125,-0.010066410630621192,-0.9995516964100084,-0.012283688056321691,-0.025380791725733053,-0.00039000000000000005,0.015600000000000003,-0.00055,1.6721000000000001,0.0799,-10.0618,0.2709810048935844,0.6061682490866547,0.0,0.0,0.0,0.0,0.0,0.0,0.0,0.0,0.0,0.0,0.800000011920929,22.5,0.0,0.0,0.0,0.0,0.0,snow covered,0.250752389431,-8.86382484436035,100.0,456.929077148438
arenacam6_1769615774575371247.png,1769615774575371247,1769615774.5753713,42.30098150362559,-83.69768665944879,238.392578125,-0.010066410630621192,-0.9995516964100084,-0.012283688056321691,-0.025380791725733053,-0.00039000000000000005,0.015600000000000003,-0.00055,1.6721000000000001,0.0799,-10.0618,0.2709810048935844,0.6061682490866547,0.0,0.0,0.0,0.0,0.0,0.0,0.0,0.0,0.0,0.0,0.800000011920929,22.5,0.0,0.0,0.0,0.0,0.0,snow covered,0.250752389431,-8.86382484436035,100.0,456.929077148438
arenacam6_1769615774596173460.png,1769615774596173460,1769615774.5961735,42.30098150362559,-83.69768665944879,238.392578125,-0.010066410630621192,-0.9995516964100084,-0.012283688056321691,-0.025380791725733053,-0.00039000000000000005,0.015600000000000003,-0.00055,1.6721000000000001,0.0799,-10.0618,0.2709810048935844,0.6061682490866547,0.0,0.0,0.0,0.0,0.0,0.0,0.0,0.0,0.0,0.0,0.800000011920929,22.5,0.0,0.0,0.0,0.0,0.0,snow covered,0.250752389431,-8.86382484436035,100.0,456.929077148438
arenacam6_1769615774616807132.png,1769615774616807132,1769615774.6168072,42.30098150362559,-83.69768665944879,238.392578125,-0.010066410630621192,-0.9995516964100084,-0.012283688056321691,-0.025380791725733053,-0.00039000000000000005,0.015600000000000003,-0.00055,1.6721000000000001,0.0799,-10.0618,0.2709810048935844,0.6061682490866547,0.0,0.0,0.0,0.0,0.0,0.0,0.0,0.0,0.0,0.0,0.800000011920929,22.5,0.0,0.0,0.0,0.0,0.0,snow covered,0.250752389431,-8.86382484436035,100.0,456.929077148438
arenacam6_1769615774637518442.png,1769615774637518442,1769615774.6375184,42.30098150362559,-83.69768665944879,238.392578125,-0.010066410630621192,-0.9995516964100084,-0.012283688056321691,-0.025380791725733053,-0.00039000000000000005,0.015600000000000003,-0.00055,1.6721000000000001,0.0799,-10.0618,0.2709810048935844,0.6061682490866547,0.0,0.0,0.0,0.0,0.0,0.0,0.0,0.0,0.0,0.0,0.800000011920929,22.5,0.0,0.0,0.0,0.0,0.0,snow covered,0.250752389431,-8.86382484436035,100.0,456.929077148438
arenacam6_1769615774658436495.png,1769615774658436495,1769615774.6584365,42.30098150362559,-83.69768665944879,238.392578125,-0.010066410630621192,-0.9995516964100084,-0.012283688056321691,-0.025380791725733053,-0.00039000000000000005,0.015600000000000003,-0.00055,1.6721000000000001,0.0799,-10.0618,0.2709810048935844,0.6061682490866547,0.0,0.0,0.0,0.0,0.0,0.0,0.0,0.0,0.0,0.0,0.800000011920929,22.5,0.0,0.0,0.0,0.0,0.0,snow covered,0.250752389431,-8.86382484436035,100.0,456.929077148438
arenacam6_1769615774678969613.png,1769615774678969613,1769615774.6789696,42.30098150362559,-83.69768665944879,238.392578125,-0.010066410630621192,-0.9995516964100084,-0.012283688056321691,-0.025380791725733053,-0.00039000000000000005,0.015600000000000003,-0.00055,1.6721000000000001,0.0799,-10.0618,0.2709810048935844,0.6061682490866547,0.0,0.0,0.0,0.0,0.0,0.0,0.0,0.0,0.0,0.0,0.800000011920929,22.5,0.0,0.0,0.0,0.0,0.0,snow covered,0.250752389431,-8.86382484436035,100.0,456.929077148438
arenacam6_1769615774699605794.png,1769615774699605794,1769615774.6996057,42.30098150362559,-83.69768665944879,238.392578125,-0.010066410630621192,-0.9995516964100084,-0.012283688056321691,-0.025380791725733053,-0.00039000000000000005,0.015600000000000003,-0.00055,1.6721000000000001,0.0799,-10.0618,0.2709810048935844,0.6061682490866547,0.0,0.0,0.0,0.0,0.0,0.0,0.0,0.0,0.0,0.0,0.800000011920929,22.5,0.0,0.0,0.0,0.0,0.0,snow covered,0.250752389431,-8.86382484436035,100.0,456.929077148438
arenacam6_1769615774720333406.png,1769615774720333406,1769615774.7203333,42.30098150362559,-83.69768665944879,238.392578125,-0.010066410630621192,-0.9995516964100084,-0.012283688056321691,-0.025380791725733053,-0.00039000000000000005,0.015600000000000003,-0.00055,1.6721000000000001,0.0799,-10.0618,0.2709810048935844,0.6061682490866547,0.0,0.0,0.0,0.0,0.0,0.0,0.0,0.0,0.0,0.0,0.800000011920929,22.5,0.0,0.0,0.0,0.0,0.0,snow covered,0.250752389431,-8.86382484436035,100.0,456.929077148438
arenacam6_1769615774741176313.png,1769615774741176313,1769615774.7411764,42.30098150362559,-83.69768665944879,238.392578125,-0.010066410630621192,-0.9995516964100084,-0.012283688056321691,-0.025380791725733053,-0.00039000000000000005,0.015600000000000003,-0.00055,1.6721000000000001,0.0799,-10.0618,0.2709810048935844,0.6061682490866547,0.0,0.0,0.0,0.0,0.0,0.0,0.0,0.0,0.0,0.0,0.800000011920929,22.5,0.0,0.0,0.0,0.0,0.0,snow covered,0.250752389431,-8.86382484436035,100.0,456.929077148438
arenacam6_1769615774761804989.png,1769615774761804989,1769615774.761805,42.30098150362559,-83.69768665944879,238.392578125,-0.010066410630621192,-0.9995516964100084,-0.012283688056321691,-0.025380791725733053,-0.00039000000000000005,0.015600000000000003,-0.00055,1.6721000000000001,0.0799,-10.0618,0.2709810048935844,0.6061682490866547,0.0,0.0,0.0,0.0,0.0,0.0,0.0,0.0,0.0,0.0,0.800000011920929,22.5,0.0,0.0,0.0,0.0,0.0,snow covered,0.250752389431,-8.86382484436035,100.0,456.929077148438
arenacam6_1769615774782595245.png,1769615774782595245,1769615774.7825954,42.30098150362559,-83.69768665944879,238.392578125,-0.010066410630621192,-0.9995516964100084,-0.012283688056321691,-0.025380791725733053,-0.00039000000000000005,0.015600000000000003,-0.00055,1.6721000000000001,0.0799,-10.0618,0.2709810048935844,0.6061682490866547,0.0,0.0,0.0,0.0,0.0,0.0,0.0,0.0,0.0,0.0,0.800000011920929,22.5,0.0,0.0,0.0,0.0,0.0,snow covered,0.250752389431,-8.86382484436035,100.0,456.929077148438
arenacam6_1769615774803146822.png,1769615774803146822,1769615774.8031468,42.30098150362559,-83.69768665944879,238.392578125,-0.010066410630621192,-0.9995516964100084,-0.012283688056321691,-0.025380791725733053,-0.00039000000000000005,0.015600000000000003,-0.00055,1.6721000000000001,0.0799,-10.0618,0.2709810048935844,0.6061682490866547,0.0,0.0,0.0,0.0,0.0,0.0,0.0,0.0,0.0,0.0,0.800000011920929,22.5,0.0,0.0,0.0,0.0,0.0,snow covered,0.250752389431,-8.86382484436035,100.0,456.929077148438
arenacam6_1769615774823777779.png,1769615774823777779,1769615774.8237777,42.30098150362559,-83.69768665944879,238.392578125,-0.010066410630621192,-0.9995516964100084,-0.012283688056321691,-0.025380791725733053,-0.00039000000000000005,0.015600000000000003,-0.00055,1.6721000000000001,0.0799,-10.0618,0.2709810048935844,0.6061682490866547,0.0,0.0,0.0,0.0,0.0,0.0,0.0,0.0,0.0,0.0,0.800000011920929,22.5,0.0,0.0,0.0,0.0,0.0,snow covered,0.250752389431,-8.86382484436035,100.0,456.929077148438
arenacam6_1769615774844560937.png,1769615774844560937,1769615774.8445609,42.30098150362559,-83.69768665944879,238.392578125,-0.010066410630621192,-0.9995516964100084,-0.012283688056321691,-0.025380791725733053,-0.00039000000000000005,0.015600000000000003,-0.00055,1.6721000000000001,0.0799,-10.0618,0.2709810048935844,0.6061682490866547,0.0,0.0,0.0,0.0,0.0,0.0,0.0,0.0,0.0,0.0,0.800000011920929,22.5,0.0,0.0,0.0,0.0,0.0,snow covered,0.250752389431,-8.86382484436035,100.0,456.929077148438
arenacam6_1769615774865032614.png,1769615774865032614,1769615774.8650327,42.30098150362559,-83.69768665944879,238.392578125,-0.010066410630621192,-0.9995516964100084,-0.012283688056321691,-0.025380791725733053,-0.00039000000000000005,0.015600000000000003,-0.00055,1.6721000000000001,0.0799,-10.0618,0.2709810048935844,0.6061682490866547,0.0,0.0,0.0,0.0,0.0,0.0,0.0,0.0,0.0,0.0,0.800000011920929,22.5,0.0,0.0,0.0,0.0,0.0,snow covered,0.250752389431,-8.86382484436035,100.0,456.929077148438
arenacam6_1769615774885673950.png,1769615774885673950,1769615774.885674,42.30098150362559,-83.69768665944879,238.392578125,-0.010066410630621192,-0.9995516964100084,-0.012283688056321691,-0.025380791725733053,-0.00039000000000000005,0.015600000000000003,-0.00055,1.6721000000000001,0.0799,-10.0618,0.2709810048935844,0.6061682490866547,0.0,0.0,0.0,0.0,0.0,0.0,0.0,0.0,0.0,0.0,0.800000011920929,22.5,0.0,0.0,0.0,0.0,0.0,snow covered,0.250752389431,-8.86382484436035,100.0,456.929077148438
arenacam6_1769615774906349861.png,1769615774906349861,1769615774.90635,42.30098150362559,-83.69768665944879,238.392578125,-0.010066410630621192,-0.9995516964100084,-0.012283688056321691,-0.025380791725733053,-0.00039000000000000005,0.015600000000000003,-0.00055,1.6721000000000001,0.0799,-10.0618,0.2709810048935844,0.6061682490866547,0.0,0.0,0.0,0.0,0.0,0.0,0.0,0.0,0.0,0.0,0.800000011920929,22.5,0.0,0.0,0.0,0.0,0.0,snow covered,0.250752389431,-8.86382484436035,100.0,456.929077148438
arenacam6_1769615774927542353.png,1769615774927542353,1769615774.9275422,42.30098150362559,-83.69768665944879,238.392578125,-0.010066410630621192,-0.9995516964100084,-0.012283688056321691,-0.025380791725733053,-0.00039000000000000005,0.015600000000000003,-0.00055,1.6721000000000001,0.0799,-10.0618,0.2709810048935844,0.6061682490866547,0.0,0.0,0.0,0.0,0.0,0.0,0.0,0.0,0.0,0.0,0.800000011920929,22.5,0.0,0.0,0.0,0.0,0.0,snow covered,0.250752389431,-8.86382484436035,100.0,456.929077148438
arenacam6_1769615774947805552.png,1769615774947805552,1769615774.9478054,42.30098150362559,-83.69768665944879,238.392578125,-0.010066410630621192,-0.9995516964100084,-0.012283688056321691,-0.025380791725733053,-0.00039000000000000005,0.015600000000000003,-0.00055,1.6721000000000001,0.0799,-10.0618,0.2709810048935844,0.6061682490866547,0.0,0.0,0.0,0.0,0.0,0.0,0.0,0.0,0.0,0.0,0.800000011920929,22.5,0.0,0.0,0.0,0.0,0.0,snow covered,0.250752389431,-8.86382484436035,100.0,456.929077148438
arenacam6_1769615774968491426.png,1769615774968491426,1769615774.9684916,42.30098150362559,-83.69768665944879,238.392578125,-0.010066410630621192,-0.9995516964100084,-0.012283688056321691,-0.025380791725733053,-0.00039000000000000005,0.015600000000000003,-0.00055,1.6721000000000001,0.0799,-10.0618,0.2709810048935844,0.6061682490866547,0.0,0.0,0.0,0.0,0.0,0.0,0.0,0.0,0.0,0.0,0.800000011920929,22.5,0.0,0.0,0.0,0.0,0.0,snow covered,0.250752389431,-8.86382484436035,100.0,456.929077148438
arenacam6_1769615774989220367.png,1769615774989220367,1769615774.9892204,42.30098150362559,-83.69768665944879,238.392578125,-0.010066410630621192,-0.9995516964100084,-0.012283688056321691,-0.025380791725733053,-0.00039000000000000005,0.015600000000000003,-0.00055,1.6721000000000001,0.0799,-10.0618,0.2709810048935844,0.6061682490866547,0.0,0.0,0.0,0.0,0.0,0.0,0.0,0.0,0.0,0.0,0.800000011920929,22.5,0.0,0.0,0.0,0.0,0.0,snow covered,0.250752389431,-8.86382484436035,100.0,456.929077148438
arenacam6_1769615775009954854.png,1769615775009954854,1769615775.009955,42.30098150362559,-83.69768665944879,238.392578125,-0.010066410630621192,-0.9995516964100084,-0.012283688056321691,-0.025380791725733053,-0.00039000000000000005,0.015600000000000003,-0.00055,1.6721000000000001,0.0799,-10.0618,0.2709810048935844,0.6061682490866547,0.0,0.0,0.0,0.0,0.0,0.0,0.0,0.0,0.0,0.0,0.800000011920929,22.5,0.0,0.0,0.0,0.0,0.0,snow covered,0.250752389431,-8.86382484436035,100.0,456.929077148438
arenacam6_1769615775030849142.png,1769615775030849142,1769615775.030849,42.30098150362559,-83.69768665944879,238.392578125,-0.010066410630621192,-0.9995516964100084,-0.012283688056321691,-0.025380791725733053,-0.00039000000000000005,0.015600000000000003,-0.00055,1.6721000000000001,0.0799,-10.0618,0.2709810048935844,0.6061682490866547,0.0,0.0,0.0,0.0,0.0,0.0,0.0,0.0,0.0,0.0,0.800000011920929,22.5,0.0,0.0,0.0,0.0,0.0,snow covered,0.250752389431,-8.86382484436035,100.0,456.929077148438
arenacam6_1769615775051328590.png,1769615775051328590,1769615775.0513284,42.30098150362559,-83.69768665944879,238.392578125,-0.010066410630621192,-0.9995516964100084,-0.012283688056321691,-0.025380791725733053,-0.00039000000000000005,0.015600000000000003,-0.00055,1.6721000000000001,0.0799,-10.0618,0.2709810048935844,0.6061682490866547,0.0,0.0,0.0,0.0,0.0,0.0,0.0,0.0,0.0,0.0,0.800000011920929,22.5,0.0,0.0,0.0,0.0,0.0,snow covered,0.250752389431,-8.86382484436035,100.0,456.929077148438
arenacam6_1769615775072314442.png,1769615775072314442,1769615775.0723143,42.30098150362559,-83.69768665944879,238.392578125,-0.010066410630621192,-0.9995516964100084,-0.012283688056321691,-0.025380791725733053,-0.00039000000000000005,0.015600000000000003,-0.00055,1.6721000000000001,0.0799,-10.0618,0.2709810048935844,0.6061682490866547,0.0,0.0,0.0,0.0,0.0,0.0,0.0,0.0,0.0,0.0,0.800000011920929,22.5,0.0,0.0,0.0,0.0,0.0,snow covered,0.250752389431,-8.86382484436035,100.0,456.929077148438
arenacam6_1769615775092779543.png,1769615775092779543,1769615775.0927796,42.30098150362559,-83.69768665944879,238.392578125,-0.010066410630621192,-0.9995516964100084,-0.012283688056321691,-0.025380791725733053,-0.00039000000000000005,0.015600000000000003,-0.00055,1.6721000000000001,0.0799,-10.0618,0.2709810048935844,0.6061682490866547,0.0,0.0,0.0,0.0,0.0,0.0,0.0,0.0,0.0,0.0,0.800000011920929,22.5,0.0,0.0,0.0,0.0,0.0,snow covered,0.250752389431,-8.86382484436035,100.0,456.929077148438
arenacam6_1769615775113419789.png,1769615775113419789,1769615775.1134198,42.30098150362559,-83.69768665944879,238.392578125,-0.010066410630621192,-0.9995516964100084,-0.012283688056321691,-0.025380791725733053,-0.00039000000000000005,0.015600000000000003,-0.00055,1.6721000000000001,0.0799,-10.0618,0.2709810048935844,0.6061682490866547,0.0,0.0,0.0,0.0,0.0,0.0,0.0,0.0,0.0,0.0,0.800000011920929,22.5,0.0,0.0,0.0,0.0,0.0,snow covered,0.250752389431,-8.86382484436035,100.0,456.929077148438
arenacam6_1769615775134154303.png,1769615775134154303,1769615775.1341543,42.30098150362559,-83.69768665944879,238.392578125,-0.010066410630621192,-0.9995516964100084,-0.012283688056321691,-0.025380791725733053,-0.00039000000000000005,0.015600000000000003,-0.00055,1.6721000000000001,0.0799,-10.0618,0.2709810048935844,0.6061682490866547,0.0,0.0,0.0,0.0,0.0,0.0,0.0,0.0,0.0,0.0,0.800000011920929,22.5,0.0,0.0,0.0,0.0,0.0,snow covered,0.250752389431,-8.86382484436035,100.0,456.929077148438
arenacam6_1769615775154972334.png,1769615775154972334,1769615775.1549723,42.30098150362559,-83.69768665944879,238.392578125,-0.010066410630621192,-0.9995516964100084,-0.012283688056321691,-0.025380791725733053,-0.00039000000000000005,0.015600000000000003,-0.00055,1.6721000000000001,0.0799,-10.0618,0.2709810048935844,0.6061682490866547,0.0,0.0,0.0,0.0,0.0,0.0,0.0,0.0,0.0,0.0,0.800000011920929,22.5,0.0,0.0,0.0,0.0,0.0,snow covered,0.250752389431,-8.86382484436035,100.0,456.929077148438
arenacam6_1769615775175250107.png,1769615775175250107,1769615775.1752503,42.30098150362559,-83.69768665944879,238.392578125,-0.010066410630621192,-0.9995516964100084,-0.012283688056321691,-0.025380791725733053,-0.00039000000000000005,0.015600000000000003,-0.00055,1.6721000000000001,0.0799,-10.0618,0.2709810048935844,0.6061682490866547,0.0,0.0,0.0,0.0,0.0,0.0,0.0,0.0,0.0,0.0,0.800000011920929,22.5,0.0,0.0,0.0,0.0,0.0,snow covered,0.250752389431,-8.86382484436035,100.0,456.929077148438
arenacam6_1769615775196277017.png,1769615775196277017,1769615775.196277,42.30098150362559,-83.69768665944879,238.392578125,-0.010066410630621192,-0.9995516964100084,-0.012283688056321691,-0.025380791725733053,-0.00039000000000000005,0.015600000000000003,-0.00055,1.6721000000000001,0.0799,-10.0618,0.2709810048935844,0.6061682490866547,0.0,0.0,0.0,0.0,0.0,0.0,0.0,0.0,0.0,0.0,0.800000011920929,22.5,0.0,0.0,0.0,0.0,0.0,snow covered,0.250752389431,-8.86382484436035,100.0,456.929077148438
arenacam6_1769615775217072662.png,1769615775217072662,1769615775.2170727,42.30098150362559,-83.69768665944879,238.392578125,-0.010066410630621192,-0.9995516964100084,-0.012283688056321691,-0.025380791725733053,-0.00039000000000000005,0.015600000000000003,-0.00055,1.6721000000000001,0.0799,-10.0618,0.2709810048935844,0.6061682490866547,0.0,0.0,0.0,0.0,0.0,0.0,0.0,0.0,0.0,0.0,0.800000011920929,22.5,0.0,0.0,0.0,0.0,0.0,snow covered,0.250752389431,-8.86382484436035,100.0,456.929077148438
arenacam6_1769615775237599603.png,1769615775237599603,1769615775.2375994,42.30098150362559,-83.69768665944879,238.392578125,-0.010066410630621192,-0.9995516964100084,-0.012283688056321691,-0.025380791725733053,-0.00039000000000000005,0.015600000000000003,-0.00055,1.6721000000000001,0.0799,-10.0618,0.2709810048935844,0.6061682490866547,0.0,0.0,0.0,0.0,0.0,0.0,0.0,0.0,0.0,0.0,0.800000011920929,22.5,0.0,0.0,0.0,0.0,0.0,snow covered,0.250752389431,-8.86382484436035,100.0,456.929077148438
arenacam6_1769615775258276883.png,1769615775258276883,1769615775.258277,42.30098150362559,-83.69768665944879,238.392578125,-0.010066410630621192,-0.9995516964100084,-0.012283688056321691,-0.025380791725733053,-0.00039000000000000005,0.015600000000000003,-0.00055,1.6721000000000001,0.0799,-10.0618,0.2709810048935844,0.6061682490866547,0.0,0.0,0.0,0.0,0.0,0.0,0.0,0.0,0.0,0.0,0.800000011920929,22.5,0.0,0.0,0.0,0.0,0.0,snow covered,0.250752389431,-8.86382484436035,100.0,456.929077148438
arenacam6_1769615775279102285.png,1769615775279102285,1769615775.2791023,42.30098150362559,-83.69768665944879,238.392578125,-0.010066410630621192,-0.9995516964100084,-0.012283688056321691,-0.025380791725733053,-0.00039000000000000005,0.015600000000000003,-0.00055,1.6721000000000001,0.0799,-10.0618,0.2709810048935844,0.6061682490866547,0.0,0.0,0.0,0.0,0.0,0.0,0.0,0.0,0.0,0.0,0.800000011920929,22.5,0.0,0.0,0.0,0.0,0.0,snow covered,0.250752389431,-8.86382484436035,100.0,456.929077148438
arenacam6_1769615775299718261.png,1769615775299718261,1769615775.2997181,42.30098150362559,-83.69768665944879,238.392578125,-0.010066410630621192,-0.9995516964100084,-0.012283688056321691,-0.025380791725733053,-0.00039000000000000005,0.015600000000000003,-0.00055,1.6721000000000001,0.0799,-10.0618,0.2709810048935844,0.6061682490866547,0.0,0.0,0.0,0.0,0.0,0.0,0.0,0.0,0.0,0.0,0.800000011920929,22.5,0.0,0.0,0.0,0.0,0.0,snow covered,0.250752389431,-8.86382484436035,100.0,456.929077148438
arenacam6_1769615775320437770.png,1769615775320437770,1769615775.3204377,42.30098150362559,-83.69768665944879,238.392578125,-0.010066410630621192,-0.9995516964100084,-0.012283688056321691,-0.025380791725733053,-0.00039000000000000005,0.015600000000000003,-0.00055,1.6721000000000001,0.0799,-10.0618,0.2709810048935844,0.6061682490866547,0.0,0.0,0.0,0.0,0.0,0.0,0.0,0.0,0.0,0.0,0.800000011920929,22.5,0.0,0.0,0.0,0.0,0.0,snow covered,0.250752389431,-8.86382484436035,100.0,456.929077148438
arenacam6_1769615775341151526.png,1769615775341151526,1769615775.3411515,42.30098150362559,-83.69768665944879,238.392578125,-0.010066410630621192,-0.9995516964100084,-0.012283688056321691,-0.025380791725733053,-0.00039000000000000005,0.015600000000000003,-0.00055,1.6721000000000001,0.0799,-10.0618,0.2709810048935844,0.6061682490866547,0.0,0.0,0.0,0.0,0.0,0.0,0.0,0.0,0.0,0.0,0.800000011920929,22.5,0.0,0.0,0.0,0.0,0.0,snow covered,0.250752389431,-8.86382484436035,100.0,456.929077148438
arenacam6_1769615775361805966.png,1769615775361805966,1769615775.3618062,42.30098150362559,-83.69768665944879,238.392578125,-0.010066410630621192,-0.9995516964100084,-0.012283688056321691,-0.025380791725733053,-0.00039000000000000005,0.015600000000000003,-0.00055,1.6721000000000001,0.0799,-10.0618,0.2709810048935844,0.6061682490866547,0.0,0.0,0.0,0.0,0.0,0.0,0.0,0.0,0.0,0.0,0.800000011920929,22.5,0.0,0.0,0.0,0.0,0.0,snow covered,0.250752389431,-8.86382484436035,100.0,456.929077148438
arenacam6_1769615775382604252.png,1769615775382604252,1769615775.3826044,42.30098150362559,-83.69768665944879,238.392578125,-0.010066410630621192,-0.9995516964100084,-0.012283688056321691,-0.025380791725733053,-0.00039000000000000005,0.015600000000000003,-0.00055,1.6721000000000001,0.0799,-10.0618,0.2709810048935844,0.6061682490866547,0.0,0.0,0.0,0.0,0.0,0.0,0.0,0.0,0.0,0.0,0.800000011920929,22.5,0.0,0.0,0.0,0.0,0.0,snow covered,0.250752389431,-8.86382484436035,100.0,456.929077148438
arenacam6_1769615775403178748.png,1769615775403178748,1769615775.4031787,42.30098150362559,-83.69768665944879,238.392578125,-0.010066410630621192,-0.9995516964100084,-0.012283688056321691,-0.025380791725733053,-0.00039000000000000005,0.015600000000000003,-0.00055,1.6721000000000001,0.0799,-10.0618,0.2709810048935844,0.6061682490866547,0.0,0.0,0.0,0.0,0.0,0.0,0.0,0.0,0.0,0.0,0.800000011920929,22.5,0.0,0.0,0.0,0.0,0.0,snow covered,0.250752389431,-8.86382484436035,100.0,456.929077148438
arenacam6_1769615775506685634.png,1769615775506685634,1769615775.5066857,42.300981503287154,-83.69768699899056,238.3909912109375,-0.010066410630621192,-0.9995516964100084,-0.012283688056321691,-0.025380791725733053,-0.00039000000000000005,0.015600000000000003,-0.00055,1.6721000000000001,0.0799,-10.0618,0.2709810048935844,0.6061682490866547,0.0,0.0,0.0,0.0,0.0,0.0,0.0,0.0,0.0,0.0,0.699999988079071,22.024999618530273,0.0,0.0,0.0,0.0,0.0,snow covered,0.250752389431,-8.86382484436035,100.0,456.929077148438
arenacam6_1769615775569016159.png,1769615775569016159,1769615775.569016,42.30098150411693,-83.69768736027815,238.38992309570312,-0.009942225584232578,-0.9995765359544174,-0.012181684058937206,-0.02448484211278038,0.008130000000000002,0.011230000000000002,-0.0029000000000000007,1.4285,0.5666,-9.4951,0.5600506197407045,1.2527996333227716,0.949999988079071,1.0099999904632568,1.1699999570846558,0.7799999713897705,0.7714087493200958,0.8201293044560766,0.9500507525523448,0.6333671683682298,0.7937389936741868,0.36642782088866743,0.30000001192092896,21.225000381469727,0.0,0.0,0.0,0.0,0.0,snow covered,0.250752389431,-8.86382484436035,100.0,456.929077148438
arenacam6_1769615775589703386.png,1769615775589703386,1769615775.5897033,42.300981502225234,-83.69768750019726,238.38954162597656,-0.009913912409443337,-0.9995791199825241,-0.012184910194715242,-0.02438903850599985,-0.0014600000000000004,-0.008110000000000001,-0.0034900000000000005,1.4609,0.36910000000000004,-9.593200000000001,0.6074256490845416,1.3587747314631744,1.309999942779541,1.350000023841858,1.1699999570846558,1.2300000190734863,1.0637320317364598,1.0962124663598085,0.9500507525523448,0.9987713560878467,1.027191651684115,0.2440309435413179,0.20000000298023224,21.399999618530273,0.0,0.0,0.0,0.0,0.0,snow covered,0.250752389431,-8.86382484436035,100.0,456.929077148438
arenacam6_1769615775610178635.png,1769615775610178635,1769615775.6101785,42.30098150163191,-83.69768765353149,238.3892822265625,-0.009913098442007218,-0.9995828644810458,-0.012202173223447552,-0.024226730769362388,-0.005800000000000001,0.0016300000000000002,-0.0034800000000000005,2.3524000000000003,-0.2364,-9.9283,0.6594349631878748,1.4751164465534847,1.309999942779541,1.350000023841858,1.5699999332427979,1.5699999332427979,1.0637320317364598,1.0962124663598085,1.2748544211925366,1.2748544211925366,1.1774133351203353,0.2018166851360879,0.0,21.350000381469727,0.0,0.0,0.0,0.0,0.0,snow covered,0.250752389431,-8.86382484436035,100.0,456.929077148438
arenacam6_1769615775630956722.png,1769615775630956722,1769615775.630957,42.30098150113466,-83.69768782584033,238.38877868652344,-0.009931134792048435,-0.9995868014161213,-0.012182496110131957,-0.024066279001044646,0.00461,0.022210000000000004,0.00017,2.2692,0.1713,-9.574,0.7095727832818767,1.5872717418345612,1.6299999952316284,1.649999976158142,1.5699999332427979,1.5699999332427979,1.3235750247280382,1.3398151936401916,1.2748544211925366,1.2748544211925366,1.3032747651883256,0.17892145948367555,-0.4000000059604645,21.5,0.0,0.0,0.0,0.0,0.0,snow covered,0.250752389431,-8.86382484436035,100.0,456.929077148438
arenacam6_1769615775651394347.png,1769615775651394347,1769615775.6513944,42.30098149961118,-83.69768799939744,238.3884735107422,-0.009937057501146318,-0.9995887890459763,-0.01216369087981866,-0.02399067164541133,0.004980000000000001,0.019270000000000002,0.0002800000000000001,1.6862000000000001,0.5428000000000001,-9.9013,0.7572167405467771,1.6938484155987077,1.909999966621399,1.9199999570846558,1.8499999046325684,1.8499999046325684,1.5509375830962684,1.5590576675523449,1.5022169795607663,1.5022169795607663,1.5286073024425366,0.09755366043056748,-0.800000011920929,21.30000114440918,0.0,0.0,0.0,0.0,0.0,snow covered,0.250752389431,-8.86382484436035,100.0,456.929077148438
arenacam6_1769615775672286290.png,1769615775672286290,1769615775.6722863,42.30098149854933,-83.69768818849661,238.38816833496094,-0.009957520941659637,-0.9995903495009503,-0.012161993922942498,-0.023917919330129062,-0.0005000000000000001,0.0083,0.00459,2.1667,0.5898,-9.8682,0.8344450951647893,1.8666036111779238,1.909999966621399,1.9199999570846558,2.0299999713897705,1.8499999046325684,1.5509375830962684,1.5590576675523449,1.64837869336823,1.5022169795607663,1.5651477308944026,0.16149967699531392,-1.600000023841858,21.475000381469727,0.0,0.0,0.0,0.0,0.0,snow covered,0.250752389431,-8.86382484436035,100.0,456.929077148438
arenacam6_1769615775693080984.png,1769615775693080984,1769615775.6930811,42.30098149808518,-83.69768839891822,238.3878936767578,-0.009960477089457465,-0.999589645351666,-0.012085764946707492,-0.023984663590177906,0.013680000000000001,-0.01907,-0.004760000000000001,1.4092,0.8069000000000001,-9.214400000000001,0.8847477418017143,1.979127613545927,2.200000047683716,2.2100000381469727,2.0299999713897705,2.0899999141693115,1.786420322719617,1.7945404071756936,1.64837869336823,1.6970992001046896,1.7316096558420577,0.12506417272426454,-2.1000001430511475,21.350000381469727,0.0,0.0,0.0,0.0,0.0,snow covered,0.250752389431,-8.86382484436035,100.0,456.929077148438
arenacam6_1769615775713460419.png,1769615775713460419,1769615775.7134604,42.30098149668125,-83.69768860766753,238.38748168945312,-0.009950666605192837,-0.9995906645160362,-0.012046234844048744,-0.02396614012692704,-0.003650000000000001,-0.01805,0.0021900000000000005,1.9461000000000002,-0.36960000000000004,-10.1484,0.9376301349876317,2.097422354159233,2.490000009536743,2.429999828338623,2.2699999809265137,2.3299999237060547,2.0219029655439233,1.9731822652093793,1.8432609139121532,1.8919814206486132,1.9325818913285173,0.07859192618207463,-3.0,21.225000381469727,0.0,0.0,0.0,0.0,0.0,snow covered,0.250752389431,-8.86382484436035,100.0,456.929077148438
arenacam6_1769615775734524590.png,1769615775734524590,1769615775.7345247,42.30098149698099,-83.69768883295717,238.38717651367188,-0.009985369714754111,-0.9995893123027355,-0.012088142946153234,-0.023986994849660933,-0.003910000000000001,-0.009500000000000001,-0.0036800000000000005,2.7272000000000003,0.2308,-10.006300000000001,0.9940211269746159,2.223565619774597,2.669999837875366,2.429999828338623,2.5,2.3299999237060547,2.1680644857533027,1.9731822652093793,2.03002305,1.8919814206486132,2.015812805402824,0.09343228395158996,-4.200000286102295,21.725000381469727,0.0,0.0,0.0,0.0,0.0,snow covered,0.250752389431,-8.86382484436035,100.0,456.929077148438
arenacam6_1769615775755605949.png,1769615775755605949,1769615775.755606,42.30098149656874,-83.69768908063237,238.3868865966797,-0.01002634072599623,-0.999587340792435,-0.012040233667553805,-0.024075992033256097,0.010920000000000003,-0.0006000000000000001,0.0037100000000000006,1.3901000000000001,0.8475,-9.6966,1.0380683770594241,2.322096675379308,2.669999837875366,2.669999837875366,2.5,2.5,2.1680644857533027,2.1680644857533027,2.03002305,2.03002305,2.0990437678766516,0.09605668440407268,-5.099999904632568,21.75,0.0,0.0,0.0,0.0,0.0,snow covered,0.250752389431,-8.86382484436035,100.0,456.929077148438
arenacam6_1769615775796605588.png,1769615775796605588,1769615775.7966056,42.30098149484606,-83.69768958989654,238.3861846923828,-0.010075447534621917,-0.9995842826962309,-0.012068017310359648,-0.024168369863018273,-0.006070000000000001,-0.009810000000000001,0.0071200000000000005,2.3635,0.5428000000000001,-9.376800000000001,1.1455824570761926,2.562599221532018,2.9800000190734863,2.869999885559082,2.919999837875366,2.929999828338623,2.4197874910878467,2.3304663684729197,2.3710667907533027,2.3791868752093794,2.3751268813808624,0.07315710493312245,-6.300000190734863,21.5,0.0,0.0,0.0,0.0,0.0,snow covered,0.250752389431,-8.86382484436035,100.0,456.929077148438
arenacam6_1769615775817062641.png,1769615775817062641,1769615775.8170626,42.30098149410698,-83.69768987423473,238.3856658935547,-0.01007190814243869,-0.9995813959814619,-0.01203964909436105,-0.024303010591425186,0.010080000000000002,-0.013260000000000003,-0.00026000000000000003,0.9753000000000001,1.4176,-9.736500000000001,1.1854842584422642,2.6518571570798386,3.0299999713897705,3.0799999237060547,3.049999952316284,3.0399999618530273,2.46038791336823,2.500988335648613,2.4766280822803832,2.4685079978243065,2.4766280822803832,0.06607787087311046,-7.0,21.75,0.0,0.0,0.0,0.0,0.0,snow covered,0.250752389431,-8.86382484436035,100.0,456.929077148438
arenacam6_1769615775838152663.png,1769615775838152663,1769615775.8381526,42.300981494522674,-83.69769045500526,238.38478088378906,-0.010093520385671517,-0.9995832291112305,-0.011980787500340663,-0.024247673221594854,0.00068,0.00302,0.0024000000000000002,2.609,-0.6086,-9.8078,1.2391751270144644,2.771960408623736,3.2200000286102295,3.259999990463257,3.1999998092651367,3.2100000381469727,2.6146697116317705,2.6471500494560765,2.5984293491215325,2.6065496271756934,2.616699684346268,0.05601116227866836,-7.200000286102295,21.725000381469727,0.0,0.0,0.0,0.0,0.0,snow covered,0.250752389431,-8.86382484436035,100.0,456.929077148438
arenacam6_1769615775858790303.png,1769615775858790303,1769615775.8587904,42.30098149716176,-83.6976907714599,238.38441467285156,-0.010133056162414222,-0.9995784093176241,-0.01204260851549001,-0.024398778227614427,-0.007150000000000001,-0.014890000000000002,0.0032800000000000004,1.9583000000000002,0.36160000000000003,-9.857800000000001,1.2924638454686648,2.891164074482675,3.379999876022339,3.4099998474121094,3.3999998569488525,3.379999876022339,2.7445910629289965,2.7689513162972257,2.7608312318411494,2.7445910629289965,2.754741168499092,0.04718615148398087,-7.400000095367432,21.92500114440918,0.0,0.0,0.0,0.0,0.0,snow covered,0.250752389431,-8.86382484436035,100.0,456.929077148438
arenacam6_1769615775879319096.png,1769615775879319096,1769615775.879319,42.30098149656795,-83.69769109178114,238.384033203125,-0.010147700849306829,-0.9995787933385405,-0.011910898343294417,-0.02444157474459892,0.022400000000000003,0.01165,-0.0034500000000000004,1.5446,0.8734000000000001,-9.958,1.329691999749034,2.974441221918604,3.4700000286102295,3.569999933242798,3.490000009536743,3.5299999713897705,2.81767201663177,2.8988728611925363,2.833912185543923,2.86639252336823,2.854212396684115,0.04042064248858748,-7.5,21.725000381469727,0.0,0.0,0.0,0.0,0.0,snow covered,0.250752389431,-8.86382484436035,100.0,456.929077148438
arenacam6_1769615775900105473.png,1769615775900105473,1769615775.9001055,42.300981499616455,-83.69769142507033,238.38360595703125,-0.010136790020145947,-0.9995767085972793,-0.011817259504210597,-0.024576441885009515,0.0024500000000000004,-0.019160000000000003,0.00256,2.0238,-0.311,-10.2506,1.3867039914222872,3.101973626572171,3.7799999713897705,3.6599998474121094,3.7699999809265137,3.6499998569488525,3.06939482836823,2.971953621297226,3.0612747439121537,2.9638335368411495,3.01661418260469,0.02751778520496553,-7.5,21.75,0.0,0.0,0.0,0.0,0.0,snow covered,0.250752389431,-8.86382484436035,100.0,456.929077148438
arenacam6_1769615775920462264.png,1769615775920462264,1769615775.9204624,42.30098150498374,-83.69769177551532,238.38320922851562,-0.01020519450406382,-0.9995728623266041,-0.01181314659311098,-0.02470620312601216,0.0035200000000000006,-0.022720000000000004,0.00534,1.9291,0.8433,-10.1006,1.4336691772359293,3.2070319293261402,3.879999876022339,3.7899999618530273,3.8499999046325684,3.759999990463257,3.1505956729289966,3.0775149128243067,3.1262354195607664,3.0531546594560766,3.1018751661925363,0.03278943442128416,-7.5,22.0,0.0,0.0,0.0,0.0,0.0,snow covered,0.250752389431,-8.86382484436035,100.0,456.929077148438
arenacam6_1769615775941222735.png,1769615775941222735,1769615775.9412227,42.300981504157555,-83.69769213154052,238.38296508789062,-0.010190334225521736,-0.9995749407977947,-0.011538189950893788,-0.024758129778210895,0.032810000000000006,-0.0029100000000000003,-0.0032400000000000003,2.5101,-0.22060000000000002,-10.4228,1.4794945092358747,3.3095404474900976,4.029999732971191,4.019999980926514,4.019999980926514,4.019999980926514,3.272396939770146,3.2642770489121533,3.2642770489121533,3.2642770489121533,3.266307021626651,0.013063271638282626,-7.5,21.67500114440918,0.0,0.0,0.0,0.0,0.0,snow covered,0.250752389431,-8.86382484436035,100.0,456.929077148438
arenacam6_1769615775961994338.png,1769615775961994338,1769615775.9619942,42.30098150880272,-83.69769250044075,238.382568359375,-0.01024159974729133,-0.9995726186401053,-0.011422631352093407,-0.024883994706903428,0.00559,-0.00427,0.008830000000000003,1.7950000000000002,0.2237,-9.3056,1.5258876336636593,3.413319083247586,4.110000133514404,4.089999675750732,4.170000076293945,4.150000095367432,3.3373580026149274,3.321117446506605,3.386078509351387,3.369838340439234,3.3535980747280383,0.01749646225946348,-7.5,21.75,0.0,0.0,0.0,0.0,0.0,snow covered,0.250752389431,-8.86382484436035,100.0,456.929077148438
arenacam6_1769615775982509497.png,1769615775982509497,1769615775.9825096,42.30098151423416,-83.69769288625491,238.38223266601562,-0.010263167352918157,-0.9995720553854655,-0.011126228711079374,-0.025031590501417622,0.030600000000000002,-7.000000000000002e-05,-0.0013900000000000002,2.4367,0.22190000000000001,-10.5637,1.5947268712605325,3.567308327397536,4.259999752044678,4.210000038146973,4.269999980926514,4.21999979019165,3.4591590758579924,3.4185588471756936,3.4672793539121534,3.426678738033686,3.4429190037448816,0.034869238158452165,-7.5,22.149999618530273,0.0,0.0,0.0,0.0,0.0,snow covered,0.250752389431,-8.86382484436035,100.0,456.929077148438
arenacam6_1769615776003311273.png,1769615776003311273,1769615776.0033114,42.300981515772605,-83.69769327388494,238.38180541992188,-0.010321506706873762,-0.9995701883829443,-0.010899811555504242,-0.0251813244973231,0.015080000000000001,-0.006400000000000001,0.004560000000000001,2.1639,-0.4162,-9.7766,1.6425518865226432,3.6742900170379618,4.309999942779541,4.319999694824219,4.509999752044678,4.369999885559082,3.4997596917364597,3.507879582594452,3.6621613808579925,3.5484801984729195,3.554570213415456,0.03258311212978724,-7.5,21.575000762939453,0.0,0.0,0.0,0.0,0.0,snow covered,0.250752389431,-8.86382484436035,100.0,456.929077148438
arenacam6_1769615776023906977.png,1769615776023906977,1769615776.0239072,42.300981522062564,-83.69769367357537,238.3812255859375,-0.010395372570262074,-0.9995697724274779,-0.010663200356276329,-0.025268605750362112,0.034,0.004900000000000001,0.006110000000000001,0.8202,1.1255,-8.8229,1.675943692092129,3.748985482588567,4.579999923706055,4.429999828338623,4.579999923706055,4.480000019073486,3.719002165648613,3.5972007052093797,3.719002165648613,3.637801321087847,3.668251589398613,0.02153486418256533,-7.400000095367432,22.17500114440918,0.0,0.0,0.0,0.0,0.0,snow covered,0.250752389431,-8.86382484436035,100.0,456.929077148438
arenacam6_1769615776044817290.png,1769615776044817290,1769615776.0448174,42.300981526626465,-83.69769409272105,238.3805694580078,-0.010428369696821815,-0.9995688752712028,-0.010430252134221094,-0.02538744837406162,0.015310000000000002,-0.030160000000000003,0.00727,1.8139,0.11810000000000001,-9.328800000000001,1.7324108575606414,3.8752991437117013,4.650000095367432,4.659999847412109,4.769999980926514,4.659999847412109,3.775842950439234,3.7839628412972264,3.8732839639121535,3.7839628412972264,3.80426314923646,0.01833045446065985,-7.400000095367432,21.75,0.0,0.0,0.0,0.0,0.0,snow covered,0.250752389431,-8.86382484436035,100.0,456.929077148438
arenacam6_1769615776065352970.png,1769615776065352970,1769615776.065353,42.300981533283256,-83.6976945091757,238.37994384765625,-0.010492058353646583,-0.9995691948205782,-0.010198737480494314,-0.025442626260839783,0.024050000000000002,-0.01391,0.0025900000000000003,1.556,0.2346,-10.0515,1.7716569245131477,3.9630902407204407,4.730000019073486,4.730000019073486,4.900000095367432,4.730000019073486,3.8408036260878466,3.8408036260878466,3.978845255439234,3.8408036260878466,3.8753140334256937,0.022148425083247755,-7.300000190734863,21.75,0.0,0.0,0.0,0.0,0.0,snow covered,0.250752389431,-8.86382484436035,100.0,456.929077148438
arenacam6_1769615776107432762.png,1769615776107432762,1769615776.1074326,42.300981542319555,-83.69769539385196,238.3783416748047,-0.010619349745116469,-0.9995705502657041,-0.009854500217633566,-0.02547220598945656,0.018330000000000003,-0.00016,0.0061,1.5059,0.41390000000000005,-10.1074,1.8588937552157703,4.1582337967923655,5.059999942779541,5.0,5.199999809265137,5.0,4.10876660673646,4.0600461,4.222447789121532,4.0600461,4.112826648964498,0.010919815971601701,-7.300000190734863,21.850000381469727,0.0,0.0,0.0,0.0,0.0,snow covered,0.250752389431,-8.86382484436035,100.0,456.929077148438
arenacam6_1769615776127572789.png,1769615776127572789,1769615776.1275728,42.30098154449648,-83.6976958468194,238.37744140625,-0.010663912257351527,-0.9995711390960533,-0.009752995877036624,-0.02546954913241643,0.005560000000000001,-0.0033100000000000004,0.005490000000000001,1.9518000000000002,-0.08,-9.828000000000001,1.9061382050186024,4.263916796334313,5.269999980926514,5.059999942779541,5.279999732971191,5.099999904632568,4.279288573912154,4.10876660673646,4.287408464770145,4.141246944560766,4.204177647494881,0.014010392719386455,-7.300000190734863,21.899999618530273,0.0,0.0,0.0,0.0,0.0,snow covered,0.250752389431,-8.86382484436035,100.0,456.929077148438
arenacam6_1769615776148917878.png,1769615776148917878,1769615776.1489177,42.30098154898659,-83.697696311988,238.37649536132812,-0.01074957723356762,-0.9995712122063795,-0.009666972725793236,-0.025463463155810512,0.012160000000000002,0.00064,0.006950000000000001,1.5241,0.3422,-9.767000000000001,1.9464539294075072,4.354100652848829,5.329999923706055,5.269999980926514,5.420000076293945,5.289999961853027,4.328009080648613,4.279288573912154,4.4010900343513875,4.295528742824307,4.325979107934115,0.006458634550929435,-7.300000190734863,22.125,0.0,0.0,0.0,0.0,0.0,snow covered,0.250752389431,-8.86382484436035,100.0,456.929077148438
arenacam6_1769615776169432219.png,1769615776169432219,1769615776.1694324,42.300981550857,-83.697696795005,238.37551879882812,-0.010762414457960334,-0.9995724124647198,-0.009582966600899174,-0.025442669388667873,0.0040100000000000005,-0.0040100000000000005,0.00281,1.8737000000000001,-0.5521,-9.864600000000001,1.9940447825582153,4.460558535895775,5.559999942779541,5.440000057220459,5.519999980926514,5.489999771118164,4.5147712167364595,4.41733020326354,4.482290878912154,4.457930431945839,4.468080682714498,0.00168636881641384,-7.300000190734863,22.024999618530273,0.0,0.0,0.0,0.0,0.0,snow covered,0.250752389431,-8.86382484436035,100.0,456.929077148438
arenacam6_1769615776189728046.png,1769615776189728046,1769615776.189728,42.300981554606516,-83.69769727777921,238.3745574951172,-0.010839144929123468,-0.9995714488699248,-0.009589481166015748,-0.025445498467340396,-0.0006000000000000001,0.0015400000000000001,0.00661,1.5403,0.1479,-9.8018,2.0347943755516247,4.551712930446452,5.559999942779541,5.519999980926514,5.62999963760376,5.559999942779541,4.5147712167364595,4.482290878912154,4.571611614330912,4.5147712167364595,4.520861231678996,0.006778041418448937,-7.300000190734863,22.200000762939453,0.0,0.0,0.0,0.0,0.0,snow covered,0.250752389431,-8.86382484436035,100.0,456.929077148438
arenacam6_1769615776210276382.png,1769615776210276382,1769615776.2102764,42.30098155664381,-83.69769777565357,238.3735809326172,-0.010855314054004916,-0.9995699798245056,-0.009579446267521212,-0.02550003528692155,0.00198,-0.00487,0.0016300000000000002,1.4240000000000002,0.050800000000000005,-9.9887,2.078586660756445,4.649673644912522,5.799999713897705,5.679999828338623,5.779999732971191,5.859999656677246,4.7096532436822995,4.612212230209379,4.693413074770145,4.758373750418759,4.693413074770145,0.009406989220733943,-7.300000190734863,22.55000114440918,0.0,0.0,0.0,0.0,0.0,snow covered,0.250752389431,-8.86382484436035,100.0,456.929077148438
arenacam6_1769615776230768757.png,1769615776230768757,1769615776.2307687,42.30098155673681,-83.69769829159019,238.37258911132812,-0.01089863971584104,-0.9995683092083276,-0.009632478806587227,-0.02552704900277424,-0.009340000000000003,-0.010490000000000001,0.00417,2.2783,-0.203,-10.070500000000001,2.1292722378002367,4.763054239624862,5.940000057220459,5.809999942779541,5.909999847412109,5.87999963760376,4.82333481326354,4.7177735217364605,4.798974366297227,4.774613919330911,4.778674155157034,0.0032793906485942127,-7.300000190734863,22.80000114440918,0.0,0.0,0.0,0.0,0.0,snow covered,0.250752389431,-8.86382484436035,100.0,456.929077148438
arenacam6_1769615776251489704.png,1769615776251489704,1769615776.2514899,42.30098155820032,-83.6976988060725,238.37159729003906,-0.0109421698748145,-0.9995659053024238,-0.009685169720071484,-0.025582559740375814,-0.0032600000000000003,-0.0009500000000000001,0.004760000000000001,1.7311,0.17220000000000002,-10.1815,2.169210796811769,4.852394399820119,5.989999771118164,5.96999979019165,6.039999961853027,6.049999713897705,4.863935041945839,4.847694873033686,4.904535657824306,4.912655548682299,4.882205280371533,0.006143540300953165,-7.300000190734863,23.17500114440918,0.0,0.0,0.0,0.0,0.0,snow covered,0.250752389431,-8.86382484436035,100.0,456.929077148438
arenacam6_1769615776272275724.png,1769615776272275724,1769615776.2722757,42.30098155853916,-83.69769933645124,238.3705596923828,-0.010969117355781988,-0.999560684811065,-0.009800629907037246,-0.02573059458883545,-0.004050000000000001,-0.011000000000000001,0.0014800000000000002,1.7853,0.5414,-9.901,2.2368792230671772,5.003764609247892,6.12999963760376,6.039999961853027,6.119999885559082,6.21999979019165,4.977616224330911,4.904535657824306,4.96949633347292,5.050697178033686,4.975586348415455,0.005631412153233076,-7.400000095367432,23.100000381469727,0.0,0.0,0.0,0.0,0.0,snow covered,0.250752389431,-8.86382484436035,100.0,456.929077148438
arenacam6_1769615776292827835.png,1769615776292827835,1769615776.2928278,42.30098155923529,-83.69769988344456,238.36949157714844,-0.010977581650784218,-0.9995577456249661,-0.009816669203276418,-0.025834838261337516,-0.00041000000000000005,-0.00768,0.00026000000000000003,1.5650000000000002,0.23090000000000002,-9.942300000000001,2.2779056709152017,5.095538311497052,6.230000019073486,6.159999847412109,6.25,6.269999980926514,5.058817456087847,5.001976671297226,5.075057625,5.091297793912154,5.056787386574307,0.00760487362744605,-7.5,23.75,0.0,0.0,0.0,0.0,0.0,snow covered,0.250752389431,-8.86382484436035,100.0,456.929077148438
arenacam6_1769615776313573007.png,1769615776313573007,1769615776.3135731,42.300981558933415,-83.69770043151718,238.36849975585938,-0.01097206801945666,-0.9995556195830821,-0.009844914847345086,-0.02590858419337819,-0.004210000000000001,-0.006900000000000001,0.00017,1.7678,0.1159,-10.06,2.3203328442099487,5.190445352527003,6.369999885559082,6.319999694824219,6.399999618530273,6.389999866485596,5.17249863847292,5.131898022594452,5.196858698243065,5.188738807385073,5.172498541673878,0.0034576630008033736,-7.599999904632568,24.274999618530273,0.0,0.0,0.0,0.0,0.0,snow covered,0.250752389431,-8.86382484436035,100.0,456.929077148438
arenacam6_1769615776334849999.png,1769615776334849999,1769615776.33485,42.300981560607624,-83.69770099302595,238.36741638183594,-0.010964909088140129,-0.9995529377596584,-0.009868931628279695,-0.02600576038576347,-0.0014000000000000002,-0.007360000000000001,0.00109,1.7911000000000001,0.1311,-9.711500000000001,2.3628524039044563,5.285559056390035,6.440000057220459,6.429999828338623,6.519999980926514,6.489999771118164,5.229339423263541,5.221219145209379,5.294300098912153,5.2699396519458395,5.253699579832729,0.006027645556015404,-8.0,25.575000762939453,0.0,0.0,0.0,0.0,0.0,snow covered,0.250752389431,-8.86382484436035,100.0,456.929077148438
arenacam6_1769615776355598176.png,1769615776355598176,1769615776.355598,42.30098156228469,-83.69770157085097,238.36630249023438,-0.010966357086702572,-0.9995506562937616,-0.009896966992568215,-0.026082073523886955,-0.00396,-0.00039000000000000005,-0.00027000000000000006,0.9877,0.27540000000000003,-9.545,2.397421501036386,5.3628880525283344,6.579999923706055,6.609999656677246,6.71999979019165,6.730000019073486,5.343020605648613,5.367380665418758,5.456701788033685,5.464822066087847,5.407981281297227,0.008408385244520089,-8.300000190734863,25.92500114440918,0.0,0.0,0.0,0.0,0.0,snow covered,0.250752389431,-8.86382484436035,100.0,456.929077148438
arenacam6_1769615776397068363.png,1769615776397068363,1769615776.3970683,42.30098156574526,-83.69770334765775,238.3624725341797,-0.010978806686340603,-0.9995457156084054,-0.010104202149934719,-0.026186510106116678,-0.017410000000000002,-0.00693,0.0028300000000000005,1.4094,-0.33480000000000004,-10.207500000000001,2.4872429448659394,5.563813233088415,6.839999675750732,6.779999732971191,6.899999618530273,6.949999809265137,5.554142801506606,5.505422294770145,5.602863308243065,5.643463924121533,5.576473082160337,0.0022753907332175045,-9.199999809265137,26.17500114440918,0.0,0.0,0.0,0.0,0.0,snow covered,0.250752389431,-8.86382484436035,100.0,456.929077148438
arenacam6_1769615776417240511.png,1769615776417240511,1769615776.4172406,42.30098156690551,-83.69770395862002,238.36097717285156,-0.011031465246889749,-0.9995424897733731,-0.010318403732654675,-0.026203977876705805,-0.017910000000000002,-0.004760000000000001,0.0058200000000000005,1.7664000000000002,0.4777,-9.4593,2.5282341512982915,5.655508102405201,6.980000019073486,6.859999656677246,7.0,6.989999771118164,5.667824371087846,5.570382970418759,5.6840645400000005,5.675944261945839,5.649554035863112,0.0010527907367964009,-9.699999809265137,26.350000381469727,0.0,0.0,0.0,0.0,0.0,snow covered,0.250752389431,-8.86382484436035,100.0,456.929077148438
arenacam6_1769615776437957008.png,1769615776437957008,1769615776.437957,42.30098156653862,-83.69770458082962,238.35955810546875,-0.011050090525508649,-0.9995387341388011,-0.010471874893441127,-0.026278399719108107,-0.019340000000000003,-0.009570000000000002,0.003790000000000001,1.5363,-0.3745,-10.091700000000001,2.571335880558211,5.751924084655886,7.099999904632568,7.069999694824219,7.089999675750732,7.109999656677246,5.765265384560767,5.740904937594452,5.757145106506605,5.773385275418759,5.759175176020145,0.0012606375288579962,-10.199999809265137,26.350000381469727,0.0,0.0,0.0,0.0,0.0,snow covered,0.250752389431,-8.86382484436035,100.0,456.929077148438
arenacam6_1769615776458639500.png,1769615776458639500,1769615776.4586396,42.30098156772453,-83.69770521887483,238.35816955566406,-0.011119558140391284,-0.9995337546028886,-0.010709039854394423,-0.026342841562966436,-0.021570000000000002,-0.008180000000000002,0.008110000000000001,1.3721,0.6896,-9.929300000000001,2.6110885235919232,5.840848361963717,7.210000038146973,7.139999866485596,7.179999828338623,7.349999904632568,5.854586507175694,5.797745722385073,5.83022606020938,5.968267689560766,5.862706494832728,0.00374228733814655,-10.600000381469727,26.225000381469727,0.0,0.0,0.0,0.0,0.0,snow covered,0.250752389431,-8.86382484436035,100.0,456.929077148438
arenacam6_1769615776479398005.png,1769615776479398005,1769615776.4793978,42.30098156557946,-83.69770585989305,238.35679626464844,-0.011162613018073364,-0.9995313143572002,-0.010780290377383503,-0.026388122884284552,-0.005830000000000001,-0.0026800000000000005,0.0029700000000000004,1.8762,-0.1018,-9.897300000000001,2.6548750512208414,5.9387961970779495,7.339999675750732,7.239999771118164,7.319999694824219,7.369999885559082,5.960147411506605,5.878946566945839,5.943907242594452,5.98450785847292,5.941877269879954,0.0005188042660093786,-11.0,26.325000762939453,0.0,0.0,0.0,0.0,0.0,snow covered,0.250752389431,-8.86382484436035,100.0,456.929077148438
arenacam6_1769615776499974978.png,1769615776499974978,1769615776.499975,42.30098156767863,-83.69770651262151,238.35548400878906,-0.011257659919787333,-0.9995265630374477,-0.010836819589208015,-0.026504305628873,-0.0036100000000000004,-0.010400000000000001,0.012180000000000002,1.4535,0.561,-10.2171,2.6958266046628254,6.030402365034461,7.489999771118164,7.489999771118164,7.489999771118164,7.569999694824219,6.08194887194584,6.08194887194584,6.08194887194584,6.146909547594452,6.098189040857992,0.011240821378117759,-11.199999809265137,26.325000762939453,0.0,0.0,0.0,0.0,0.0,snow covered,0.250752389431,-8.86382484436035,100.0,456.929077148438
arenacam6_1769615776520570763.png,1769615776520570763,1769615776.520571,42.30098157135081,-83.6977071807718,238.35430908203125,-0.011342389069875836,-0.9995231290349256,-0.010771683556353185,-0.026623966041536072,0.013130000000000003,-0.014010000000000002,0.005180000000000001,1.2615,0.9183,-10.0827,2.7343642170715836,6.116608691736109,7.589999675750732,7.549999713897705,7.589999675750732,7.589999675750732,6.163149716506606,6.130669378682298,6.163149716506606,6.163149716506606,6.155029632050529,0.006281412176379593,-11.40000057220459,26.524999618530273,0.0,0.0,0.0,0.0,0.0,snow covered,0.250752389431,-8.86382484436035,100.0,456.929077148438
arenacam6_1769615776541198851.png,1769615776541198851,1769615776.5411987,42.300981574198964,-83.69770785070062,238.3531951904297,-0.01139758519988976,-0.9995212546138758,-0.010598472942843091,-0.02674002614050892,0.014740000000000001,-0.01665,0.0065000000000000014,1.5755000000000001,0.0883,-10.429400000000001,2.7754730126807847,6.208566600986155,7.779999732971191,7.669999599456787,7.819999694824219,7.699999809265137,6.317431514770146,6.2281103921552186,6.349911852594452,6.252470839121533,6.286981149660337,0.0126300567769905,-11.40000057220459,26.350000381469727,0.0,0.0,0.0,0.0,0.0,snow covered,0.250752389431,-8.86382484436035,100.0,456.929077148438
arenacam6_1769615776561834183.png,1769615776561834183,1769615776.5618343,42.30098157870813,-83.69770853320935,238.35218811035156,-0.011478247960727661,-0.9995203649561678,-0.010407613501877307,-0.026813642849055668,0.0206,-0.004900000000000001,0.006400000000000001,1.8225,0.44160000000000005,-10.103900000000001,2.816223598938612,6.299723217409739,7.929999828338623,7.759999752044678,7.889999866485596,7.829999923706055,6.4392329752093795,6.301191345857993,6.406752637385073,6.358032130648613,6.3763022722752645,0.012155939590154286,-11.40000057220459,26.600000381469727,0.0,0.0,0.0,0.0,0.0,snow covered,0.250752389431,-8.86382484436035,100.0,456.929077148438
arenacam6_1769615776603274753.png,1769615776603274753,1769615776.6032748,42.3009815928573,-83.69770993345783,238.35125732421875,-0.01170220331116073,-0.9995107377912595,-0.00985534983700141,-0.027280314463486426,0.022200000000000004,-0.020160000000000004,0.007710000000000002,1.8818000000000001,0.0932,-10.2118,2.9224444013750532,6.537332779211912,8.109999656677246,7.940000057220459,8.09000015258789,8.039999961853027,6.585394495418758,6.4473532532635405,6.569154713702774,6.528554097824307,6.532614140052345,0.0007217988312559863,-11.300000190734863,26.200000762939453,0.0,0.0,0.0,0.0,0.0,snow covered,0.250752389431,-8.86382484436035,100.0,456.929077148438
arenacam6_1769615776623970591.png,1769615776623970591,1769615776.6239705,42.300981600041986,-83.69771064537494,238.35076904296875,-0.011788524423406499,-0.9995044256544212,-0.009706047882320476,-0.027526830977252992,0.013000000000000003,-0.016910000000000005,0.008490000000000001,1.3115,0.5305,-10.3383,2.95985931073614,6.621027686558102,8.199999809265137,8.109999656677246,8.229999542236328,8.220000267028809,6.658475449121532,6.585394495418758,6.682835508891679,6.674716005229855,6.650355364665455,0.004429475225861728,-11.199999809265137,26.200000762939453,0.0,0.0,0.0,0.0,0.0,snow covered,0.250752389431,-8.86382484436035,100.0,456.929077148438
arenacam6_1769615776644819116.png,1769615776644819116,1769615776.6448193,42.30098160980217,-83.69771137529203,238.3507080078125,-0.011864295081381315,-0.9994969713375393,-0.009522851172281955,-0.027827290469230468,0.022770000000000002,-0.03314,0.00689,1.3682,0.7647,-9.5839,3.0027643840833096,6.717003761331319,8.300000190734863,8.220000267028809,8.40999984741211,8.34000015258789,6.739676680878468,6.674716005229855,6.828997416297226,6.772157018702774,6.753886780277081,0.005490992748595928,-11.199999809265137,26.149999618530273,0.0,0.0,0.0,0.0,0.0,snow covered,0.250752389431,-8.86382484436035,100.0,456.929077148438
arenacam6_1769615776665458039.png,1769615776665458039,1769615776.665458,42.3009816169594,-83.69771210599482,238.35061645507812,-0.011908323473674987,-0.9994898011785924,-0.009376133785243424,-0.028114360872432093,0.008960000000000003,-0.029720000000000003,0.004240000000000001,1.409,-0.0805,-9.738800000000001,3.0430845773201076,6.807197614390442,8.380000114440918,8.4399995803833,8.569999694824219,8.5,6.804637356527081,6.853357476067372,6.958918767594452,6.90207837,6.879747992547227,0.01065789217040106,-11.0,26.25,0.0,0.0,0.0,0.0,0.0,snow covered,0.250752389431,-8.86382484436035,100.0,456.929077148438
arenacam6_1769615776707090837.png,1769615776707090837,1769615776.7070909,42.300981641446654,-83.6977136092305,238.3496856689453,-0.01197966811448059,-0.999479140387695,-0.008702250433985148,-0.02867414025084965,0.04757000000000001,-0.0205,-0.0030600000000000007,1.4662000000000002,-0.4232,-9.3811,3.126340531978582,6.99343618960417,8.699999809265137,8.460000038146973,8.809999465942383,8.710000038146973,7.064480059121533,6.869598032175693,7.153800794540291,7.072600337175694,7.040119805753303,0.006675347409121867,-10.90000057220459,26.274999618530273,0.0,0.0,0.0,0.0,0.0,snow covered,0.250752389431,-8.86382484436035,100.0,456.929077148438
arenacam6_1769615776727833157.png,1769615776727833157,1769615776.727833,42.300981654742756,-83.6977143709243,238.34909057617188,-0.012058092570438939,-0.9994761423313909,-0.00828851331893212,-0.028867695801463606,0.04478000000000001,-0.014090000000000004,0.00897,1.6682000000000001,0.45630000000000004,-8.683900000000001,3.166888827561236,7.084140293924832,8.869999885559082,8.619999885559082,8.9399995803833,8.90999984741211,7.2025216884729195,6.9995193834729195,7.259362086067371,7.235002026297226,7.17410129607761,0.012698930063528848,-10.800000190734863,26.274999618530273,0.0,0.0,0.0,0.0,0.0,snow covered,0.250752389431,-8.86382484436035,100.0,456.929077148438
arenacam6_1769615776748339997.png,1769615776748339997,1769615776.74834,42.30098166661883,-83.69771514358338,238.3477325439453,-0.012131149726629098,-0.9994721998933238,-0.007847999740580622,-0.029095802906629806,0.041330000000000006,-0.021570000000000002,0.005190000000000001,1.4347,-0.0461,-8.6205,3.213407732255758,7.188200292592196,9.050000190734863,8.84999942779541,9.09999942779541,8.880000114440918,7.348683595878468,7.186281132364598,7.389283437364598,7.2106419665270804,7.283722533033686,0.013288756093779164,-10.800000190734863,26.225000381469727,0.0,0.0,0.0,0.0,0.0,snow covered,0.250752389431,-8.86382484436035,100.0,456.929077148438
arenacam6_1769615776769071047.png,1769615776769071047,1769615776.769071,42.30098167693785,-83.6977159340098,238.34609985351562,-0.012215359730065045,-0.9994677759760433,-0.007592483494887781,-0.029279753526055077,0.017320000000000002,-0.022170000000000002,0.00877,1.5002,-0.5634,-9.4984,3.2562840106770823,7.2841119548439925,9.09999942779541,8.960000038146973,9.15999984741211,9.09999942779541,7.389283437364598,7.275602642175694,7.438004331297226,7.389283437364598,7.3730434620505285,0.012208970394448126,-10.800000190734863,26.225000381469727,0.0,0.0,0.0,0.0,0.0,snow covered,0.250752389431,-8.86382484436035,100.0,456.929077148438
arenacam6_1769615776789800354.png,1769615776789800354,1769615776.7898004,42.30098168931768,-83.6977167253914,238.34426879882812,-0.012316066710223117,-0.9994632473965654,-0.007525433986306371,-0.02940917284826226,0.005040000000000001,-0.00909,0.008180000000000002,1.752,-0.518,-8.8747,3.2984269765566783,7.378383240938696,9.170000076293945,9.170000076293945,9.389999389648438,9.09999942779541,7.446124609351387,7.446124609351387,7.624766080188904,7.389283437364598,7.476574684064069,0.013307989015881018,-10.800000190734863,26.149999618530273,0.0,0.0,0.0,0.0,0.0,snow covered,0.250752389431,-8.86382484436035,100.0,456.929077148438
arenacam6_1769615776810368193.png,1769615776810368193,1769615776.8103683,42.300981698313926,-83.69771752935283,238.3419647216797,-0.012398321889821484,-0.9994553797959214,-0.007603136536706825,-0.029621237754534544,-0.00801,-0.023110000000000006,0.009190000000000002,1.5144,0.3935,-9.3355,3.345214158783335,7.483043360348794,9.279999732971191,9.239999771118164,9.510000228881836,9.319999694824219,7.535445344770146,7.502965006945839,7.722207868054161,7.567925682594453,7.582135975591149,0.013242287993068189,-10.800000190734863,26.25,0.0,0.0,0.0,0.0,0.0,snow covered,0.250752389431,-8.86382484436035,100.0,456.929077148438
arenacam6_1769615776830860896.png,1769615776830860896,1769615776.8308609,42.300981707416845,-83.69771834991015,238.339599609375,-0.012485769111334089,-0.9994483697699399,-0.007591892242764773,-0.029823227626838155,0.0026800000000000005,-0.02074,0.007490000000000002,1.2472,-0.1424,-9.5977,3.3824167548301993,7.566263335549866,9.399999618530273,9.210000038146973,9.679999351501465,9.389999389648438,7.632886358243065,7.478604947175694,7.8602487230132105,7.624766080188904,7.649126527155218,0.01095166635504496,-10.90000057220459,26.024999618530273,0.0,0.0,0.0,0.0,0.0,snow covered,0.250752389431,-8.86382484436035,100.0,456.929077148438
arenacam6_1769615776851647042.png,1769615776851647042,1769615776.851647,42.300981715626904,-83.69771917221414,238.33705139160156,-0.012602344428375156,-0.9994440993852345,-0.007535549111273795,-0.02993139853962005,0.0071200000000000005,-0.0074600000000000005,0.014510000000000002,1.5113,-0.25680000000000003,-9.514800000000001,3.4203542505140296,7.651127237144854,9.619999885559082,9.389999389648438,9.739999771118164,9.519999504089355,7.81152860347292,7.624766080188904,7.908969616945839,7.730327371715985,7.768897918080912,0.015392592135221896,-10.90000057220459,26.274999618530273,0.0,0.0,0.0,0.0,0.0,snow covered,0.250752389431,-8.86382484436035,100.0,456.929077148438
arenacam6_1769615776872286376.png,1769615776872286376,1769615776.8722866,42.30098172219644,-83.69772000420367,238.33416748046875,-0.012719415706169857,-0.9994396938977737,-0.007478620302566796,-0.030043051842121162,0.004710000000000001,-0.007450000000000001,0.010330000000000002,1.1926,-0.1051,-9.7359,3.4578039200255732,7.734899900862007,9.699999809265137,9.6899995803833,9.769999504089355,9.579999923706055,7.876489279121533,7.8683690010673715,7.933329676715984,7.779048265648614,7.864309055638376,0.016730553263132407,-10.90000057220459,26.42500114440918,0.0,0.0,0.0,0.0,0.0,snow covered,0.250752389431,-8.86382484436035,100.0,456.929077148438
arenacam6_1769615776893183658.png,1769615776893183658,1769615776.8931837,42.300981728121016,-83.6977208518101,238.3314208984375,-0.012921848240587508,-0.9994364643272133,-0.007482267990340612,-0.030063188069241627,-0.006780000000000001,-0.003980000000000001,0.011030000000000002,1.4559,-0.164,-10.0251,3.5148717438598127,7.86255719870977,9.789999961853027,9.739999771118164,9.819999694824219,9.769999504089355,7.949570232824307,7.908969616945839,7.973930292594452,7.933329676715984,7.941449954770146,0.010033981828879027,-10.90000057220459,26.375,0.0,0.0,0.0,0.0,0.0,snow covered,0.250752389431,-8.86382484436035,100.0,456.929077148438
arenacam6_1769615776913716612.png,1769615776913716612,1769615776.9137168,42.300981734812126,-83.69772170098543,238.32867431640625,-0.01304860953289283,-0.9994366656661418,-0.0074497416654530305,-0.03000977275023789,0.007580000000000002,0.007290000000000001,0.011680000000000003,1.3097,0.19060000000000002,-10.3019,3.550355890159361,7.9419331049330815,9.899999618530273,9.809999465942383,9.889999389648438,9.969999313354492,8.038890968243065,7.965810014540291,8.030770690188904,8.095731365837517,8.032800759702443,0.011441503418471227,-10.90000057220459,26.399999618530273,0.0,0.0,0.0,0.0,0.0,snow covered,0.250752389431,-8.86382484436035,100.0,456.929077148438
arenacam6_1769615776934442558.png,1769615776934442558,1769615776.9344425,42.30098173926039,-83.69772256073657,238.3258056640625,-0.013170691409189084,-0.999437870587945,-0.007397772939824842,-0.029929060759879365,0.006370000000000001,0.01175,0.01251,1.2657,0.2711,-10.4128,3.586516583712372,8.022822406769553,10.109999656677246,9.920000076293945,9.969999313354492,9.969999313354492,8.20941293541876,8.055131524351388,8.095731365837517,8.095731365837517,8.114001797861295,0.011365001799716577,-10.90000057220459,26.600000381469727,0.0,0.0,0.0,0.0,0.0,snow covered,0.250752389431,-8.86382484436035,100.0,456.929077148438
arenacam6_1769615776955135897.png,1769615776955135897,1769615776.955136,42.30098174548697,-83.69772343565576,238.323486328125,-0.01329649953545603,-0.9994401231062542,-0.0073126664610764225,-0.029818925780251037,0.008020000000000001,0.010260000000000002,0.01276,1.6534,0.033800000000000004,-10.174100000000001,3.628115822203341,8.115877407319543,10.239999771118164,10.0,10.119999885559082,10.050000190734863,8.31497422694584,8.1200922,8.21753321347292,8.160692815878468,8.203323114074307,0.010774646087667409,-10.90000057220459,26.625,0.0,0.0,0.0,0.0,0.0,snow covered,0.250752389431,-8.86382484436035,100.0,456.929077148438
arenacam6_1769615776996948353.png,1769615776996948353,1769615776.9969485,42.300981756747774,-83.69772520047728,238.3187255859375,-0.013570935684833751,-0.9994401060216935,-0.007375904444141225,-0.029679963167349235,-0.0064800000000000005,0.0037400000000000007,0.011860000000000002,1.995,0.0487,-9.9015,3.711661327834996,8.302763690687216,10.34000015258789,10.329999923706055,10.369999885559082,10.239999771118164,8.396175458702775,8.388055180648614,8.42053551847292,8.31497422694584,8.379935096192536,0.009294664810450895,-10.90000057220459,26.55000114440918,0.0,0.0,0.0,0.0,0.0,snow covered,0.250752389431,-8.86382484436035,100.0,456.929077148438
arenacam6_1769615777017222957.png,1769615777017222957,1769615777.017223,42.300981768782925,-83.69772701080616,238.31503295898438,-0.013703251736440603,-0.9994388904206573,-0.007436915205895001,-0.02964485619451308,-0.005520000000000001,0.004670000000000001,0.013960000000000002,1.1212,0.0506,-10.6209,3.7476105669154154,8.38317998155577,10.469999313354492,10.40999984741211,10.489999771118164,10.479999542236328,8.501735975837518,8.453015856297226,8.51797653194584,8.509856253891678,8.495646154493064,0.013415693470107567,-10.90000057220459,26.899999618530273,0.0,0.0,0.0,0.0,0.0,snow covered,0.250752389431,-8.86382484436035,100.0,456.929077148438
arenacam6_1769615777038384763.png,1769615777038384763,1769615777.0383847,42.30098177639066,-83.69772792795543,238.31292724609375,-0.01384766936218923,-0.9994380188453322,-0.007517890650858261,-0.029586650028597793,-0.0020700000000000002,0.004350000000000001,0.014350000000000002,1.2803,1.3434000000000001,-9.7157,3.7855185097580852,8.467977775218252,10.569999694824219,10.469999313354492,10.559999465942383,10.569999694824219,8.582937207594453,8.501735975837518,8.57481692954029,8.582937207594453,8.560606830141678,0.010938745634702486,-10.90000057220459,26.575000762939453,0.0,0.0,0.0,0.0,0.0,snow covered,0.250752389431,-8.86382484436035,100.0,456.929077148438
arenacam6_1769615777058817806.png,1769615777058817806,1769615777.0588179,42.30098178669011,-83.69772886022795,238.3109588623047,-0.013951917588174323,-0.9994397758702964,-0.007355003170811867,-0.02951918583399538,0.017140000000000002,0.004720000000000001,0.008690000000000002,1.3865,0.1199,-9.9084,3.8244482458286257,8.555061259023887,10.729999542236328,10.639999389648438,10.719999313354492,10.729999542236328,8.712858558891678,8.639777605188904,8.704738280837518,8.712858558891678,8.692558250952445,0.016072005537485265,-10.90000057220459,26.825000762939453,0.0,0.0,0.0,0.0,0.0,snow covered,0.250752389431,-8.86382484436035,100.0,456.929077148438
arenacam6_1769615777079309948.png,1769615777079309948,1769615777.07931,42.30098180056142,-83.69772979289435,238.30894470214844,-0.01407248789226967,-0.9994432256898726,-0.007181107353580967,-0.029387674360526275,0.02009,0.01314,0.012770000000000002,1.3246,0.7015,-9.8081,3.8603957120906616,8.635473584204085,10.84000015258789,10.769999504089355,10.760000228881836,10.769999504089355,8.802180068702775,8.745338896715985,8.737219393054161,8.745338896715985,8.757519313797227,0.014133067330133016,-10.90000057220459,26.725000381469727,0.0,0.0,0.0,0.0,0.0,snow covered,0.250752389431,-8.86382484436035,100.0,456.929077148438
arenacam6_1769615777100014448.png,1769615777100014448,1769615777.1000144,42.30098181235862,-83.69773073822218,238.30670166015625,-0.014165443206301087,-0.9994491384358521,-0.006831219348377372,-0.02922489248596146,0.03864,0.022250000000000002,0.005870000000000001,1.5052,0.7036,-9.855400000000001,3.8970376270855915,8.717439349532844,11.09000015258789,10.75,10.949999809265137,10.9399995803833,9.005182373702773,8.729099115,8.891500804121533,8.883380526067372,8.877290704722919,0.018336962126228117,-10.90000057220459,26.55000114440918,0.0,0.0,0.0,0.0,0.0,snow covered,0.250752389431,-8.86382484436035,100.0,456.929077148438
arenacam6_1769615777120772347.png,1769615777120772347,1769615777.1207724,42.30098182892865,-83.69773169744626,238.30455017089844,-0.014224252062858544,-0.9994530279424079,-0.00647963615834846,-0.029143265178424534,0.03558000000000001,0.00632,0.005920000000000001,1.0124,0.49310000000000004,-9.6987,3.9367694010354928,8.806316943952336,11.289999961853027,11.069999694824219,11.109999656677246,11.039999961853027,9.167584062824305,8.988941817594451,9.021422155418758,8.964581757824307,9.035632448415456,0.026039887721801835,-10.90000057220459,26.600000381469727,0.0,0.0,0.0,0.0,0.0,snow covered,0.250752389431,-8.86382484436035,100.0,456.929077148438
arenacam6_1769615777141669384.png,1769615777141669384,1769615777.1416693,42.30098184592353,-83.6977326596699,238.30242919921875,-0.014256612772065802,-0.9994579069810852,-0.006205358672019722,-0.029019557009153422,0.02476,0.009640000000000001,0.00021000000000000004,1.5214,0.3435,-10.0318,3.9771320682063673,8.896605808653552,11.59999942779541,11.010000228881836,11.170000076293945,11.119999885559082,9.419306487364599,8.940221698054161,9.070143049351387,9.029542433472919,9.114803417060767,0.024525938666966438,-10.90000057220459,27.075000762939453,0.0,0.0,0.0,0.0,0.0,snow covered,0.250752389431,-8.86382484436035,100.0,456.929077148438
arenacam6_1769615777161991524.png,1769615777161991524,1769615777.1619914,42.300981857826734,-83.6977336316528,238.30026245117188,-0.014279680704743225,-0.9994587368377738,-0.0059573013377178345,-0.029031614463962033,0.021340000000000005,-0.009450000000000002,0.00111,1.4672,-0.8199000000000001,-10.301400000000001,4.020819964239766,8.994333010806502,12.389999389648438,11.010000228881836,11.34000015258789,11.25999927520752,10.060793740188904,8.940221698054161,9.208184678702773,9.143223228661824,9.338105836401915,0.03822104709514068,-11.100000381469727,26.700000762939453,0.0,0.0,0.0,0.0,0.0,snow covered,0.250752389431,-8.86382484436035,100.0,456.929077148438
arenacam6_1769615777182702625.png,1769615777182702625,1769615777.1827025,42.30098186541501,-83.69773461995074,238.29820251464844,-0.014356733711107017,-0.9994568438000193,-0.006126489702570565,-0.029023571495880477,-0.03184000000000001,0.007440000000000001,0.007030000000000001,1.0158,-1.6815,-9.9407,4.048782124976889,9.056882686645803,12.219999313354492,11.539999961853027,11.399999618530273,11.399999618530273,9.922752110837518,9.370586367824306,9.256904798243067,9.256904798243067,9.45178701878699,0.043602677190846775,-11.300000190734863,26.80000114440918,0.0,0.0,0.0,0.0,0.0,snow covered,0.250752389431,-8.86382484436035,100.0,456.929077148438
arenacam6_1769615777204117094.png,1769615777204117094,1769615777.204117,42.300981876156264,-83.69773561326302,238.29605102539062,-0.014518880386382882,-0.9994450536035149,-0.007176775290518498,-0.02910808884524213,-0.08135000000000002,-0.030790000000000005,0.01729,2.075,-0.6711,-9.398,4.135932994094233,9.251833951809154,11.239999771118164,11.519999504089355,11.469999313354492,11.479999542236328,9.12698344694584,9.354345811715985,9.313745195837516,9.321865473891679,9.279234982097755,0.002961686345791263,-11.40000057220459,26.700000762939453,0.0,0.0,0.0,0.0,0.0,snow covered,0.250752389431,-8.86382484436035,100.0,456.929077148438
arenacam6_1769615777224050540.png,1769615777224050540,1769615777.2240505,42.3009818823177,-83.6977366137575,238.29368591308594,-0.014628212736274515,-0.999435359888951,-0.007794539569122226,-0.029227075609612536,-0.047490000000000004,-0.00020000000000000004,0.012450000000000001,-0.3795,1.1373,-9.7261,4.146755664980265,9.276043617220955,11.809999465942383,11.5,11.670000076293945,11.559999465942383,9.58982845454029,9.33810603,9.476147659351389,9.38682614954029,9.447727073357992,0.018508263136916187,-11.600000381469727,26.575000762939453,0.0,0.0,0.0,0.0,0.0,snow covered,0.250752389431,-8.86382484436035,100.0,456.929077148438
arenacam6_1769615777244672473.png,1769615777244672473,1769615777.2446725,42.3009818845548,-83.69773763235511,238.29122924804688,-0.014775790832020574,-0.9994361076010598,-0.00819703659754392,-0.029016399148574564,-0.047290000000000006,0.0079,0.013960000000000002,2.9821,-2.3191,-10.138900000000001,4.199034099253311,9.392987337983701,11.619999885559082,11.6899995803833,11.75999927520752,11.719999313354492,9.435547043472921,9.49238744106737,9.549227838661823,9.516747500837518,9.498477456009908,0.011230731420197105,-11.800000190734863,26.700000762939453,0.0,0.0,0.0,0.0,0.0,snow covered,0.250752389431,-8.86382484436035,100.0,456.929077148438
arenacam6_1769615777286584949.png,1769615777286584949,1769615777.2865849,42.30098189271855,-83.69773967983895,238.28585815429688,-0.0152627567277131,-0.9994199925915733,-0.008922163846582547,-0.029105354449399615,0.0017000000000000001,0.024490000000000005,0.018850000000000002,0.9816,0.4456,-9.65,4.266992513071336,9.545006232189795,12.0,11.809999465942383,12.00999927520752,11.84000015258789,9.74411064,9.58982845454029,9.752230143661823,9.614189288702775,9.675089631726223,0.013628424788003982,-11.800000190734863,26.725000381469727,0.0,0.0,0.0,0.0,0.0,snow covered,0.250752389431,-8.86382484436035,100.0,456.929077148438
arenacam6_1769615777307179828.png,1769615777307179828,1769615777.3071797,42.30098189305547,-83.69774072693585,238.2830047607422,-0.01549424193384391,-0.9994153190464443,-0.009069897009583567,-0.029097860581577317,-0.023440000000000003,0.0004700000000000001,0.029360000000000004,1.9042000000000001,-1.1835,-9.52,4.316882809946675,9.656607832882115,12.059999465942383,11.899999618530273,12.059999465942383,11.949999809265137,9.79283075954029,9.662909408243065,9.79283075954029,9.703510024121533,9.738020237861294,0.008430745701607411,-11.699999809265137,26.75,0.0,0.0,0.0,0.0,0.0,snow covered,0.250752389431,-8.86382484436035,100.0,456.929077148438
arenacam6_1769615777327630971.png,1769615777327630971,1769615777.3276308,42.300981903131486,-83.69774177137958,238.2799530029297,-0.01586998640559334,-0.99940171151333,-0.009301023623212163,-0.029289136471964374,-0.016330000000000004,-0.021650000000000003,0.03730000000000001,0.3662,1.6043,-9.4509,4.352480953941052,9.736238745108897,12.25,12.09999942779541,12.130000114440918,12.039999961853027,9.947112945,9.825311097364597,9.84967193152708,9.776590977824307,9.849671737928997,0.011650596887538703,-11.40000057220459,26.825000762939453,0.0,0.0,0.0,0.0,0.0,snow covered,0.250752389431,-8.86382484436035,100.0,456.929077148438
arenacam6_1769615777349170089.png,1769615777349170089,1769615777.3491702,42.300981903462706,-83.69774283153733,238.27699279785156,-0.01606375782124847,-0.9994021179833372,-0.009310941571894533,-0.029166223994965396,-0.0019500000000000003,0.0036300000000000004,0.016290000000000002,1.3860000000000001,-0.0874,-9.587900000000001,4.385381421033831,9.809835115967418,12.34999942779541,12.269999504089355,12.289999961853027,12.139999389648438,10.028313402364597,9.963352726715986,9.979593282824307,9.857791435188904,9.95726271177345,0.015028549824049903,-11.300000190734863,26.875,0.0,0.0,0.0,0.0,0.0,snow covered,0.250752389431,-8.86382484436035,100.0,456.929077148438
arenacam6_1769615777368962620.png,1769615777368962620,1769615777.3689625,42.30098191106026,-83.69774390779574,238.2738494873047,-0.01635166732426463,-0.999395429489357,-0.009406800403223397,-0.029204633154248125,-0.008180000000000002,-0.01566,0.028270000000000003,2.2393,0.5637,-10.705,4.438514820454057,9.9286913424665,12.40999984741211,12.300000190734863,12.34999942779541,12.25999927520752,10.077034296297228,9.987713560878468,10.028313402364597,9.955232448661823,10.01207342705053,0.00839809414030138,-10.90000057220459,26.899999618530273,0.0,0.0,0.0,0.0,0.0,snow covered,0.250752389431,-8.86382484436035,100.0,456.929077148438
arenacam6_1769615777389784478.png,1769615777389784478,1769615777.3897846,42.30098192025749,-83.69774497820727,238.2705078125,-0.01661252962074311,-0.999387990743363,-0.00954796856467888,-0.029266091536652456,-0.014360000000000001,0.0039900000000000005,0.019180000000000003,0.619,0.7250000000000001,-9.766200000000001,4.463904261133528,9.985485997900033,12.50999927520752,12.519999504089355,12.609999656677246,12.460000038146973,10.158234753661825,10.166355031715984,10.23943598541876,10.117634912175694,10.170415170743066,0.018519796921444148,-10.5,26.899999618530273,0.0,0.0,0.0,0.0,0.0,snow covered,0.250752389431,-8.86382484436035,100.0,456.929077148438
arenacam6_1769615777410360937.png,1769615777410360937,1769615777.4103608,42.30098192681448,-83.69774606606086,238.26742553710938,-0.016810144846459152,-0.9993865708029792,-0.009659371003741823,-0.0291650078127033,-0.008820000000000001,0.01093,0.023530000000000002,2.1385,0.6308,-9.8338,4.504392259916305,10.07605522189718,12.710000038146973,12.529999732971191,12.6899995803833,12.579999923706055,10.320637217175694,10.174475309770145,10.304396661067372,10.215075925648613,10.253646278415456,0.017625057883003344,-9.90000057220459,27.100000381469727,0.0,0.0,0.0,0.0,0.0,snow covered,0.250752389431,-8.86382484436035,100.0,456.929077148438
arenacam6_1769615777431075672.png,1769615777431075672,1769615777.4310756,42.300981939112056,-83.69774716840297,238.2641143798828,-0.017018571688974027,-0.9993777015132328,-0.009826342234390667,-0.02929199436855581,-0.022800000000000004,-0.010400000000000001,0.017790000000000004,0.9961000000000001,0.0821,-9.7849,4.546932593456258,10.171215395606044,12.819999694824219,12.679999351501465,12.719999313354492,12.65999984741211,10.409957952594452,10.29627638301321,10.328756720837516,10.280036601297226,10.328756914435601,0.015488957091363442,-9.40000057220459,26.80000114440918,0.0,0.0,0.0,0.0,0.0,snow covered,0.250752389431,-8.86382484436035,100.0,456.929077148438
arenacam6_1769615777452533659.png,1769615777452533659,1769615777.4525337,42.3009819534668,-83.69774826750492,238.26071166992188,-0.017253676314264332,-0.9993726187579499,-0.010030855937273462,-0.02925852798220661,-0.015020000000000002,0.00759,0.026770000000000006,0.5386000000000001,1.6447,-9.3597,4.5692665690687155,10.221175159012573,12.84000015258789,12.739999771118164,12.729999542236328,13.049999237060547,10.426198508702774,10.34499727694584,10.336876998891679,10.59671970148613,10.426198121506605,0.020058648766355647,-8.699999809265137,27.075000762939453,0.0,0.0,0.0,0.0,0.0,snow covered,0.250752389431,-8.86382484436035,100.0,456.929077148438
arenacam6_1769615777472543451.png,1769615777472543451,1769615777.4725435,42.30098196771712,-83.69774938244097,238.25750732421875,-0.017433066543398212,-0.9993732075673395,-0.009845012158662188,-0.029195135263538233,0.02706,0.004480000000000001,0.0050100000000000006,1.477,0.5631,-9.3709,4.639753322401401,10.378849797012592,12.90999984741211,12.859999656677246,13.00999927520752,12.929999351501465,10.483038906297226,10.442438290418758,10.564239363661825,10.499278688013211,10.497248812097755,0.011407720258100565,-7.900000095367432,27.075000762939453,0.0,0.0,0.0,0.0,0.0,snow covered,0.250752389431,-8.86382484436035,100.0,456.929077148438
arenacam6_1769615777493304097.png,1769615777493304097,1769615777.493304,42.30098199059166,-83.69775050822736,238.2537078857422,-0.01752424248919149,-0.9993787984740055,-0.00954692359448783,-0.029047793990496684,0.028020000000000003,0.03413000000000001,0.009270000000000002,1.0763,0.029400000000000003,-9.8919,4.663276358026539,10.431469416323887,12.979999542236328,12.979999542236328,13.199999809265137,13.09999942779541,10.539879303891679,10.539879303891679,10.718521549121533,10.637320317364598,10.608900118567373,0.017009176287842046,-7.200000286102295,27.075000762939453,0.0,0.0,0.0,0.0,0.0,snow covered,0.250752389431,-8.86382484436035,100.0,456.929077148438
arenacam6_1769615777513641070.png,1769615777513641070,1769615777.5136409,42.30098201449108,-83.69775163765425,238.2501220703125,-0.017639224692045263,-0.9993847891113858,-0.009226159590800816,-0.028875232020873682,0.035140000000000005,0.030400000000000003,0.010770000000000002,1.4885000000000002,1.0103,-8.8247,4.704450651906879,10.523573841276574,13.109999656677246,13.09999942779541,13.210000038146973,13.179999351501465,10.645440595418759,10.637320317364598,10.726641827175694,10.702280993013211,10.677920933243065,0.014666794217863124,-6.200000286102295,27.225000381469727,0.0,0.0,0.0,0.0,0.0,snow covered,0.250752389431,-8.86382484436035,100.0,456.929077148438
arenacam6_1769615777534730730.png,1769615777534730730,1769615777.5347307,42.30098203599437,-83.69775277576046,238.24609375,-0.017753880215722495,-0.999394877092188,-0.008757495492573231,-0.028600448455818297,0.05006000000000001,0.0362,0.007810000000000001,0.895,0.27140000000000003,-8.0678,4.737344397930746,10.597155177507204,13.229999542236328,13.179999351501465,13.329999923706055,13.489999771118164,10.742881608891679,10.702280993013211,10.824082840648614,10.954004191945838,10.805812408624835,0.019689928817925778,-5.0,27.25,0.0,0.0,0.0,0.0,0.0,snow covered,0.250752389431,-8.86382484436035,100.0,456.929077148438
arenacam6_1769615777555718266.png,1769615777555718266,1769615777.5557182,42.30098206309073,-83.69775392787517,238.2411651611328,-0.01787024212914784,-0.999405214358048,-0.008337923331962059,-0.028290475335353265,0.04318000000000001,0.026210000000000004,0.012820000000000003,0.7665000000000001,1.0993,-8.2238,4.772433704223656,10.675647850326065,13.34999942779541,13.380000114440918,13.420000076293945,13.529999732971191,10.840322622364598,10.86468345652708,10.897163794351389,10.986484529770147,10.897163600753304,0.020749630704657702,-4.200000286102295,27.375,0.0,0.0,0.0,0.0,0.0,snow covered,0.250752389431,-8.86382484436035,100.0,456.929077148438
arenacam6_1769615777597004601.png,1769615777597004601,1769615777.5970047,42.30098211799666,-83.69775624374621,238.23097229003906,-0.0179544355744356,-0.999430950588522,-0.007538861356738811,-0.027542309604867855,0.024070000000000005,0.016760000000000004,0.007020000000000001,1.2784,-0.2165,-11.5556,4.847809555258009,10.844259106538852,13.649999618530273,13.639999389648438,13.559999465942383,13.630000114440918,11.083925543243065,11.075805265188903,11.01084458954029,11.06768576152708,11.059565289874834,0.019854393114432125,-2.799999952316284,27.875,0.0,0.0,0.0,0.0,0.0,snow covered,0.250752389431,-8.86382484436035,100.0,456.929077148438
arenacam6_1769615777638312451.png,1769615777638312451,1769615777.6383123,42.30098220423764,-83.6977597921004,238.21644592285156,-0.018026997396569766,-0.9994486516509484,-0.0066910642517350495,-0.0270675033415373,0.03803,0.003940000000000001,-0.0066900000000000015,1.6622000000000001,-1.1443,-11.4543,4.926568282110143,11.020437652983464,13.809999465942383,13.829999923706055,13.779999732971191,13.6899995803833,11.213846894540291,11.230087450648613,11.189486834770145,11.11640588106737,11.187456765256606,0.015155397410911908,-1.5,27.975000381469727,0.0,0.0,0.0,0.0,0.0,snow covered,0.250752389431,-8.86382484436035,100.0,456.929077148438
arenacam6_1769615777658735433.png,1769615777658735433,1769615777.6587353,42.300982234944925,-83.69776099812069,238.21263122558594,-0.01810017499970512,-0.9994498880958873,-0.006530777506961516,-0.02701210460614258,0.014220000000000002,-0.00525,0.006060000000000001,1.3885,0.3534,-11.1845,4.961867677746041,11.09940028305723,13.90999984741211,13.829999923706055,13.869999885559082,13.84000015258789,11.295048126297226,11.230087450648613,11.26256778847292,11.238207728702776,11.256477773530383,0.014151889873989418,-1.0,28.225000381469727,0.0,0.0,0.0,0.0,0.0,snow covered,0.250752389431,-8.86382484436035,100.0,456.929077148438
arenacam6_1769615777679345953.png,1769615777679345953,1769615777.6793458,42.300982261909574,-83.6977622071941,238.20880126953125,-0.018068358495717085,-0.9994529784643975,-0.006234843669100931,-0.026988978942094222,0.030790000000000005,0.00144,-0.0059900000000000005,1.7423000000000002,0.0708,-11.0653,5.000713814072858,11.18629675925214,13.929999351501465,14.09999942779541,13.90999984741211,13.859999656677246,11.311287908013211,11.449329537364598,11.295048126297226,11.254447510418759,11.327528270523448,0.01262540359073662,-0.6000000238418579,28.524999618530273,0.0,0.0,0.0,0.0,0.0,snow covered,0.250752389431,-8.86382484436035,100.0,456.929077148438
arenacam6_1769615777700126923.png,1769615777700126923,1769615777.700127,42.30098228772283,-83.69776342722491,238.20584106445312,-0.018046592313191168,-0.9994527174579602,-0.006001213725593528,-0.027066058183646786,0.01999,-0.012490000000000003,-0.0014000000000000002,1.2064000000000001,-0.27940000000000004,-10.560500000000001,5.0371515867218815,11.267805870401647,14.139999389648438,13.960000038146973,13.989999771118164,13.969999313354492,11.481809875188905,11.335648742175692,11.36000880194584,11.343768245837518,11.380308916286989,0.009984467888363767,-0.30000001192092896,28.975000381469727,0.0,0.0,0.0,0.0,0.0,snow covered,0.250752389431,-8.86382484436035,100.0,456.929077148438
arenacam6_1769615777720879355.png,1769615777720879355,1769615777.7208793,42.30098231540845,-83.69776466215212,238.20333862304688,-0.018010619895680535,-0.9994494904060027,-0.005783867170537154,-0.027255835681708303,0.021660000000000002,-0.020770000000000004,-0.008820000000000001,1.4341000000000002,-0.1562,-11.6797,5.0758673910240875,11.354410801677423,14.049999237060547,14.059999465942383,14.170000076293945,14.139999389648438,11.40872892148613,11.416849199540291,11.506170709351387,11.481809875188905,11.453389676391676,0.008717218043549317,-0.10000000149011612,29.450000762939453,0.0,0.0,0.0,0.0,0.0,snow covered,0.250752389431,-8.86382484436035,100.0,456.929077148438
arenacam6_1769615777741607635.png,1769615777741607635,1769615777.7416077,42.300982342862994,-83.6977658972997,238.2006378173828,-0.01795135885591792,-0.999444663715628,-0.005620527914341825,-0.027504955036231734,0.013890000000000003,-0.029180000000000005,-0.00395,1.0472000000000001,-0.41490000000000005,-10.802000000000001,5.108531061771082,11.427477473318204,14.289999961853027,14.1899995803833,14.25,14.229999542236328,11.603611722824308,11.522410491067372,11.571131385000001,11.554890828891677,11.56301110694584,0.011860328225900347,0.10000000149011612,30.149999618530273,0.0,0.0,0.0,0.0,0.0,snow covered,0.250752389431,-8.86382484436035,100.0,456.929077148438
arenacam6_1769615777762259741.png,1769615777762259741,1769615777.7622597,42.30098236346901,-83.69776714448568,238.19882202148438,-0.017872072375395065,-0.999434625419456,-0.005504783246086128,-0.02794129386936173,-0.00143,-0.030140000000000004,-0.006370000000000001,0.8785000000000001,-0.5116,-10.0228,5.16172926295648,11.546478657477868,14.289999961853027,14.210000038146973,14.469999313354492,14.319999694824219,11.603611722824308,11.538651047175694,11.749772855837517,11.627971782594452,11.630001852107993,0.007233650804527546,0.20000000298023224,30.30000114440918,0.0,0.0,0.0,0.0,0.0,snow covered,0.250752389431,-8.86382484436035,100.0,456.929077148438
arenacam6_1769615777783409043.png,1769615777783409043,1769615777.783409,42.300982384887455,-83.69776840396234,238.19683837890625,-0.017877042369671636,-0.9994309366438441,-0.005509289457065986,-0.02806887894091259,-0.00185,-0.025380000000000003,-0.0013200000000000002,0.9006000000000001,-0.3433,-10.159,5.190787681753596,11.61148059682189,14.219999313354492,14.319999694824219,14.769999504089355,14.40999984741211,11.546770550837518,11.627971782594452,11.993375776715984,11.701052736297227,11.717292711611297,0.009112715119066545,0.4000000059604645,30.600000381469727,0.0,0.0,0.0,0.0,0.0,snow covered,0.250752389431,-8.86382484436035,100.0,456.929077148438
arenacam6_1769615777803392310.png,1769615777803392310,1769615777.8033922,42.30098240186277,-83.6977696664421,238.1949462890625,-0.01781648899176752,-0.999425178357003,-0.005618311526038011,-0.02828993039361224,-0.019300000000000005,-0.021080000000000005,-0.008870000000000001,1.5511000000000001,-1.6469,-9.9305,5.223810713946606,11.685351138455722,14.549999237060547,14.380000114440918,14.929999351501465,14.380000114440918,11.81473353148613,11.67669267652708,12.123297128013212,11.67669267652708,11.822854003138376,0.011767114488339255,0.5,30.450000762939453,0.0,0.0,0.0,0.0,0.0,snow covered,0.250752389431,-8.86382484436035,100.0,456.929077148438
arenacam6_1769615777824992320.png,1769615777824992320,1769615777.8249922,42.300982411587924,-83.69777093636897,238.19300842285156,-0.01789389915615397,-0.9994122660836002,-0.006645637229582847,-0.028473957934311258,-0.09246000000000001,0.00969,0.013090000000000001,0.8052,-0.6945,-9.1937,5.246267265574047,11.735585097053209,14.649999618530273,14.40999984741211,14.949999809265137,14.960000038146973,11.895934763243066,11.701052736297227,12.139537684121532,12.147657962175694,11.97104578645938,0.02006382191078781,0.6000000238418579,30.375,0.0,0.0,0.0,0.0,0.0,snow covered,0.250752389431,-8.86382484436035,100.0,456.929077148438
arenacam6_1769615777844830174.png,1769615777844830174,1769615777.8448303,42.30098242273776,-83.69777222133332,238.1905975341797,-0.01798684994429417,-0.9994026333859971,-0.007406974657139832,-0.028565474556601935,-0.06212000000000001,-0.007960000000000002,0.013700000000000002,1.4304000000000001,1.4009,-9.6221,5.288405675594302,11.82984619196392,14.739999771118164,14.609999656677246,14.920000076293945,14.6899995803833,11.96901571694584,11.863454425418759,12.115177624351388,11.928415101067372,11.96901571694584,0.011764271717789421,0.6000000238418579,30.200000762939453,0.0,0.0,0.0,0.0,0.0,snow covered,0.250752389431,-8.86382484436035,100.0,456.929077148438
arenacam6_1769615777907288992.png,1769615777907288992,1769615777.907289,42.3009824411245,-83.69777610475411,238.18214416503906,-0.01813955947938667,-0.9993914819869631,-0.009242758720633364,-0.02832302111406133,-0.01561,-0.009060000000000002,-0.005450000000000001,1.5473000000000001,0.6981,-9.3337,5.3878462161330924,12.052288714716761,15.00999927520752,15.089999198913574,14.929999351501465,15.039999961853027,12.188257803661823,12.253218479310437,12.123297128013212,12.212618637824306,12.194348012202445,0.011786914572683493,0.6000000238418579,30.375,0.0,0.0,0.0,0.0,0.0,snow covered,0.250752389431,-8.86382484436035,100.0,456.929077148438
arenacam6_1769615777927882203.png,1769615777927882203,1769615777.9278822,42.300982441167406,-83.69777741235457,238.1790771484375,-0.018108567706093537,-0.9993924827750171,-0.00959880472310306,-0.028188793807267954,-0.04351000000000001,-0.004190000000000001,0.005350000000000001,0.0213,0.22820000000000001,-9.1569,5.412501750334992,12.107441665394358,15.289999961853027,15.139999389648438,14.920000076293945,15.15999984741211,12.415620942824306,12.293819095188905,12.115177624351388,12.310059651297227,12.283669328415456,0.01455531795166889,0.6000000238418579,30.5,0.0,0.0,0.0,0.0,0.0,snow covered,0.250752389431,-8.86382484436035,100.0,456.929077148438
arenacam6_1769615777948442849.png,1769615777948442849,1769615777.948443,42.300982449119296,-83.69777873174829,238.17578125,-0.018188351654795043,-0.9993965614117213,-0.009863303565880619,-0.02790003844579188,-0.018490000000000003,0.0051600000000000005,0.0008200000000000001,1.8391000000000002,1.5630000000000002,-9.0261,5.453146590941426,12.198361735140514,15.389999389648438,15.25999927520752,15.269999504089355,15.309999465942383,12.496821400188903,12.391260108661823,12.399380386715984,12.431860724540291,12.42983065502675,0.018975410379857026,0.6000000238418579,30.600000381469727,0.0,0.0,0.0,0.0,0.0,snow covered,0.250752389431,-8.86382484436035,100.0,456.929077148438
arenacam6_1769615777969123346.png,1769615777969123346,1769615777.9691234,42.3009824633534,-83.69778006351788,238.17176818847656,-0.018117434709026492,-0.9994047477915451,-0.009899200926860363,-0.02763900273693248,-0.00024,0.01729,-0.006440000000000001,0.5985,1.0141,-8.1433,5.486999672878692,12.274089048249262,15.469999313354492,15.329999923706055,15.34999942779541,15.359999656677246,12.561782075837517,12.448101280648613,12.464341062364598,12.472461340418759,12.486671439817371,0.017319606427202105,0.6000000238418579,30.350000381469727,0.0,0.0,0.0,0.0,0.0,snow covered,0.250752389431,-8.86382484436035,100.0,456.929077148438
arenacam6_1769615777989772143.png,1769615777989772143,1769615777.989772,42.30098247393276,-83.69778139719807,238.16818237304688,-0.01812703801844573,-0.9994109850310295,-0.009966262156536718,-0.027381875586093212,-0.01742,0.016840000000000004,-0.0013300000000000002,1.5317,0.016,-9.534600000000001,5.525718911832062,12.360701662633613,15.460000038146973,15.559999465942383,15.489999771118164,15.449999809265137,12.553662572175694,12.634863029540291,12.578022631945839,12.545542294121534,12.578022631945839,0.017581604608190412,0.6000000238418579,30.75,0.0,0.0,0.0,0.0,0.0,snow covered,0.250752389431,-8.86382484436035,100.0,456.929077148438
arenacam6_1769615778010422074.png,1769615778010422074,1769615778.010422,42.3009824877808,-83.69778273838833,238.16407775878906,-0.018094903553156405,-0.9994170692038942,-0.01018630244283033,-0.027098625275900064,-0.014070000000000003,0.03608000000000001,-0.0034900000000000005,0.1673,2.0932,-7.995900000000001,5.554730930855338,12.42559980846754,15.399999618530273,15.639999389648438,15.519999504089355,15.639999389648438,12.504941678243066,12.699823705188903,12.602382691715986,12.699823705188903,12.626742945084215,0.016187800968739112,0.699999988079071,30.950000762939453,0.0,0.0,0.0,0.0,0.0,snow covered,0.250752389431,-8.86382484436035,100.0,456.929077148438
arenacam6_1769615778031170763.png,1769615778031170763,1769615778.0311708,42.3009825081382,-83.69778409459528,238.1596221923828,-0.01803754572203109,-0.999426549820368,-0.010100244656570119,-0.02681797002680186,0.012480000000000002,0.026420000000000003,-0.012160000000000002,1.1536,0.8627,-9.2233,5.590520051758308,12.505657924580229,15.719999313354492,15.789999961853027,15.559999465942383,15.719999313354492,12.764784380837519,12.821625552824306,12.634863029540291,12.764784380837519,12.74651433600991,0.019259795276845876,0.9000000357627869,30.825000762939453,0.0,0.0,0.0,0.0,0.0,snow covered,0.250752389431,-8.86382484436035,100.0,456.929077148438
arenacam6_1769615778051900152.png,1769615778051900152,1769615778.0519001,42.30098252580376,-83.69778544915862,238.15524291992188,-0.017925619807716675,-0.9994396589798464,-0.010026103678645419,-0.026429480845874615,0.007970000000000001,0.06272000000000001,-0.006660000000000001,0.5297000000000001,0.44470000000000004,-9.8381,5.6117792219737535,12.553213412801968,16.279998779296875,15.979999542236328,15.809999465942383,15.84999942779541,13.219509110377807,12.975906963891678,12.837865334540291,12.870345672364598,12.975906770293594,0.03367212390897113,1.0,30.825000762939453,0.0,0.0,0.0,0.0,0.0,snow covered,0.250752389431,-8.86382484436035,100.0,456.929077148438
arenacam6_1769615778072542796.png,1769615778072542796,1769615778.0725427,42.300982544155886,-83.69778681878952,238.15106201171875,-0.01785038584546672,-0.9994484604437792,-0.01002940539036688,-0.02614478283029331,-0.0018900000000000002,0.030700000000000005,-0.0105,2.9849,-0.1449,-10.372200000000001,5.673663715024248,12.691645310686342,15.65999984741211,16.0,15.84999942779541,15.899999618530273,12.716064261297227,12.99214752,12.870345672364598,12.910946288243066,12.872375935476223,0.014240125717798459,1.0,30.850000381469727,0.0,0.0,0.0,0.0,0.0,snow covered,0.250752389431,-8.86382484436035,100.0,456.929077148438
arenacam6_1769615778092957780.png,1769615778092957780,1769615778.0929577,42.30098256830495,-83.69778820168435,238.14678955078125,-0.017814266028245762,-0.9994515764004355,-0.0100175367894703,-0.026054698486664012,0.0032800000000000004,0.029370000000000004,-0.0021600000000000005,-0.08700000000000001,0.8209000000000001,-10.479600000000001,5.690556218363836,12.7294328271068,15.789999961853027,16.209999084472656,16.010000228881836,16.079999923706055,12.821625552824306,13.162668712783356,13.00026779805416,13.057108195648613,13.010417564827609,0.02207362586669719,1.399999976158142,30.92500114440918,0.0,0.0,0.0,0.0,0.0,snow covered,0.250752389431,-8.86382484436035,100.0,456.929077148438
arenacam6_1769615778113780995.png,1769615778113780995,1769615778.113781,42.300982593057164,-83.6977895890725,238.1425018310547,-0.017652391961880842,-0.9994635789195792,-0.00976266578847716,-0.025799957906804855,0.03363000000000001,0.041400000000000006,-0.022940000000000002,1.4696,0.43460000000000004,-10.5417,5.718317849657127,12.791533930612013,15.949999809265137,16.119998931884766,16.079999923706055,16.1299991607666,12.951546904121534,13.089587759080583,13.057108195648613,13.097708037134742,13.048987723996367,0.020126889767944803,1.3000000715255737,31.325000762939453,0.0,0.0,0.0,0.0,0.0,snow covered,0.250752389431,-8.86382484436035,100.0,456.929077148438
arenacam6_1769615778134608785.png,1769615778134608785,1769615778.134609,42.30098261775334,-83.69779097611624,238.13851928710938,-0.017530333904106132,-0.9994809657808799,-0.009209919478062165,-0.02540991574440148,0.04138000000000001,0.03046,-0.011480000000000002,0.0239,0.9575,-9.2087,5.74954855622764,12.861395147367858,16.469999313354492,15.969999313354492,16.170000076293945,16.219999313354492,13.373791295837517,12.967786685837519,13.130189149351388,13.170788990837517,13.160639030465985,0.02326682911685272,1.3000000715255737,32.17499923706055,0.0,0.0,0.0,0.0,0.0,snow covered,0.250752389431,-8.86382484436035,100.0,456.929077148438
arenacam6_1769615778155459216.png,1769615778155459216,1769615778.1554594,42.30098264820621,-83.6977923732672,238.13433837890625,-0.017421554965723174,-0.9995027281249148,-0.00862422262740932,-0.0248275789698063,0.06638000000000001,0.07633000000000001,-0.009590000000000001,-0.33230000000000004,0.3296,-9.718300000000001,5.752880889905909,12.868849377866125,16.81999969482422,16.779998779296875,16.299999237060547,16.399999618530273,13.657994832594452,13.625513720377807,13.23574966648613,13.316950898243064,13.459052279425363,0.045862911611535495,1.100000023841858,33.45000076293945,0.0,0.0,0.0,0.0,0.0,snow covered,0.250752389431,-8.86382484436035,100.0,456.929077148438
arenacam6_1769615778176234856.png,1769615778176234856,1769615778.1762347,42.30098267629807,-83.6977937739364,238.1302947998047,-0.017287914347377087,-0.9995261127650189,-0.008129814545497943,-0.024136777618900627,0.03869000000000001,0.07085000000000001,-0.02074,2.2430000000000003,-1.3221,-10.6553,5.796113852486815,12.965558921181858,17.219999313354492,16.85999870300293,16.279998779296875,16.369998931884766,13.982798210837517,13.690474396026422,13.219509110377807,13.292590064080583,13.546342945330583,0.044794368501916045,1.100000023841858,34.625,0.0,0.0,0.0,0.0,0.0,snow covered,0.250752389431,-8.86382484436035,100.0,456.929077148438
arenacam6_1769615778217576010.png,1769615778217576010,1769615778.217576,42.30098275854307,-83.69779801123589,238.1187286376953,-0.01703218661943845,-0.9995633036883215,-0.007596773129289708,-0.0229215090400099,0.036160000000000005,0.07601000000000001,-0.015880000000000002,0.7355,0.49310000000000004,-10.051,5.836591069806766,13.056104027693548,17.10999870300293,17.049999237060547,16.479999542236328,16.459999084472656,13.89347670102642,13.844756581486129,13.381911573891678,13.365671017783358,13.621453968546895,0.04330158059817632,0.800000011920929,35.47500228881836,0.0,0.0,0.0,0.0,0.0,snow covered,0.250752389431,-8.86382484436035,100.0,456.929077148438
arenacam6_1769615778237984335.png,1769615778237984335,1769615778.2379842,42.300982783207104,-83.69779943421133,238.1154022216797,-0.01686156182577586,-0.9995859175255304,-0.007332045991424659,-0.022134188917112642,0.020440000000000003,0.06507,-0.018580000000000003,1.5739,-0.5700000000000001,-9.8476,5.876217342659392,13.144745622488502,17.010000228881836,17.139999389648438,16.68000030517578,16.600000381469727,13.812277018054163,13.917837535188903,13.544314037405549,13.479353361756935,13.688445488101387,0.041362524709698714,0.800000011920929,35.25,0.0,0.0,0.0,0.0,0.0,snow covered,0.250752389431,-8.86382484436035,100.0,456.929077148438
arenacam6_1769615778258735371.png,1769615778258735371,1769615778.2587354,42.30098281158908,-83.69780087061896,238.112060546875,-0.016775643655870864,-0.999604276041624,-0.007145401700337573,-0.021419905083190815,0.02415,0.07095000000000001,-0.006240000000000001,0.3265,1.062,-9.6094,5.901552381124019,13.201418583431565,17.100000381469727,17.10999870300293,16.940000534057617,16.81999969482422,13.885357971756937,13.89347670102642,13.75543662045971,13.657994832594452,13.79806653145938,0.04519574500702812,0.800000011920929,35.32500076293945,0.0,0.0,0.0,0.0,0.0,snow covered,0.250752389431,-8.86382484436035,100.0,456.929077148438
arenacam6_1769615778279414094.png,1769615778279414094,1769615778.279414,42.300982833590915,-83.69780231319837,238.10874938964844,-0.016619547499664877,-0.9996293844576778,-0.006638491785967535,-0.02051377089854693,0.05870000000000001,0.09977000000000001,-0.019530000000000002,1.3255000000000001,-0.5369,-9.5356,5.930183620807201,13.26546494872846,17.440000534057617,17.229999542236328,17.0,17.020000457763672,14.161441230459708,13.990918488891678,13.80415674,13.820397296108322,13.94422843886493,0.05116771200707368,0.699999988079071,35.04999923706055,0.0,0.0,0.0,0.0,0.0,snow covered,0.250752389431,-8.86382484436035,100.0,456.929077148438
arenacam6_1769615778300534125.png,1769615778300534125,1769615778.300534,42.30098285517297,-83.69780376097752,238.10574340820312,-0.01652452423084788,-0.9996488874497285,-0.006341556276848685,-0.01971868614922815,0.020280000000000003,0.081,-0.0041,2.3525,-1.7637,-11.079500000000001,5.981162896384978,13.379502529439414,17.510000228881836,17.549999237060547,17.10999870300293,16.920000076293945,14.21828162805416,14.25076119148613,13.89347670102642,13.739196064351386,14.025428896229524,0.048277308171126306,0.699999988079071,35.17499923706055,0.0,0.0,0.0,0.0,0.0,snow covered,0.250752389431,-8.86382484436035,100.0,456.929077148438
arenacam6_1769615778320749267.png,1769615778320749267,1769615778.3207493,42.30098287566537,-83.69780522715098,238.10240173339844,-0.01651578294609729,-0.9996617528184772,-0.006223718162570631,-0.01910168049674712,0.010460000000000002,0.06622000000000001,-0.00135,1.2395,-0.24100000000000002,-10.5395,6.01689085187554,13.459423822194472,17.520000457763672,17.69999885559082,17.149999618530273,17.19999885559082,14.226401906108324,14.372562264729195,13.925957813243066,13.966557654729193,14.122869909702445,0.049292309706003616,0.6000000238418579,34.95000076293945,0.0,0.0,0.0,0.0,0.0,snow covered,0.250752389431,-8.86382484436035,100.0,456.929077148438
arenacam6_1769615778341447734.png,1769615778341447734,1769615778.3414476,42.30098289359311,-83.6978066979562,238.09898376464844,-0.01647742645969602,-0.9996763056711688,-0.006204873448313944,-0.018365125711505472,-0.0011400000000000002,0.05967000000000001,-0.005520000000000001,1.8253000000000001,-0.5938,-9.4384,6.055901955981094,13.546689321412348,17.59000015258789,17.719999313354492,17.100000381469727,17.10999870300293,14.283242303702774,14.388802820837519,13.885357971756937,13.89347670102642,14.112719949330913,0.04178368710529722,0.5,35.04999923706055,0.0,0.0,0.0,0.0,0.0,snow covered,0.250752389431,-8.86382484436035,100.0,456.929077148438
arenacam6_1769615778362129779.png,1769615778362129779,1769615778.3621297,42.30098290820997,-83.6978081742092,238.09622192382812,-0.01651401910659811,-0.9996858840441032,-0.006362593249226103,-0.017746487625771405,-0.019010000000000003,0.05061000000000001,0.005490000000000001,1.2448000000000001,0.08710000000000001,-9.5432,6.097684527240107,13.640154426364486,17.600000381469727,17.489999771118164,17.260000228881836,17.279998779296875,14.291362581756935,14.202041071945839,14.01527932305416,14.031518330377809,14.135050326783686,0.036282279873799415,0.5,34.85000228881836,0.0,0.0,0.0,0.0,0.0,snow covered,0.250752389431,-8.86382484436035,100.0,456.929077148438
arenacam6_1769615778382883204.png,1769615778382883204,1769615778.3828833,42.300982920732736,-83.69780966777172,238.09263610839844,-0.0165453090881984,-0.999702805401457,-0.0068789552995257176,-0.016529778994877616,-0.04570000000000001,0.08976000000000002,0.0031300000000000004,1.5655000000000001,-0.7325,-9.0286,6.146617020571926,13.749613477998166,17.639999389648438,17.65999984741211,17.44999885559082,17.399999618530273,14.323842145188904,14.340082701297225,14.169559959729195,14.128960118243066,14.240611231114597,0.03570993133022361,0.20000000298023224,34.85000228881836,0.0,0.0,0.0,0.0,0.0,snow covered,0.250752389431,-8.86382484436035,100.0,456.929077148438
arenacam6_1769615778403422493.png,1769615778403422493,1769615778.4034224,42.300982933479354,-83.69781116734225,238.08944702148438,-0.0165945810903379,-0.9997091790297571,-0.007500206851903898,-0.01580898919171934,-0.06488000000000001,0.054110000000000005,0.00406,1.9514,0.12240000000000001,-9.7276,6.1995289175653,13.867974216858522,17.6299991607666,17.670000076293945,17.56999969482422,17.520000457763672,14.315721867134743,14.348202979351388,14.267001747594453,14.226401906108324,14.289332125047228,0.0303835226111456,0.10000000149011612,34.97500228881836,0.0,0.0,0.0,0.0,0.0,snow covered,0.250752389431,-8.86382484436035,100.0,456.929077148438
arenacam6_1769615778424157108.png,1769615778424157108,1769615778.4241571,42.30098294135788,-83.69781267315419,238.08651733398438,-0.016660371939623553,-0.9997144687396847,-0.008112844999193855,-0.01508624358091496,-0.056810000000000006,0.07686000000000001,0.009070000000000002,1.2622,0.2707,-9.7994,6.233628604255497,13.944253170003291,17.84000015258789,18.10999870300293,17.69999885559082,17.770000457763672,14.486244608702776,14.70548592102642,14.372562264729195,14.429404211108324,14.498424251391679,0.039741897585488045,-0.10000000149011612,34.85000228881836,0.0,0.0,0.0,0.0,0.0,snow covered,0.250752389431,-8.86382484436035,100.0,456.929077148438
arenacam6_1769615778444911191.png,1769615778444911191,1769615778.444911,42.30098295135463,-83.69781420008808,238.0830841064453,-0.01666759173082838,-0.9997200091048195,-0.008676142973306766,-0.014381214290201842,-0.05648000000000001,0.07428,0.0006100000000000001,2.7927,-0.5732,-10.2554,6.284012724959008,14.056959424969804,18.25,18.049999237060547,17.65999984741211,17.829999923706055,14.819168265,14.65676580148613,14.340082701297225,14.478124330648614,14.573535274607993,0.036748761522394334,-0.4000000059604645,34.67499923706055,0.0,0.0,0.0,0.0,0.0,snow covered,0.250752389431,-8.86382484436035,100.0,456.929077148438
arenacam6_1769615778486644560.png,1769615778486644560,1769615778.4866445,42.30098297440988,-83.69781726322343,238.07676696777344,-0.016743553487640173,-0.9997232670674557,-0.00951231579525866,-0.013511422900278982,-0.03558000000000001,0.0379,0.00412,1.2372,1.2996,-9.4315,6.36194444089066,14.231287997605955,18.10999870300293,18.60999870300293,17.989999771118164,17.85999870300293,14.70548592102642,15.111490531026423,14.60804568194584,14.50248361602642,14.731876437506276,0.0351752026931457,-0.5,34.70000076293945,0.0,0.0,0.0,0.0,0.0,snow covered,0.250752389431,-8.86382484436035,100.0,456.929077148438
arenacam6_1769615778507735815.png,1769615778507735815,1769615778.5077357,42.300982994548384,-83.69781881823536,238.07310485839844,-0.01677292636244543,-0.9997331563346217,-0.009351997202250556,-0.012838427270656632,0.036270000000000004,0.06916,-0.0033200000000000005,2.2317,1.6098000000000001,-8.694600000000001,6.402422705078367,14.321835445898003,18.459999084472656,18.28999900817871,18.010000228881836,18.170000076293945,14.989689457783356,14.85164782843197,14.624286238054161,14.754207589351388,14.80495777840522,0.03373326933773632,-0.5,34.54999923706055,0.0,0.0,0.0,0.0,0.0,snow covered,0.250752389431,-8.86382484436035,100.0,456.929077148438
arenacam6_1769615778527911639.png,1769615778527911639,1769615778.5279117,42.300983007989124,-83.69782037578624,238.06979370117188,-0.016749558547082988,-0.9997423341556763,-0.009015562572555973,-0.012386977716070408,0.029280000000000004,0.04791,0.0031400000000000004,1.3262,-0.6936,-10.514800000000001,6.44580935763643,14.418888784471237,18.389999389648438,18.459999084472656,18.119998931884766,18.229999542236328,14.932849060188905,14.989689457783356,14.713606199080584,14.802927708891678,14.859768106486131,0.03057651172743,-0.6000000238418579,34.79999923706055,0.0,0.0,0.0,0.0,0.0,snow covered,0.250752389431,-8.86382484436035,100.0,456.929077148438
arenacam6_1769615778548402126.png,1769615778548402126,1769615778.548402,42.30098302586914,-83.69782194142667,238.066650390625,-0.016801729574960622,-0.9997492666016827,-0.008910151486425696,-0.011820110539944136,0.00812,0.06171000000000001,0.0065000000000000014,1.6320000000000001,1.1817,-10.1714,6.476241465640559,14.486963584149994,18.229999542236328,18.75,18.5,18.28999900817871,14.802927708891678,15.225172875,15.02217057,14.85164782843197,14.975479745580913,0.03372108714108997,-0.6000000238418579,34.625,0.0,0.0,0.0,0.0,0.0,snow covered,0.250752389431,-8.86382484436035,100.0,456.929077148438
arenacam6_1769615778569057038.png,1769615778569057038,1769615778.569057,42.30098305186028,-83.69782352537825,238.06288146972656,-0.016766712301420794,-0.9997610346221157,-0.008458367800497893,-0.01118959445509369,0.05923000000000001,0.060300000000000006,-0.009520000000000002,2.4579,1.1599000000000002,-8.8971,6.523393061762221,14.592438875578383,18.520000457763672,18.619998931884766,18.440000534057617,18.459999084472656,15.038411126108322,15.119610809080582,14.97345045045971,14.989689457783356,15.030290460857993,0.03000537394831166,-0.6000000238418579,34.72500228881836,0.0,0.0,0.0,0.0,0.0,snow covered,0.250752389431,-8.86382484436035,100.0,456.929077148438
arenacam6_1769615778589819096.png,1769615778589819096,1769615778.5898192,42.30098307368893,-83.69782510545379,238.05873107910156,-0.016774458826691874,-0.9997709518612424,-0.007935808792223869,-0.010662283261573492,0.051570000000000005,0.05688000000000001,0.0038100000000000005,0.8281000000000001,0.6104,-9.603100000000001,6.556387647459605,14.66624578410829,18.719999313354492,18.59000015258789,18.3799991607666,18.529998779296875,15.200812040837517,15.095251523702775,14.924728782134743,15.046529855377807,15.06683055051321,0.027313381508918703,-0.6000000238418579,34.42499923706055,0.0,0.0,0.0,0.0,0.0,snow covered,0.250752389431,-8.86382484436035,100.0,456.929077148438
arenacam6_1769615778610676861.png,1769615778610676861,1769615778.6106768,42.300983100219725,-83.69782669853632,238.05563354492188,-0.01667821614616366,-0.999782303797611,-0.007449128480960338,-0.010084275095292965,0.05113000000000001,0.056810000000000006,-0.013390000000000003,1.5935000000000001,1.3853,-11.4246,6.586919425271148,14.734543539166044,19.170000076293945,18.84000015258789,18.69999885559082,18.459999084472656,15.566216809351387,15.298253828702775,15.184571484729195,14.989689457783356,15.259682895141678,0.03564001521864289,-0.6000000238418579,34.54999923706055,0.0,0.0,0.0,0.0,0.0,snow covered,0.250752389431,-8.86382484436035,100.0,456.929077148438
arenacam6_1769615778631155739.png,1769615778631155739,1769615778.6311557,42.3009831366199,-83.69782830613968,238.05230712890625,-0.01658001851656482,-0.9997932308774818,-0.006720148430529138,-0.00966633760159876,0.08174000000000001,0.029860000000000005,-0.015060000000000002,2.1173,0.5071,-11.9815,6.6309494291356845,14.833036016010778,19.420000076293945,18.8799991607666,18.81999969482422,18.729999542236328,15.769219114351388,15.330733392134745,15.282013272594453,15.20893231889168,15.397724524493068,0.03806965127521869,-0.5,34.17499923706055,0.0,0.0,0.0,0.0,0.0,snow covered,0.250752389431,-8.86382484436035,100.0,456.929077148438
arenacam6_1769615778651717763.png,1769615778651717763,1769615778.651718,42.30098316815208,-83.69782991165137,238.04908752441406,-0.01640059551731088,-0.9998013124326997,-0.006233287178568245,-0.009460563169189043,0.03576000000000001,0.0164,-0.015940000000000003,1.0563,-0.1966,-12.271500000000001,6.661390473274042,14.901130805285637,19.649999618530273,19.059999465942383,18.889999389648438,18.770000457763672,15.955980863243067,15.476895299540292,15.338853670188904,15.241413431108322,15.503285816020146,0.04041002113214894,-0.5,34.70000076293945,0.0,0.0,0.0,0.0,0.0,snow covered,0.250752389431,-8.86382484436035,100.0,456.929077148438
arenacam6_1769615778672481858.png,1769615778672481858,1769615778.6724818,42.30098320071372,-83.69783153253239,238.04794311523438,-0.016146837348758936,-0.9998101570219495,-0.005666502455812664,-0.009317741641376293,0.03148,-0.01208,-0.02857,2.5729,-0.9998,-11.7225,6.733319523494449,15.062031774885675,19.829999923706055,18.989999771118164,18.959999084472656,18.84000015258789,16.102142770648612,15.42005490194584,15.395694067783356,15.298253828702775,15.554036392270147,0.03266522237755713,-0.4000000059604645,34.47500228881836,0.0,0.0,0.0,0.0,0.0,snow covered,0.250752389431,-8.86382484436035,100.0,456.929077148438
arenacam6_1769615778693451347.png,1769615778693451347,1769615778.6934512,42.30098323348102,-83.6978331694948,238.04701232910156,-0.016059650087635824,-0.9998108184820239,-0.005617543743055564,-0.009426456792608727,0.00928,-0.021780000000000004,-0.01768,1.3817000000000002,-1.0231000000000001,-11.4862,6.766977162996351,15.13732189499306,20.03999900817871,19.10999870300293,18.869998931884766,19.0,16.27266396343197,15.517495141026421,15.322613114080582,15.428175180000002,15.635236849634744,0.032893199873511234,-0.30000001192092896,34.525001525878906,0.0,0.0,0.0,0.0,0.0,snow covered,0.250752389431,-8.86382484436035,100.0,456.929077148438
arenacam6_1769615778714127629.png,1769615778714127629,1769615778.7141275,42.30098326899112,-83.6978348066274,238.0463104248047,-0.01586340186280949,-0.9998096071047531,-0.005707486730568074,-0.009824796058889128,-0.00491,-0.04136000000000001,-0.01795,2.491,0.637,-11.814,6.817465253530325,15.250260724232126,19.69999885559082,19.170000076293945,19.0,19.03999900817871,15.996580704729196,15.566216809351387,15.428175180000002,15.46065474343197,15.612906859378139,0.023779667882646845,-0.20000000298023224,34.22500228881836,0.0,0.0,0.0,0.0,0.0,snow covered,0.250752389431,-8.86382484436035,100.0,456.929077148438
arenacam6_1769615778734793757.png,1769615778734793757,1769615778.7347937,42.300983297169495,-83.69783645881806,238.04739379882812,-0.01571867690195078,-0.9998063851138428,-0.005619466219035389,-0.010418113142776027,0.0058200000000000005,-0.06855,-0.018330000000000003,1.9280000000000002,-1.2910000000000001,-11.5302,6.863012015584881,15.352146098142445,19.44999885559082,19.170000076293945,19.170000076293945,19.170000076293945,15.793578399729196,15.566216809351387,15.566216809351387,15.566216809351387,15.62305720694584,0.017646465000497484,-0.10000000149011612,34.42499923706055,0.0,0.0,0.0,0.0,0.0,snow covered,0.250752389431,-8.86382484436035,100.0,456.929077148438
arenacam6_1769615778755882996.png,1769615778755882996,1769615778.755883,42.300983324261374,-83.69783812834962,238.04864501953125,-0.01561932891999468,-0.9998002747846678,-0.005749285268348539,-0.011063129010119683,-0.01725,-0.06024000000000001,-0.0073100000000000005,1.5478,-0.4183,-10.766,6.8969094102473205,15.427972536158642,19.28999900817871,19.489999771118164,19.279998779296875,19.229999542236328,15.663657048431968,15.82605951194584,15.65553677037781,15.614936928891678,15.690047564911824,0.016987003842465712,0.0,34.32500076293945,0.0,0.0,0.0,0.0,0.0,snow covered,0.250752389431,-8.86382484436035,100.0,456.929077148438
arenacam6_1769615778797348051.png,1769615778797348051,1769615778.797348,42.300983377651995,-83.69784148231093,238.05210876464844,-0.015532876724316524,-0.9997828183672635,-0.0058514880715891514,-0.01260182231371961,-0.0026400000000000004,-0.07481000000000002,-0.0048400000000000006,1.1922000000000001,-0.4924,-9.6538,6.9726592828812555,15.597420456248397,19.43000030517578,19.350000381469727,19.439998626708984,19.389999389648438,15.77733939240555,15.712378716756936,15.785458121675035,15.744858280188904,15.755008627756606,0.010103476529997529,0.10000000149011612,34.45000076293945,0.0,0.0,0.0,0.0,0.0,snow covered,0.250752389431,-8.86382484436035,100.0,456.929077148438
arenacam6_1769615778817956876.png,1769615778817956876,1769615778.817957,42.30098342301734,-83.69784487278206,238.0552978515625,-0.015493914500308292,-0.9997730282405832,-0.005929424433358688,-0.013366844878278534,-0.015160000000000003,-0.07685000000000002,-0.0028000000000000004,1.0530000000000002,-1.3597000000000001,-10.8869,7.000482403648739,15.659659108018012,19.600000381469727,19.489999771118164,19.520000457763672,19.68000030517578,15.915381021756936,15.82605951194584,15.850420346108324,15.980341697405548,15.893050644304163,0.01490399852744242,0.10000000149011612,34.400001525878906,0.0,0.0,0.0,0.0,0.0,snow covered,0.250752389431,-8.86382484436035,100.0,456.929077148438
arenacam6_1769615778838402230.png,1769615778838402230,1769615778.8384023,42.30098343922253,-83.69784658018924,238.0577850341797,-0.01552890832957815,-0.9997607142857025,-0.006232486505870285,-0.014089829274612541,-0.032690000000000004,-0.07086000000000002,0.0036100000000000004,2.0938,-0.17930000000000001,-9.985700000000001,7.041703930911102,15.75186919121228,19.549999237060547,19.479999542236328,19.649999618530273,19.600000381469727,15.874779631486131,15.817939233891678,15.955980863243067,15.915381021756936,15.891020187594453,0.008833935496353813,0.10000000149011612,34.35000228881836,0.0,0.0,0.0,0.0,0.0,snow covered,0.250752389431,-8.86382484436035,100.0,456.929077148438
arenacam6_1769615778859098739.png,1769615778859098739,1769615778.8590987,42.30098345770342,-83.69784829241523,238.05857849121094,-0.01560556393332968,-0.9997483788467829,-0.00640229511563998,-0.01478702082247952,-0.013480000000000002,-0.053770000000000005,0.006740000000000001,0.2159,0.4248,-7.939900000000001,7.060446050232133,15.793794187606268,19.829999923706055,19.6299991607666,19.779998779296875,19.739999771118164,16.102142770648612,15.939740307134743,16.061541380377808,16.029061816945838,16.03312156877675,0.015153254393949657,0.10000000149011612,34.20000076293945,0.0,0.0,0.0,0.0,0.0,snow covered,0.250752389431,-8.86382484436035,100.0,456.929077148438
arenacam6_1769615778879844612.png,1769615778879844612,1769615778.8798447,42.300983472302704,-83.69785001134916,238.05950927734375,-0.015566969998182967,-0.9997427625185398,-0.00662524979795986,-0.015105770486442403,-0.029230000000000003,-0.023490000000000004,-0.008810000000000002,1.3156,-1.3888,-7.385000000000001,7.085015077834253,15.848753628210556,20.06999969482422,19.75,20.06999969482422,20.06999969482422,16.297024797594453,16.037182095000002,16.297024797594453,16.297024797594453,16.23206412194584,0.024185529204832634,0.10000000149011612,34.29999923706055,0.0,0.0,0.0,0.0,0.0,snow covered,0.250752389431,-8.86382484436035,100.0,456.929077148438
arenacam6_1769615778900476418.png,1769615778900476418,1769615778.9004765,42.30098348437247,-83.697851737284,238.0599365234375,-0.015598544864129205,-0.9997331321484524,-0.007209819214788754,-0.015439183581302732,-0.06293000000000001,-0.029210000000000003,0.00871,1.207,-0.10020000000000001,-7.2778,7.11948241807727,15.92585500029377,20.229999542236328,19.959999084472656,20.18000030517578,20.389999389648438,16.426946148891677,16.207703287783357,16.38634630740555,16.556867500188904,16.39446581106737,0.02942453078751221,0.10000000149011612,34.42499923706055,0.0,0.0,0.0,0.0,0.0,snow covered,0.250752389431,-8.86382484436035,100.0,456.929077148438
arenacam6_1769615778920837598.png,1769615778920837598,1769615778.9208376,42.30098350108145,-83.6978534713929,238.05813598632812,-0.015642587750960668,-0.9997266089291021,-0.007721431805189545,-0.015569082774818445,-0.04684000000000001,-0.006090000000000001,-0.00135,1.2899,0.7761,-7.962400000000001,7.148389603750275,15.990518640213143,20.28999900817871,20.1299991607666,20.149999618530273,20.489999771118164,16.47566626843197,16.34574491713474,16.361985473243067,16.63806873194584,16.455366347688905,0.029070208286225176,0.10000000149011612,34.22500228881836,0.0,0.0,0.0,0.0,0.0,snow covered,0.250752389431,-8.86382484436035,100.0,456.929077148438
arenacam6_1769615778941524654.png,1769615778941524654,1769615778.9415247,42.30098351504371,-83.69785520661,238.05657958984375,-0.01558297047270657,-0.999723558649537,-0.008030690796353702,-0.015667971077519882,-0.023010000000000003,-0.00099,-0.005510000000000001,0.9427000000000001,0.385,-9.475,7.173847851470847,16.047467212869197,20.44999885559082,20.139999389648438,20.260000228881836,20.270000457763672,16.605587619729196,16.353865195188906,16.451306983054163,16.459427261108324,16.467546764770148,0.02617731174200936,0.10000000149011612,34.275001525878906,0.0,0.0,0.0,0.0,0.0,snow covered,0.250752389431,-8.86382484436035,100.0,456.929077148438
arenacam6_1769615778962156113.png,1769615778962156113,1769615778.962156,42.30098352815222,-83.69785695471657,238.05567932128906,-0.015542622864980926,-0.9997227516021686,-0.008264735531887717,-0.01563780515462263,-0.03021,0.0034500000000000004,-0.00483,1.6668,-0.6793,-10.1882,7.209067147023047,16.126250663861736,20.729999542236328,20.420000076293945,20.260000228881836,20.459999084472656,16.83295075889168,16.581228334351387,16.451306983054163,16.613707897783357,16.619798493520147,0.03060524358364534,0.10000000149011612,34.25,0.0,0.0,0.0,0.0,0.0,snow covered,0.250752389431,-8.86382484436035,100.0,456.929077148438
arenacam6_1769615778983101693.png,1769615778983101693,1769615778.9831016,42.3009835489791,-83.69785871354271,238.05361938476562,-0.015516813890196546,-0.9997220623853325,-0.008375937994103688,-0.01564832672951071,0.013630000000000001,-0.00338,-0.003940000000000001,1.6852,1.0939,-9.081000000000001,7.263371109069299,16.24772536872148,20.81999969482422,20.399999618530273,20.309999465942383,20.59000015258789,16.90603171259445,16.564987778243065,16.49190682454029,16.719269963702775,16.670549069770146,0.026023562772832548,0.10000000149011612,34.17499923706055,0.0,0.0,0.0,0.0,0.0,snow covered,0.250752389431,-8.86382484436035,100.0,456.929077148438
arenacam6_1769615779003710983.png,1769615779003710983,1769615779.003711,42.300983563862985,-83.69786047154369,238.05172729492188,-0.015416235521913957,-0.9997245728135116,-0.00820608729848379,-0.015677318853170336,0.01131,-0.0038500000000000006,-0.010570000000000001,0.9699000000000001,-0.8214,-9.959900000000001,7.290480087778609,16.30836652755548,21.149999618530273,20.510000228881836,20.3799991607666,20.5,17.173994693243067,16.65430928805416,16.548747222134743,16.64618901,16.75581005335799,0.02743644037227668,0.10000000149011612,34.125,0.0,0.0,0.0,0.0,0.0,snow covered,0.250752389431,-8.86382484436035,100.0,456.929077148438
arenacam6_1769615779024295012.png,1769615779024295012,1769615779.0242949,42.30098357956487,-83.69786224342964,238.050537109375,-0.015404330360797247,-0.9997246712815923,-0.008239454348491397,-0.015665236323998574,-0.0066900000000000015,0.0026100000000000003,-0.00232,0.9163,-0.7983,-10.2392,7.320212644169649,16.374876472248854,21.19999885559082,20.78999900817871,20.510000228881836,20.68000030517578,17.214594534729194,16.88167087843197,16.65430928805416,16.79235091740555,16.885731404655218,0.031197483124353928,0.10000000149011612,34.150001525878906,0.0,0.0,0.0,0.0,0.0,snow covered,0.250752389431,-8.86382484436035,100.0,456.929077148438
arenacam6_1769615779045143191.png,1769615779045143191,1769615779.0451434,42.300983600090554,-83.69786402560013,238.0484619140625,-0.015356464303354633,-0.9997244111649497,-0.008408566161923077,-0.01563894945624596,-0.00256,-0.0009800000000000002,-0.007940000000000001,1.5755000000000001,0.9677,-9.3043,7.358726363998768,16.461029352683404,21.079999923706055,20.939998626708984,20.639999389648438,20.68000030517578,17.117154295648614,17.003471951675035,16.759869805188906,16.79235091740555,16.918211742479528,0.027773620956553117,0.10000000149011612,34.54999923706055,0.0,0.0,0.0,0.0,0.0,snow covered,0.250752389431,-8.86382484436035,100.0,456.929077148438
arenacam6_1769615779066004287.png,1769615779066004287,1769615779.0660043,42.300983615429956,-83.69786580684172,238.0465545654297,-0.015223869295543646,-0.9997248731692371,-0.008478127588498741,-0.015701373284476957,-0.01386,-0.01124,-0.014730000000000002,1.4898,-0.5121,-10.294500000000001,7.396199106683079,16.544853629703645,21.219999313354492,20.850000381469727,20.78999900817871,20.799999237060547,17.230835090837516,16.930392546756934,16.88167087843197,16.88979115648613,16.983172418128138,0.026492757097443347,0.10000000149011612,34.29999923706055,0.0,0.0,0.0,0.0,0.0,snow covered,0.250752389431,-8.86382484436035,100.0,456.929077148438
arenacam6_1769615779107348812.png,1769615779107348812,1769615779.1073487,42.300983650457816,-83.69786941709518,238.0440673828125,-0.015086501872053681,-0.9997142129505533,-0.008936126395762856,-0.01624917016217072,-0.023970000000000005,-0.037020000000000004,-0.00834,1.4401000000000002,-0.12510000000000002,-10.1936,7.480194064262964,16.732745310112396,20.899999618530273,21.010000228881836,20.939998626708984,20.939998626708984,16.970992388243065,17.06031389805416,17.003471951675035,17.003471951675035,17.009562547411825,0.016543444137175473,0.10000000149011612,34.125,0.0,0.0,0.0,0.0,0.0,snow covered,0.250752389431,-8.86382484436035,100.0,456.929077148438
arenacam6_1769615779127970840.png,1769615779127970840,1769615779.127971,42.30098366913294,-83.69787122776191,238.04263305664062,-0.015036545838210014,-0.9997071146467311,-0.009192632156634817,-0.016585618107139974,-0.02426,-0.029420000000000005,-0.0063300000000000006,1.2641,0.7941,-9.9435,7.510181262351533,16.79982487300464,21.15999984741211,20.979999542236328,20.939998626708984,20.989999771118164,17.182114971297228,17.03595306389168,17.003471951675035,17.04407334194584,17.066403332202448,0.015867930839336908,0.10000000149011612,34.29999923706055,0.0,0.0,0.0,0.0,0.0,snow covered,0.250752389431,-8.86382484436035,100.0,456.929077148438
arenacam6_1769615779148573357.png,1769615779148573357,1769615779.1485734,42.300983684162574,-83.6978730546298,238.04197692871094,-0.014982220824268089,-0.9997006718152774,-0.009284586582956509,-0.016967506688940426,-0.010830000000000001,-0.041800000000000004,-0.005360000000000001,1.6447,-0.7982,-9.725,7.550299083525393,16.889566031901293,21.209999084472656,21.06999969482422,21.1299991607666,21.18000030517578,17.222714812783355,17.109034017594453,17.157754137134745,17.19835552740555,17.171964623729526,0.016720298869422345,0.0,34.42499923706055,0.0,0.0,0.0,0.0,0.0,snow covered,0.250752389431,-8.86382484436035,100.0,456.929077148438
arenacam6_1769615779169187537.png,1769615779169187537,1769615779.1691875,42.30098369690688,-83.69787488910671,238.04037475585938,-0.014964769078196882,-0.9996898777826786,-0.009800156185795723,-0.017325151774901706,-0.06833,-0.031200000000000006,0.0012600000000000003,0.7391000000000001,-1.0667,-9.1038,7.5753321947124865,16.94556359964015,21.270000457763672,21.65999984741211,21.239999771118164,21.260000228881836,17.27143648110832,17.588119581297228,17.247075646945838,17.263316203054163,17.342486978101388,0.023423439186741918,-0.10000000149011612,34.25,0.0,0.0,0.0,0.0,0.0,snow covered,0.250752389431,-8.86382484436035,100.0,456.929077148438
arenacam6_1769615779189916692.png,1769615779189916692,1769615779.1899166,42.30098371984236,-83.69787672581576,238.03868103027344,-0.0149649765439413,-0.9996817092302079,-0.010272928085933409,-0.01752132004588913,-0.030450000000000005,-0.020900000000000002,-0.0019100000000000002,1.3814,2.7387,-8.796700000000001,7.605600555363211,17.013272106314183,21.44999885559082,21.439998626708984,21.35999870300293,21.420000076293945,17.417596839729196,17.409476561675035,17.34451588602642,17.393237554351387,17.39120671044551,0.02221410448088126,-0.20000000298023224,34.275001525878906,0.0,0.0,0.0,0.0,0.0,snow covered,0.250752389431,-8.86382484436035,100.0,456.929077148438
arenacam6_1769615779210552357.png,1769615779210552357,1769615779.2105522,42.30098373223971,-83.6978785724365,238.03732299804688,-0.014886477503622653,-0.9996829250594774,-0.010142712120650271,-0.01759453105083587,0.01289,0.004200000000000001,-0.006150000000000001,0.8046000000000001,-1.4724000000000002,-9.3649,7.628962118787394,17.065530522000273,21.35999870300293,21.31999969482422,21.510000228881836,21.489999771118164,17.34451588602642,17.31203632259445,17.46631850805416,17.45007795194584,17.39323716715522,0.019202839591331754,-0.30000001192092896,34.375,0.0,0.0,0.0,0.0,0.0,snow covered,0.250752389431,-8.86382484436035,100.0,456.929077148438
arenacam6_1769615779231322190.png,1769615779231322190,1769615779.231322,42.30098374691145,-83.6978804283041,238.03475952148438,-0.014896891525771117,-0.9996801244320791,-0.010501824098621448,-0.017534056260145783,-0.04494000000000001,-0.0008300000000000001,0.0011300000000000001,1.3195000000000001,0.08020000000000001,-8.9448,7.66427322902625,17.14451935693798,22.029998779296875,21.469999313354492,21.639999389648438,21.579999923706055,17.88856212537781,17.433837395837518,17.571879025188903,17.523158905648614,17.604359363013213,0.026821399684742182,-0.30000001192092896,34.07500076293945,0.0,0.0,0.0,0.0,0.0,snow covered,0.250752389431,-8.86382484436035,100.0,456.929077148438
arenacam6_1769615779251940376.png,1769615779251940376,1769615779.2519403,42.30098376974075,-83.6978822821292,238.03236389160156,-0.01490837725228833,-0.9996803638994851,-0.010527717958871575,-0.017495070050591078,0.008440000000000001,0.00837,0.00221,1.3944,0.5961000000000001,-10.3355,7.690368445342253,17.2028927901239,21.729999542236328,21.809999465942383,21.760000228881836,21.6299991607666,17.644959978891677,17.70992065454029,17.66932081305416,17.563758747134745,17.64699004840522,0.02581526628685796,-0.5,34.07500076293945,0.0,0.0,0.0,0.0,0.0,snow covered,0.250752389431,-8.86382484436035,100.0,456.929077148438
arenacam6_1769615779272525112.png,1769615779272525112,1769615779.272525,42.30098378221521,-83.69788415348555,238.03042602539062,-0.014897937667804728,-0.999677862813838,-0.010838364098219162,-0.017457145152573957,-0.019820000000000004,-0.010350000000000002,0.003940000000000001,0.6743,1.5346,-9.177200000000001,7.748063203339131,17.331952502077435,21.65999984741211,21.65999984741211,21.84000015258789,21.799999237060547,17.588119581297228,17.588119581297228,17.734281488702777,17.70180037648613,17.65308025694584,0.01852807725095691,-0.4000000059604645,34.35000228881836,0.0,0.0,0.0,0.0,0.0,snow covered,0.250752389431,-8.86382484436035,100.0,456.929077148438
arenacam6_1769615779293202134.png,1769615779293202134,1769615779.2932022,42.30098380341957,-83.69788602952129,238.02774047851562,-0.014897028543943813,-0.999683632522669,-0.010515054625968495,-0.017324752034447864,0.04718000000000001,0.031610000000000006,-0.009590000000000001,0.9845,1.0541,-9.6676,7.760903797237765,17.360676140193046,22.78999900817871,22.079999923706055,21.889999389648438,21.81999969482422,18.50568931843197,17.929163515648614,17.774881330188904,17.71804093259445,17.981943774215985,0.03578591231159446,-0.6000000238418579,34.20000076293945,0.0,0.0,0.0,0.0,0.0,snow covered,0.250752389431,-8.86382484436035,100.0,456.929077148438
arenacam6_1769615779313946405.png,1769615779313946405,1769615779.3139465,42.30098381668371,-83.69788791498175,238.0253448486328,-0.01476281763462417,-0.9996869489942979,-0.010480223457074498,-0.017269283200201838,-0.021790000000000004,-0.014860000000000002,-0.006910000000000001,3.2715,-2.4933,-10.23,7.8307976379655795,17.517024468270723,22.53999900817871,22.020000457763672,21.979999542236328,21.93000030517578,18.302687013431967,17.880443396108323,17.84796228389168,17.807362442405548,17.95961378395938,0.025266238366586563,-0.699999988079071,34.22500228881836,0.0,0.0,0.0,0.0,0.0,snow covered,0.250752389431,-8.86382484436035,100.0,456.929077148438
arenacam6_1769615779334751503.png,1769615779334751503,1769615779.3347516,42.30098383175657,-83.69788981049305,238.02333068847656,-0.014933542230583574,-0.9996727551825626,-0.010920459353266904,-0.017666788889467423,-0.04204000000000001,-0.03461,0.016790000000000003,0.2029,0.9540000000000001,-9.7233,7.8584562034167,17.578895019670952,21.869998931884766,22.029998779296875,22.029998779296875,22.0,17.758640774080583,17.88856212537781,17.88856212537781,17.86420284,17.84999196620905,0.015421728512215222,-1.0,33.92499923706055,0.0,0.0,0.0,0.0,0.0,snow covered,0.250752389431,-8.86382484436035,100.0,456.929077148438
arenacam6_1769615779355751034.png,1769615779355751034,1769615779.3557508,42.30098384722537,-83.69789171413301,238.0208282470703,-0.014893185544746557,-0.9996699738357021,-0.01128005522444217,-0.017632265588691864,-0.03531,0.010960000000000001,-0.00708,-0.001,0.3365,-8.9994,7.8624752024710745,17.587885279415648,22.18000030517578,22.389999389648438,22.1299991607666,22.119998931884766,18.010364747405546,18.180885940188904,17.96976335713474,17.961643079080584,18.030664280952443,0.02517522683952295,-1.399999976158142,34.150001525878906,0.0,0.0,0.0,0.0,0.0,snow covered,0.250752389431,-8.86382484436035,100.0,456.929077148438
arenacam6_1769615779377851812.png,1769615779377851812,1769615779.377852,42.300983870660616,-83.69789554181254,238.01612854003906,-0.014897363998113478,-0.99966870975757,-0.01159649130238306,-0.01749458964985369,-0.03275,0.007420000000000001,0.0038600000000000006,2.4774000000000003,-0.38580000000000003,-10.0718,7.904760926038458,17.68247590589247,22.369998931884766,22.75,22.229999542236328,22.239999771118164,18.164645384080583,18.473209755000003,18.050964588891677,18.059084866945838,18.186976148729524,0.028531086117240808,-1.7000000476837158,34.57500076293945,0.0,0.0,0.0,0.0,0.0,snow covered,0.250752389431,-8.86382484436035,100.0,456.929077148438
arenacam6_1769615779417717991.png,1769615779417717991,1769615779.417718,42.300983899684596,-83.69789939514501,238.0111846923828,-0.014984496420654747,-0.9996626647757291,-0.01216202622582059,-0.017381215106842658,-0.02033,0.029940000000000005,0.005940000000000001,1.5335,0.0229,-9.9955,7.955895003231167,17.796859768527927,22.1299991607666,22.329999923706055,22.40999984741211,22.44999885559082,17.96976335713474,18.132165820648613,18.197126496297226,18.229606059729196,18.132165433452442,0.01884072073869301,-2.1000001430511475,34.54999923706055,0.0,0.0,0.0,0.0,0.0,snow covered,0.250752389431,-8.86382484436035,100.0,456.929077148438
arenacam6_1769615779438138677.png,1769615779438138677,1769615779.4381387,42.300983913013326,-83.69790132754414,238.0093994140625,-0.015045614707878463,-0.9996579845280746,-0.012480493878794012,-0.017371836974562453,-0.030780000000000005,-0.0017100000000000001,0.00496,-0.0477,0.7985,-9.9306,7.977576739473347,17.84536051159751,23.18000030517578,22.51999855041504,22.53999900817871,22.51999855041504,18.822373967405547,18.28644645732365,18.302687013431967,18.28644645732365,18.424488473871204,0.032452578466953694,-2.299999952316284,34.47500228881836,0.0,0.0,0.0,0.0,0.0,snow covered,0.250752389431,-8.86382484436035,100.0,456.929077148438
arenacam6_1769615779458906049.png,1769615779458906049,1769615779.4589062,42.30098392771111,-83.69790327565717,238.0074005126953,-0.015056707802181712,-0.999662976412792,-0.012605409839657156,-0.01698036461479581,-0.011810000000000003,0.045930000000000006,0.00177,1.7938,-0.2933,-10.4131,8.001194828682115,17.89819276007217,23.34000015258789,23.350000381469727,22.559999465942383,22.65999984741211,18.952295318702777,18.960415596756935,18.318927569540293,18.400128801297228,18.65794182157431,0.04244836736796181,-2.6000001430511475,34.775001525878906,0.0,0.0,0.0,0.0,0.0,snow covered,0.250752389431,-8.86382484436035,100.0,456.929077148438
arenacam6_1769615779479651316.png,1769615779479651316,1769615779.4796512,42.30098394579717,-83.69790521971076,238.00521850585938,-0.015139089937932393,-0.9996609593329968,-0.012827862107628162,-0.016858834331932606,-0.02289,-0.010110000000000001,0.00982,3.1727000000000003,0.6469,-9.453700000000001,8.074468247361661,18.062101001253197,22.51999855041504,23.219999313354492,22.670000076293945,22.709999084472656,18.28644645732365,18.854853530837516,18.40824907935139,18.440728642783355,18.49756942757398,0.024109511196431,-2.5,34.29999923706055,0.0,0.0,0.0,0.0,0.0,snow covered,0.250752389431,-8.86382484436035,100.0,456.929077148438
arenacam6_1769615779500691759.png,1769615779500691759,1769615779.5006917,42.300983961513545,-83.69790718148512,238.00379943847656,-0.015181750665430704,-0.9996572643929491,-0.01280857821675697,-0.017053108725496025,0.009440000000000002,0.0005200000000000001,0.0012100000000000001,-0.7120000000000001,1.2174,-10.6743,8.074953654050956,18.063186826892746,24.029998779296875,23.689998626708984,22.84000015258789,22.75,19.51258056537781,19.236497306675037,18.546290708702777,18.473209755000003,18.94214458393891,0.04866017084745848,-2.6000001430511475,34.275001525878906,0.0,0.0,0.0,0.0,0.0,snow covered,0.250752389431,-8.86382484436035,100.0,456.929077148438
arenacam6_1769615779520974203.png,1769615779520974203,1769615779.5209742,42.3009839758295,-83.69790915923289,238.0020751953125,-0.015118947491903234,-0.9996614015857892,-0.012639157140367998,-0.016992684103863558,0.01862,0.0004000000000000001,-0.008810000000000002,3.0495,-0.8912,-10.1478,8.125549762721693,18.176367286222664,23.8799991607666,23.60999870300293,22.94999885559082,22.81999969482422,19.390779492134744,19.17153663102642,18.635610669729196,18.530050152594452,18.931994236371203,0.04157194549657288,-2.700000047683716,34.45000076293945,0.0,0.0,0.0,0.0,0.0,snow covered,0.250752389431,-8.86382484436035,100.0,456.929077148438
arenacam6_1769615779541490372.png,1769615779541490372,1769615779.5414903,42.30098399652825,-83.69791112588939,238.0002899169922,-0.015213396543566293,-0.9996464459912952,-0.012906672054775265,-0.017577070263596513,-0.04522,-0.07263000000000001,0.01793,1.4236,-0.7697,-9.562000000000001,8.177486227182294,18.292546041033162,23.399999618530273,24.189998626708984,22.939998626708984,23.1299991607666,19.001015438243066,19.642501916675034,18.627490391675032,18.781772577134742,19.01319508093197,0.03939577564994357,-2.799999952316284,34.10000228881836,0.0,0.0,0.0,0.0,0.0,snow covered,0.250752389431,-8.86382484436035,100.0,456.929077148438
arenacam6_1769615779562321790.png,1769615779562321790,1769615779.5623217,42.300984010769376,-83.69791311781383,237.9989471435547,-0.015350537506401363,-0.9996300549754773,-0.0131330010695695,-0.018210943712376998,0.01048,-0.061610000000000005,0.0019100000000000002,2.2256,1.2246000000000001,-10.993,8.195230556478293,18.332239041008556,23.489999771118164,24.719999313354492,22.85999870300293,22.81999969482422,19.07409639194584,20.07286736083752,18.56252971602642,18.530050152594452,19.05988590535106,0.03969219813874255,-3.1000001430511475,34.07500076293945,0.0,0.0,0.0,0.0,0.0,snow covered,0.250752389431,-8.86382484436035,100.0,456.929077148438
arenacam6_1769615779583149839.png,1769615779583149839,1769615779.58315,42.30098402813895,-83.6979151173366,237.9977264404297,-0.015403066424482803,-0.9996141499321882,-0.013033900042446787,-0.0190896372347679,0.00010000000000000002,-0.08807000000000001,0.0041,1.6828,-0.8996000000000001,-11.8385,8.265765000810726,18.490020360913547,23.350000381469727,24.6299991607666,22.94999885559082,23.19999885559082,18.960415596756935,19.999786407134746,18.635610669729196,18.838612974729198,19.108606412087518,0.03345513088139226,-3.200000047683716,34.125,0.0,0.0,0.0,0.0,0.0,snow covered,0.250752389431,-8.86382484436035,100.0,456.929077148438
arenacam6_1769615779603762717.png,1769615779603762717,1769615779.6037626,42.300984051515094,-83.69791711405239,237.9951934814453,-0.015579754381241318,-0.9995978640792031,-0.013032138513269963,-0.019787489671161798,0.006350000000000001,-0.0738,0.020830000000000005,0.8213,1.5202,-7.021100000000001,8.296911371170742,18.55969292262668,23.43000030517578,24.189998626708984,23.31999969482422,23.010000228881836,19.02537627240555,19.642501916675034,18.936054762594452,18.684332338054162,19.0720663224323,0.027606782178005128,-3.200000047683716,34.150001525878906,0.0,0.0,0.0,0.0,0.0,snow covered,0.250752389431,-8.86382484436035,100.0,456.929077148438
arenacam6_1769615779624544978.png,1769615779624544978,1769615779.624545,42.300984067408635,-83.69791913062252,237.9937286376953,-0.015633006070563893,-0.9995860654744196,-0.012818499456041927,-0.020469316116133642,0.014430000000000002,-0.07365000000000001,-0.0018000000000000004,1.4702000000000002,-0.1126,-8.244900000000001,8.325571158962992,18.623803148330676,23.549999237060547,23.850000381469727,23.350000381469727,23.489999771118164,19.122816511486132,19.366420206756935,18.960415596756935,19.07409639194584,19.13093717673646,0.027230422506438468,-3.200000047683716,34.400001525878906,0.0,0.0,0.0,0.0,0.0,snow covered,0.250752389431,-8.86382484436035,100.0,456.929077148438
arenacam6_1769615779645117451.png,1769615779645117451,1769615779.6451175,42.300984093038,-83.697921151792,237.99078369140625,-0.015733232878938186,-0.9995693052480455,-0.012633670989546434,-0.021308677726325775,0.033260000000000005,-0.07150000000000001,0.012020000000000001,1.0275,2.1124,-9.544,8.356787201272274,18.693631562014,23.85999870300293,24.1299991607666,23.239999771118164,23.26999855041504,19.374538936026422,19.593781797134746,18.871094086945842,18.895453372323647,19.183717048107663,0.026216708319507575,-3.0,34.29999923706055,0.0,0.0,0.0,0.0,0.0,snow covered,0.250752389431,-8.86382484436035,100.0,456.929077148438
arenacam6_1769615779668895005.png,1769615779668895005,1769615779.668895,42.30098411403684,-83.69792317135672,237.98760986328125,-0.01576055033089041,-0.9995629598946678,-0.012122003122875542,-0.021875815417194275,0.04143000000000001,-0.039360000000000006,-0.0027,0.4852,-1.0555,-8.455300000000001,8.374624932131546,18.73353349568234,23.969999313354492,23.959999084472656,23.829999923706055,23.65999984741211,19.463860445837515,19.455740167783357,19.350179650648617,19.212138021297225,19.370479571391677,0.03400031691064248,-2.799999952316284,34.400001525878906,0.0,0.0,0.0,0.0,0.0,snow covered,0.250752389431,-8.86382484436035,100.0,456.929077148438
arenacam6_1769615779707501637.png,1769615779707501637,1769615779.7075016,42.30098416050413,-83.69792725205895,237.979736328125,-0.015874774296873617,-0.9995388666015235,-0.012028607444290755,-0.022920695820943204,0.007380000000000001,-0.06924000000000001,-0.00039000000000000005,1.5869,0.5811000000000001,-9.4372,8.453514356455004,18.910004404528458,24.170000076293945,24.01999855041504,23.649999618530273,23.53999900817871,19.626262909351386,19.504460287323646,19.204017743243067,19.11469623343197,19.36235929333752,0.023921458669821056,-2.6000001430511475,34.60000228881836,0.0,0.0,0.0,0.0,0.0,snow covered,0.250752389431,-8.86382484436035,100.0,456.929077148438
arenacam6_1769615779728292179.png,1769615779728292179,1769615779.728292,42.30098418137665,-83.6979292946812,237.97572326660156,-0.01591420424029627,-0.9995217746387558,-0.012101903690466057,-0.023590338137831266,-0.01207,-0.06722,0.004240000000000001,0.8434,-0.0721,-12.6689,8.48206930516913,18.973880111505036,24.079999923706055,24.100000381469727,23.51999855041504,23.689998626708984,19.553181955648615,19.569422511756937,19.098455677323646,19.236497306675037,19.364389362851057,0.020581412396994708,-2.6000001430511475,34.625,0.0,0.0,0.0,0.0,0.0,snow covered,0.250752389431,-8.86382484436035,100.0,456.929077148438
arenacam6_1769615779748782285.png,1769615779748782285,1769615779.7487824,42.30098420290636,-83.69793135364193,237.97219848632812,-0.016009309954477857,-0.9995100368068963,-0.01210846569388129,-0.02401610658700461,0.0003800000000000001,-0.023830000000000004,0.00821,1.1874,-0.0449,-10.1636,8.502354338970326,19.01925651501628,23.94999885559082,24.209999084472656,23.559999465942383,23.799999237060547,19.447619889729197,19.658742472783356,19.130936789540293,19.32581881648613,19.390779492134744,0.01953404313281828,-2.6000001430511475,34.47500228881836,0.0,0.0,0.0,0.0,0.0,snow covered,0.250752389431,-8.86382484436035,100.0,456.929077148438
arenacam6_1769615779769294741.png,1769615779769294741,1769615779.7692947,42.300984227679514,-83.69793342199054,237.9686737060547,-0.016104245721677124,-0.9994934645071709,-0.0121499800753671,-0.024613932261159426,-0.0015200000000000003,-0.06608000000000001,0.01175,1.768,0.9405,-10.6455,8.547143398778303,19.11944695446314,23.959999084472656,24.09000015258789,23.809999465942383,23.670000076293945,19.455740167783357,19.561302233702776,19.33393909454029,19.220258299351386,19.39280994884445,0.014297641298536603,-2.5,34.35000228881836,0.0,0.0,0.0,0.0,0.0,snow covered,0.250752389431,-8.86382484436035,100.0,456.929077148438
arenacam6_1769615779790117357.png,1769615779790117357,1769615779.7901173,42.30098424791378,-83.69793548828666,237.96603393554688,-0.016147541021152068,-0.999471979647144,-0.01223181294132614,-0.025404754896632173,-0.027200000000000002,-0.07116000000000001,0.006170000000000001,0.9810000000000001,-1.3994,-12.284600000000001,8.578725003636134,19.190093109633814,24.079999923706055,24.239999771118164,24.03999900817871,23.649999618530273,19.553181955648615,19.68310330694584,19.52070084343197,19.204017743243067,19.490250962317372,0.015641292148440525,-2.4000000953674316,34.525001525878906,0.0,0.0,0.0,0.0,0.0,snow covered,0.250752389431,-8.86382484436035,100.0,456.929077148438
arenacam6_1769615779810584250.png,1769615779810584250,1769615779.8105843,42.30098427326592,-83.69793757087875,237.96395874023438,-0.016451678864496222,-0.9994484126439237,-0.012220455938755394,-0.02613184231411087,0.029490000000000002,-0.06129000000000001,0.025880000000000004,0.2974,2.9203,-9.650500000000001,8.595962756647104,19.228652928854174,24.09000015258789,24.010000228881836,24.209999084472656,24.189998626708984,19.561302233702776,19.496341558054162,19.658742472783356,19.642501916675034,19.58972204530383,0.018777660493722984,-2.299999952316284,34.75,0.0,0.0,0.0,0.0,0.0,snow covered,0.250752389431,-8.86382484436035,100.0,456.929077148438
arenacam6_1769615779831332681.png,1769615779831332681,1769615779.8313327,42.300984296360106,-83.69793965962144,237.96226501464844,-0.01650671994456021,-0.9994289433393471,-0.011901044338361807,-0.026975554784374724,0.015570000000000002,-0.10163000000000001,0.007240000000000001,0.7742,-1.0466,-10.319700000000001,8.637829048390136,19.322305311505833,24.170000076293945,23.989999771118164,24.209999084472656,24.489999771118164,19.626262909351386,19.48010100194584,19.658742472783356,19.88610561194584,19.662802999006605,0.017622001205933546,-2.1000001430511475,34.625,0.0,0.0,0.0,0.0,0.0,snow covered,0.250752389431,-8.86382484436035,100.0,456.929077148438
arenacam6_1769615779851875935.png,1769615779851875935,1769615779.8518758,42.30098432411521,-83.697941741796,237.95997619628906,-0.016830091016765192,-0.9994098556151809,-0.011811292018628914,-0.027516938718927752,0.01137,-0.04737,0.032080000000000004,0.2531,0.2872,-7.2739,8.650167802348955,19.349906363786474,24.1299991607666,24.389999389648438,24.729999542236328,24.459999084472656,19.593781797134746,19.804904380188905,20.08098763889168,19.861744777783354,19.835354648499674,0.02508788805416244,-1.899999976158142,34.57500076293945,0.0,0.0,0.0,0.0,0.0,snow covered,0.250752389431,-8.86382484436035,100.0,456.929077148438
arenacam6_1769615779872635782.png,1769615779872635782,1769615779.8726358,42.30098434687663,-83.69794384487489,237.95713806152344,-0.017078687745577914,-0.9993980494828396,-0.011561383695422504,-0.02789608434586918,0.013730000000000001,-0.05609000000000001,0.014680000000000002,1.1771,0.6083000000000001,-6.4264,8.694811315235889,19.44977122350377,24.479999542236328,24.35999870300293,24.60999870300293,24.689998626708984,19.87798533389168,19.780543546026422,19.98354585102642,20.048506526675034,19.92264531440489,0.02431257856286152,-1.5,34.85000228881836,0.0,0.0,0.0,0.0,0.0,snow covered,0.250752389431,-8.86382484436035,100.0,456.929077148438
arenacam6_1769615779893302308.png,1769615779893302308,1769615779.8933022,42.30098437547789,-83.69794594684716,237.95201110839844,-0.017241865570238546,-0.9993928943695956,-0.011122047247212496,-0.028157784363317045,0.05047000000000001,-0.019160000000000003,0.017280000000000004,0.2091,0.4958,-10.0152,8.70716334084549,19.47740196367091,24.739999771118164,24.43000030517578,24.75,24.8799991607666,20.08910791694584,19.83738549240555,20.097228195,20.202788712134744,20.056627579121532,0.029738340695077716,-1.3000000715255737,35.025001525878906,0.0,0.0,0.0,0.0,0.0,snow covered,0.250752389431,-8.86382484436035,100.0,456.929077148438
arenacam6_1769615779913889379.png,1769615779913889379,1769615779.9138892,42.300984401511435,-83.69794804897349,237.94749450683594,-0.017361792793496034,-0.999395393676358,-0.010903338106546477,-0.028080820280170633,0.044770000000000004,0.013820000000000002,0.022590000000000006,0.11,-0.28090000000000004,-9.8916,8.729466233478805,19.52729219631808,24.559999465942383,24.670000076293945,24.799999237060547,24.989999771118164,19.94294600954029,20.03226751935139,20.13782803648613,20.29211022194584,20.101287946830915,0.029394538922353212,-1.100000023841858,34.75,0.0,0.0,0.0,0.0,0.0,snow covered,0.250752389431,-8.86382484436035,100.0,456.929077148438
arenacam6_1769615779935537178.png,1769615779935537178,1769615779.935537,42.30098443105438,-83.69795016573143,237.94224548339844,-0.017623109614266108,-0.9994154332082584,-0.010210323851646086,-0.027458462439058366,0.07472000000000002,0.05494000000000001,0.015150000000000002,0.2611,2.972,-6.0183,8.748602708368754,19.570099342458402,25.029998779296875,24.779998779296875,24.829999923706055,24.760000228881836,20.32458978537781,20.12158748037781,20.162188870648613,20.10534847305416,20.178428652364598,0.031084630653171616,-0.699999988079071,34.79999923706055,0.0,0.0,0.0,0.0,0.0,snow covered,0.250752389431,-8.86382484436035,100.0,456.929077148438
arenacam6_1769615779978076206.png,1769615779978076206,1769615779.9780762,42.300984542361206,-83.69795653647287,237.9224853515625,-0.017735737564907594,-0.9994572561099655,-0.0081664037158414,-0.02653199337625732,0.08531000000000001,0.0316,0.007260000000000001,0.3765,-0.05,-11.3759,8.814763495074116,19.718097052671094,24.969999313354492,24.90999984741211,24.989999771118164,24.94999885559082,20.27586966583752,20.227149546297223,20.29211022194584,20.259629109729193,20.263689635952446,0.02766963677194413,-0.20000000298023224,34.625,0.0,0.0,0.0,0.0,0.0,snow covered,0.250752389431,-8.86382484436035,100.0,456.929077148438
arenacam6_1769615779997116880.png,1769615779997116880,1769615779.997117,42.300984542361206,-83.69795653647287,237.9224853515625,-0.017839155877279633,-0.9994817054675795,-0.0074243458829140185,-0.025748088111854573,0.07559,0.07786000000000001,0.0024100000000000002,1.198,0.6666000000000001,-8.8912,8.838486055700178,19.77116299743796,25.28999900817871,25.100000381469727,25.189998626708984,24.94999885559082,20.53571236843197,20.381431731756933,20.454511136675034,20.259629109729193,20.407821086648283,0.03220134745198481,0.0,34.67499923706055,0.0,0.0,0.0,0.0,0.0,snow covered,0.250752389431,-8.86382484436035,100.0,456.929077148438
arenacam6_1769615780017844321.png,1769615780017844321,1769615780.0178442,42.300984621350004,-83.69796081527693,237.908447265625,-0.017755961630477324,-0.9995016028260949,-0.006877891934994929,-0.02517868894868333,0.04437000000000001,0.05047000000000001,-0.011280000000000002,1.3642,-0.9462,-8.9097,8.877473256949392,19.858375027400374,25.529998779296875,25.03999900817871,25.309999465942383,25.06999969482422,20.73059439537781,20.332710063431968,20.551952924540288,20.357070897594454,20.49308207023613,0.03196168074980933,0.20000000298023224,34.75,0.0,0.0,0.0,0.0,0.0,snow covered,0.250752389431,-8.86382484436035,100.0,456.929077148438
arenacam6_1769615780038439131.png,1769615780038439131,1769615780.0384393,42.300984656811565,-83.69796297343122,237.90139770507812,-0.017729647004060378,-0.9995141849537537,-0.007028102889580683,-0.024650749747591186,-0.02995,0.05911000000000001,-0.0010500000000000002,1.0122,-0.7682,-10.084900000000001,8.905883511195762,19.92192706153425,25.869998931884766,25.25,25.34000015258789,25.219999313354492,21.006677654080583,20.503232805,20.576313758702774,20.47887197083752,20.64127404715522,0.03610830334831927,0.30000001192092896,34.95000076293945,0.0,0.0,0.0,0.0,0.0,snow covered,0.250752389431,-8.86382484436035,100.0,456.929077148438
arenacam6_1769615780058946402.png,1769615780058946402,1769615780.0589464,42.30098468849654,-83.69796513677481,237.89418029785156,-0.01763618834642755,-0.9995223226267786,-0.007619522538150163,-0.024208145481838268,-0.06670000000000001,0.03977,-0.0089,1.3282,-0.8321000000000001,-10.3492,8.942895020201965,20.004719586490584,25.56999969482422,25.299999237060547,25.34000015258789,25.189998626708984,20.763075507594454,20.54383264648613,20.576313758702774,20.454511136675034,20.5844332623646,0.028978845385341054,0.30000001192092896,35.20000076293945,0.0,0.0,0.0,0.0,0.0,snow covered,0.250752389431,-8.86382484436035,100.0,456.929077148438
arenacam6_1769615780079643888.png,1769615780079643888,1769615780.079644,42.300984726050714,-83.69796729758843,237.88681030273438,-0.01760660438249706,-0.9995291605405332,-0.008296147726624282,-0.023720005146566112,-0.06196000000000001,0.05926000000000001,0.0034400000000000008,0.1976,0.93,-9.657200000000001,8.960565438544624,20.04424725209801,25.459999084472656,25.53999900817871,25.260000228881836,25.369998931884766,20.673753997783358,20.738714673431968,20.511353083054164,20.600673044080583,20.631123699587516,0.029279046506876304,0.4000000059604645,34.97500228881836,0.0,0.0,0.0,0.0,0.0,snow covered,0.250752389431,-8.86382484436035,100.0,456.929077148438
arenacam6_1769615780100379158.png,1769615780100379158,1769615780.1003792,42.300984757846955,-83.69796947818338,237.87998962402344,-0.01752087647344336,-0.9995450726032576,-0.00858959534510946,-0.022997512342819392,-0.017210000000000003,0.06631000000000001,-0.01335,1.9215,0.25,-9.864700000000001,8.998642773457613,20.129423965658273,25.43000030517578,25.78999900817871,25.350000381469727,25.479999542236328,20.64939471240555,20.94171697843197,20.584434036756935,20.68999455389168,20.716385070371533,0.029159359240216887,0.5,35.20000076293945,0.0,0.0,0.0,0.0,0.0,snow covered,0.250752389431,-8.86382484436035,100.0,456.929077148438
arenacam6_1769615780120852081.png,1769615780120852081,1769615780.120852,42.30098479358741,-83.69797166362748,237.8736114501953,-0.017500472427314617,-0.999554564459445,-0.008635113005240978,-0.022579658024353064,-0.0036700000000000005,0.039450000000000006,0.0029200000000000007,0.9391,-0.5472,-11.5836,9.033282165601412,20.206910207520423,25.68000030517578,26.209999084472656,25.5,25.549999237060547,20.852397017405547,21.282760912783356,20.706235109999998,20.74683495148613,20.89705699791876,0.034153998969198414,0.699999988079071,34.875,0.0,0.0,0.0,0.0,0.0,snow covered,0.250752389431,-8.86382484436035,100.0,456.929077148438
arenacam6_1769615780142159519.png,1769615780142159519,1769615780.1421597,42.30098483259255,-83.69797385247078,237.8667755126953,-0.01755751267370198,-0.9995631076288416,-0.00855859656006563,-0.02218283212323004,0.018540000000000004,0.032900000000000006,0.0024900000000000005,1.4172,1.2109,-10.8321,9.067245172781947,20.28288341680285,25.8799991607666,26.309999465942383,25.60999870300293,25.56999969482422,21.014797932134744,21.36396214454029,20.795555071026424,20.763075507594454,20.98434766382398,0.03458404964454008,0.800000011920929,34.79999923706055,0.0,0.0,0.0,0.0,0.0,snow covered,0.250752389431,-8.86382484436035,100.0,456.929077148438
arenacam6_1769615780162276755.png,1769615780162276755,1769615780.1622767,42.30098486443562,-83.69797606035546,237.8611297607422,-0.017573365808816854,-0.9995717365069563,-0.008148002424552495,-0.02193468593590289,0.040650000000000006,0.016430000000000004,0.0032400000000000003,2.0739,-0.6962,-10.704600000000001,9.113290221372148,20.385883427796216,25.81999969482422,26.5,25.719999313354492,25.60999870300293,20.966077812594452,21.51824433,20.884876580837517,20.795555071026424,21.041188448614598,0.03214503914629824,0.9000000357627869,35.125,0.0,0.0,0.0,0.0,0.0,snow covered,0.250752389431,-8.86382484436035,100.0,456.929077148438
arenacam6_1769615780182967480.png,1769615780182967480,1769615780.1829677,42.30098490095428,-83.69797827580649,237.8560791015625,-0.017739800657212923,-0.9995673420608557,-0.007735687305367783,-0.02214920540227267,0.029140000000000003,-0.022200000000000004,0.011460000000000001,1.0743,1.03,-11.329,9.167617972729404,20.507411347917316,25.829999923706055,26.619998931884766,25.649999618530273,25.739999771118164,20.974198090648613,21.61568456908058,20.828036183243064,20.90111713694584,21.079758994979525,0.027909307389025244,0.9000000357627869,34.900001525878906,0.0,0.0,0.0,0.0,0.0,snow covered,0.250752389431,-8.86382484436035,100.0,456.929077148438
arenacam6_1769615780203728201.png,1769615780203728201,1769615780.2037282,42.30098493764188,-83.6979804952495,237.85069274902344,-0.017814474837827443,-0.9995627484512557,-0.007292879151714397,-0.022444828101431124,0.050350000000000006,-0.041850000000000005,0.00023000000000000003,1.7869000000000002,0.5103,-10.272300000000001,9.210406713661767,20.603127194058555,25.979999542236328,26.76999855041504,25.889999389648438,25.829999923706055,21.09599916389168,21.737485642323648,21.022918210188905,20.974198090648613,21.20765027676321,0.029341326537992048,0.9000000357627869,34.85000228881836,0.0,0.0,0.0,0.0,0.0,snow covered,0.250752389431,-8.86382484436035,100.0,456.929077148438
arenacam6_1769615780224280977.png,1769615780224280977,1769615780.224281,42.300984969309376,-83.69798273219213,237.84628295898438,-0.017846600341183183,-0.9995522310331741,-0.00697648665117934,-0.022981839066358183,0.016560000000000002,-0.05864000000000001,0.0038200000000000005,1.5455,-1.5254,-11.0173,9.250833550912215,20.693559603377572,26.15999984741211,26.899999618530273,25.84000015258789,25.85999870300293,21.24216107129723,21.843047708243066,20.982318368702774,20.998557376026422,21.266521131067375,0.027687915403219677,0.800000011920929,34.97500228881836,0.0,0.0,0.0,0.0,0.0,snow covered,0.250752389431,-8.86382484436035,100.0,456.929077148438
arenacam6_1769615780245362299.png,1769615780245362299,1769615780.2453623,42.30098500802663,-83.69798497806855,237.84230041503906,-0.017964558724569146,-0.999534749783521,-0.006928864377800784,-0.02365479747238519,0.01106,-0.07455,0.011870000000000002,1.5803,2.2587,-11.1613,9.28840244899139,20.7775989742468,25.939998626708984,26.76999855041504,25.760000228881836,25.969999313354492,21.063518051675032,21.737485642323648,20.917357693054164,21.08787888583752,21.20156006822259,0.02040472022302855,0.6000000238418579,34.70000076293945,0.0,0.0,0.0,0.0,0.0,snow covered,0.250752389431,-8.86382484436035,100.0,456.929077148438
arenacam6_1769615780267498302.png,1769615780267498302,1769615780.2674983,42.30098504631401,-83.69798722571362,237.83843994140625,-0.017995394182509894,-0.9995152531334732,-0.006373149355669084,-0.024592834505916837,0.06462000000000001,-0.09545000000000001,-0.0037700000000000003,1.1029,0.5831000000000001,-11.233600000000001,9.324341777948204,20.857993096763458,26.19999885559082,26.69999885559082,25.969999313354492,26.029998779296875,21.274640634729195,21.680645244729195,21.08787888583752,21.136599005377807,21.294940942668426,0.020948700283766452,0.6000000238418579,34.75,0.0,0.0,0.0,0.0,0.0,snow covered,0.250752389431,-8.86382484436035,100.0,456.929077148438
arenacam6_1769615780307738167.png,1769615780307738167,1769615780.307738,42.30098512326869,-83.69799176449426,237.83216857910156,-0.01804491111472284,-0.9994661350248024,-0.005937332896656437,-0.026581463457067016,0.025260000000000005,-0.10814000000000001,0.0018300000000000002,1.353,1.5233,-9.6196,9.39553713522746,21.017252839275717,26.349998474121094,26.19999885559082,26.279998779296875,26.1299991607666,21.396441707972258,21.274640634729195,21.33960131037781,21.217800237134743,21.307120972553502,0.01379191350527497,0.6000000238418579,34.875,0.0,0.0,0.0,0.0,0.0,snow covered,0.250752389431,-8.86382484436035,100.0,456.929077148438
arenacam6_1769615780328219205.png,1769615780328219205,1769615780.3282192,42.300985156657426,-83.69799403681479,237.8289031982422,-0.017931951728587525,-0.9994404752149207,-0.005803039312906306,-0.02763161855754608,-0.0050100000000000006,-0.09864,-0.0075200000000000015,-0.0091,-1.9715,-9.1586,9.414451718123654,21.05956362633953,26.31999969482422,26.299999237060547,26.349998474121094,26.219999313354492,21.372082422594453,21.35584186648613,21.396441707972258,21.290881190837517,21.353811796972593,0.013972187451455252,0.6000000238418579,34.92499923706055,0.0,0.0,0.0,0.0,0.0,snow covered,0.250752389431,-8.86382484436035,100.0,456.929077148438
arenacam6_1769615780348649988.png,1769615780348649988,1769615780.34865,42.300985189828886,-83.69799632438342,237.8253173828125,-0.01800731635273428,-0.9994151719905191,-0.006261938347342989,-0.02838729788246473,-0.05806000000000001,-0.0718,0.010770000000000002,0.9678,-0.7757000000000001,-7.5026,9.437203995851318,21.11045910647965,26.260000228881836,26.510000228881836,26.619998931884766,26.279998779296875,21.323362303054164,21.526364608054163,21.61568456908058,21.33960131037781,21.451253197641677,0.016143376581394413,0.6000000238418579,34.79999923706055,0.0,0.0,0.0,0.0,0.0,snow covered,0.250752389431,-8.86382484436035,100.0,456.929077148438
arenacam6_1769615780369356670.png,1769615780369356670,1769615780.3693566,42.30098522470868,-83.69799861365617,237.8199462890625,-0.01800684257880003,-0.9993920740772926,-0.0068939613914417355,-0.02904667258332647,-0.062040000000000005,-0.06244,0.00022000000000000003,0.365,0.8150000000000001,-6.9809,9.46182341532486,21.165531270676794,26.420000076293945,26.279998779296875,26.920000076293945,26.44999885559082,21.453283654351388,21.33960131037781,21.859288264351388,21.477642939729197,21.532454042202446,0.017335863996666798,0.6000000238418579,35.10000228881836,0.0,0.0,0.0,0.0,0.0,snow covered,0.250752389431,-8.86382484436035,100.0,456.929077148438
arenacam6_1769615780390122214.png,1769615780390122214,1769615780.3901222,42.3009852566248,-83.6980009054597,237.81512451171875,-0.01804600375270521,-0.9993720440593665,-0.007319420425359,-0.029602117927569182,-0.04054000000000001,-0.06715000000000002,0.00256,1.6298000000000001,0.0747,-10.0312,9.498223854779722,21.246956869710953,26.59000015258789,26.6299991607666,26.59000015258789,26.68000030517578,21.591325283702773,21.623804847134743,21.591325283702773,21.664406237405547,21.61771541298646,0.01744995980125744,0.6000000238418579,35.22500228881836,0.0,0.0,0.0,0.0,0.0,snow covered,0.250752389431,-8.86382484436035,100.0,456.929077148438
arenacam6_1769615780410618799.png,1769615780410618799,1769615780.4106188,42.30098528922333,-83.69800320945747,237.8108367919922,-0.018065396947345047,-0.9993456232793015,-0.0075964572183839195,-0.030401652970987833,-0.01837,-0.07068000000000002,0.0030400000000000006,-0.1213,0.9171,-13.7535,9.516781154879451,21.28846843659604,26.619998931884766,26.619998931884766,26.459999084472656,26.739999771118164,21.61568456908058,21.61568456908058,21.485763217783358,21.71312635694584,21.60756467822259,0.014989159158016555,0.6000000238418579,34.85000228881836,0.0,0.0,0.0,0.0,0.0,snow covered,0.250752389431,-8.86382484436035,100.0,456.929077148438
arenacam6_1769615780431263639.png,1769615780431263639,1769615780.4312637,42.300985329414395,-83.69800551922366,237.80697631835938,-0.018086594772000586,-0.9993348400803717,-0.007441877233493738,-0.030779391714802245,0.0239,-0.03979,-0.0017200000000000004,0.5776,1.0274,-9.4909,9.540172662734484,21.34079383617728,26.69999885559082,26.90999984741211,26.849998474121094,27.099998474121094,21.680645244729195,21.851167986297227,21.80244631797226,22.00544862297226,21.83492704299274,0.023154396720603505,0.699999988079071,35.10000228881836,0.0,0.0,0.0,0.0,0.0,snow covered,0.250752389431,-8.86382484436035,100.0,456.929077148438
arenacam6_1769615780452098388.png,1769615780452098388,1769615780.4520984,42.30098537060581,-83.69800783044695,237.80235290527344,-0.018130766723965686,-0.9993334444476265,-0.0067149359544601255,-0.030965331284699794,0.08615,-0.019430000000000003,0.00022000000000000003,1.6478000000000002,1.2292,-7.2236,9.572616319602322,21.41336834997122,26.920000076293945,26.94999885559082,26.94999885559082,27.19999885559082,21.859288264351388,21.883647549729197,21.883647549729197,22.086649854729195,21.92830830463474,0.02404759243139876,1.0,35.275001525878906,0.0,0.0,0.0,0.0,0.0,snow covered,0.250752389431,-8.86382484436035,100.0,456.929077148438
arenacam6_1769615780472710655.png,1769615780472710655,1769615780.4727106,42.300985411957086,-83.69801015355293,237.7977294921875,-0.0181189560940056,-0.999323719653566,-0.0052965654552091825,-0.031555556756353784,0.10286000000000001,-0.020320000000000005,0.00459,-0.603,1.3864,-9.2398,9.599747552016844,21.474059289008558,27.099998474121094,27.079999923706055,27.119998931884766,27.229999542236328,22.00544862297226,21.989209615648612,22.02168917908058,22.111010688891678,22.031839526648284,0.025974606390568374,1.3000000715255737,35.17499923706055,0.0,0.0,0.0,0.0,0.0,snow covered,0.250752389431,-8.86382484436035,100.0,456.929077148438
arenacam6_1769615780493511477.png,1769615780493511477,1769615780.4935114,42.30098546219451,-83.69801247895728,237.79188537597656,-0.018104636113688177,-0.9993319550962179,-0.0040994952329913015,-0.031481102483817996,0.12141000000000002,0.0025400000000000006,-0.01207,1.4818,-0.2029,-8.265,9.63179623445036,21.54575026869139,27.28999900817871,27.079999923706055,27.219999313354492,27.260000228881836,22.15973080843197,21.989209615648612,22.102890410837517,22.13537152305416,22.096800589493064,0.025575824184800776,1.5,34.900001525878906,0.0,0.0,0.0,0.0,0.0,snow covered,0.250752389431,-8.86382484436035,100.0,456.929077148438
arenacam6_1769615780514005635.png,1769615780514005635,1769615780.5140057,42.30098550849765,-83.69801481178361,237.78555297851562,-0.018145660714634693,-0.9993354904825964,-0.0031469494744176107,-0.03145487510933049,0.08765000000000002,0.006090000000000001,0.005680000000000001,0.3855,-0.46990000000000004,-7.3260000000000005,9.658558840888286,21.605616613536643,27.28999900817871,27.260000228881836,27.40999984741211,27.40999984741211,22.15973080843197,22.13537152305416,22.257172596297227,22.257172596297227,22.202361881020146,0.027619913754723453,1.5,35.375,0.0,0.0,0.0,0.0,0.0,snow covered,0.250752389431,-8.86382484436035,100.0,456.929077148438
arenacam6_1769615780534998226.png,1769615780534998226,1769615780.5349982,42.30098555316952,-83.69801715179406,237.77891540527344,-0.018201253427548525,-0.9993430499818078,-0.002486036250099289,-0.031241037922694708,0.057440000000000005,0.01846,0.00128,0.7455,-0.1267,-8.214400000000001,9.68435155990264,21.66331337840861,27.439998626708984,27.260000228881836,27.639999389648438,27.439998626708984,22.281531881675036,22.13537152305416,22.443934345188907,22.281531881675036,22.285592407898285,0.02872501628074533,1.5,35.5,0.0,0.0,0.0,0.0,0.0,snow covered,0.250752389431,-8.86382484436035,100.0,456.929077148438
arenacam6_1769615780556034484.png,1769615780556034484,1769615780.5560346,42.30098559982611,-83.69801949656717,237.77076721191406,-0.01818384654812777,-0.9993557891070524,-0.001966449693875093,-0.03087859418005195,0.05092000000000001,0.04741,-0.0018600000000000003,0.8691000000000001,-1.0665,-8.6447,9.710734955414253,21.72233145116436,27.479999542236328,27.469999313354492,27.56999969482422,27.40999984741211,22.314012993891676,22.305892715837516,22.38709394759445,22.257172596297227,22.316043063405218,0.027331854942717577,1.3000000715255737,35.125,0.0,0.0,0.0,0.0,0.0,snow covered,0.250752389431,-8.86382484436035,100.0,456.929077148438
arenacam6_1769615780617958428.png,1769615780617958428,1769615780.6179583,42.300985774763504,-83.69802893975849,237.7347869873047,-0.018267864661899447,-0.9993874410052095,-0.00241872643911099,-0.029751935133132557,-0.045160000000000006,0.03669000000000001,0.00218,0.4672,-1.0658,-9.143500000000001,9.805850786672822,21.935099858739903,27.799999237060547,27.85999870300293,27.920000076293945,27.60999870300293,22.57385569648613,22.622575816026423,22.671297484351385,22.41957351102642,22.57182562697259,0.02902771231191761,0.699999988079071,34.125,0.0,0.0,0.0,0.0,0.0,snow covered,0.250752389431,-8.86382484436035,100.0,456.929077148438
arenacam6_1769615780638498517.png,1769615780638498517,1769615780.6384985,42.30098580793934,-83.69803132366006,237.7252655029297,-0.018357522871955967,-0.9993989947431265,-0.002991246005746637,-0.029252403452823688,-0.05559000000000001,0.053160000000000006,0.011030000000000002,1.2901,-0.0335,-9.4489,9.836280261602816,22.003168768389806,27.760000228881836,28.209999084472656,27.799999237060547,27.75,22.54137613305416,22.906779352783357,22.57385569648613,22.533255855,22.638816759330915,0.02888892948247954,0.699999988079071,34.20000076293945,0.0,0.0,0.0,0.0,0.0,snow covered,0.250752389431,-8.86382484436035,100.0,456.929077148438
arenacam6_1769615780659286258.png,1769615780659286258,1769615780.6592863,42.30098585001712,-83.69803371661287,237.71568298339844,-0.018388694753468382,-0.9994049527565776,-0.0034419787673496405,-0.028978424613002516,-0.03925000000000001,0.020470000000000002,0.0032300000000000002,1.2357,0.45070000000000005,-10.6193,9.87750736896856,22.095391333940533,27.809999465942383,28.510000228881836,27.809999465942383,27.779998779296875,22.581975974540292,23.15038304805416,22.581975974540292,22.557615140377806,22.71798753437814,0.02817764985593359,0.699999988079071,34.20000076293945,0.0,0.0,0.0,0.0,0.0,snow covered,0.250752389431,-8.86382484436035,100.0,456.929077148438
arenacam6_1769615780679877505.png,1769615780679877505,1769615780.6798775,42.30098589193987,-83.69803611018824,237.70606994628906,-0.01846247650266908,-0.9994093734715372,-0.0036779121486045247,-0.028749158958910632,-0.01617,0.021960000000000004,0.006870000000000001,0.8908,0.2656,-11.396600000000001,9.907410107342859,22.162281965519536,27.81999969482422,28.56999969482422,27.829999923706055,27.939998626708984,22.590096252594453,23.199103167594455,22.598216530648617,22.687536491675036,22.76873811062814,0.027364336671293017,0.699999988079071,34.32500076293945,0.0,0.0,0.0,0.0,0.0,snow covered,0.250752389431,-8.86382484436035,100.0,456.929077148438
arenacam6_1769615780700441260.png,1769615780700441260,1769615780.7004414,42.30098592970721,-83.69803851844789,237.6973876953125,-0.018549793246547153,-0.9994136249167707,-0.003629217937296708,-0.028550661610447687,0.013920000000000002,0.015450000000000002,0.007930000000000001,1.4742000000000002,1.0097,-10.6175,9.943117733401394,22.242157782554916,28.010000228881836,28.510000228881836,27.939998626708984,27.959999084472656,22.74437843805416,23.15038304805416,22.687536491675036,22.703777047783355,22.821518756391676,0.026047876267255302,0.9000000357627869,34.525001525878906,0.0,0.0,0.0,0.0,0.0,snow covered,0.250752389431,-8.86382484436035,100.0,456.929077148438
arenacam6_1769615780720921687.png,1769615780720921687,1769615780.7209215,42.30098597884904,-83.69804093475628,237.68881225585938,-0.018608661737836873,-0.9994175264540512,-0.003195833174419814,-0.028427313891998148,0.05037000000000001,0.013200000000000002,0.0023800000000000006,0.9486,0.5659000000000001,-10.4349,9.974881498817753,22.313211419965388,28.06999969482422,28.53999900817871,27.979999542236328,28.029998779296875,22.79309855759445,23.17474233343197,22.72001760389168,22.76061744537781,22.862118985073977,0.024600114917453713,1.100000023841858,34.625,0.0,0.0,0.0,0.0,0.0,snow covered,0.250752389431,-8.86382484436035,100.0,456.929077148438
arenacam6_1769615780741645703.png,1769615780741645703,1769615780.7416458,42.3009860300063,-83.69804335211936,237.6803741455078,-0.018662820115222578,-0.9994220172665111,-0.002590928264597286,-0.02829518755923076,0.06582000000000002,0.01811,0.005170000000000001,0.48450000000000004,0.8369000000000001,-10.822700000000001,9.9971603960846,22.363047976417487,28.469999313354492,28.56999969482422,28.139999389648438,28.18000030517578,23.117901935837516,23.199103167594455,22.849938955188904,22.88242006740555,23.012341031506605,0.02903419318215552,1.399999976158142,34.900001525878906,0.0,0.0,0.0,0.0,0.0,snow covered,0.250752389431,-8.86382484436035,100.0,456.929077148438
arenacam6_1769615780762455537.png,1769615780762455537,1769615780.7624555,42.30098607407329,-83.69804578420592,237.6726837158203,-0.018705539470226185,-0.9994295416919987,-0.0012939365313908175,-0.02808949473917118,0.08954000000000001,0.005750000000000001,-0.00272,2.0999000000000003,-0.8479,-10.9001,10.058423528792229,22.50008992849649,28.25,28.489999771118164,28.260000228881836,28.25,22.939260465,23.13414249194584,22.94738074305416,22.939260465,22.990011041250003,0.021774184650392266,1.399999976158142,35.04999923706055,0.0,0.0,0.0,0.0,0.0,snow covered,0.250752389431,-8.86382484436035,100.0,456.929077148438
arenacam6_1769615780783162734.png,1769615780783162734,1769615780.7831626,42.30098612596806,-83.69804822446325,237.66537475585938,-0.01875337239085556,-0.9994240780382525,-0.0008016779828795857,-0.028269781990147628,0.039450000000000006,-0.01683,0.00496,-0.1794,0.7824,-10.8413,10.081584715038778,22.551900112458846,28.229999542236328,28.489999771118164,28.279998779296875,28.389999389648438,22.923019908891682,23.13414249194584,22.96361975037781,23.052941260188906,23.01843085285106,0.020686981498932756,1.600000023841858,35.125,0.0,0.0,0.0,0.0,0.0,snow covered,0.250752389431,-8.86382484436035,100.0,456.929077148438
arenacam6_1769615780803672250.png,1769615780803672250,1769615780.8036723,42.3009861850248,-83.69805066513464,237.65780639648438,-0.018776562291460908,-0.9994275760129236,-7.667999840298145e-05,-0.028141697419038016,0.08538000000000001,0.013570000000000002,-0.0056700000000000006,0.771,1.6859000000000002,-9.692,10.099770372214085,22.592580336420575,28.439998626708984,28.44999885559082,28.420000076293945,28.40999984741211,23.093541101675036,23.101661379729194,23.07730209435139,23.069181816297224,23.085421598013212,0.02181429718313974,1.7000000476837158,35.150001525878906,0.0,0.0,0.0,0.0,0.0,snow covered,0.250752389431,-8.86382484436035,100.0,456.929077148438
arenacam6_1769615780824363605.png,1769615780824363605,1769615780.8243635,42.30098623276635,-83.6980531176632,237.65098571777344,-0.018677228749245378,-0.9994318750811442,0.0007913113974733401,-0.028043930257877023,0.07963,0.0035900000000000003,-0.0122,1.3604,-1.5210000000000001,-10.5347,10.137385479214778,22.676723073874708,28.5,28.549999237060547,28.469999313354492,28.510000228881836,23.142262770000002,23.18286261148613,23.117901935837516,23.15038304805416,23.148352591344448,0.020797957268045168,1.7000000476837158,34.70000076293945,0.0,0.0,0.0,0.0,0.0,snow covered,0.250752389431,-8.86382484436035,100.0,456.929077148438
arenacam6_1769615780845158115.png,1769615780845158115,1769615780.845158,42.300986286065594,-83.69805558033214,237.64468383789062,-0.018722505389609956,-0.9994302809607297,0.0011240341834437857,-0.028059184554214057,0.020410000000000005,0.00041000000000000005,0.0066900000000000015,0.2545,-0.5611,-11.5264,10.158187337328293,22.723255582363155,28.43000030517578,28.76999855041504,28.60999870300293,28.619998931884766,23.08542237240555,23.36150408232365,23.23158273102642,23.239703009080582,23.22955304870905,0.02228102678820645,1.600000023841858,35.04999923706055,0.0,0.0,0.0,0.0,0.0,snow covered,0.250752389431,-8.86382484436035,100.0,456.929077148438
arenacam6_1769615780866420953.png,1769615780866420953,1769615780.866421,42.30098634744823,-83.69805804219449,237.63780212402344,-0.01872709216727514,-0.9994363300656595,0.0014823874701111496,-0.027823024480333237,0.04828,0.03252000000000001,-0.0026800000000000005,0.108,1.8092000000000001,-9.1598,10.169609819720987,22.748806990126667,28.729999542236328,28.78999900817871,28.760000228881836,28.78999900817871,23.32902451889168,23.37774463843197,23.35338535305416,23.37774463843197,23.359474787202444,0.026843948227298974,1.5,34.92499923706055,0.0,0.0,0.0,0.0,0.0,snow covered,0.250752389431,-8.86382484436035,100.0,456.929077148438
arenacam6_1769615780907818210.png,1769615780907818210,1769615780.9078183,42.30098644919339,-83.69806299015517,237.6247100830078,-0.018708339629443238,-0.9994541458732361,0.002353552988032387,-0.02712690755397913,0.014150000000000003,0.035250000000000004,0.008530000000000001,-0.2831,-0.4778,-10.199900000000001,10.2205575992958,22.862774116168747,28.899999618530273,28.989999771118164,28.94999885559082,28.920000076293945,23.467066148243067,23.54014710194584,23.507665989729194,23.48330670435139,23.499546486067374,0.027851929370561173,1.399999976158142,34.775001525878906,0.0,0.0,0.0,0.0,0.0,snow covered,0.250752389431,-8.86382484436035,100.0,456.929077148438
arenacam6_1769615780928136896.png,1769615780928136896,1769615780.928137,42.30098651038247,-83.69806546857772,237.61782836914062,-0.01876884088514652,-0.9994700723499534,0.0026984123605617114,-0.026457960226353123,0.045610000000000005,0.07060000000000001,0.00253,0.9713,1.3664,-9.5618,10.239353905486308,22.90482032533854,29.01999855041504,28.989999771118164,29.010000228881836,29.03999900817871,23.56450638732365,23.54014710194584,23.55638765805416,23.58074694343197,23.560447022688905,0.02862396159576395,1.399999976158142,34.650001525878906,0.0,0.0,0.0,0.0,0.0,snow covered,0.250752389431,-8.86382484436035,100.0,456.929077148438
arenacam6_1769615780949263795.png,1769615780949263795,1769615780.9492638,42.30098655844486,-83.69806795427873,237.611083984375,-0.01878116081296599,-0.9994851658802288,0.003322448744231661,-0.025799855004066605,0.06198000000000001,0.06268000000000001,0.00177,1.0782,-1.2076,-9.2992,10.275522653259362,22.985727643982,28.959999084472656,29.1299991607666,29.03999900817871,29.10999870300293,23.515786267783355,23.653827897134743,23.58074694343197,23.63758734102642,23.59698711234412,0.026593000571037296,1.399999976158142,35.10000228881836,0.0,0.0,0.0,0.0,0.0,snow covered,0.250752389431,-8.86382484436035,100.0,456.929077148438
arenacam6_1769615780969356908.png,1769615780969356908,1769615780.9693568,42.30098661292459,-83.69807044808556,237.60398864746094,-0.018851137799999307,-0.9995002221113913,0.003634219874123372,-0.025114399232934664,0.027190000000000002,0.07445000000000002,0.00595,-0.0719,-0.0692,-9.4369,10.289811252612457,23.017690383418913,29.10999870300293,29.28999900817871,29.239999771118164,29.19999885559082,23.63758734102642,23.78374924843197,23.74314940694584,23.710668294729196,23.71878857278336,0.030459102441898023,1.5,34.900001525878906,0.0,0.0,0.0,0.0,0.0,snow covered,0.250752389431,-8.86382484436035,100.0,456.929077148438
arenacam6_1769615780990103495.png,1769615780990103495,1769615780.9901035,42.30098667338515,-83.69807294624744,237.59686279296875,-0.018907793350601165,-0.9995190541166918,0.0041571447342946335,-0.02422548154201943,0.06459000000000001,0.08539000000000002,0.0011,1.4599,1.1579000000000002,-9.6953,10.32039076451167,23.086094916766736,29.19999885559082,29.389999389648438,29.31999969482422,29.26999855041504,23.710668294729196,23.864950480188906,23.808110082594453,23.76750869232365,23.78780938745905,0.03039554646302171,1.5,34.775001525878906,0.0,0.0,0.0,0.0,0.0,snow covered,0.250752389431,-8.86382484436035,100.0,456.929077148438
arenacam6_1769615781010854972.png,1769615781010854972,1769615781.010855,42.30098672347148,-83.69807544959896,237.58990478515625,-0.018917710713522495,-0.9995322229852666,0.004915239476356378,-0.023522241737996503,0.07526000000000001,0.06621,-0.0012900000000000001,0.7246,-0.7253000000000001,-10.363100000000001,10.352046161306808,23.15690614007365,29.34000015258789,29.51999855041504,29.299999237060547,29.349998474121094,23.824350638702775,23.97051099732365,23.79186952648613,23.83246936797226,23.854800132621207,0.030137618053381984,1.5,34.875,0.0,0.0,0.0,0.0,0.0,snow covered,0.250752389431,-8.86382484436035,100.0,456.929077148438
arenacam6_1769615781031367821.png,1769615781031367821,1769615781.031368,42.30098678249681,-83.69807796252756,237.58311462402344,-0.018986950128439706,-0.999546796011408,0.005542481888827246,-0.022693153211077788,0.06242000000000001,0.08513000000000001,0.0065000000000000014,0.6042000000000001,0.7023,-10.471300000000001,10.36940091380188,23.195727680119976,29.3799991607666,29.349998474121094,29.59000015258789,29.5,23.856830202134745,23.83246936797226,24.027352943702773,23.95427199,23.917731125952443,0.031126570193840648,1.5,34.42499923706055,0.0,0.0,0.0,0.0,0.0,snow covered,0.250752389431,-8.86382484436035,100.0,456.929077148438
arenacam6_1769615781052068714.png,1769615781052068714,1769615781.0520687,42.300986843168,-83.69808048009634,237.5760498046875,-0.01901060049884945,-0.9995604235040623,0.006353204465746362,-0.021844761982432903,0.08663000000000001,0.08245000000000001,-0.006850000000000001,1.3744,-0.4378,-9.3506,10.403057831118604,23.27101618474245,29.549999237060547,29.559999465942383,29.60999870300293,29.549999237060547,23.99487183148613,24.002992109540294,24.043591951026425,23.99487183148613,24.009081930884747,0.03171609440185113,1.5,34.775001525878906,0.0,0.0,0.0,0.0,0.0,snow covered,0.250752389431,-8.86382484436035,100.0,456.929077148438
arenacam6_1769615781072841825.png,1769615781072841825,1769615781.0728416,42.30098689460676,-83.69808300181155,237.56915283203125,-0.018995088156920414,-0.9995754518170236,0.006839513171284176,-0.02100770835393368,0.036460000000000006,0.08629,0.0033900000000000007,0.4127,-1.0843,-9.2814,10.42495872131768,23.32000716206437,29.559999465942383,29.779998779296875,29.69999885559082,29.59000015258789,24.002992109540294,24.18163358037781,24.116672904729196,24.027352943702773,24.082162884587518,0.03268248235201992,1.5,34.275001525878906,0.0,0.0,0.0,0.0,0.0,snow covered,0.250752389431,-8.86382484436035,100.0,456.929077148438
arenacam6_1769615781093548705.png,1769615781093548705,1769615781.0935488,42.30098695520094,-83.69808553651887,237.56253051757812,-0.019051094351719533,-0.9995898036844032,0.007155559544154266,-0.020151380642240143,0.036370000000000006,0.07966000000000001,-0.00185,1.7153,0.6211,-10.5938,10.459727391686599,23.397782591559423,29.729999542236328,29.829999923706055,29.76999855041504,29.670000076293945,24.14103373889168,24.222234970648614,24.17351330232365,24.092313619351387,24.157273907803834,0.032459969797240175,1.5,34.17499923706055,0.0,0.0,0.0,0.0,0.0,snow covered,0.250752389431,-8.86382484436035,100.0,456.929077148438
arenacam6_1769615781114118927.png,1769615781114118927,1769615781.1141188,42.30098701226982,-83.69808807105277,237.5563201904297,-0.01899991892648245,-0.9995998460450308,0.007559060240265035,-0.01954511386054644,0.03715000000000001,0.05908000000000001,-0.0029600000000000004,0.7569,-1.0233,-12.169500000000001,10.488100095607333,23.46125062786787,29.8799991607666,29.85999870300293,29.689998626708984,29.69999885559082,24.262834812134745,24.246594256026423,24.108552626675035,24.116672904729196,24.18366364989135,0.030791752472282132,1.5,34.025001525878906,0.0,0.0,0.0,0.0,0.0,snow covered,0.250752389431,-8.86382484436035,100.0,456.929077148438
arenacam6_1769615781134921564.png,1769615781134921564,1769615781.1349216,42.30098706195694,-83.69809061588708,237.55014038085938,-0.019056992248470905,-0.9996171802200076,0.007551218298497222,-0.018582334558689986,-0.009510000000000001,0.05578000000000001,0.00321,1.4396,0.6097,-9.931000000000001,10.53318914875958,23.562112134426258,29.760000228881836,30.10999870300293,29.760000228881836,29.76999855041504,24.165394573054165,24.44959656102642,24.165394573054165,24.17351330232365,24.238474752364596,0.028705517318632672,1.5,33.97500228881836,0.0,0.0,0.0,0.0,0.0,snow covered,0.250752389431,-8.86382484436035,100.0,456.929077148438
arenacam6_1769615781155656734.png,1769615781155656734,1769615781.1556568,42.30098712215922,-83.6980931731291,237.54481506347656,-0.01902829910901549,-0.9996233907158296,0.007859410671944258,-0.01814470255184487,0.04381000000000001,0.04105,-0.006020000000000001,1.5149000000000001,0.38770000000000004,-11.2966,10.569019940233122,23.64226346510508,29.829999923706055,30.15999984741211,29.760000228881836,29.78999900817871,24.222234970648614,24.49019795129723,24.165394573054165,24.18975385843197,24.266895338357998,0.026420138417577687,1.8000000715255737,34.025001525878906,0.0,0.0,0.0,0.0,0.0,snow covered,0.250752389431,-8.86382484436035,100.0,456.929077148438
arenacam6_1769615781176384623.png,1769615781176384623,1769615781.1763844,42.300987175759175,-83.6980957313117,237.54013061523438,-0.01901870413334905,-0.9996251190850243,0.00815757027978476,-0.01792663477815707,0.02211,0.022320000000000003,0.0029700000000000004,0.6183000000000001,-0.5790000000000001,-12.2422,10.595016810496375,23.700416904071762,29.939998626708984,30.079999923706055,29.849998474121094,29.8799991607666,24.311554931675033,24.425237275648612,24.23847397797226,24.262834812134745,24.309525249357662,0.025700321971182487,2.1000001430511475,34.20000076293945,0.0,0.0,0.0,0.0,0.0,snow covered,0.250752389431,-8.86382484436035,100.0,456.929077148438
arenacam6_1769615781196814898.png,1769615781196814898,1769615781.1968148,42.30098723001996,-83.69809829808861,237.53546142578125,-0.019075751269310937,-0.999624555933236,0.008627261555110592,-0.017675781364680142,0.05809000000000001,0.022460000000000004,-8e-05,1.5179,0.4555,-10.604800000000001,10.62444758264529,23.76625177552256,30.01999855041504,30.01999855041504,29.979999542236328,29.85999870300293,24.376515607323647,24.376515607323647,24.344036043891677,24.246594256026423,24.33591537864135,0.023969433989818333,2.5,34.150001525878906,0.0,0.0,0.0,0.0,0.0,snow covered,0.250752389431,-8.86382484436035,100.0,456.929077148438
arenacam6_1769615781342266585.png,1769615781342266585,1769615781.3422666,42.300987693367745,-83.69811909314383,237.51788330078125,-0.01881316271286454,-0.9995980112485855,0.01082164422566998,-0.018242062187837655,-0.042210000000000004,-0.010960000000000001,-0.0073100000000000005,0.8995000000000001,-2.0148,-10.1745,10.796468877115194,24.151053089974063,30.639999389648438,30.67999839782715,30.389999389648438,30.369998931884766,24.879962005188904,24.912441568620874,24.676959700188903,24.660719144080584,24.782520604519817,0.026146583016203886,6.200000286102295,32.900001525878906,0.0,0.0,0.0,0.0,0.0,snow covered,0.250752389431,-8.86382484436035,100.0,456.929077148438
arenacam6_1769615781362747646.png,1769615781362747646,1769615781.3627477,42.30098774454134,-83.69812171774919,237.51657104492188,-0.01878904988872354,-0.9995969121492831,0.010442882838097625,-0.018545377427463827,-0.025730000000000003,-0.03554000000000001,-0.0026600000000000005,0.9848,2.1331,-10.385,10.82811490625343,24.22184335839455,30.760000228881836,30.639999389648438,30.479999542236328,30.549999237060547,24.97740379305416,24.879962005188904,24.750040653891677,24.806881051486133,24.853571875905217,0.02608094306297825,6.300000190734863,32.900001525878906,0.0,0.0,0.0,0.0,0.0,snow covered,0.250752389431,-8.86382484436035,100.0,456.929077148438
arenacam6_1769615781383425560.png,1769615781383425560,1769615781.3834255,42.300987796081145,-83.69812435347309,237.51571655273438,-0.018650077664772946,-0.9995928492055662,0.010558009037638141,-0.018837167126655865,0.011050000000000003,-0.027730000000000005,-0.019110000000000002,0.8038000000000001,-1.6232,-9.8276,10.850945410290494,24.27291382609522,30.869998931884766,30.619998931884766,30.60999870300293,30.529998779296875,25.06672375408058,24.863721449080582,24.85560117102642,24.790640495377808,24.894171717391345,0.025594697684306264,6.300000190734863,32.5,0.0,0.0,0.0,0.0,0.0,snow covered,0.250752389431,-8.86382484436035,100.0,456.929077148438
arenacam6_1769615781404091625.png,1769615781404091625,1769615781.4040916,42.300987853767055,-83.6981269919893,237.51483154296875,-0.018524885777957356,-0.999595058335353,0.01021279035303456,-0.01903278412794134,-0.05281000000000001,-0.016550000000000002,-0.00538,0.6662,-2.3928000000000003,-9.1697,10.864862133228792,24.304044700304814,30.869998931884766,30.85999870300293,30.649999618530273,30.809999465942383,25.06672375408058,25.058603476026423,24.88808228324307,25.018003634540293,25.00785328697259,0.028958496223426923,6.300000190734863,31.725000381469727,0.0,0.0,0.0,0.0,0.0,snow covered,0.250752389431,-8.86382484436035,100.0,456.929077148438
arenacam6_1769615781424702389.png,1769615781424702389,1769615781.4247024,42.30098790431563,-83.69812963339831,237.51296997070312,-0.01857583794775186,-0.9995919910942341,0.009837962969031007,-0.019339184817959265,-0.016810000000000002,-0.029330000000000002,0.00396,1.2609000000000001,3.2327000000000004,-8.9331,10.895498976818338,24.372577481204015,30.889999389648438,30.709999084472656,30.639999389648438,30.829999923706055,25.082964310188903,24.936802402783357,24.879962005188904,25.034244190648614,24.983493227202445,0.0250657012566506,6.300000190734863,31.575000762939453,0.0,0.0,0.0,0.0,0.0,snow covered,0.250752389431,-8.86382484436035,100.0,456.929077148438
arenacam6_1769615781445084302.png,1769615781445084302,1769615781.4450843,42.30098795944283,-83.69813228191778,237.51100158691406,-0.01838515615952424,-0.9995857107761563,0.010348264347509305,-0.01957820906289955,0.05861000000000001,-0.016880000000000003,-0.025200000000000004,-0.14,-0.8344,-8.8566,10.909254448073554,24.40334764507366,30.969999313354492,30.829999923706055,30.709999084472656,30.869998931884766,25.147924985837516,25.034244190648614,24.936802402783357,25.06672375408058,25.046423833337517,0.026351966034204217,6.300000190734863,31.475000381469727,0.0,0.0,0.0,0.0,0.0,snow covered,0.250752389431,-8.86382484436035,100.0,456.929077148438
arenacam6_1769615781467083367.png,1769615781467083367,1769615781.4670832,42.30098802087618,-83.69813493431063,237.5088348388672,-0.018294811759771268,-0.999585117114587,0.01062079772389115,-0.019547177837222075,0.016580000000000004,0.00858,-0.0032900000000000004,0.0128,-1.1839,-8.421000000000001,10.914142270394146,24.414281410335484,31.03999900817871,30.90999984741211,30.799999237060547,30.90999984741211,25.204765383431972,25.099204866297228,25.00988335648613,25.099204866297228,25.10326461812814,0.028220499150181166,6.300000190734863,31.649999618530273,0.0,0.0,0.0,0.0,0.0,snow covered,0.250752389431,-8.86382484436035,100.0,456.929077148438
arenacam6_1769615781486629469.png,1769615781486629469,1769615781.4866295,42.30098807294558,-83.69813758646487,237.50579833984375,-0.01809438013321174,-0.9995843255336092,0.011197894480556372,-0.019451907729489168,0.05818,0.006340000000000001,-0.020070000000000005,0.6504,0.7185,-9.3551,10.951972472992441,24.498905303735715,31.059999465942383,31.189998626708984,30.90999984741211,30.899999618530273,25.22100593954029,25.326566456675035,25.099204866297228,25.091084588243067,25.184465462688905,0.02798329763937057,6.200000286102295,30.92500114440918,0.0,0.0,0.0,0.0,0.0,snow covered,0.250752389431,-8.86382484436035,100.0,456.929077148438
arenacam6_1769615781507291166.png,1769615781507291166,1769615781.507291,42.30098812942559,-83.6981402480077,237.5028533935547,-0.017918282701031962,-0.999584229085805,0.011721243059852114,-0.019311047851284173,0.04485,0.015410000000000002,-0.01793,0.1333,-1.2901,-9.2334,10.9666471496535,24.531731674945902,31.1299991607666,31.0,30.829999923706055,30.869998931884766,25.277846337134743,25.172285820000003,25.034244190648614,25.06672375408058,25.137775025465984,0.024704466792249732,6.200000286102295,30.200000762939453,0.0,0.0,0.0,0.0,0.0,snow covered,0.250752389431,-8.86382484436035,100.0,456.929077148438
arenacam6_1769615781549400869.png,1769615781549400869,1769615781.5494008,42.30098823815757,-83.69814557792898,237.49655151367188,-0.017574459868722636,-0.9995939849121889,0.012125326840663187,-0.0188674358803882,0.00031,0.009250000000000001,-0.02135,1.2321,-1.1579000000000002,-9.882200000000001,11.011195983332568,24.631384742955955,31.40999984741211,31.189998626708984,31.059999465942383,31.099998474121094,25.505209476297228,25.326566456675035,25.22100593954029,25.25348550297226,25.326566843871205,0.028223427475552607,6.0,29.100000381469727,0.0,0.0,0.0,0.0,0.0,snow covered,0.250752389431,-8.86382484436035,100.0,456.929077148438
arenacam6_1769615781569830708.png,1769615781569830708,1769615781.5698307,42.30098829174995,-83.69814825290717,237.49334716796875,-0.01743089489383165,-0.9996010405867756,0.012129475235273671,-0.01862255061886945,0.007090000000000001,0.029250000000000005,-0.016200000000000003,0.1695,-0.4555,-9.065000000000001,11.022870231577858,24.657499335825776,31.35999870300293,31.279998779296875,31.25,31.059999465942383,25.464608086026423,25.399647410377806,25.375288125,25.22100593954029,25.36513739023613,0.028698695061189754,5.700000286102295,28.92500114440918,0.0,0.0,0.0,0.0,0.0,snow covered,0.250752389431,-8.86382484436035,100.0,456.929077148438
arenacam6_1769615781590214852.png,1769615781590214852,1769615781.590215,42.30098833735948,-83.69815093005576,237.49063110351562,-0.017206004289233134,-0.9996124185358575,0.011864508068361873,-0.01839020319593912,-0.04458000000000001,0.01699,-0.02213,0.6634,-2.0691,-10.3321,11.04411689915643,24.705026856398987,31.510000228881836,31.399999618530273,31.19999885559082,31.15999984741211,25.58641070805416,25.497089198243067,25.334686734729196,25.302207171297226,25.430098453080912,0.029349152336344057,5.599999904632568,28.524999618530273,0.0,0.0,0.0,0.0,0.0,snow covered,0.250752389431,-8.86382484436035,100.0,456.929077148438
arenacam6_1769615781610839523.png,1769615781610839523,1769615781.6108396,42.300988383022265,-83.69815361068575,237.48715209960938,-0.01714276916097507,-0.9996229399201071,0.011372191266455249,-0.01818726798545436,-0.04225000000000001,0.020540000000000003,-0.004730000000000001,1.0702,0.7127,-10.517100000000001,11.06722395646661,24.756715957178418,31.469999313354492,31.209999084472656,31.31999969482422,31.25,25.553929595837516,25.342807012783357,25.432128522594454,25.375288125,25.42603831405383,0.02703599128548132,5.5,28.375,0.0,0.0,0.0,0.0,0.0,snow covered,0.250752389431,-8.86382484436035,100.0,456.929077148438
arenacam6_1769615781631695617.png,1769615781631695617,1769615781.6316955,42.30098842828576,-83.69815630008644,237.48434448242188,-0.016940674003015965,-0.9996313115058508,0.011128113135305588,-0.01806708940211587,-0.02391,0.016210000000000002,-0.02202,0.3544,-1.2808000000000002,-9.469000000000001,11.087652707418128,24.80241384733191,31.399999618530273,31.439998626708984,31.309999465942383,31.389999389648438,25.497089198243067,25.529568761675037,25.424008244540293,25.488968920188906,25.484908781161828,0.02751727868226572,5.200000286102295,28.325000762939453,0.0,0.0,0.0,0.0,0.0,snow covered,0.250752389431,-8.86382484436035,100.0,456.929077148438
arenacam6_1769615781652104445.png,1769615781652104445,1769615781.6521044,42.300988470356536,-83.69815898711877,237.48138427734375,-0.016856592189640807,-0.9996440378483654,0.010643291377213997,-0.017730573668881942,-0.05766,0.045040000000000004,-0.00534,0.2948,-1.3585,-8.7824,11.093040070963747,24.814465056341646,31.469999313354492,31.729999542236328,31.439998626708984,31.389999389648438,25.553929595837516,25.76505217889168,25.529568761675037,25.488968920188906,25.584379864148286,0.03102685494361999,4.900000095367432,28.399999618530273,0.0,0.0,0.0,0.0,0.0,snow covered,0.250752389431,-8.86382484436035,100.0,456.929077148438
arenacam6_1769615781672829817.png,1769615781672829817,1769615781.6728296,42.300988511731916,-83.69816168120596,237.4775390625,-0.01671405263481135,-0.9996585069917389,0.010099512326962413,-0.017364034506014352,-0.012270000000000001,0.022340000000000006,-0.010590000000000002,1.0191000000000001,0.5302,-10.0935,11.121283563627687,24.87764405482132,31.579999923706055,31.78999900817871,31.389999389648438,31.44999885559082,25.643251105648613,25.81377229843197,25.488968920188906,25.537689039729198,25.620920340999675,0.029877277950453904,4.599999904632568,28.274999618530273,0.0,0.0,0.0,0.0,0.0,snow covered,0.250752389431,-8.86382484436035,100.0,456.929077148438
arenacam6_1769615781714326935.png,1769615781714326935,1769615781.714327,42.30098859811833,-83.69816708577115,237.470703125,-0.016568338904277224,-0.9996685533635836,0.00999831354114032,-0.0169796139015519,1e-05,0.019030000000000002,-0.006860000000000001,0.5830000000000001,0.3457,-10.793800000000001,11.165910700135841,24.97747228156187,31.619998931884766,31.779998779296875,31.399999618530273,31.44999885559082,25.675730669080583,25.805652020377806,25.497089198243067,25.537689039729198,25.629040231857665,0.02608622453669089,3.799999952316284,28.649999618530273,0.0,0.0,0.0,0.0,0.0,snow covered,0.250752389431,-8.86382484436035,100.0,456.929077148438
arenacam6_1769615781734855489.png,1769615781734855489,1769615781.7348554,42.3009886403061,-83.69816979476583,237.4671630859375,-0.016489158401735482,-0.9996687551233765,0.010273269928024378,-0.016880391294836223,0.033960000000000004,0.0026300000000000004,-0.008870000000000001,0.9809,0.2841,-11.148100000000001,11.193834299603463,25.03993569815497,31.670000076293945,31.670000076293945,31.420000076293945,31.579999923706055,25.716332059351387,25.716332059351387,25.513329754351386,25.643251105648613,25.647311244675695,0.02425627421101878,3.5,28.399999618530273,0.0,0.0,0.0,0.0,0.0,snow covered,0.250752389431,-8.86382484436035,100.0,456.929077148438
arenacam6_1769615781755929115.png,1769615781755929115,1769615781.755929,42.30098868769798,-83.69817251192069,237.46473693847656,-0.01642501232416388,-0.9996657167763674,0.010678388147140247,-0.016871446254601588,0.044800000000000006,0.0019300000000000003,-0.007320000000000001,0.41700000000000004,0.0838,-9.9031,11.210072096329752,25.076258675163878,31.60999870300293,31.510000228881836,31.469999313354492,31.42999839782715,25.66761039102642,25.58641070805416,25.553929595837516,25.521448483620873,25.582349794634744,0.020182082424126183,2.799999952316284,28.325000762939453,0.0,0.0,0.0,0.0,0.0,snow covered,0.250752389431,-8.86382484436035,100.0,456.929077148438
arenacam6_1769615781818085522.png,1769615781818085522,1769615781.8180857,42.30098886583015,-83.69818340998506,237.45660400390625,-0.016201148400495358,-0.9996550318036586,0.011724099127655225,-0.017026029477731654,0.037720000000000004,-0.015300000000000001,-0.012560000000000002,-0.461,-1.472,-10.124,11.259807895867862,25.18751467458266,31.670000076293945,31.59000015258789,31.65999984741211,31.639999389648438,25.716332059351387,25.651371383702777,25.708211781297226,25.691971225188905,25.691971612385075,0.02002805534090572,2.1000001430511475,27.024999618530273,0.0,0.0,0.0,0.0,0.0,snow covered,0.250752389431,-8.86382484436035,100.0,456.929077148438
arenacam6_1769615781838574344.png,1769615781838574344,1769615781.8385744,42.300988909371455,-83.69818614536707,237.45449829101562,-0.01615383053029734,-0.9996577077749369,0.011660242343118599,-0.01695758809080156,-0.022220000000000004,0.006840000000000001,-0.0004300000000000001,0.7942,-1.1589,-9.845,11.269574064876213,25.209361008684198,31.729999542236328,31.739999771118164,31.689998626708984,31.619998931884766,25.76505217889168,25.77317245694584,25.732571066675035,25.675730669080583,25.736631592898284,0.02091566636823721,2.0,23.950000762939453,0.0,0.0,0.0,0.0,0.0,snow covered,0.250752389431,-8.86382484436035,100.0,456.929077148438
arenacam6_1769615781859773532.png,1769615781859773532,1769615781.8597734,42.30098895179878,-83.69818888846017,237.4535369873047,-0.016129780087581258,-0.9996567592316599,0.011618017946044284,-0.017065039577667338,0.00604,-0.01165,-0.007480000000000001,0.8929,0.4963,-10.3124,11.294215109478568,25.26448154699699,31.799999237060547,31.65999984741211,31.809999465942383,31.760000228881836,25.821892576486132,25.708211781297226,25.830012854540293,25.789413013054162,25.78738255634445,0.02069708053873024,2.0,19.350000381469727,0.0,0.0,0.0,0.0,0.0,snow covered,0.250752389431,-8.86382484436035,100.0,456.929077148438
arenacam6_1769615781879865387.png,1769615781879865387,1769615781.8798654,42.30098899005305,-83.698191629859,237.4524383544922,-0.016055084260781782,-0.9996578845590045,0.011539651179370372,-0.017122632947468245,-0.017450000000000004,0.0036800000000000005,-0.00429,-0.11960000000000001,-1.4512,-9.7514,11.30154166920723,25.280870621516424,31.90999984741211,31.920000076293945,31.760000228881836,31.69999885559082,25.911214086297225,25.919334364351386,25.789413013054162,25.740691344729196,25.84016320210799,0.022123153469072215,2.0,12.52500057220459,0.0,0.0,0.0,0.0,0.0,snow covered,0.250752389431,-8.86382484436035,100.0,456.929077148438
arenacam6_1769615781900574636.png,1769615781900574636,1769615781.9005747,42.300989029604125,-83.69819437605835,237.45071411132812,-0.016046419723682703,-0.9996608291681324,0.011206519554530576,-0.017180016309872488,-0.036710000000000007,-0.006960000000000001,0.0015500000000000002,0.6458,-0.32780000000000004,-10.6503,11.316618943981156,25.31459758054921,32.0,31.94999885559082,31.76999855041504,31.899999618530273,25.98429504,25.943693649729195,25.797531742323645,25.903093808243067,25.907153560073976,0.02340767921114662,2.0,4.5,0.0,0.0,0.0,0.0,0.0,snow covered,0.250752389431,-8.86382484436035,100.0,456.929077148438
arenacam6_1769615781921155153.png,1769615781921155153,1769615781.921155,42.300989071942524,-83.69819713071206,237.45005798339844,-0.016037466383192867,-0.9996607377650693,0.010967050635581087,-0.017347416042789172,-0.015190000000000002,-0.020690000000000004,0.0011500000000000002,0.7107,1.0401,-10.093200000000001,11.340492516853255,25.368001330649722,32.099998474121094,31.959999084472656,31.869998931884766,31.84000015258789,26.06549472297226,25.951813927783355,25.87873297408058,25.854373688702776,25.937603828384745,0.022453581987431807,2.0,0.0,0.0,0.0,0.0,0.0,0.0,snow covered,0.250752389431,-8.86382484436035,100.0,456.929077148438
arenacam6_1769615781941824884.png,1769615781941824884,1769615781.9418247,42.30098910621339,-83.69819988597955,237.44935607910156,-0.015974078761279376,-0.9996597516143624,0.010959290725877396,-0.017467219493244517,-0.007530000000000001,-0.008430000000000002,-0.009780000000000002,0.3849,-2.172,-9.2559,11.354085124618733,25.39840717866463,31.920000076293945,31.989999771118164,31.84000015258789,31.90999984741211,25.919334364351386,25.976174761945842,25.854373688702776,25.911214086297225,25.915274225324307,0.02035037248689592,2.0,0.0,0.0,0.0,0.0,0.0,0.0,snow covered,0.250752389431,-8.86382484436035,100.0,456.929077148438
arenacam6_1769615781962603813.png,1769615781962603813,1769615781.9626038,42.30098914739846,-83.69820264344968,237.4475555419922,-0.015973259748860602,-0.9996618127837023,0.010474737450125716,-0.017646385192114755,-0.05217000000000001,-0.016100000000000003,0.006640000000000001,0.057800000000000004,0.6647000000000001,-9.3612,11.36581137559688,25.424638098527687,31.889999389648438,32.040000915527344,31.90999984741211,31.959999084472656,25.894973530188906,26.016776152216647,25.911214086297225,25.951813927783355,25.94369442412153,0.02041548530926394,2.0,0.0,0.0,0.0,0.0,0.0,0.0,snow covered,0.250752389431,-8.86382484436035,100.0,456.929077148438
arenacam6_1769615781983159907.png,1769615781983159907,1769615781.9831598,42.30098918937946,-83.6982054095578,237.4466094970703,-0.015912215145851893,-0.9996568132352681,0.01057040197338585,-0.01792550595050636,0.01699,-0.016840000000000004,-0.014050000000000002,0.3486,-1.1985000000000001,-9.590900000000001,11.394555286129131,25.488936501753702,31.809999465942383,31.959999084472656,31.90999984741211,31.939998626708984,25.830012854540293,25.951813927783355,25.911214086297225,25.935573371675037,25.907153560073976,0.01640778768041181,2.0,0.0,0.0,0.0,0.0,0.0,0.0,snow covered,0.250752389431,-8.86382484436035,100.0,456.929077148438
arenacam6_1769615782003969003.png,1769615782003969003,1769615782.003969,42.300989227206614,-83.69820817248312,237.44544982910156,-0.01590320701189052,-0.9996551921728738,0.010414702122386555,-0.018114048367329827,-0.023990000000000004,-0.008350000000000002,0.00458,-0.7077,-0.9756,-8.964500000000001,11.392201748893479,25.48367178016978,31.959999084472656,32.11000061035156,31.939998626708984,31.959999084472656,25.951813927783355,26.073616549811096,25.935573371675037,25.951813927783355,25.978204444263213,0.019405863815835856,1.899999976158142,0.0,0.0,0.0,0.0,0.0,0.0,snow covered,0.250752389431,-8.86382484436035,100.0,456.929077148438
arenacam6_1769615782024768270.png,1769615782024768270,1769615782.0247684,42.30098926768469,-83.69821093987335,237.44351196289062,-0.015878776991285648,-0.9996540993055741,0.010320370990739933,-0.018249277394894667,0.0023000000000000004,-0.020780000000000003,-0.006,0.5281,1.6894,-9.8145,11.409148675722872,25.52158103867152,31.939998626708984,31.969999313354492,31.85999870300293,31.969999313354492,25.935573371675037,25.959934205837516,25.87061269602642,25.959934205837516,25.93151361984412,0.0160621938175167,1.8000000715255737,0.0,0.0,0.0,0.0,0.0,0.0,snow covered,0.250752389431,-8.86382484436035,100.0,456.929077148438
arenacam6_1769615782066281101.png,1769615782066281101,1769615782.0662813,42.30098934602542,-83.69821647994037,237.44102478027344,-0.015779792951235383,-0.9996497969047708,0.010503750641404224,-0.018464910103485745,-0.026890000000000004,-0.00075,-0.0027700000000000003,-0.28850000000000003,-1.9994,-9.023900000000001,11.413209871164177,25.530665689201996,32.02000045776367,32.0,31.989999771118164,31.969999313354492,26.00053559610832,25.98429504,25.976174761945842,25.959934205837516,25.98023490097292,0.0176089890190786,1.3000000715255737,0.0,0.0,0.0,0.0,0.0,0.0,snow covered,0.250752389431,-8.86382484436035,100.0,456.929077148438
arenacam6_1769615782086662611.png,1769615782086662611,1769615782.0866628,42.300989385179705,-83.69821925066996,237.43869018554688,-0.015801082898250385,-0.9996503795954887,0.010115362625128022,-0.018631258486748074,-0.03191000000000001,-0.021430000000000005,0.00477,0.1961,1.9434,-9.9381,11.425122348259519,25.55731318571565,31.92999839782715,32.029998779296875,32.02000045776367,32.02000045776367,25.927453093620873,26.00865432537781,26.00053559610832,26.00053559610832,25.984294652803833,0.016706821409021546,0.9000000357627869,0.0,0.0,0.0,0.0,0.0,0.0,snow covered,0.250752389431,-8.86382484436035,100.0,456.929077148438
arenacam6_1769615782107583604.png,1769615782107583604,1769615782.1075835,42.30098942208114,-83.6982220249607,237.43756103515625,-0.01570313338151552,-0.9996488530001695,0.010113524034406227,-0.01879624773866481,-0.004370000000000001,-0.014740000000000001,-0.013850000000000001,-0.11220000000000001,-1.9287,-10.3658,11.431385734084301,25.571324004002538,31.920000076293945,32.05999755859375,32.119998931884766,32.040000915527344,25.919334364351386,26.033013610755617,26.081735279080583,26.016776152216647,26.012714851601057,0.017261165183681183,0.6000000238418579,0.0,0.0,0.0,0.0,0.0,0.0,snow covered,0.250752389431,-8.86382484436035,100.0,456.929077148438
arenacam6_1769615782129187996.png,1769615782129187996,1769615782.129188,42.300989456869914,-83.6982247971848,237.43609619140625,-0.015703035890163475,-0.9996511175990297,0.009657543657281347,-0.018915327048475938,-0.05158,0.0002800000000000001,0.0048000000000000004,-0.7201000000000001,-0.2349,-9.22,11.424519566327167,25.555964798699893,31.920000076293945,31.989999771118164,32.0,32.11000061035156,25.919334364351386,25.976174761945842,25.98429504,26.073616549811096,25.988355179027078,0.01691935263383919,0.30000001192092896,0.0,0.0,0.0,0.0,0.0,0.0,snow covered,0.250752389431,-8.86382484436035,100.0,456.929077148438
arenacam6_1769615782149374958.png,1769615782149374958,1769615782.149375,42.30098949329062,-83.69822757143619,237.43368530273438,-0.01567401948393571,-0.9996520097081151,0.009431473403010423,-0.019006101893658135,-0.011790000000000002,-0.011120000000000001,-0.006300000000000001,0.2647,0.8574,-9.1926,11.435750545133589,25.58108782443113,31.959999084472656,31.869998931884766,32.06999969482422,31.959999084472656,25.951813927783355,25.87873297408058,26.041135437594452,25.951813927783355,25.955874066810438,0.01465091105396111,0.0,0.0,0.0,0.0,0.0,0.0,0.0,snow covered,0.250752389431,-8.86382484436035,100.0,456.929077148438
arenacam6_1769615782169778078.png,1769615782169778078,1769615782.169778,42.30098952716488,-83.69823034343112,237.4321746826172,-0.015628409642807206,-0.9996525839547459,0.009318108685939278,-0.01906926991662869,-0.02086,0.00384,0.0027100000000000006,-1.327,-1.5528000000000002,-9.937100000000001,11.42220380573722,25.55078458120582,31.989999771118164,31.969999313354492,32.04999923706055,32.0,25.976174761945842,25.959934205837516,26.02489488148613,25.98429504,25.98632472231737,0.017046057420558244,-0.10000000149011612,0.0,0.0,0.0,0.0,0.0,0.0,snow covered,0.250752389431,-8.86382484436035,100.0,456.929077148438
arenacam6_1769615782190567576.png,1769615782190567576,1769615782.1905677,42.30098956549692,-83.69823311744288,237.4303436279297,-0.015690857224756882,-0.9996585833540115,0.00902252832768984,-0.018844301758862023,-0.0267,0.027770000000000003,0.0032900000000000004,-0.2592,0.1938,-8.8123,11.41727204714116,25.53975253313195,32.029998779296875,31.90999984741211,32.029998779296875,32.029998779296875,26.00865432537781,25.911214086297225,26.00865432537781,26.00865432537781,25.984294265607666,0.017405874700587878,-0.10000000149011612,0.0,0.0,0.0,0.0,0.0,0.0,snow covered,0.250752389431,-8.86382484436035,100.0,456.929077148438
arenacam6_1769615782210943390.png,1769615782210943390,1769615782.2109435,42.300989599909684,-83.69823588879191,237.42767333984375,-0.015700193051488565,-0.9996606625425806,0.008943018940792503,-0.018763957879389365,-0.0014500000000000003,0.0008100000000000001,0.0029400000000000003,-0.155,0.2645,-10.0755,11.427183598491878,25.561924078810424,31.969999313354492,31.85999870300293,31.920000076293945,32.0099983215332,25.959934205837516,25.87061269602642,25.919334364351386,25.992413769269486,25.935573758871204,0.014617431728095803,-0.10000000149011612,0.0,0.0,0.0,0.0,0.0,0.0,snow covered,0.250752389431,-8.86382484436035,100.0,456.929077148438
arenacam6_1769615782231909594.png,1769615782231909594,1769615782.2319095,42.30098963099628,-83.6982386597302,237.42611694335938,-0.015768119026957683,-0.999662043461322,0.008844562367362403,-0.018679909036580938,-0.020770000000000004,0.012090000000000002,0.007930000000000001,-0.8882,-1.8397000000000001,-10.478100000000001,11.417945872303962,25.541259839591625,31.920000076293945,31.959999084472656,32.040000915527344,31.989999771118164,25.919334364351386,25.951813927783355,26.016776152216647,25.976174761945842,25.966024801574306,0.016630540727057306,-0.10000000149011612,0.0,0.0,0.0,0.0,0.0,0.0,snow covered,0.250752389431,-8.86382484436035,100.0,456.929077148438
arenacam6_1769615782252082088.png,1769615782252082088,1769615782.252082,42.300989667909455,-83.69824143217174,237.4239959716797,-0.01589459131956167,-0.9996675804756366,0.00846060616216434,-0.018452876635893994,-0.032920000000000005,0.024940000000000004,0.011860000000000002,-0.25120000000000003,0.9959,-8.9776,11.414884801216976,25.534412407234303,32.040000915527344,31.959999084472656,32.07999801635742,32.07999801635742,26.016776152216647,25.951813927783355,26.04925416686394,26.04925416686394,26.01677460343197,0.018890671479129297,-0.10000000149011612,0.0,0.0,0.0,0.0,0.0,0.0,snow covered,0.250752389431,-8.86382484436035,100.0,456.929077148438
arenacam6_1769615782272826307.png,1769615782272826307,1769615782.2728264,42.300989700837874,-83.6982442023633,237.42135620117188,-0.015955984406684165,-0.9996677016108599,0.008486129010304641,-0.018381472522484125,0.00854,-0.0023000000000000004,0.006360000000000001,-0.22190000000000001,0.06810000000000001,-9.966800000000001,11.421397486331962,25.54898089307542,32.040000915527344,31.92999839782715,32.099998474121094,31.849998474121094,26.016776152216647,25.927453093620873,26.06549472297226,25.862492417972263,25.96805409669551,0.016402736585617497,-0.10000000149011612,0.0,0.0,0.0,0.0,0.0,0.0,snow covered,0.250752389431,-8.86382484436035,100.0,456.929077148438
arenacam6_1769615782293558514.png,1769615782293558514,1769615782.2935586,42.300989731527714,-83.69824697188865,237.41983032226562,-0.016099988315891656,-0.9996707336731223,0.008105589287627887,-0.018262366658510613,-0.04565,0.011490000000000002,0.012900000000000002,-0.46530000000000005,-0.42810000000000004,-10.3076,11.41126405179977,25.526313008032982,31.989999771118164,31.869998931884766,32.14999771118164,32.04999923706055,25.976174761945842,25.87873297408058,26.10609456445839,26.02489488148613,25.996474295492735,0.018418691618793358,-0.10000000149011612,0.0,0.0,0.0,0.0,0.0,0.0,snow covered,0.250752389431,-8.86382484436035,100.0,456.929077148438
arenacam6_1769615782314490135.png,1769615782314490135,1769615782.31449,42.30098976916451,-83.6982497439537,237.4179229736328,-0.01621184118761404,-0.9996710410039175,0.007827350372777589,-0.01826796566651784,-0.014770000000000002,-0.007540000000000001,0.009210000000000001,-0.0238,1.5108000000000001,-9.482800000000001,11.419694723933763,25.54517191575639,31.969999313354492,31.76999855041504,32.06999969482422,31.8799991607666,25.959934205837516,25.797531742323645,26.041135437594452,25.886853252134745,25.92136365947259,0.014726530123062565,-0.20000000298023224,0.0,0.0,0.0,0.0,0.0,0.0,snow covered,0.250752389431,-8.86382484436035,100.0,456.929077148438
arenacam6_1769615782335017707.png,1769615782335017707,1769615782.3350177,42.3009898016788,-83.69825251300915,237.41561889648438,-0.01624745832055252,-0.9996698830203179,0.007693461952706847,-0.018356353762344374,-0.024020000000000003,-0.008490000000000001,0.004900000000000001,-0.8229000000000001,-1.8948,-10.3782,11.412917342398787,25.530011319905544,32.07999801635742,31.84000015258789,32.05999755859375,31.969999313354492,26.04925416686394,25.854373688702776,26.033013610755617,25.959934205837516,25.97414391803996,0.017396490450755493,-0.30000001192092896,0.0,0.0,0.0,0.0,0.0,0.0,snow covered,0.250752389431,-8.86382484436035,100.0,456.929077148438
arenacam6_1769615782356044777.png,1769615782356044777,1769615782.3560448,42.30098983030531,-83.69825528036894,237.4147491455078,-0.016403876642172632,-0.9996715383007474,0.007219954930492842,-0.018319404830048073,-0.04607000000000001,0.010350000000000002,0.021370000000000004,-0.6038,0.8114,-9.4649,11.403673796901609,25.509334063241088,31.94999885559082,31.76999855041504,31.959999084472656,31.899999618530273,25.943693649729195,25.797531742323645,25.951813927783355,25.903093808243067,25.89903328201982,0.015276730384753025,-0.4000000059604645,0.0,0.0,0.0,0.0,0.0,0.0,snow covered,0.250752389431,-8.86382484436035,100.0,456.929077148438
arenacam6_1769615782397645904.png,1769615782397645904,1769615782.3976457,42.30098990195351,-83.69826081565724,237.4112548828125,-0.016553897610135704,-0.999670116336284,0.007124437594746531,-0.01829943625011603,-0.004530000000000001,0.0015400000000000001,0.006790000000000001,-1.05,-0.8502000000000001,-10.2279,11.392817195316004,25.485048496890183,31.989999771118164,31.760000228881836,31.969999313354492,31.829999923706055,25.976174761945842,25.789413013054162,25.959934205837516,25.846253410648615,25.892943847871532,0.016005280548362397,-0.4000000059604645,0.0,0.0,0.0,0.0,0.0,0.0,snow covered,0.250752389431,-8.86382484436035,100.0,456.929077148438
arenacam6_1769615782438837736.png,1769615782438837736,1769615782.4388378,42.30099001296426,-83.69826910125298,237.40756225585938,-0.01677348051126948,-0.9996687504340103,0.007315100160541838,-0.01809776414046191,0.020760000000000004,0.009960000000000002,0.005140000000000001,-0.8567,0.2843,-9.9209,11.37568539094597,25.44672567842268,31.889999389648438,31.959999084472656,31.920000076293945,31.829999923706055,25.894973530188906,25.951813927783355,25.919334364351386,25.846253410648615,25.903093808243064,0.01793425745958964,-0.4000000059604645,0.0,0.0,0.0,0.0,0.0,0.0,snow covered,0.250752389431,-8.86382484436035,100.0,456.929077148438
arenacam6_1769615782459622815.png,1769615782459622815,1769615782.4596229,42.30099005069478,-83.69827186053972,237.40689086914062,-0.016822202575596967,-0.9996714600213004,0.00738079469627602,-0.017874825566662114,-0.0004900000000000001,0.025490000000000006,0.0029600000000000004,-0.024200000000000003,-0.7761,-10.0721,11.373788057836306,25.44248145809635,31.90999984741211,31.85999870300293,31.989999771118164,31.84000015258789,25.911214086297225,25.87061269602642,25.976174761945842,25.854373688702776,25.903093808243067,0.01810406547432665,-0.4000000059604645,0.0,0.0,0.0,0.0,0.0,0.0,snow covered,0.250752389431,-8.86382484436035,100.0,456.929077148438
arenacam6_1769615782479787933.png,1769615782479787933,1769615782.479788,42.30099009134145,-83.6982746158634,237.4062957763672,-0.016923479001042963,-0.9996703154162057,0.007383575053358057,-0.017842061360629023,0.006360000000000001,0.0014900000000000002,0.013120000000000001,-0.7352000000000001,1.0311000000000001,-10.250300000000001,11.370664909877087,25.435495163500452,32.0,31.719999313354492,31.989999771118164,31.799999237060547,25.98429504,25.756931900837518,25.976174761945842,25.821892576486132,25.884823569817375,0.01766540825836574,-0.4000000059604645,0.0,0.0,0.0,0.0,0.0,0.0,snow covered,0.250752389431,-8.86382484436035,100.0,456.929077148438
arenacam6_1769615782500863082.png,1769615782500863082,1769615782.500863,42.30099012998678,-83.69827737436611,237.40469360351562,-0.016963956417651638,-0.9996724977866186,0.0075201166341204734,-0.01762297357235819,0.0068800000000000016,0.03354000000000001,0.00117,-0.5008,-1.141,-9.997300000000001,11.358926182035814,25.409236333643197,31.849998474121094,31.739999771118164,31.90999984741211,31.760000228881836,25.862492417972263,25.77317245694584,25.911214086297225,25.789413013054162,25.83407299356737,0.016719772855261623,-0.4000000059604645,0.0,0.0,0.0,0.0,0.0,0.0,snow covered,0.250752389431,-8.86382484436035,100.0,456.929077148438
arenacam6_1769615782521644601.png,1769615782521644601,1769615782.5216446,42.30099016981558,-83.69828012949368,237.40426635742188,-0.017029434354989215,-0.999673430279769,0.007338187700862375,-0.017583576413682054,-0.01674,0.0031300000000000004,0.0076700000000000015,-0.5603,0.46490000000000004,-10.2727,11.360838879677061,25.413514923504806,31.90999984741211,31.6299991607666,31.869998931884766,31.8799991607666,25.911214086297225,25.683850947134744,25.87873297408058,25.886853252134745,25.84016281491182,0.016788228338001792,-0.4000000059604645,0.0,0.0,0.0,0.0,0.0,0.0,snow covered,0.250752389431,-8.86382484436035,100.0,456.929077148438
arenacam6_1769615782542080347.png,1769615782542080347,1769615782.5420802,42.300990206828516,-83.69828288441752,237.40365600585938,-0.017072670335915585,-0.9996743009728337,0.007228224391254794,-0.01753763593609416,-0.012310000000000001,0.006680000000000001,0.0023800000000000006,-0.5014000000000001,-0.16290000000000002,-10.143500000000001,11.355985355549983,25.40265788124398,31.76999855041504,31.619998931884766,31.809999465942383,31.76999855041504,25.797531742323645,25.675730669080583,25.830012854540293,25.797531742323645,25.77520175206704,0.01466554691106277,-0.4000000059604645,0.0,0.0,0.0,0.0,0.0,0.0,snow covered,0.250752389431,-8.86382484436035,100.0,456.929077148438
arenacam6_1769615782563187193.png,1769615782563187193,1769615782.5631871,42.30099024719821,-83.69828563714748,237.40216064453125,-0.017103160143903562,-0.9996759934639239,0.007082195661220829,-0.017470904659604006,-0.013950000000000002,0.010160000000000002,0.004130000000000001,-0.7539,-0.20140000000000002,-9.5545,11.345981189680014,25.38027916244281,31.76999855041504,31.69999885559082,31.899999618530273,31.799999237060547,25.797531742323645,25.740691344729196,25.903093808243067,25.821892576486132,25.815802367945512,0.01715990603236464,-0.4000000059604645,0.0,0.0,0.0,0.0,0.0,0.0,snow covered,0.250752389431,-8.86382484436035,100.0,456.929077148438
arenacam6_1769615782583805138.png,1769615782583805138,1769615782.583805,42.30099028488826,-83.69828838712218,237.40113830566406,-0.017159871626472256,-0.9996791584545097,0.006929279943689307,-0.01729462450903242,-0.01668,0.024250000000000004,0.003980000000000001,-0.34440000000000004,-0.32280000000000003,-9.2905,11.339382940227356,25.365519274312184,31.85999870300293,31.459999084472656,31.829999923706055,31.829999923706055,25.87061269602642,25.545809317783355,25.846253410648615,25.846253410648615,25.777232208776752,0.016231204652747314,-0.4000000059604645,0.0,0.0,0.0,0.0,0.0,0.0,snow covered,0.250752389431,-8.86382484436035,100.0,456.929077148438
arenacam6_1769615782604204756.png,1769615782604204756,1769615782.604205,42.30099032422442,-83.69829113429063,237.4001922607422,-0.017228704756337865,-0.999679982385606,0.006934474128260252,-0.01717607692396544,0.010980000000000002,0.01959,0.008360000000000001,-1.2047,1.2491,-9.798,11.328062107198797,25.34019525007728,31.78999900817871,31.469999313354492,31.739999771118164,31.760000228881836,25.81377229843197,25.553929595837516,25.77317245694584,25.789413013054162,25.732571841067372,0.015484355472316113,-0.4000000059604645,0.0,0.0,0.0,0.0,0.0,0.0,snow covered,0.250752389431,-8.86382484436035,100.0,456.929077148438
arenacam6_1769615782624791312.png,1769615782624791312,1769615782.6247914,42.30099036426981,-83.69829388232992,237.39852905273438,-0.017277011057370617,-0.9996815866400437,0.007119539591749845,-0.016957074564023285,0.011320000000000002,0.02075,0.00262,-0.2393,-1.4703000000000002,-9.6804,11.326593298065927,25.336909612175596,31.69999885559082,31.549999237060547,31.709999084472656,31.69999885559082,25.740691344729196,25.61889027148613,25.748811622783357,25.740691344729196,25.712271145931968,0.014814811257644188,-0.30000001192092896,0.0,0.0,0.0,0.0,0.0,0.0,snow covered,0.250752389431,-8.86382484436035,100.0,456.929077148438
arenacam6_1769615782645566991.png,1769615782645566991,1769615782.645567,42.30099040344619,-83.69829662845258,237.39773559570312,-0.017368793920615633,-0.9996825586053577,0.006999914705908146,-0.01685550984391177,-0.011760000000000001,0.014150000000000003,0.013200000000000002,-0.9587,0.6917,-9.612,11.319566133448186,25.321190266555586,31.739999771118164,31.469999313354492,31.76999855041504,31.689998626708984,25.77317245694584,25.553929595837516,25.797531742323645,25.732571066675035,25.71430121544551,0.015524979068979509,-0.30000001192092896,0.0,0.0,0.0,0.0,0.0,0.0,snow covered,0.250752389431,-8.86382484436035,100.0,456.929077148438
arenacam6_1769615782666213726.png,1769615782666213726,1769615782.6662138,42.300990438288544,-83.69829937616511,237.3970184326172,-0.01742092188526989,-0.9996825412385575,0.007068385440796466,-0.01677397242001289,0.010400000000000001,0.00048,-0.00064,-0.223,0.019700000000000002,-9.9981,11.32216652463272,25.32700718561192,31.69999885559082,31.40999984741211,31.760000228881836,31.670000076293945,25.740691344729196,25.505209476297228,25.789413013054162,25.716332059351387,25.687911473357993,0.014249780287941037,-0.20000000298023224,0.0,0.0,0.0,0.0,0.0,0.0,snow covered,0.250752389431,-8.86382484436035,100.0,456.929077148438
arenacam6_1769615782686933273.png,1769615782686933273,1769615782.6869333,42.30099047972775,-83.69830212036206,237.39588928222656,-0.01747454465844611,-0.9996789782904607,0.007081366842602234,-0.016924387633259045,-0.0027800000000000004,-0.022430000000000002,0.009070000000000002,-1.0546,-0.5685,-10.575700000000001,11.315534060860507,25.312170762101307,31.739999771118164,31.31999969482422,31.729999542236328,31.619998931884766,25.77317245694584,25.432128522594454,25.76505217889168,25.675730669080583,25.66152095687814,0.013801668693698033,-0.20000000298023224,0.0,0.0,0.0,0.0,0.0,0.0,snow covered,0.250752389431,-8.86382484436035,100.0,456.929077148438
arenacam6_1769615782707618627.png,1769615782707618627,1769615782.7076185,42.30099052152097,-83.69830486052176,237.39564514160156,-0.01756441454131147,-0.9996769763357787,0.007030712941899683,-0.016970662965961867,-0.0032600000000000003,-0.012910000000000001,0.007690000000000001,-1.3025,0.8641000000000001,-10.0287,11.298245373549761,25.273497005908403,31.889999389648438,31.420000076293945,31.639999389648438,31.65999984741211,25.894973530188906,25.513329754351386,25.691971225188905,25.708211781297226,25.702121572756607,0.016959448340211878,-0.10000000149011612,0.0,0.0,0.0,0.0,0.0,0.0,snow covered,0.250752389431,-8.86382484436035,100.0,456.929077148438
arenacam6_1769615782728155449.png,1769615782728155449,1769615782.7281554,42.300990556924674,-83.69830760739086,237.3955535888672,-0.01760525441991828,-0.99967594744013,0.007256016814805553,-0.016893944076855117,0.029530000000000004,-0.00037000000000000005,0.0016100000000000003,0.9018,-0.3866,-9.661800000000001,11.30837801792697,25.296163123421557,31.35999870300293,31.209999084472656,31.670000076293945,31.6299991607666,25.464608086026423,25.342807012783357,25.716332059351387,25.683850947134744,25.55189952632398,0.01010969140476631,0.20000000298023224,0.0,0.0,0.0,0.0,0.0,0.0,snow covered,0.250752389431,-8.86382484436035,100.0,456.929077148438
arenacam6_1769615782748902023.png,1769615782748902023,1769615782.748902,42.300990600786754,-83.69831034592045,237.3948211669922,-0.017678156003274548,-0.9996687447093235,0.007069665606852465,-0.017317721553853156,-0.034420000000000006,-0.054520000000000006,0.00935,-1.3254000000000001,-0.8312,-10.5183,11.30912376148003,25.29783130700514,31.599998474121094,31.170000076293945,31.6299991607666,31.59000015258789,25.65949011297226,25.310327449351387,25.683850947134744,25.651371383702777,25.57625997329029,0.011006029050721539,0.4000000059604645,0.0,0.0,0.0,0.0,0.0,0.0,snow covered,0.250752389431,-8.86382484436035,100.0,456.929077148438
arenacam6_1769615782769660962.png,1769615782769660962,1769615782.769661,42.30099064390696,-83.69831308369167,237.3945770263672,-0.017757873100844035,-0.9996674289165256,0.006923037753245982,-0.017371270955937417,-0.0032300000000000002,0.007450000000000001,0.004980000000000001,-0.8991,1.1835,-9.4481,11.281986694379905,25.237127316126184,31.549999237060547,31.209999084472656,31.6299991607666,31.559999465942383,25.61889027148613,25.342807012783357,25.683850947134744,25.62701054954029,25.56813969523613,0.01311608785594365,0.5,0.0,0.0,0.0,0.0,0.0,0.0,snow covered,0.250752389431,-8.86382484436035,100.0,456.929077148438
arenacam6_1769615782790353932.png,1769615782790353932,1769615782.790354,42.3009906809317,-83.6983158214801,237.39451599121094,-0.017822686437080404,-0.9996580596168421,0.0072176804358095375,-0.017720631489382587,0.014220000000000002,-0.040040000000000006,0.007250000000000001,-0.9535,-1.3039,-9.7155,11.285290631400915,25.244518025005966,31.67999839782715,31.170000076293945,31.639999389648438,31.549999237060547,25.72445078862087,25.310327449351387,25.691971225188905,25.61889027148613,25.586409933661827,0.013543213949151223,1.100000023841858,0.0,0.0,0.0,0.0,0.0,0.0,snow covered,0.250752389431,-8.86382484436035,100.0,456.929077148438
arenacam6_1769615782810899902.png,1769615782810899902,1769615782.8109,42.30099072744317,-83.69831855384679,237.3934783935547,-0.01786595299134569,-0.9996570976170607,0.00729803611048921,-0.017698406043352977,0.012950000000000003,0.011250000000000001,0.003980000000000001,-1.953,1.1093,-9.5653,11.249028509434263,25.163401833893882,31.579999923706055,31.170000076293945,31.510000228881836,31.489999771118164,25.643251105648613,25.310327449351387,25.58641070805416,25.57017015194584,25.527539853750003,0.014470937684015544,1.100000023841858,0.0,0.0,0.0,0.0,0.0,0.0,snow covered,0.250752389431,-8.86382484436035,100.0,456.929077148438
arenacam6_1769615782832089951.png,1769615782832089951,1769615782.83209,42.30099077174914,-83.69832128430448,237.3925323486328,-0.01790381845312644,-0.9996560311101603,0.007749561482998519,-0.017527608128341875,0.05474000000000001,0.004790000000000001,0.0,0.6878000000000001,0.0033,-10.0653,11.258822754463457,25.18531097236949,31.510000228881836,31.3799991607666,31.510000228881836,31.489999771118164,25.58641070805416,25.48084864213474,25.58641070805416,25.57017015194584,25.555960052547228,0.014716875268459986,1.600000023841858,0.0,0.0,0.0,0.0,0.0,0.0,snow covered,0.250752389431,-8.86382484436035,100.0,456.929077148438
arenacam6_1769615782873692179.png,1769615782873692179,1769615782.8736923,42.300990859277704,-83.69832673233914,237.39060974121094,-0.017942222837504296,-0.9996566148509487,0.008200177052334053,-0.017247785965212897,0.018430000000000005,0.05083000000000001,-0.0041,-0.7339,0.29860000000000003,-9.1387,11.215601069487498,25.088626656379365,31.439998626708984,31.329999923706055,31.579999923706055,31.469999313354492,25.529568761675037,25.44024880064861,25.643251105648613,25.553929595837516,25.541749565952443,0.01806088933360813,2.200000047683716,0.0,0.0,0.0,0.0,0.0,0.0,snow covered,0.250752389431,-8.86382484436035,100.0,456.929077148438
arenacam6_1769615782894286231.png,1769615782894286231,1769615782.8942864,42.30099090815007,-83.69832945593834,237.3895721435547,-0.01793545400941482,-0.9996575702828028,0.008573877008313517,-0.01701617756154728,0.047310000000000005,0.024070000000000005,0.0033400000000000005,0.5549000000000001,1.7422000000000002,-9.9289,11.232067239040179,25.12546048969854,31.469999313354492,30.889999389648438,31.709999084472656,31.469999313354492,25.553929595837516,25.082964310188903,25.748811622783357,25.553929595837516,25.484908781161824,0.014306137458083934,2.6000001430511475,0.0,0.0,0.0,0.0,0.0,0.0,snow covered,0.250752389431,-8.86382484436035,100.0,456.929077148438
arenacam6_1769615782915011504.png,1769615782915011504,1769615782.9150116,42.30099095121689,-83.69833217134148,237.38876342773438,-0.017831951812723346,-0.9996529474927998,0.0092191357975937,-0.01705912068812274,0.06148000000000001,0.0033300000000000005,-0.013610000000000002,-1.8804,-1.3541,-10.215300000000001,11.215328247548875,25.088016370071983,31.35999870300293,31.25,31.3799991607666,31.469999313354492,25.464608086026423,25.375288125,25.48084864213474,25.553929595837516,25.468668612249672,0.015172671946745738,2.799999952316284,0.0,0.0,0.0,0.0,0.0,0.0,snow covered,0.250752389431,-8.86382484436035,100.0,456.929077148438
arenacam6_1769615782935499676.png,1769615782935499676,1769615782.9354997,42.30099100237997,-83.69833489022038,237.3873748779297,-0.017865025978387017,-0.9996561552953775,0.00958708351373827,-0.01662828483506831,0.030480000000000004,0.059960000000000006,0.00423,-0.6823,-0.5505,-8.7003,11.191749188991011,25.035271430821552,31.439998626708984,31.35999870300293,31.459999084472656,31.309999465942383,25.529568761675037,25.464608086026423,25.545809317783355,25.424008244540293,25.490998602506277,0.018203404462540297,3.1000001430511475,0.0,0.0,0.0,0.0,0.0,0.0,snow covered,0.250752389431,-8.86382484436035,100.0,456.929077148438
arenacam6_1769615782956460565.png,1769615782956460565,1769615782.9564605,42.30099105048196,-83.69833760603584,237.38589477539062,-0.01774908029045802,-0.9996586274716026,0.009866282507956556,-0.016439438552082984,0.03389,0.01226,-0.016300000000000002,-0.1252,0.7506,-9.736600000000001,11.200991445755536,25.05594580466839,31.44999885559082,31.229999542236328,31.42999839782715,31.399999618530273,25.537689039729198,25.35904756889168,25.521448483620873,25.497089198243067,25.4788185726212,0.01687714250539373,3.1000001430511475,0.0,0.0,0.0,0.0,0.0,0.0,snow covered,0.250752389431,-8.86382484436035,100.0,456.929077148438
arenacam6_1769615782977193435.png,1769615782977193435,1769615782.9771934,42.30099109556939,-83.69834031514932,237.38531494140625,-0.017661662268967426,-0.999655987973783,0.010294064783570768,-0.016431787008375016,0.043210000000000005,-0.00016,-0.007500000000000001,-1.5819,-0.9437000000000001,-12.4097,11.183986344780632,25.017906414093588,31.34000015258789,31.25,31.479999542236328,31.35999870300293,25.448369078702775,25.375288125,25.562049873891677,25.464608086026423,25.46257879090522,0.0177741642106843,3.299999952316284,0.0,0.0,0.0,0.0,0.0,0.0,snow covered,0.250752389431,-8.86382484436035,100.0,456.929077148438
arenacam6_1769615783080535970.png,1769615783080535970,1769615783.0805361,42.30099131538597,-83.69835387667766,237.37942504882812,-0.01741155137977507,-0.9996658266789409,0.010238353000322598,-0.016132234088929984,0.038200000000000005,-0.023200000000000005,-0.016280000000000003,0.7275,0.6716000000000001,-9.5751,11.18247555959239,25.014526878274605,31.26999855041504,31.01999855041504,31.10999870300293,31.25,25.391527132323645,25.188524827323647,25.26160578102642,25.375288125,25.304236466418427,0.011581653714803531,2.700000047683716,0.0,0.0,0.0,0.0,0.0,0.0,snow covered,0.250752389431,-8.86382484436035,100.0,456.929077148438
arenacam6_1769615783101004908.png,1769615783101004908,1769615783.1010048,42.30099134544774,-83.69835658240854,237.37899780273438,-0.0172832863581609,-0.9996611527564652,0.010396639439153893,-0.016455320435937698,0.00395,-0.025540000000000004,-0.00661,-2.0816,-1.9147,-10.4932,11.162306740350846,24.969410439760424,31.189998626708984,31.049999237060547,30.969999313354492,31.170000076293945,25.326566456675035,25.212885661486133,25.147924985837516,25.310327449351387,25.24942613833752,0.01121434962401868,2.6000001430511475,0.0,0.0,0.0,0.0,0.0,0.0,snow covered,0.250752389431,-8.86382484436035,100.0,456.929077148438
arenacam6_1769615783121440564.png,1769615783121440564,1769615783.1214404,42.30099139040202,-83.6983592925551,237.37835693359375,-0.01729827862079908,-0.9996595220269533,0.010323083209009577,-0.016584436398635254,-0.0033400000000000005,-0.015330000000000002,0.0004300000000000001,0.0108,0.7365,-10.704500000000001,11.156400851492824,24.95619932073836,31.099998474121094,30.969999313354492,31.15999984741211,31.26999855041504,25.25348550297226,25.147924985837516,25.302207171297226,25.391527132323645,25.27378619810766,0.01272577099131395,2.5,0.0,0.0,0.0,0.0,0.0,0.0,snow covered,0.250752389431,-8.86382484436035,100.0,456.929077148438
arenacam6_1769615783141989624.png,1769615783141989624,1769615783.1419897,42.30099143373488,-83.69836200084168,237.3783721923828,-0.017248516656594326,-0.9996456907156006,0.010848132290553668,-0.01712599581581727,0.051530000000000006,-0.023970000000000005,0.0027800000000000004,-2.2391,-0.4847,-9.983,11.140556433815094,24.920756309058337,31.219999313354492,31.059999465942383,31.03999900817871,31.189998626708984,25.350927290837518,25.22100593954029,25.204765383431972,25.326566456675035,25.275816267621206,0.014247559510616042,2.4000000953674316,0.0,28.0,0.0,0.0,0.0,0.0,snow covered,0.250752389431,-8.86382484436035,100.0,456.929077148438
arenacam6_1769615783162678502.png,1769615783162678502,1769615783.1626785,42.30099147050169,-83.69836470126681,237.37823486328125,-0.01725763594346008,-0.9996421055218389,0.011181429952511474,-0.017111706335862193,0.030900000000000004,0.005540000000000001,-0.0014700000000000002,-1.0182,0.3062,-7.5815,11.124331189850585,24.88446141182437,31.059999465942383,31.139999389648438,31.229999542236328,31.139999389648438,25.22100593954029,25.285966615188908,25.35904756889168,25.285966615188908,25.28799668470245,0.016216355507952952,2.299999952316284,0.0,124.0,0.0,0.0,0.0,0.0,snow covered,0.250752389431,-8.86382484436035,100.0,456.929077148438
arenacam6_1769615783204247692.png,1769615783204247692,1769615783.2042477,42.30099160429537,-83.6983727953726,237.37603759765625,-0.01717135346954718,-0.9996353528055475,0.011529433859645883,-0.017360247585456862,0.00203,-0.028460000000000003,0.00863,-1.3489,1.9532,-12.3237,11.114575773627307,24.86263913105787,31.170000076293945,30.869998931884766,31.189998626708984,31.099998474121094,25.310327449351387,25.06672375408058,25.326566456675035,25.25348550297226,25.239275790769817,0.015148699931917616,2.299999952316284,0.0,316.0,0.0,0.0,0.0,0.0,snow covered,0.250752389431,-8.86382484436035,100.0,456.929077148438
arenacam6_1769615783224852072.png,1769615783224852072,1769615783.224852,42.30099164745478,-83.69837549032076,237.37582397460938,-0.01715454830246338,-0.9996276860375317,0.012242857614022516,-0.01732983604166823,0.08630000000000002,0.005900000000000001,-0.01213,-0.9043,-0.0654,-11.4509,11.096585258608528,24.82239542839176,31.01999855041504,30.92999839782715,31.059999465942383,31.059999465942383,25.188524827323647,25.115443873620872,25.22100593954029,25.22100593954029,25.186495145006276,0.01466819419845592,2.200000047683716,0.0,440.0,0.0,0.0,0.0,0.0,snow covered,0.250752389431,-8.86382484436035,100.0,456.929077148438
arenacam6_1769615783245445436.png,1769615783245445436,1769615783.2454455,42.300991686918394,-83.69837818176497,237.37545776367188,-0.01706727882970277,-0.9996282123284187,0.012518388650097991,-0.017188224342394694,0.0043100000000000005,0.007970000000000001,-0.003790000000000001,-0.519,-2.3232,-8.414200000000001,11.094467333879338,24.81765775784805,31.03999900817871,30.94999885559082,31.19999885559082,31.079999923706055,25.204765383431972,25.131684429729198,25.334686734729196,25.237246495648613,25.227095760884744,0.016497850322205295,2.200000047683716,0.0,612.0,0.0,0.0,0.0,0.0,snow covered,0.250752389431,-8.86382484436035,100.0,456.929077148438
arenacam6_1769615783266035296.png,1769615783266035296,1769615783.2660353,42.30099173239115,-83.69838087404511,237.37571716308594,-0.01712419992473896,-0.9996243659450049,0.012574925641269614,-0.01731357938443772,0.021780000000000004,-0.02288,-0.013980000000000001,-0.5117,0.5802,-9.6677,11.092547613467525,24.813363458470047,31.010000228881836,30.869998931884766,31.279998779296875,31.079999923706055,25.180406098054164,25.06672375408058,25.399647410377806,25.237246495648613,25.22100593954029,0.016428344418220952,2.1000001430511475,0.0,768.0,0.0,0.0,0.0,0.0,snow covered,0.250752389431,-8.86382484436035,100.0,456.929077148438
arenacam6_1769615783287259929.png,1769615783287259929,1769615783.2872598,42.30099177473514,-83.69838356028818,237.37506103515625,-0.017063125401429347,-0.9996247870486749,0.012627298855725184,-0.017311446878722134,-0.0033700000000000006,0.008990000000000001,0.0030300000000000006,-2.1821,-1.3844,-9.432,11.062974626545472,24.74721046110463,30.959999084472656,30.94999885559082,31.099998474121094,31.099998474121094,25.13980470778336,25.131684429729198,25.25348550297226,25.25348550297226,25.194615035864274,0.018078990173976735,2.1000001430511475,0.0,948.0,0.0,0.0,0.0,0.0,snow covered,0.250752389431,-8.86382484436035,100.0,456.929077148438
arenacam6_1769615783308430712.png,1769615783308430712,1769615783.3084307,42.300991811236884,-83.69838624518653,237.37384033203125,-0.01711823646448618,-0.9996333260704932,0.012353536634293411,-0.0169578749321549,-0.034330000000000006,0.016980000000000002,0.00524,0.4067,-0.7073,-7.7308,11.065063565089412,24.75188329129111,30.969999313354492,30.90999984741211,31.1299991607666,30.959999084472656,25.147924985837516,25.099204866297228,25.277846337134743,25.13980470778336,25.166195224263213,0.01673860239628213,2.1000001430511475,0.0,1024.0,0.0,0.0,0.0,0.0,snow covered,0.250752389431,-8.86382484436035,100.0,456.929077148438
arenacam6_1769615783328184385.png,1769615783328184385,1769615783.3281844,42.300991849918624,-83.69838893006828,237.37335205078125,-0.017080414450626524,-0.9996348224108189,0.01221131169175891,-0.01701073580573013,7.000000000000002e-05,-0.006840000000000001,-0.004670000000000001,-1.0672000000000001,0.7668,-9.6385,11.059919625970318,24.740376608118044,30.92999839782715,30.559999465942383,30.90999984741211,31.010000228881836,25.115443873620872,24.815001329540294,25.099204866297228,25.180406098054164,25.05251404187814,0.012616519089595213,2.1000001430511475,0.0,1072.0,80.0,0.0,0.0,0.0,snow covered,0.250752389431,-8.86382484436035,100.0,456.929077148438
arenacam6_1769615783348863309.png,1769615783348863309,1769615783.3488631,42.30099188819243,-83.69839161121907,237.37217712402344,-0.017078235359326177,-0.9996351124668512,0.012210044683256753,-0.016996782319897787,-0.00019000000000000004,0.0028000000000000004,-0.0005900000000000001,-1.1158000000000001,-1.5147000000000002,-11.0731,11.052050806826498,24.72277453182247,30.760000228881836,30.459999084472656,30.809999465942383,30.94999885559082,24.97740379305416,24.73380009778336,25.018003634540293,25.131684429729198,24.965222988776752,0.009806684789452293,2.1000001430511475,0.0,1080.0,136.0,0.0,0.0,0.0,snow covered,0.250752389431,-8.86382484436035,100.0,456.929077148438
arenacam6_1769615783369499805.png,1769615783369499805,1769615783.3695,42.30099188819243,-83.69839161121907,237.37217712402344,-0.017149459433466907,-0.9996382871965612,0.01190222039134837,-0.016956649480983577,-0.03765,0.00559,0.010960000000000001,-1.2357,-0.4828,-10.301400000000001,11.03188016390143,24.677654013837667,30.56999969482422,30.459999084472656,30.829999923706055,30.729999542236328,24.82312160759445,24.73380009778336,25.034244190648614,24.95304295889168,24.886052213729528,0.008444814072480461,2.1000001430511475,0.0,1088.0,192.0,0.0,0.0,0.0,snow covered,0.250752389431,-8.86382484436035,100.0,456.929077148438
arenacam6_1769615783390373718.png,1769615783390373718,1769615783.3903737,42.30099192157908,-83.69839429059436,237.37155151367188,-0.017193158228137384,-0.9996392544472811,0.01177925947700607,-0.016941231490054123,-0.024300000000000002,0.0036400000000000004,0.00903,-0.4504,0.6505000000000001,-9.3252,11.030734775243934,24.675091848134166,30.729999542236328,30.28999900817871,30.719999313354492,30.639999389648438,24.95304295889168,24.595758468431967,24.944922680837518,24.879962005188904,24.843421528337515,0.006821846145066246,2.1000001430511475,0.0,1148.0,192.0,0.0,0.0,0.0,snow covered,0.250752389431,-8.86382484436035,100.0,456.929077148438
arenacam6_1769615783411338589.png,1769615783411338589,1769615783.4113386,42.30099195443984,-83.69839696833705,237.37075805664062,-0.017217367845962006,-0.9996376557047052,0.011775379206586795,-0.017013523626784655,0.004020000000000001,-0.00543,0.0030300000000000006,-1.1400000000000001,-0.1754,-9.4632,11.017040937962197,24.644459555765156,30.459999084472656,30.189998626708984,30.619998931884766,30.56999969482422,24.73380009778336,24.514557236675035,24.863721449080582,24.82312160759445,24.73380009778336,0.0036251775704816795,2.1000001430511475,0.0,1164.0,176.0,0.0,0.0,0.0,snow covered,0.250752389431,-8.86382484436035,100.0,456.929077148438
arenacam6_1769615783431746628.png,1769615783431746628,1769615783.4317465,42.30099199358943,-83.69839964083383,237.36981201171875,-0.017300820126590677,-0.9996284747050881,0.011785699938920417,-0.017455413449015772,-0.00768,-0.050820000000000004,0.01024,-0.5197,-0.9538000000000001,-11.918700000000001,11.00449249585602,24.616389443680166,30.559999465942383,30.229999542236328,30.51999855041504,30.42999839782715,24.815001329540294,24.54703834889168,24.782520217323647,24.709439263620872,24.71349978984412,0.00394494677564855,2.1000001430511475,0.0,1236.0,208.0,0.0,0.0,0.0,snow/ice covered,0.268858700990677,-9.16623020172119,100.0,421.701202392578
arenacam6_1769615783452369080.png,1769615783452369080,1769615783.4523692,42.30099202474883,-83.69840231130378,237.36988830566406,-0.0173817400493117,-0.9996221684833622,0.011596468814414049,-0.017858255808315952,-0.021960000000000004,-0.038970000000000005,0.010080000000000002,-1.8224,0.16040000000000001,-9.7821,10.977724371288154,24.556510755109326,30.549999237060547,30.01999855041504,30.529998779296875,30.299999237060547,24.806881051486133,24.376515607323647,24.790640495377808,24.60387874648613,24.64447897516843,0.0035822768526184204,1.899999976158142,0.0,1360.0,244.0,0.0,0.0,0.0,snow/ice covered,0.268858700990677,-9.16623020172119,100.0,421.701202392578
arenacam6_1769615783494124917.png,1769615783494124917,1769615783.494125,42.30099212583348,-83.69841029518501,237.3687286376953,-0.01743778873033086,-0.9996040015180956,0.011644243400623882,-0.018766333388136013,-0.02645,-0.07001000000000002,0.0023500000000000005,-1.1934,-2.5875,-10.8339,10.951810421621081,24.498542804541064,30.549999237060547,29.85999870300293,30.34000015258789,29.939998626708984,24.806881051486133,24.246594256026423,24.63635985870277,24.311554931675033,24.50034752447259,7.366641950610708e-05,1.8000000715255737,0.0,1700.0,328.0,0.0,0.0,0.0,snow/ice covered,0.268858700990677,-9.16623020172119,100.0,421.701202392578
arenacam6_1769615783514651145.png,1769615783514651145,1769615783.514651,42.300992167698304,-83.69841294816004,237.36810302734375,-0.017556181494196077,-0.999596457005337,0.01129162840195092,-0.019266622998144727,-0.025980000000000003,-0.03169,0.015310000000000002,-2.8155,2.4607,-9.9044,10.902147875403708,24.387450668405574,29.889999389648438,29.549999237060547,30.029998779296875,29.719999313354492,24.270955090188902,23.99487183148613,24.384635885377808,24.132913460837518,24.195844066972587,0.007856770436494097,1.5,0.0,1848.0,464.0,0.0,0.0,0.0,snow/ice covered,0.268858700990677,-9.16623020172119,100.0,421.701202392578
arenacam6_1769615783535345406.png,1769615783535345406,1769615783.5353453,42.30099220620891,-83.6984155892257,237.3675537109375,-0.017535708224014568,-0.9995859120064203,0.011710811925396244,-0.019579589868606997,0.054110000000000005,-0.025990000000000003,-0.0076500000000000005,-1.0159,0.0448,-9.0069,10.88065835087167,24.339379891398874,29.760000228881836,28.8799991607666,29.979999542236328,29.549999237060547,24.165394573054165,23.450825592134745,24.344036043891677,23.99487183148613,23.988782010141676,0.014404552738054468,1.5,0.0,2012.0,660.0,0.0,0.0,0.0,snow/ice covered,0.268858700990677,-9.16623020172119,100.0,421.701202392578
arenacam6_1769615783555861059.png,1769615783555861059,1769615783.555861,42.30099224428752,-83.69841821282813,237.36761474609375,-0.017506272735057005,-0.9995652289128985,0.012041570465997097,-0.020442214751412672,0.01844,-0.05378000000000001,0.0012600000000000003,-3.9951000000000003,1.1385,-11.013200000000001,10.79984489158354,24.158605031778883,29.399999618530273,28.18000030517578,29.639999389648438,29.25,23.873070758243063,22.88242006740555,24.067952785188904,23.751269685,23.643678323959378,0.021314422216934987,1.100000023841858,0.0,2184.0,956.0,0.0,0.0,0.0,snow/ice covered,0.268858700990677,-9.16623020172119,100.0,421.701202392578
arenacam6_1769615783577176701.png,1769615783577176701,1769615783.5771766,42.30099228497671,-83.69842084184111,237.36744689941406,-0.01743681536364411,-0.9995568597400724,0.012631672632254662,-0.020554378196650732,0.06462000000000001,-0.011740000000000002,-0.011320000000000002,-1.7846000000000002,-0.08560000000000001,-9.8656,10.756595211074089,24.061858091460074,28.19999885559082,27.60999870300293,29.459999084472656,29.059999465942383,22.898659074729196,22.41957351102642,23.92179087778336,23.59698749954029,23.209252740769816,0.03543389489911673,0.9000000357627869,0.0,2524.0,956.0,0.0,0.0,0.0,snow/ice covered,0.268858700990677,-9.16623020172119,100.0,421.701202392578
arenacam6_1769615783617960626.png,1769615783617960626,1769615783.6179607,42.30099236314509,-83.69842603645802,237.3671417236328,-0.017366693645696152,-0.9995401692828914,0.013009379180001931,-0.021180273725719758,-0.00693,-0.0327,-0.008100000000000001,-4.5837,-0.8578,-9.4031,10.651735303293316,23.82729276934895,26.90999984741211,25.809999465942383,28.6299991607666,28.420000076293945,21.851167986297227,20.95795753454029,23.247823287134747,23.07730209435139,22.283562725580914,0.06478831056098266,0.30000001192092896,0.0,2924.0,1268.0,0.0,0.0,0.0,snow/ice covered,0.268858700990677,-9.16623020172119,100.0,421.701202392578
arenacam6_1769615783638564832.png,1769615783638564832,1769615783.6385648,42.30099240049601,-83.69842862470058,237.36700439453125,-0.017323928866151306,-0.9995419412281175,0.01288796293760704,-0.02120588658571418,-0.01685,-0.013430000000000003,-0.0029700000000000004,-3.119,0.013600000000000001,-9.8735,10.584197300742924,23.67621430992388,25.559999465942383,24.309999465942383,28.369998931884766,28.420000076293945,20.754955229540293,19.73994370454029,23.03670070408058,23.07730209435139,21.652225433128137,0.0854861698032268,0.10000000149011612,0.0,3140.0,1528.0,1.0,0.0,0.0,snow/ice covered,0.268858700990677,-9.16623020172119,100.0,421.701202392578
arenacam6_1769615783659295920.png,1769615783659295920,1769615783.659296,42.30099244159552,-83.69843118620979,237.36630249023438,-0.017212899645263013,-0.9995462454952598,0.012832815481992926,-0.021126714106487796,0.0002800000000000001,0.021330000000000005,-0.0119,-3.3746,0.3296,-9.3687,10.518083886572688,23.52832256922991,23.049999237060547,23.619998931884766,28.959999084472656,28.739999771118164,18.716811901486132,19.17965690908058,23.515786267783355,23.33714479694584,21.187349968823977,0.09949594126473907,-0.9000000357627869,0.0,3336.0,1252.0,1.0,0.0,0.0,snow/ice covered,0.268858700990677,-9.16623020172119,100.0,421.701202392578
arenacam6_1769615783679970582.png,1769615783679970582,1769615783.6799705,42.30099247762655,-83.69843372628729,237.3656768798828,-0.0171100965535691,-0.9995563844250741,0.012784103784963122,-0.020756821563439342,-0.013300000000000001,0.028750000000000005,-0.008530000000000001,-3.1518,-1.6321,-8.674900000000001,10.427959590489115,23.326719926348723,21.389999389648438,25.34000015258789,28.849998474121094,28.729999542236328,17.368876720188904,20.576313758702774,23.42646475797226,23.32902451889168,21.1751699389389,0.09223542762133208,-1.3000000715255737,0.0,3428.0,1176.0,1.0,0.0,0.0,snow/ice covered,0.268858700990677,-9.16623020172119,100.0,421.701202392578
arenacam6_1769615783700674930.png,1769615783700674930,1769615783.7006748,42.30099251104872,-83.69843626577679,237.3649444580078,-0.01710646081021222,-0.9995765616309955,0.012208512785340502,-0.02012507520670173,-0.07363000000000001,0.06692000000000001,0.004880000000000001,-3.1599,-1.3266,-7.9442,10.371219292572912,23.19979528432805,21.28999900817871,26.649999618530273,28.53999900817871,28.389999389648438,17.28767548843197,21.640045403243068,23.17474233343197,23.052941260188906,21.288851121323976,0.08236900970824332,-1.399999976158142,0.0,3544.0,1176.0,1.0,0.0,0.0,snow/ice covered,0.268858700990677,-9.16623020172119,100.0,421.701202392578
arenacam6_1769615783721411625.png,1769615783721411625,1769615783.7214115,42.300992545134015,-83.69843878391312,237.36314392089844,-0.017108268433172646,-0.9996003429889868,0.01123527367821463,-0.019499489041874464,-0.0956,0.05860000000000001,-0.00543,-3.8006,-0.4597,-7.9487000000000005,10.307831735234254,23.058001121814915,22.299999237060547,27.279998779296875,28.459999084472656,27.85999870300293,18.107804986486133,22.151610530377805,23.109781657783355,22.622575816026423,21.49794324766843,0.06765798413768531,-1.7000000476837158,0.0,3668.0,1196.0,1.0,0.0,0.0,snow/ice covered,0.268858700990677,-9.16623020172119,100.0,421.701202392578
arenacam6_1769615783742621858.png,1769615783742621858,1769615783.742622,42.30099259172117,-83.69844377427884,237.35887145996094,-0.01701698161324089,-0.9996265116730628,0.010311819409968837,-0.01873301570956567,-0.09576000000000001,0.07940000000000001,-0.0034800000000000005,-3.8092,-1.0524,-9.692,10.240349162494015,22.90704665554936,24.219999313354492,27.899999618530273,28.170000076293945,27.479999542236328,19.666862750837517,22.655056928243066,22.874299789351387,22.314012993891676,21.87755811558091,0.044942002146708494,-1.399999976158142,0.0,3784.0,1240.0,1.0,0.0,0.0,snow/ice covered,0.268858700990677,-9.16623020172119,100.0,421.701202392578
arenacam6_1769615783762712704.png,1769615783762712704,1769615783.7627125,42.30099262174904,-83.69844624932564,237.3560333251953,-0.01710206692242905,-0.9996571437508779,0.009188074347089088,-0.01756967684989835,-0.11117,0.12186000000000001,0.011680000000000003,-2.4748,0.7353000000000001,-8.4481,10.19071597371685,22.79602019024617,25.779998779296875,27.68000030517578,28.43000030517578,27.010000228881836,20.93359670037781,22.47641545740555,23.08542237240555,21.932369218054163,22.106950937060766,0.030227611988176778,-1.100000023841858,0.0,3848.0,1324.0,1.0,0.0,0.0,snow/ice covered,0.268858700990677,-9.16623020172119,100.0,421.701202392578
arenacam6_1769615783783532846.png,1769615783783532846,1769615783.7835329,42.30099262174904,-83.69844624932564,237.3560333251953,-0.017111079411654517,-0.9996791571013901,0.008569169046872101,-0.01659407003325803,-0.034760000000000006,0.09729000000000002,-0.0056700000000000006,-3.2262,1.5211000000000001,-9.312800000000001,10.142947716688436,22.689165465369033,26.729999542236328,27.029998779296875,28.28999900817871,26.389999389648438,21.705006078891678,21.948608225377807,22.97174002843197,21.4289228201889,22.013569288222588,0.029776158060005456,-0.6000000238418579,0.0,3856.0,1332.0,1.0,0.0,0.0,snow/ice covered,0.268858700990677,-9.16623020172119,100.0,421.701202392578
arenacam6_1769615783804588187.png,1769615783804588187,1769615783.8045883,42.300992649683316,-83.69844870608623,237.3534698486328,-0.01706920652843774,-0.9996895971922423,0.008463487476529436,-0.016053685989102034,-0.019390000000000004,0.10839000000000001,-0.009020000000000002,-2.8068,-0.7673,-10.6508,10.118250416957768,22.63391908770951,27.529998779296875,26.6299991607666,28.34000015258789,25.979999542236328,22.354612835377807,21.623804847134743,23.012341418702775,21.09599916389168,22.021689566276752,0.027049205180078924,0.20000000298023224,0.0,3856.0,1332.0,1.0,0.0,0.0,snow/ice covered,0.268858700990677,-9.16623020172119,100.0,421.701202392578
arenacam6_1769615783825352483.png,1769615783825352483,1769615783.8253524,42.30099267537745,-83.69845116403671,237.3509979248047,-0.017161743390094575,-0.9997092419127613,0.008152797717809692,-0.014847157552781496,-0.02619,0.11234000000000002,0.01447,-2.1032,1.2214,-10.557500000000001,10.077781065905585,22.54339157756684,27.709999084472656,24.850000381469727,28.329999923706055,25.779998779296875,22.500774742783356,20.178429426756935,23.004221140648614,20.93359670037781,21.65425550264168,0.03944109615741893,1.100000023841858,0.0,3856.0,1660.0,1.0,0.0,0.0,snow/ice covered,0.268858700990677,-9.16623020172119,100.0,421.701202392578
arenacam6_1769615783845482703.png,1769615783845482703,1769615783.8454828,42.30099271308392,-83.69845360582819,237.34861755371094,-0.017246760605253875,-0.9997155813171152,0.008777573523677536,-0.013937715861790137,0.09696000000000002,0.07931000000000002,-0.0006500000000000001,-2.1906000000000003,2.3381000000000003,-10.626100000000001,10.04711401926764,22.474791234260557,27.799999237060547,23.079999923706055,27.809999465942383,25.619998931884766,22.57385569648613,18.74117273564861,22.581975974540292,20.803675349080585,21.175169938938904,0.05782573380884231,1.8000000715255737,0.0,3856.0,1444.0,1.0,0.0,0.0,snow/ice covered,0.268858700990677,-9.16623020172119,100.0,421.701202392578
arenacam6_1769615783907677040.png,1769615783907677040,1769615783.907677,42.30099282567498,-83.69846087754537,237.34481811523438,-0.017565088560705322,-0.9997127407883155,0.011328198543655297,-0.011729257739692325,0.11473000000000001,0.03733,-0.00222,-1.6464,-1.0218,-10.762500000000001,9.937092761360573,22.22868028159792,24.28999900817871,27.149999618530273,27.3799991607666,26.459999084472656,19.72370314843197,22.046050013243068,22.23281176213474,21.485763217783358,21.372082035398286,0.03853572210981739,1.899999976158142,0.0,3856.0,1804.0,1.0,0.0,0.0,snow/ice covered,0.268858700990677,-9.16623020172119,100.0,421.701202392578
arenacam6_1769615783928287195.png,1769615783928287195,1769615783.9282873,42.30099285651761,-83.69846328033962,237.3451385498047,-0.017682721240431354,-0.9997082348970624,0.01168851314102804,-0.011582102964718696,0.005860000000000001,0.003110000000000001,0.022220000000000004,-3.0541,-0.8571000000000001,-12.9551,9.893805132098406,22.13184845219621,22.850000381469727,26.43000030517578,27.219999313354492,26.719999313354492,18.55441098675694,21.46140393240555,22.102890410837517,21.696885800837517,20.95389778270938,0.05322423348556492,1.5,0.0,3856.0,1804.0,1.0,0.0,0.0,snow/ice covered,0.268858700990677,-9.16623020172119,100.0,421.701202392578
arenacam6_1769615783948878408.png,1769615783948878408,1769615783.9488783,42.30099290245004,-83.69846568126759,237.3446502685547,-0.0177199203244231,-0.9997032080370027,0.012272902173780452,-0.01135236259350866,0.043000000000000003,-0.031020000000000002,-0.021,-1.6856,-0.8961,-9.705400000000001,9.840657708827337,22.012960855184225,24.029998779296875,26.459999084472656,27.01999855041504,26.65999984741211,19.51258056537781,21.485763217783358,21.940487947323646,21.64816568129723,21.146749352945513,0.03935006780492743,1.5,0.0,3856.0,1828.0,1.0,0.0,0.0,snow/ice covered,0.268858700990677,-9.16623020172119,100.0,421.701202392578
arenacam6_1769615783969621738.png,1769615783969621738,1769615783.9696217,42.300992937481816,-83.6984680663901,237.3452911376953,-0.017713575996853304,-0.9997012278082333,0.012236661136623915,-0.011573610860136405,-0.014310000000000002,-0.020710000000000006,0.004950000000000001,-3.6446,-0.9995,-11.7873,9.785099726654582,21.888680982542702,26.579999923706055,26.34000015258789,26.389999389648438,26.489999771118164,21.58320500564861,21.388322978702774,21.4289228201889,21.510124051945837,21.47764371412153,0.018778530727776344,1.399999976158142,0.0,3856.0,1972.0,1.0,0.0,0.0,snow/ice covered,0.268858700990677,-9.16623020172119,100.0,421.701202392578
arenacam6_1769615783990826318.png,1769615783990826318,1769615783.9908261,42.30099296845336,-83.69847043746104,237.34727478027344,-0.017688497350884957,-0.9997037148892112,0.011798183291236037,-0.011849150568908357,-0.04987000000000001,-0.03465000000000001,-0.00903,-2.3098,-0.8291000000000001,-11.6173,9.740822192359737,21.78963479497719,26.329999923706055,25.90999984741211,25.439998626708984,26.59000015258789,21.380202700648614,21.039158766297227,20.657513441675032,21.591325283702773,21.167050048080913,0.028572518665608407,1.0,0.0,3856.0,2124.0,1.0,0.0,0.0,snow/ice covered,0.268858700990677,-9.16623020172119,100.0,421.701202392578
arenacam6_1769615784011531932.png,1769615784011531932,1769615784.011532,42.30099302473376,-83.69847516859734,237.35134887695312,-0.01777291062177555,-0.9997075509573272,0.011108522354447996,-0.01206386911541695,-0.08502000000000001,-0.026070000000000003,0.012230000000000001,-1.3892,-2.789,-10.403500000000001,9.707316121625386,21.714683725108692,25.829999923706055,25.68000030517578,25.19999885559082,26.579999923706055,20.974198090648613,20.852397017405547,20.462631414729195,21.58320500564861,20.968107882107994,0.034381152055990245,1.399999976158142,0.0,3856.0,2304.0,1.0,0.0,0.0,snow/ice covered,0.268858700990677,-9.16623020172119,100.0,421.701202392578
arenacam6_1769615784031838603.png,1769615784031838603,1769615784.0318387,42.300993045054334,-83.69847750623242,237.3544464111328,-0.01789505004593317,-0.9997135359217113,0.009643206442066498,-0.01263415403888878,-0.16252000000000003,-0.04515,0.013340000000000001,-3.7979000000000003,-0.7285,-10.4763,9.647579054151981,21.581055489394736,25.729999542236328,22.869998931884766,25.56999969482422,26.28999900817871,20.892996858891678,18.570649994080583,20.763075507594454,21.34772158843197,20.39361098724967,0.05502254061339098,1.899999976158142,0.0,3856.0,2304.0,1.0,0.0,0.0,snow/ice covered,0.268858700990677,-9.16623020172119,100.0,421.701202392578
arenacam6_1769615784052450865.png,1769615784052450865,1769615784.052451,42.3009930652873,-83.69847985228813,237.3577423095703,-0.017925706453694346,-0.9997206569633645,0.00820932724021866,-0.013033957002290047,-0.12727000000000002,-0.03629,0.005960000000000001,-1.0731,1.8023,-11.4146,9.611820649949044,21.501066084697015,25.229999542236328,20.439998626708984,25.719999313354492,26.029998779296875,20.486992248891678,16.597467341675035,20.884876580837517,21.136599005377807,19.776483794195507,0.08020915259308692,1.899999976158142,0.0,3856.0,1980.0,1.0,0.0,0.0,snow/ice covered,0.268858700990677,-9.16623020172119,100.0,421.701202392578
arenacam6_1769615784073253338.png,1769615784073253338,1769615784.0732534,42.300993088397796,-83.69848217375932,237.3614501953125,-0.01801116460664054,-0.9997116674886288,0.007387699986956157,-0.014057088088240714,-0.08417000000000002,-0.10004000000000002,0.022290000000000004,-2.923,-0.9389000000000001,-11.3245,9.573046731133598,21.41433115474199,25.309999465942383,20.939998626708984,25.59000015258789,25.599998474121094,20.551952924540288,17.003471951675035,20.779316063702773,20.78743479297226,19.78054393322259,0.07629410462150324,2.200000047683716,0.0,3856.0,2024.0,1.0,0.0,0.0,snow/ice covered,0.268858700990677,-9.16623020172119,100.0,421.701202392578
arenacam6_1769615784093845922.png,1769615784093845922,1769615784.093846,42.300993109153936,-83.69848448188685,237.365478515625,-0.018154685061071096,-0.9997056470620234,0.006448221066114657,-0.014746087200234905,-0.09429000000000001,-0.05104,0.00941,-3.2471,-0.1743,-9.039,9.506627605173737,21.26575555511734,25.229999542236328,23.329999923706055,25.1299991607666,24.799999237060547,20.486992248891678,18.944175040648613,20.405791017134746,20.13782803648613,19.993696585790293,0.059817247782712475,2.1000001430511475,0.0,3856.0,2024.0,1.0,0.0,0.0,snow/ice covered,0.268858700990677,-9.16623020172119,100.0,421.701202392578
arenacam6_1769615784114474434.png,1769615784114474434,1769615784.1144745,42.30099313449735,-83.69848678642225,237.3696746826172,-0.018295121059489217,-0.9996929868610964,0.005731100366113604,-0.01569633889642996,-0.059500000000000004,-0.10163000000000001,0.019520000000000003,-2.7246,2.1749,-8.536,9.46806131984947,21.179485088824077,23.84000015258789,24.489999771118164,25.34000015258789,24.09000015258789,19.358299928702774,19.88610561194584,20.576313758702774,19.561302233702776,19.845505383263543,0.06298452016023959,2.200000047683716,0.0,3856.0,2232.0,1.0,0.0,0.0,snow/ice covered,0.268858700990677,-9.16623020172119,100.0,421.701202392578
arenacam6_1769615784135144567.png,1769615784135144567,1769615784.1351445,42.30099316315073,-83.69848907582302,237.37307739257812,-0.01837897894083046,-0.9996797948052537,0.005656069363068272,-0.016447792270646914,0.0021400000000000004,-0.06971000000000001,0.0016300000000000002,-2.3600000000000003,0.6104,-8.867700000000001,9.41878557033354,21.06925819370191,21.920000076293945,24.469999313354492,25.549999237060547,23.420000076293945,17.799242164351387,19.869865055837515,20.74683495148613,19.017255994351387,19.358299541506604,0.08120640207004302,2.1000001430511475,0.0,3856.0,2348.0,1.0,0.0,0.0,snow/ice covered,0.268858700990677,-9.16623020172119,100.0,421.701202392578
arenacam6_1769615784155795070.png,1769615784155795070,1769615784.1557949,42.30099319214747,-83.69849134550189,237.37606811523438,-0.018468729562889974,-0.9996579905223286,0.0056083768778077215,-0.017645229439967672,-0.006600000000000001,-0.06753,0.009680000000000001,-3.1399000000000004,0.2881,-9.0966,9.335835506792947,20.883703878565417,21.170000076293945,24.049999237060547,25.459999084472656,22.5,17.190235249351385,19.528821121486132,20.673753997783358,18.27020745,18.91575445465522,0.09423373532556434,2.1000001430511475,0.0,3856.0,2168.0,1.0,0.0,0.0,snow/ice covered,0.268858700990677,-9.16623020172119,100.0,421.701202392578
arenacam6_1769615784176716091.png,1769615784176716091,1769615784.176716,42.30099322579317,-83.69849361545883,237.37876892089844,-0.018494974699780398,-0.999646812386159,0.005727484904180701,-0.01820390929768393,0.02274,-0.04793000000000001,-0.0019000000000000002,-2.2329000000000003,0.9878,-8.7376,9.287284660300475,20.775098548012547,22.170000076293945,23.93000030517578,25.100000381469727,22.6299991607666,18.00224446935139,19.431380882405552,20.381431731756933,18.375767967134742,19.047706262662153,0.08314724868131348,2.1000001430511475,0.0,3856.0,2140.0,1.0,0.0,0.0,snow/ice covered,0.268858700990677,-9.16623020172119,100.0,421.701202392578
arenacam6_1769615784217883375.png,1769615784217883375,1769615784.2178833,42.30099329371635,-83.69849809023326,237.3821258544922,-0.01849050327050783,-0.9996270269676408,0.006351376158400503,-0.019067466153983016,0.03159000000000001,-0.05319,0.0026600000000000005,-3.8019000000000003,-0.6019,-8.4597,9.194907280419033,20.568455891860552,25.0,22.549999237060547,24.279998779296875,22.3799991607666,20.3002305,18.31080729148613,19.71558287037781,18.172765662134744,19.124846580999673,0.07018559479869127,2.200000047683716,0.0,3856.0,2160.0,1.0,0.0,0.0,snow/ice covered,0.268858700990677,-9.16623020172119,100.0,421.701202392578
arenacam6_1769615784238472794.png,1769615784238472794,1769615784.2384727,42.30099329371635,-83.69849809023326,237.3821258544922,-0.0185452122670558,-0.9996221340458689,0.006618362227786607,-0.01917971608171026,0.027470000000000005,-0.020390000000000002,0.00239,-2.6815,0.40790000000000004,-7.1115,9.140626829071156,20.447033779022433,25.15999984741211,21.649999618530273,24.350000381469727,21.829999923706055,20.430151851297225,17.579999303243067,19.772424816756935,17.726161210648613,18.87718429548646,0.07677639214087638,2.200000047683716,0.0,3856.0,2164.0,1.0,0.0,0.0,snow/ice covered,0.268858700990677,-9.16623020172119,100.0,421.701202392578
arenacam6_1769615784259481197.png,1769615784259481197,1769615784.2594812,42.30099332947636,-83.69850032002107,237.38311767578125,-0.01852363705124843,-0.9996187700021031,0.006837019410232517,-0.019298826271561865,0.04336000000000001,-0.024280000000000003,-0.005330000000000001,-2.5709,0.17880000000000001,-7.7041,9.118714059240824,20.39801622767817,24.35999870300293,21.6299991607666,24.28999900817871,21.389999389648438,19.780543546026422,17.563758747134745,19.72370314843197,17.368876720188904,18.60922054044551,0.08769459084974325,1.8000000715255737,0.0,3856.0,2144.0,1.0,0.0,0.0,snow/ice covered,0.268858700990677,-9.16623020172119,100.0,421.701202392578
arenacam6_1769615784280023397.png,1769615784280023397,1769615784.2800233,42.30099336451599,-83.69850252720605,237.38340759277344,-0.018579762979143433,-0.9996105208847257,0.007294642159485504,-0.019503516092511376,0.04377000000000001,-0.021930000000000005,0.009580000000000002,-3.2926,-1.0093,-9.3423,9.063708527788,20.274972154150092,23.239999771118164,23.939998626708984,24.09000015258789,22.239999771118164,18.871094086945842,19.439499611675036,19.561302233702776,18.059084866945838,18.982745199817373,0.0637350791166543,1.8000000715255737,0.0,3856.0,2028.0,1.0,0.0,0.0,snow/ice covered,0.268858700990677,-9.16623020172119,100.0,421.701202392578
arenacam6_1769615784300883158.png,1769615784300883158,1769615784.3008833,42.30099339303449,-83.69850471369793,237.3832244873047,-0.018696508163333347,-0.9996062544055626,0.007506334352564233,-0.019530275993129235,0.012020000000000001,-0.006870000000000001,0.0088,-3.4717000000000002,-1.3293000000000001,-9.533000000000001,8.99854298569231,20.129200746414558,22.90999984741211,24.170000076293945,23.420000076293945,23.90999984741211,18.603131106297226,19.626262909351386,19.017255994351387,19.415140326297227,19.165447584074307,0.04787836211092064,1.899999976158142,0.0,3856.0,2132.0,1.0,0.0,0.0,snow/ice covered,0.268858700990677,-9.16623020172119,100.0,421.701202392578
arenacam6_1769615784321637356.png,1769615784321637356,1769615784.3216374,42.3009934222784,-83.69850690139337,237.38304138183594,-0.018876408568658187,-0.9996062304020221,0.007136917808052224,-0.01949691630001774,-0.036300000000000006,0.009330000000000001,0.01118,-2.8305000000000002,0.005,-10.0051,8.918311077503096,19.949726781709778,22.969999313354492,23.18000030517578,23.10999870300293,24.15999984741211,18.651851225837518,18.822373967405547,18.76553202102642,19.618142631297225,18.96447496139168,0.04938673251512357,2.0,0.0,3856.0,2220.0,1.0,0.0,0.0,snow/ice covered,0.268858700990677,-9.16623020172119,100.0,421.701202392578
arenacam6_1769615784342487584.png,1769615784342487584,1769615784.3424876,42.30099345218908,-83.69850906825903,237.38279724121094,-0.018993511493746784,-0.9996074193040553,0.006863406455910411,-0.01942028437598954,-0.020470000000000002,0.0011,0.0024900000000000005,-3.5843000000000003,0.3549,-9.1841,8.860724640430405,19.82090937716439,22.189998626708984,22.18000030517578,22.809999465942383,23.25,18.018483476675033,18.010364747405546,18.52192987454029,18.879214365000003,18.357498115905216,0.07383169124143046,1.899999976158142,0.0,3856.0,2308.0,1.0,0.0,0.0,snow/ice covered,0.268858700990677,-9.16623020172119,100.0,421.701202392578
arenacam6_1769615784365708521.png,1769615784365708521,1769615784.3657086,42.300993506295136,-83.69851335088308,237.3819580078125,-0.019100429692578302,-0.9996069001201817,0.006831753786301972,-0.019353189863255443,0.00384,0.005740000000000001,0.016380000000000002,-3.4743000000000004,2.0764,-10.515,8.79957949265194,19.684131350292834,20.459999084472656,19.829999923706055,22.15999984741211,22.329999923706055,16.613707897783357,16.102142770648612,17.994124191297228,18.132165820648613,17.210535170094452,0.12566448253057316,2.6000001430511475,0.0,3856.0,2364.0,1.0,0.0,0.0,snow/ice covered,0.268858700990677,-9.16623020172119,100.0,421.701202392578
arenacam6_1769615784383729591.png,1769615784383729591,1769615784.3837297,42.30099353799374,-83.69851548151975,237.38143920898438,-0.019228117712299597,-0.9996102698493567,0.007038522482063023,-0.01897490717257341,0.022260000000000002,0.02126,-4e-05,-1.2712,-0.7721,-7.945200000000001,8.772650463725215,19.623892728325483,20.94999885559082,20.60999870300293,22.100000381469727,22.260000228881836,17.011592229729196,16.735508971026423,17.945404071756936,18.075325423054164,17.441957673891682,0.1111876774216339,2.6000001430511475,0.0,3856.0,2232.0,1.0,0.0,0.0,snow/ice covered,0.268858700990677,-9.16623020172119,100.0,421.701202392578
arenacam6_1769615784404297623.png,1769615784404297623,1769615784.4042978,42.30099356205325,-83.69851758609552,237.3799285888672,-0.019259136584975023,-0.9996104017010947,0.006760407938769531,-0.01903752487795449,-0.04454,-0.03135,0.0064600000000000005,-3.4901,-1.2827,-8.3168,8.729739272432775,19.527902968075775,23.239999771118164,24.459999084472656,22.079999923706055,22.76999855041504,18.871094086945842,19.861744777783354,17.929163515648614,18.489448762323647,18.787862785675365,0.03789655159646317,2.5,0.0,3856.0,1848.0,1.0,0.0,0.0,snow/ice covered,0.268858700990677,-9.16623020172119,100.0,421.701202392578
arenacam6_1769615784424829677.png,1769615784424829677,1769615784.4248297,42.300993590049146,-83.69851969362897,237.3782958984375,-0.01944044008177781,-0.9996197641652369,0.0063591108042242465,-0.018492108842487098,-0.015690000000000003,0.06302,0.004210000000000001,-2.7012,0.4127,-8.267100000000001,8.636880397794796,19.320183237043093,22.920000076293945,23.5,22.459999084472656,23.079999923706055,18.611251384351387,19.08221667,18.237726337783357,18.74117273564861,18.66809178194584,0.03375182559588673,2.700000047683716,0.0,3856.0,1848.0,1.0,0.0,0.0,snow/ice covered,0.268858700990677,-9.16623020172119,100.0,421.701202392578
arenacam6_1769615784445535269.png,1769615784445535269,1769615784.4455352,42.30099362176796,-83.69852178651774,237.37649536132812,-0.01941571242669815,-0.9996251937842308,0.006189176015380058,-0.018281032877095232,-0.033170000000000005,0.042870000000000005,-0.004660000000000001,-1.1371,-0.1496,-8.5447,8.605883991914807,19.25084613687391,20.93000030517578,21.959999084472656,22.619998931884766,22.989999771118164,16.995353222405548,17.831721727783357,18.36764768908058,18.66809178194584,17.96570360530383,0.06675771664438493,2.4000000953674316,0.0,3856.0,2232.0,1.0,0.0,0.0,snow/ice covered,0.268858700990677,-9.16623020172119,100.0,421.701202392578
arenacam6_1769615784466266074.png,1769615784466266074,1769615784.4662662,42.30099364629152,-83.6985238604094,237.37496948242188,-0.01936581961180761,-0.9996302091026532,0.005485559766638538,-0.018284384435776072,-0.039420000000000004,0.004050000000000001,0.005940000000000001,-4.0924000000000005,-1.5319,-12.2124,8.555345062162496,19.137793583353776,19.579999923706055,22.44999885559082,22.559999465942383,22.959999084472656,15.899140465648614,18.229606059729196,18.318927569540293,18.643730947783357,17.772851260675363,0.07132182279704657,2.5,0.0,3856.0,2164.0,1.0,0.0,0.0,snow/ice covered,0.268858700990677,-9.16623020172119,100.0,421.701202392578
arenacam6_1769615784487012150.png,1769615784487012150,1769615784.4870121,42.300993669673666,-83.69852592930533,237.37274169921875,-0.019569014493847126,-0.9996371182474137,0.004650485461478341,-0.017918104774733292,-0.09655000000000001,0.06117000000000001,0.021590000000000005,-3.6847000000000003,-0.9171,-9.145100000000001,8.473582428660984,18.954895477968904,20.479999542236328,22.18000030517578,22.719999313354492,22.939998626708984,16.62994845389168,18.010364747405546,18.448848920837516,18.627490391675032,17.929163128452444,0.05411437645270368,2.9000000953674316,0.0,3856.0,2068.0,1.0,0.0,0.0,snow/ice covered,0.268858700990677,-9.16623020172119,100.0,421.701202392578
arenacam6_1769615784507579596.png,1769615784507579596,1769615784.5075796,42.30099369974133,-83.69852798525574,237.3710479736328,-0.019590034381964494,-0.99964626770911,0.003727916386075612,-0.01759751822213302,-0.08391000000000001,0.022550000000000004,0.00192,-1.4608,2.0252,-8.149700000000001,8.44165040591062,18.883465458997705,23.34000015258789,20.28999900817871,23.0,22.81999969482422,18.952295318702777,16.47566626843197,18.67621206,18.530050152594452,18.1585559499323,0.03838858448092726,3.200000047683716,0.0,3856.0,2084.0,1.0,0.0,0.0,snow/ice covered,0.268858700990677,-9.16623020172119,100.0,421.701202392578
arenacam6_1769615784528283307.png,1769615784528283307,1769615784.5282834,42.300993729790385,-83.69853001857041,237.3691864013672,-0.01954065021314111,-0.9996460762145052,0.0034325599445941078,-0.017722946437263104,-0.0091,0.0032000000000000006,-0.011080000000000001,-3.4121,0.9078,-11.7444,8.389865065079487,18.76762475867891,23.420000076293945,17.3799991607666,22.809999465942383,22.65999984741211,19.017255994351387,14.112719562134744,18.52192987454029,18.400128801297228,17.513008558080912,0.06685002586796776,3.1000001430511475,0.0,3856.0,1876.0,1.0,0.0,0.0,snow/ice covered,0.268858700990677,-9.16623020172119,100.0,421.701202392578
arenacam6_1769615784548952833.png,1769615784548952833,1769615784.5489528,42.30099375384691,-83.69853205463387,237.3676300048828,-0.019521970060297378,-0.9996505782761986,0.0033958249326981466,-0.017495211060550988,-0.0008800000000000001,0.032440000000000004,-0.0022400000000000007,-0.929,-0.766,-12.1098,8.3608656348638,18.702754773252227,22.559999465942383,17.010000228881836,22.809999465942383,22.719999313354492,18.318927569540293,13.812277018054163,18.52192987454029,18.448848920837516,17.275495845743066,0.07631276487410067,3.4000000953674316,0.0,3856.0,1824.0,1.0,0.0,0.0,snow/ice covered,0.268858700990677,-9.16623020172119,100.0,421.701202392578
arenacam6_1769615784571473856.png,1769615784571473856,1769615784.5714738,42.30099379076069,-83.698534082362,237.36660766601562,-0.019658783318264927,-0.9996443388837838,0.0035072179449734684,-0.017675615925194406,0.018550000000000004,-0.034870000000000005,0.013160000000000002,-1.3858000000000001,1.3052000000000001,-9.260200000000001,8.352210449295818,18.683393642447786,21.68000030517578,23.189998626708984,22.65999984741211,22.260000228881836,17.60436013740555,18.830492696675037,18.400128801297228,18.075325423054164,18.227576764607996,0.024396899544213223,3.299999952316284,0.0,3856.0,1824.0,1.0,0.0,0.0,snow/ice covered,0.268858700990677,-9.16623020172119,100.0,421.701202392578
arenacam6_1769615784590783240.png,1769615784590783240,1769615784.590783,42.30099382449195,-83.69853608548107,237.3656005859375,-0.019613582465330404,-0.999637722804205,0.004033775794234015,-0.017984971018632178,0.05912000000000001,-0.01972,-0.008620000000000001,-5.373200000000001,0.162,-9.9048,8.264242930257568,18.486615580410366,21.270000457763672,22.719999313354492,22.459999084472656,22.28999900817871,17.27143648110832,18.448848920837516,18.237726337783357,18.09968470843197,18.01442411204029,0.025542342583811772,4.099999904632568,0.0,3856.0,1920.0,1.0,0.0,0.0,snow/ice covered,0.268858700990677,-9.16623020172119,100.0,421.701202392578
arenacam6_1769615784611218838.png,1769615784611218838,1769615784.611219,42.30099385178321,-83.69853809775836,237.36489868164062,-0.019647209634028773,-0.9996388401682046,0.004204636805134031,-0.01784649573726982,0.0011800000000000003,0.01518,-0.0038700000000000006,-1.9858,-1.1962000000000002,-10.2669,8.210959369445016,18.367423451886335,20.559999465942383,20.850000381469727,21.969999313354492,22.389999389648438,16.694909129540292,16.930392546756934,17.839842005837518,18.180885940188904,17.411507405580913,0.05204410127579703,4.099999904632568,0.0,3856.0,2096.0,1.0,0.0,0.0,snow/ice covered,0.268858700990677,-9.16623020172119,100.0,421.701202392578
arenacam6_1769615784632027700.png,1769615784632027700,1769615784.6320276,42.30099389061708,-83.69854009219421,237.36428833007812,-0.01950375962784745,-0.9996390013612222,0.0040601017321231754,-0.018027365083179227,-0.00833,-0.044120000000000006,-0.01796,-0.8456,1.9452,-10.3617,8.208242283684488,18.36134549406518,19.719999313354492,21.229999542236328,21.75,22.09000015258789,16.01282126083752,17.23895536889168,17.661200535000003,17.937283793702772,17.212565239607994,0.06256514561138775,4.300000190734863,0.0,3856.0,2164.0,1.0,0.0,0.0,snow/ice covered,0.268858700990677,-9.16623020172119,100.0,421.701202392578
arenacam6_1769615784652443090.png,1769615784652443090,1769615784.6524432,42.30099392595258,-83.698542056606,237.3641815185547,-0.01938755750800719,-0.9996335543746218,0.004451739450254982,-0.018359237405207274,0.04811000000000001,-0.019420000000000003,-0.00812,-5.9786,0.1782,-12.1103,8.106362740320261,18.133447068332007,19.84000015258789,22.239999771118164,22.10999870300293,21.850000381469727,16.110263048702777,18.059084866945838,17.953522801026423,17.742401766756934,17.46631812085799,0.03678996855700316,4.599999904632568,0.0,3856.0,2040.0,1.0,0.0,0.0,snow/ice covered,0.268858700990677,-9.16623020172119,100.0,421.701202392578
arenacam6_1769615784673090107.png,1769615784673090107,1769615784.67309,42.300993954677374,-83.6985440325189,237.3639373779297,-0.01932575161947736,-0.9996395474506725,0.004569967700083798,-0.01806670673301878,-0.004530000000000001,0.034910000000000004,-0.016630000000000002,-1.9047,-1.6400000000000001,-10.747300000000001,8.047733177105332,18.002296253194004,20.850000381469727,21.439998626708984,22.239999771118164,22.10999870300293,16.930392546756934,17.409476561675035,18.059084866945838,17.953522801026423,17.588119194101058,0.023006901634532426,5.099999904632568,0.0,3856.0,2004.0,1.0,0.0,0.0,snow/ice covered,0.268858700990677,-9.16623020172119,100.0,421.701202392578
arenacam6_1769615784693868076.png,1769615784693868076,1769615784.693868,42.30099399757654,-83.69854598226274,237.36460876464844,-0.019250545954957565,-0.9996396193440016,0.004424783303767101,-0.018178812143007372,-0.029690000000000005,-0.02185,-0.014500000000000002,-1.3055,0.9959,-10.225,8.03822286154655,17.98102224790794,21.329999923706055,20.219999313354492,21.93000030517578,21.8799991607666,17.320156600648613,16.41882587083752,17.807362442405548,17.766761052134743,17.328276491506607,0.03630192696509675,5.5,0.0,3808.0,2004.0,1.0,0.0,0.0,snow/ice covered,0.268858700990677,-9.16623020172119,100.0,421.701202392578
arenacam6_1769615784714484649.png,1769615784714484649,1769615784.7144847,42.30099399757654,-83.69854598226274,237.36460876464844,-0.01906454251725248,-0.9996372958069208,0.004752289054296568,-0.018418354953126163,0.056900000000000006,-0.016630000000000002,-0.029740000000000003,-3.2765,1.2775,-10.6503,7.986744755680588,17.865868813772135,20.920000076293945,18.719999313354492,21.35999870300293,20.35999870300293,16.987232944351387,15.200812040837517,17.34451588602642,16.53250666602642,16.516266884310436,0.07554079477071614,5.900000095367432,0.0,3808.0,2068.0,1.0,0.0,0.0,snow/ice covered,0.268858700990677,-9.16623020172119,100.0,421.701202392578
arenacam6_1769615784735170641.png,1769615784735170641,1769615784.7351706,42.30099403300161,-83.69854791279856,237.36575317382812,-0.01872926204570574,-0.999641950722095,0.005017375227918191,-0.01843938842722848,0.00898,-0.010050000000000002,-0.030500000000000003,-3.3818,-1.7988000000000002,-9.7268,7.933917261057806,17.74769687795065,19.799999237060547,18.309999465942383,21.03999900817871,19.059999465942383,16.07778193648613,14.86788838454029,17.08467318343197,15.476895299540292,15.876809700999669,0.10541577252625546,6.0,0.0,3808.0,2052.0,1.0,0.0,0.0,snow/ice covered,0.268858700990677,-9.16623020172119,100.0,421.701202392578
arenacam6_1769615784777234819.png,1769615784777234819,1769615784.777235,42.300994137814406,-83.69855365282511,237.36631774902344,-0.01841259984580418,-0.9996519982024712,0.004932325940386921,-0.018235427539341743,-0.015120000000000001,-0.028170000000000004,-0.025500000000000005,-3.1903,-1.0492000000000001,-8.1995,7.856356125626106,17.57419727165806,18.010000228881836,22.35999870300293,21.119998931884766,21.719999313354492,14.624286238054161,18.15652510602642,17.14963385908058,17.63683970083752,16.89182122599967,0.03882829099448312,6.400000095367432,0.0,3764.0,1812.0,1.0,0.0,0.0,snow/ice covered,0.268858700990677,-9.16623020172119,100.0,421.701202392578
arenacam6_1769615784797462350.png,1769615784797462350,1769615784.7974622,42.300994165709355,-83.69855554359431,237.3666229248047,-0.01813337205303739,-0.9996568445846146,0.004560816280288851,-0.01834592183497987,-0.04322,0.01563,-0.028310000000000002,-5.6755,-2.656,-13.0432,7.750422422253595,17.337229933235957,18.690000534057617,20.600000381469727,20.31999969482422,20.779998779296875,15.17645275545971,16.727390241756936,16.50002710259445,16.873550600377808,16.319355175047228,0.058710345430525446,6.599999904632568,0.0,3724.0,1752.0,1.0,0.0,0.0,snow/ice covered,0.268858700990677,-9.16623020172119,100.0,421.701202392578
arenacam6_1769615784818037192.png,1769615784818037192,1769615784.8180373,42.30099419819356,-83.69855742809199,237.36692810058594,-0.017790504474479885,-0.9996798619389631,0.0036878170723256016,-0.0176088497489169,-0.10530000000000002,0.09169000000000002,-0.030640000000000004,0.1524,-0.5008,-10.7233,7.717322863928225,17.263188207235604,20.479999542236328,19.549999237060547,20.189998626708984,20.60999870300293,16.62994845389168,15.874779631486131,16.394465036675037,16.735508971026423,16.408675523269817,0.04949912343582229,7.0,0.0,3724.0,1880.0,1.0,0.0,0.0,snow/ice covered,0.268858700990677,-9.16623020172119,100.0,421.701202392578
arenacam6_1769615784838690831.png,1769615784838690831,1769615784.8386908,42.30099422230249,-83.69855929560997,237.36630249023438,-0.01748542351032739,-0.9996911824327408,0.0024950760062132198,-0.01748068438636934,-0.05296000000000001,0.01152,-0.034460000000000005,-3.6869,-0.9760000000000001,-7.9869,7.705341124573553,17.236385775203566,21.34000015258789,17.44999885559082,20.489999771118164,21.19999885559082,17.328276878702773,14.169559959729195,16.63806873194584,17.214594534729194,16.33762502627675,0.052143225421409464,7.300000190734863,0.0,3676.0,1888.0,1.0,0.0,0.0,snow/ice covered,0.268858700990677,-9.16623020172119,100.0,421.701202392578
arenacam6_1769615784859444967.png,1769615784859444967,1769615784.859445,42.3009942496248,-83.69856115042357,237.36660766601562,-0.017412191419590883,-0.9996959096015386,0.0015116262921504708,-0.017395944983606585,-0.10521000000000001,0.05250000000000001,-0.005260000000000001,-6.9472000000000005,-1.4591,-9.2992,7.586395230998663,16.97031094803015,20.869998931884766,15.269999504089355,21.06999969482422,20.579999923706055,16.946631554080582,12.399380386715984,17.109034017594453,16.711149685648614,15.791548911009908,0.06946024976384231,7.300000190734863,0.0,3676.0,1620.0,1.0,0.0,0.0,snow/ice covered,0.268858700990677,-9.16623020172119,100.0,421.701202392578
arenacam6_1769615784881878054.png,1769615784881878054,1769615784.881878,42.30099427809305,-83.69856299980131,237.3662567138672,-0.016873390384962494,-0.9997197608655484,0.0006024701158408446,-0.016592934086742585,-0.08419000000000001,0.06723000000000001,-0.052860000000000004,0.4897,2.0405,-10.2538,7.568407556551332,16.93007359955194,20.639999389648438,16.989999771118164,20.719999313354492,18.719999313354492,16.759869805188906,13.796036461945839,16.824830480837516,15.200812040837517,15.645387197202446,0.0758819147947173,7.400000095367432,0.0,3676.0,1620.0,1.0,0.0,0.0,snow/ice covered,0.268858700990677,-9.16623020172119,100.0,421.701202392578
arenacam6_1769615784900950544.png,1769615784900950544,1769615784.9009504,42.300994313354174,-83.6985648342168,237.36599731445312,-0.016790701965406163,-0.9997184897123403,0.0006802058019668034,-0.016749655962236036,0.04152000000000001,-0.024020000000000003,-0.021460000000000003,-0.6865,-0.48860000000000003,-11.537700000000001,7.5770004526222685,16.949295392488857,19.829999923706055,20.770000457763672,20.40999984741211,17.270000457763672,16.102142770648612,16.86543187110832,16.573108056297226,14.023399601108322,15.89102057479062,0.06243768800956855,6.800000190734863,0.0,3624.0,1608.0,1.0,0.0,0.0,snow/ice covered,0.268858700990677,-9.16623020172119,100.0,421.701202392578
arenacam6_1769615784921469737.png,1769615784921469737,1769615784.9214697,42.300994338441825,-83.69856664778567,237.3654327392578,-0.016558585578497043,-0.9997276383533062,0.0008448790059511508,-0.01642402312546311,0.0019000000000000002,0.048400000000000006,-0.012400000000000001,-4.5866,0.10600000000000001,-9.6023,7.498142991849311,16.7728959841874,18.850000381469727,20.899999618530273,20.44999885559082,17.229999542236328,15.306374106756934,16.970992388243065,16.605587619729196,13.990918488891678,15.718468150905217,0.06286498373782572,6.900000095367432,0.0,3624.0,1676.0,1.0,0.0,0.0,snow/ice covered,0.268858700990677,-9.16623020172119,100.0,421.701202392578
arenacam6_1769615784942082670.png,1769615784942082670,1769615784.9420826,42.30099437071466,-83.69856846180699,237.3646697998047,-0.01613599755933387,-0.9997546371790365,0.0015922923759410842,-0.01509170721846754,0.06907,0.0751,-0.03429000000000001,-1.8489,0.9246000000000001,-5.854500000000001,7.414116521941614,16.584933812592077,17.029998779296875,19.639999389648438,20.31999969482422,19.84000015258789,13.828516025377809,15.947860585188904,16.50002710259445,16.110263048702777,15.596666690465986,0.05958824637429371,6.5,0.0,3584.0,1620.0,1.0,0.0,0.0,snow/ice covered,0.268858700990677,-9.16623020172119,100.0,421.701202392578
arenacam6_1769615784962832616.png,1769615784962832616,1769615784.9628327,42.30099440674108,-83.69857025440139,237.36158752441406,-0.015856140754931858,-0.9997660845165978,0.0018975104336689912,-0.014586243685921638,0.014750000000000001,0.021300000000000003,-0.04136000000000001,0.7549,-3.5975,-9.5001,7.419847016391876,16.597752584847644,15.899999618530273,18.10999870300293,19.670000076293945,20.78999900817871,12.910946288243066,14.70548592102642,15.972221419351389,16.88167087843197,15.117581126763211,0.08917902893887605,6.0,0.0,3536.0,1588.0,1.0,0.0,0.0,snow/ice covered,0.268858700990677,-9.16623020172119,100.0,421.701202392578
arenacam6_1769615784983651242.png,1769615784983651242,1769615784.9836514,42.30099443182954,-83.69857204589461,237.3599853515625,-0.015377501608294875,-0.9997705440062394,0.0017544572808568257,-0.014809242431826198,-0.015580000000000002,-0.007020000000000001,-0.03304000000000001,-4.2114,-0.6177,-16.7806,7.3568069698885745,16.45673578322255,16.829999923706055,17.440000534057617,19.559999465942383,19.639999389648438,13.666115110648613,14.161441230459708,15.882899909540292,15.947860585188904,14.91457920895938,0.09370974867539525,6.099999904632568,0.0,3536.0,1588.0,1.0,0.0,0.0,snow/ice covered,0.268858700990677,-9.16623020172119,100.0,421.701202392578
arenacam6_1769615785006280375.png,1769615785006280375,1769615785.0062804,42.30099449779151,-83.69857560210095,237.35862731933594,-0.015556186038080344,-0.9997769558866941,0.002000248167340307,-0.014143640307683135,0.047880000000000006,0.08962000000000002,0.013930000000000001,-0.12290000000000001,2.6252,-10.5076,7.316025129394712,16.365509252948208,19.18000030517578,16.90999984741211,19.479999542236328,18.53999900817871,15.57433708740555,13.731075786297227,15.817939233891678,15.05465013343197,15.044500560256607,0.0807190703493461,6.099999904632568,0.0,3492.0,1592.0,1.0,0.0,0.0,snow/ice covered,0.268858700990677,-9.16623020172119,100.0,421.701202392578
arenacam6_1769615785025376382.png,1769615785025376382,1769615785.0253763,42.300994524490086,-83.69857735935662,237.3586883544922,-0.014936880477278924,-0.9997848031226171,0.0026653854563409556,-0.014146828868921301,0.04703000000000001,-0.019550000000000005,-0.058780000000000006,-1.9335,-1.1758,-8.0158,7.30748586888205,16.346407439537014,20.020000457763672,16.6299991607666,19.6299991607666,19.209999084472656,16.256424956108322,13.503712647134742,15.939740307134743,15.598696372783357,15.324643570790291,0.06250693753511764,5.800000190734863,0.0,3460.0,1468.0,1.0,0.0,0.0,snow/ice covered,0.268858700990677,-9.16623020172119,100.0,421.701202392578
arenacam6_1769615785045857997.png,1769615785045857997,1769615785.0458581,42.30099455093625,-83.69857912018387,237.358642578125,-0.014793650739343078,-0.9997815864278279,0.0026269446575987506,-0.014526751165474418,-0.012930000000000002,-0.036320000000000005,-0.00576,-3.8095000000000003,-1.5911000000000002,-9.796000000000001,7.242837015182182,16.20179183274163,19.209999084472656,16.619998931884766,19.60999870300293,19.689998626708984,15.598696372783357,13.495592369080581,15.923499751026421,15.988460426675033,15.251562229891348,0.05864966126339164,5.700000286102295,0.0,3388.0,1536.0,1.0,0.0,0.0,snow/ice covered,0.268858700990677,-9.16623020172119,100.0,421.701202392578
arenacam6_1769615785066480569.png,1769615785066480569,1769615785.0664806,42.30099457766396,-83.69858086291786,237.3595428466797,-0.01451732081365359,-0.9997808222247051,0.002654566147645708,-0.01484951806132966,0.00496,-0.04000000000000001,-0.026430000000000002,-2.7342,1.5172,-13.072000000000001,7.197829500549177,16.101112722958476,18.639999389648438,16.989999771118164,19.170000076293945,19.100000381469727,15.135851365188906,13.796036461945839,15.566216809351387,15.509376411756936,15.001870262060766,0.06827121080459903,5.5,0.0,3352.0,1588.0,1.0,0.0,0.0,snow/ice covered,0.268858700990677,-9.16623020172119,100.0,421.701202392578
arenacam6_1769615785087158442.png,1769615785087158442,1769615785.0871584,42.3009945942545,-83.69858259940081,237.35911560058594,-0.014312167316288482,-0.9997789500610835,0.002729375336426686,-0.015157948137564157,0.010700000000000001,-0.05439000000000001,-0.030390000000000004,-1.1976,-1.4879,-9.9335,7.186161691450354,16.075012534072957,18.479999542236328,17.75,19.059999465942383,18.229999542236328,15.005930013891678,14.413163655,15.476895299540292,14.802927708891678,14.924729169330911,0.07155722972556816,5.0,0.0,3312.0,1588.0,1.0,0.0,0.0,snow/ice covered,0.268858700990677,-9.16623020172119,100.0,421.701202392578
arenacam6_1769615785107664296.png,1769615785107664296,1769615785.1076643,42.3009945942545,-83.69858259940081,237.35911560058594,-0.014210444760023144,-0.9997751841387209,0.0025994775926523857,-0.015520539821604297,-0.02679,-0.051190000000000006,-0.0011400000000000002,-2.0832,-0.775,-8.3931,7.143556789885381,15.979707925566206,18.479999542236328,19.899999618530273,19.209999084472656,17.59000015258789,15.005930013891678,16.158983168243065,15.598696372783357,14.283242303702774,15.261712964655217,0.04493166985625918,4.599999904632568,0.0,3312.0,1652.0,1.0,0.0,0.0,snow/ice covered,0.268858700990677,-9.16623020172119,100.0,421.701202392578
arenacam6_1769615785128413722.png,1769615785128413722,1769615785.1284137,42.300994614882256,-83.69858433290594,237.35972595214844,-0.014135695009089733,-0.9997721941475803,0.002452316446129332,-0.01580278709565993,-0.030440000000000005,-0.05598000000000001,-0.014350000000000002,-3.3633,-0.7819,-7.5259,7.112903755144263,15.91113892603241,18.729999542236328,19.420000076293945,19.31999969482422,17.279998779296875,15.20893231889168,15.769219114351388,15.688017882594451,14.031518330377809,15.174421911553832,0.04630196605682484,4.400000095367432,0.0,3312.0,1644.0,1.0,0.0,0.0,snow/ice covered,0.268858700990677,-9.16623020172119,100.0,421.701202392578
arenacam6_1769615785149072381.png,1769615785149072381,1769615785.1490724,42.30099462827267,-83.69858604040483,237.35958862304688,-0.013821952203473598,-0.9997685681959124,0.0016024058624910754,-0.016407192941867592,-0.0702,-0.02172,-0.00237,-2.6144000000000003,1.2228,-10.4585,7.03534523474298,15.737645169405964,18.670000076293945,18.639999389648438,19.260000228881836,18.639999389648438,15.160212199351387,15.135851365188906,15.639297763054161,15.135851365188906,15.267803173195839,0.029854656853205666,3.5,0.0,3312.0,1824.0,1.0,0.0,0.0,snow/ice covered,0.268858700990677,-9.16623020172119,100.0,421.701202392578
arenacam6_1769615785169805751.png,1769615785169805751,1769615785.1698058,42.30099464935558,-83.69858775026229,237.3592529296875,-0.013530631205320609,-0.9997674044953548,0.0011679331776496037,-0.016753950575892216,-0.04009,-0.04712000000000001,-0.04360000000000001,-1.7425000000000002,-1.5425,-9.8642,7.01624791500105,15.69492561098245,18.19999885559082,17.85999870300293,18.84000015258789,19.209999084472656,14.778566874729195,14.50248361602642,15.298253828702775,15.598696372783357,15.044500173060438,0.041441766214354,3.299999952316284,0.0,3312.0,1824.0,1.0,0.0,0.0,snow/ice covered,0.268858700990677,-9.16623020172119,100.0,421.701202392578
arenacam6_1769615785253231168.png,1769615785253231168,1769615785.253231,42.300994696279346,-83.69859612840018,237.36251831054688,-0.013239175006085513,-0.9997345750532938,-0.0010656274727127036,-0.018824668025171427,-0.061520000000000005,-0.05256,0.00816,-3.9219000000000004,-1.5654000000000001,-10.030700000000001,6.825524197591099,15.268288098559433,15.829999923706055,18.0,18.299999237060547,17.03999900817871,12.854105890648613,14.61616596,14.859768106486131,13.83663630343197,14.04166906514168,0.08033769244460912,1.5,0.0,3312.0,1868.0,1.0,0.0,0.0,snow/ice covered,0.268858700990677,-9.16623020172119,100.0,421.701202392578
arenacam6_1769615785273503441.png,1769615785273503441,1769615785.2735035,42.30099470900042,-83.69859778262742,237.3631134033203,-0.013209134013599466,-0.9997272210101138,-0.0016070260939378862,-0.019194265214885,-0.041210000000000004,-0.051100000000000007,-0.0016500000000000002,-1.1948,1.8643,-9.433300000000001,6.791313486824095,15.191760791216293,13.869999885559082,18.19999885559082,18.18000030517578,16.65999984741211,11.26256778847292,14.778566874729195,14.762327867405547,13.528073481297227,13.582884002976222,0.10590456302934323,0.699999988079071,0.0,3312.0,1868.0,1.0,0.0,0.0,snow/ice covered,0.268858700990677,-9.16623020172119,100.0,421.701202392578
arenacam6_1769615785294188778.png,1769615785294188778,1769615785.2941887,42.300994717573495,-83.69859942439552,237.36415100097656,-0.013150285122278949,-0.9997162481039664,-0.0016812025067388485,-0.019790574429833997,-0.004530000000000001,-0.05933000000000001,-0.009520000000000002,-1.1817,-0.2534,-9.904300000000001,6.774997606061906,15.155263144904122,14.929999351501465,18.079999923706055,18.329999923706055,15.729999542236328,12.123297128013212,14.681126635648614,14.884128940648614,12.772904658891678,13.615364340800529,0.1016081865012932,0.699999988079071,0.0,3312.0,1696.0,1.0,0.0,0.0,snow/ice covered,0.268858700990677,-9.16623020172119,100.0,421.701202392578
arenacam6_1769615785314763706.png,1769615785314763706,1769615785.3147638,42.30099472418405,-83.69860103866321,237.36468505859375,-0.01315954587446233,-0.9997016987730878,-0.0018270900520629078,-0.02049393970231107,-0.021290000000000003,-0.05305000000000001,0.00445,-4.6067,-1.0022,-9.803,6.7028471757280155,14.993866961273028,17.329999923706055,17.670000076293945,18.44999885559082,16.190000534057617,14.072119720648613,14.348202979351388,14.981569179729195,13.14642970545971,14.137080396297225,0.0571424681297198,0.20000000298023224,0.0,3312.0,1688.0,1.0,0.0,0.0,snow/ice covered,0.268858700990677,-9.16623020172119,100.0,421.701202392578
arenacam6_1769615785335458888.png,1769615785335458888,1769615785.3354588,42.30099473692102,-83.69860266157724,237.36489868164062,-0.013153226033802534,-0.9996960945996045,-0.0021492849277162124,-0.02073865139062984,-0.03187,-0.0064800000000000005,-0.00079,-2.902,1.4183000000000001,-8.384400000000001,6.641831896005015,14.857379441449458,18.520000457763672,17.760000228881836,17.969999313354492,17.369998931884766,15.038411126108322,14.421283933054161,14.591805125837517,14.104599284080582,14.539024867270147,0.021427370515365488,-0.4000000059604645,0.0,3312.0,1760.0,1.0,0.0,0.0,snow/ice covered,0.268858700990677,-9.16623020172119,100.0,421.701202392578
arenacam6_1769615785356014385.png,1769615785356014385,1769615785.3560143,42.30099474235712,-83.69860426437707,237.36598205566406,-0.013062657597844918,-0.9996866531718298,-0.002131450869940644,-0.021246631821909757,0.009640000000000001,-0.06797000000000002,-0.01076,-2.5432,-0.8308000000000001,-10.481300000000001,6.61043385598478,14.787143909806595,17.229999542236328,16.84000015258789,17.850000381469727,17.889999389648438,13.990918488891678,13.674235388702774,14.494364886756935,14.526844450188904,14.171590803635073,0.04162758609276107,-1.0,0.0,3312.0,1940.0,1.0,0.0,0.0,snow/ice covered,0.268858700990677,-9.16623020172119,100.0,421.701202392578
arenacam6_1769615785376996333.png,1769615785376996333,1769615785.3769963,42.30099474545228,-83.69860583874353,237.36692810058594,-0.01318287462621165,-0.9996750072167859,-0.002332291081933953,-0.021694519607903258,-0.03334,-0.024850000000000004,0.024460000000000003,-4.4077,-1.1321,-10.9227,6.53767040051647,14.624376425731313,16.40999984741211,16.09000015258789,17.940000534057617,17.059999465942383,13.325071176297227,13.065228473702776,14.56744584045971,13.852876859540292,13.7026555875,0.06302633434746402,-1.399999976158142,0.0,3312.0,1976.0,1.0,0.0,0.0,snow/ice covered,0.268858700990677,-9.16623020172119,100.0,421.701202392578
arenacam6_1769615785397528095.png,1769615785397528095,1769615785.3975282,42.300994754255534,-83.69860742011619,237.36715698242188,-0.013364984609477826,-0.9996769679193045,-0.0025883332259745845,-0.021462467918800684,-0.015440000000000002,0.017030000000000003,0.018640000000000004,-1.986,1.5266000000000002,-7.599900000000001,6.491980551449606,14.522170974759682,15.489999771118164,15.569999694824219,17.65999984741211,15.889999389648438,12.578022631945839,12.642983307594454,14.340082701297225,12.902826010188903,13.115978662756605,0.09683072279255732,-2.4000000953674316,0.0,3312.0,2056.0,1.0,0.0,0.0,snow/ice covered,0.268858700990677,-9.16623020172119,100.0,421.701202392578
arenacam6_1769615785418044018.png,1769615785418044018,1769615785.4180439,42.30099476098605,-83.69860898556463,237.36720275878906,-0.013505865202000311,-0.9996735983830151,-0.0023646536695325904,-0.02155682523292537,0.037910000000000006,-0.01819,0.010090000000000002,-2.8593,1.1101,-7.226,6.451877284569368,14.432462372944602,13.779999732971191,15.229999542236328,17.40999984741211,14.920000076293945,11.189486834770145,12.36690004889168,14.137080396297227,12.115177624351388,12.45216122607761,0.13721159256782864,-3.5,0.0,3312.0,2096.0,1.0,0.0,0.0,snow/ice covered,0.268858700990677,-9.16623020172119,100.0,421.701202392578
arenacam6_1769615785438758302.png,1769615785438758302,1769615785.4387584,42.30099476607781,-83.69861052486253,237.3661346435547,-0.01349913221303467,-0.9996776966505039,-0.002285783110705099,-0.02137876153122557,-0.027350000000000003,0.022490000000000003,0.01124,-3.2071,-0.666,-8.9483,6.3667151361282635,14.24195975661076,13.420000076293945,16.729999542236328,17.350000381469727,13.84999942779541,10.897163794351389,13.58491387889168,14.088360276756935,11.246327232364598,12.454191295591151,0.12552826237202158,-4.0,0.0,3312.0,1904.0,1.0,0.0,0.0,snow/ice covered,0.268858700990677,-9.16623020172119,100.0,421.701202392578
arenacam6_1769615785459494710.png,1769615785459494710,1769615785.4594946,42.300994781606356,-83.6986120651491,237.36477661132812,-0.013611310195825621,-0.9996770026150261,-0.002231372915301972,-0.02134581111840311,0.024720000000000002,-0.00581,0.006410000000000002,-2.8565,1.8524,-9.361500000000001,6.322190640000993,14.142361130243822,14.969999313354492,16.5,17.78999900817871,13.34000015258789,12.155777465837517,13.39815213,14.445643218431968,10.832203118702774,12.707943983243064,0.101426991843195,-4.900000095367432,0.0,3312.0,1716.0,1.0,0.0,0.0,snow/ice covered,0.268858700990677,-9.16623020172119,100.0,421.701202392578
arenacam6_1769615785500993914.png,1769615785500993914,1769615785.5009937,42.30099479659766,-83.69861511038302,237.36233520507812,-0.013553570105743207,-0.9996835797989816,-0.002358471341098017,-0.021058932323724463,-0.011640000000000001,-0.015380000000000001,-0.00803,-0.2787,-0.6498,-10.2186,6.265115677657411,14.014687863978969,16.34000015258789,12.569999694824219,16.989999771118164,12.929999351501465,13.268230778702774,10.206955647594452,13.796036461945839,10.499278688013211,11.94262539406407,0.14784934848535478,-6.200000286102295,0.0,3312.0,1804.0,1.0,0.0,0.0,snow/ice covered,0.268858700990677,-9.16623020172119,100.0,421.701202392578
arenacam6_1769615785521819095.png,1769615785521819095,1769615785.521819,42.30099480704646,-83.69861661673669,237.3612060546875,-0.013542292086792418,-0.9996774134791206,-0.00242167898074787,-0.021349725423185553,-0.008760000000000002,-0.012620000000000003,0.006530000000000001,-2.7316000000000003,0.3069,-10.7271,6.225019635181335,13.924995422722535,16.369998931884766,12.829999923706055,17.350000381469727,12.65999984741211,13.292590064080583,10.418078230648614,14.088360276756935,10.280036601297226,12.01976629319584,0.13682080831551152,-6.700000286102295,0.0,3280.0,1600.0,1.0,0.0,0.0,snow/ice covered,0.268858700990677,-9.16623020172119,100.0,421.701202392578
arenacam6_1769615785542299467.png,1769615785542299467,1769615785.5422995,42.30099481699886,-83.69861812243141,237.35995483398438,-0.013582179789160098,-0.9996746579596474,-0.0022907835722001373,-0.021467532137202094,-0.0007000000000000001,-0.021230000000000002,-0.0037,-1.4415,-1.0001,-9.4389,6.163821005754746,13.788097760613022,16.35999870300293,13.09999942779541,16.959999084472656,12.710000038146973,13.28446978602642,10.637320317364598,13.771675627783356,10.320637217175694,12.003525737087516,0.12942844288668312,-7.099999904632568,0.0,3280.0,1532.0,1.0,0.0,0.0,snow/ice covered,0.268858700990677,-9.16623020172119,100.0,421.701202392578
arenacam6_1769615785562882285.png,1769615785562882285,1769615785.5628822,42.30099482568751,-83.69861960625778,237.35816955566406,-0.013628039934310165,-0.9996710717692547,-0.0024400355921704777,-0.02158867808754218,-0.014820000000000002,0.0027700000000000003,0.004480000000000001,-1.1357000000000002,-1.0742,-10.8045,6.130869922607541,13.714388164677715,15.789999961853027,13.429999351501465,16.869998931884766,14.079999923706055,12.821625552824306,10.905283298013211,13.698594674080582,11.433089755648613,12.214648320141677,0.10935521341000931,-7.400000095367432,0.0,3280.0,1580.0,1.0,0.0,0.0,snow/ice covered,0.268858700990677,-9.16623020172119,100.0,421.701202392578
arenacam6_1769615785583944213.png,1769615785583944213,1769615785.583944,42.300994835356725,-83.69862109030768,237.3570098876953,-0.013719003296123522,-0.9996601990014641,-0.002532016791102192,-0.022019636052488065,-0.008480000000000001,-0.029050000000000006,0.01037,-2.4666,-0.3151,-10.915700000000001,6.087790797680508,13.618022746963437,15.299999237060547,14.119999885559082,16.489999771118164,15.9399995803833,12.42374044648613,11.46557009347292,13.39003185194584,12.943426626067373,12.555692254493065,0.07800915831978994,-7.5,0.0,3280.0,1624.0,1.0,0.0,0.0,snow/ice covered,0.268858700990677,-9.16623020172119,100.0,421.701202392578
arenacam6_1769615785625265461.png,1769615785625265461,1769615785.6252654,42.300994855484355,-83.69862548827167,237.3536376953125,-0.013962690004624911,-0.9996339556700946,-0.0030237680413757843,-0.022975090555336287,-0.03309,-0.06441000000000001,0.010320000000000001,-1.8652000000000002,0.5757,-9.8632,6.016485212962227,13.458516432283725,13.639999389648438,12.139999389648438,15.229999542236328,15.1899995803833,11.075805265188903,9.857791435188904,12.36690004889168,12.33441971106737,11.408729115084213,0.15230410628935054,-7.400000095367432,0.0,3232.0,1692.0,1.0,0.0,0.0,snow/ice covered,0.268858700990677,-9.16623020172119,100.0,421.701202392578
arenacam6_1769615785645854764.png,1769615785645854764,1769615785.6458547,42.300994864146844,-83.69862693954448,237.35272216796875,-0.014045866881902291,-0.9996193013920471,-0.00308563841247342,-0.02354665036897909,0.007410000000000001,-0.07298,0.006960000000000001,-2.5061,1.4828000000000001,-9.132100000000001,5.975905197768191,13.367741373095578,14.859999656677246,10.139999389648438,15.710000038146973,14.670000076293945,12.066456730418759,8.233772995188904,12.756664877175693,11.912175319351388,11.242267480533688,0.15900022548608694,-7.400000095367432,0.0,3232.0,1444.0,1.0,0.0,0.0,snow/ice covered,0.268858700990677,-9.16623020172119,100.0,421.701202392578
arenacam6_1769615785666651828.png,1769615785666651828,1769615785.666652,42.30099487772578,-83.6986283665365,237.3507537841797,-0.013978527693971787,-0.9996056970028449,-0.0029123647763645046,-0.024177870344069406,0.009470000000000001,-0.07097000000000002,-0.006150000000000001,-3.2299,-0.22440000000000002,-9.306700000000001,5.924657562111516,13.253103486989737,16.3799991607666,10.59000015258789,16.469999313354492,14.309999465942383,13.300710342134742,8.599177763702775,13.373791295837517,11.619851504540291,11.723382726553833,0.1154235882891577,-7.700000286102295,0.0,3196.0,1376.0,1.0,0.0,0.0,snow/ice covered,0.268858700990677,-9.16623020172119,100.0,421.701202392578
arenacam6_1769615785687034501.png,1769615785687034501,1769615785.6870346,42.30099489358161,-83.69862979582454,237.34869384765625,-0.013967081747213395,-0.9995919511428635,-0.002735913340973742,-0.024766239441238264,0.023070000000000004,-0.05128000000000001,-0.009960000000000002,-3.0092000000000003,0.5043,-8.6079,5.853279355307915,13.093434721062488,15.960000038146973,13.899999618530273,16.19999885559082,14.84999942779541,12.959667182175693,11.286927848243065,13.154548434729195,12.058336452364598,12.364869979378138,0.05564351579286977,-7.900000095367432,0.0,3196.0,1376.0,1.0,0.0,0.0,snow/ice covered,0.268858700990677,-9.16623020172119,100.0,421.701202392578
arenacam6_1769615785707744911.png,1769615785707744911,1769615785.707745,42.30099490512667,-83.69863121148325,237.3469696044922,-0.014021942853028602,-0.9995842294617925,-0.002432879983215402,-0.025076571234691595,0.027400000000000004,-0.021650000000000003,0.01156,-3.0075000000000003,-1.3274000000000001,-10.523900000000001,5.801606169949531,12.977844905806906,15.639999389648438,16.6299991607666,15.979999542236328,14.989999771118164,12.699823705188903,13.503712647134742,12.975906963891678,12.172018021945838,12.837865334540291,0.010786041309831127,-7.300000190734863,0.0,3196.0,1660.0,1.0,0.0,0.0,snow/ice covered,0.268858700990677,-9.16623020172119,100.0,421.701202392578
arenacam6_1769615785749219733.png,1769615785749219733,1769615785.74922,42.30099493012595,-83.69863399309959,237.3418426513672,-0.014376432820183416,-0.9995861964958965,-0.002479122639647297,-0.024791286880101588,-0.007490000000000002,0.04292000000000001,0.0024700000000000004,-1.1424,-0.2721,-7.528700000000001,5.709965510517289,12.772850249096546,15.139999389648438,13.619999885559082,15.719999313354492,15.579999923706055,12.293819095188905,11.059565483472921,12.764784380837519,12.651103585648613,12.192318136286989,0.045450475147519986,-7.400000095367432,0.0,3196.0,2044.0,1.0,0.0,0.0,snow/ice covered,0.268858700990677,-9.16623020172119,100.0,421.701202392578
arenacam6_1769615785769921181.png,1769615785769921181,1769615785.7699213,42.30099493822544,-83.69863537168338,237.3395233154297,-0.014497128391794956,-0.9995764602571187,-0.002764111953967365,-0.025081727479314968,-0.03583000000000001,-0.04241,0.02278,-3.3628,-1.1184,-10.6522,5.6657132530631555,12.673860604307096,15.0,12.569999694824219,15.739999771118164,15.579999923706055,12.180138300000001,10.206955647594452,12.781024936945839,12.651103585648613,11.954805617547226,0.05673527658300943,-7.0,0.0,3196.0,2044.0,1.0,0.0,0.0,snow/ice covered,0.268858700990677,-9.16623020172119,100.0,421.701202392578
arenacam6_1769615785790488214.png,1769615785790488214,1769615785.7904882,42.30099494889356,-83.69863673045603,237.3372344970703,-0.01484388071799253,-0.9995743882683866,-0.0032292018007788227,-0.024905296200613127,-0.014730000000000002,0.005560000000000001,0.012370000000000003,0.2894,2.2561,-10.685,5.622149744531851,12.576411649533078,14.769999504089355,11.199999809265137,15.25999927520752,15.239999771118164,11.993375776715984,9.094503109121534,12.391260108661823,12.375020326945839,11.463539830361295,0.08848881940128768,-7.400000095367432,0.0,3196.0,1876.0,1.0,0.0,0.0,snow/ice covered,0.268858700990677,-9.16623020172119,100.0,421.701202392578
arenacam6_1769615785811528791.png,1769615785811528791,1769615785.8115287,42.30099496000415,-83.69863809957603,237.33419799804688,-0.01479741564907322,-0.9995599384966154,-0.002884970807798941,-0.025546874293914994,0.037430000000000005,-0.05865000000000001,0.004210000000000001,-2.5349,-0.6534,-11.7988,5.597749734787587,12.521830291735744,10.869999885559082,13.00999927520752,15.40999984741211,15.279999732971191,8.826540128472919,10.564239363661825,12.513061956297227,12.407500664770147,11.077835528300529,0.1153181867021656,-7.900000095367432,0.0,3196.0,1816.0,1.0,0.0,0.0,snow/ice covered,0.268858700990677,-9.16623020172119,100.0,421.701202392578
arenacam6_1769615785852670960.png,1769615785852670960,1769615785.852671,42.300994989751885,-83.69864214101241,237.33189392089844,-0.01521335250958089,-0.9995235433136983,-0.0032823003742796543,-0.026654582557255533,-0.021340000000000005,-0.07543000000000001,0.014340000000000002,-2.7293000000000003,2.8057000000000003,-10.9695,5.515836901490486,12.33859619842013,6.449999809265137,15.1899995803833,15.1899995803833,15.029999732971191,5.237459314121533,12.33441971106737,12.33441971106737,12.204498359770147,10.527699274006606,0.14676685218415655,-7.900000095367432,0.0,3156.0,1384.0,1.0,0.0,0.0,snow/ice covered,0.268858700990677,-9.16623020172119,100.0,421.701202392578
arenacam6_1769615785873371502.png,1769615785873371502,1769615785.8733714,42.300995001803344,-83.69864347368136,237.33193969726562,-0.015285548688085626,-0.9995087896910639,-0.0031853730601424154,-0.027173235546696945,0.010050000000000002,-0.05611000000000001,0.0004000000000000001,-1.873,0.0426,-9.2013,5.489955877467481,12.280701900542107,7.46999979019165,14.719999313354492,15.119999885559082,15.09999942779541,6.065708703033686,11.952775160837517,12.27757931347292,12.261338757364596,10.63935048367718,0.13365289949693124,-7.400000095367432,0.0,3124.0,1384.0,1.0,0.0,0.0,snow/ice covered,0.268858700990677,-9.16623020172119,100.0,421.701202392578
arenacam6_1769615785893997067.png,1769615785893997067,1769615785.893997,42.30099501270322,-83.69864478520384,237.33132934570312,-0.015306210766554806,-0.9994910669039285,-0.0032949999048158193,-0.027793345729576615,-0.021230000000000002,-0.06391000000000001,0.00632,-3.6287000000000003,-0.8015,-9.1219,5.43684168062341,12.161888629053733,10.719999313354492,14.559999465942383,14.979999542236328,14.809999465942383,8.704738280837518,11.822853809540293,12.16389774389168,12.025856114540291,11.179336487202445,0.08078943754706432,-7.0,0.0,3124.0,1380.0,1.0,0.0,0.0,snow/ice covered,0.268858700990677,-9.16623020172119,100.0,421.701202392578
arenacam6_1769615785914681324.png,1769615785914681324,1769615785.9146814,42.300995026482035,-83.69864610130668,237.3306427001953,-0.015407305627182788,-0.9994831649178089,-0.003485770611892515,-0.02799763172898519,-0.011000000000000001,-0.0027700000000000003,0.007220000000000001,-3.0971,1.0808,-8.4977,5.374599701398505,12.022657056046373,13.229999542236328,14.65999984741211,15.119999885559082,14.539999961853027,10.742881608891679,11.904055041297227,12.27757931347292,11.806614027824308,11.682782497871534,0.02826950453551461,-6.400000095367432,0.0,3092.0,1456.0,1.0,0.0,0.0,snow/ice covered,0.268858700990677,-9.16623020172119,100.0,421.701202392578
arenacam6_1769615785935363182.png,1769615785935363182,1769615785.935363,42.3009950395458,-83.69864739607486,237.3298797607422,-0.015408120428927252,-0.999479180096839,-0.003431469324680206,-0.028145752718164108,0.011040000000000001,-0.012160000000000002,0.0012900000000000001,-3.0158,0.062,-8.2728,5.328868193368354,11.920358416473407,15.15999984741211,13.649999618530273,14.6899995803833,14.699999809265137,12.310059651297227,11.083925543243065,11.928415101067372,11.936535379121532,11.814733918682299,0.008860849154094236,-5.099999904632568,0.0,3092.0,1556.0,1.0,0.0,0.0,snow/ice covered,0.268858700990677,-9.16623020172119,100.0,421.701202392578
arenacam6_1769615785956114253.png,1769615785956114253,1769615785.9561143,42.300995043843955,-83.69864866812846,237.32843017578125,-0.01566640297663585,-0.9994809123742552,-0.00364619707888327,-0.02791370387752694,-0.02894,0.05208,0.01881,-3.4067000000000003,-1.3217,-10.0367,5.238989644023782,11.71930549430256,15.049999237060547,12.90999984741211,14.50999927520752,14.6899995803833,12.22073814148613,10.483038906297226,11.782253193661825,11.928415101067372,11.603611335628138,0.009872100247806336,-4.5,0.0,3092.0,1684.0,1.0,0.0,0.0,snow/ice covered,0.268858700990677,-9.16623020172119,100.0,421.701202392578
arenacam6_1769615785976925034.png,1769615785976925034,1769615785.976925,42.30099505663937,-83.69864994419254,237.32647705078125,-0.015912923964439774,-0.9994904230716286,-0.00379889122763615,-0.027408784439283556,-0.0024500000000000004,0.06545000000000001,0.031540000000000006,-0.8029000000000001,1.483,-8.4212,5.210194620848604,11.654892755161077,14.75,13.269999504089355,14.589999198913574,14.309999465942383,11.977135995,10.775361946715984,11.847213869310437,11.619851504540291,11.55489082889168,0.008580252806282967,-3.9000000953674316,0.0,3092.0,1684.0,1.0,0.0,0.0,snow/ice covered,0.268858700990677,-9.16623020172119,100.0,421.701202392578
arenacam6_1769615785997579827.png,1769615785997579827,1769615785.9975798,42.300995063683565,-83.69865120624786,237.3247833251953,-0.016124055081188804,-0.9994939036860382,-0.003606014954343725,-0.027183597965174916,0.019360000000000002,0.033850000000000005,0.018150000000000003,-2.1217,-1.4167,-8.770900000000001,5.19271312561629,11.615787699216105,14.589999198913574,13.799999237060547,14.50999927520752,14.5,11.847213869310437,11.20572661648613,11.782253193661825,11.77413369,11.652331842364598,0.0031460753325372316,-3.200000047683716,0.0,3092.0,1680.0,1.0,0.0,0.0,snow/ice covered,0.268858700990677,-9.16623020172119,100.0,421.701202392578
arenacam6_1769615786018808496.png,1769615786018808496,1769615786.0188086,42.30099506471161,-83.69865245234526,237.32240295410156,-0.016436179167939213,-0.9994941107820059,-0.003928766310908768,-0.026943261156010017,-0.04345,0.03327000000000001,0.033120000000000004,-3.7359,-0.7901,-9.813,5.13447071489368,11.485502920974268,14.589999198913574,14.4399995803833,14.359999656677246,14.429999351501465,11.847213869310437,11.725412796067372,11.66045212041876,11.71729251801321,11.737592825952445,0.02194852996100181,-2.799999952316284,0.0,3092.0,1732.0,1.0,0.0,0.0,snow/ice covered,0.268858700990677,-9.16623020172119,100.0,421.701202392578
arenacam6_1769615786038776144.png,1769615786038776144,1769615786.0387762,42.300995077158085,-83.69865370711523,237.3198699951172,-0.0167155545816014,-0.999501356100591,-0.004129183888011083,-0.026468457237399247,-0.00321,0.0361,0.026500000000000003,-0.1694,2.6701,-10.0906,5.12138114762883,11.456222344376835,14.09999942779541,13.1899995803833,14.299999237060547,14.170000076293945,11.449329537364598,10.710401271067372,11.61173122648613,11.506170709351387,11.319408186067372,0.01194234488444757,-2.4000000953674316,0.0,3092.0,1780.0,1.0,0.0,0.0,snow/ice covered,0.268858700990677,-9.16623020172119,100.0,421.701202392578
arenacam6_1769615786101723822.png,1769615786101723822,1769615786.101724,42.30099511399162,-83.69865740785133,237.3137969970703,-0.017125970967802884,-0.9994964424095856,-0.0038171422751367683,-0.02643845974793898,0.030730000000000004,-0.00837,0.00496,0.2765,2.1797,-9.0481,5.036432944249258,11.266198310308935,13.719999313354492,8.649999618530273,13.90999984741211,13.859999656677246,11.140765940837518,7.023879443243065,11.295048126297226,11.254447510418759,10.178535255199142,0.09654215425220648,-1.5,0.0,2940.0,1956.0,1.0,0.0,0.0,snow/ice covered,0.268858700990677,-9.16623020172119,100.0,421.701202392578
arenacam6_1769615786122424892.png,1769615786122424892,1769615786.1224248,42.30099513319676,-83.69865862410985,237.31211853027344,-0.017103940077236868,-0.9994853118666167,-0.0031242717201613816,-0.0269593309068461,0.07270000000000001,-0.06455000000000001,-0.0022800000000000003,-2.8483,0.33240000000000003,-10.145100000000001,5.012794735163051,11.213321054875635,13.799999237060547,9.559999465942383,13.90999984741211,13.699999809265137,11.20572661648613,7.762807709540291,11.295048126297226,11.124526159121533,10.347027152861294,0.07725578334686763,-1.8000000715255737,0.0,2892.0,1720.0,1.0,0.0,0.0,snow/ice covered,0.268858700990677,-9.16623020172119,100.0,421.701202392578
arenacam6_1769615786142728261.png,1769615786142728261,1769615786.142728,42.30099515566119,-83.69865982207799,237.3098602294922,-0.017145105143008488,-0.9994829507725639,-0.0024665303072341944,-0.027088608543947675,0.06741000000000001,0.004350000000000001,-0.00055,-3.8854,0.7765000000000001,-9.4049,4.939393891104366,11.049127770767003,12.6899995803833,12.989999771118164,13.75,13.569999694824219,10.304396661067372,10.54799958194584,11.165126775000001,11.018964867594454,10.759121971401916,0.026246940517093448,-2.299999952316284,0.0,2852.0,1704.0,1.0,0.0,0.0,snow/ice covered,0.268858700990677,-9.16623020172119,100.0,421.701202392578
arenacam6_1769615786163261585.png,1769615786163261585,1769615786.1632617,42.30099517933245,-83.6986610321832,237.30697631835938,-0.01708297595608399,-0.9994869501031722,-0.0017788114406169387,-0.027034132791741935,0.06520000000000001,-0.00922,-0.008870000000000001,-0.9208000000000001,0.0839,-7.773300000000001,4.920070647568522,11.00590283437193,11.279999732971191,13.6899995803833,13.609999656677246,13.119999885559082,9.159463784770146,11.11640588106737,11.051445205418759,10.65356087347292,10.4952189361823,0.04640090920980535,-2.700000047683716,0.0,2852.0,1792.0,1.0,0.0,0.0,snow/ice covered,0.268858700990677,-9.16623020172119,100.0,421.701202392578
arenacam6_1769615786183798400.png,1769615786183798400,1769615786.1837983,42.30099520526114,-83.69866222080182,237.30418395996094,-0.01703780487766715,-0.9994850575187655,-0.0012013442333591272,-0.02716412659544643,0.05562,-0.006400000000000001,-0.005360000000000001,-2.008,0.5875,-8.0053,4.893647870044317,10.946796666416935,10.369999885559082,12.799999237060547,13.609999656677246,12.809999465942383,8.42053551847292,10.39371739648613,11.051445205418759,10.401837674540293,10.066883948729526,0.08038084057839898,-2.700000047683716,0.0,2852.0,1792.0,1.0,0.0,0.0,snow/ice covered,0.268858700990677,-9.16623020172119,100.0,421.701202392578
arenacam6_1769615786204413640.png,1769615786204413640,1769615786.2044137,42.30099522773504,-83.6986633950185,237.29995727539062,-0.016869693845963707,-0.9994871068825447,-0.0008600209938322244,-0.027206561138706068,0.025360000000000004,-0.010450000000000001,-0.021910000000000002,-3.5267000000000004,-0.8819,-8.5982,4.847323824446976,10.84317255585842,12.359999656677246,12.139999389648438,13.210000038146973,13.119999885559082,10.03643368041876,9.857791435188904,10.726641827175694,10.65356087347292,10.31860695406407,0.048377501980353024,-2.9000000953674316,0.0,2852.0,1660.0,1.0,0.0,0.0,snow/ice covered,0.268858700990677,-9.16623020172119,100.0,421.701202392578
arenacam6_1769615786225154157.png,1769615786225154157,1769615786.2251542,42.30099525170146,-83.69866456763802,237.2958984375,-0.016734813468444076,-0.9994900564969473,-0.0006612158575615718,-0.027187051614600426,0.02065,-0.0027700000000000003,-0.01042,-3.3173000000000004,0.0893,-9.819,4.787882533693861,10.710205954921147,13.039999961853027,11.949999809265137,13.0,13.049999237060547,10.588600197824306,9.703510024121533,10.556119859999999,10.59671970148613,10.361237445857991,0.03258280097805315,-2.9000000953674316,0.0,2820.0,1796.0,1.0,0.0,0.0,snow/ice covered,0.268858700990677,-9.16623020172119,100.0,421.701202392578
arenacam6_1769615786245932408.png,1769615786245932408,1769615786.2459323,42.30099527338995,-83.698665729899,237.2925262451172,-0.01665546880881391,-0.9994922398232611,-0.0005324820390697465,-0.02715832017481087,0.01017,-0.0159,-0.008960000000000003,-1.2949000000000002,-0.0969,-11.215200000000001,4.770305701115855,10.6708876350541,13.420000076293945,11.579999923706055,13.039999961853027,13.039999961853027,10.897163794351389,9.403066705648614,10.588600197824306,10.588600197824306,10.369357723912154,0.028257247330710698,-2.5,0.0,2820.0,2008.0,1.0,0.0,0.0,snow/ice covered,0.268858700990677,-9.16623020172119,100.0,421.701202392578
arenacam6_1769615786266548571.png,1769615786266548571,1769615786.2665484,42.30099529181689,-83.69866687192564,237.2896270751953,-0.016662055558902322,-0.9994860583250711,-0.00038567207048344383,-0.027383322943328597,0.015370000000000002,-0.02313,-0.0012100000000000001,-4.0754,-0.5167,-11.668000000000001,4.710629971416866,10.537396608261245,12.670000076293945,11.279999732971191,13.00999927520752,12.960000038146973,10.288156879351387,9.159463784770146,10.564239363661825,10.523639522175694,10.133874887489762,0.03829425196496113,-2.1000001430511475,0.0,2820.0,2008.0,1.0,0.0,0.0,snow/ice covered,0.268858700990677,-9.16623020172119,100.0,421.701202392578
arenacam6_1769615786287346850.png,1769615786287346850,1769615786.2873468,42.300995309248144,-83.69866801686013,237.28684997558594,-0.01672383525935156,-0.9994855849680341,-0.000337358161278006,-0.027363570030167376,0.0008000000000000001,0.007130000000000001,0.00676,-1.9789,-0.3798,-11.4936,4.666664069583193,10.439047523813429,12.739999771118164,10.710000038146973,13.15999984741211,12.819999694824219,10.34499727694584,8.696618777175694,10.686041211297226,10.409957952594452,10.034403804503302,0.03876251337941109,-1.2000000476837158,0.0,2820.0,1988.0,1.0,0.0,0.0,snow/ice covered,0.268858700990677,-9.16623020172119,100.0,421.701202392578
arenacam6_1769615786308002115.png,1769615786308002115,1769615786.308002,42.300995327495535,-83.69866914587402,237.2854461669922,-0.016857688763313727,-0.9994732794393812,-0.00024158094772609023,-0.027729472676080263,0.015280000000000002,-0.03295,0.013420000000000001,-2.676,0.27640000000000003,-10.854000000000001,4.633458158146521,10.364767892284279,12.84000015258789,10.219999313354492,12.84000015258789,12.779999732971191,10.426198508702774,8.298733670837517,10.426198508702774,10.377477614770147,9.882152075753304,0.04656310894238579,-0.9000000357627869,0.0,2820.0,2040.0,1.0,0.0,0.0,snow/ice covered,0.268858700990677,-9.16623020172119,100.0,421.701202392578
arenacam6_1769615786328522612.png,1769615786328522612,1769615786.3285224,42.30099534031618,-83.69867025727679,237.2842559814453,-0.016985665987734322,-0.999465435260918,-8.119268962937867e-05,-0.027934284981078254,0.012980000000000002,-0.00288,0.013680000000000001,-3.4572000000000003,-1.3609,-9.6111,4.578739469006167,10.242365467798656,12.210000038146973,9.960000038146973,12.639999389648438,12.809999465942383,9.914632607175696,8.087611862175693,10.263796045188904,10.401837674540293,9.666969547270146,0.056178030586539675,-0.10000000149011612,0.0,2820.0,2088.0,1.0,0.0,0.0,snow/ice covered,0.268858700990677,-9.16623020172119,100.0,421.701202392578
arenacam6_1769615786349124459.png,1769615786349124459,1769615786.3491244,42.30099535274398,-83.69867136838735,237.28273010253906,-0.01727397516615442,-0.9994573927684535,-8.619927064829058e-05,-0.02804500654537409,0.00016,-0.01042,0.030990000000000004,-2.4085,-0.0627,-8.439300000000001,4.539414102106977,10.154396981567182,12.210000038146973,9.989999771118164,12.649999618530273,12.449999809265137,9.914632607175696,8.11197192194584,10.271916323243065,10.109514634121533,9.602008871621534,0.054398908270808496,0.699999988079071,0.0,2820.0,2092.0,1.0,0.0,0.0,snow/ice covered,0.268858700990677,-9.16623020172119,100.0,421.701202392578
arenacam6_1769615786370130472.png,1769615786370130472,1769615786.3701305,42.300995367779,-83.69867246456468,237.2814483642578,-0.017653368948893355,-0.9994457300641355,0.00023877648104329852,-0.02822293760602267,0.031450000000000006,-0.0073100000000000005,0.013680000000000001,-3.2103,-0.08950000000000001,-8.3156,4.463161331324209,9.983824108492378,12.40999984741211,10.329999923706055,12.619999885559082,12.039999961853027,10.077034296297228,8.388055180648614,10.24755626347292,9.776590977824307,9.622309179560768,0.03621006590291398,0.9000000357627869,0.0,2820.0,2132.0,1.0,0.0,0.0,snow/ice covered,0.268858700990677,-9.16623020172119,100.0,421.701202392578
arenacam6_1769615786390520356.png,1769615786390520356,1769615786.3905203,42.300995378185156,-83.69867353760878,237.27882385253906,-0.017725448180807624,-0.9994465793314262,0.00036581837633357754,-0.028146220464144837,0.026050000000000004,0.014990000000000002,0.013610000000000002,-3.1343,-1.0948,-8.3887,4.43731515622842,9.926007765573603,11.630000114440918,10.179999351501465,12.25,11.75999927520752,9.44366732152708,8.26625333301321,9.947112945,9.549227838661823,9.301565359550528,0.06290972370471339,1.3000000715255737,0.0,2820.0,2264.0,1.0,0.0,0.0,snow/ice covered,0.268858700990677,-9.16623020172119,100.0,421.701202392578
arenacam6_1769615786411199290.png,1769615786411199290,1769615786.4111993,42.30099538714201,-83.69867461202004,237.27618408203125,-0.018024917472142854,-0.9994464199672352,0.0003179744367836062,-0.027961667637269306,-0.014810000000000002,0.026230000000000003,0.03268,-2.2694,-1.7119,-8.228900000000001,4.398339363923071,9.838821256734075,9.699999809265137,9.289999961853027,10.010000228881836,11.920000076293945,7.876489279121533,7.543565622824306,8.128212478054161,9.679149964351387,8.306854336087847,0.15570634740393216,1.600000023841858,0.0,2820.0,2176.0,1.0,0.0,0.0,snow/ice covered,0.268858700990677,-9.16623020172119,100.0,421.701202392578
arenacam6_1769615786431912719.png,1769615786431912719,1769615786.4319127,42.300995394516235,-83.69867567648987,237.2733917236328,-0.01847742094748489,-0.9994387178064681,-0.0004300017569227911,-0.02794010313119238,-0.052550000000000006,-0.0016300000000000002,0.030080000000000006,-3.4586,0.4913,-8.9951,4.338543201083916,9.705060828232655,10.359999656677246,8.84999942779541,10.010000228881836,12.139999389648438,8.412415240418758,7.186281132364598,8.128212478054161,9.857791435188904,8.396175071506605,0.1348663114937329,1.8000000715255737,0.0,2820.0,1848.0,1.0,0.0,0.0,snow/ice covered,0.268858700990677,-9.16623020172119,100.0,421.701202392578
arenacam6_1769615786452608703.png,1769615786452608703,1769615786.4526088,42.30099539599318,-83.69867671883027,237.26962280273438,-0.01877630658772561,-0.9994391740683051,-0.0010679348029011791,-0.02770644625072959,-0.07413,0.026220000000000004,0.028800000000000006,-1.3628,-1.1196000000000002,-9.6264,4.303666175692208,9.627043015052928,12.319999694824219,7.839999675750732,11.59999942779541,11.6899995803833,10.003953342594452,6.366152021506606,9.419306487364599,9.49238744106737,8.820449823133258,0.08378410594597682,1.899999976158142,0.0,2820.0,1848.0,1.0,0.0,0.0,snow/ice covered,0.268858700990677,-9.16623020172119,100.0,421.701202392578
arenacam6_1769615786473289582.png,1769615786473289582,1769615786.4732895,42.30099539432639,-83.6986777696652,237.26580810546875,-0.019163317144784198,-0.9994251113481887,-0.0018000447971470417,-0.027910104288541095,-0.05691000000000001,-0.025130000000000006,0.04551000000000001,-2.2185,2.5090000000000003,-10.026200000000001,4.283781571165578,9.58256234780313,12.279999732971191,6.329999923706055,11.75,11.649999618530273,9.971473004770145,5.140018300648613,9.541108335,9.459907103243065,8.528126685915456,0.1100369216099502,1.8000000715255737,0.0,2820.0,1584.0,1.0,0.0,0.0,snow/ice covered,0.268858700990677,-9.16623020172119,100.0,421.701202392578
arenacam6_1769615786494043612.png,1769615786494043612,1769615786.4940436,42.300995401323206,-83.6986788066367,237.26278686523438,-0.019392321783550714,-0.9994170664410886,-0.0019346496780512402,-0.02803073835551535,-0.00905,-0.0083,0.012940000000000002,-2.0275000000000003,-0.6815,-11.5519,4.249549284021026,9.505986775397995,11.489999771118164,6.190000057220459,11.819999694824219,11.829999923706055,9.329985751945838,5.02633711826354,9.597948732594453,9.606069010648612,8.390085153363112,0.1173893514056738,1.600000023841858,0.0,2820.0,1612.0,1.0,0.0,0.0,snow/ice covered,0.268858700990677,-9.16623020172119,100.0,421.701202392578
arenacam6_1769615786577008048.png,1769615786577008048,1769615786.577008,42.300995481475795,-83.69868387055487,237.25424194335938,-0.02002308870459918,-0.9993459685443968,0.00010090269873542536,-0.030111474414826252,0.08298000000000001,-0.08009000000000001,-0.0015400000000000001,-3.4731,0.37360000000000004,-11.0748,4.103150077675021,9.178500534754363,11.279999732971191,10.880000114440918,11.429999351501465,11.139999389648438,9.159463784770146,8.83466040652708,9.28126485801321,9.045782215188904,9.080292816124835,0.010699756268212287,0.5,0.0,2820.0,1736.0,1.0,0.0,0.0,snow/ice covered,0.268858700990677,-9.16623020172119,100.0,421.701202392578
arenacam6_1769615786597717762.png,1769615786597717762,1769615786.5977178,42.30099550878589,-83.69868485936097,237.25413513183594,-0.019871608035117005,-0.9993336447425072,0.0007903868642346237,-0.030606551069334197,0.06531,-0.046650000000000004,-0.014940000000000002,-2.8200000000000003,0.8280000000000001,-9.9539,4.052971490596953,9.066254046175947,10.149999618530273,11.09000015258789,11.25999927520752,11.069999694824219,8.241893273243065,9.005182373702773,9.143223228661824,8.988941817594451,8.844810173300528,0.02442506814253916,0.699999988079071,0.0,2820.0,1860.0,1.0,0.0,0.0,snow/ice covered,0.268858700990677,-9.16623020172119,100.0,421.701202392578
arenacam6_1769615786618301182.png,1769615786618301182,1769615786.6183012,42.30099553020252,-83.69868582805405,237.25364685058594,-0.019809786477888724,-0.9993146839926196,0.0013413630076745883,-0.031239965776442922,0.04388000000000001,-0.08242000000000001,-0.01322,-1.3037,-0.5928,-9.7021,4.036519249892322,9.029451370854131,9.619999885559082,10.300000190734863,10.859999656677246,10.90999984741211,7.81152860347292,8.363695120878468,8.81841985041876,8.859020466297226,8.463166010266843,0.06271536744914342,0.800000011920929,0.0,2820.0,2040.0,1.0,0.0,0.0,snow/ice covered,0.268858700990677,-9.16623020172119,100.0,421.701202392578
arenacam6_1769615786638883972.png,1769615786638883972,1769615786.638884,42.30099555299901,-83.69868678729193,237.2532196044922,-0.019569581431604033,-0.9992977200380637,0.0013647148298675995,-0.03192547200516058,-0.007050000000000001,-0.04789,-0.026300000000000004,-4.8039000000000005,-0.3674,-9.6783,3.964429383255895,8.868190664580442,11.429999351501465,9.59999942779541,10.479999542236328,10.920000076293945,9.28126485801321,7.795288047364597,8.509856253891678,8.867140744351389,8.613387475905219,0.028732263244283622,0.800000011920929,0.0,2820.0,1836.0,1.0,0.0,0.0,snow/ice covered,0.268858700990677,-9.16623020172119,100.0,421.701202392578
arenacam6_1769615786659515957.png,1769615786659515957,1769615786.6595159,42.30099557414646,-83.69868773912334,237.2529296875,-0.019428886031434056,-0.9992941167305068,0.0011679758938939935,-0.03213133186914635,-0.025850000000000005,-0.015850000000000003,-0.00999,-3.4886000000000004,-1.2367000000000001,-8.5417,3.8969249636141945,8.717187328107137,10.979999542236328,9.619999885559082,10.9399995803833,10.889999389648438,8.915860863891679,7.81152860347292,8.883380526067372,8.842779910188904,8.613387475905219,0.01190749358651876,0.699999988079071,0.0,2820.0,1932.0,1.0,0.0,0.0,snow/ice covered,0.268858700990677,-9.16623020172119,100.0,421.701202392578
arenacam6_1769615786681738050.png,1769615786681738050,1769615786.681738,42.3009955866651,-83.69868866729969,237.2517547607422,-0.019255735194783852,-0.9992909247378428,0.001019607203583392,-0.03233921458301016,-0.010700000000000001,-0.017830000000000002,-0.016450000000000003,-2.4582,-0.5855,-8.964500000000001,3.859620444474204,8.633739357062128,10.269999504089355,9.619999885559082,10.529999732971191,10.75,8.339334286715985,7.81152860347292,8.550456869770146,8.729099115,8.357604718739761,0.03198320297872983,1.399999976158142,0.0,2820.0,2048.0,1.0,0.0,0.0,snow/ice covered,0.268858700990677,-9.16623020172119,100.0,421.701202392578
arenacam6_1769615786700952358.png,1769615786700952358,1769615786.7009523,42.3009955963027,-83.69868959039657,237.25062561035156,-0.019348280616310387,-0.9992854199784663,0.0007064280811496064,-0.03246219978711599,-0.041490000000000006,-0.006340000000000001,0.012190000000000003,-2.7717,-1.8467,-9.6089,3.8180482551279167,8.540744863825843,10.59000015258789,8.979999542236328,10.260000228881836,10.59999942779541,8.599177763702775,7.291842423891678,8.331214783054161,8.607297267364597,8.207383059503304,0.039031935696204514,1.5,0.0,2820.0,2048.0,1.0,0.0,0.0,snow/ice covered,0.268858700990677,-9.16623020172119,100.0,421.701202392578
arenacam6_1769615786721656210.png,1769615786721656210,1769615786.7216563,42.30099560899035,-83.69869050856695,237.2496337890625,-0.01943294220641406,-0.9992869609649123,0.00012671904021370473,-0.03237150513950373,-0.03262,0.01591,0.00859,-1.8051000000000001,-0.117,-8.7431,3.7453959131796175,8.378225934028015,9.710000038146973,7.739999771118164,10.59999942779541,10.460000038146973,7.884609557175694,6.28495117694584,8.607297267364597,8.493616472175693,7.817618618415457,0.06691241320380976,1.7000000476837158,0.0,2820.0,2132.0,1.0,0.0,0.0,snow/ice covered,0.268858700990677,-9.16623020172119,100.0,421.701202392578
arenacam6_1769615786742675328.png,1769615786742675328,1769615786.7426755,42.30099561511043,-83.69869140755324,237.24752807617188,-0.019607953751671015,-0.9992855114818402,-0.00012945113833769464,-0.03231064738677545,-0.021730000000000003,-0.00068,0.01733,-1.8095,-0.5135000000000001,-8.9208,3.7205770980322357,8.32270773367223,9.449999809265137,6.429999828338623,10.40999984741211,10.529999732971191,7.673486974121532,5.221219145209379,8.453015856297226,8.550456869770146,7.474544711349571,0.10190950463046282,2.0,0.0,2820.0,1920.0,1.0,0.0,0.0,snow/ice covered,0.268858700990677,-9.16623020172119,100.0,421.701202392578
arenacam6_1769615786784093623.png,1769615786784093623,1769615786.7840936,42.30099562915086,-83.69869319266017,237.2434539794922,-0.020033797662488195,-0.9992806419126403,-0.0007237539660546084,-0.032191952877642815,-0.027120000000000005,0.013640000000000003,0.029130000000000003,-1.1327,0.7712,-7.654800000000001,3.648872869050482,8.162309675693786,7.669999599456787,9.050000190734863,10.079999923706055,9.960000038146973,6.2281103921552186,7.348683595878468,8.185052875648612,8.087611862175693,7.462364681464498,0.0857533004798416,2.0,0.0,2820.0,1912.0,1.0,0.0,0.0,snow/ice covered,0.268858700990677,-9.16623020172119,100.0,421.701202392578
arenacam6_1769615786804476212.png,1769615786804476212,1769615786.8044763,42.300995636505675,-83.69869406626937,237.2399444580078,-0.020226165896650328,-0.9992696386756543,-0.0006835849505838626,-0.03241333283949363,0.012570000000000003,-0.027180000000000003,0.01881,-2.8398000000000003,0.9096000000000001,-8.619900000000001,3.620492137054045,8.098823681061676,6.730000019073486,9.789999961853027,10.109999656677246,9.800000190734863,5.464822066087847,7.949570232824307,8.20941293541876,7.957690510878468,7.395373936302346,0.08685826145397876,2.5,0.0,2820.0,1892.0,1.0,0.0,0.0,snow/ice covered,0.268858700990677,-9.16623020172119,100.0,421.701202392578
arenacam6_1769615786825126384.png,1769615786825126384,1769615786.8251264,42.30099563944815,-83.69869493235508,237.2369842529297,-0.02042326486920709,-0.9992641705597248,-0.0007122321541112725,-0.03245767109676971,-0.008190000000000001,0.0004900000000000001,0.01591,-4.1789000000000005,-0.2968,-9.5693,3.5542716764915556,7.950692484011021,7.649999618530273,9.670000076293945,10.050000190734863,9.559999465942383,6.211870223243065,7.852129219351387,8.160692815878468,7.762807709540291,7.496874992003303,0.057078989398766565,3.1000001430511475,0.0,2820.0,1724.0,1.0,0.0,0.0,snow/ice covered,0.268858700990677,-9.16623020172119,100.0,421.701202392578
arenacam6_1769615786845740458.png,1769615786845740458,1769615786.8457406,42.30099565072007,-83.69869579662492,237.2339324951172,-0.020624408732682564,-0.9992621892927804,-0.0007795132713974313,-0.0323898621992476,0.00875,-0.016110000000000003,0.009270000000000002,-1.4522000000000002,0.7839,-9.2597,3.5255133861557004,7.886361914027133,9.139999389648438,8.929999351501465,9.899999618530273,9.789999961853027,7.421763775188904,7.25124180801321,8.038890968243065,7.949570232824307,7.665366696067371,0.028022454506771613,4.099999904632568,0.0,2820.0,1816.0,1.0,0.0,0.0,snow/ice covered,0.268858700990677,-9.16623020172119,100.0,421.701202392578
arenacam6_1769615786887555795.png,1769615786887555795,1769615786.8875558,42.30099567392244,-83.69869748612102,237.22601318359375,-0.02085366906456071,-0.9992551136590178,-0.00035199745753575207,-0.03246872973554038,0.029220000000000003,0.012020000000000001,0.0031400000000000004,-1.715,1.0592000000000001,-9.6082,3.4286500445550607,7.669684430666998,9.679999351501465,6.489999771118164,9.630000114440918,9.4399995803833,7.8602487230132105,5.2699396519458395,7.819648881527081,7.665366696067372,7.153800988138376,0.06726266865242567,5.700000286102295,0.0,2820.0,1920.0,1.0,0.0,0.0,snow/ice covered,0.268858700990677,-9.16623020172119,100.0,421.701202392578
arenacam6_1769615786908167861.png,1769615786908167861,1769615786.9081678,42.30099571673311,-83.69869914213362,237.21908569335938,-0.02090279194901218,-0.9992511341959217,0.0002287389118470519,-0.03256058622646013,0.06946000000000001,-0.024890000000000006,0.004600000000000001,-1.5719,1.9467,-9.459,3.416768735516694,7.643106655226714,9.34999942779541,5.109999656677246,9.529999732971191,9.399999618530273,7.592285742364598,4.149366835418759,7.738447649770146,7.632886358243065,6.778246646449141,0.1131555593544075,6.800000190734863,0.0,2820.0,1656.0,1.0,0.0,0.0,snow/ice covered,0.268858700990677,-9.16623020172119,100.0,421.701202392578
arenacam6_1769615786928459424.png,1769615786928459424,1769615786.9284594,42.30099571673311,-83.69869914213362,237.21908569335938,-0.020852390213600025,-0.9992465487429087,0.0012138866880114958,-0.032711452533848225,0.10747000000000001,-0.0006500000000000001,-0.013480000000000002,-3.5477000000000003,1.6894,-10.7621,3.359567038280844,7.515149890611951,9.429999351501465,3.4700000286102295,9.380000114440918,9.260000228881836,7.6572464180132105,2.81767201663177,7.616646576527081,7.519205563054161,6.402692643556556,0.1480286172927962,7.099999904632568,0.0,2820.0,1656.0,1.0,0.0,0.0,snow/ice covered,0.268858700990677,-9.16623020172119,100.0,421.701202392578
arenacam6_1769615786949775866.png,1769615786949775866,1769615786.949776,42.30099574003153,-83.69869995942136,237.2154998779297,-0.02075732128660418,-0.9992492655556772,0.001800920695650833,-0.032661836814428455,0.11703000000000001,0.006370000000000001,-0.02338,-2.8319,1.1039,-10.0996,3.3375923976254223,7.465993937944212,9.199999809265137,3.18999981880188,9.25,9.199999809265137,7.470484669121532,2.590309264665456,7.511085285,7.470484669121532,6.26059097197713,0.16145244370490255,7.400000095367432,0.0,2820.0,1656.0,1.0,0.0,0.0,snow/ice covered,0.268858700990677,-9.16623020172119,100.0,421.701202392578
arenacam6_1769615786969906142.png,1769615786969906142,1769615786.969906,42.30099576970546,-83.69870076590631,237.21282958984375,-0.020661415130288685,-0.9992510572117216,0.0023942893972074674,-0.03262970984169468,0.11801000000000002,0.0039700000000000004,-0.02314,-1.9835,-0.17930000000000001,-10.103200000000001,3.3241765508893364,7.4359834937463924,8.769999504089355,7.269999980926514,8.989999771118164,9.139999389648438,7.121320456715984,5.903307013912154,7.299962701945839,7.421763775188904,6.93658848694072,0.06715924090278842,7.400000095367432,0.0,2820.0,1656.0,1.0,0.0,0.0,snow/ice covered,0.268858700990677,-9.16623020172119,100.0,421.701202392578
arenacam6_1769615786990804891.png,1769615786990804891,1769615786.990805,42.30099580023519,-83.69870155039197,237.20957946777344,-0.02056933149957013,-0.9992449993375974,0.003495165954604874,-0.032773735145930086,0.10840000000000001,-0.01566,-0.008790000000000001,-3.6141,0.4879,-10.072000000000001,3.2767970286088746,7.329998345176336,7.779999732971191,8.899999618530273,9.010000228881836,8.889999389648438,6.317431514770146,7.226881748243065,7.316203258054162,7.2187614701889045,7.01981949781407,0.042316359807418796,7.800000190734863,0.0,2820.0,1784.0,1.0,0.0,0.0,snow/ice covered,0.268858700990677,-9.16623020172119,100.0,421.701202392578
arenacam6_1769615787011330710.png,1769615787011330710,1769615787.0113308,42.30099582896589,-83.6987023371114,237.20663452148438,-0.020311701364802204,-0.9992501741199382,0.00464325305133044,-0.032633793987853106,0.05113000000000001,0.018420000000000002,-0.023280000000000002,-3.0228,-0.2958,-10.5675,3.210567354373985,7.1818465376933425,6.359999656677246,8.449999809265137,8.84000015258789,8.929999351501465,5.164378360418758,6.861477754121532,7.1781616287027745,7.25124180801321,6.613814887814069,0.07909270225951016,7.599999904632568,0.0,2820.0,1876.0,1.0,0.0,0.0,snow/ice covered,0.268858700990677,-9.16623020172119,100.0,421.701202392578
arenacam6_1769615787032150391.png,1769615787032150391,1769615787.0321503,42.30099585723651,-83.69870311015681,237.2047576904297,-0.020001924494826462,-0.9992598791714171,0.0048122861634254804,-0.03250321209833644,0.00534,0.0007100000000000001,-0.032940000000000004,-2.1737,-1.1662000000000001,-9.7642,3.1677606056947303,7.086090409302771,5.059999942779541,8.880000114440918,8.699999809265137,8.90999984741211,4.10876660673646,7.2106419665270804,7.064480059121533,7.235002026297226,6.404722664670575,0.0961556662807578,8.100000381469727,0.0,2820.0,1712.0,1.0,0.0,0.0,snow/ice covered,0.268858700990677,-9.16623020172119,100.0,421.701202392578
arenacam6_1769615787052717927.png,1769615787052717927,1769615787.052718,42.300995877512634,-83.6987038638381,237.20277404785156,-0.01981069286136694,-0.9992641592540259,0.004594180261505742,-0.032520301142853765,-0.03384,-0.004790000000000001,-0.015430000000000001,-3.2680000000000002,-1.8369,-11.8694,3.109561472609757,6.95590244053967,6.429999828338623,8.619999885559082,8.59999942779541,8.800000190734863,5.221219145209379,6.9995193834729195,6.983278827364597,7.145681290878468,6.587424661731341,0.052973396616491406,8.90000057220459,0.0,2820.0,1672.0,1.0,0.0,0.0,snow/ice covered,0.268858700990677,-9.16623020172119,100.0,421.701202392578
arenacam6_1769615787094435987.png,1769615787094435987,1769615787.0944362,42.300995914999326,-83.69870536123769,237.1998291015625,-0.019430144483606526,-0.9992816580659977,0.0032453492360683157,-0.03237445052124616,-0.07242000000000001,-0.0013200000000000002,-0.014320000000000003,-2.7812,-0.7433000000000001,-9.0027,3.0320934482446447,6.7826111181163755,8.649999618530273,7.859999656677246,8.34999942779541,8.510000228881836,7.023879443243065,6.382392190418759,6.7802765223645975,6.910198648054161,6.774186701020145,0.0012420610513447488,10.40000057220459,0.0,2820.0,1736.0,1.0,0.0,0.0,snow/ice covered,0.268858700990677,-9.16623020172119,100.0,421.701202392578
arenacam6_1769615787115159279.png,1769615787115159279,1769615787.1151593,42.300995923780576,-83.69870608985548,237.19830322265625,-0.019348315798207227,-0.999284692044158,0.0028461117330872768,-0.03236736890739948,-0.03162,0.00941,-0.00027000000000000006,-2.9000000000000004,-0.9382,-10.659,2.9882585026925255,6.684554975013018,8.239999771118164,7.639999866485596,8.34000015258789,8.399999618530273,6.690955786945839,6.203750332385074,6.772157018702774,6.820877138243064,6.621935069069188,0.009367849644128026,12.0,0.0,2784.0,1796.0,1.0,0.0,0.0,snow/ice covered,0.268858700990677,-9.16623020172119,100.0,421.701202392578
arenacam6_1769615787135647520.png,1769615787135647520,1769615787.1356475,42.30099593183722,-83.69870681981686,237.196533203125,-0.019446363067028738,-0.9992861302717269,0.0027321519072153466,-0.032273892792456245,-0.0079,-0.0011,0.014170000000000002,-2.0927000000000002,-0.6102000000000001,-9.287700000000001,2.9565409232803272,6.613604652922696,8.15999984741211,7.599999904632568,8.179999351501465,8.309999465942383,6.625995111297226,6.171269994560767,6.64223489301321,6.747796184540291,6.5468240458528735,0.010097459793020841,13.199999809265137,0.0,2704.0,1840.0,1.0,0.0,0.0,snow/ice covered,0.268858700990677,-9.16623020172119,100.0,421.701202392578
arenacam6_1769615787156188118.png,1769615787156188118,1769615787.1561882,42.30099593905688,-83.6987075340771,237.19625854492188,-0.01952192377275469,-0.9992828400978201,0.0027984868007815238,-0.03232442497355594,0.015680000000000003,-0.005420000000000001,0.005350000000000001,-3.0158,-0.1773,-9.6056,2.918615016358106,6.528766674692102,8.109999656677246,7.440000057220459,8.149999618530273,8.119999885559082,6.585394495418758,6.041348643263541,6.617874833243065,6.59351477347292,6.459533186349571,0.010604374729902024,13.90000057220459,0.0,2612.0,1920.0,1.0,0.0,0.0,snow/ice covered,0.268858700990677,-9.16623020172119,100.0,421.701202392578
arenacam6_1769615787177076161.png,1769615787177076161,1769615787.1770763,42.300995940293376,-83.69870823700373,237.19491577148438,-0.019828220263875318,-0.9992761999786453,0.0031641268093016497,-0.032309536346730595,0.02706,0.0008000000000000001,0.016860000000000003,-2.1305,-0.22840000000000002,-9.5908,2.8668618643426473,6.412997978822642,7.509999752044678,7.059999942779541,8.170000076293945,7.96999979019165,6.098189040857992,5.73278504673646,6.634115389351387,6.471713313033686,6.234200697494881,0.027880451844550038,14.5,0.0,2572.0,1992.0,1.0,0.0,0.0,snow/ice covered,0.268858700990677,-9.16623020172119,100.0,421.701202392578
arenacam6_1769615787218293439.png,1769615787218293439,1769615787.2182934,42.30099594271366,-83.69870962891775,237.193115234375,-0.020278217566804813,-0.9992559175423912,0.0032523830751092046,-0.032647008333994816,-0.020430000000000004,-0.022970000000000004,0.022060000000000003,-3.357,-0.1819,-8.5995,2.7854567399598835,6.230899599885862,7.649999618530273,6.839999675750732,7.929999828338623,7.859999656677246,6.211870223243065,5.554142801506606,6.4392329752093795,6.382392190418759,6.146909547594452,0.013479602896016487,14.90000057220459,0.0,2504.0,2104.0,1.0,0.0,0.0,snow/ice covered,0.268858700990677,-9.16623020172119,100.0,421.701202392578
arenacam6_1769615787239043467.png,1769615787239043467,1769615787.2390435,42.30099593893103,-83.69871030268915,237.19117736816406,-0.020371975102914386,-0.9992549731978336,0.003113330784661132,-0.03263109469859132,-0.027130000000000005,0.0038000000000000004,0.019540000000000005,-2.7931,-0.0454,-8.475,2.7639321542636175,6.182750393158457,7.25,6.210000038146973,7.739999771118164,7.799999713897705,5.887066845,5.0425772871756935,6.28495117694584,6.333671683682299,5.887066748200958,0.0478239660596179,14.800000190734863,0.0,2504.0,2212.0,1.0,0.0,0.0,snow/ice covered,0.268858700990677,-9.16623020172119,100.0,421.701202392578
arenacam6_1769615787259680819.png,1769615787259680819,1769615787.2596807,42.30099593663829,-83.69871097819252,237.1891326904297,-0.020525104871592814,-0.9992533086174922,0.002805431155376202,-0.03261402831662279,-0.03184000000000001,-0.00023000000000000003,0.014130000000000002,-2.1005000000000003,0.5979,-7.7662,2.729998253817127,6.106842293893685,6.769999980926514,5.190000057220459,7.589999675750732,7.62999963760376,5.497302403912153,4.214327898263541,6.163149716506606,6.195630054330912,5.517602518253303,0.09648845463547849,14.5,0.0,2456.0,2192.0,1.0,0.0,0.0,snow/ice covered,0.268858700990677,-9.16623020172119,100.0,421.701202392578
arenacam6_1769615787281964169.png,1769615787281964169,1769615787.2819643,42.300995936943885,-83.69871163677395,237.1874542236328,-0.020552578407714128,-0.9992484318163904,0.0024067316789193986,-0.032777594114037266,-0.04329000000000001,-0.009840000000000002,0.0020800000000000003,-2.9322000000000004,0.2712,-9.2825,2.69259305764834,6.023169114375878,6.429999828338623,4.059999942779541,7.37999963760376,7.489999771118164,5.221219145209379,3.29675738673646,5.992627749330913,6.08194887194584,5.148138288305648,0.145277479256184,13.800000190734863,0.0,2416.0,1952.0,1.0,0.0,0.0,snow/ice covered,0.268858700990677,-9.16623020172119,100.0,421.701202392578
arenacam6_1769615787301013776.png,1769615787301013776,1769615787.3010137,42.30099593656048,-83.69871228012117,237.18431091308594,-0.020580265454976154,-0.9992483068428915,0.002140119355733959,-0.03278252330984454,-0.05293000000000001,-0.0006600000000000001,0.006430000000000001,-3.177,0.22970000000000002,-9.1089,2.667283551451349,5.96655326758358,6.899999618530273,6.199999809265137,7.289999961853027,7.369999885559082,5.602863308243065,5.034457009121533,5.9195471828243065,5.98450785847292,5.635343839665456,0.055511014997149645,13.100000381469727,0.0,2416.0,1904.0,1.0,0.0,0.0,snow/ice covered,0.268858700990677,-9.16623020172119,100.0,421.701202392578
arenacam6_1769615787321634363.png,1769615787321634363,1769615787.3216343,42.30099593907211,-83.69871292435323,237.18080139160156,-0.02065067332422804,-0.9992487170694515,0.0015627487777219312,-0.03275834157232193,-0.05637000000000001,0.008700000000000001,0.00855,-2.6918,1.0816000000000001,-8.1622,2.6242956442525376,5.870391898454272,6.920000076293945,7.449999809265137,7.139999866485596,7.289999961853027,5.619103864351388,6.049468534121532,5.797745722385073,5.9195471828243065,5.8464663259205745,0.0040756346335236865,12.300000190734863,0.0,2416.0,1888.0,1.0,0.0,0.0,snow/ice covered,0.268858700990677,-9.16623020172119,100.0,421.701202392578
arenacam6_1769615787342393535.png,1769615787342393535,1769615787.3423936,42.3009959453486,-83.69871355071564,237.17784118652344,-0.020594873637035382,-0.9992518739102667,0.0011381102169099183,-0.032714650721489894,-0.03592,0.0038100000000000005,-0.008570000000000001,-2.7942,1.0424,-8.162,2.5862451737110073,5.785275278881101,5.759999752044678,6.619999885559082,7.049999713897705,7.089999675750732,4.677172905857993,5.375500943472919,5.724664768682299,5.757145106506605,5.383620931129954,0.06942700708078121,11.40000057220459,0.0,2380.0,2040.0,1.0,0.0,0.0,snow/ice covered,0.268858700990677,-9.16623020172119,100.0,421.701202392578
arenacam6_1769615787363143156.png,1769615787363143156,1769615787.3631432,42.30099595413468,-83.69871416349098,237.17420959472656,-0.02051633972625727,-0.9992555362392683,0.0008867588444569398,-0.032659864637825956,-0.023160000000000004,0.006960000000000001,-0.0088,-3.2216,0.6421,-9.8541,2.536427284662906,5.673835650153841,4.299999713897705,6.389999866485596,6.929999828338623,7.069999694824219,3.4916394136822984,5.188738807385073,5.627223755209379,5.740904937594452,5.0121267284678,0.11662461912658671,10.600000381469727,0.0,2380.0,2128.0,1.0,0.0,0.0,snow/ice covered,0.268858700990677,-9.16623020172119,100.0,421.701202392578
arenacam6_1769615787384034834.png,1769615787384034834,1769615787.3840349,42.300995964370124,-83.69871477813625,237.1701202392578,-0.020373641467875403,-0.9992699492403563,0.0007371477233270619,-0.032310058677567324,-0.011110000000000002,0.04614000000000001,-0.017140000000000002,-2.0213,1.23,-9.013300000000001,2.498657853452691,5.589347698702463,3.68999981880188,6.309999942779541,6.819999694824219,6.929999828338623,2.9963138746654563,5.12377813173646,5.537902632594451,5.627223755209379,4.8213045985514364,0.1374119381281869,10.40000057220459,0.0,2380.0,2184.0,1.0,0.0,0.0,snow/ice covered,0.268858700990677,-9.16623020172119,100.0,421.701202392578
arenacam6_1769615787404517911.png,1769615787404517911,1769615787.404518,42.30099597784022,-83.69871537188567,237.16673278808594,-0.0201310256004138,-0.9992827946115768,0.0008041978053231411,-0.032062306021913844,0.010940000000000002,0.028390000000000006,-0.023060000000000004,-3.0103,0.0073,-9.5221,2.4549269013654085,5.491524182740338,3.0299999713897705,5.900000095367432,6.690000057220459,6.829999923706055,2.46038791336823,4.790854475439234,5.43234172826354,5.546022910648613,4.557401756929904,0.17010257894271805,10.5,0.0,2380.0,1980.0,1.0,0.0,0.0,snow/ice covered,0.268858700990677,-9.16623020172119,100.0,421.701202392578
arenacam6_1769615787425175067.png,1769615787425175067,1769615787.425175,42.300995990793304,-83.698715951752,237.1631317138672,-0.019995351826450347,-0.9992923989246518,0.000846446690077501,-0.03184604975114229,0.004600000000000001,0.03230000000000001,-0.016220000000000002,-3.3254,0.0347,-10.6059,2.4001420220217105,5.368973694741245,5.089999675750732,5.349999904632568,6.649999618530273,6.739999771118164,4.133126666506605,4.344249249560766,5.399861003243066,5.4729419569458395,4.837544719064069,0.09898148247544884,11.0,0.0,2380.0,1988.0,1.0,0.0,0.0,snow/ice covered,0.268858700990677,-9.16623020172119,100.0,421.701202392578
arenacam6_1769615787446115128.png,1769615787446115128,1769615787.446115,42.30099600382495,-83.69871653327982,237.15921020507812,-0.019776376059136624,-0.9993082339439497,0.001013464104093087,-0.03147890424238872,0.01969,0.027280000000000006,-0.019110000000000002,-1.794,0.43770000000000003,-9.792200000000001,2.368024334742262,5.297128355358356,6.909999847412109,4.46999979019165,6.489999771118164,6.559999942779541,5.610983586297227,3.6296810430336857,5.2699396519458395,5.32678043673646,4.959346179503303,0.06376703624962504,11.800000190734863,0.0,2380.0,2048.0,1.0,0.0,0.0,snow/ice covered,0.268858700990677,-9.16623020172119,100.0,421.701202392578
arenacam6_1769615787466611338.png,1769615787466611338,1769615787.4666114,42.300996021220584,-83.69871709560041,237.15626525878906,-0.019636307959917387,-0.9993144453661496,0.0013347374154663097,-0.03135718686808496,0.036840000000000005,0.013010000000000002,-0.014580000000000003,-3.152,0.7796000000000001,-10.4323,2.3247778927649896,5.200388659441717,6.349999904632568,2.819999933242798,6.37999963760376,6.309999942779541,5.1562584695607665,2.2898659461925366,5.180618529330912,5.12377813173646,4.437630269205169,0.14667334312632568,12.300000190734863,0.0,2380.0,2048.0,1.0,0.0,0.0,snow/ice covered,0.268858700990677,-9.16623020172119,100.0,421.701202392578
arenacam6_1769615787487340906.png,1769615787487340906,1769615787.4873407,42.30099603888152,-83.69871764758183,237.1532745361328,-0.019478188797919793,-0.9993242717564667,0.0018798351892630842,-0.031113763180003366,0.06322000000000001,0.021060000000000002,-0.021530000000000004,-3.0352,0.6997,-10.0053,2.274692704388263,5.088351098154281,6.25,2.0199999809265137,6.329999923706055,6.269999980926514,5.075057625,1.6402586089121531,5.140018300648613,5.091297793912154,4.23665808211823,0.16738094514448693,12.600000381469727,0.0,2380.0,1936.0,1.0,0.0,0.0,snow/ice covered,0.268858700990677,-9.16623020172119,100.0,421.701202392578
arenacam6_1769615787508121605.png,1769615787508121605,1769615787.5081215,42.30099605701296,-83.69871820102918,237.150390625,-0.019337426312388994,-0.9993336797176569,0.002737987577291382,-0.030834460423473518,0.08944,0.012870000000000003,-0.01157,-0.8616,0.3922,-10.3046,2.263437243696145,5.063173307913655,5.920000076293945,1.5699999332427979,6.309999942779541,6.109999656677246,4.807094644351388,1.2748544211925366,5.12377813173646,4.961376055418759,4.041775813174786,0.2017306998246421,12.800000190734863,0.0,2380.0,1980.0,1.0,0.0,0.0,snow/ice covered,0.268858700990677,-9.16623020172119,100.0,421.701202392578
arenacam6_1769615787528788667.png,1769615787528788667,1769615787.5287888,42.3009960795794,-83.69871873889089,237.148193359375,-0.019239473480490932,-0.9993313748078152,0.003913654514084831,-0.0308436264609053,0.12805,-0.010720000000000002,-0.01623,-3.3117,1.2047,-9.992,2.223345737917113,4.9734910149763065,5.369999885559082,1.2799999713897705,6.159999847412109,5.989999771118164,4.36048941847292,1.03937177836823,5.001976671297226,4.863935041945839,3.816443227521054,0.23264298336342015,12.5,0.0,2380.0,1968.0,1.0,0.0,0.0,snow/ice covered,0.268858700990677,-9.16623020172119,100.0,421.701202392578
arenacam6_1769615787549386809.png,1769615787549386809,1769615787.5493867,42.30099609881337,-83.69871926702685,237.14627075195312,-0.01914092069796891,-0.999331105277252,0.005294793710832012,-0.03070720338519499,0.13805000000000003,0.008870000000000001,-0.012750000000000003,-3.0378000000000003,-0.507,-10.231300000000001,2.1770543118138455,4.869939872268864,3.1599998474121094,1.2200000286102295,6.079999923706055,6.009999752044678,2.565949011297226,0.9906512716317702,4.937015995648613,4.880175210857993,3.3434478723589,0.3134519193147212,12.100000381469727,0.0,2380.0,1508.0,1.0,0.0,0.0,snow/ice covered,0.268858700990677,-9.16623020172119,100.0,421.701202392578
arenacam6_1769615787570174760.png,1769615787570174760,1769615787.5701747,42.30099611930639,-83.698719791019,237.1443634033203,-0.019164511561759523,-0.9993216748954032,0.006388211998177169,-0.030791270326368102,0.10152000000000001,-0.026920000000000003,-0.0013200000000000002,-2.8325,-1.1014000000000002,-10.0817,2.1441508879295634,4.796336887245158,1.8899999856948853,6.289999961853027,5.859999656677246,5.670000076293945,1.534697414184115,5.107537962824306,4.758373750418759,4.604092339351387,4.001175366694642,0.16578516881603547,12.199999809265137,0.0,2380.0,1508.0,1.0,0.0,0.0,snow/ice covered,0.268858700990677,-9.16623020172119,100.0,421.701202392578
arenacam6_1769615787590840373.png,1769615787590840373,1769615787.5908403,42.30099613422964,-83.69872030028769,237.1432647705078,-0.019280820767810236,-0.9993141197164578,0.007011710458159234,-0.030828168974034623,0.045970000000000004,-0.0101,0.01207,-2.976,-1.4151,-10.7156,2.0941507930853116,4.684489675084257,1.5,5.869999885559082,5.670000076293945,5.639999866485596,1.21801383,4.766494028472919,4.604092339351387,4.579731892385073,3.7920830225523448,0.1905024270366998,12.300000190734863,0.0,2380.0,1704.0,1.0,0.0,0.0,snow/ice covered,0.268858700990677,-9.16623020172119,100.0,421.701202392578
arenacam6_1769615787611482298.png,1769615787611482298,1769615787.6114824,42.30099613787441,-83.69872079495406,237.14242553710938,-0.019481275214596694,-0.999305025175967,0.007091668788114687,-0.030978295754810644,-0.00269,-0.0021600000000000005,0.02152,-3.0953,-1.8137,-10.3686,2.043833851107124,4.571933694895571,1.2400000095367432,4.489999771118164,5.519999980926514,5.549999713897705,1.0068914405439235,3.645921211945839,4.482290878912154,4.506650938682299,3.410438617521054,0.25404897684130723,12.5,0.0,2380.0,1684.0,1.0,0.0,0.0,snow/ice covered,0.268858700990677,-9.16623020172119,100.0,421.701202392578
arenacam6_1769615787632179917.png,1769615787632179917,1769615787.63218,42.300996149155836,-83.6987212948638,237.14173889160156,-0.01972235014471785,-0.9993014245208298,0.006432595020313174,-0.031085584709215432,-0.08762000000000002,0.0021300000000000004,0.02679,-1.6316000000000002,-1.482,-9.6812,2.0132547928547213,4.50353017632844,1.1699999570846558,2.75,5.409999847412109,5.420000076293945,0.9500507525523448,2.233025355,4.392969756297226,4.4010900343513875,2.9942839745502394,0.33512514465010934,13.5,0.0,2380.0,1676.0,1.0,0.0,0.0,snow/ice covered,0.268858700990677,-9.16623020172119,100.0,421.701202392578
arenacam6_1769615787652945017.png,1769615787652945017,1769615787.6529448,42.30099614933814,-83.69872177220051,237.14125061035156,-0.019825218873016137,-0.9992989390256954,0.005207112491758715,-0.031328535526812945,-0.12479000000000001,-0.015460000000000002,0.012540000000000003,-3.6493,-0.8471000000000001,-9.3735,1.96784241915722,4.401945421109552,1.0099999904632568,2.5899999141693115,5.339999675750732,5.239999771118164,0.8201293044560766,2.1031038101046895,4.336128971506605,4.254928126945839,2.878572553253303,0.34606809538139816,14.40000057220459,0.0,2380.0,1572.0,1.0,0.0,0.0,snow/ice covered,0.268858700990677,-9.16623020172119,100.0,421.701202392578
arenacam6_1769615787673607908.png,1769615787673607908,1769615787.6736078,42.300996146978925,-83.69872224044353,237.14109802246094,-0.02007876701436423,-0.9992953160671487,0.003941481844918328,-0.03146711175665588,-0.12907000000000002,-0.012540000000000003,0.035,-3.398,-1.5110000000000001,-10.5103,1.9101748968414896,4.272946633740602,0.949999988079071,1.899999976158142,5.239999771118164,5.199999809265137,0.7714087493200958,1.5428174986401917,4.254928126945839,4.222447789121532,2.6979005410069146,0.3686088846269696,15.600000381469727,0.0,2380.0,1388.0,1.0,0.0,0.0,snow/ice covered,0.268858700990677,-9.16623020172119,100.0,421.701202392578
arenacam6_1769615787694298975.png,1769615787694298975,1769615787.694299,42.30099614918208,-83.69872270836103,237.14047241210938,-0.020412086109158456,-0.9992897644105092,0.002731904713758929,-0.031557093999551616,-0.11303000000000002,-0.024440000000000003,0.04075000000000001,-1.8001,0.5081,-9.579500000000001,1.886238709433384,4.219402818679914,4.619999885559082,1.5,5.259999752044678,5.059999942779541,3.7514825034729196,1.21801383,4.271168295857993,4.10876660673646,3.3373578090168428,0.20904498754139536,16.899999618530273,0.0,2380.0,1388.0,1.0,0.0,0.0,snow/ice covered,0.268858700990677,-9.16623020172119,100.0,421.701202392578
arenacam6_1769615787714945799.png,1769615787714945799,1769615787.7149458,42.30099614488344,-83.6987231575194,237.14031982421875,-0.020826307272725997,-0.9992761614678578,0.001986949481692854,-0.03177215886909743,-0.05863000000000001,-0.029550000000000003,0.04274000000000001,-2.9567,0.3824,-9.4116,1.8490674583386277,4.1362529602560105,5.299999713897705,1.2400000095367432,5.159999847412109,4.96999979019165,4.3036486336822986,1.0068914405439235,4.1899674512972265,4.035685653033686,3.3840482946392836,0.1818565433121309,17.5,0.0,2380.0,1408.0,1.0,0.0,0.0,snow/ice covered,0.268858700990677,-9.16623020172119,100.0,421.701202392578
arenacam6_1769615787736020597.png,1769615787736020597,1769615787.7360206,42.30099614930982,-83.69872360057607,237.13999938964844,-0.021321257636692348,-0.9992653641298836,0.0017301201671726992,-0.031798470204837066,-0.012540000000000003,-0.010520000000000002,0.05283000000000001,-2.2063,0.9761000000000001,-9.7604,1.8075909256785738,4.0434724452874296,4.809999942779541,1.0499999523162842,5.069999694824219,4.839999675750732,3.90576430173646,0.852609642280383,4.116886497594452,3.9301243615066053,3.2013462007794753,0.20826808044393433,18.80000114440918,0.0,2380.0,1512.0,1.0,0.0,0.0,snow/ice covered,0.268858700990677,-9.16623020172119,100.0,421.701202392578
arenacam6_1769615787756634389.png,1769615787756634389,1769615787.7566345,42.30099615476233,-83.69872404269414,237.13963317871094,-0.021785872943343276,-0.9992506662662226,0.0020886987016676944,-0.03192364397026521,0.05432000000000001,-0.02147,0.04415,-1.2015,1.9519000000000002,-9.6747,1.79259093146085,4.009918358222034,4.210000038146973,0.9099999666213989,5.049999713897705,4.739999771118164,3.4185588471756936,0.7389283630962683,4.1006463286822985,3.848923516945839,3.026764263975025,0.24518057636538312,19.0,0.0,2380.0,1560.0,1.0,0.0,0.0,snow/ice covered,0.268858700990677,-9.16623020172119,100.0,421.701202392578
arenacam6_1769615787777495700.png,1769615787777495700,1769615787.7774959,42.30099616338475,-83.698724471021,237.13931274414062,-0.02217601377330175,-0.9992345130528703,0.0030783620119534307,-0.03208015000655448,0.11141000000000002,-0.006470000000000001,0.03663,-2.2964,1.2521,-9.403400000000001,1.7637327230097897,3.945364277409519,3.7300000190734863,0.8100000023841858,4.920000076293945,4.699999809265137,3.028794406087847,0.6577274701359809,3.995085424351387,3.8164431791215323,2.874512619924187,0.2714202243926741,19.0,0.0,2380.0,1504.0,1.0,0.0,0.0,snow/ice covered,0.268858700990677,-9.16623020172119,100.0,421.701202392578
arenacam6_1769615787797888393.png,1769615787797888393,1769615787.7978885,42.30099618592622,-83.69872488956847,237.13868713378906,-0.02250443946214259,-0.9992175262922949,0.004279477410944565,-0.03224238558002033,0.12468000000000001,-0.019000000000000003,0.02227,-3.2017,2.0839000000000003,-8.706900000000001,1.7203754710654793,3.8483767062452134,3.509999990463257,0.7199999690055847,4.849999904632568,4.670000076293945,2.850152354456077,0.5846466132322491,3.9382446395607666,3.7920831193513873,2.79128168165012,0.27468595339942187,18.5,0.0,2380.0,1512.0,1.0,0.0,0.0,snow/ice covered,0.268858700990677,-9.16623020172119,100.0,421.701202392578
arenacam6_1769615787818582332.png,1769615787818582332,1769615787.8185823,42.30099620717045,-83.69872531104663,237.13800048828125,-0.022577110158698177,-0.9992074492867544,0.00561033139914398,-0.03229971467880093,0.13153000000000004,-0.014200000000000003,-0.00131,-1.9020000000000001,1.6917,-8.8902,1.6919965911307666,3.7848948545640573,3.369999885559082,0.6899999976158142,4.619999885559082,4.559999942779541,2.7364709784729198,0.5602863598640192,3.7514825034729196,3.7027619967364602,2.6877504596365798,0.2898744713091498,17.399999618530273,0.0,2380.0,1516.0,1.0,0.0,0.0,snow/ice covered,0.268858700990677,-9.16623020172119,100.0,421.701202392578
arenacam6_1769615787839010804.png,1769615787839010804,1769615787.8390107,42.30099623149978,-83.69872571216483,237.13699340820312,-0.02249818283872862,-0.9991957058684995,0.0067973361830889045,-0.03248952698517778,0.11027000000000002,-0.03134000000000001,-0.011550000000000003,-2.6059,0.9699000000000001,-8.4132,1.663748057381112,3.721704579478105,2.929999828338623,0.75,4.5,4.5,2.3791868752093794,0.609006915,3.65404149,3.65404149,2.574069192552345,0.3083628381612957,16.5,0.0,2380.0,1540.0,1.0,0.0,0.0,snow/ice covered,0.268858700990677,-9.16623020172119,100.0,421.701202392578
arenacam6_1769615787859978499.png,1769615787859978499,1769615787.8599784,42.300996262735985,-83.698726103006,237.1353302001953,-0.022282951575173127,-0.99919098120545,0.007600190977701463,-0.03260506469693055,0.06884000000000001,-0.008380000000000002,-0.031020000000000002,-3.1493,0.6617000000000001,-8.5755,1.615830891360608,3.614516754120199,2.7899999618530273,4.179999828338623,4.380000114440918,4.46999979019165,2.2655056928243065,3.3941984002093792,3.556600476527081,3.6296810430336857,3.2114964031486126,0.11150047942430534,15.100000381469727,0.0,2380.0,1644.0,1.0,0.0,0.0,snow/ice covered,0.268858700990677,-9.16623020172119,100.0,421.701202392578
arenacam6_1769615787880749892.png,1769615787880749892,1769615787.88075,42.30099629312169,-83.69872649802005,237.13352966308594,-0.021871668855685533,-0.9991963255533963,0.008055159434769546,-0.03261054290469177,0.03703,-0.006600000000000001,-0.04427000000000001,-2.3381000000000003,0.3764,-7.9365000000000006,1.5808769100888678,3.536326795254192,1.7599999904632568,4.289999961853027,4.159999847412109,4.380000114440918,1.4291362194560766,3.4835195228243068,3.3779582312972263,3.556600476527081,2.9618036125261726,0.16246326088953061,13.90000057220459,0.0,2380.0,1680.0,1.0,0.0,0.0,snow/ice covered,0.268858700990677,-9.16623020172119,100.0,421.701202392578
arenacam6_1769615787901271977.png,1769615787901271977,1769615787.901272,42.300996318667345,-83.69872687028028,237.1312713623047,-0.02140106602967462,-0.9992047133186182,0.008205354077818788,-0.032628322345920495,0.0019000000000000002,0.004480000000000001,-0.048080000000000005,-2.7206,-1.1464,-8.802900000000001,1.5427166233825913,3.450964523509454,1.409999966621399,4.039999961853027,3.990000009536743,4.259999752044678,1.1449329730962683,3.2805172178243063,3.239916795543923,3.4591590758579924,2.781131515580623,0.19410023005615984,12.699999809265137,0.0,2380.0,1680.0,1.0,0.0,0.0,snow/ice covered,0.268858700990677,-9.16623020172119,100.0,421.701202392578
arenacam6_1769615787921918126.png,1769615787921918126,1769615787.9219182,42.300996318667345,-83.69872687028028,237.1312713623047,-0.020882918069340894,-0.9992241965291715,0.00786918978016752,-0.03244972504883091,-0.04279000000000001,0.029870000000000004,-0.05243000000000001,-2.8232,-1.0983,-8.6762,1.4977011335396324,3.3502675736601457,1.1699999570846558,4.089999675750732,3.9099998474121094,4.130000114440918,0.9500507525523448,3.321117446506605,3.174955926297226,3.3535981715270804,2.699930574220814,0.19411494310254226,12.0,0.0,2348.0,1788.0,1.0,0.0,0.0,snow/ice covered,0.268858700990677,-9.16623020172119,100.0,421.701202392578
arenacam6_1769615787942837296.png,1769615787942837296,1769615787.9428372,42.30099634208761,-83.69872723341152,237.12828063964844,-0.020406435572074777,-0.9992468163806094,0.007401147205838411,-0.032165204188639024,-0.04859000000000001,0.03239,-0.04349000000000001,-2.5034,-1.8427,-8.99,1.4557952959488734,3.256526729319873,1.0099999904632568,3.929999828338623,3.929999828338623,4.059999942779541,0.8201293044560766,3.1911960952093796,3.1911960952093796,3.29675738673646,2.624819720402824,0.19398182831712277,11.300000190734863,0.0,2316.0,1820.0,1.0,0.0,0.0,snow/ice covered,0.268858700990677,-9.16623020172119,100.0,421.701202392578
arenacam6_1769615787983900657.png,1769615787983900657,1769615787.9839008,42.30099637186544,-83.69872793959236,237.12213134765625,-0.01988968923956802,-0.9992909094147449,0.0060915710790526625,-0.031384253771510884,-0.06809000000000001,0.05188,-0.00898,-2.5048,-2.1624000000000003,-9.4985,1.378476408780174,3.0835690178567225,0.7799999713897705,3.490000009536743,3.7899999618530273,3.7899999618530273,0.6333671683682298,2.833912185543923,3.0775149128243067,3.0775149128243067,2.4055772948901915,0.21987240079282502,11.199999809265137,0.0,2316.0,1860.0,1.0,0.0,0.0,snow/ice covered,0.268858700990677,-9.16623020172119,100.0,421.701202392578
arenacam6_1769615788004508060.png,1769615788004508060,1769615788.0045083,42.30099637124966,-83.69872827551903,237.1186065673828,-0.019855046871727067,-0.9993110758134645,0.005429065396576123,-0.030881646963490342,-0.06483000000000001,0.04471000000000001,0.0030800000000000003,-2.105,-2.079,-9.8991,1.3458609911640549,3.010610285574521,0.699999988079071,3.379999876022339,3.68999981880188,3.7099997997283936,0.5684064443200959,2.7445910629289965,2.9963138746654563,3.0125540435776093,2.3304663563730394,0.22591563327223815,11.5,0.0,2316.0,1892.0,1.0,0.0,0.0,snow/ice covered,0.268858700990677,-9.16623020172119,100.0,421.701202392578
arenacam6_1769615788025116861.png,1769615788025116861,1769615788.025117,42.30099636885409,-83.69872861095047,237.115234375,-0.020013475757048038,-0.9993259456430906,0.004854530484015266,-0.030389943837472982,-0.05261000000000001,0.0536,0.023510000000000003,-1.7265000000000001,-1.7515,-10.651200000000001,1.3170556783142386,2.9461745290482533,0.6299999952316284,2.7799999713897705,3.609999895095825,3.5799999237060547,0.5115658047280383,2.2573856083682298,2.931353199016843,2.906992945648613,2.151824389440431,0.26962086997080686,12.100000381469727,0.0,2316.0,1716.0,1.0,0.0,0.0,snow/ice covered,0.268858700990677,-9.16623020172119,100.0,421.701202392578
arenacam6_1769615788045932575.png,1769615788045932575,1769615788.0459325,42.30099635653135,-83.69872893125422,237.11215209960938,-0.02029533283835494,-0.9993327574283957,0.004318143736559397,-0.030058160792199678,-0.05206,0.036460000000000006,0.03395,-2.3726000000000003,-0.9831000000000001,-10.4038,1.2869872450026292,2.8789132478361816,0.5899999737739563,2.3399999141693115,3.549999952316284,3.4700000286102295,0.47908541850421077,1.9001015051046897,2.8826326922803833,2.81767201663177,2.0198729081302633,0.2983904917425286,12.800000190734863,0.0,2316.0,1764.0,1.0,0.0,0.0,snow/ice covered,0.268858700990677,-9.16623020172119,100.0,421.701202392578
arenacam6_1769615788066614092.png,1769615788066614092,1769615788.066614,42.30099633913929,-83.69872924729471,237.10980224609375,-0.02066591221449554,-0.9993345109669336,0.003927014883972398,-0.029799896256924408,-0.03434,0.025140000000000006,0.04007,-2.232,-0.5053,-10.7936,1.256851557233225,2.8115015224372906,0.5399999618530273,1.7599999904632568,3.5,3.3999998569488525,0.4384849478243065,1.4291362194560766,2.8420322700000002,2.7608312318411494,1.8676211672803833,0.3357210898248625,13.40000057220459,0.0,2276.0,1824.0,1.0,0.0,0.0,snow/ice covered,0.268858700990677,-9.16623020172119,100.0,421.701202392578
arenacam6_1769615788087269953.png,1769615788087269953,1769615788.0872698,42.30099632128649,-83.69872956334565,237.1074676513672,-0.021122052734648844,-0.9993278454114254,0.0035401038360692114,-0.029752040912561752,-0.04021000000000001,-0.0037,0.04816000000000001,-2.1097,0.21080000000000002,-10.845600000000001,1.233926457900991,2.760219450737043,0.5,1.409999966621399,3.419999837875366,3.299999952316284,0.40600461,1.1449329730962683,2.777071400753303,2.6796303872803833,1.7519098427824886,0.365300522639717,13.699999809265137,0.0,2276.0,1612.0,1.0,0.0,0.0,snow/ice covered,0.268858700990677,-9.16623020172119,100.0,421.701202392578
arenacam6_1769615788107962581.png,1769615788107962581,1769615788.1079626,42.30099630082482,-83.698729863725,237.1059112548828,-0.021530612550378858,-0.9993189825602353,0.0031258653506030486,-0.029803234451843238,-0.039630000000000006,-0.017350000000000004,0.041960000000000004,-1.8387,1.2129,-10.776100000000001,1.2101981251294254,2.707140594027017,0.4699999988079071,1.1699999570846558,3.2699999809265137,3.1999998092651367,0.38164433243200957,0.9500507525523448,2.6552701339121536,2.5984293491215325,1.6463486420045101,0.39184959745460496,13.90000057220459,0.0,2240.0,1736.0,1.0,0.0,0.0,snow/ice covered,0.268858700990677,-9.16623020172119,100.0,421.701202392578
arenacam6_1769615788128644617.png,1769615788128644617,1769615788.1286447,42.3009962871722,-83.69873016166767,237.10516357421875,-0.021909039574416866,-0.9993060364421611,0.002820124979711512,-0.029991438949873245,-0.026560000000000004,-0.017890000000000003,0.033240000000000006,-1.9194,1.1901000000000002,-10.345500000000001,1.1830336721350292,2.6463753425457326,0.44999998807907104,1.0099999904632568,3.0799999237060547,3.0999999046325684,0.3654041393200958,0.8201293044560766,2.500988335648613,2.5172285045607663,1.5509375709963877,0.4139389276864887,13.90000057220459,0.0,2240.0,1776.0,1.0,0.0,0.0,snow/ice covered,0.268858700990677,-9.16623020172119,100.0,421.701202392578
arenacam6_1769615788149458543.png,1769615788149458543,1769615788.1494584,42.300996275561175,-83.69873045989,237.10470581054688,-0.022136846390533538,-0.9992897610009727,0.0025689629788803667,-0.030386411761079927,-0.02502,-0.04333,0.021950000000000004,-2.5675000000000003,2.0500000000000003,-10.2642,1.1509117094742476,2.5745204393913235,0.44999998807907104,0.8799999952316284,2.93999981880188,3.059999942779541,0.3654041393200958,0.7145681097280383,2.3873069596654557,2.48474816673646,1.4880068438625125,0.4220256242306968,13.800000190734863,0.0,2240.0,1812.0,1.0,0.0,0.0,snow/ice covered,0.268858700990677,-9.16623020172119,100.0,421.701202392578
arenacam6_1769615788170114272.png,1769615788170114272,1769615788.1701143,42.30099626761747,-83.69873074130409,237.10450744628906,-0.022251076414628312,-0.9992752556962894,0.002413567701539044,-0.03079005752602423,-0.017640000000000003,-0.04681000000000001,0.009060000000000002,-2.4318,2.1244,-10.0038,1.1200214350278863,2.50542074887128,0.41999998688697815,0.7799999713897705,2.93999981880188,3.0199999809265137,0.3410438617521053,0.6333671683682298,2.3873069596654557,2.452267828912153,1.453496454674486,0.41985933686814786,13.600000381469727,0.0,2240.0,1812.0,1.0,0.0,0.0,snow/ice covered,0.268858700990677,-9.16623020172119,100.0,421.701202392578
arenacam6_1769615788190784732.png,1769615788190784732,1769615788.1907847,42.30099627616772,-83.69873101734612,237.10491943359375,-0.02218513967703739,-0.9992639664085093,0.0022954547145914803,-0.031210189084615547,-0.007060000000000001,-0.04995,-0.012530000000000001,-2.1857,2.5174000000000003,-9.7858,1.0905406790805594,2.439474066662467,0.3799999952316284,0.6699999570846558,2.7899999618530273,2.929999828338623,0.3085634997280383,0.5440461425523448,2.2655056928243065,2.3791868752093794,1.3743255525785174,0.4366303903944418,13.300000190734863,0.0,2240.0,1888.0,1.0,0.0,0.0,snow/ice covered,0.268858700990677,-9.16623020172119,100.0,421.701202392578
arenacam6_1769615788211378337.png,1769615788211378337,1769615788.2113783,42.3009962868393,-83.69873129169223,237.10537719726562,-0.022089683241320046,-0.9992585424591572,0.0023216802986610746,-0.03144870454072379,0.0029400000000000003,-0.04703000000000001,-0.017480000000000002,-2.7591,2.7364,-9.7382,1.0694003660859774,2.3921844549123668,0.3700000047683716,0.6100000143051147,2.679999828338623,2.869999885559082,0.3004434152719617,0.4953256358158851,2.1761845702093794,2.3304663684729197,1.3256049974425363,0.4458600402989838,12.90000057220459,0.0,2240.0,1868.0,1.0,0.0,0.0,snow/ice covered,0.268858700990677,-9.16623020172119,100.0,421.701202392578
arenacam6_1769615788232122749.png,1769615788232122749,1769615788.2321227,42.30099630031937,-83.69873154862005,237.1056671142578,-0.021788576585449193,-0.9992541172831737,0.0025032110127181147,-0.03178365865710123,0.0177,-0.03786,-0.033650000000000006,-2.4181,1.7681,-9.2492,1.0335382777126159,2.311963114946459,0.3400000035762787,0.5600000023841858,2.569999933242798,2.869999885559082,0.27608313770397125,0.4547251651359809,2.0868636411925365,2.3304663684729197,1.287034578126352,0.44331526320386067,12.5,0.0,2240.0,1904.0,1.0,0.0,0.0,snow/ice covered,0.268858700990677,-9.16623020172119,100.0,421.701202392578
arenacam6_1769615788252879379.png,1769615788252879379,1769615788.2528794,42.3009963301915,-83.69873179678719,237.10595703125,-0.021364873363771575,-0.9992526174659826,0.002764470383910103,-0.03209527032179464,0.029330000000000002,-0.03526000000000001,-0.04565,-2.6380000000000003,1.8585,-9.0215,0.9987369627334197,2.234114661416896,0.32999998331069946,0.5199999809265137,2.4800000190734863,2.7799999713897705,0.26796302904813407,0.4222447789121533,2.013782881087847,2.2573856083682298,1.240344074354091,0.44481628639084553,12.199999809265137,0.0,2240.0,2016.0,1.0,0.0,0.0,snow/ice covered,0.268858700990677,-9.16623020172119,100.0,421.701202392578
arenacam6_1769615788273502636.png,1769615788273502636,1769615788.2735028,42.30099636031313,-83.69873204328485,237.1062774658203,-0.020835582498065885,-0.9992563661956821,0.003247100400791807,-0.032280790857009745,0.05065000000000001,-0.024430000000000004,-0.05639000000000001,-2.3542,1.0297,-8.9879,0.9634691650805226,2.1552227141352245,0.3100000023841858,0.47999998927116394,2.4800000190734863,2.669999837875366,0.2517228601359809,0.3897644168880862,2.013782881087847,2.1680644857533027,1.2058336609663043,0.4405062395372254,11.90000057220459,0.0,2240.0,2016.0,1.0,0.0,0.0,snow/ice covered,0.268858700990677,-9.16623020172119,100.0,421.701202392578
arenacam6_1769615788294212633.png,1769615788294212633,1769615788.2942126,42.300996389294774,-83.69873227260614,237.10610961914062,-0.0202716433330849,-0.9992635928048026,0.0038777690974145657,-0.03234649097260945,0.06404000000000001,-0.007210000000000001,-0.058780000000000006,-2.4697,0.3774,-8.8975,0.9280436550413127,2.075977973708114,0.29999998211860657,0.44999998807907104,2.4099998474121094,2.5999999046325684,0.24360275148014365,0.3654041393200958,1.9569420962972262,2.111223894560766,1.1692932204145579,0.4367506615082408,11.5,0.0,2240.0,2080.0,1.0,0.0,0.0,snow/ice covered,0.268858700990677,-9.16623020172119,100.0,421.701202392578
arenacam6_1769615788314945000.png,1769615788314945000,1769615788.314945,42.30099642438731,-83.6987324954213,237.10574340820312,-0.019724199589276348,-0.9992717539240533,0.004604792430082013,-0.03233749598816418,0.07417,0.00529,-0.05682000000000001,-2.1844,0.0041,-8.8811,0.8989667965826229,2.0109347859475326,0.28999999165534973,0.41999998688697815,2.3499999046325684,2.549999952316284,0.23548266702406706,0.3410438617521053,1.9082215895607662,2.070623472280383,1.1388428976543303,0.43367487319201214,11.100000381469727,0.0,2208.0,2208.0,1.0,0.0,0.0,snow/ice covered,0.268858700990677,-9.16623020172119,100.0,421.701202392578
arenacam6_1769615788335826127.png,1769615788335826127,1769615788.3358262,42.3009964600492,-83.69873271571457,237.10525512695312,-0.019246091570938206,-0.9992782802413996,0.005458179500743085,-0.032291095886816806,0.08665000000000002,0.009800000000000001,-0.049620000000000004,-2.202,-0.8367,-9.1622,0.8659499017468222,1.9370779732135366,0.26999998092651367,0.3999999761581421,2.3299999237060547,2.3999998569488525,0.21924247391215326,0.32480366864019156,1.8919814206486132,1.9488220118411492,1.0962123937605268,0.4340896913189543,10.5,0.0,2208.0,2208.0,1.0,0.0,0.0,snow/ice covered,0.268858700990677,-9.16623020172119,100.0,421.701202392578
arenacam6_1769615788356300661.png,1769615788356300661,1769615788.3563006,42.300996487121736,-83.69873292203515,237.10440063476562,-0.018837171998878022,-0.9992838400756016,0.006361356083407229,-0.0321947365826203,0.08766,0.00892,-0.039580000000000004,-2.0745,-1.1434,-9.3332,0.8378926572302091,1.874315600664544,0.25999999046325684,0.3700000047683716,2.200000047683716,2.3999998569488525,0.21112238945607664,0.3004434152719617,1.786420322719617,1.9488220118411492,1.061702034822201,0.4335521539458075,10.100000381469727,0.0,2176.0,1968.0,1.0,0.0,0.0,snow/ice covered,0.268858700990677,-9.16623020172119,100.0,421.701202392578
arenacam6_1769615788377165814.png,1769615788377165814,1769615788.3771658,42.300996512622646,-83.6987331230419,237.1033477783203,-0.018533880628165467,-0.999289792833903,0.00728255303624209,-0.0319901489229194,0.08990000000000001,0.025250000000000005,-0.0313,-1.6565,-1.5427000000000002,-9.452200000000001,0.8106637961975983,1.8134062722662556,0.25999999046325684,0.35999998450279236,2.200000047683716,2.25,0.21112238945607664,0.29232330661612455,1.786420322719617,1.827020745,1.0292216909479546,0.43243733812516677,9.699999809265137,0.0,2176.0,1968.0,1.0,0.0,0.0,snow/ice covered,0.268858700990677,-9.16623020172119,100.0,421.701202392578
arenacam6_1769615788397866450.png,1769615788397866450,1769615788.3978665,42.30099653753069,-83.69873332351187,237.10223388671875,-0.018332621346652422,-0.9992916552648767,0.008099464361454933,-0.031851238431192426,0.07971000000000002,0.017990000000000003,-0.018580000000000003,-1.6761000000000001,-1.4693,-9.548,0.7876069960890135,1.761829593831358,0.25,0.3400000035762787,2.119999885559082,2.0899999141693115,0.203002305,0.27608313770397125,1.7214594534729195,1.6970992001046896,0.9744110240703951,0.4469323097522758,9.40000057220459,0.0,2176.0,2156.0,1.0,0.0,0.0,snow/ice covered,0.268858700990677,-9.16623020172119,100.0,421.701202392578
arenacam6_1769615788418600892.png,1769615788418600892,1769615788.418601,42.30099655254189,-83.69873350976754,237.10076904296875,-0.018215509969779775,-0.9992938112937007,0.008835729698559586,-0.03165444340601545,0.07248000000000002,0.020260000000000004,-0.01213,-1.9918,-1.0969,-9.5509,0.7584862488029488,1.6966882293972685,0.22999998927116394,0.3199999928474426,2.119999885559082,2.0799999237060547,0.1867621118880862,0.2598429445920575,1.7214594534729195,1.6889791156486131,0.9642609064004191,0.43168055881252676,9.100000381469727,0.0,2176.0,2148.0,1.0,0.0,0.0,snow/ice covered,0.268858700990677,-9.16623020172119,100.0,421.701202392578
arenacam6_1769615788439260644.png,1769615788439260644,1769615788.4392607,42.300996567381574,-83.69873369456086,237.09999084472656,-0.018161414543619026,-0.9992938640555189,0.009395426728227598,-0.03152240852725554,0.04836000000000001,0.010210000000000002,-0.0045000000000000005,-1.8309000000000002,-1.7092,-9.8963,0.7356564972174673,1.6456194448856414,0.2199999988079071,0.3100000023841858,2.009999990463257,1.8899999856948853,0.17864202743200958,0.2517228601359809,1.6321385244560767,1.534697414184115,0.8993002065520456,0.4535187285572331,8.90000057220459,0.0,2144.0,2148.0,1.0,0.0,0.0,snow/ice covered,0.268858700990677,-9.16623020172119,100.0,421.701202392578
arenacam6_1769615788459893678.png,1769615788459893678,1769615788.4598937,42.30099658270808,-83.69873387720833,237.09918212890625,-0.018209207635463576,-0.9992966691314829,0.009713286198936865,-0.03130884685244575,0.027930000000000007,0.030350000000000002,0.006590000000000001,-1.8082,-1.3158,-9.8528,0.7088306555223911,1.5856116465642576,0.2199999988079071,0.29999998211860657,1.959999918937683,1.8899999856948853,0.17864202743200958,0.24360275148014365,1.5915380053766515,1.534697414184115,0.8871200496182299,0.4405187098994489,8.800000190734863,0.0,2144.0,2144.0,0.0,0.0,0.0,snow/ice covered,0.268858700990677,-9.16623020172119,100.0,421.701202392578
arenacam6_1769615788480614118.png,1769615788480614118,1769615788.4806142,42.30099658485354,-83.69873404662125,237.09771728515625,-0.01828492590679337,-0.9992972303280907,0.009828800010046998,-0.03121060130071387,0.00936,0.011400000000000002,0.00812,-1.6879000000000002,-0.9259000000000001,-9.757,0.6874404409295463,1.5377630199329393,0.20999999344348907,0.2800000011920929,1.8299999237060547,1.71999990940094,0.17052193087605266,0.22736258256799044,1.485976810648613,1.396655784832728,0.820129277231346,0.4666738199575698,8.800000190734863,0.0,2144.0,2144.0,0.0,0.0,0.0,snow/ice covered,0.268858700990677,-9.16623020172119,100.0,421.701202392578
arenacam6_1769615788501191311.png,1769615788501191311,1769615788.5011914,42.30099658912834,-83.69873421298007,237.09706115722656,-0.018388357036839997,-0.9992989192999056,0.009777881949859521,-0.03111159327487679,-0.011360000000000002,0.013940000000000003,0.011780000000000002,-2.0731,-1.1288,-10.0332,0.6590340787467781,1.474219692111818,0.19999998807907104,0.25999999046325684,1.6699999570846558,1.71999990940094,0.16240183432009578,0.21112238945607664,1.3560553625523448,1.396655784832728,0.7815588427903113,0.4698491364806495,8.800000190734863,0.0,2144.0,2128.0,0.0,0.0,0.0,snow/ice covered,0.268858700990677,-9.16623020172119,100.0,421.701202392578
arenacam6_1769615788521904317.png,1769615788521904317,1769615788.5219045,42.300996593593126,-83.6987343794929,237.09637451171875,-0.018525261023406958,-0.9992999921406059,0.00951939233101299,-0.03107606122802078,-0.028500000000000004,0.0029400000000000003,0.015640000000000005,-1.8947,-0.5011,-10.3061,0.6340768488129898,1.4183918661837294,0.19999998807907104,0.25999999046325684,1.6699999570846558,1.5699999332427979,0.16240183432009578,0.21112238945607664,1.3560553625523448,1.2748544211925366,0.7511085018802635,0.47045064217608135,8.90000057220459,0.0,2144.0,2124.0,0.0,0.0,0.0,snow/ice covered,0.268858700990677,-9.16623020172119,100.0,421.701202392578
arenacam6_1769615788542629344.png,1769615788542629344,1769615788.5426295,42.300996588506315,-83.69873453039952,237.09527587890625,-0.018698840895567337,-0.9993004840511933,0.00921821054120528,-0.03104706940487179,-0.030890000000000004,0.00062,0.017400000000000002,-1.9420000000000002,-0.49810000000000004,-10.284500000000001,0.606432200247531,1.356552446021712,0.1899999976158142,0.25,1.6699999570846558,1.5399999618530273,0.15428174986401916,0.203002305,1.3560553625523448,1.2504941678243064,0.7409583963101676,0.4537930335954675,8.90000057220459,0.0,2144.0,2116.0,0.0,0.0,0.0,snow/ice covered,0.268858700990677,-9.16623020172119,100.0,421.701202392578
arenacam6_1769615788563315788.png,1769615788563315788,1769615788.5633156,42.30099658977787,-83.69873467707423,237.0951385498047,-0.018865170999971703,-0.9992996652424238,0.008879805075948141,-0.031071424675011578,-0.034010000000000006,-0.007130000000000001,0.020560000000000005,-2.0794,-0.010400000000000001,-10.325000000000001,0.5775241977410922,1.291886978894959,0.17999999225139618,0.23999999463558197,1.5,1.5399999618530273,0.14616165330806227,0.1948822084440431,1.21801383,1.2504941678243064,0.7023879648941029,0.45630850347690294,8.90000057220459,0.0,2144.0,2112.0,0.0,0.0,0.0,snow/ice covered,0.268858700990677,-9.16623020172119,100.0,421.701202392578
arenacam6_1769615788584310103.png,1769615788584310103,1769615788.58431,42.300996591289625,-83.69873482280245,237.09500122070312,-0.019026175642902154,-0.999299003249664,0.008549073767237585,-0.031087297765414263,-0.03072,-0.006360000000000001,0.017240000000000002,-2.0519000000000003,0.2068,-10.1456,0.548276561544403,1.2264617715811368,0.17999999225139618,0.22999998927116394,1.5,1.3299999237060547,0.14616165330806227,0.1867621118880862,1.21801383,1.079972200648613,0.6577274489611904,0.46371956778297485,8.90000057220459,0.0,2144.0,2104.0,0.0,0.0,0.0,snow/ice covered,0.268858700990677,-9.16623020172119,100.0,421.701202392578
arenacam6_1769615788604659718.png,1769615788604659718,1769615788.6046598,42.30099658676247,-83.69873495315808,237.09446716308594,-0.01915555077363018,-0.9992969687742244,0.008300935057004114,-0.031140448782649727,-0.022980000000000004,-0.01012,0.013800000000000002,-2.1185,0.2368,-10.1602,0.5184197781141161,1.1596739384545909,0.17999999225139618,0.2199999988079071,1.4199999570846558,1.3199999332427979,0.14616165330806227,0.17864202743200958,1.1530530575523448,1.0718521161925363,0.6374272136212382,0.4503392785814529,8.90000057220459,0.0,2144.0,2100.0,0.0,0.0,0.0,snow/ice covered,0.268858700990677,-9.16623020172119,100.0,421.701202392578
arenacam6_1769615788625598220.png,1769615788625598220,1769615788.6255982,42.30099659134671,-83.69873507764574,237.0948028564453,-0.019282726359391433,-0.9992939348031988,0.008124374448114029,-0.031205814674762102,-0.0176,-0.007020000000000001,0.013460000000000001,-2.2230000000000003,0.3498,-10.0837,0.4869898601265613,1.0893670977115102,0.17000000178813934,0.2199999988079071,1.2699999809265137,1.3199999332427979,0.13804156885198562,0.17864202743200958,1.0312516939121532,1.0718521161925363,0.6049468515971712,0.4446804453080928,8.90000057220459,0.0,2144.0,2096.0,0.0,0.0,0.0,snow/ice covered,0.268858700990677,-9.16623020172119,100.0,421.701202392578
arenacam6_1769615788646079753.png,1769615788646079753,1769615788.6460798,42.30099659613772,-83.69873520120831,237.09510803222656,-0.019374339643314697,-0.9992900237110831,0.008018188695634204,-0.031301631346138975,-0.007810000000000001,-0.00801,0.009420000000000001,-2.2149,0.41450000000000004,-9.9785,0.4553490232944917,1.0185884441683803,0.17000000178813934,0.20999999344348907,1.2699999809265137,1.1999999284744263,0.13804156885198562,0.17052193087605266,1.0312516939121532,0.9744110059205746,0.5785565498901916,0.43200165562201115,8.90000057220459,0.0,2144.0,2100.0,0.0,0.0,0.0,snow/ice covered,0.268858700990677,-9.16623020172119,100.0,421.701202392578
arenacam6_1769615788666883359.png,1769615788666883359,1769615788.6668832,42.30099659615895,-83.6987353088821,237.0950469970703,-0.019447627750226848,-0.9992854080939924,0.007994059624198661,-0.03140952014973772,-0.0020100000000000005,-0.009010000000000002,0.006560000000000001,-2.2822,0.24200000000000002,-9.9604,0.42286574112590847,0.9459252909541898,0.1599999964237213,0.19999998807907104,1.2699999809265137,1.0699999332427979,0.12992147229602874,0.16240183432009578,1.0312516939121532,0.8688498111925363,0.5481062029302035,0.0,8.90000057220459,0.0,2144.0,2096.0,0.0,0.0,0.0,snow/ice covered,0.268858700990677,-9.16623020172119,100.0,421.701202392578
arenacam6_1769615788687869496.png,1769615788687869496,1769615788.6878695,42.300996600838985,-83.69873540920315,237.09642028808594,-0.019510274851518683,-0.9992806977136341,0.008029414228479255,-0.03151134493032608,0.0044,-0.008290000000000002,0.006220000000000002,-2.3092,0.3118,-9.8407,0.38884945199334153,0.8698328931419854,0.1599999964237213,0.1899999976158142,1.090000033378601,1.0699999332427979,0.12992147229602874,0.15428174986401916,0.8850900769037318,0.8688498111925363,0.509535777564079,0.0,8.90000057220459,0.0,2144.0,2096.0,0.0,0.0,0.0,snow/ice covered,0.268858700990677,-9.16623020172119,100.0,421.701202392578
arenacam6_1769615788708096837.png,1769615788708096837,1769615788.7080967,42.3009966053456,-83.69873550869302,237.09779357910156,-0.01954725447061234,-0.9992765549633144,0.00809125168563893,-0.031603847700418436,0.006680000000000001,-0.00803,0.004570000000000001,-2.2421,0.1293,-9.820400000000001,0.3559706701690024,0.7962850309278483,0.14999999105930328,0.1899999976158142,0.949999988079071,1.0699999332427979,0.12180137574007183,0.15428174986401916,0.7714087493200958,0.8688498111925363,0.47908542152918077,0.0,8.90000057220459,0.0,2144.0,2096.0,0.0,0.0,0.0,snow/ice covered,0.268858700990677,-9.16623020172119,100.0,421.701202392578
arenacam6_1769615788728849631.png,1769615788728849631,1769615788.7288496,42.30099660929301,-83.69873559205809,237.09791564941406,-0.01959636017307187,-0.9992719349162387,0.008156097870266563,-0.03170269427437642,0.006980000000000001,-0.009900000000000003,0.006,-2.2774,0.22510000000000002,-9.800600000000001,0.3227715807005814,0.7220206597323585,0.14999999105930328,0.17999999225139618,0.949999988079071,1.0099999904632568,0.12180137574007183,0.14616165330806227,0.7714087493200958,0.8201293044560766,0.4648752707060766,0.0,8.90000057220459,0.0,2144.0,2096.0,0.0,0.0,0.0,snow/ice covered,0.268858700990677,-9.16623020172119,100.0,421.701202392578
arenacam6_1769615788749576033.png,1769615788749576033,1769615788.7495759,42.30099662374759,-83.698735742536,237.1006622314453,-0.01963741502665689,-0.9992661461236445,0.008275630939513837,-0.03182852611766872,0.006630000000000001,-0.007640000000000001,0.0036100000000000004,-2.325,-0.0051,-9.646600000000001,0.27287596783609047,0.6104071674912642,0.14999999105930328,0.17999999225139618,0.949999988079071,0.8899999856948853,0.12180137574007183,0.14616165330806227,0.7714087493200958,0.722688194184115,0.44051499313808623,0.0,8.90000057220459,0.0,2144.0,2096.0,0.0,0.0,0.0,snow/ice covered,0.268858700990677,-9.16623020172119,100.0,421.701202392578
arenacam6_1769615788770400700.png,1769615788770400700,1769615788.7704008,42.30099662952608,-83.69873580163527,237.10081481933594,-0.019678165774469236,-0.9992621123734928,0.00836330617533308,-0.031906984759379656,0.010690000000000002,-0.008320000000000001,0.003980000000000001,-2.3019000000000003,0.0684,-9.6667,0.23919271445251597,0.5350597506674111,0.14999999105930328,0.17999999225139618,0.949999988079071,0.7799999713897705,0.12180137574007183,0.14616165330806227,0.7714087493200958,0.6333671683682298,0.41818473668411493,0.0,8.90000057220459,0.0,2144.0,2096.0,0.0,0.0,0.0,snow/ice covered,0.268858700990677,-9.16623020172119,100.0,421.701202392578
arenacam6_1769615788791234606.png,1769615788791234606,1769615788.7912345,42.300996637532826,-83.69873585293361,237.10206604003906,-0.01969979403544564,-0.9992589015419271,0.008465006386947704,-0.03196731879672292,0.011080000000000001,-0.005520000000000001,0.0021200000000000004,-2.2139,-0.0645,-9.571,0.2069382195632444,0.46290838086980396,0.14000000059604645,0.17000000178813934,0.7899999618530273,0.6699999570846558,0.11368129128399522,0.13804156885198562,0.6414872528243065,0.5440461425523448,0.35931406387815806,0.0,8.90000057220459,0.0,2144.0,2100.0,0.0,0.0,0.0,snow/ice covered,0.268858700990677,-9.16623020172119,100.0,421.701202392578
arenacam6_1769615788811686701.png,1769615788811686701,1769615788.8116868,42.30099664564342,-83.69873590257073,237.10328674316406,-0.019747036592835998,-0.9992548366235567,0.008569216191181013,-0.03203739321634698,0.010510000000000002,-0.006950000000000001,0.0048200000000000005,-2.4057,-0.14200000000000002,-9.537600000000001,0.1725188748378121,0.3859143718796954,0.14000000059604645,0.1599999964237213,0.7099999785423279,0.6100000143051147,0.11368129128399522,0.12992147229602874,0.5765265287761724,0.4953256358158851,0.3288637320430204,0.0,8.90000057220459,0.0,2144.0,2100.0,0.0,0.0,0.0,snow/ice covered,0.268858700990677,-9.16623020172119,100.0,421.701202392578
arenacam6_1769615788832296328.png,1769615788832296328,1769615788.8322964,42.30099665136616,-83.69873593680607,237.1033477783203,-0.019788698960723272,-0.9992509616026031,0.008687103119525938,-0.03210073782805946,0.012440000000000003,-0.007820000000000002,0.00423,-2.4049,-0.0961,-9.5798,0.1379726948149713,0.3086366399394019,0.14000000059604645,0.1599999964237213,0.6399999856948853,0.5600000023841858,0.11368129128399522,0.12992147229602874,0.519685889184115,0.4547251651359809,0.30450345447502997,0.0,8.90000057220459,0.0,2144.0,2100.0,0.0,0.0,0.0,snow/ice covered,0.268858700990677,-9.16623020172119,100.0,421.701202392578
arenacam6_1769615788853177007.png,1769615788853177007,1769615788.853177,42.30099665770986,-83.6987359621951,237.10440063476562,-0.01984786371110342,-0.9992469725298492,0.0088237855371858,-0.03215106537628117,0.013740000000000002,-0.005580000000000001,0.005660000000000001,-2.318,-0.461,-9.5922,0.10348597213551936,0.23149191050882867,0.12999999523162842,0.14999999105930328,0.5999999642372131,0.5199999809265137,0.10556119472803832,0.12180137574007183,0.4872055029602873,0.4222447789121533,0.2842032130851377,0.0,9.0,0.0,2144.0,2100.0,0.0,0.0,0.0,snow/ice covered,0.268858700990677,-9.16623020172119,100.0,421.701202392578
arenacam6_1769615788873928514.png,1769615788873928514,1769615788.8739285,42.30099665770986,-83.6987359621951,237.10440063476562,-0.019913315225495276,-0.9992432632002173,0.008940058742414726,-0.032193728820897875,0.011380000000000001,-0.0035900000000000003,0.005880000000000001,-2.4613,-0.2546,-9.5852,0.06665203047922755,0.1490965930602033,0.12999999523162842,0.14999999105930328,0.550000011920929,0.47999998927116394,0.10556119472803832,0.12180137574007183,0.44660508067990423,0.3897644168880862,0.26593301700902516,0.0,9.0,0.0,2144.0,2100.0,0.0,0.0,0.0,snow/ice covered,0.268858700990677,-9.16623020172119,100.0,421.701202392578
arenacam6_1769615788895880743.png,1769615788895880743,1769615788.8958807,42.30099666464396,-83.69873598616351,237.10543823242188,-0.019986288938038166,-0.9992394919198375,0.00907439320604408,-0.032227960379335854,0.01429,-0.0008100000000000001,0.006340000000000001,-2.54,-0.3623,-9.5327,0.02919056141547066,0.06529753445272295,0.11999999731779099,0.14999999105930328,0.5099999904632568,0.44999998807907104,0.09744110422202155,0.12180137574007183,0.41412469445607664,0.3654041393200958,0.24969282843456647,0.0,9.0,0.0,2144.0,2096.0,0.0,0.0,0.0,snow/ice covered,0.268858700990677,-9.16623020172119,100.0,421.701202392578
arenacam6_1769615788915001912.png,1769615788915001912,1769615788.9150019,42.300996671651596,-83.69873598925574,237.10675048828125,-0.02009265870890381,-0.9992338881800249,0.009231340637237467,-0.032290929510878905,0.00817,-0.00116,0.00992,-2.6573,-0.35660000000000003,-9.6815,-0.031766956942393766,0.07106077666271832,0.11999999731779099,0.14999999105930328,0.4699999988079071,0.41999998688697815,0.09744110422202155,0.12180137574007183,0.38164433243200957,0.3410438617521053,0.23548266853655206,0.0,9.100000381469727,0.0,2144.0,2088.0,0.0,0.0,0.0,snow/ice covered,0.268858700990677,-9.16623020172119,100.0,421.701202392578
arenacam6_1769615788935783836.png,1769615788935783836,1769615788.9357839,42.30099667640787,-83.69873598375034,237.10797119140625,-0.020137458419560494,-0.999232588632518,0.009290126294795024,-0.0322863769504157,0.007240000000000001,0.00442,0.00286,-2.5436,0.0585,-9.4441,-0.07063237889894605,0.1580003936542084,0.11999999731779099,0.14999999105930328,0.4399999976158142,0.3999999761581421,0.09744110422202155,0.12180137574007183,0.35728405486401915,0.32480366864019156,0.22533255086657605,0.0,9.300000190734863,0.0,2144.0,2072.0,0.0,0.0,0.0,snow/ice covered,0.268858700990677,-9.16623020172119,100.0,421.701202392578
arenacam6_1769615788956318110.png,1769615788956318110,1769615788.9563181,42.30099667760342,-83.69873596487494,237.1078643798828,-0.020155479667015086,-0.9992341132907809,0.009355619065668631,-0.03220894079719451,0.006250000000000001,0.00808,0.00101,-1.8705,-0.2861,-9.373700000000001,-0.09817079904075658,0.21960218720623004,0.11999999731779099,0.14000000059604645,0.4099999964237213,0.3700000047683716,0.09744110422202155,0.11368129128399522,0.33292377729602873,0.3004434152719617,0.2111223970185018,0.0,9.5,0.0,2144.0,2068.0,0.0,0.0,0.0,snow/ice covered,0.268858700990677,-9.16623020172119,100.0,421.701202392578
arenacam6_1769615788977118041.png,1769615788977118041,1769615788.977118,42.30099668105308,-83.69873593905623,237.1087646484375,-0.020117936408274417,-0.9992383099651818,0.009395055070441418,-0.03209051998368601,0.0034000000000000002,0.014330000000000002,-0.005270000000000001,-1.4179000000000002,-0.12940000000000002,-9.2697,-0.11643830957360952,0.2604655122175901,0.0,0.14000000059604645,0.38999998569488525,0.35999998450279236,0.0,0.11368129128399522,0.3166835841841149,0.29232330661612455,0.18067204552105867,0.0,9.699999809265137,0.0,2144.0,2068.0,0.0,0.0,0.0,snow/ice covered,0.268858700990677,-9.16623020172119,100.0,421.701202392578
arenacam6_1769615788997790762.png,1769615788997790762,1769615788.9977908,42.30099668481899,-83.69873591322283,237.10958862304688,-0.02004915186154954,-0.9992462391811467,0.009416240700852443,-0.031879764789444986,0.0021200000000000004,0.022490000000000003,-0.007390000000000002,-0.8499,-0.153,-9.267900000000001,-0.12384273238286435,0.2770287617765246,0.0,0.12999999523162842,0.3700000047683716,0.3400000035762787,0.0,0.10556119472803832,0.3004434152719617,0.27608313770397125,0.17052193692599282,0.0,10.100000381469727,0.0,2144.0,2080.0,0.0,0.0,0.0,snow/ice covered,0.268858700990677,-9.16623020172119,100.0,421.701202392578
arenacam6_1769615789018528817.png,1769615789018528817,1769615789.0185287,42.30099668562828,-83.69873588346343,237.10899353027344,-0.01995927212122467,-0.9992562929938018,0.009413887409162686,-0.03162067508013836,-0.0025800000000000003,0.027780000000000006,-0.00885,-0.38220000000000004,-0.4046,-9.3721,-0.12136111854224624,0.2714775405118923,0.0,0.12999999523162842,0.3499999940395355,0.32999998331069946,0.0,0.10556119472803832,0.28420322216004795,0.26796302904813407,0.1644318614840551,0.0,10.40000057220459,0.0,2120.0,2092.0,0.0,0.0,0.0,snow/ice covered,0.268858700990677,-9.16623020172119,100.0,421.701202392578
arenacam6_1769615789039096090.png,1769615789039096090,1769615789.039096,42.30099668799064,-83.69873585817636,237.1092987060547,-0.019883073269478524,-0.9992675340560222,0.009346039444468438,-0.031332256951253044,-0.00632,0.03250000000000001,-0.0073500000000000015,-0.0966,-0.2763,-9.501000000000001,-0.11240679637873996,0.2514472590914586,0.0,0.12999999523162842,0.32999998331069946,0.3100000023841858,0.0,0.10556119472803832,0.26796302904813407,0.2517228601359809,0.15631177097803833,0.0,10.600000381469727,0.0,2052.0,2116.0,0.0,0.0,0.0,snow/ice covered,0.268858700990677,-9.16623020172119,100.0,421.701202392578
arenacam6_1769615789059775990.png,1769615789059775990,1769615789.059776,42.30099669045018,-83.69873583351125,237.1095733642578,-0.019798114576412895,-0.9992799514711892,0.009276793624424916,-0.03100893979172097,-0.007910000000000002,0.033080000000000005,-0.008180000000000002,0.34500000000000003,-0.3675,-9.6966,-0.09602878975082413,0.21481064094520855,0.0,0.11999999731779099,0.3199999928474426,0.29999998211860657,0.0,0.09744110422202155,0.2598429445920575,0.24360275148014365,0.15022170007355568,0.0,10.90000057220459,0.0,1944.0,2116.0,0.0,0.0,0.0,snow/ice covered,0.268858700990677,-9.16623020172119,100.0,421.701202392578
arenacam6_1769615789080408154.png,1769615789080408154,1769615789.080408,42.30099668941305,-83.69873581189366,237.10867309570312,-0.01975040938326017,-0.9992926259051895,0.009174293775489275,-0.030659443478733582,-0.012820000000000003,0.035800000000000005,-0.004790000000000001,0.6226,-0.6828000000000001,-9.8894,-0.07357327805963237,0.16457900862271405,0.0,0.11999999731779099,0.29999998211860657,0.2800000011920929,0.0,0.09744110422202155,0.24360275148014365,0.22736258256799044,0.14210160956753892,0.0,11.0,0.0,1880.0,2108.0,0.0,0.0,0.0,snow/ice covered,0.268858700990677,-9.16623020172119,100.0,421.701202392578
arenacam6_1769615789101414902.png,1769615789101414902,1769615789.101415,42.300996689770145,-83.69873580182428,237.10885620117188,-0.019730928399282976,-0.9993031300263306,0.008996128767745795,-0.030381152895752453,-0.01776,0.027540000000000005,0.00034,0.4793,-0.08710000000000001,-10.0214,-0.049782894662906675,0.11136134838724246,0.0,0.11999999731779099,0.28999999165534973,0.25999999046325684,0.0,0.09744110422202155,0.23548266702406706,0.21112238945607664,0.13601154017554132,0.0,11.0,0.0,1856.0,2064.0,0.0,0.0,0.0,snow/ice covered,0.268858700990677,-9.16623020172119,100.0,421.701202392578
arenacam6_1769615789121918557.png,1769615789121918557,1769615789.1219184,42.3009966899931,-83.6987357914044,237.10906982421875,-0.019729340528073902,-0.9993127739342668,0.008879338907792644,-0.03009801180624783,-0.010790000000000003,0.028020000000000003,-2e-05,0.38120000000000004,-0.3835,-10.2607,-0.030712609965739643,0.06870226573676164,0.0,0.0,0.26999998092651367,0.25999999046325684,0.0,0.0,0.21924247391215326,0.21112238945607664,0.10759121584205747,0.0,11.0,0.0,1828.0,2000.0,0.0,0.0,0.0,snow/ice covered,0.268858700990677,-9.16623020172119,100.0,421.701202392578
arenacam6_1769615789142688741.png,1769615789142688741,1769615789.1426888,42.30099668749954,-83.69873578610738,237.1084747314453,-0.019771316321242016,-0.9993201723310912,0.008700596095208454,-0.02987620877339529,-0.019010000000000003,0.01972,0.005830000000000001,0.5758,-0.3649,-10.3703,-0.007352808046699669,0.01644779043198436,0.0,0.0,0.25999999046325684,0.25,0.0,0.0,0.21112238945607664,0.203002305,0.10353117361401916,0.0,11.0,0.0,1828.0,2000.0,0.0,0.0,0.0,snow/ice covered,0.268858700990677,-9.16623020172119,100.0,421.701202392578
arenacam6_1769615789163197187.png,1769615789163197187,1769615789.1631973,42.30099668215164,-83.69873579879268,237.11026000976562,-0.019807848267792694,-0.9993222031441945,0.008619478492026432,-0.02980751651108686,-0.015960000000000002,0.015020000000000002,0.0079,0.43670000000000003,0.07830000000000001,-10.3435,0.0029151613051783282,0.00652104093000561,0.0,0.0,0.25999999046325684,0.23999999463558197,0.0,0.0,0.21112238945607664,0.1948822084440431,0.10150114947502994,0.0,10.90000057220459,0.0,1828.0,1884.0,0.0,0.0,0.0,snow/ice covered,0.268858700990677,-9.16623020172119,100.0,421.701202392578
arenacam6_1769615789184177968.png,1769615789184177968,1769615789.1841779,42.30099668215164,-83.69873579879268,237.11026000976562,-0.019891864572884665,-0.9993240298950649,0.008438954280348404,-0.029741907281742763,-0.00859,0.0026100000000000003,0.007140000000000001,-0.1889,-0.09730000000000001,-10.6251,0.02156903770291307,0.04824864319915437,0.0,0.0,0.23999999463558197,0.22999998927116394,0.0,0.0,0.1948822084440431,0.1867621118880862,0.09541108008303233,0.0,10.90000057220459,0.0,1828.0,1884.0,0.0,0.0,0.0,snow/ice covered,0.268858700990677,-9.16623020172119,100.0,421.701202392578
arenacam6_1769615789204904617.png,1769615789204904617,1769615789.2049048,42.30099668100539,-83.69873580512161,237.11041259765625,-0.019960618331420932,-0.9993219914188998,0.008339605520102282,-0.029792317166691566,-0.009340000000000003,-0.0082,0.006260000000000001,-0.11710000000000001,0.16790000000000002,-10.4623,0.030532937878941548,0.0683003500589195,0.0,0.0,0.22999998927116394,0.2199999988079071,0.0,0.0,0.1867621118880862,0.17864202743200958,0.09135103483002394,0.0,10.90000057220459,0.0,1828.0,1812.0,0.0,0.0,0.0,snow/ice covered,0.268858700990677,-9.16623020172119,100.0,421.701202392578
arenacam6_1769615789225366769.png,1769615789225366769,1769615789.2253668,42.30099667958347,-83.69873581913342,237.11216735839844,-0.020004935727555573,-0.9993167895902848,0.008301978913455205,-0.02994718243213262,-0.00203,-0.016980000000000002,0.00423,-0.49420000000000003,0.2521,-10.3019,0.03503572558224407,0.07837281598394505,0.0,0.0,0.2199999988079071,0.2199999988079071,0.0,0.0,0.17864202743200958,0.17864202743200958,0.08932101371600479,0.0,10.90000057220459,0.0,1832.0,1812.0,0.0,0.0,0.0,snow/ice covered,0.268858700990677,-9.16623020172119,100.0,421.701202392578
arenacam6_1769615789246063873.png,1769615789246063873,1769615789.246064,42.30099667774824,-83.69873583224131,237.11392211914062,-0.020033716755732844,-0.9993098892431873,0.008317820442755471,-0.030153097963587127,0.0018200000000000002,-0.021,0.00204,-0.8798,0.1822,-10.2019,0.03118811906915184,0.06976595107054852,0.0,0.0,0.2199999988079071,0.20999999344348907,0.0,0.0,0.17864202743200958,0.17052193087605266,0.08729098957701556,0.0,10.90000057220459,0.0,1944.0,1800.0,0.0,0.0,0.0,snow/ice covered,0.268858700990677,-9.16623020172119,100.0,421.701202392578
arenacam6_1769615789266763761.png,1769615789266763761,1769615789.2667637,42.30099668021081,-83.69873583978297,237.1146697998047,-0.020027092946840297,-0.9992994040717242,0.008372539922555117,-0.030487983620443842,0.00576,-0.023810000000000005,-0.0008100000000000001,-0.9201,0.22110000000000002,-9.7742,0.022816965343890303,0.05104018245636198,0.0,0.0,0.20999999344348907,0.19999998807907104,0.0,0.0,0.17052193087605266,0.16240183432009578,0.0832309412990371,0.0,10.800000190734863,0.0,1960.0,1808.0,0.0,0.0,0.0,snow/ice covered,0.268858700990677,-9.16623020172119,100.0,421.701202392578
arenacam6_1769615789287644048.png,1769615789287644048,1769615789.2876441,42.30099668242373,-83.69873584955938,237.11659240722656,-0.019985375307330577,-0.9992926288613295,0.008444090291515181,-0.03071683604128012,0.00657,-0.022920000000000003,-0.004510000000000001,-1.1671,0.0054,-9.6609,0.012769672596204795,0.028564991417354357,0.0,0.0,0.20999999344348907,0.1899999976158142,0.0,0.0,0.17052193087605266,0.15428174986401916,0.08120092018501796,0.0,10.800000190734863,0.0,1968.0,1808.0,0.0,0.0,0.0,snow/ice covered,0.268858700990677,-9.16623020172119,100.0,421.701202392578
arenacam6_1769615789308092269.png,1769615789308092269,1769615789.308092,42.30099668444318,-83.69873585848435,237.11851501464844,-0.019965694215711705,-0.999289580914699,0.00847990201285319,-0.030818757140133147,0.006980000000000001,-0.01946,-0.00442,-1.2383,-0.010100000000000001,-9.5686,0.006601022091926702,0.014766090358314518,0.0,0.0,0.19999998807907104,0.1899999976158142,0.0,0.0,0.16240183432009578,0.15428174986401916,0.07917089604602873,0.0,10.699999809265137,0.0,1968.0,1812.0,0.0,0.0,0.0,snow/ice covered,0.268858700990677,-9.16623020172119,100.0,421.701202392578
arenacam6_1769615789328822446.png,1769615789328822446,1769615789.3288226,42.300996689251065,-83.69873585963201,237.1192169189453,-0.019923547657357432,-0.9992851205462661,0.008552912006537317,-0.030970111394503928,0.008360000000000001,-0.013440000000000002,-0.005540000000000001,-1.0859,-0.0427,-9.3369,-0.003677670719272232,0.008226728738768828,0.0,0.0,0.1899999976158142,0.17999999225139618,0.0,0.0,0.15428174986401916,0.14616165330806227,0.07511085079302035,0.0,10.699999809265137,0.0,1968.0,1832.0,0.0,0.0,0.0,snow/ice covered,0.268858700990677,-9.16623020172119,100.0,421.701202392578
arenacam6_1769615789349561504.png,1769615789349561504,1769615789.3495617,42.30099669226192,-83.69873586121896,237.12069702148438,-0.019875967613952383,-0.9992814912590209,0.008632727025728629,-0.031095388125183688,0.0083,-0.010820000000000001,-0.00436,-1.1092,-0.18480000000000002,-9.2506,-0.0130810151926086,0.029261446124953884,0.0,0.0,0.17999999225139618,0.17999999225139618,0.0,0.0,0.14616165330806227,0.14616165330806227,0.07308082665403114,0.0,10.600000381469727,0.0,1968.0,1852.0,0.0,0.0,0.0,snow/ice covered,0.268858700990677,-9.16623020172119,100.0,421.701202392578
arenacam6_1769615789370317356.png,1769615789370317356,1769615789.3703172,42.300996699432126,-83.69873585564426,237.12232971191406,-0.01984452235817047,-0.9992791189735777,0.00874632738817776,-0.031159895265957586,0.0076500000000000005,-0.00017,-0.0023300000000000005,-1.0577,-0.2874,-9.2034,-0.028486944914116512,0.06372358655618379,0.0,0.0,0.17999999225139618,0.17999999225139618,0.0,0.0,0.14616165330806227,0.14616165330806227,0.07308082665403114,0.0,10.5,0.0,1968.0,1884.0,0.0,0.0,0.0,snow/ice covered,0.268858700990677,-9.16623020172119,100.0,421.701202392578
arenacam6_1769615789391188164.png,1769615789391188164,1769615789.3911881,42.30099670082258,-83.69873585106016,237.1231231689453,-0.019840751985580052,-0.999279402385282,0.008823562369031635,-0.031131419438893016,0.008960000000000003,0.0050100000000000006,-0.0006700000000000001,-0.8417,-0.29100000000000004,-9.253400000000001,-0.03383118985650744,0.07567834183761575,0.0,0.0,0.17999999225139618,0.17000000178813934,0.0,0.0,0.14616165330806227,0.13804156885198562,0.07105080554001197,0.0,10.5,0.0,1968.0,1884.0,0.0,0.0,0.0,snow/ice covered,0.268858700990677,-9.16623020172119,100.0,421.701202392578
arenacam6_1769615789411933909.png,1769615789411933909,1769615789.411934,42.30099669988989,-83.69873584749521,237.123779296875,-0.019849785953228782,-0.9992809333644063,0.00890673085058177,-0.03105273510541812,0.007220000000000001,0.008490000000000001,0.00218,-0.8501000000000001,-0.3765,-9.363900000000001,-0.03854852014194015,0.08623072664631161,0.0,0.0,0.17000000178813934,0.1599999964237213,0.0,0.0,0.13804156885198562,0.12992147229602874,0.0669907602870036,0.0,10.40000057220459,0.0,1968.0,1912.0,0.0,0.0,0.0,snow/ice covered,0.268858700990677,-9.16623020172119,100.0,421.701202392578
arenacam6_1769615789432591308.png,1769615789432591308,1769615789.4325914,42.30099670224908,-83.69873583771094,237.12344360351562,-0.019881092338931705,-0.9992838222107563,0.008981032860487634,-0.030918051103384792,0.007040000000000001,0.014880000000000003,0.0021600000000000005,-0.6688000000000001,-0.2615,-9.4601,-0.040864039318285084,0.09141040411264464,0.0,0.0,0.17000000178813934,0.1599999964237213,0.0,0.0,0.13804156885198562,0.12992147229602874,0.0669907602870036,0.0,10.40000057220459,0.0,1968.0,1924.0,0.0,0.0,0.0,snow/ice covered,0.268858700990677,-9.16623020172119,100.0,421.701202392578
arenacam6_1769615789453150450.png,1769615789453150450,1769615789.4531505,42.30099669990507,-83.69873583402418,237.1237335205078,-0.019911854421938047,-0.9992869562322438,0.00903926107135616,-0.030779683508140674,0.005930000000000001,0.014450000000000003,0.0024000000000000002,-0.4787,-0.28600000000000003,-9.5835,-0.038583470280251005,0.0863089080087047,0.0,0.0,0.1599999964237213,0.14999999105930328,0.0,0.0,0.12992147229602874,0.12180137574007183,0.06293071200902514,0.0,10.40000057220459,0.0,1968.0,1936.0,0.0,0.0,0.0,snow/ice covered,0.268858700990677,-9.16623020172119,100.0,421.701202392578
arenacam6_1769615789473757533.png,1769615789473757533,1769615789.4737575,42.30099669776475,-83.69873583010832,237.12400817871094,-0.019938525506969562,-0.9992906231657768,0.009081171832285174,-0.030630670441794735,0.0037600000000000008,0.015340000000000003,0.0026800000000000005,-0.4469,-0.2429,-9.760200000000001,-0.03568042853272744,0.07981497780199932,0.0,0.0,0.1599999964237213,0.14999999105930328,0.0,0.0,0.12992147229602874,0.12180137574007183,0.06293071200902514,0.0,10.40000057220459,0.0,1968.0,1940.0,0.0,0.0,0.0,snow/ice covered,0.268858700990677,-9.16623020172119,100.0,421.701202392578
arenacam6_1769615789494453181.png,1769615789494453181,1769615789.4944532,42.300996699024665,-83.69873582228105,237.12355041503906,-0.01994718196551659,-0.9992946975008702,0.009105102365261766,-0.030484661539808496,0.00288,0.014410000000000001,-0.00027000000000000006,-0.3214,-0.20720000000000002,-9.8392,-0.030649682226976442,0.0685615001608127,0.0,0.0,0.14999999105930328,0.14999999105930328,0.0,0.0,0.12180137574007183,0.12180137574007183,0.06090068787003591,0.0,10.40000057220459,0.0,1968.0,1940.0,0.0,0.0,0.0,snow/ice covered,0.268858700990677,-9.16623020172119,100.0,421.701202392578
arenacam6_1769615789515164528.png,1769615789515164528,1769615789.5151644,42.300996699024665,-83.69873582228105,237.12355041503906,-0.019951695961296756,-0.9992983033924326,0.00910192921277848,-0.030364214955749532,-0.00103,0.011430000000000003,0.0005600000000000002,-0.2651,-0.2346,-9.950800000000001,-0.023878082562071756,0.053413838006400795,0.0,0.0,0.14999999105930328,0.14999999105930328,0.0,0.0,0.12180137574007183,0.12180137574007183,0.06090068787003591,0.0,10.40000057220459,0.0,1968.0,1940.0,0.0,0.0,0.0,snow/ice covered,0.268858700990677,-9.16623020172119,100.0,421.701202392578
