image_filename,timestamp_ns,timestamp_sec,latitude,longitude,altitude,orientation_x,orientation_y,orientation_z,orientation_w,angular_velocity_x,angular_velocity_y,angular_velocity_z,linear_acceleration_x,linear_acceleration_y,linear_acceleration_z,vehicle_speed_mps,vehicle_speed_mph,wheel_speed_fl_rads,wheel_speed_fr_rads,wheel_speed_rl_rads,wheel_speed_rr_rads,wheel_speed_fl_mph,wheel_speed_fr_mph,wheel_speed_rl_mph,wheel_speed_rr_mph,avg_wheel_speed_mph,wheel_slip,steering_angle_deg,throttle_pedal,brake_pedal,brake_torque_actual,abs_active,esc_active,trac_active,marwis_road_condition,marwis_friction,marwis_surface_temp_c,marwis_ice_percent,marwis_water_film_height
arenacam6_1769616035461242365.png,1769616035461242365,1769616035.4612424,42.3010712634707,-83.69745016915333,239.0604705810547,0.707708207867739,0.7063246497216141,0.011022253360697514,0.01153653514383065,0.03928,-0.021,-0.0175,1.4514,1.2366000000000001,-9.606200000000001,0.8869933490501982,1.9841509022243506,18.239999771118164,14.90999984741211,16.219999313354492,2.740000009536743,14.811047986945841,12.107057346297227,13.170788990837517,2.2249052705439234,10.578449898656126,4.331474479484932,-1.5,40.650001525878906,0.0,372.0,0.0,0.0,0.0,snow covered,0.250002771615982,-8.0164737701416,100.0,476.883514404297
arenacam6_1769616035481646864.png,1769616035481646864,1769616035.4816468,42.3010712634707,-83.69745016915333,239.0604705810547,0.707708207867739,0.7063246497216141,0.011022253360697514,0.01153653514383065,0.03928,-0.021,-0.0175,1.4514,1.2366000000000001,-9.606200000000001,0.8869933490501982,1.9841509022243506,18.239999771118164,14.90999984741211,16.219999313354492,2.740000009536743,14.811047986945841,12.107057346297227,13.170788990837517,2.2249052705439234,10.578449898656126,4.331474479484932,-1.5,40.650001525878906,0.0,372.0,0.0,0.0,0.0,snow covered,0.250002771615982,-8.0164737701416,100.0,476.883514404297
arenacam6_1769616035500451690.png,1769616035500451690,1769616035.5004516,42.3010712634707,-83.69745016915333,239.0604705810547,0.707708207867739,0.7063246497216141,0.011022253360697514,0.01153653514383065,0.03928,-0.021,-0.0175,1.4514,1.2366000000000001,-9.606200000000001,0.8869933490501982,1.9841509022243506,18.239999771118164,14.90999984741211,16.219999313354492,2.740000009536743,14.811047986945841,12.107057346297227,13.170788990837517,2.2249052705439234,10.578449898656126,4.331474479484932,-1.5,40.650001525878906,0.0,372.0,0.0,0.0,0.0,snow covered,0.250002771615982,-8.0164737701416,100.0,476.883514404297
arenacam6_1769616035521303373.png,1769616035521303373,1769616035.5213032,42.3010712634707,-83.69745016915333,239.0604705810547,0.707708207867739,0.7063246497216141,0.011022253360697514,0.01153653514383065,0.03928,-0.021,-0.0175,1.4514,1.2366000000000001,-9.606200000000001,0.8869933490501982,1.9841509022243506,18.239999771118164,14.90999984741211,16.219999313354492,2.740000009536743,14.811047986945841,12.107057346297227,13.170788990837517,2.2249052705439234,10.578449898656126,4.331474479484932,-1.5,40.650001525878906,0.0,372.0,0.0,0.0,0.0,snow covered,0.250002771615982,-8.0164737701416,100.0,476.883514404297
arenacam6_1769616035541956478.png,1769616035541956478,1769616035.5419564,42.3010712634707,-83.69745016915333,239.0604705810547,0.707708207867739,0.7063246497216141,0.011022253360697514,0.01153653514383065,0.03928,-0.021,-0.0175,1.4514,1.2366000000000001,-9.606200000000001,0.8869933490501982,1.9841509022243506,18.239999771118164,14.90999984741211,16.219999313354492,2.740000009536743,14.811047986945841,12.107057346297227,13.170788990837517,2.2249052705439234,10.578449898656126,4.331474479484932,-1.5,40.650001525878906,0.0,372.0,0.0,0.0,0.0,snow covered,0.250002771615982,-8.0164737701416,100.0,476.883514404297
arenacam6_1769616035562719455.png,1769616035562719455,1769616035.5627196,42.3010712634707,-83.69745016915333,239.0604705810547,0.707708207867739,0.7063246497216141,0.011022253360697514,0.01153653514383065,0.03928,-0.021,-0.0175,1.4514,1.2366000000000001,-9.606200000000001,0.8869933490501982,1.9841509022243506,18.239999771118164,14.90999984741211,16.219999313354492,2.740000009536743,14.811047986945841,12.107057346297227,13.170788990837517,2.2249052705439234,10.578449898656126,4.331474479484932,-1.5,40.650001525878906,0.0,372.0,0.0,0.0,0.0,snow covered,0.250002771615982,-8.0164737701416,100.0,476.883514404297
arenacam6_1769616035583235474.png,1769616035583235474,1769616035.5832355,42.3010712634707,-83.69745016915333,239.0604705810547,0.707708207867739,0.7063246497216141,0.011022253360697514,0.01153653514383065,0.03928,-0.021,-0.0175,1.4514,1.2366000000000001,-9.606200000000001,0.8869933490501982,1.9841509022243506,18.239999771118164,14.90999984741211,16.219999313354492,2.740000009536743,14.811047986945841,12.107057346297227,13.170788990837517,2.2249052705439234,10.578449898656126,4.331474479484932,-1.5,40.650001525878906,0.0,372.0,0.0,0.0,0.0,snow covered,0.250002771615982,-8.0164737701416,100.0,476.883514404297
arenacam6_1769616035604028156.png,1769616035604028156,1769616035.6040282,42.3010712634707,-83.69745016915333,239.0604705810547,0.707708207867739,0.7063246497216141,0.011022253360697514,0.01153653514383065,0.03928,-0.021,-0.0175,1.4514,1.2366000000000001,-9.606200000000001,0.8869933490501982,1.9841509022243506,18.239999771118164,14.90999984741211,16.219999313354492,2.740000009536743,14.811047986945841,12.107057346297227,13.170788990837517,2.2249052705439234,10.578449898656126,4.331474479484932,-1.5,40.650001525878906,0.0,372.0,0.0,0.0,0.0,snow covered,0.250002771615982,-8.0164737701416,100.0,476.883514404297
arenacam6_1769616035624830582.png,1769616035624830582,1769616035.6248305,42.3010712634707,-83.69745016915333,239.0604705810547,0.707708207867739,0.7063246497216141,0.011022253360697514,0.01153653514383065,0.03928,-0.021,-0.0175,1.4514,1.2366000000000001,-9.606200000000001,0.8869933490501982,1.9841509022243506,18.239999771118164,14.90999984741211,16.219999313354492,2.740000009536743,14.811047986945841,12.107057346297227,13.170788990837517,2.2249052705439234,10.578449898656126,4.331474479484932,-1.5,40.650001525878906,0.0,372.0,0.0,0.0,0.0,snow covered,0.250002771615982,-8.0164737701416,100.0,476.883514404297
arenacam6_1769616035645354744.png,1769616035645354744,1769616035.6453547,42.3010712634707,-83.69745016915333,239.0604705810547,0.707708207867739,0.7063246497216141,0.011022253360697514,0.01153653514383065,0.03928,-0.021,-0.0175,1.4514,1.2366000000000001,-9.606200000000001,0.8869933490501982,1.9841509022243506,18.239999771118164,14.90999984741211,16.219999313354492,2.740000009536743,14.811047986945841,12.107057346297227,13.170788990837517,2.2249052705439234,10.578449898656126,4.331474479484932,-1.5,40.650001525878906,0.0,372.0,0.0,0.0,0.0,snow covered,0.250002771615982,-8.0164737701416,100.0,476.883514404297
arenacam6_1769616035665957096.png,1769616035665957096,1769616035.6659572,42.3010712634707,-83.69745016915333,239.0604705810547,0.707708207867739,0.7063246497216141,0.011022253360697514,0.01153653514383065,0.03928,-0.021,-0.0175,1.4514,1.2366000000000001,-9.606200000000001,0.8869933490501982,1.9841509022243506,18.239999771118164,14.90999984741211,16.219999313354492,2.740000009536743,14.811047986945841,12.107057346297227,13.170788990837517,2.2249052705439234,10.578449898656126,4.331474479484932,-1.5,40.650001525878906,0.0,372.0,0.0,0.0,0.0,snow covered,0.250002771615982,-8.0164737701416,100.0,476.883514404297
arenacam6_1769616035686939237.png,1769616035686939237,1769616035.6869392,42.3010712634707,-83.69745016915333,239.0604705810547,0.707708207867739,0.7063246497216141,0.011022253360697514,0.01153653514383065,0.03928,-0.021,-0.0175,1.4514,1.2366000000000001,-9.606200000000001,0.8869933490501982,1.9841509022243506,18.239999771118164,14.90999984741211,16.219999313354492,2.740000009536743,14.811047986945841,12.107057346297227,13.170788990837517,2.2249052705439234,10.578449898656126,4.331474479484932,-1.5,40.650001525878906,0.0,372.0,0.0,0.0,0.0,snow covered,0.250002771615982,-8.0164737701416,100.0,476.883514404297
arenacam6_1769616035707445481.png,1769616035707445481,1769616035.7074456,42.3010712634707,-83.69745016915333,239.0604705810547,0.707708207867739,0.7063246497216141,0.011022253360697514,0.01153653514383065,0.03928,-0.021,-0.0175,1.4514,1.2366000000000001,-9.606200000000001,0.8869933490501982,1.9841509022243506,18.239999771118164,14.90999984741211,16.219999313354492,2.740000009536743,14.811047986945841,12.107057346297227,13.170788990837517,2.2249052705439234,10.578449898656126,4.331474479484932,-1.5,40.650001525878906,0.0,372.0,0.0,0.0,0.0,snow covered,0.250002771615982,-8.0164737701416,100.0,476.883514404297
arenacam6_1769616035728096863.png,1769616035728096863,1769616035.7280967,42.3010712634707,-83.69745016915333,239.0604705810547,0.707708207867739,0.7063246497216141,0.011022253360697514,0.01153653514383065,0.03928,-0.021,-0.0175,1.4514,1.2366000000000001,-9.606200000000001,0.8869933490501982,1.9841509022243506,18.239999771118164,14.90999984741211,16.219999313354492,2.740000009536743,14.811047986945841,12.107057346297227,13.170788990837517,2.2249052705439234,10.578449898656126,4.331474479484932,-1.5,40.650001525878906,0.0,372.0,0.0,0.0,0.0,snow covered,0.250002771615982,-8.0164737701416,100.0,476.883514404297
arenacam6_1769616035748881569.png,1769616035748881569,1769616035.7488816,42.3010712634707,-83.69745016915333,239.0604705810547,0.707708207867739,0.7063246497216141,0.011022253360697514,0.01153653514383065,0.03928,-0.021,-0.0175,1.4514,1.2366000000000001,-9.606200000000001,0.8869933490501982,1.9841509022243506,18.239999771118164,14.90999984741211,16.219999313354492,2.740000009536743,14.811047986945841,12.107057346297227,13.170788990837517,2.2249052705439234,10.578449898656126,4.331474479484932,-1.5,40.650001525878906,0.0,372.0,0.0,0.0,0.0,snow covered,0.250002771615982,-8.0164737701416,100.0,476.883514404297
arenacam6_1769616035769726477.png,1769616035769726477,1769616035.7697265,42.3010712634707,-83.69745016915333,239.0604705810547,0.707708207867739,0.7063246497216141,0.011022253360697514,0.01153653514383065,0.03928,-0.021,-0.0175,1.4514,1.2366000000000001,-9.606200000000001,0.8869933490501982,1.9841509022243506,18.239999771118164,14.90999984741211,16.219999313354492,2.740000009536743,14.811047986945841,12.107057346297227,13.170788990837517,2.2249052705439234,10.578449898656126,4.331474479484932,-1.5,40.650001525878906,0.0,372.0,0.0,0.0,0.0,snow covered,0.250002771615982,-8.0164737701416,100.0,476.883514404297
arenacam6_1769616035790262083.png,1769616035790262083,1769616035.790262,42.3010712634707,-83.69745016915333,239.0604705810547,0.707708207867739,0.7063246497216141,0.011022253360697514,0.01153653514383065,0.03928,-0.021,-0.0175,1.4514,1.2366000000000001,-9.606200000000001,0.8869933490501982,1.9841509022243506,18.239999771118164,14.90999984741211,16.219999313354492,2.740000009536743,14.811047986945841,12.107057346297227,13.170788990837517,2.2249052705439234,10.578449898656126,4.331474479484932,-1.5,40.650001525878906,0.0,372.0,0.0,0.0,0.0,snow covered,0.250002771615982,-8.0164737701416,100.0,476.883514404297
arenacam6_1769616035810873008.png,1769616035810873008,1769616035.810873,42.3010712634707,-83.69745016915333,239.0604705810547,0.707708207867739,0.7063246497216141,0.011022253360697514,0.01153653514383065,0.03928,-0.021,-0.0175,1.4514,1.2366000000000001,-9.606200000000001,0.8869933490501982,1.9841509022243506,18.239999771118164,14.90999984741211,16.219999313354492,2.740000009536743,14.811047986945841,12.107057346297227,13.170788990837517,2.2249052705439234,10.578449898656126,4.331474479484932,-1.5,40.650001525878906,0.0,372.0,0.0,0.0,0.0,snow covered,0.250002771615982,-8.0164737701416,100.0,476.883514404297
arenacam6_1769616035831425465.png,1769616035831425465,1769616035.8314254,42.3010712634707,-83.69745016915333,239.0604705810547,0.707708207867739,0.7063246497216141,0.011022253360697514,0.01153653514383065,0.03928,-0.021,-0.0175,1.4514,1.2366000000000001,-9.606200000000001,0.8869933490501982,1.9841509022243506,18.239999771118164,14.90999984741211,16.219999313354492,2.740000009536743,14.811047986945841,12.107057346297227,13.170788990837517,2.2249052705439234,10.578449898656126,4.331474479484932,-1.5,40.650001525878906,0.0,372.0,0.0,0.0,0.0,snow covered,0.250002771615982,-8.0164737701416,100.0,476.883514404297
arenacam6_1769616035852142984.png,1769616035852142984,1769616035.852143,42.3010712634707,-83.69745016915333,239.0604705810547,0.707708207867739,0.7063246497216141,0.011022253360697514,0.01153653514383065,0.03928,-0.021,-0.0175,1.4514,1.2366000000000001,-9.606200000000001,0.8869933490501982,1.9841509022243506,18.239999771118164,14.90999984741211,16.219999313354492,2.740000009536743,14.811047986945841,12.107057346297227,13.170788990837517,2.2249052705439234,10.578449898656126,4.331474479484932,-1.5,40.650001525878906,0.0,372.0,0.0,0.0,0.0,snow covered,0.250002771615982,-8.0164737701416,100.0,476.883514404297
arenacam6_1769616035872882869.png,1769616035872882869,1769616035.8728828,42.3010712634707,-83.69745016915333,239.0604705810547,0.707708207867739,0.7063246497216141,0.011022253360697514,0.01153653514383065,0.03928,-0.021,-0.0175,1.4514,1.2366000000000001,-9.606200000000001,0.8869933490501982,1.9841509022243506,18.239999771118164,14.90999984741211,16.219999313354492,2.740000009536743,14.811047986945841,12.107057346297227,13.170788990837517,2.2249052705439234,10.578449898656126,4.331474479484932,-1.5,40.650001525878906,0.0,372.0,0.0,0.0,0.0,snow covered,0.250002771615982,-8.0164737701416,100.0,476.883514404297
arenacam6_1769616035893622658.png,1769616035893622658,1769616035.8936229,42.3010712634707,-83.69745016915333,239.0604705810547,0.707708207867739,0.7063246497216141,0.011022253360697514,0.01153653514383065,0.03928,-0.021,-0.0175,1.4514,1.2366000000000001,-9.606200000000001,0.8869933490501982,1.9841509022243506,18.239999771118164,14.90999984741211,16.219999313354492,2.740000009536743,14.811047986945841,12.107057346297227,13.170788990837517,2.2249052705439234,10.578449898656126,4.331474479484932,-1.5,40.650001525878906,0.0,372.0,0.0,0.0,0.0,snow covered,0.250002771615982,-8.0164737701416,100.0,476.883514404297
arenacam6_1769616035914509617.png,1769616035914509617,1769616035.9145095,42.3010712634707,-83.69745016915333,239.0604705810547,0.707708207867739,0.7063246497216141,0.011022253360697514,0.01153653514383065,0.03928,-0.021,-0.0175,1.4514,1.2366000000000001,-9.606200000000001,0.8869933490501982,1.9841509022243506,18.239999771118164,14.90999984741211,16.219999313354492,2.740000009536743,14.811047986945841,12.107057346297227,13.170788990837517,2.2249052705439234,10.578449898656126,4.331474479484932,-1.5,40.650001525878906,0.0,372.0,0.0,0.0,0.0,snow covered,0.250002771615982,-8.0164737701416,100.0,476.883514404297
arenacam6_1769616035935151046.png,1769616035935151046,1769616035.935151,42.3010712634707,-83.69745016915333,239.0604705810547,0.707708207867739,0.7063246497216141,0.011022253360697514,0.01153653514383065,0.03928,-0.021,-0.0175,1.4514,1.2366000000000001,-9.606200000000001,0.8869933490501982,1.9841509022243506,18.239999771118164,14.90999984741211,16.219999313354492,2.740000009536743,14.811047986945841,12.107057346297227,13.170788990837517,2.2249052705439234,10.578449898656126,4.331474479484932,-1.5,40.650001525878906,0.0,372.0,0.0,0.0,0.0,snow covered,0.250002771615982,-8.0164737701416,100.0,476.883514404297
arenacam6_1769616035955689036.png,1769616035955689036,1769616035.955689,42.3010712634707,-83.69745016915333,239.0604705810547,0.707708207867739,0.7063246497216141,0.011022253360697514,0.01153653514383065,0.03928,-0.021,-0.0175,1.4514,1.2366000000000001,-9.606200000000001,0.8869933490501982,1.9841509022243506,18.239999771118164,14.90999984741211,16.219999313354492,2.740000009536743,14.811047986945841,12.107057346297227,13.170788990837517,2.2249052705439234,10.578449898656126,4.331474479484932,-1.5,40.650001525878906,0.0,372.0,0.0,0.0,0.0,snow covered,0.250002771615982,-8.0164737701416,100.0,476.883514404297
arenacam6_1769616035976560317.png,1769616035976560317,1769616035.9765604,42.3010712634707,-83.69745016915333,239.0604705810547,0.707708207867739,0.7063246497216141,0.011022253360697514,0.01153653514383065,0.03928,-0.021,-0.0175,1.4514,1.2366000000000001,-9.606200000000001,0.8869933490501982,1.9841509022243506,18.239999771118164,14.90999984741211,16.219999313354492,2.740000009536743,14.811047986945841,12.107057346297227,13.170788990837517,2.2249052705439234,10.578449898656126,4.331474479484932,-1.5,40.650001525878906,0.0,372.0,0.0,0.0,0.0,snow covered,0.250002771615982,-8.0164737701416,100.0,476.883514404297
arenacam6_1769616035997012724.png,1769616035997012724,1769616035.9970129,42.3010712634707,-83.69745016915333,239.0604705810547,0.707708207867739,0.7063246497216141,0.011022253360697514,0.01153653514383065,0.03928,-0.021,-0.0175,1.4514,1.2366000000000001,-9.606200000000001,0.8869933490501982,1.9841509022243506,18.239999771118164,14.90999984741211,16.219999313354492,2.740000009536743,14.811047986945841,12.107057346297227,13.170788990837517,2.2249052705439234,10.578449898656126,4.331474479484932,-1.5,40.650001525878906,0.0,372.0,0.0,0.0,0.0,snow covered,0.250002771615982,-8.0164737701416,100.0,476.883514404297
arenacam6_1769616036017773344.png,1769616036017773344,1769616036.0177734,42.3010712634707,-83.69745016915333,239.0604705810547,0.707708207867739,0.7063246497216141,0.011022253360697514,0.01153653514383065,0.03928,-0.021,-0.0175,1.4514,1.2366000000000001,-9.606200000000001,0.8869933490501982,1.9841509022243506,18.239999771118164,14.90999984741211,16.219999313354492,2.740000009536743,14.811047986945841,12.107057346297227,13.170788990837517,2.2249052705439234,10.578449898656126,4.331474479484932,-1.5,40.650001525878906,0.0,372.0,0.0,0.0,0.0,snow covered,0.250002771615982,-8.0164737701416,100.0,476.883514404297
arenacam6_1769616036038517816.png,1769616036038517816,1769616036.0385177,42.3010712634707,-83.69745016915333,239.0604705810547,0.707708207867739,0.7063246497216141,0.011022253360697514,0.01153653514383065,0.03928,-0.021,-0.0175,1.4514,1.2366000000000001,-9.606200000000001,0.8869933490501982,1.9841509022243506,18.239999771118164,14.90999984741211,16.219999313354492,2.740000009536743,14.811047986945841,12.107057346297227,13.170788990837517,2.2249052705439234,10.578449898656126,4.331474479484932,-1.5,40.650001525878906,0.0,372.0,0.0,0.0,0.0,snow covered,0.250002771615982,-8.0164737701416,100.0,476.883514404297
arenacam6_1769616036059146620.png,1769616036059146620,1769616036.0591464,42.3010712634707,-83.69745016915333,239.0604705810547,0.707708207867739,0.7063246497216141,0.011022253360697514,0.01153653514383065,0.03928,-0.021,-0.0175,1.4514,1.2366000000000001,-9.606200000000001,0.8869933490501982,1.9841509022243506,18.239999771118164,14.90999984741211,16.219999313354492,2.740000009536743,14.811047986945841,12.107057346297227,13.170788990837517,2.2249052705439234,10.578449898656126,4.331474479484932,-1.5,40.650001525878906,0.0,372.0,0.0,0.0,0.0,snow covered,0.250002771615982,-8.0164737701416,100.0,476.883514404297
arenacam6_1769616036079838470.png,1769616036079838470,1769616036.0798385,42.3010712634707,-83.69745016915333,239.0604705810547,0.707708207867739,0.7063246497216141,0.011022253360697514,0.01153653514383065,0.03928,-0.021,-0.0175,1.4514,1.2366000000000001,-9.606200000000001,0.8869933490501982,1.9841509022243506,18.239999771118164,14.90999984741211,16.219999313354492,2.740000009536743,14.811047986945841,12.107057346297227,13.170788990837517,2.2249052705439234,10.578449898656126,4.331474479484932,-1.5,40.650001525878906,0.0,372.0,0.0,0.0,0.0,snow covered,0.250002771615982,-8.0164737701416,100.0,476.883514404297
arenacam6_1769616036100630723.png,1769616036100630723,1769616036.1006308,42.3010712634707,-83.69745016915333,239.0604705810547,0.707708207867739,0.7063246497216141,0.011022253360697514,0.01153653514383065,0.03928,-0.021,-0.0175,1.4514,1.2366000000000001,-9.606200000000001,0.8869933490501982,1.9841509022243506,18.239999771118164,14.90999984741211,16.219999313354492,2.740000009536743,14.811047986945841,12.107057346297227,13.170788990837517,2.2249052705439234,10.578449898656126,4.331474479484932,-1.5,40.650001525878906,0.0,372.0,0.0,0.0,0.0,snow covered,0.250002771615982,-8.0164737701416,100.0,476.883514404297
arenacam6_1769616036121253687.png,1769616036121253687,1769616036.1212537,42.3010712634707,-83.69745016915333,239.0604705810547,0.707708207867739,0.7063246497216141,0.011022253360697514,0.01153653514383065,0.03928,-0.021,-0.0175,1.4514,1.2366000000000001,-9.606200000000001,0.8869933490501982,1.9841509022243506,18.239999771118164,14.90999984741211,16.219999313354492,2.740000009536743,14.811047986945841,12.107057346297227,13.170788990837517,2.2249052705439234,10.578449898656126,4.331474479484932,-1.5,40.650001525878906,0.0,372.0,0.0,0.0,0.0,snow covered,0.250002771615982,-8.0164737701416,100.0,476.883514404297
arenacam6_1769616036142028019.png,1769616036142028019,1769616036.142028,42.3010712634707,-83.69745016915333,239.0604705810547,0.707708207867739,0.7063246497216141,0.011022253360697514,0.01153653514383065,0.03928,-0.021,-0.0175,1.4514,1.2366000000000001,-9.606200000000001,0.8869933490501982,1.9841509022243506,18.239999771118164,14.90999984741211,16.219999313354492,2.740000009536743,14.811047986945841,12.107057346297227,13.170788990837517,2.2249052705439234,10.578449898656126,4.331474479484932,-1.5,40.650001525878906,0.0,372.0,0.0,0.0,0.0,snow covered,0.250002771615982,-8.0164737701416,100.0,476.883514404297
arenacam6_1769616036162638265.png,1769616036162638265,1769616036.1626384,42.3010712634707,-83.69745016915333,239.0604705810547,0.707708207867739,0.7063246497216141,0.011022253360697514,0.01153653514383065,0.03928,-0.021,-0.0175,1.4514,1.2366000000000001,-9.606200000000001,0.8869933490501982,1.9841509022243506,18.239999771118164,14.90999984741211,16.219999313354492,2.740000009536743,14.811047986945841,12.107057346297227,13.170788990837517,2.2249052705439234,10.578449898656126,4.331474479484932,-1.5,40.650001525878906,0.0,372.0,0.0,0.0,0.0,snow covered,0.250002771615982,-8.0164737701416,100.0,476.883514404297
arenacam6_1769616036183301249.png,1769616036183301249,1769616036.1833014,42.3010712634707,-83.69745016915333,239.0604705810547,0.707708207867739,0.7063246497216141,0.011022253360697514,0.01153653514383065,0.03928,-0.021,-0.0175,1.4514,1.2366000000000001,-9.606200000000001,0.8869933490501982,1.9841509022243506,18.239999771118164,14.90999984741211,16.219999313354492,2.740000009536743,14.811047986945841,12.107057346297227,13.170788990837517,2.2249052705439234,10.578449898656126,4.331474479484932,-1.5,40.650001525878906,0.0,372.0,0.0,0.0,0.0,snow covered,0.250002771615982,-8.0164737701416,100.0,476.883514404297
arenacam6_1769616036203934226.png,1769616036203934226,1769616036.2039342,42.3010712634707,-83.69745016915333,239.0604705810547,0.707708207867739,0.7063246497216141,0.011022253360697514,0.01153653514383065,0.03928,-0.021,-0.0175,1.4514,1.2366000000000001,-9.606200000000001,0.8869933490501982,1.9841509022243506,18.239999771118164,14.90999984741211,16.219999313354492,2.740000009536743,14.811047986945841,12.107057346297227,13.170788990837517,2.2249052705439234,10.578449898656126,4.331474479484932,-1.5,40.650001525878906,0.0,372.0,0.0,0.0,0.0,snow covered,0.250002771615982,-8.0164737701416,100.0,476.883514404297
arenacam6_1769616036224746039.png,1769616036224746039,1769616036.224746,42.3010712634707,-83.69745016915333,239.0604705810547,0.707708207867739,0.7063246497216141,0.011022253360697514,0.01153653514383065,0.03928,-0.021,-0.0175,1.4514,1.2366000000000001,-9.606200000000001,0.8869933490501982,1.9841509022243506,18.239999771118164,14.90999984741211,16.219999313354492,2.740000009536743,14.811047986945841,12.107057346297227,13.170788990837517,2.2249052705439234,10.578449898656126,4.331474479484932,-1.5,40.650001525878906,0.0,372.0,0.0,0.0,0.0,snow covered,0.250002771615982,-8.0164737701416,100.0,476.883514404297
arenacam6_1769616036245579615.png,1769616036245579615,1769616036.2455795,42.3010712634707,-83.69745016915333,239.0604705810547,0.707708207867739,0.7063246497216141,0.011022253360697514,0.01153653514383065,0.03928,-0.021,-0.0175,1.4514,1.2366000000000001,-9.606200000000001,0.8869933490501982,1.9841509022243506,18.239999771118164,14.90999984741211,16.219999313354492,2.740000009536743,14.811047986945841,12.107057346297227,13.170788990837517,2.2249052705439234,10.578449898656126,4.331474479484932,-1.5,40.650001525878906,0.0,372.0,0.0,0.0,0.0,snow covered,0.250002771615982,-8.0164737701416,100.0,476.883514404297
arenacam6_1769616036266040592.png,1769616036266040592,1769616036.2660406,42.3010712634707,-83.69745016915333,239.0604705810547,0.707708207867739,0.7063246497216141,0.011022253360697514,0.01153653514383065,0.03928,-0.021,-0.0175,1.4514,1.2366000000000001,-9.606200000000001,0.8869933490501982,1.9841509022243506,18.239999771118164,14.90999984741211,16.219999313354492,2.740000009536743,14.811047986945841,12.107057346297227,13.170788990837517,2.2249052705439234,10.578449898656126,4.331474479484932,-1.5,40.650001525878906,0.0,372.0,0.0,0.0,0.0,snow covered,0.250002771615982,-8.0164737701416,100.0,476.883514404297
arenacam6_1769616036286872650.png,1769616036286872650,1769616036.2868726,42.3010712634707,-83.69745016915333,239.0604705810547,0.707708207867739,0.7063246497216141,0.011022253360697514,0.01153653514383065,0.03928,-0.021,-0.0175,1.4514,1.2366000000000001,-9.606200000000001,0.8869933490501982,1.9841509022243506,18.239999771118164,14.90999984741211,16.219999313354492,2.740000009536743,14.811047986945841,12.107057346297227,13.170788990837517,2.2249052705439234,10.578449898656126,4.331474479484932,-1.5,40.650001525878906,0.0,372.0,0.0,0.0,0.0,snow covered,0.250002771615982,-8.0164737701416,100.0,476.883514404297
arenacam6_1769616036307418312.png,1769616036307418312,1769616036.3074183,42.3010712634707,-83.69745016915333,239.0604705810547,0.707708207867739,0.7063246497216141,0.011022253360697514,0.01153653514383065,0.03928,-0.021,-0.0175,1.4514,1.2366000000000001,-9.606200000000001,0.8869933490501982,1.9841509022243506,18.239999771118164,14.90999984741211,16.219999313354492,2.740000009536743,14.811047986945841,12.107057346297227,13.170788990837517,2.2249052705439234,10.578449898656126,4.331474479484932,-1.5,40.650001525878906,0.0,372.0,0.0,0.0,0.0,snow covered,0.250002771615982,-8.0164737701416,100.0,476.883514404297
arenacam6_1769616036328089761.png,1769616036328089761,1769616036.32809,42.3010712634707,-83.69745016915333,239.0604705810547,0.707708207867739,0.7063246497216141,0.011022253360697514,0.01153653514383065,0.03928,-0.021,-0.0175,1.4514,1.2366000000000001,-9.606200000000001,0.8869933490501982,1.9841509022243506,18.239999771118164,14.90999984741211,16.219999313354492,2.740000009536743,14.811047986945841,12.107057346297227,13.170788990837517,2.2249052705439234,10.578449898656126,4.331474479484932,-1.5,40.650001525878906,0.0,372.0,0.0,0.0,0.0,snow covered,0.250002771615982,-8.0164737701416,100.0,476.883514404297
arenacam6_1769616036348992930.png,1769616036348992930,1769616036.348993,42.3010712634707,-83.69745016915333,239.0604705810547,0.707708207867739,0.7063246497216141,0.011022253360697514,0.01153653514383065,0.03928,-0.021,-0.0175,1.4514,1.2366000000000001,-9.606200000000001,0.8869933490501982,1.9841509022243506,18.239999771118164,14.90999984741211,16.219999313354492,2.740000009536743,14.811047986945841,12.107057346297227,13.170788990837517,2.2249052705439234,10.578449898656126,4.331474479484932,-1.5,40.650001525878906,0.0,372.0,0.0,0.0,0.0,snow covered,0.250002771615982,-8.0164737701416,100.0,476.883514404297
arenacam6_1769616036390536669.png,1769616036390536669,1769616036.3905368,42.3010712634707,-83.69745016915333,239.0604705810547,0.707708207867739,0.7063246497216141,0.011022253360697514,0.01153653514383065,0.03928,-0.021,-0.0175,1.4514,1.2366000000000001,-9.606200000000001,0.8869933490501982,1.9841509022243506,19.520000457763672,17.520000457763672,16.219999313354492,3.059999942779541,15.850420346108324,14.226401906108324,13.170788990837517,2.48474816673646,11.433089852447656,4.762207823825539,-1.899999976158142,40.900001525878906,0.0,336.0,0.0,0.0,0.0,snow covered,0.250002771615982,-8.0164737701416,100.0,476.883514404297
arenacam6_1769616036411045028.png,1769616036411045028,1769616036.411045,42.3010712634707,-83.69745016915333,239.0604705810547,0.707708207867739,0.7063246497216141,0.011022253360697514,0.01153653514383065,0.03928,-0.021,-0.0175,1.4514,1.2366000000000001,-9.606200000000001,0.8869933490501982,1.9841509022243506,20.03999900817871,19.139999389648438,17.059999465942383,3.740000009536743,16.27266396343197,15.541855975188904,13.852876859540292,3.0369144905439236,12.176077822176271,5.136669246540759,-2.200000047683716,41.25,0.0,324.0,0.0,0.0,0.0,snow covered,0.250002771615982,-8.0164737701416,100.0,476.883514404297
arenacam6_1769616036431844718.png,1769616036431844718,1769616036.4318447,42.3010712634707,-83.69745016915333,239.0604705810547,0.707708207867739,0.7063246497216141,0.011022253360697514,0.01153653514383065,0.03928,-0.021,-0.0175,1.4514,1.2366000000000001,-9.606200000000001,0.8869933490501982,1.9841509022243506,19.8799991607666,19.939998626708984,17.6299991607666,5.409999847412109,16.142742612134743,16.191462731675035,14.315721867134743,4.392969756297226,12.760724241810436,5.431327490013441,-2.6000001430511475,41.17499923706055,0.0,400.0,0.0,0.0,0.0,snow covered,0.250002771615982,-8.0164737701416,100.0,476.883514404297
arenacam6_1769616036452420337.png,1769616036452420337,1769616036.4524202,42.3010712634707,-83.69745016915333,239.0604705810547,0.707708207867739,0.7063246497216141,0.011022253360697514,0.01153653514383065,0.03928,-0.021,-0.0175,1.4514,1.2366000000000001,-9.606200000000001,0.8869933490501982,1.9841509022243506,19.59000015258789,20.489999771118164,18.219999313354492,7.319999694824219,15.907260743702773,16.63806873194584,14.794807430837517,5.943907242594452,13.321011037270146,5.713708630899245,-2.799999952316284,41.54999923706055,0.0,400.0,0.0,0.0,0.0,snow covered,0.250002771615982,-8.0164737701416,100.0,476.883514404297
arenacam6_1769616036473132112.png,1769616036473132112,1769616036.4731321,42.3010712634707,-83.69745016915333,239.0604705810547,0.707708207867739,0.7063246497216141,0.011022253360697514,0.01153653514383065,0.03928,-0.021,-0.0175,1.4514,1.2366000000000001,-9.606200000000001,0.8869933490501982,1.9841509022243506,19.689998626708984,20.85999870300293,18.989999771118164,10.279999732971191,15.988460426675033,16.93851127602642,15.42005490194584,8.347454564770146,14.173620292354359,6.1434185154288885,-3.0,41.85000228881836,0.0,400.0,0.0,0.0,0.0,snow covered,0.250002771615982,-8.0164737701416,100.0,476.883514404297
arenacam6_1769616036493796507.png,1769616036493796507,1769616036.4937966,42.3010712634707,-83.69745016915333,239.0604705810547,0.707708207867739,0.7063246497216141,0.011022253360697514,0.01153653514383065,0.03928,-0.021,-0.0175,1.4514,1.2366000000000001,-9.606200000000001,0.8869933490501982,1.9841509022243506,19.369998931884766,20.600000381469727,20.18000030517578,13.519999504089355,15.728617724080582,16.727390241756936,16.38634630740555,10.978364251715986,14.955179631239762,6.537319673858536,-3.299999952316284,42.17499923706055,0.0,416.0,0.0,0.0,0.0,snow covered,0.250002771615982,-8.0164737701416,100.0,476.883514404297
arenacam6_1769616036535208088.png,1769616036535208088,1769616036.5352082,42.3010712634707,-83.69745016915333,239.0604705810547,-0.7062842073168583,-0.7077836506396175,-0.010040072722917239,-0.010203887581302425,-0.020820000000000005,0.021310000000000003,-0.019810000000000005,0.5219,0.6823,-9.5074,1.0846107300456391,2.4262091264682923,18.60999870300293,19.549999237060547,19.59000015258789,14.789999961853027,15.111490531026423,15.874779631486131,15.907260743702773,12.009616332824306,14.725786809759908,5.0694631180435294,-3.799999952316284,42.75,0.0,244.0,0.0,0.0,0.0,snow covered,0.250002771615982,-8.0164737701416,100.0,476.883514404297
arenacam6_1769616036555819325.png,1769616036555819325,1769616036.5558193,42.3010712634707,-83.69745016915333,239.0604705810547,-0.7060248946987056,-0.7080445792032733,-0.010167194267388737,-0.009917161250596737,0.008870000000000001,0.014780000000000003,-0.030060000000000007,0.9389000000000001,-0.7205,-9.874500000000001,1.1214082251420607,2.5085229151492814,18.549999237060547,19.219999313354492,18.690000534057617,15.149999618530273,15.06277041148613,15.606816650837517,15.17645275545971,12.301939373243066,14.536994797756606,4.795041659761563,-4.099999904632568,42.95000076293945,0.0,268.0,0.0,0.0,0.0,snow covered,0.250002771615982,-8.0164737701416,100.0,476.883514404297
arenacam6_1769616036576615815.png,1769616036576615815,1769616036.576616,42.3010712634707,-83.69745016915333,239.0604705810547,-0.7059597252705007,-0.7081093931551576,-0.010251085191088428,-0.00984219862828321,-0.0014100000000000002,0.022840000000000003,-0.01811,0.8395,-0.5637,-9.935500000000001,1.1297333846329225,2.52714579742077,18.68000030517578,18.899999618530273,17.770000457763672,15.9399995803833,15.16833247740555,15.346973948243065,14.429404211108324,12.943426626067373,14.472034315706077,4.726632128022206,-4.5,43.375,0.0,192.0,0.0,0.0,0.0,snow covered,0.250002771615982,-8.0164737701416,100.0,476.883514404297
arenacam6_1769616036597126034.png,1769616036597126034,1769616036.5971262,42.301073301217,-83.69745015532116,239.0638427734375,-0.7058390761805856,-0.7082324525834367,-0.010212219391413783,-0.009679990665750409,0.025860000000000005,0.0008800000000000001,-0.010130000000000002,1.2409000000000001,1.0518,-10.8955,1.170312376212475,2.617918566844734,18.56999969482422,18.479999542236328,16.75,15.719999313354492,15.079010967594453,15.005930013891678,13.601154435,12.764784380837519,14.112719949330913,4.390817013204645,-5.099999904632568,43.47500228881836,0.0,124.0,0.0,0.0,0.0,snow covered,0.250002771615982,-8.0164737701416,100.0,476.883514404297
arenacam6_1769616036617860729.png,1769616036617860729,1769616036.6178606,42.30107351538463,-83.69745015565611,239.06439208984375,-0.7057872402140575,-0.7082868358903897,-0.010087321251370325,-0.00961122288662487,0.027490000000000004,-0.007720000000000001,-0.015220000000000003,1.2046000000000001,-0.3607,-10.5288,1.1823378321613933,2.6448187902751075,18.420000076293945,18.010000228881836,15.229999542236328,15.380000114440918,14.957209894351388,14.624286238054161,12.36690004889168,12.48870189652708,13.609274519456077,4.145635901218198,-5.400000095367432,43.85000228881836,0.0,68.0,0.0,0.0,0.0,snow covered,0.250002771615982,-8.0164737701416,100.0,476.883514404297
arenacam6_1769616036659409427.png,1769616036659409427,1769616036.6594095,42.30107394794254,-83.6974501636935,239.0658721923828,-0.705687300543191,-0.70839097287484,-0.009783906714824374,-0.009588460298586447,0.017130000000000003,-0.016260000000000004,-0.006210000000000001,2.1905,0.4692,-10.2993,1.228065312451619,2.747108420035525,17.93000030517578,17.81999969482422,13.949999809265137,14.4399995803833,14.559325562405549,14.470004052594453,11.327528464121533,11.725412796067372,13.020567718797228,3.7397356521621554,-6.700000286102295,44.32500076293945,0.0,12.0,0.0,0.0,0.0,snow covered,0.250002771615982,-8.0164737701416,100.0,476.883514404297
arenacam6_1769616036680665007.png,1769616036680665007,1769616036.680665,42.30107440099061,-83.6974501703168,239.06814575195312,-0.7056351621795163,-0.708446276470221,-0.009266466380057464,-0.009850068639072392,0.00529,-0.031310000000000004,0.0003800000000000001,0.23450000000000001,-0.5696,-10.184800000000001,1.2518522775912502,2.8003184338349714,17.529998779296875,17.90999984741211,13.279999732971191,13.15999984741211,14.234520635377809,14.543085006297225,10.783482224770147,10.686041211297226,12.5617822694356,3.4858406521405962,-7.400000095367432,44.60000228881836,0.0,28.0,0.0,0.0,0.0,snow covered,0.250002771615982,-8.0164737701416,100.0,476.883514404297
arenacam6_1769616036700809234.png,1769616036700809234,1769616036.7008092,42.30107462993312,-83.69745017517877,239.06961059570312,-0.7056455712171174,-0.7084375964051601,-0.009009161807762782,-0.009966685751491766,0.01742,-0.016180000000000003,-0.0034300000000000003,1.4527,0.9895,-9.7011,1.2819505425897642,2.867646446740747,17.600000381469727,17.969999313354492,12.9399995803833,12.40999984741211,14.291362581756935,14.591805125837517,10.507398966067372,10.077034296297228,12.366900242489763,3.312561005051892,-7.800000190734863,44.875,0.0,32.0,0.0,0.0,0.0,snow covered,0.250002771615982,-8.0164737701416,100.0,476.883514404297
arenacam6_1769616036721585999.png,1769616036721585999,1769616036.721586,42.30107486736742,-83.69745017986591,239.07069396972656,-0.7056252851704685,-0.7084592059461962,-0.008805962611460405,-0.010048157078091324,0.016890000000000002,-0.03973000000000001,-0.006550000000000001,1.4424000000000001,-0.7187,-9.9686,1.2966571206209565,2.9005441794018427,17.809999465942383,18.0,12.149999618530273,12.039999961853027,14.461883774540292,14.61616596,9.865911713243065,9.776590977824307,12.180138106401916,3.199259639932026,-8.40000057220459,45.04999923706055,0.0,36.0,0.0,0.0,0.0,snow covered,0.250002771615982,-8.0164737701416,100.0,476.883514404297
arenacam6_1769616036742136981.png,1769616036742136981,1769616036.7421372,42.30107510335844,-83.69745017895674,239.07164001464844,-0.7056669572420007,-0.7084176043381539,-0.00863064650228957,-0.010205648512447473,0.0013200000000000002,-0.00075,0.0017500000000000003,0.8442000000000001,0.1454,-9.344100000000001,1.31055290622724,2.9316282180559625,17.90999984741211,17.94999885559082,11.34999942779541,11.779999732971191,14.543085006297225,14.575564569729195,9.216304182364599,9.565468394770146,11.975105538290293,3.084796791262738,-8.90000057220459,45.150001525878906,0.0,44.0,0.0,0.0,0.0,snow covered,0.250002771615982,-8.0164737701416,100.0,476.883514404297
arenacam6_1769616036762912176.png,1769616036762912176,1769616036.7629123,42.3010753415064,-83.69745018557354,239.0729217529297,-0.7056516241636862,-0.7084323783173183,-0.008605510748779799,-0.010261376689924735,-0.004220000000000001,-0.011350000000000002,-0.004430000000000001,1.4005,0.3997,-9.190800000000001,1.3247544235147253,2.9633961601370298,18.239999771118164,18.229999542236328,10.809999465942383,11.319999694824219,14.811047986945841,14.802927708891678,8.77781923454029,9.191944122594451,11.895934763243064,3.0142910769962614,-9.300000190734863,45.20000076293945,0.0,48.0,0.0,0.0,0.0,snow covered,0.250002771615982,-8.0164737701416,100.0,476.883514404297
arenacam6_1769616036783937937.png,1769616036783937937,1769616036.783938,42.3010753415064,-83.69745018557354,239.0729217529297,-0.7056692578022545,-0.7084151652415439,-0.008511309190842586,-0.010315515715129734,0.0034000000000000002,-0.012580000000000001,0.004240000000000001,0.5747,0.1807,-9.6501,1.3414455862220345,3.000733289643518,18.350000381469727,18.270000457763672,10.609999656677246,10.859999656677246,14.900369496756936,14.835408821108322,8.615417545418758,8.81841985041876,11.792403928425696,2.929840738970378,-9.699999809265137,45.25,0.0,52.0,0.0,0.0,0.0,snow covered,0.250002771615982,-8.0164737701416,100.0,476.883514404297
arenacam6_1769616036804448337.png,1769616036804448337,1769616036.8044484,42.301075833516194,-83.69745019289753,239.07424926757812,-0.7056852613693075,-0.7083990529212945,-0.008501210811411416,-0.010335527131456993,-0.004300000000000001,-0.00041000000000000005,0.0009100000000000001,0.625,0.12490000000000001,-9.4855,1.3536576115230192,3.0280508575203027,18.510000228881836,18.260000228881836,10.229999542236328,10.139999389648438,15.030290848054163,14.827288543054163,8.306853948891678,8.233772995188904,11.599551583797226,2.8306990633889817,-10.0,45.22500228881836,0.0,52.0,0.0,0.0,0.0,snow covered,0.250002771615982,-8.0164737701416,100.0,476.883514404297
arenacam6_1769616036845654237.png,1769616036845654237,1769616036.8456542,42.301076335210546,-83.69745020498185,239.07554626464844,-0.7057285004568034,-0.7083559541419964,-0.008650627718333161,-0.010212370667586219,-0.003920000000000001,0.00871,0.0051600000000000005,0.7252000000000001,0.2474,-9.8513,1.3912222649327173,3.1120807333185927,18.190000534057617,18.399999618530273,9.279999732971191,9.210000038146973,14.77044814545971,14.940969338243065,7.535445344770146,7.478604947175694,11.181366943912154,2.592891027601592,-10.40000057220459,45.25,0.0,52.0,0.0,0.0,0.0,snow covered,0.250002771615982,-8.0164737701416,100.0,476.883514404297
arenacam6_1769616036867012173.png,1769616036867012173,1769616036.867012,42.301076335210546,-83.69745020498185,239.07554626464844,-0.7057594633144925,-0.7083250252279412,-0.008726448419618749,-0.010153210125660783,-5.000000000000001e-05,0.010290000000000002,0.0030300000000000006,1.0058,0.1077,-9.7184,1.4091262861797182,3.152130954606859,18.190000534057617,18.350000381469727,8.9399995803833,9.309999465942383,14.77044814545971,14.900369496756936,7.259362086067371,7.559805404540291,11.122496283206077,2.5285641502141525,-10.5,45.10000228881836,0.0,52.0,0.0,0.0,0.0,snow covered,0.250002771615982,-8.0164737701416,100.0,476.883514404297
arenacam6_1769616036886867415.png,1769616036886867415,1769616036.8868675,42.30107684787312,-83.69745021863217,239.07647705078125,-0.7058129401280893,-0.708270401646235,-0.008889996545107165,-0.010104437690996435,-0.00833,0.006240000000000001,0.005230000000000001,0.8405,0.3607,-9.7049,1.438953766533243,3.218853238508873,18.279998779296875,18.329999923706055,8.90999984741211,9.210000038146973,14.843527550377807,14.884128940648614,7.235002026297226,7.478604947175694,11.110315866124836,2.4516379104229267,-10.600000381469727,45.07500076293945,0.0,48.0,0.0,0.0,0.0,snow covered,0.250002771615982,-8.0164737701416,100.0,476.883514404297
arenacam6_1769616036908114426.png,1769616036908114426,1769616036.9081144,42.30107684787312,-83.69745021863217,239.07647705078125,-0.7058209899899806,-0.7082619929865709,-0.00894111558240936,-0.01008641821443443,-0.004850000000000001,0.01007,0.0023600000000000006,0.7914,0.5598000000000001,-10.1546,1.447140223337403,3.237165851192371,18.389999389648438,18.1299991607666,8.84000015258789,8.679999351501465,14.932849060188905,14.721726477134743,7.1781616287027745,7.04823950301321,10.970244167259906,2.3888421760099656,-10.600000381469727,44.875,0.0,40.0,0.0,0.0,0.0,snow covered,0.250002771615982,-8.0164737701416,100.0,476.883514404297
arenacam6_1769616036928134443.png,1769616036928134443,1769616036.9281344,42.30107738228997,-83.69745022818496,239.07701110839844,-0.7058717656766708,-0.7082113836152633,-0.0090350156598664,-0.01000275113552639,0.0003800000000000001,0.0019000000000000002,0.005370000000000001,1.621,0.077,-9.453000000000001,1.4876536258087463,3.3277919017166173,18.59000015258789,18.31999969482422,8.579999923706055,8.0,15.095251523702775,14.876008662594453,6.9670390456486135,6.49607376,10.85859324798646,2.2630024859382387,-10.600000381469727,45.20000076293945,0.0,36.0,0.0,0.0,0.0,snow covered,0.250002771615982,-8.0164737701416,100.0,476.883514404297
arenacam6_1769616036949362541.png,1769616036949362541,1769616036.9493625,42.30107738228997,-83.69745022818496,239.07701110839844,-0.7058899481236587,-0.7081931655351675,-0.009024176187042517,-0.010019265013084627,-0.0006900000000000001,-0.0039000000000000007,0.005070000000000001,1.0746,0.46830000000000005,-9.7735,1.4985445355554412,3.352154213365389,18.31999969482422,18.399999618530273,8.399999618530273,8.039999961853027,14.876008662594453,14.940969338243065,6.820877138243064,6.528554097824307,10.79160230922622,2.219303654407955,-10.600000381469727,45.0,0.0,32.0,0.0,0.0,0.0,snow covered,0.250002771615982,-8.0164737701416,100.0,476.883514404297
arenacam6_1769616036970048503.png,1769616036970048503,1769616036.9700484,42.30107792917293,-83.69745024002688,239.0780487060547,-0.7059260940491113,-0.7081590624067216,-0.009013237610179798,-0.009892098846076447,0.005190000000000001,0.007250000000000001,0.0036100000000000004,1.2391,-0.16060000000000002,-9.8731,1.5231589871915936,3.4072152648083636,18.18000030517578,18.549999237060547,8.079999923706055,8.229999542236328,14.762327867405547,15.06277041148613,6.5610344356486126,6.682835508891679,10.767242055857992,2.160129671602533,-10.600000381469727,45.150001525878906,0.0,32.0,0.0,0.0,0.0,snow covered,0.250002771615982,-8.0164737701416,100.0,476.883514404297
arenacam6_1769616036991027844.png,1769616036991027844,1769616036.991028,42.30107820978444,-83.69745024353115,239.07830810546875,-0.7060138866219998,-0.7080725887090632,-0.008955770163506464,-0.00986890047179711,0.006910000000000001,-0.0010400000000000001,0.011920000000000002,1.1801000000000001,0.3035,-9.828000000000001,1.5501531655615253,3.4675996221711984,18.19999885559082,18.639999389648438,7.769999980926514,8.369999885559082,14.778566874729195,15.135851365188906,6.309311623912153,6.796517078472919,10.755061735575792,2.1015869498917614,-10.600000381469727,44.92499923706055,0.0,36.0,0.0,0.0,0.0,snow covered,0.250002771615982,-8.0164737701416,100.0,476.883514404297
arenacam6_1769616037011163069.png,1769616037011163069,1769616037.0111632,42.30107820978444,-83.69745024353115,239.07830810546875,-0.7060898273556298,-0.7079991388564192,-0.00887223762047762,-0.009780515480883201,0.010360000000000001,0.00248,0.009070000000000002,0.9161,-0.0945,-9.9448,1.5593465923647745,3.488164766324459,18.139999389648438,18.3799991607666,7.849999904632568,8.40999984741211,14.729846755188905,14.924728782134743,6.374272299560767,6.828997416297226,10.714461313295411,2.0716614698752975,-10.600000381469727,44.82500076293945,0.0,76.0,0.0,0.0,0.0,snow covered,0.250002771615982,-8.0164737701416,100.0,476.883514404297
arenacam6_1769616037052533013.png,1769616037052533013,1769616037.052533,42.301079073002036,-83.69745026540703,239.0799560546875,-0.7062252195016703,-0.7078642976217254,-0.008811011186305708,-0.009820467106698118,0.00017,-0.009380000000000001,0.014900000000000002,1.076,0.8341000000000001,-9.849300000000001,1.6208297473255406,3.625698894982395,18.529998779296875,17.81999969482422,8.25,7.87999963760376,15.046529855377807,14.470004052594453,6.699076065,6.398632359330912,10.653560583075793,1.9383467551095472,-10.5,44.650001525878906,0.0,68.0,0.0,0.0,0.0,snow covered,0.250002771615982,-8.0164737701416,100.0,476.883514404297
arenacam6_1769616037073684445.png,1769616037073684445,1769616037.0736845,42.30107966934974,-83.6974502857188,239.0814666748047,-0.7063428618929061,-0.7077508922192799,-0.008641343413286182,-0.009683139974522017,0.012700000000000001,0.004390000000000001,0.011020000000000002,1.2047,-0.3931,-10.0197,1.6491177552037783,3.6889774713255403,18.31999969482422,17.78999900817871,8.380000114440918,7.679999828338623,14.876008662594453,14.445643218431968,6.804637356527081,6.2362306702093795,10.59062997694072,1.8708849699576091,-10.5,45.025001525878906,0.0,64.0,0.0,0.0,0.0,snow covered,0.250002771615982,-8.0164737701416,100.0,476.883514404297
arenacam6_1769616037094438806.png,1769616037094438806,1769616037.094439,42.30107966934974,-83.6974502857188,239.0814666748047,-0.7064109235110771,-0.7076834205551409,-0.008612477293819377,-0.009675156353591162,0.005280000000000001,-0.0032000000000000006,0.01908,1.4134,-0.1753,-9.8617,1.6634148925577508,3.7209593097581353,17.729999542236328,18.229999542236328,7.96999979019165,8.289999961853027,14.396923098891678,14.802927708891678,6.471713313033686,6.731556402824307,10.600780130910337,1.8489373971679885,-10.40000057220459,44.775001525878906,0.0,60.0,0.0,0.0,0.0,snow covered,0.250002771615982,-8.0164737701416,100.0,476.883514404297
arenacam6_1769616037114867987.png,1769616037114867987,1769616037.114868,42.301080278397265,-83.69745030279653,239.08303833007812,-0.7065599310604188,-0.707536930451723,-0.008455226269077588,-0.009647021073280214,0.013260000000000003,-0.006310000000000001,0.012560000000000002,0.8718,0.20140000000000002,-10.0358,1.7001722155232417,3.803183235792561,17.65999984741211,18.510000228881836,8.09000015258789,8.679999351501465,14.340082701297225,15.030290848054163,6.569154713702774,7.04823950301321,10.746941941516845,1.8257754820685743,-10.40000057220459,44.92499923706055,0.0,60.0,0.0,0.0,0.0,snow covered,0.250002771615982,-8.0164737701416,100.0,476.883514404297
arenacam6_1769616037135062781.png,1769616037135062781,1769616037.1350627,42.301080278397265,-83.69745030279653,239.08303833007812,-0.706621128235607,-0.7074765728188191,-0.008420089029920478,-0.009621961562195741,0.008650000000000001,-0.0016600000000000002,0.01708,0.7641,-0.0582,-9.790600000000001,1.7079681508523523,3.8206222753676613,17.6299991607666,18.119998931884766,8.34000015258789,8.25,14.315721867134743,14.713606199080584,6.772157018702774,6.699076065,10.625140287479525,1.7809973144903626,-10.300000190734863,45.04999923706055,0.0,56.0,0.0,0.0,0.0,snow covered,0.250002771615982,-8.0164737701416,100.0,476.883514404297
arenacam6_1769616037156992683.png,1769616037156992683,1769616037.1569927,42.30108091200016,-83.69745031842153,239.0843963623047,-0.7067741958648746,-0.7073217477761146,-0.008482011338788264,-0.009707557167018783,-0.005770000000000001,0.00015000000000000001,0.014780000000000003,1.0879,0.9011,-9.568,1.746046062807091,3.9058002797356948,17.639999389648438,17.799999237060547,8.609999656677246,7.730000019073486,14.323842145188904,14.45376349648613,6.9913991054187585,6.276831286087847,10.511459008295411,1.691243344630699,-10.199999809265137,45.07500076293945,0.0,36.0,0.0,0.0,0.0,snow covered,0.250002771615982,-8.0164737701416,100.0,476.883514404297
arenacam6_1769616037176520455.png,1769616037176520455,1769616037.1765203,42.30108091200016,-83.69745031842153,239.0843963623047,-0.7068187173473993,-0.7072774840444778,-0.008488821482692857,-0.009685106139107112,0.0019400000000000003,0.00455,0.01246,1.3529,0.3729,-9.595500000000001,1.7600453894797177,3.93711593354276,17.670000076293945,17.6299991607666,8.380000114440918,7.799999713897705,14.348202979351388,14.315721867134743,6.804637356527081,6.333671683682299,10.450558471673878,1.6543689970211484,-10.199999809265137,45.29999923706055,0.0,24.0,0.0,0.0,0.0,snow covered,0.250002771615982,-8.0164737701416,100.0,476.883514404297
arenacam6_1769616037198114677.png,1769616037198114677,1769616037.1981146,42.30108156059777,-83.69745033685841,239.0860595703125,-0.7069624779569532,-0.7071318986314178,-0.008542702833005754,-0.009775220058790748,-0.0091,-0.00222,0.012310000000000001,0.9242,0.2975,-9.802800000000001,1.7950204283694655,4.015352997036793,17.779998779296875,17.31999969482422,7.769999980926514,8.319999694824219,14.437522940377809,14.06399944259445,6.309311623912153,6.7559164625944526,10.391687617369715,1.5879885591723721,-10.199999809265137,45.60000228881836,0.0,36.0,0.0,0.0,0.0,snow covered,0.250002771615982,-8.0164737701416,100.0,476.883514404297
arenacam6_1769616037217822443.png,1769616037217822443,1769616037.2178226,42.30108156059777,-83.69745033685841,239.0860595703125,0.7070480210623515,0.7070452475568659,0.008632376476601374,0.009777315348763365,-0.0055000000000000005,0.006080000000000001,0.013440000000000002,1.5376,0.36010000000000003,-9.4299,1.8223272328608129,4.076436680275667,17.65999984741211,17.34000015258789,7.549999713897705,8.679999351501465,14.340082701297225,14.080239998702774,6.130669378682298,7.04823950301321,10.399807895423876,1.551200646816031,-10.199999809265137,45.79999923706055,0.0,56.0,0.0,0.0,0.0,snow covered,0.250002771615982,-8.0164737701416,100.0,476.883514404297
arenacam6_1769616037239344508.png,1769616037239344508,1769616037.2393444,42.30108222463185,-83.69745035486594,239.0875701904297,0.7071309667466535,0.7069614890645415,0.008686376579459002,0.009787528263502127,-0.004850000000000001,0.00042000000000000007,0.011670000000000002,1.2449000000000001,0.1275,-9.7652,1.8498265648352152,4.1379510359424865,17.209999084472656,17.6299991607666,7.649999618530273,8.300000190734863,13.974677932783356,14.315721867134743,6.211870223243065,6.739676680878468,10.310486676009909,1.491688902660378,-10.100000381469727,46.20000076293945,0.0,40.0,0.0,0.0,0.0,snow covered,0.250002771615982,-8.0164737701416,100.0,476.883514404297
arenacam6_1769616037259186053.png,1769616037259186053,1769616037.2591863,42.30108222463185,-83.69745035486594,239.0875701904297,0.7072275122674785,0.7068644534441227,0.008754697916469004,0.009759385917497558,-0.00109,0.010600000000000002,0.016190000000000003,1.0512000000000001,0.5143,-9.786200000000001,1.871416751069005,4.1862469871363,17.100000381469727,17.479999542236328,7.769999980926514,7.690000057220459,13.885357971756937,14.193920793891678,6.309311623912153,6.24435094826354,10.158235334456077,1.426573340194878,-10.100000381469727,46.5,0.0,8.0,0.0,0.0,0.0,snow covered,0.250002771615982,-8.0164737701416,100.0,476.883514404297
arenacam6_1769616037280109105.png,1769616037280109105,1769616037.2801092,42.30108291478398,-83.69745036905394,239.08860778808594,0.7073222674679575,0.7067702134106888,0.008824157017149926,0.009654513573103667,0.0030400000000000006,0.007250000000000001,0.011300000000000003,1.8645,0.1497,-9.4596,1.9063242449862121,4.264332956579458,17.479999542236328,17.440000534057617,8.039999961853027,7.139999866485596,14.193920793891678,14.161441230459708,6.528554097824307,5.797745722385073,10.170415461140191,1.3849956287883696,-10.100000381469727,46.92499923706055,0.0,16.0,0.0,0.0,0.0,snow covered,0.250002771615982,-8.0164737701416,100.0,476.883514404297
arenacam6_1769616037300583849.png,1769616037300583849,1769616037.3005838,42.30108291478398,-83.69745036905394,239.08860778808594,0.7074305253447049,0.7066627182823203,0.008820602106348056,0.00959434097988702,0.006580000000000001,0.006720000000000001,0.016470000000000002,1.0159,0.3688,-10.030000000000001,1.9304129902232576,4.318218034350014,17.329999923706055,17.03999900817871,7.949999809265137,6.159999847412109,14.072119720648613,13.83663630343197,6.455473144121533,5.001976671297226,9.841551459874836,1.279077013154155,-10.0,47.025001525878906,0.0,20.0,0.0,0.0,0.0,snow covered,0.250002771615982,-8.0164737701416,100.0,476.883514404297
arenacam6_1769616037321504252.png,1769616037321504252,1769616037.3215044,42.301083621200064,-83.69745038479466,239.08984375,0.7075346475415125,0.7065616508275435,0.008782599262187314,0.009392659813079234,0.018890000000000004,0.013150000000000002,0.01572,1.4400000000000002,0.2964,-9.6628,1.9574130183993927,4.378615477378338,17.389999389648438,16.979999542236328,7.399999618530273,5.799999713897705,14.120839840188903,13.78791618389168,6.008867918243065,4.7096532436822995,9.656819296501485,1.2054504092429308,-10.0,46.79999923706055,0.0,32.0,0.0,0.0,0.0,snow covered,0.250002771615982,-8.0164737701416,100.0,476.883514404297
arenacam6_1769616037342501724.png,1769616037342501724,1769616037.3425016,42.301083621200064,-83.69745038479466,239.08984375,0.7076564036444188,0.7064428734249725,0.008773091388228712,0.00916044953095193,0.015940000000000003,0.01665,0.017,1.5542,0.2589,-9.443,1.9885141461376024,4.448186834061048,17.44999885559082,17.28999900817871,6.079999923706055,6.059999942779541,14.169559959729195,14.03963860843197,4.937015995648613,4.92077582673646,9.51674759763656,1.1394666979282615,-9.90000057220459,46.79999923706055,0.0,44.0,0.0,0.0,0.0,snow covered,0.250002771615982,-8.0164737701416,100.0,476.883514404297
arenacam6_1769616037363089607.png,1769616037363089607,1769616037.3630896,42.30108434358869,-83.69745039767469,239.09104919433594,0.7077529390338821,0.7063491626040058,0.008738488747516177,0.008959720527518233,0.017730000000000003,0.009800000000000001,0.012980000000000002,1.4667000000000001,0.6507000000000001,-9.99,2.0194253579986614,4.517333360321526,17.329999923706055,17.28999900817871,5.96999979019165,5.989999771118164,14.072119720648613,14.03963860843197,4.847694873033686,4.863935041945839,9.455847061015026,1.0932364974591993,-9.90000057220459,46.875,0.0,60.0,0.0,0.0,0.0,snow covered,0.250002771615982,-8.0164737701416,100.0,476.883514404297
arenacam6_1769616037383620459.png,1769616037383620459,1769616037.3836203,42.30108471945266,-83.69745040028666,239.09149169921875,0.7078470811979026,0.7062595727096588,0.008741678011721035,0.008573719211603131,0.010410000000000003,0.026140000000000004,0.005960000000000001,1.8027000000000002,0.4682,-9.481300000000001,2.0653512429938514,4.620066809502666,16.670000076293945,17.329999923706055,5.960000038146973,6.049999713897705,13.536193759351388,14.072119720648613,4.8395749821756935,4.912655548682299,9.340136002714498,1.0216452245892804,-9.800000190734863,47.04999923706055,0.0,60.0,0.0,0.0,0.0,snow covered,0.250002771615982,-8.0164737701416,100.0,476.883514404297
arenacam6_1769616037404853200.png,1769616037404853200,1769616037.4048533,42.30108471945266,-83.69745040028666,239.09149169921875,0.7079007296793747,0.7062071825655712,0.008770210087820614,0.008429449995258718,0.016440000000000003,0.024230000000000005,0.015200000000000002,2.6021,1.3445,-8.9503,2.091378002534027,4.678287108988466,17.139999389648438,16.989999771118164,6.269999980926514,6.279999732971191,13.917837535188903,13.796036461945839,5.091297793912154,5.099417684770146,9.47614736895426,1.0255591733024656,-9.600000381469727,47.20000076293945,0.0,64.0,0.0,0.0,0.0,snow covered,0.250002771615982,-8.0164737701416,100.0,476.883514404297
arenacam6_1769616037424829406.png,1769616037424829406,1769616037.4248295,42.30108548046595,-83.69745040409647,239.09254455566406,0.7079206860509512,0.7061912602158831,0.008712383366990649,0.008142519998132402,0.0017600000000000003,0.005190000000000001,0.0030100000000000005,2.4802,0.0008,-10.369200000000001,2.150180766527774,4.809825363876639,17.229999542236328,16.5,6.389999866485596,6.329999923706055,13.990918488891678,13.39815213,5.188738807385073,5.140018300648613,9.429456931731341,0.9604572345910197,-9.40000057220459,47.150001525878906,0.0,64.0,0.0,0.0,0.0,snow covered,0.250002771615982,-8.0164737701416,100.0,476.883514404297
arenacam6_1769616037446132916.png,1769616037446132916,1769616037.446133,42.30108548046595,-83.69745040409647,239.09254455566406,0.707964476079196,0.7061472799190149,0.008747628979246422,0.008111637327150867,-0.0006000000000000001,0.009460000000000001,0.01289,1.8501,1.1198000000000001,-10.2713,2.1687084316377874,4.851270639067833,17.0,16.260000228881836,6.46999979019165,6.460000038146973,13.80415674,13.203270103054162,5.253699483033686,5.245579592175694,9.376676479565885,0.9328289797016159,-9.100000381469727,47.625,0.0,52.0,0.0,0.0,0.0,snow covered,0.250002771615982,-8.0164737701416,100.0,476.883514404297
arenacam6_1769616037466303565.png,1769616037466303565,1769616037.4663036,42.3010862751802,-83.69745040250348,239.09344482421875,0.7079411476864701,0.7061753677097978,0.008535327427539057,0.007926514870990959,0.03839000000000001,0.006270000000000001,-0.01048,1.6348,0.9007000000000001,-10.5495,2.2032858251822223,4.92861819378312,17.06999969482422,16.350000381469727,6.549999713897705,6.539999961853027,13.860997137594453,13.276351056756935,5.318660158682299,5.310540267824307,9.441637155214499,0.9156763181867137,-8.699999809265137,47.525001525878906,0.0,44.0,0.0,0.0,0.0,snow covered,0.250002771615982,-8.0164737701416,100.0,476.883514404297
arenacam6_1769616037507792841.png,1769616037507792841,1769616037.507793,42.30108708861038,-83.69745039255689,239.09584045410156,0.7078978120341883,0.7062256413654447,0.008175870923207956,0.007693265224989836,0.023840000000000004,-0.0013900000000000002,-0.008140000000000001,2.3175,0.29910000000000003,-10.3597,2.259881060082809,5.055218338541639,16.239999771118164,15.670000076293945,6.759999752044678,6.699999809265137,13.18702954694584,12.724184539351388,5.489182125857993,5.440461619121533,9.21021445781919,0.8219221883255411,-7.700000286102295,47.45000076293945,0.0,40.0,0.0,0.0,0.0,snow covered,0.250002771615982,-8.0164737701416,100.0,476.883514404297
arenacam6_1769616037528193514.png,1769616037528193514,1769616037.5281935,42.301087499823595,-83.6974503888808,239.09701538085938,0.7078284270507416,0.7063016666183105,0.00771081012256902,0.0075774004990861645,0.030470000000000004,-0.015590000000000003,-0.0017100000000000001,1.2273,-0.0878,-10.195500000000001,2.3074364932702602,5.161596989255976,15.949999809265137,15.229999542236328,6.909999847412109,6.799999713897705,12.951546904121534,12.36690004889168,5.610983586297227,5.521662463682299,9.112773250748186,0.765494917506482,-7.200000286102295,47.625,0.0,36.0,0.0,0.0,0.0,snow covered,0.250002771615982,-8.0164737701416,100.0,476.883514404297
arenacam6_1769616037549344815.png,1769616037549344815,1769616037.5493448,42.301087499823595,-83.6974503888808,239.09701538085938,0.7078246585725595,0.7063072378758439,0.007588580374444157,0.007533384945451367,0.023520000000000003,-0.011120000000000001,-0.0014800000000000002,1.6072000000000002,-0.2376,-10.102,2.323417440930219,5.197345410314445,15.789999961853027,14.889999389648438,6.989999771118164,6.909999847412109,12.821625552824306,12.090816790188905,5.675944261945839,5.610983586297227,9.04984254781407,0.7412432373369128,-6.599999904632568,47.72500228881836,0.0,36.0,0.0,0.0,0.0,snow covered,0.250002771615982,-8.0164737701416,100.0,476.883514404297
arenacam6_1769616037569592057.png,1769616037569592057,1769616037.569592,42.3010883475396,-83.69745038657608,239.09991455078125,0.7077815702214525,0.7063546464887019,0.007287941258357504,0.007432909988066221,0.021480000000000003,-0.00135,-0.0023000000000000004,1.9172,-0.1143,-9.7017,2.3700734796069653,5.3017121694720055,15.899999618530273,14.299999237060547,7.179999828338623,6.989999771118164,12.910946288243066,11.61173122648613,5.83022606020938,5.675944261945839,9.007211959221104,0.6989251153779868,-6.099999904632568,47.525001525878906,0.0,32.0,0.0,0.0,0.0,snow covered,0.250002771615982,-8.0164737701416,100.0,476.883514404297
arenacam6_1769616037590707882.png,1769616037590707882,1769616037.590708,42.3010883475396,-83.69745038657608,239.09991455078125,0.7077800649242193,0.7063575379787117,0.007178389024464374,0.007408033985762032,0.019050000000000004,-0.011990000000000002,-0.0007700000000000001,1.8746,-0.5632,-9.7265,2.3888482056956564,5.343710105248842,15.719999313354492,13.969999313354492,7.179999828338623,7.079999923706055,12.764784380837519,11.343768245837518,5.83022606020938,5.749025215648612,8.921950975633257,0.669617325773286,-6.0,47.70000076293945,0.0,32.0,0.0,0.0,0.0,snow covered,0.250002771615982,-8.0164737701416,100.0,476.883514404297
arenacam6_1769616037611364795.png,1769616037611364795,1769616037.6113648,42.30108921237313,-83.69745039209111,239.10264587402344,0.7078048313263255,0.706335417693148,0.007019867426922997,0.007302049347023119,0.009060000000000002,0.010970000000000002,0.0008000000000000001,1.0507,-0.2914,-8.9016,2.428922466585156,5.433353822402999,15.920000076293945,13.799999237060547,7.329999923706055,7.179999828338623,12.927186844351388,11.20572661648613,5.952027520648613,5.83022606020938,8.978791760423878,0.6525321291247776,-5.700000286102295,47.67499923706055,0.0,28.0,0.0,0.0,0.0,snow covered,0.250002771615982,-8.0164737701416,100.0,476.883514404297
arenacam6_1769616037632270636.png,1769616037632270636,1769616037.6322706,42.30108921237313,-83.69745039209111,239.10264587402344,0.7078100758811186,0.7063305557620566,0.0070460482620554364,0.007238486162040057,0.005350000000000001,0.01284,0.0018600000000000003,1.6800000000000002,-0.552,-9.5266,2.445915926022298,5.471367171556319,15.920000076293945,13.429999351501465,7.369999885559082,7.419999599456787,12.927186844351388,10.905283298013211,5.98450785847292,6.0251080871552185,8.960521521998185,0.6377116068138748,-5.700000286102295,47.85000228881836,0.0,28.0,0.0,0.0,0.0,snow covered,0.250002771615982,-8.0164737701416,100.0,476.883514404297
arenacam6_1769616037673249073.png,1769616037673249073,1769616037.673249,42.30109055769274,-83.69745041563496,239.1050567626953,0.7078808566778481,0.706259223520661,0.007273943862352929,0.007049232704098823,-0.0088,0.01485,0.0008900000000000001,1.7113,-0.8473,-9.9838,2.527096687732026,5.652963664655278,15.969999313354492,12.429999351501465,7.480000019073486,7.569999694824219,12.967786685837519,10.09327407801321,6.073828981087847,6.146909547594452,8.820449823133256,0.5603231059634156,-5.800000190734863,47.54999923706055,0.0,36.0,0.0,0.0,0.0,snow covered,0.250002771615982,-8.0164737701416,100.0,476.883514404297
arenacam6_1769616037714430553.png,1769616037714430553,1769616037.7144306,42.30109148753597,-83.69745043580215,239.10606384277344,0.7080029766110563,0.706129865032869,0.00784958387271783,0.007126208779673647,-0.030330000000000006,0.011940000000000001,0.004020000000000001,1.4474,-0.4369,-9.7812,2.6122522917928097,5.843451641603008,15.179999351501465,12.1899995803833,7.839999675750732,7.949999809265137,12.326299433013212,9.898392051067372,6.366152021506606,6.455473144121533,8.76157916242718,0.49938421669279964,-5.800000190734863,47.79999923706055,0.0,16.0,0.0,0.0,0.0,snow/ice covered,0.24457710981369,-8.10775470733643,100.0,484.432006835938
arenacam6_1769616037735280334.png,1769616037735280334,1769616037.7352803,42.30109195779154,-83.69745045206784,239.10702514648438,0.708026002360211,0.7061032926177334,0.008102035784710835,0.00718868224068188,-0.04445,0.026830000000000003,0.007140000000000001,2.123,0.0855,-9.6019,2.633353734134925,5.890654302035779,14.960000038146973,12.130000114440918,8.149999618530273,7.949999809265137,12.147657962175694,9.84967193152708,6.617874833243065,6.455473144121533,8.767669467766844,0.48840332808815196,-5.900000095367432,47.54999923706055,0.0,8.0,0.0,0.0,0.0,snow/ice covered,0.24457710981369,-8.10775470733643,100.0,484.432006835938
arenacam6_1769616037755903735.png,1769616037755903735,1769616037.7559037,42.30109244199735,-83.69745046534833,239.1077423095703,0.7080603150856939,0.7060601449654366,0.008548396951356627,0.007522419936208965,-0.039720000000000005,0.015380000000000001,0.00036,2.0499,-0.5358,-10.9936,2.691872384784041,6.021557012418813,14.399999618530273,12.09999942779541,8.979999542236328,8.289999961853027,11.692932458243066,9.825311097364597,7.291842423891678,6.731556402824307,8.885410595580911,0.4756001773720166,-6.0,47.625,0.0,0.0,0.0,0.0,0.0,snow/ice covered,0.24457710981369,-8.10775470733643,100.0,484.432006835938
arenacam6_1769616037776619287.png,1769616037776619287,1769616037.7766192,42.30109292656727,-83.69745048190006,239.1085662841797,0.708080349804699,0.7060364957479986,0.008658519625844888,0.007727543609073833,-0.044950000000000004,-0.01322,0.005130000000000001,1.4255,0.35900000000000004,-10.824,2.7061752872445433,6.053551747048809,13.949999809265137,11.989999771118164,10.529999732971191,8.179999351501465,11.327528464121533,9.73599036194584,8.550456869770146,6.64223489301321,9.064052647212682,0.4973115000844808,-6.0,47.60000228881836,0.0,0.0,0.0,0.0,0.0,snow/ice covered,0.24457710981369,-8.10775470733643,100.0,484.432006835938
arenacam6_1769616037797237781.png,1769616037797237781,1769616037.7972379,42.30109341763592,-83.69745049928932,239.11029052734375,0.7080751175860955,0.7060354515436781,0.008885056036710883,0.008038955042546826,-0.022150000000000003,-0.0177,-0.00524,1.8166,0.8706,-10.2369,2.766733475488562,6.189016780659385,13.519999504089355,11.84000015258789,11.989999771118164,8.130000114440918,10.978364251715986,9.614189288702775,9.73599036194584,6.601635051527081,9.232544738472921,0.49176275742611175,-6.099999904632568,47.95000076293945,0.0,0.0,0.0,0.0,0.0,snow/ice covered,0.24457710981369,-8.10775470733643,100.0,484.432006835938
arenacam6_1769616037817941897.png,1769616037817941897,1769616037.817942,42.30109392257988,-83.69745051002997,239.1121826171875,0.7080556095957198,0.7060539206925219,0.008880527255275874,0.00813947359599572,-0.013550000000000001,-0.014790000000000001,-0.00562,2.1346000000000003,0.5903,-11.219800000000001,2.7879470239911273,6.236470215846713,13.130000114440918,11.769999504089355,12.75,8.619999885559082,10.661681151527082,9.557348116715985,10.353117554999999,6.9995193834729195,9.392916551678997,0.5061270601135615,-6.099999904632568,47.650001525878906,0.0,48.0,0.0,0.0,0.0,snow/ice covered,0.24457710981369,-8.10775470733643,100.0,484.432006835938
arenacam6_1769616037838872183.png,1769616037838872183,1769616037.838872,42.30109442820679,-83.69745052006296,239.11410522460938,0.7079548623590571,0.7061548954555623,0.008559498186181349,0.008480063508787404,0.007140000000000001,-0.038560000000000004,-0.015210000000000003,1.7835,0.8944000000000001,-10.282300000000001,2.84511525534197,6.364352119284667,12.149999618530273,11.84000015258789,12.869999885559082,9.170000076293945,9.865911713243065,9.614189288702775,10.45055856847292,7.446124609351387,9.344196044942537,0.46820852614810937,-6.200000286102295,47.54999923706055,0.0,176.0,0.0,0.0,0.0,snow/ice covered,0.24457710981369,-8.10775470733643,100.0,484.432006835938
arenacam6_1769616037859750142.png,1769616037859750142,1769616037.85975,42.301094939212184,-83.6974505306666,239.1167449951172,0.7078934057033973,0.706217448232086,0.008421219399030032,0.008539615801660511,0.011160000000000002,-0.027870000000000002,-0.01796,1.6286,0.5024000000000001,-9.853200000000001,2.861389958589689,6.400757653967619,11.619999885559082,12.179999351501465,14.049999237060547,10.489999771118164,9.435547043472921,9.890271773013211,11.40872892148613,8.51797653194584,9.813131067479526,0.5331202332581189,-6.200000286102295,47.57500076293945,0.0,200.0,0.0,0.0,0.0,snow/ice covered,0.24457710981369,-8.10775470733643,100.0,484.432006835938
arenacam6_1769616037880321803.png,1769616037880321803,1769616037.8803217,42.301095463001666,-83.69745053706869,239.1188201904297,0.7076713470106566,0.7064371201461318,0.0082520372594134,0.0089310570948642,-0.021780000000000004,-0.019550000000000005,-0.02389,1.377,0.19640000000000002,-8.3632,2.9074197696884223,6.50372357960682,11.15999984741211,12.269999504089355,15.34999942779541,12.75,9.062022771297226,9.963352726715986,12.464341062364598,10.353117554999999,10.460708528844451,0.6084183776883163,-6.200000286102295,47.650001525878906,0.0,204.0,0.0,0.0,0.0,snow/ice covered,0.24457710981369,-8.10775470733643,100.0,484.432006835938
arenacam6_1769616037901549447.png,1769616037901549447,1769616037.9015496,42.30109598714451,-83.69745054094413,239.12081909179688,0.7075747427358419,0.7065314214290791,0.00829766543038622,0.009082000006480035,-0.028110000000000003,-0.014360000000000001,-0.027930000000000007,1.4475,0.2933,-7.8871,2.922137222653412,6.536645638842324,10.639999389648438,12.309999465942383,15.519999504089355,13.75999927520752,8.639777605188904,9.99583306454029,12.602382691715986,11.173246278661823,10.602809910026751,0.6220567085696522,-6.200000286102295,47.72500228881836,0.0,184.0,0.0,0.0,0.0,snow/ice covered,0.24457710981369,-8.10775470733643,100.0,484.432006835938
arenacam6_1769616037942398974.png,1769616037942398974,1769616037.942399,42.301097053971986,-83.69745055633716,239.12229919433594,0.7071753458499137,0.7069148285298003,0.008995848779012043,0.00967109773928763,-0.052270000000000004,0.026250000000000006,-0.029740000000000003,0.9495,0.4635,-8.0596,2.9738660076904475,6.65235982724307,9.059999465942383,12.819999694824219,16.770000457763672,17.25,7.356803099540292,10.409957952594452,13.617394991108322,14.007159045000002,11.347828772060767,0.7058350820995254,-6.5,47.57500076293945,0.0,40.0,0.0,0.0,0.0,snow/ice covered,0.24457710981369,-8.10775470733643,100.0,484.432006835938
arenacam6_1769616037963555149.png,1769616037963555149,1769616037.963555,42.30109813775939,-83.69745056768278,239.1218719482422,-0.7068558747861944,-0.7072233768002719,-0.009648589849660102,-0.009837291363864567,-0.018080000000000002,0.022300000000000004,-0.034870000000000005,1.2964,1.3718000000000001,-8.5663,3.0228148431100816,6.761855435146667,8.949999809265137,13.389999389648438,17.100000381469727,18.079999923706055,7.267482364121533,10.872802960188904,13.885357971756937,14.681126635648614,11.676692482928996,0.726847400823754,-6.599999904632568,47.70000076293945,0.0,20.0,0.0,0.0,0.0,snow/ice covered,0.24457710981369,-8.10775470733643,100.0,484.432006835938
arenacam6_1769616037983348813.png,1769616037983348813,1769616037.9833488,42.30109868916194,-83.69745056953921,239.12063598632812,-0.7065118135740072,-0.7075678847639871,-0.010133490426717441,-0.009276750657201804,0.0077800000000000005,0.06278000000000002,-0.027630000000000005,1.2899,0.0247,-9.4221,3.0463781703978503,6.8145651844897674,9.869999885559082,13.569999694824219,17.709999084472656,17.709999084472656,8.014530908472919,11.018964867594454,14.380682542783356,14.380682542783356,11.948715215408521,0.7534083088095322,-7.300000190734863,47.60000228881836,0.0,44.0,0.0,0.0,0.0,snow/ice covered,0.24457710981369,-8.10775470733643,100.0,484.432006835938
arenacam6_1769616038004542161.png,1769616038004542161,1769616038.004542,42.30109924462499,-83.69745056621775,239.11949157714844,-0.7064309982472494,-0.707650707456377,-0.010245703455201736,-0.008985906331144313,0.025240000000000005,0.057330000000000006,-0.022300000000000004,1.973,0.8528,-9.7151,3.065943647902205,6.858331983738359,11.779999732971191,13.799999237060547,18.94999885559082,18.059999465942383,9.565468394770146,11.20572661648613,15.387573789729194,14.66488607954029,12.70591372013144,0.8526244792841983,-7.700000286102295,47.375,0.0,4.0,0.0,0.0,0.0,snow/ice covered,0.24457710981369,-8.10775470733643,100.0,484.432006835938
arenacam6_1769616038024858186.png,1769616038024858186,1769616038.024858,42.301099803380716,-83.69745057275951,239.11891174316406,-0.7061729401951522,-0.7079230099555175,-0.010074975246417709,-0.007955211212689368,0.05949000000000001,0.03567000000000001,-0.022300000000000004,1.7710000000000001,-0.734,-10.7512,3.1324823686175725,7.007175109655393,13.039999961853027,13.84000015258789,19.020000457763672,18.43000030517578,10.588600197824306,11.238207728702776,15.444415736108322,14.965330172405547,13.059138458760238,0.863680906270726,-8.100000381469727,47.42499923706055,0.0,4.0,0.0,0.0,0.0,snow/ice covered,0.24457710981369,-8.10775470733643,100.0,484.432006835938
arenacam6_1769616038045977449.png,1769616038045977449,1769616038.0459774,42.301100373783015,-83.69745057576189,239.1185302734375,-0.7061530981383519,-0.7079477199840806,-0.009975841623566743,-0.007636120929532877,0.05881000000000001,0.03151,-0.006490000000000001,0.9750000000000001,-0.1517,-10.5334,3.1420079376167656,7.028483235972448,14.420000076293945,13.479999542236328,19.10999870300293,18.53999900817871,11.709173014351387,10.945883913891679,15.517495141026421,15.05465013343197,13.306800550675364,0.8932677369947883,-8.5,47.375,0.0,4.0,0.0,0.0,0.0,snow/ice covered,0.24457710981369,-8.10775470733643,100.0,484.432006835938
arenacam6_1769616038066174407.png,1769616038066174407,1769616038.0661745,42.30110094934096,-83.69745057894555,239.11831665039062,-0.7060413876219872,-0.7080737608344188,-0.009722776852865406,-0.0065250128651602,0.06258000000000001,0.03151,-0.016290000000000002,2.7588,-0.2043,-11.2535,3.1996418905577197,7.157406930664186,14.829999923706055,13.079999923706055,18.799999237060547,18.78999900817871,12.042096670648615,10.621080535648614,15.26577271648613,15.25765243843197,13.296650590303832,0.8577469073803162,-8.699999809265137,46.900001525878906,0.0,4.0,0.0,0.0,0.0,snow/ice covered,0.24457710981369,-8.10775470733643,100.0,484.432006835938
arenacam6_1769616038087679724.png,1769616038087679724,1769616038.0876799,42.30110094934096,-83.69745057894555,239.11831665039062,-0.7060209295944918,-0.7080987858984065,-0.00951799030259632,-0.006321727954597174,0.05782000000000001,-4e-05,-0.006350000000000001,2.6301,-0.2864,-11.3209,3.2255274929322,7.215311470039756,15.269999504089355,13.269999504089355,18.85999870300293,18.90999984741211,12.399380386715984,10.775361946715984,15.314492836026421,15.355094226297227,13.461082348938904,0.8656273405290338,-8.90000057220459,47.150001525878906,0.0,8.0,0.0,0.0,0.0,snow/ice covered,0.24457710981369,-8.10775470733643,100.0,484.432006835938
arenacam6_1769616038107789391.png,1769616038107789391,1769616038.1077893,42.30110212024651,-83.6974505967777,239.12014770507812,-0.7059785516590918,-0.7081506610705572,-0.008979160324550175,-0.006024989836481836,0.02767,-0.01276,-0.00916,1.5867,-0.23070000000000002,-10.7163,3.276618389976218,7.329598741273402,15.149999618530273,13.380000114440918,18.65999984741211,19.139999389648438,12.301939373243066,10.86468345652708,15.152091921297227,15.541855975188904,13.46514268156407,0.8370913820617573,-9.0,46.775001525878906,0.0,16.0,0.0,0.0,0.0,snow/ice covered,0.24457710981369,-8.10775470733643,100.0,484.432006835938
arenacam6_1769616038129386447.png,1769616038129386447,1769616038.1293864,42.30110212024651,-83.6974505967777,239.12014770507812,-0.7059612379474303,-0.708169882775277,-0.008826224342916168,-0.006020416067893254,0.022350000000000005,-0.02085,-0.005320000000000001,1.5169000000000001,0.2056,-10.9169,3.291452530631412,7.362781823870631,14.889999389648438,13.25999927520752,18.639999389648438,19.18000030517578,12.090816790188905,10.767241668661823,15.135851365188906,15.57433708740555,13.392061727861297,0.8188861286699188,-9.0,46.82500076293945,0.0,0.0,0.0,0.0,0.0,snow/ice covered,0.24457710981369,-8.10775470733643,100.0,484.432006835938
arenacam6_1769616038149028964.png,1769616038149028964,1769616038.1490288,42.301103314359786,-83.69745061977885,239.12368774414062,-0.7058822414058151,-0.7082516008103246,-0.008316284904815688,-0.006385187773069301,-0.004380000000000001,-0.05716,-0.008700000000000001,2.0644,-0.7228,-11.0601,3.358233224559844,7.512166229346898,14.289999961853027,13.029999732971191,18.94999885559082,18.60999870300293,11.603611722824308,10.580479919770147,15.387573789729194,15.111490531026423,13.170788990837519,0.753261121856535,-9.0,46.79999923706055,0.0,28.0,0.0,0.0,0.0,snow/ice covered,0.24457710981369,-8.10775470733643,100.0,484.432006835938
arenacam6_1769616038190386734.png,1769616038190386734,1769616038.1903868,42.301103926676575,-83.69745063781754,239.1261444091797,-0.705841790908409,-0.708284648338458,-0.008145698415867651,-0.007339668425362236,-0.04954,-0.052770000000000004,-0.00103,0.9958,0.3733,-9.8129,3.3981282751012034,7.601409063704886,13.119999885559082,14.519999504089355,18.56999969482422,18.989999771118164,10.65356087347292,11.790373471715984,15.079010967594453,15.42005490194584,13.235750053682299,0.7412232314769369,-9.300000190734863,47.17499923706055,0.0,40.0,0.0,0.0,0.0,snow/ice covered,0.24457710981369,-8.10775470733643,100.0,484.432006835938
arenacam6_1769616038231723013.png,1769616038231723013,1769616038.231723,42.30110515798076,-83.69745067511838,239.1314697265625,-0.7058257651636174,-0.7082851314523122,-0.008256441843289771,-0.008601916232054491,-0.06638000000000001,-0.029530000000000004,0.006970000000000001,1.1213,-0.14800000000000002,-9.3298,3.4644993655456577,7.749877210763704,13.279999732971191,15.25999927520752,18.8799991607666,18.770000457763672,10.783482224770147,12.391260108661823,15.330733392134745,15.241413431108322,13.43672228916876,0.7337980878595948,-9.800000190734863,46.75,0.0,40.0,0.0,0.0,0.0,snow/ice covered,0.24457710981369,-8.10775470733643,100.0,484.432006835938
arenacam6_1769616038252949040.png,1769616038252949040,1769616038.252949,42.30110641781143,-83.69745072081116,239.13629150390625,-0.7058539791281098,-0.7082446974870128,-0.008511408430850017,-0.009336196070507011,-0.03543000000000001,-0.019030000000000002,5.000000000000001e-05,1.6288,-0.22360000000000002,-9.4037,3.5098015164420717,7.8512154041899285,13.949999809265137,15.90999984741211,18.889999389648438,18.3799991607666,11.327528464121533,12.919066566297225,15.338853670188904,14.924728782134743,13.627544370685602,0.7357241737900914,-10.0,46.5,0.0,24.0,0.0,0.0,0.0,snow/ice covered,0.24457710981369,-8.10775470733643,100.0,484.432006835938
arenacam6_1769616038273416892.png,1769616038273416892,1769616038.273417,42.30110705109351,-83.69745074804334,239.13856506347656,-0.7059209916692365,-0.7081704398623108,-0.0087535160504319,-0.009672516875015826,-0.0412,-0.0066900000000000015,0.012100000000000001,1.2953000000000001,0.20550000000000002,-9.273,3.536508715519305,7.910957806093755,14.809999465942383,16.529998779296875,18.84000015258789,18.53999900817871,12.025856114540291,13.422511415377807,15.298253828702775,15.05465013343197,13.95031787301321,0.7634170494838664,-10.199999809265137,46.10000228881836,0.0,24.0,0.0,0.0,0.0,snow/ice covered,0.24457710981369,-8.10775470733643,100.0,484.432006835938
arenacam6_1769616038314700588.png,1769616038314700588,1769616038.3147006,42.30110834158182,-83.69745079528428,239.14207458496094,-0.7060812927120278,-0.7080061883867084,-0.009013032141557742,-0.009757588833913524,0.0012100000000000001,0.0008400000000000001,0.014500000000000002,1.603,0.4874,-9.6766,3.6014686052528617,8.056269181834336,17.68000030517578,17.369998931884766,18.43000030517578,18.829999923706055,14.356323257405549,14.104599284080582,14.965330172405547,15.290133550648614,14.679096566135073,0.8220712633627245,-10.40000057220459,45.5,0.0,4.0,0.0,0.0,0.0,snow/ice covered,0.24457710981369,-8.10775470733643,100.0,484.432006835938
arenacam6_1769616038356138048.png,1769616038356138048,1769616038.356138,42.30110965340933,-83.69745084032607,239.14532470703125,-0.7062991420401534,-0.7077942630490267,-0.00898778254775627,-0.009382052712654269,0.021290000000000003,0.009140000000000002,0.01565,2.1126,1.0504,-9.956900000000001,3.665042484746694,8.19848013582927,19.850000381469727,18.389999389648438,18.85999870300293,18.43000030517578,16.118383326756934,14.932849060188905,15.314492836026421,14.965330172405547,15.33276384884445,0.870195889337671,-10.199999809265137,45.025001525878906,0.0,0.0,0.0,0.0,0.0,snow/ice covered,0.24457710981369,-8.10775470733643,100.0,484.432006835938
arenacam6_1769616038397158810.png,1769616038397158810,1769616038.3971589,42.30111098263391,-83.69745088122235,239.14865112304688,-0.7064986117979956,-0.7076061242309117,-0.0085189469558178,-0.008983986931031895,0.032720000000000006,0.007290000000000001,0.014650000000000003,0.9986,0.8290000000000001,-9.8397,3.7216624856277125,8.325135680600056,20.25,20.049999237060547,18.190000534057617,18.479999542236328,16.443186705,16.28078424148613,14.77044814545971,15.005930013891678,15.62508727645938,0.8768567715803476,-10.0,44.525001525878906,0.0,0.0,0.0,0.0,0.0,snow/ice covered,0.24457710981369,-8.10775470733643,100.0,484.432006835938
arenacam6_1769616038418327843.png,1769616038418327843,1769616038.4183278,42.30111234175177,-83.69745091035195,239.15223693847656,-0.7065940317778628,-0.7075155170956453,-0.008172667978799033,-0.00893727155761448,0.01725,-0.01923,0.011350000000000002,1.2366000000000001,1.3898000000000001,-10.125200000000001,3.7765818607216937,8.447987027522785,19.93000030517578,20.689998626708984,18.260000228881836,18.510000228881836,16.183344002405548,16.800469646675033,14.827288543054163,15.030290848054163,15.710348260047226,0.8596558220158623,-10.0,44.125,0.0,20.0,0.0,0.0,0.0,snow/ice covered,0.24457710981369,-8.10775470733643,100.0,484.432006835938
arenacam6_1769616038438647396.png,1769616038438647396,1769616038.4386473,42.30111234175177,-83.69745091035195,239.15223693847656,-0.7066338417980196,-0.7074790742071589,-0.007896758239533808,-0.00892268984437164,0.012290000000000002,-0.026410000000000006,0.00068,1.5819,-0.7791,-9.7209,3.807846602540848,8.517924379087725,20.0,20.93000030517578,17.969999313354492,18.010000228881836,16.2401844,16.995353222405548,14.591805125837517,14.624286238054161,15.612907246574306,0.8329473885569358,-9.90000057220459,43.97500228881836,0.0,16.0,0.0,0.0,0.0,snow/ice covered,0.24457710981369,-8.10775470733643,100.0,484.432006835938
arenacam6_1769616038459553946.png,1769616038459553946,1769616038.459554,42.301113722861,-83.69745094451923,239.1560516357422,-0.7066871779260766,-0.7074242058386241,-0.007873510303776081,-0.00906826245573437,-0.008520000000000002,-0.0025000000000000005,0.007910000000000002,1.2003000000000001,0.795,-9.7127,3.829008541958103,8.565262367847758,20.399999618530273,20.68000030517578,17.899999618530273,17.559999465942383,16.564987778243065,16.79235091740555,14.534964728243066,14.258881469540292,15.537796223357994,0.8140479014027289,-9.90000057220459,43.57500076293945,0.0,20.0,0.0,0.0,0.0,snow/ice covered,0.24457710981369,-8.10775470733643,100.0,484.432006835938
arenacam6_1769616038480164287.png,1769616038480164287,1769616038.4801643,42.301113722861,-83.69745094451923,239.1560516357422,-0.7066911186778576,-0.707419615082364,-0.007777343990869427,-0.009201298767332293,-0.0022400000000000007,-0.023060000000000004,0.00019000000000000004,1.9533,0.3529,-9.5653,3.870277939106301,8.65757953310445,20.81999969482422,20.459999084472656,17.94999885559082,17.520000457763672,16.90603171259445,16.613707897783357,14.575564569729195,14.226401906108324,15.580426521553832,0.799628459892066,-10.0,43.17499923706055,0.0,20.0,0.0,0.0,0.0,snow/ice covered,0.24457710981369,-8.10775470733643,100.0,484.432006835938
arenacam6_1769616038500830080.png,1769616038500830080,1769616038.5008302,42.30111512136902,-83.69745098090006,239.15956115722656,-0.7067076290974464,-0.7074017332932936,-0.007764437908727589,-0.009318165756812652,-0.012730000000000002,-3e-05,0.0011200000000000003,1.0642,-0.3402,-9.097000000000001,3.8927824954882824,8.707920875457559,21.239999771118164,20.40999984741211,17.34000015258789,17.489999771118164,17.247075646945838,16.573108056297226,14.080239998702774,14.202041071945839,15.525616193472917,0.7829303246461943,-10.0,43.125,0.0,20.0,0.0,0.0,0.0,snow/ice covered,0.24457710981369,-8.10775470733643,100.0,484.432006835938
arenacam6_1769616038521449364.png,1769616038521449364,1769616038.5214496,42.301115834152384,-83.69745099163198,239.16110229492188,-0.7067378141601647,-0.7073695083652505,-0.007866229391459771,-0.009389521094143462,0.01137,0.010220000000000002,0.0036800000000000005,1.5377,0.9536,-10.0207,3.939070881922177,8.811465218606996,21.619998931884766,20.939998626708984,17.06999969482422,17.020000457763672,17.55563846908058,17.003471951675035,13.860997137594453,13.820397296108322,15.560126213614598,0.7658954359550316,-9.90000057220459,42.525001525878906,0.0,0.0,0.0,0.0,0.0,snow/ice covered,0.24457710981369,-8.10775470733643,100.0,484.432006835938
arenacam6_1769616038542387084.png,1769616038542387084,1769616038.5423872,42.301116547984826,-83.69745101051406,239.16270446777344,-0.7067232004475522,-0.7073849898332547,-0.007840603031403215,-0.009344466377414538,0.010080000000000002,0.0027600000000000003,-0.004280000000000001,1.7627000000000002,-0.6018,-10.2814,3.9569736897106114,8.851512725461255,21.920000076293945,21.75,17.049999237060547,16.869998931884766,17.799242164351387,17.661200535000003,13.844756581486129,13.698594674080582,15.750948488729525,0.7794640280437194,-9.800000190734863,42.10000228881836,0.0,0.0,0.0,0.0,0.0,snow/ice covered,0.24457710981369,-8.10775470733643,100.0,484.432006835938
arenacam6_1769616038562588712.png,1769616038562588712,1769616038.5625887,42.30111726506934,-83.69745102688006,239.16441345214844,-0.706821391712593,-0.7072889759000546,-0.007861552009004444,-0.00916628538366363,0.016890000000000002,0.011020000000000002,0.012530000000000001,1.5644,0.5322,-9.626800000000001,4.000773271129499,8.949489761120422,22.1299991607666,22.40999984741211,16.68000030517578,16.959999084472656,17.96976335713474,18.197126496297226,13.544314037405549,13.771675627783356,15.87071987965522,0.7733658904894151,-9.600000381469727,42.04999923706055,0.0,0.0,0.0,0.0,0.0,snow/ice covered,0.24457710981369,-8.10775470733643,100.0,484.432006835938
arenacam6_1769616038583355669.png,1769616038583355669,1769616038.5833557,42.30111726506934,-83.69745102688006,239.16441345214844,-0.7068377478613136,-0.7072741015034385,-0.007864152943645104,-0.009049786700731947,0.015780000000000002,0.01711,0.0034000000000000002,1.7198,-0.0354,-9.7048,4.01838963335048,8.988896506427022,22.229999542236328,23.06999969482422,16.770000457763672,16.969999313354492,18.050964588891677,18.733052457594454,13.617394991108322,13.779795905837517,16.04530198585799,0.7850135413602403,-9.5,42.04999923706055,0.0,0.0,0.0,0.0,0.0,snow/ice covered,0.24457710981369,-8.10775470733643,100.0,484.432006835938
arenacam6_1769616038604539406.png,1769616038604539406,1769616038.6045394,42.301118725551596,-83.69745105620777,239.1680145263672,-0.7068897725209742,-0.7072224681627793,-0.007992516853855675,-0.008907845156524015,-0.00461,0.021840000000000005,0.008700000000000001,1.9209,-0.6234000000000001,-10.3084,4.0534183177035485,9.067253571603777,22.600000381469727,23.219999313354492,16.729999542236328,16.619998931884766,18.351408681756936,18.854853530837516,13.58491387889168,13.495592369080581,16.07169211514168,0.7724983632832261,-9.40000057220459,41.72500228881836,0.0,0.0,0.0,0.0,0.0,snow/ice covered,0.24457710981369,-8.10775470733643,100.0,484.432006835938
arenacam6_1769616038628081174.png,1769616038628081174,1769616038.628081,42.301118725551596,-83.69745105620777,239.1680145263672,-0.7069946927840586,-0.7071154546261731,-0.008076742054469552,-0.009000246762215317,-0.01157,-5.000000000000001e-05,0.016550000000000002,1.5502,0.6847000000000001,-11.2195,4.088757124038807,9.146304361047369,23.459999084472656,23.25,16.899999618530273,16.600000381469727,19.049735557783357,18.879214365000003,13.722955508243064,13.479353361756935,16.28281469819584,0.7802616286794166,-9.300000190734863,41.72500228881836,0.0,0.0,0.0,0.0,0.0,snow/ice covered,0.24457710981369,-8.10775470733643,100.0,484.432006835938
arenacam6_1769616038645574462.png,1769616038645574462,1769616038.6455743,42.30112020968071,-83.69745109706389,239.1726837158203,0.7071163346495338,0.7069912730527306,0.008175567981604301,0.00910984013394044,-0.02085,-0.009760000000000001,0.011580000000000002,1.8693000000000002,-0.62,-9.7707,4.143810232201333,9.269454860820451,23.8799991607666,23.309999465942383,16.889999389648438,16.979999542236328,19.390779492134744,18.92793448454029,13.714835230188905,13.78791618389168,16.455366347688905,0.7752248211749121,-9.199999809265137,41.45000076293945,0.0,0.0,0.0,0.0,0.0,snow/ice covered,0.24457710981369,-8.10775470733643,100.0,484.432006835938
arenacam6_1769616038666492067.png,1769616038666492067,1769616038.6664922,42.30112020968071,-83.69745109706389,239.1726837158203,0.7071769605820656,0.7069284209186391,0.008228480214041252,0.009232888646487126,-0.024800000000000003,-0.0101,0.017270000000000004,1.3238,0.10840000000000001,-9.6007,4.157081816657955,9.299142598954846,23.889999389648438,23.81999969482422,16.579999923706055,17.28999900817871,19.398899770188905,19.342059372594452,13.463112805648613,14.03963860843197,16.560927639215983,0.7809090959716336,-9.199999809265137,41.85000228881836,0.0,0.0,0.0,0.0,0.0,snow/ice covered,0.24457710981369,-8.10775470733643,100.0,484.432006835938
arenacam6_1769616038686762707.png,1769616038686762707,1769616038.6867628,42.30112171041473,-83.69745113579484,239.17745971679688,0.7073489311190091,0.7067533214659402,0.008321245459977327,0.00938025136400112,-0.00487,-0.005730000000000001,0.017780000000000004,1.8900000000000001,0.2942,-9.3392,4.212836127803626,9.423861647729042,24.079999923706055,24.28999900817871,16.75,17.389999389648438,19.553181955648615,19.72370314843197,13.601154435,14.120839840188903,16.74971984481737,0.777373275514259,-9.199999809265137,41.72500228881836,0.0,0.0,0.0,0.0,0.0,snow/ice covered,0.24457710981369,-8.10775470733643,100.0,484.432006835938
arenacam6_1769616038708046165.png,1769616038708046165,1769616038.7080462,42.30112247497959,-83.6974511572509,239.17958068847656,0.7074903254623693,0.7066101614346763,0.008311487145946941,0.00950990619479332,-0.012060000000000003,-0.006350000000000001,0.019390000000000004,1.191,-0.5018,-9.744900000000001,4.24055649593683,9.485870448020933,24.029998779296875,24.28999900817871,17.219999313354492,17.260000228881836,19.51258056537781,19.72370314843197,13.982798210837517,14.01527932305416,16.808590311925364,0.7719607709203107,-9.199999809265137,41.70000076293945,0.0,0.0,0.0,0.0,0.0,snow/ice covered,0.24457710981369,-8.10775470733643,100.0,484.432006835938
arenacam6_1769616038728160489.png,1769616038728160489,1769616038.7281606,42.30112324149455,-83.69745117496828,239.1815643310547,0.7076588389655464,0.7064388951452238,0.008401733458621061,0.00961592090341314,-0.010390000000000002,-0.00041000000000000005,0.025010000000000004,1.8621,0.6669,-9.2189,4.274817904516714,9.562511163329617,24.399999618530273,23.969999313354492,17.670000076293945,17.020000457763672,19.813024658243066,19.463860445837515,14.348202979351388,13.820397296108322,16.86137134488507,0.7632786050535735,-9.199999809265137,41.625,0.0,4.0,0.0,0.0,0.0,snow/ice covered,0.24457710981369,-8.10775470733643,100.0,484.432006835938
arenacam6_1769616038749205412.png,1769616038749205412,1769616038.7492056,42.30112324149455,-83.69745117496828,239.1815643310547,0.7077489190087924,0.7063490866968046,0.008364802062561079,0.009615895742467514,0.0053100000000000005,-0.005470000000000001,0.025370000000000004,1.6322,1.1666,-8.9137,4.291316428885002,9.599417372430018,24.44999885559082,23.869998931884766,17.65999984741211,17.010000228881836,19.853624499729197,19.382659214080583,14.340082701297225,13.812277018054163,16.847160858290295,0.7550191021671939,-9.100000381469727,41.900001525878906,0.0,0.0,0.0,0.0,0.0,snow/ice covered,0.24457710981369,-8.10775470733643,100.0,484.432006835938
arenacam6_1769616038769937252.png,1769616038769937252,1769616038.769937,42.301124794612534,-83.69745122247728,239.18519592285156,0.7080102200985067,0.7060895019844919,0.008223094713235833,0.009566824796827623,-0.00075,-0.0017000000000000001,0.03178,0.9406,0.0585,-9.9428,4.333796870051328,9.694443570492618,24.299999237060547,23.889999389648438,17.600000381469727,17.799999237060547,19.73182342648613,19.398899770188905,14.291362581756935,14.45376349648613,16.968962318729524,0.7503802250578528,-9.100000381469727,42.04999923706055,0.0,0.0,0.0,0.0,0.0,snow/ice covered,0.24457710981369,-8.10775470733643,100.0,484.432006835938
arenacam6_1769616038790409410.png,1769616038790409410,1769616038.7904096,42.301124794612534,-83.69745122247728,239.18519592285156,0.7081351809435048,0.7059646451492408,0.00824164231538511,0.009516335500678529,0.004660000000000001,0.009340000000000003,0.035460000000000005,1.5861,1.1533,-9.8618,4.349889197066419,9.730441140485757,24.170000076293945,23.90999984741211,18.19999885559082,18.350000381469727,19.626262909351386,19.415140326297227,14.778566874729195,14.900369496756936,17.180084901783687,0.7656018523458262,-9.0,41.97500228881836,0.0,0.0,0.0,0.0,0.0,snow/ice covered,0.24457710981369,-8.10775470733643,100.0,484.432006835938
arenacam6_1769616038831648619.png,1769616038831648619,1769616038.8316486,42.30112636774063,-83.69745126038124,239.1885986328125,0.7084679626885697,0.7056416863448317,0.007669436488810931,0.009172572173246312,0.03513000000000001,-0.0036000000000000008,0.025590000000000005,1.0434,0.014100000000000001,-9.7383,4.41830828767908,9.883490541040842,23.479999542236328,23.93000030517578,18.28999900817871,17.989999771118164,19.065976113891676,19.431380882405552,14.85164782843197,14.60804568194584,16.98926262666876,0.7189536992140028,-9.0,41.875,0.0,0.0,0.0,0.0,0.0,snow/ice covered,0.24457710981369,-8.10775470733643,100.0,484.432006835938
arenacam6_1769616038853171228.png,1769616038853171228,1769616038.853171,42.30112796917651,-83.69745128859016,239.19190979003906,0.7086674168344644,0.705449449170941,0.007286154427215622,0.0088588337407505,0.045570000000000006,0.0018700000000000004,0.019600000000000003,1.8213000000000001,0.8098000000000001,-9.3177,4.471217149439454,10.001844490267093,23.399999618530273,23.5,19.020000457763672,18.149999618530273,19.001015438243066,19.08221667,15.444415736108322,14.737967033243065,17.066403719398615,0.7063256418359757,-9.0,42.150001525878906,0.0,0.0,0.0,0.0,0.0,snow/ice covered,0.24457710981369,-8.10775470733643,100.0,484.432006835938
arenacam6_1769616038873123147.png,1769616038873123147,1769616038.8731232,42.301128776528344,-83.69745130908572,239.1934356689453,0.7087943015653871,0.7053279398064858,0.006965191086827197,0.00863837426241679,0.030530000000000005,-0.007740000000000001,0.01602,1.3143,-0.18660000000000002,-8.783800000000001,4.50607290876114,10.079814732524145,23.78999900817871,23.19999885559082,18.969999313354492,17.739999771118164,19.31769853843197,18.838612974729198,15.403814345837517,14.405043376945839,16.991292308986132,0.6856750604910418,-9.0,41.82500076293945,0.0,0.0,0.0,0.0,0.0,snow/ice covered,0.24457710981369,-8.10775470733643,100.0,484.432006835938
arenacam6_1769616038894749305.png,1769616038894749305,1769616038.8947492,42.30112959181877,-83.6974513255393,239.1942138671875,0.7089093680932599,0.7052162216704697,0.006899134495882185,0.008366030459512173,0.021810000000000003,0.021820000000000003,0.017390000000000003,1.0566,-0.42450000000000004,-8.7424,4.523270062628068,10.11828373389523,23.809999465942383,23.119998931884766,19.139999389648438,17.28999900817871,19.33393909454029,18.77365229908058,15.541855975188904,14.03963860843197,16.922271494310436,0.672444847303751,-9.100000381469727,41.900001525878906,0.0,0.0,0.0,0.0,0.0,snow/ice covered,0.24457710981369,-8.10775470733643,100.0,484.432006835938
arenacam6_1769616038914474818.png,1769616038914474818,1769616038.9144747,42.301130410766106,-83.69745134187842,239.19512939453125,0.7090493763787307,0.7050763497878615,0.007061089067419139,0.008152536288789498,0.00027000000000000006,0.030380000000000004,0.02177,1.4782000000000002,0.5514,-8.998800000000001,4.555052755500914,10.189379710890215,23.90999984741211,23.439998626708984,19.010000228881836,17.420000076293945,19.415140326297227,19.033495001675035,15.436295458054161,14.145200674351388,17.007532865094454,0.6691431026873135,-9.100000381469727,42.10000228881836,0.0,0.0,0.0,0.0,0.0,snow/ice covered,0.24457710981369,-8.10775470733643,100.0,484.432006835938
arenacam6_1769616038935735344.png,1769616038935735344,1769616038.9357352,42.30113123430922,-83.6974513655592,239.19566345214844,0.7091534638900495,0.7049728838813101,0.007263002628018468,0.007864250608843212,0.005350000000000001,0.029070000000000002,0.00846,2.14,-0.6385000000000001,-9.299800000000001,4.594439198147951,10.277484819905078,23.799999237060547,24.079999923706055,18.350000381469727,17.600000381469727,19.32581881648613,19.553181955648615,14.900369496756936,14.291362581756935,17.017683212662156,0.6558217804129366,-9.100000381469727,41.875,0.0,0.0,0.0,0.0,0.0,snow/ice covered,0.24457710981369,-8.10775470733643,100.0,484.432006835938
arenacam6_1769616038956022733.png,1769616038956022733,1769616038.9560227,42.30113206610789,-83.69745138739552,239.1956329345703,0.7093182791461341,0.7048031580863444,0.007683103869632546,0.007813906552483601,-0.034370000000000005,0.04293,0.029990000000000003,1.1529,-0.3916,-10.288,4.622476562375734,10.340202721440775,23.5,24.239999771118164,17.559999465942383,18.119998931884766,19.08221667,19.68310330694584,14.258881469540292,14.713606199080584,16.93445191139168,0.6377291981207966,-9.100000381469727,41.92499923706055,0.0,0.0,0.0,0.0,0.0,snow/ice covered,0.24457710981369,-8.10775470733643,100.0,484.432006835938
arenacam6_1769616038976876749.png,1769616038976876749,1769616038.9768767,42.30113374155847,-83.69745143453957,239.19644165039062,0.7095226450891263,0.7045837207834021,0.008620324055125257,0.00806762207413111,-0.06452000000000001,0.01999,0.020110000000000003,1.679,0.919,-10.9262,4.677704337300155,10.46374394028021,23.799999237060547,24.28999900817871,17.529998779296875,18.60999870300293,19.32581881648613,19.72370314843197,14.234520635377809,15.111490531026423,17.09888328283058,0.6341075795068326,-9.100000381469727,42.20000076293945,0.0,0.0,0.0,0.0,0.0,snow/ice covered,0.24457710981369,-8.10775470733643,100.0,484.432006835938
arenacam6_1769616038997144955.png,1769616038997144955,1769616038.997145,42.30113374155847,-83.69745143453957,239.19644165039062,0.7096745731994178,0.7044210139462806,0.009223507269433114,0.008243917683281041,-0.05566000000000001,0.020620000000000003,0.018730000000000004,2.3645,-0.3342,-10.490400000000001,4.6966224168891575,10.506062549236033,24.25,24.10999870300293,18.440000534057617,18.09000015258789,19.691223585,19.57754124102642,14.97345045045971,14.689246913702775,17.232865547547227,0.6402782171519003,-9.100000381469727,42.10000228881836,0.0,0.0,0.0,0.0,0.0,snow/ice covered,0.24457710981369,-8.10775470733643,100.0,484.432006835938
arenacam6_1769616039018153996.png,1769616039018153996,1769616039.018154,42.30113544519543,-83.69745148046873,239.19879150390625,0.7097989820496025,0.7042826896303117,0.009769202857815674,0.008709813084383544,-0.07144,0.008050000000000002,0.01973,1.153,0.458,-11.3856,4.749742996644136,10.624890098913133,24.0,24.059999465942383,18.350000381469727,17.28999900817871,19.48822128,19.53694139954029,14.900369496756936,14.03963860843197,16.9912926961823,0.5991970305575598,-9.199999809265137,42.0,0.0,0.0,0.0,0.0,0.0,snow/ice covered,0.24457710981369,-8.10775470733643,100.0,484.432006835938
arenacam6_1769616039038720662.png,1769616039038720662,1769616039.0387208,42.30113544519543,-83.69745148046873,239.19879150390625,0.7099481544955039,0.7041217089609975,0.010304057309550087,0.008947809856830805,-0.05208,0.01805,0.019520000000000003,2.5860000000000003,0.3649,-10.575800000000001,4.78819137354887,10.71089681114641,24.579999923706055,23.799999237060547,18.279998779296875,17.81999969482422,19.959186565648615,19.32581881648613,14.843527550377807,14.470004052594453,17.14963424627675,0.6011389661069089,-9.199999809265137,41.97500228881836,0.0,0.0,0.0,0.0,0.0,snow/ice covered,0.24457710981369,-8.10775470733643,100.0,484.432006835938
arenacam6_1769616039059735965.png,1769616039059735965,1769616039.059736,42.30113718060877,-83.69745152943872,239.2030792236328,0.7100978597417611,0.7039646605299182,0.010503287695025365,0.009190607311948363,-0.019390000000000004,-0.0018600000000000003,0.021730000000000003,1.7748000000000002,1.2116,-10.316,4.830568433929286,10.805691752593777,24.799999237060547,23.920000076293945,18.149999618530273,18.850000381469727,20.13782803648613,19.423260604351388,14.737967033243065,15.306374106756934,17.401357445209378,0.6103881031987045,-9.199999809265137,42.0,0.0,0.0,0.0,0.0,0.0,snow/ice covered,0.24457710981369,-8.10775470733643,100.0,484.432006835938
arenacam6_1769616039079966778.png,1769616039079966778,1769616039.0799668,42.30113805284971,-83.6974515492576,239.20526123046875,0.7103279235441006,0.7037303159620343,0.010522222206047463,0.00933628777128672,0.0009700000000000002,0.00237,0.025310000000000003,0.8597,1.9041000000000001,-9.835700000000001,4.871680110337118,10.897656106017513,24.25,24.03999900817871,18.119998931884766,19.09000015258789,19.691223585,19.52070084343197,14.713606199080584,15.501256133702775,17.356696690303835,0.5926999825879753,-9.100000381469727,42.025001525878906,0.0,0.0,0.0,0.0,0.0,snow/ice covered,0.24457710981369,-8.10775470733643,100.0,484.432006835938
arenacam6_1769616039100936512.png,1769616039100936512,1769616039.1009364,42.30113893520189,-83.69745157363938,239.20797729492188,0.7103936160259112,0.7036669826780703,0.01045741433046424,0.009183152176228507,0.031000000000000003,0.012090000000000002,0.018400000000000003,1.963,1.1064,-9.804400000000001,4.891051654517761,10.940989088056961,23.899999618530273,24.28999900817871,18.649999618530273,18.079999923706055,19.407020048243066,19.72370314843197,15.143971643243065,14.681126635648614,17.238955368891677,0.5756304325090218,-9.100000381469727,42.10000228881836,0.0,8.0,0.0,0.0,0.0,snow/ice covered,0.24457710981369,-8.10775470733643,100.0,484.432006835938
arenacam6_1769616039121268214.png,1769616039121268214,1769616039.1212683,42.301139826095536,-83.69745158911542,239.21041870117188,0.7106397329540867,0.7034272524610317,0.010009725018877771,0.009004212742624683,0.028200000000000003,-0.017120000000000003,0.031230000000000004,1.2297,0.6312,-10.1316,4.950405563212437,11.073760220572428,23.920000076293945,24.369998931884766,19.0,17.6299991607666,19.423260604351388,19.78866382408058,15.428175180000002,14.315721867134743,17.23895536889168,0.5567390864094905,-9.100000381469727,41.70000076293945,0.0,8.0,0.0,0.0,0.0,snow/ice covered,0.24457710981369,-8.10775470733643,100.0,484.432006835938
arenacam6_1769616039142398486.png,1769616039142398486,1769616039.1423984,42.30114071690831,-83.69745160375322,239.2126922607422,0.710707424979446,0.7033620646751897,0.00986938130927511,0.008908275226521531,0.03336,-0.006680000000000001,0.018730000000000004,1.1706,0.3866,-9.7919,4.961985425326725,11.099663677330366,24.0,24.03999900817871,18.559999465942383,18.229999542236328,19.48822128,19.52070084343197,15.070890689540292,14.802927708891678,17.220685130465984,0.5514600830326973,-9.100000381469727,41.900001525878906,0.0,4.0,0.0,0.0,0.0,snow/ice covered,0.24457710981369,-8.10775470733643,100.0,484.432006835938
arenacam6_1769616039162683862.png,1769616039162683862,1769616039.162684,42.301141616902186,-83.6974516247768,239.2154541015625,0.7109151697959529,0.7031614329435063,0.009492852395315764,0.00857358316149309,0.032970000000000006,-0.0035700000000000007,0.027250000000000003,2.4671000000000003,-0.1635,-9.578100000000001,5.019527275941402,11.228381344644362,23.979999542236328,23.6299991607666,18.229999542236328,19.260000228881836,19.47198072389168,19.187777187134742,14.802927708891678,15.639297763054161,17.275495845743066,0.5385562099725992,-9.0,41.900001525878906,0.0,0.0,0.0,0.0,0.0,snow/ice covered,0.24457710981369,-8.10775470733643,100.0,484.432006835938
arenacam6_1769616039183528889.png,1769616039183528889,1769616039.183529,42.30114252495977,-83.69745163876372,239.21755981445312,0.7109958536038254,0.7030818978800385,0.009352308825196618,0.008560102289615752,0.02135,-0.01856,0.021190000000000004,2.0874,0.3618,-9.8521,5.0401888765347485,11.27460010547564,24.25,23.68000030517578,19.43000030517578,19.389999389648438,19.691223585,19.22837857740555,15.77733939240555,15.744858280188904,17.610449958750003,0.5619578338922445,-9.0,42.22500228881836,0.0,0.0,0.0,0.0,0.0,snow/ice covered,0.24457710981369,-8.10775470733643,100.0,484.432006835938
arenacam6_1769616039204574688.png,1769616039204574688,1769616039.2045748,42.30114343435564,-83.69745165451835,239.21978759765625,0.7111853422519124,0.7028976716009121,0.00900003038037792,0.008322960843278633,0.024890000000000006,-0.0033000000000000004,0.018170000000000006,2.0522,0.0463,-10.299100000000001,5.079937049799936,11.363514384179469,24.119998931884766,24.219999313354492,19.5,17.969999313354492,19.58566151908058,19.666862750837517,15.83417979,14.591805125837517,17.419627296438904,0.5329436569984798,-8.90000057220459,42.32500076293945,0.0,8.0,0.0,0.0,0.0,snow/ice covered,0.24457710981369,-8.10775470733643,100.0,484.432006835938
arenacam6_1769616039225073490.png,1769616039225073490,1769616039.2250733,42.30114435231312,-83.6974516710385,239.22267150878906,0.7112403504514218,0.7028433259634063,0.008910738193740329,0.00830793495873124,0.014720000000000002,-0.010840000000000002,0.015290000000000003,2.5318,0.2988,-10.1707,5.105112991279352,11.419831454712435,23.899999618530273,24.279998779296875,19.239999771118164,17.959999084472656,19.407020048243066,19.71558287037781,15.62305720694584,14.583684847783356,17.332336243337515,0.5177401095692409,-8.800000190734863,42.125,0.0,20.0,0.0,0.0,0.0,snow/ice covered,0.24457710981369,-8.10775470733643,100.0,484.432006835938
arenacam6_1769616039266256536.png,1769616039266256536,1769616039.2662566,42.30114620827748,-83.69745169643494,239.2271728515625,0.7114226498924741,0.7026613042697022,0.008645846587616118,0.008375800782881112,-0.006300000000000001,-0.006360000000000001,0.012420000000000002,1.3314000000000001,0.1068,-8.8039,5.16922194322327,11.563239333673863,25.489999771118164,24.40999984741211,18.899999618530273,20.079999923706055,20.69811483194584,19.821144936297227,15.346973948243065,16.305145075648614,18.042844698033687,0.5603624708770193,-8.5,42.07500076293945,0.0,24.0,0.0,0.0,0.0,snow/ice covered,0.24457710981369,-8.10775470733643,100.0,484.432006835938
arenacam6_1769616039307541120.png,1769616039307541120,1769616039.307541,42.30114714385309,-83.6974517130985,239.2295684814453,0.7115943871696067,0.702483138313626,0.008866782740518312,0.00849992338691092,-0.012340000000000002,0.010530000000000001,0.013830000000000002,1.5796000000000001,-0.40490000000000004,-9.634,5.230322986458381,11.699918701328212,25.739999771118164,24.90999984741211,20.600000381469727,18.770000457763672,20.90111713694584,20.227149546297223,16.727390241756936,15.241413431108322,18.27426758902708,0.5619140658603489,-8.199999809265137,42.29999923706055,0.0,28.0,0.0,0.0,0.0,snow/ice covered,0.24457710981369,-8.10775470733643,100.0,484.432006835938
arenacam6_1769616039349312794.png,1769616039349312794,1769616039.3493128,42.301149034608535,-83.69745173434983,239.23291015625,0.7117192738436291,0.7023503639858809,0.009091810090466754,0.008773849649786492,-0.005930000000000001,-0.01139,0.00803,1.6895,0.274,-9.7806,5.3112444488129125,11.880935157327556,24.959999084472656,25.529998779296875,21.149999618530273,18.479999542236328,20.267749387783354,20.73059439537781,17.173994693243067,15.005930013891678,18.294567122573977,0.5398255171261345,-8.100000381469727,42.17499923706055,0.0,24.0,0.0,0.0,0.0,snow/ice covered,0.24457710981369,-8.10775470733643,100.0,484.432006835938
arenacam6_1769616039370283423.png,1769616039370283423,1769616039.3702836,42.30115095123367,-83.69745175581086,239.23681640625,0.7117448974262633,0.7023232781452242,0.009176684763715443,0.008775102265582422,0.0014100000000000002,0.007720000000000001,0.0006500000000000001,1.8933,0.5217,-9.5777,5.3507884156154235,11.969392638426767,24.59000015258789,25.43000030517578,21.31999969482422,18.90999984741211,19.967306843702776,20.64939471240555,17.31203632259445,15.355094226297227,18.32095802625,0.5306506002177627,-8.100000381469727,42.150001525878906,0.0,52.0,0.0,0.0,0.0,snow/ice covered,0.24457710981369,-8.10775470733643,100.0,484.432006835938
arenacam6_1769616039390329284.png,1769616039390329284,1769616039.3903294,42.30115095123367,-83.69745175581086,239.23681640625,0.7117554422608243,0.7023129876786497,0.009174278703924631,0.008745876757068874,0.00461,0.0037600000000000008,0.0029900000000000005,2.4907,0.7356,-9.6111,5.375554821193188,12.02479360171989,24.619998931884766,25.229999542236328,20.850000381469727,18.69999885559082,19.99166612908058,20.486992248891678,16.930392546756934,15.184571484729195,18.148405602364598,0.509248824010489,-8.100000381469727,42.125,0.0,36.0,0.0,0.0,0.0,snow/ice covered,0.24457710981369,-8.10775470733643,100.0,484.432006835938
arenacam6_1769616039411750165.png,1769616039411750165,1769616039.41175,42.301152887388646,-83.69745176919459,239.24046325683594,0.7117394744447304,0.702332376832322,0.009023855621552102,0.008644246637017105,0.01871,0.013940000000000003,-0.0034000000000000002,0.2177,1.0469,-8.965900000000001,5.4093786358631375,12.100455445707688,25.68000030517578,24.779998779296875,20.489999771118164,18.899999618530273,20.852397017405547,20.12158748037781,16.63806873194584,15.346973948243065,18.239756794493065,0.507361179612717,-8.0,42.025001525878906,0.0,44.0,0.0,0.0,0.0,snow/ice covered,0.24457710981369,-8.10775470733643,100.0,484.432006835938
arenacam6_1769616039431685141.png,1769616039431685141,1769616039.4316852,42.301152887388646,-83.69745176919459,239.24046325683594,0.711725208451177,0.702349339806325,0.009061048776317233,0.008398209560439858,0.029300000000000007,0.03982000000000001,-0.005360000000000001,1.5223,0.43760000000000004,-8.9895,5.424441534606872,12.134150246423498,26.34000015258789,24.34000015258789,20.350000381469727,19.19999885559082,21.388322978702774,19.764304538702774,16.524387936756934,15.590576094729194,18.316897887222922,0.5095328074268545,-8.0,42.07500076293945,0.0,44.0,0.0,0.0,0.0,snow/ice covered,0.24457710981369,-8.10775470733643,100.0,484.432006835938
arenacam6_1769616039452999199.png,1769616039452999199,1769616039.452999,42.301154847056125,-83.69745176600561,239.24258422851562,0.7116876476209536,0.7023971032213843,0.008832101963805189,0.007809967020568996,0.043300000000000005,0.013800000000000002,-0.00158,1.3858000000000001,0.498,-10.0878,5.4831205363236775,12.265411652523888,26.799999237060547,24.439998626708984,20.420000076293945,19.170000076293945,21.76184647648613,19.845504221675036,16.581228334351387,15.566216809351387,18.438698960465985,0.5033086114701909,-8.0,41.92499923706055,0.0,44.0,0.0,0.0,0.0,snow/ice covered,0.24457710981369,-8.10775470733643,100.0,484.432006835938
arenacam6_1769616039473078401.png,1769616039473078401,1769616039.4730785,42.30115583606269,-83.6974517687579,239.24420166015625,0.7116223200727487,0.7024696335684947,0.008752658386475345,0.007312896798988191,0.03721000000000001,0.030890000000000004,-0.010050000000000002,1.3509,0.3617,-9.9933,5.509593891248535,12.324630959089498,27.489999771118164,24.889999389648438,20.059999465942383,18.889999389648438,22.32213327194584,20.210908990188905,16.288904519540292,15.338853670188904,18.540200112965984,0.5043209143144738,-7.900000095367432,41.92499923706055,0.0,40.0,0.0,0.0,0.0,snow/ice covered,0.24457710981369,-8.10775470733643,100.0,484.432006835938
arenacam6_1769616039494498430.png,1769616039494498430,1769616039.4944983,42.30115683448318,-83.69745176204732,239.24539184570312,0.7115835865590481,0.7025164839154273,0.00867717492017522,0.006640467022095361,0.0592,0.03815,-0.006200000000000001,2.4835000000000003,0.7794000000000001,-9.8794,5.550476226353017,12.41608228977812,28.8799991607666,25.31999969482422,21.25,18.770000457763672,23.450825592134745,20.560073202594452,17.255195925000002,15.241413431108322,19.12687703770938,0.5404921287817259,-7.900000095367432,42.04999923706055,0.0,28.0,0.0,0.0,0.0,snow/ice covered,0.24457710981369,-8.10775470733643,100.0,484.432006835938
arenacam6_1769616039514387230.png,1769616039514387230,1769616039.5143871,42.30115783285067,-83.69745176009481,239.2469482421875,0.7114517537405627,0.702658275188884,0.008458541391619884,0.006016933237675862,0.02985,0.030130000000000004,-0.010230000000000003,1.693,0.09730000000000001,-10.698400000000001,5.603800704052992,12.5353659469243,29.010000228881836,25.439998626708984,22.350000381469727,17.420000076293945,23.55638765805416,20.657513441675032,18.148406376756938,14.145200674351388,19.12687703770938,0.5258331602518861,-7.700000286102295,41.900001525878906,0.0,24.0,0.0,0.0,0.0,snow/ice covered,0.24457710981369,-8.10775470733643,100.0,484.432006835938
arenacam6_1769616039535204093.png,1769616039535204093,1769616039.5352042,42.30115884286078,-83.6974517607915,239.2491912841797,0.7113737748984832,0.7027384553326804,0.008447274863320932,0.005887217568925105,0.020130000000000002,0.016790000000000003,-0.022170000000000002,2.6418,-0.49420000000000003,-10.1669,5.629863428520379,12.593666697794376,28.68000030517578,26.059999465942383,23.479999542236328,16.309999465942383,23.28842467740555,21.160959839540293,19.065976113891676,13.24386994454029,19.189807643844453,0.523766517276919,-7.700000286102295,42.17499923706055,0.0,16.0,0.0,0.0,0.0,snow/ice covered,0.24457710981369,-8.10775470733643,100.0,484.432006835938
arenacam6_1769616039556234461.png,1769616039556234461,1769616039.5562346,42.301159861044496,-83.69745175719012,239.25132751464844,0.7112395143318481,0.7028744617034819,0.008554413364242178,0.005715448366591846,-0.0009700000000000002,0.022510000000000002,-0.015790000000000002,2.0172,-0.053700000000000005,-9.867600000000001,5.679926556105364,12.705654910414333,29.01999855041504,26.899999618530273,24.309999465942383,16.469999313354492,23.56450638732365,21.843047708243066,19.73994370454029,13.373791295837517,19.63032227398613,0.5450067243598687,-7.599999904632568,41.92499923706055,0.0,48.0,0.0,0.0,0.0,snow/ice covered,0.24457710981369,-8.10775470733643,100.0,484.432006835938
arenacam6_1769616039577306194.png,1769616039577306194,1769616039.577306,42.301160882201785,-83.69745175550558,239.25357055664062,0.7111470927784185,0.7029665379502475,0.00864436446807606,0.00575620690994324,-0.018670000000000003,0.007190000000000001,-0.027130000000000005,2.6646,-0.6409,-10.6183,5.706191063602384,12.764407037814719,28.920000076293945,27.099998474121094,24.3799991607666,16.369998931884766,23.48330670435139,22.00544862297226,19.796784102134744,13.292590064080583,19.644532373384745,0.5390086131841116,-7.700000286102295,42.125,0.0,60.0,0.0,0.0,0.0,snow/ice covered,0.24457710981369,-8.10775470733643,100.0,484.432006835938
arenacam6_1769616039597285946.png,1769616039597285946,1769616039.597286,42.301161910912704,-83.69745175745099,239.25672912597656,0.710971217112191,0.7031380772193456,0.008803086169115959,0.006267254278437273,-0.03132,-0.01682,-0.01983,1.7323000000000002,0.5687,-11.0808,5.75937890243279,12.883385042008005,28.849998474121094,26.939998626708984,25.56999969482422,16.649999618530273,23.42646475797226,21.875527271675033,20.763075507594454,13.519953203243064,19.896255185121202,0.5443344369703144,-7.700000286102295,42.07500076293945,0.0,76.0,0.0,0.0,0.0,snow/ice covered,0.24457710981369,-8.10775470733643,100.0,484.432006835938
arenacam6_1769616039618321021.png,1769616039618321021,1769616039.618321,42.30116295007899,-83.69745175462174,239.2600555419922,0.7108626442357989,0.7032457473688578,0.008834842217260379,0.006454874181641369,-0.031090000000000007,-0.0216,-0.030850000000000002,1.7619,0.5308,-10.494100000000001,5.77662241671319,12.921957748842404,29.389999389648438,26.939998626708984,25.350000381469727,16.579999923706055,23.864950480188906,21.875527271675033,20.584434036756935,13.463112805648613,19.947006148567368,0.5436520174626243,-7.700000286102295,42.275001525878906,0.0,68.0,0.0,0.0,0.0,snow/ice covered,0.24457710981369,-8.10775470733643,100.0,484.432006835938
arenacam6_1769616039638970253.png,1769616039638970253,1769616039.6389704,42.301163991335926,-83.69745175195169,239.26319885253906,0.7106256786482775,0.7034835088878935,0.008663470720676601,0.006858705674131151,0.0134,-0.03887,-0.024540000000000003,1.6636000000000002,0.6980000000000001,-10.464400000000001,5.83382745335923,13.049921983517397,29.729999542236328,26.8799991607666,25.260000228881836,17.029998779296875,24.14103373889168,21.82680715213474,20.511353083054164,13.828516025377809,20.0769274998646,0.5384710747867004,-7.900000095367432,42.45000076293945,0.0,128.0,0.0,0.0,0.0,snow/ice covered,0.24457710981369,-8.10775470733643,100.0,484.432006835938
arenacam6_1769616039660252299.png,1769616039660252299,1769616039.6602523,42.301165039427,-83.6974517529957,239.26727294921875,0.710505365111148,0.7036057745460567,0.008514909688351061,0.006966813239712901,0.005600000000000001,-0.03599,-0.034780000000000005,1.0932,-0.6443,-10.622,5.844510741976154,13.073819859156139,29.969999313354492,26.149999618530273,26.209999084472656,16.770000457763672,24.33591576583752,21.234040793243068,21.282760912783356,13.617394991108322,20.117528115743067,0.5387643651563645,-8.0,42.32500076293945,0.0,128.0,0.0,0.0,0.0,snow/ice covered,0.24457710981369,-8.10775470733643,100.0,484.432006835938
arenacam6_1769616039680405830.png,1769616039680405830,1769616039.6804059,42.30116609598441,-83.69745174792254,239.27084350585938,0.7102558289002547,0.7038578044350868,0.008292070509103243,0.007217355173688694,0.004660000000000001,-0.02014,-0.024930000000000004,2.7795,-0.053000000000000005,-9.1549,5.900576547174906,13.199235701437436,30.42999839782715,25.529998779296875,26.489999771118164,16.8799991607666,24.709439263620872,20.73059439537781,21.510124051945837,13.706714952134744,20.164218165769817,0.5276807401487553,-8.100000381469727,42.29999923706055,0.0,128.0,0.0,0.0,0.0,snow/ice covered,0.24457710981369,-8.10775470733643,100.0,484.432006835938
arenacam6_1769616039701060369.png,1769616039701060369,1769616039.7010603,42.301168221963145,-83.69745174350913,239.2779541015625,0.7100876695221748,0.7040292575965865,0.0079911605736721,0.007378847691314087,0.018790000000000005,-0.00824,-0.021920000000000002,0.0551,1.1278000000000001,-8.6754,5.912600555210685,13.22613268597299,31.389999389648438,25.149999618530273,25.760000228881836,17.219999313354492,25.488968920188906,20.422031573243064,20.917357693054164,13.982798210837517,20.20278909933091,0.5274902784513141,-8.100000381469727,42.42499923706055,0.0,132.0,0.0,0.0,0.0,snow/ice covered,0.24457710981369,-8.10775470733643,100.0,484.432006835938
arenacam6_1769616039722131573.png,1769616039722131573,1769616039.7221315,42.301168221963145,-83.69745174350913,239.2779541015625,0.7098639712674014,0.704255472144178,0.007795633635018714,0.007523320256605225,-0.008230000000000001,-0.038450000000000005,-0.033710000000000004,1.1229,-0.6837000000000001,-9.5762,5.943357961801377,13.294935159071974,32.21999740600586,24.59000015258789,25.459999084472656,17.5,26.16293496205284,19.967306843702776,20.673753997783358,14.210161350000002,20.253539288384747,0.5234026376250868,-8.300000190734863,41.97500228881836,0.0,144.0,0.0,0.0,0.0,snow/ice covered,0.24457710981369,-8.10775470733643,100.0,484.432006835938
arenacam6_1769616039742653242.png,1769616039742653242,1769616039.7426531,42.30117036916437,-83.69745173771098,239.28355407714844,0.7097125545460933,0.7044069780353759,0.007895892180648734,0.007520246099660632,-0.0051,0.00812,-0.018840000000000003,2.0687,0.32370000000000004,-8.797,5.973106992696315,13.361481956242097,32.21999740600586,24.260000228881836,25.229999542236328,17.489999771118164,26.16293496205284,19.69934386305416,20.486992248891678,14.202041071945839,20.13782803648613,0.5071552768200478,-8.5,42.45000076293945,0.0,160.0,0.0,0.0,0.0,snow/ice covered,0.24457710981369,-8.10775470733643,100.0,484.432006835938
arenacam6_1769616039762845830.png,1769616039762845830,1769616039.762846,42.30117036916437,-83.69745173771098,239.28355407714844,0.7094854436366118,0.7046339474613433,0.007875730763868804,0.007705726295415803,-0.015060000000000002,-0.026640000000000004,-0.035120000000000005,1.3806,-0.13820000000000002,-8.492600000000001,6.013164170964787,13.451087460597972,31.849998474121094,23.90999984741211,25.920000076293945,17.219999313354492,25.862492417972263,19.415140326297227,21.047279044351388,13.982798210837517,20.0769274998646,0.4925876854697125,-8.800000190734863,42.400001525878906,0.0,192.0,0.0,0.0,0.0,snow/ice covered,0.24457710981369,-8.10775470733643,100.0,484.432006835938
arenacam6_1769616039783559185.png,1769616039783559185,1769616039.783559,42.301172535400546,-83.69745174633087,239.28810119628906,0.7093015374256949,0.70481563578163,0.008181787553507182,0.007701098344492189,-0.027490000000000004,0.035820000000000005,-0.023620000000000006,0.8260000000000001,-0.9946,-9.1119,6.020910371234017,13.468415245828222,31.899999618530273,23.6299991607666,26.579999923706055,17.270000457763672,25.903093808243067,19.187777187134742,21.58320500564861,14.023399601108322,20.174368900533686,0.497902205441921,-9.0,42.400001525878906,0.0,172.0,0.0,0.0,0.0,snow/ice covered,0.24457710981369,-8.10775470733643,100.0,484.432006835938
arenacam6_1769616039804035324.png,1769616039804035324,1769616039.8040354,42.301173624385605,-83.69745174426501,239.28981018066406,0.7090338059924132,0.7050757609778795,0.008757169649324974,0.007908553667394923,-0.01755,0.030470000000000004,-0.022170000000000002,1.4547,1.5494,-9.1021,6.075141423127248,13.589726855050268,32.34000015258789,22.649999618530273,25.760000228881836,17.600000381469727,26.260378298702776,18.392008523243067,20.917357693054164,14.291362581756935,19.965276774189235,0.4691448170475671,-9.5,42.54999923706055,0.0,184.0,0.0,0.0,0.0,snow/ice covered,0.24457710981369,-8.10775470733643,100.0,484.432006835938
arenacam6_1769616039824957286.png,1769616039824957286,1769616039.8249571,42.30117472215859,-83.69745175305431,239.2917022705078,0.708933726059032,0.7051754939827312,0.008890345828264827,0.007839419195476434,-0.00898,0.028980000000000002,-0.028040000000000006,2.3571,-0.3854,-8.9296,6.098636986702821,13.64228502103501,32.82999801635742,21.68000030517578,26.059999465942383,17.69999885559082,26.65826108186394,17.60436013740555,21.160959839540293,14.372562264729195,19.949035830884746,0.46229431507444474,-9.800000190734863,42.32500076293945,0.0,172.0,0.0,0.0,0.0,snow/ice covered,0.24457710981369,-8.10775470733643,100.0,484.432006835938
arenacam6_1769616039845669511.png,1769616039845669511,1769616039.8456697,42.30117582809685,-83.69745175411268,239.29295349121094,0.7086925703005436,0.7054172529420907,0.009083626232128323,0.007669927438928491,0.01591,0.033400000000000006,-0.018750000000000003,1.4057000000000002,0.8107000000000001,-9.8609,6.14273016152335,13.740918807518042,33.31999969482422,20.719999313354492,26.489999771118164,17.60999870300293,27.056146962594454,16.824830480837516,21.510124051945837,14.29948131102642,19.92264570160106,0.44987725935043155,-10.40000057220459,42.5,0.0,156.0,0.0,0.0,0.0,snow/ice covered,0.24457710981369,-8.10775470733643,100.0,484.432006835938
arenacam6_1769616039866499750.png,1769616039866499750,1769616039.8665,42.30117582809685,-83.69745175411268,239.29295349121094,0.7085849025441792,0.7055269880479544,0.0090929297990191,0.007511567753010883,0.021170000000000005,0.023970000000000005,-0.030530000000000005,2.1255,-0.3322,-9.8239,6.163835786950182,13.78813082526034,34.04999923706055,18.969999313354492,26.420000076293945,17.719999313354492,27.64891332148613,15.403814345837517,21.453283654351388,14.388802820837519,19.72370353562814,0.4304842175919611,-10.800000190734863,42.25,0.0,152.0,0.0,0.0,0.0,snow/ice covered,0.24457710981369,-8.10775470733643,100.0,484.432006835938
arenacam6_1769616039887012519.png,1769616039887012519,1769616039.8870127,42.3011780503243,-83.69745176531427,239.29595947265625,0.7083814237446837,0.7057363858639868,0.009064526599065804,0.007053121197555459,0.025210000000000003,0.03665000000000001,-0.019280000000000002,1.4051,0.45930000000000004,-10.092,6.1965222847212065,13.861248559584256,34.619998931884766,17.600000381469727,25.59000015258789,18.0,28.111758329080583,14.291362581756935,20.779316063702773,14.61616596,19.44965073363507,0.40316730127364725,-11.300000190734863,42.45000076293945,0.0,152.0,0.0,0.0,0.0,snow/ice covered,0.24457710981369,-8.10775470733643,100.0,484.432006835938
arenacam6_1769616039907637173.png,1769616039907637173,1769616039.9076374,42.3011780503243,-83.69745176531427,239.29595947265625,0.708289408136724,0.705830654687023,0.00906084015623488,0.006863118903285998,0.027490000000000004,0.026680000000000002,-0.026180000000000002,2.0626,0.3335,-9.8414,6.216858227790344,13.906738844073333,33.81999969482422,18.09000015258789,25.389999389648438,18.15999984741211,27.462151572594454,14.689246913702775,20.616913600188905,14.746087311297225,19.37859984944584,0.39346830818675105,-12.199999809265137,42.22500228881836,0.0,152.0,0.0,0.0,0.0,snow/ice covered,0.24457710981369,-8.10775470733643,100.0,484.432006835938
arenacam6_1769616039928190938.png,1769616039928190938,1769616039.928191,42.30118029518714,-83.69745177550624,239.29908752441406,0.7080681381563991,0.7060561934682706,0.009009000764709162,0.006557537498774511,0.011270000000000002,0.015880000000000002,-0.017570000000000002,1.6619000000000002,0.34800000000000003,-10.4696,6.273453722684715,14.033339570422347,32.36000061035156,18.149999618530273,25.8799991607666,17.959999084472656,26.276618854811097,14.737967033243065,21.014797932134744,14.583684847783356,19.153267166993068,0.36484028415886405,-12.5,42.375,0.0,160.0,0.0,0.0,0.0,snow/ice covered,0.24457710981369,-8.10775470733643,100.0,484.432006835938
arenacam6_1769616039949025082.png,1769616039949025082,1769616039.949025,42.30118142745569,-83.69745178379951,239.3014678955078,0.7078822818516053,0.706244708040002,0.00893983792855593,0.0064161284173232,0.013280000000000002,0.0031800000000000005,-0.026270000000000005,1.8926,-0.3073,-10.486,6.3106207078024035,14.11647988611151,30.979999542236328,18.369998931884766,26.03999900817871,18.19999885559082,25.156045263891677,14.916608504080582,21.144719283431968,14.778566874729195,18.998984981533354,0.34587270585958857,-13.600000381469727,42.125,0.0,148.0,0.0,0.0,0.0,snow/ice covered,0.24457710981369,-8.10775470733643,100.0,484.432006835938
arenacam6_1769616039969729395.png,1769616039969729395,1769616039.9697292,42.30118256984336,-83.69745179808899,239.3040313720703,0.7077415279593562,0.7063851242458182,0.008947771499386983,0.006474815145652902,-0.011850000000000001,-0.0014500000000000003,-0.01832,1.7054,-0.9028,-11.081900000000001,6.34648564880043,14.196707607227633,29.869998931884766,18.60999870300293,25.989999771118164,18.309999465942383,24.254714534080584,15.111490531026423,21.104119441945837,14.86788838454029,18.834553222898286,0.32668459082086726,-14.0,42.20000076293945,0.0,148.0,0.0,0.0,0.0,snow/ice covered,0.24457710981369,-8.10775470733643,100.0,484.432006835938
arenacam6_1769616039990452878.png,1769616039990452878,1769616039.990453,42.301183713439485,-83.69745181005375,239.3064422607422,0.7076122638482139,0.7065103001826823,0.009066425612104656,0.00677345657709243,-0.030910000000000003,-0.027430000000000003,-0.015440000000000002,1.4109,0.037200000000000004,-10.4262,6.382512374665861,14.277297231385052,28.279998779296875,18.520000457763672,26.69999885559082,18.420000076293945,22.96361975037781,15.038411126108322,21.680645244729195,14.957209894351388,18.65997150389168,0.3069680627557727,-14.5,42.625,0.0,148.0,0.0,0.0,0.0,snow/ice covered,0.24457710981369,-8.10775470733643,100.0,484.432006835938
arenacam6_1769616040011326661.png,1769616040011326661,1769616040.0113268,42.3011860289037,-83.69745184567356,239.31369018554688,0.7075278680875756,0.7065901104746691,0.009215150170435022,0.007057808879655071,-0.024350000000000004,-0.016270000000000003,-0.008990000000000001,2.794,-0.5181,-10.323500000000001,6.44516841633415,14.417455037234514,26.809999465942383,18.779998779296875,26.959999084472656,18.43000030517578,21.76996675454029,15.249532160377807,21.891767827783358,14.965330172405547,18.46914922877675,0.28102700380048573,-15.0,42.07500076293945,0.0,144.0,0.0,0.0,0.0,snow/ice covered,0.24457710981369,-8.10775470733643,100.0,484.432006835938
arenacam6_1769616040032077236.png,1769616040032077236,1769616040.0320773,42.3011860289037,-83.69745184567356,239.31369018554688,0.7075018961894806,0.7066149162624512,0.009157647985195552,0.00725013703853876,-0.019010000000000003,-0.035230000000000004,-0.007710000000000002,1.8886,0.2846,-10.5793,6.463732915244156,14.458982707426264,25.549999237060547,19.439998626708984,26.8799991607666,18.779998779296875,20.74683495148613,15.785458121675035,21.82680715213474,15.249532160377807,18.40215809641843,0.2727145794957562,-15.40000057220459,42.42499923706055,0.0,136.0,0.0,0.0,0.0,snow/ice covered,0.24457710981369,-8.10775470733643,100.0,484.432006835938
arenacam6_1769616040052383882.png,1769616040052383882,1769616040.052384,42.3011860289037,-83.69745184567356,239.31369018554688,0.7075192327890626,0.7065976250701527,0.00907184268362361,0.0073507243942332965,-0.00204,-0.026470000000000004,0.00461,0.4058,1.3052000000000001,-10.253,6.4675043725067844,14.467419231035327,24.53999900817871,19.959999084472656,27.6299991607666,18.799999237060547,19.92670545343197,16.207703287783357,22.435814067134743,15.26577271648613,18.458998881209048,0.27590129147643927,-15.699999809265137,42.25,0.0,148.0,0.0,0.0,0.0,snow/ice covered,0.24457710981369,-8.10775470733643,100.0,484.432006835938
arenacam6_1769616040073567590.png,1769616040073567590,1769616040.0735674,42.301188359264785,-83.6974518759906,239.3212432861328,0.7075255521504052,0.7065947949046885,0.008960922457070733,0.00714777843694599,0.01972,-0.00234,0.00404,2.6171,0.7848,-8.9174,6.525895620509437,14.598036949342381,22.76999855041504,19.719999313354492,28.619998931884766,18.529998779296875,18.489448762323647,16.01282126083752,23.239703009080582,15.046529855377807,18.19712572190489,0.24654607910994783,-15.699999809265137,42.17499923706055,0.0,152.0,0.0,0.0,0.0,snow/ice covered,0.24457710981369,-8.10775470733643,100.0,484.432006835938
arenacam6_1769616040093768545.png,1769616040093768545,1769616040.0937684,42.301189540125954,-83.69745188962803,239.3245086669922,0.7075965528864596,0.7065309172573019,0.008547817395843517,0.00693657844492495,0.051370000000000006,-0.009190000000000002,0.006440000000000001,1.2996,0.1834,-9.5259,6.559721934149746,14.673704383376933,21.100000381469727,19.689998626708984,29.389999389648438,18.600000381469727,17.133394851756936,15.988460426675033,23.864950480188906,15.103371801756936,18.022544390094453,0.22822049015184226,-16.0,42.17499923706055,0.0,148.0,0.0,0.0,0.0,snow/ice covered,0.24457710981369,-8.10775470733643,100.0,484.432006835938
arenacam6_1769616040115022433.png,1769616040115022433,1769616040.1150224,42.30119072019961,-83.6974519059544,239.32789611816406,0.707661444512826,0.7064734076621207,0.008205295191776414,0.006578552052446923,0.05047000000000001,0.0066500000000000005,0.014130000000000002,1.171,0.3382,-9.7064,6.580308598884985,14.719755517189778,19.969999313354492,19.739999771118164,29.349998474121094,18.989999771118164,16.215823565837518,16.029061816945838,23.83246936797226,15.42005490194584,17.874352413175362,0.2143104138041991,-15.800000190734863,42.25,0.0,168.0,0.0,0.0,0.0,snow/ice covered,0.24457710981369,-8.10775470733643,100.0,484.432006835938
arenacam6_1769616040134985141.png,1769616040134985141,1769616040.1349852,42.30119190988958,-83.69745191757053,239.33139038085938,0.7077700999289983,0.7063743932480546,0.007792327230369917,0.005998486998647376,0.07154,0.008270000000000001,0.012770000000000002,2.9796,1.004,-8.9844,6.628816141853238,14.828263980357184,21.020000457763672,19.489999771118164,29.65999984741211,19.06999969482422,17.068434176108322,15.82605951194584,24.08419334129723,15.485015577594451,18.11592565173646,0.22171588499735384,-15.800000190734863,41.95000076293945,0.0,180.0,0.0,0.0,0.0,snow/ice covered,0.24457710981369,-8.10775470733643,100.0,484.432006835938
arenacam6_1769616040176652332.png,1769616040176652332,1769616040.1766522,42.3011943071265,-83.69745193141964,239.33688354492188,0.7078866175664532,0.7062814920360896,0.00636065541381579,0.0047468663671805435,0.08040000000000001,0.006270000000000001,0.0069900000000000006,1.0139,-0.013000000000000001,-8.797500000000001,6.688947410638019,14.962774020752612,23.529998779296875,20.079999923706055,31.1299991607666,19.15999984741211,19.106575955377807,16.305145075648614,25.277846337134743,15.558096531297227,19.061915974864597,0.27395601567107025,-15.5,42.125,0.0,192.0,0.0,0.0,0.0,snow/ice covered,0.24457710981369,-8.10775470733643,100.0,484.432006835938
arenacam6_1769616040197400329.png,1769616040197400329,1769616040.1974003,42.30119672901079,-83.69745194171158,239.3416748046875,0.7079648819779208,0.7062149397334143,0.005785000584679064,0.0035663078321669294,0.07714,0.02186,0.009290000000000001,2.4619,-0.37370000000000003,-9.6415,6.740975685230465,15.079158149319438,23.619998931884766,20.43000030517578,30.34000015258789,19.5,19.17965690908058,16.589348612405548,24.63635985870277,15.83417979,19.059886292547226,0.263988752144459,-15.199999809265137,42.42499923706055,0.0,192.0,0.0,0.0,0.0,snow/ice covered,0.24457710981369,-8.10775470733643,100.0,484.432006835938
arenacam6_1769616040217819116.png,1769616040217819116,1769616040.2178192,42.30119672901079,-83.69745194171158,239.3416748046875,0.7079811638123532,0.7062005664024965,0.005636269680744028,0.003415283851268865,0.04243,0.00020000000000000004,0.00436,2.0658000000000003,-1.8041,-10.7103,6.7613542880058075,15.124743861011712,23.0,20.850000381469727,29.869998931884766,19.529998779296875,18.67621206,16.930392546756934,24.254714534080584,15.85853907537781,18.929964554053832,0.2515890998227843,-15.199999809265137,42.57500076293945,0.0,196.0,0.0,0.0,0.0,snow/ice covered,0.24457710981369,-8.10775470733643,100.0,484.432006835938
arenacam6_1769616040238856086.png,1769616040238856086,1769616040.238856,42.30119794047722,-83.6974519444208,239.34375,0.7080542853170201,0.7061243958498027,0.005987346545069772,0.003408564405200488,-0.03279000000000001,0.016440000000000003,0.00727,2.2174,-0.3183,-9.3598,6.800891195931437,15.21318555182687,21.579999923706055,21.739999771118164,30.170000076293945,19.389999389648438,17.523158905648614,17.653080256945838,24.498318229351387,15.744858280188904,18.854853918033687,0.23937579370216178,-15.199999809265137,42.025001525878906,0.0,192.0,0.0,0.0,0.0,snow/ice covered,0.24457710981369,-8.10775470733643,100.0,484.432006835938
arenacam6_1769616040262195548.png,1769616040262195548,1769616040.2621953,42.30119916608788,-83.69745195715521,239.34637451171875,0.7080271711019902,0.7061491639604023,0.006153728166432787,0.0036076098724033634,-0.05160000000000001,-0.00446,-0.007540000000000001,2.3693,-0.8160000000000001,-9.4717,6.8242536416674415,15.265445941191567,20.279998779296875,22.709999084472656,30.369998931884766,19.40999984741211,16.467545990377808,18.440728642783355,24.660719144080584,15.761098836297226,18.83252315338474,0.2336700300754359,-15.40000057220459,42.400001525878906,0.0,196.0,0.0,0.0,0.0,snow/ice covered,0.24457710981369,-8.10775470733643,100.0,484.432006835938
arenacam6_1769616040280027042.png,1769616040280027042,1769616040.2800272,42.3012003983083,-83.69745197648594,239.34878540039062,0.7081024944217047,0.7060579261251413,0.0071214629304086905,0.004727273564632451,-0.10713000000000002,-0.0037800000000000004,0.012360000000000001,0.6927,1.2306000000000001,-9.9612,6.861498752105629,15.348761018535168,20.53999900817871,23.049999237060547,30.079999923706055,19.579999923706055,16.67866857343197,18.716811901486132,24.425237275648612,15.899140465648614,18.929964554053832,0.2333219946023006,-15.40000057220459,42.400001525878906,0.0,192.0,0.0,0.0,0.0,snow/ice covered,0.24457710981369,-8.10775470733643,100.0,484.432006835938
arenacam6_1769616040300816545.png,1769616040300816545,1769616040.3008165,42.301202872493974,-83.6974520023121,239.3538055419922,0.7080639105313175,0.7060897269920721,0.007603201295284603,0.0049987367827195135,-0.036410000000000005,0.018990000000000003,-0.0039900000000000005,2.2186,0.9209,-9.6339,6.895321244547402,15.424419904777865,21.729999542236328,22.899999618530273,30.029998779296875,19.559999465942383,17.644959978891677,18.595010828243066,24.384635885377808,15.882899909540292,19.12687665051321,0.24003863799042924,-15.5,42.32500076293945,0.0,192.0,0.0,0.0,0.0,snow/ice covered,0.24457710981369,-8.10775470733643,100.0,484.432006835938
arenacam6_1769616040321515306.png,1769616040321515306,1769616040.3215153,42.301202872493974,-83.6974520023121,239.3538055419922,0.7080816881181291,0.706066442642909,0.007854252145556608,0.005367704220825376,-0.05356000000000001,-0.01893,0.005560000000000001,2.9506,-1.6187,-10.009500000000001,6.954105502258354,15.555916762221804,23.53999900817871,21.8799991607666,30.329999923706055,19.729999542236328,19.11469623343197,17.766761052134743,24.628239580648614,16.020941538891677,19.38265960127675,0.24599918458990158,-15.40000057220459,42.275001525878906,0.0,188.0,0.0,0.0,0.0,snow/ice covered,0.24457710981369,-8.10775470733643,100.0,484.432006835938
arenacam6_1769616040342386617.png,1769616040342386617,1769616040.3423867,42.30120537691934,-83.6974520261332,239.3590545654297,0.7082098574426064,0.7059346139179925,0.007926648357926617,0.005682159746761091,-0.008990000000000001,-0.006620000000000001,0.01963,1.1654,2.1686,-10.267900000000001,6.981647505205058,15.617526570293403,25.229999542236328,21.510000228881836,29.44999885559082,19.78999900817871,20.486992248891678,17.46631850805416,23.913670599729194,16.06966165843197,19.48416075377675,0.24758300657148832,-15.199999809265137,42.35000228881836,0.0,188.0,0.0,0.0,0.0,snow/ice covered,0.24457710981369,-8.10775470733643,100.0,484.432006835938
arenacam6_1769616040362765850.png,1769616040362765850,1769616040.3627658,42.30120663882338,-83.69745204143722,239.3623046875,0.7083588088597313,0.7057928806940055,0.00741085873139104,0.005411713715942663,0.03182,-0.014590000000000002,0.028090000000000004,1.4766000000000001,-1.3756000000000002,-10.434000000000001,7.028492410549804,15.72231581285528,25.0,20.770000457763672,27.44999885559082,20.239999771118164,20.3002305,16.86543187110832,22.289652159729197,16.43506642694584,18.97259523944584,0.20673032301850755,-14.90000057220459,42.375,0.0,196.0,0.0,0.0,0.0,snow/ice covered,0.24457710981369,-8.10775470733643,100.0,484.432006835938
arenacam6_1769616040383691551.png,1769616040383691551,1769616040.3836915,42.301207908925235,-83.69745205994553,239.365478515625,0.7084607117656049,0.7056917325429424,0.007327422693510434,0.005376558544589115,0.016910000000000005,-0.007240000000000001,0.028950000000000004,1.4652,-1.0487,-9.7475,7.042706507295169,15.754111894428856,24.18000030517578,21.06999969482422,25.439998626708984,20.299999237060547,19.63438318740555,17.109034017594453,20.657513441675032,16.48378654648613,18.47117929829029,0.172467189649851,-14.5,42.17499923706055,0.0,196.0,0.0,0.0,0.0,snow/ice covered,0.24457710981369,-8.10775470733643,100.0,484.432006835938
arenacam6_1769616040404307739.png,1769616040404307739,1769616040.4043076,42.3012091791574,-83.69745207594087,239.36895751953125,0.7087134347582325,0.7054384064564517,0.007118178264215557,0.005590494394002596,-0.004130000000000001,-0.024350000000000004,0.023110000000000006,1.0832000000000002,0.11660000000000001,-10.165700000000001,7.093037369434751,15.866699013183373,25.619998931884766,23.510000228881836,22.899999618530273,20.31999969482422,20.803675349080585,19.090336948054162,18.595010828243066,16.50002710259445,18.747262556993064,0.18154775239741291,-13.800000190734863,41.79999923706055,0.0,200.0,0.0,0.0,0.0,snow/ice covered,0.24457710981369,-8.10775470733643,100.0,484.432006835938
arenacam6_1769616040425008589.png,1769616040425008589,1769616040.4250085,42.301210458625604,-83.69745209756503,239.3726043701172,0.7087898975800434,0.7053609460250205,0.007102834598767315,0.005689169695317341,-0.011800000000000001,-0.016290000000000002,0.02152,1.3389,-0.4325,-10.256,7.106165533847186,15.896065929284125,26.69999885559082,27.03999900817871,20.44999885559082,20.549999237060547,21.680645244729195,21.95672850343197,16.605587619729196,16.68678885148613,19.23243755484412,0.20988662480404352,-13.5,41.875,0.0,196.0,0.0,0.0,0.0,snow/ice covered,0.24457710981369,-8.10775470733643,100.0,484.432006835938
arenacam6_1769616040445513082.png,1769616040445513082,1769616040.445513,42.30121174671143,-83.69745212125888,239.37612915039062,0.7090352801272408,0.7051084046752304,0.007290787620660521,0.006160649893244119,-0.036770000000000004,-0.01284,0.023860000000000006,2.75,-0.8385,-10.380700000000001,7.167802374878984,16.033943844461795,26.25,27.959999084472656,20.529998779296875,20.5,21.315242025000003,22.703777047783355,16.670548295377806,16.64618901,19.33393909454029,0.2058130726969167,-13.100000381469727,42.04999923706055,0.0,192.0,0.0,0.0,0.0,snow/ice covered,0.24457710981369,-8.10775470733643,100.0,484.432006835938
arenacam6_1769616040466374866.png,1769616040466374866,1769616040.4663749,42.30121174671143,-83.69745212125888,239.37612915039062,0.7091318389786704,0.7050085816402494,0.007342956541756046,0.006404353953262652,-0.04190000000000001,-0.027230000000000004,0.027500000000000004,2.648,0.2165,-9.8758,7.1940142421894295,16.092578218923222,27.689998626708984,29.029998779296875,20.389999389648438,20.529998779296875,22.484534186675035,23.572626665377808,16.556867500188904,16.670548295377806,19.82114416190489,0.23169475346077587,-12.600000381469727,42.29999923706055,0.0,180.0,0.0,0.0,0.0,snow/ice covered,0.24457710981369,-8.10775470733643,100.0,484.432006835938
arenacam6_1769616040486886815.png,1769616040486886815,1769616040.486887,42.30121433518574,-83.69745216567587,239.38311767578125,0.70949961826107,0.7046353422545887,0.007386701443113203,0.00669049885620408,-0.005260000000000001,-0.0025700000000000007,0.03171,1.1751,0.5800000000000001,-8.8459,7.2451580426256035,16.206983831870918,30.229999542236328,29.809999465942383,20.56999969482422,20.850000381469727,24.54703834889168,24.205994414540292,16.703029407594453,16.930392546756934,20.59661367944584,0.27084804261621753,-12.100000381469727,42.875,0.0,180.0,0.0,0.0,0.0,snow/ice covered,0.24457710981369,-8.10775470733643,100.0,484.432006835938
arenacam6_1769616040507600982.png,1769616040507600982,1769616040.5076008,42.30121433518574,-83.69745216567587,239.38311767578125,0.7096050865014331,0.7045289138781377,0.007452708170924776,0.006639869117992256,-0.0021400000000000004,0.016080000000000004,0.030010000000000005,1.709,0.40080000000000005,-9.7247,7.2620574183555595,16.244786721416286,32.209999084472656,29.34000015258789,21.100000381469727,21.079999923706055,26.154816232783357,23.824350638702775,17.133394851756936,17.117154295648614,21.05742900472292,0.2962576465815889,-11.300000190734863,42.97500228881836,0.0,180.0,0.0,0.0,0.0,snow/ice covered,0.24457710981369,-8.10775470733643,100.0,484.432006835938
arenacam6_1769616040528221959.png,1769616040528221959,1769616040.5282218,42.301216955771245,-83.69745220015899,239.38941955566406,0.7099432831215094,0.7041907398499918,0.007102632467431983,0.0067445735377250245,0.026580000000000003,-0.05534,0.04583000000000001,0.5259,3.7169000000000003,-10.4618,7.324037292875112,16.383431981924055,32.31999969482422,27.329999923706055,21.10999870300293,21.279998779296875,26.24413774259445,22.192211920648614,17.141513581026423,17.279555210377808,20.714354613661822,0.2643477042243714,-10.800000190734863,42.95000076293945,0.0,180.0,0.0,0.0,0.0,snow/ice covered,0.24457710981369,-8.10775470733643,100.0,484.432006835938
arenacam6_1769616040549172170.png,1769616040549172170,1769616040.5491722,42.301216955771245,-83.69745220015899,239.38941955566406,0.7100516468368752,0.7040874208410501,0.006925002198238032,0.006293407836263179,0.08919,0.038040000000000004,0.030290000000000004,0.31870000000000004,2.2958000000000003,-8.7423,7.327143343045954,16.390380029793217,32.619998931884766,25.719999313354492,22.010000228881836,21.619998931884766,26.48773988908058,20.884876580837517,17.87232311805416,17.55563846908058,20.700144514263208,0.2629447564141906,-9.699999809265137,42.67499923706055,0.0,180.0,0.0,0.0,0.0,snow/ice covered,0.24457710981369,-8.10775470733643,100.0,484.432006835938
arenacam6_1769616040569595671.png,1769616040569595671,1769616040.5695956,42.301219598669036,-83.69745222469008,239.39556884765625,0.7102216736587057,0.7039251668267886,0.006474653109377039,0.0057107477985064515,0.03518,0.020430000000000004,0.026230000000000003,0.4828,1.7001000000000002,-8.7596,7.352770629389277,16.447706731706052,33.84000015258789,24.31999969482422,23.84000015258789,21.56999969482422,27.478392128702772,19.748063982594452,19.358299928702774,17.515038627594453,21.024948666898613,0.27829058542058416,-9.0,42.60000228881836,0.0,176.0,0.0,0.0,0.0,snow/ice covered,0.24457710981369,-8.10775470733643,100.0,484.432006835938
arenacam6_1769616040590553533.png,1769616040590553533,1769616040.5905535,42.301219598669036,-83.69745222469008,239.39556884765625,0.7102957106253567,0.7038535822457302,0.006340459881130354,0.005471452784079887,0.052890000000000006,0.014460000000000002,0.020690000000000004,1.8743,1.8126,-9.993400000000001,7.3714239723644415,16.489433140740914,34.43000030517578,22.26999855041504,24.8799991607666,21.619998931884766,27.957477692405547,18.083444152323647,20.202788712134744,17.55563846908058,20.94983725648613,0.2705007551002326,-8.300000190734863,42.10000228881836,0.0,172.0,0.0,0.0,0.0,snow/ice covered,0.24457710981369,-8.10775470733643,100.0,484.432006835938
arenacam6_1769616040611344535.png,1769616040611344535,1769616040.6113446,42.30122225769195,-83.6974522263545,239.40281677246094,0.7102383194229823,0.7039224318624757,0.005410173292007612,0.00504673845037513,0.06924000000000001,-0.025050000000000003,-0.0056300000000000005,0.3408,0.5524,-11.634400000000001,7.419752998425377,16.597542272297662,34.57999801635742,20.899999618530273,24.19999885559082,22.420000076293945,28.07927721686394,16.970992388243065,19.650622194729195,18.205246774351387,20.7265346435469,0.2487713122527052,-7.900000095367432,41.97500228881836,0.0,172.0,0.0,0.0,0.0,snow/ice covered,0.24457710981369,-8.10775470733643,100.0,484.432006835938
arenacam6_1769616040631737939.png,1769616040631737939,1769616040.631738,42.30122360076032,-83.69745223111047,239.4066925048828,0.7101328112198516,0.7040321609345179,0.005269845070596767,0.004726048221871424,0.00553,-0.007470000000000001,-0.014690000000000002,3.0499,-2.4015,-8.4796,7.470553571523551,16.711180106283894,34.5,21.510000228881836,22.529998779296875,23.899999618530273,28.014318090000003,17.46631850805416,18.294566735377806,19.407020048243066,20.795555845418757,0.2444097731673072,-7.599999904632568,42.17499923706055,0.0,244.0,0.0,0.0,0.0,snow/ice covered,0.24457710981369,-8.10775470733643,100.0,484.432006835938
arenacam6_1769616040652752693.png,1769616040652752693,1769616040.6527526,42.30122494201139,-83.69745222169308,239.4100341796875,0.7100993816568254,0.7040635053794053,0.0053975219773658165,0.0049310566780473054,-0.020210000000000002,0.00262,-0.004350000000000001,1.8852,1.8071000000000002,-6.1908,7.508638953757929,16.796374821219263,34.38999938964844,21.94999885559082,21.189998626708984,26.260000228881836,27.924996580188903,17.823601449729196,17.206474256675033,21.323362303054164,21.069608647411826,0.2544140549182127,-7.200000286102295,41.95000076293945,0.0,276.0,0.0,0.0,0.0,snow/ice covered,0.24457710981369,-8.10775470733643,100.0,484.432006835938
arenacam6_1769616040673164005.png,1769616040673164005,1769616040.6731641,42.30122629540188,-83.69745222663558,239.41305541992188,0.7099453142229872,0.7042162148375456,0.005483379029063531,0.0052063544949539145,-0.02645,-0.012790000000000001,-0.032970000000000006,0.9432,-0.3946,-9.4498,7.538053751908393,16.86217395979396,33.45000076293945,22.189998626708984,21.239999771118164,27.309999465942383,27.16170902851387,18.018483476675033,17.247075646945838,22.175971364540292,21.150809879168758,0.2543346978628372,-7.200000286102295,42.22500228881836,0.0,292.0,0.0,0.0,0.0,snow/ice covered,0.24457710981369,-8.10775470733643,100.0,484.432006835938
arenacam6_1769616040693959604.png,1769616040693959604,1769616040.6939597,42.30122901279741,-83.69745222773187,239.41795349121094,0.7097779155311387,0.7043719597916651,0.006609333322928186,0.005636452478947268,-0.06906000000000001,0.06062000000000001,0.0004500000000000001,1.7127000000000001,2.0014000000000003,-8.4864,7.571322255522731,16.93659360626902,33.439998626708984,22.799999237060547,21.899999618530273,26.299999237060547,27.153587201675034,18.513809596486134,17.783001608243065,21.35584186648613,21.20156006822259,0.2518196138552269,-7.200000286102295,42.25,0.0,264.0,0.0,0.0,0.0,snow/ice covered,0.24457710981369,-8.10775470733643,100.0,484.432006835938
arenacam6_1769616040714630797.png,1769616040714630797,1769616040.7146308,42.30122901279741,-83.69745222773187,239.41795349121094,0.7097094102398486,0.7044383533778347,0.006902696358831788,0.005613563067147988,-0.038020000000000005,0.04426,-0.018900000000000004,3.6481000000000003,0.3592,-8.1514,7.607474439812135,17.017463873393357,34.41999816894531,23.06999969482422,24.43000030517578,23.8799991607666,27.949355865566712,18.733052457594454,19.83738549240555,19.390779492134744,21.477643326925364,0.2620942513358559,-7.200000286102295,42.57500076293945,0.0,224.0,0.0,0.0,0.0,snow/ice covered,0.24457710981369,-8.10775470733643,100.0,484.432006835938
arenacam6_1769616040735220507.png,1769616040735220507,1769616040.7352204,42.30123175868345,-83.69745224555824,239.42295837402344,0.7095601015609421,0.7045790405776388,0.007577219769186582,0.00595177218054294,-0.040040000000000006,0.04028,-0.00302,1.7028,-0.1904,-10.8046,7.651046464061284,17.11493187731725,35.22999954223633,22.65999984741211,27.19999885559082,21.969999313354492,28.607084448891676,18.400128801297228,22.086649854729195,17.839842005837518,21.733426277688906,0.2698517547997159,-7.400000095367432,41.97500228881836,0.0,140.0,0.0,0.0,0.0,snow/ice covered,0.24457710981369,-8.10775470733643,100.0,484.432006835938
arenacam6_1769616040758807036.png,1769616040758807036,1769616040.758807,42.30123175868345,-83.69745224555824,239.42295837402344,0.7095375028484601,0.7045997970740229,0.007724311070706719,0.005999419413600739,-0.027450000000000002,0.014220000000000002,-0.006,2.1766,0.26280000000000003,-10.7581,7.672594495501762,17.163133530767713,36.369998931884766,22.389999389648438,26.15999984741211,22.239999771118164,29.532774464080582,18.180885940188904,21.24216107129723,18.059084866945838,21.75372658562814,0.2674682363002678,-7.400000095367432,42.025001525878906,0.0,140.0,0.0,0.0,0.0,snow/ice covered,0.24457710981369,-8.10775470733643,100.0,484.432006835938
arenacam6_1769616040776690659.png,1769616040776690659,1769616040.7766907,42.30123313605256,-83.69745224918685,239.4253387451172,0.7095652564171305,0.7045748122321358,0.0076731440685178795,0.005709966186091069,0.04483000000000001,0.01837,0.004370000000000001,0.8566,1.6656,-9.7644,7.698285597627083,17.220602984755928,36.959999084472656,22.489999771118164,24.779998779296875,22.869998931884766,30.011860027783356,18.262087171945836,20.12158748037781,18.570649994080583,21.741546168546897,0.262531061647087,-7.599999904632568,42.10000228881836,0.0,156.0,0.0,0.0,0.0,snow/ice covered,0.24457710981369,-8.10775470733643,100.0,484.432006835938
arenacam6_1769616040797261382.png,1769616040797261382,1769616040.7972612,42.30123592350274,-83.69745227225715,239.43150329589844,0.7095548794014005,0.7045934640256881,0.007523629477171582,0.0048289304650010224,0.026310000000000004,0.01335,0.007850000000000001,2.8088,-1.3433000000000002,-10.8871,7.75915810304664,17.356771127029152,37.939998626708984,22.420000076293945,23.439998626708984,23.25,30.807628691675035,18.205246774351387,19.033495001675035,18.879214365000003,21.73139620817536,0.25204141076295833,-7.700000286102295,42.25,0.0,156.0,0.0,0.0,0.0,snow/ice covered,0.24457710981369,-8.10775470733643,100.0,484.432006835938
arenacam6_1769616040817967009.png,1769616040817967009,1769616040.8179672,42.30123592350274,-83.69745227225715,239.43150329589844,0.7095773451680564,0.7045714541016064,0.007491446770554698,0.004789103745489801,0.010210000000000002,0.00103,0.006300000000000001,2.7106000000000003,-0.4045,-11.071900000000001,7.7858602361426605,17.416502196636966,38.43000030517578,22.479999542236328,22.489999771118164,24.1299991607666,31.205514572405548,18.25396689389168,18.262087171945836,19.593781797134746,21.828837608844452,0.2533422246551598,-7.700000286102295,42.125,0.0,156.0,0.0,0.0,0.0,snow/ice covered,0.24457710981369,-8.10775470733643,100.0,484.432006835938
arenacam6_1769616040859683301.png,1769616040859683301,1769616040.8596833,42.30123872993172,-83.69745228272157,239.43785095214844,0.7095853820223077,0.7045706587215815,0.00708832478707539,0.0043044326693976,0.05924000000000001,-0.00321,-0.009650000000000002,1.2527000000000001,-0.4484,-9.9237,7.854991377126571,17.57114441114951,39.599998474121094,22.689998626708984,23.709999084472656,22.850000381469727,32.15556387297226,18.424488086675034,19.252737862783356,18.55441098675694,22.096800202296894,0.25756181186899213,-7.700000286102295,41.85000228881836,0.0,152.0,0.0,0.0,0.0,snow/ice covered,0.24457710981369,-8.10775470733643,100.0,484.432006835938
arenacam6_1769616040900651007.png,1769616040900651007,1769616040.900651,42.301241568740274,-83.69745229164565,239.4456329345703,0.7095319531752508,0.7046178738190039,0.007396145640142962,0.004832840548755114,-0.00116,-0.03332,0.007360000000000001,2.8699000000000003,3.1789,-10.1097,7.954656864605148,17.794090126709843,37.62999725341797,23.09000015258789,25.920000076293945,22.899999618530273,30.555904718350067,18.749293013702776,21.047279044351388,18.595010828243066,22.236871901161823,0.249677378433817,-8.100000381469727,42.17499923706055,0.0,172.0,0.0,0.0,0.0,snow/ice covered,0.24457710981369,-8.10775470733643,100.0,484.432006835938
arenacam6_1769616040921663270.png,1769616040921663270,1769616040.9216633,42.30124444102751,-83.69745232340289,239.45469665527344,0.7093705184407336,0.7047822959903118,0.007208081387892158,0.004840081451257097,-0.01246,0.0029300000000000003,-0.005830000000000001,1.5694000000000001,-2.3802000000000003,-10.0309,7.99910612842926,17.89352046292855,36.86000061035156,23.149999618530273,27.149999618530273,22.709999084472656,29.930660344811095,18.798013133243067,22.046050013243068,18.440728642783355,22.303863033520148,0.2464770741860922,-8.300000190734863,42.82500076293945,0.0,172.0,0.0,0.0,0.0,snow/ice covered,0.24457710981369,-8.10775470733643,100.0,484.432006835938
arenacam6_1769616040942292859.png,1769616040942292859,1769616040.9422927,42.30124588224675,-83.69745232893841,239.45921325683594,0.7094104813779465,0.7047367485488026,0.00742663947238428,0.005265850559887287,-0.023780000000000003,0.0061600000000000005,-0.00521,2.0075000000000003,1.2003000000000001,-8.9891,8.05751277818559,18.024172634034475,36.30999755859375,23.189998626708984,27.93000030517578,23.189998626708984,29.484052795755616,18.830492696675037,22.67941776240555,18.830492696675037,22.45611398787781,0.2458887541653169,-8.699999809265137,42.32500076293945,0.0,180.0,0.0,0.0,0.0,snow/ice covered,0.24457710981369,-8.10775470733643,100.0,484.432006835938
arenacam6_1769616040962867466.png,1769616040962867466,1769616040.9628675,42.30124733395314,-83.69745234255721,239.4630126953125,0.7094317975708617,0.7047153125218574,0.007407308286018327,0.005290054494303199,-0.0006700000000000001,-0.006180000000000001,0.0059700000000000005,1.0895000000000001,2.1611000000000002,-7.984,8.068074192662205,18.047797884533797,36.70000076293945,23.119998931884766,28.799999237060547,23.239999771118164,29.80073899351387,18.77365229908058,23.38586491648613,18.871094086945842,22.707837574006607,0.25820544530068507,-8.699999809265137,42.45000076293945,0.0,180.0,0.0,0.0,0.0,snow/ice covered,0.24457710981369,-8.10775470733643,100.0,484.432006835938
arenacam6_1769616040983420282.png,1769616040983420282,1769616040.9834201,42.30124878933252,-83.69745236041621,239.4673614501953,0.7094040365751126,0.7047423931318729,0.0074966420508594655,0.005279448044822654,-0.045040000000000004,0.0216,0.008060000000000001,0.8112,-0.3204,-10.599300000000001,8.103806538045667,18.127728997215875,36.689998626708984,23.19999885559082,30.549999237060547,23.53999900817871,29.792617166675036,18.838612974729198,24.806881051486133,19.11469623343197,23.138201856580583,0.2763982658905721,-9.199999809265137,42.32500076293945,0.0,180.0,0.0,0.0,0.0,snow/ice covered,0.24457710981369,-8.10775470733643,100.0,484.432006835938
arenacam6_1769616041004290676.png,1769616041004290676,1769616041.0042906,42.30125024842916,-83.6974523607011,239.47096252441406,0.7094606512644446,0.704683848607747,0.007662843305876084,0.005247728201191657,-0.01896,0.027920000000000004,0.016430000000000004,1.5925,2.7855000000000003,-9.4412,8.119498134963784,18.162830158025887,36.439998626708984,23.43000030517578,31.709999084472656,23.15999984741211,29.589614861675035,19.02537627240555,25.748811622783357,18.80613341129723,23.292484042040293,0.2824259126680039,-9.40000057220459,42.17499923706055,0.0,184.0,0.0,0.0,0.0,snow/ice covered,0.24457710981369,-8.10775470733643,100.0,484.432006835938
arenacam6_1769616041024794585.png,1769616041024794585,1769616041.0247946,42.30125171503812,-83.69745237777417,239.47467041015625,0.7093424199250855,0.7048040804801666,0.007664977002428047,0.005078145417676363,-0.01665,0.005140000000000001,-0.00676,0.5214,-1.762,-9.7759,8.171381439212688,18.27888999663243,37.64999771118164,23.90999984741211,30.829999923706055,23.689998626708984,30.57214527445839,19.415140326297227,25.034244190648614,19.236497306675037,23.564506774519813,0.2891650849072984,-9.5,42.07500076293945,0.0,228.0,0.0,0.0,0.0,snow/ice covered,0.24457710981369,-8.10775470733643,100.0,484.432006835938
arenacam6_1769616041045620569.png,1769616041045620569,1769616041.0456204,42.301253187990014,-83.69745239178799,239.47865295410156,0.7093817105480229,0.7047612356975522,0.007946733665857367,0.0051028249101903725,-0.04311,0.03583000000000001,0.011830000000000002,1.118,-0.5125000000000001,-10.0036,8.18198383243228,18.302606914121068,38.77000045776367,23.809999465942383,28.25,24.389999389648438,31.481597831108324,19.33393909454029,22.939260465,19.804904380188905,23.38992544270938,0.2779559519831723,-9.600000381469727,42.04999923706055,0.0,248.0,0.0,0.0,0.0,snow/ice covered,0.24457710981369,-8.10775470733643,100.0,484.432006835938
arenacam6_1769616041066347640.png,1769616041066347640,1769616041.0663476,42.30125466382797,-83.69745240630026,239.48272705078125,0.7092868437091417,0.7048518993911673,0.008206478252722096,0.005350418719604569,-0.014650000000000003,-0.0068000000000000005,-0.024540000000000003,2.2026,-0.06570000000000001,-10.8132,8.24297207144089,18.439033945488987,39.98999786376953,23.6299991607666,27.34000015258789,26.260000228881836,32.47224697316116,19.187777187134742,22.200332198702775,21.323362303054164,23.79592966551321,0.2905193263302582,-9.5,42.275001525878906,0.0,248.0,0.0,0.0,0.0,snow/ice covered,0.24457710981369,-8.10775470733643,100.0,484.432006835938
arenacam6_1769616041087335233.png,1769616041087335233,1769616041.087335,42.30125466382797,-83.69745240630026,239.48272705078125,0.7092380266068771,0.7048988571454216,0.008285183420532022,0.0055116735706457615,-0.03393000000000001,-0.01139,-0.013760000000000003,1.8184,-1.4589,-10.6363,8.260697558277489,18.478684796013248,41.11000061035156,23.75,26.15999984741211,28.35999870300293,33.3816995298111,19.285218975,21.24216107129723,23.02858042602642,24.234415000533687,0.31147942984352606,-9.5,42.32500076293945,0.0,248.0,0.0,0.0,0.0,snow/ice covered,0.24457710981369,-8.10775470733643,100.0,484.432006835938
arenacam6_1769616041107582298.png,1769616041107582298,1769616041.107582,42.301257639455834,-83.6974524356853,239.49111938476562,0.7092749894676018,0.7048535173126121,0.008547407452130298,0.006119662868143029,-0.028700000000000003,-0.011330000000000002,-0.0017100000000000001,0.9606,1.0057,-9.3377,8.295049223709489,18.555527410484704,42.12999725341797,23.889999389648438,25.599998474121094,27.849998474121094,34.20994620835007,19.398899770188905,20.78743479297226,22.614455537972262,24.252684077370873,0.307032860928923,-9.40000057220459,42.60000228881836,0.0,236.0,0.0,0.0,0.0,snow/ice covered,0.24457710981369,-8.10775470733643,100.0,484.432006835938
arenacam6_1769616041128830598.png,1769616041128830598,1769616041.1288307,42.301257639455834,-83.6974524356853,239.49111938476562,0.7091974730855698,0.7049293322775607,0.008612287224169773,0.006277672540295311,-0.031520000000000006,-0.012870000000000003,-0.021970000000000003,1.3837000000000002,-0.6623,-10.725200000000001,8.308626604275249,18.585899196167475,42.56999969482422,23.989999771118164,24.139999389648438,26.299999237060547,34.567232247594454,19.48010100194584,19.601902075188907,21.35584186648613,23.751269297803834,0.27791876234330865,-9.40000057220459,42.35000228881836,0.0,292.0,0.0,0.0,0.0,snow/ice covered,0.24457710981369,-8.10775470733643,100.0,484.432006835938
arenacam6_1769616041149055509.png,1769616041149055509,1769616041.1490555,42.301260636861706,-83.69745247146348,239.5004119873047,0.7091457911395244,0.7049765598544477,0.00866478156515858,0.006724472121614595,-0.007760000000000001,-0.028890000000000002,-0.006240000000000001,3.3062,0.053200000000000004,-10.054,8.383441054621205,18.75325463272436,42.849998474121094,23.90999984741211,25.529998779296875,25.26999855041504,34.794593837972265,19.415140326297227,20.73059439537781,20.519471812323648,23.864950092992736,0.27257644394954705,-9.199999809265137,42.525001525878906,0.0,304.0,0.0,0.0,0.0,snow/ice covered,0.24457710981369,-8.10775470733643,100.0,484.432006835938
arenacam6_1769616041170383716.png,1769616041170383716,1769616041.1703837,42.301260636861706,-83.69745247146348,239.5004119873047,0.7091077505286655,0.705014168928245,0.008517324793466235,0.006976742001403606,-0.014870000000000001,-0.05688000000000001,-0.011380000000000001,1.9698,-0.1263,-9.4518,8.402607091893262,18.796127908139717,43.369998931884766,23.8799991607666,26.729999542236328,24.01999855041504,35.21683900408058,19.390779492134744,21.705006078891678,19.504460287323646,23.954271215607662,0.2744258462528443,-9.199999809265137,42.25,0.0,304.0,0.0,0.0,0.0,snow/ice covered,0.24457710981369,-8.10775470733643,100.0,484.432006835938
arenacam6_1769616041191004019.png,1769616041191004019,1769616041.1910038,42.301263657289574,-83.69745249453892,239.50991821289062,0.7090611284457337,0.7050583854814865,0.008555323131388657,0.007196918480856457,-0.008190000000000001,0.034050000000000004,-0.00525,1.1298000000000001,-0.654,-8.5997,8.41403666562203,18.821695178796546,43.599998474121094,24.010000228881836,26.809999465942383,24.18000030517578,35.40360075297226,19.496341558054162,21.76996675454029,19.63438318740555,24.076073063243065,0.2791660280613727,-9.199999809265137,42.32500076293945,0.0,288.0,0.0,0.0,0.0,snow/ice covered,0.24457710981369,-8.10775470733643,100.0,484.432006835938
arenacam6_1769616041212663831.png,1769616041212663831,1769616041.212664,42.301263657289574,-83.69745249453892,239.50991821289062,0.7090403551132395,0.7050768118780457,0.008614437881644123,0.007365842298428311,-0.032220000000000006,-0.015370000000000002,-0.00572,2.7998000000000003,-0.3694,-8.8877,8.441866396219655,18.883948616359596,43.47999954223633,24.010000228881836,27.01999855041504,24.260000228881836,35.306160513891676,19.496341558054162,21.940487947323646,19.69934386305416,24.110583470580913,0.2767765873760832,-9.199999809265137,42.400001525878906,0.0,276.0,0.0,0.0,0.0,snow/ice covered,0.24457710981369,-8.10775470733643,100.0,484.432006835938
arenacam6_1769616041235651942.png,1769616041235651942,1769616041.2356517,42.30126670261458,-83.69745251571881,239.5181884765625,0.7090306641731295,0.7050934790085683,0.008258575454968893,0.007106268589010221,0.05385000000000001,0.0018400000000000003,-0.01819,2.6985,-2.6785,-10.816500000000001,8.49376415311687,19.000040784673253,42.68000030517578,24.010000228881836,25.35999870300293,24.59000015258789,34.65655375740555,19.496341558054162,20.59255276602642,19.967306843702776,23.678188731297226,0.2462177844585308,-9.199999809265137,42.42499923706055,0.0,272.0,0.0,0.0,0.0,snow/ice covered,0.24457710981369,-8.10775470733643,100.0,484.432006835938
arenacam6_1769616041252795034.png,1769616041252795034,1769616041.2527952,42.30126822751182,-83.69745252728154,239.52232360839844,0.7090777602264272,0.7050439605794259,0.008278405692619301,0.00729462829339303,-0.025340000000000005,0.0019000000000000002,0.019140000000000004,0.4796,1.2142000000000002,-10.0599,8.512637814260367,19.04226003223159,42.36000061035156,24.010000228881836,24.739999771118164,25.049999237060547,34.3967110548111,19.496341558054162,20.08910791694584,20.34083034148613,23.580747717824305,0.23833765939078216,-9.199999809265137,42.5,0.0,276.0,0.0,0.0,0.0,snow/ice covered,0.24457710981369,-8.10775470733643,100.0,484.432006835938
arenacam6_1769616041294094610.png,1769616041294094610,1769616041.2940946,42.301271304897,-83.69745255046857,239.53077697753906,0.7090750603324115,0.7050530732202394,0.007885498343049403,0.0071092667107432944,0.008610000000000001,-0.016100000000000003,0.00572,0.4223,-0.5552,-10.9154,8.570355572459942,19.171371194258544,40.599998474121094,24.209999084472656,25.979999542236328,25.31999969482422,32.96757309297226,19.658742472783356,21.09599916389168,20.560073202594452,23.570596983060437,0.22946849989109677,-9.300000190734863,42.20000076293945,0.0,276.0,0.0,0.0,0.0,snow/ice covered,0.24457710981369,-8.10775470733643,100.0,484.432006835938
arenacam6_1769616041335083469.png,1769616041335083469,1769616041.3350835,42.30127439739616,-83.69745257050684,239.53970336914062,0.7091719631555368,0.7049540181199538,0.00780068435887139,0.007355836742800906,-0.00543,-0.0036700000000000005,0.015130000000000001,1.8465,0.16040000000000001,-9.6388,8.631674136111736,19.30853714203379,38.87999725341797,24.5,28.309999465942383,24.44999885559082,31.57091624335007,19.89422589,22.987980584540292,19.853624499729197,23.57668680440489,0.22104987192838849,-9.40000057220459,42.35000228881836,0.0,276.0,0.0,0.0,0.0,snow/ice covered,0.24457710981369,-8.10775470733643,100.0,484.432006835938
arenacam6_1769616041356451432.png,1769616041356451432,1769616041.3564513,42.30127751149734,-83.6974525949249,239.5496368408203,0.7092817666035992,0.7048418177332041,0.007418440137817249,0.007896472893115389,0.00116,-0.051100000000000007,0.01602,0.25520000000000004,0.9457000000000001,-10.628400000000001,8.67695068835747,19.40981807281436,38.5099983215332,24.51999855041504,27.329999923706055,24.799999237060547,31.270473699269488,19.910464897323646,22.192211920648614,20.13782803648613,23.37774463843197,0.20442883857706728,-9.40000057220459,42.375,0.0,312.0,0.0,0.0,0.0,snow/ice covered,0.24457710981369,-8.10775470733643,100.0,484.432006835938
arenacam6_1769616041376541980.png,1769616041376541980,1769616041.3765419,42.30127751149734,-83.6974525949249,239.5496368408203,0.7093549246881211,0.7047700676517383,0.007326333216311659,0.007814563614045863,0.024200000000000003,-0.0021600000000000005,0.019290000000000005,0.7905000000000001,-0.11180000000000001,-9.614700000000001,8.68470424683721,19.42716231792003,38.34000015258789,24.649999618530273,27.84000015258789,25.1299991607666,31.132433618702773,20.016026963243064,22.606336808702775,20.405791017134746,23.54014710194584,0.21171310131237783,-9.40000057220459,42.625,0.0,336.0,0.0,0.0,0.0,snow/ice covered,0.24457710981369,-8.10775470733643,100.0,484.432006835938
arenacam6_1769616041397617274.png,1769616041397617274,1769616041.397617,42.301280650172295,-83.69745262486175,239.55844116210938,0.7095472139075019,0.7045709318092498,0.007164955008487768,0.008438999068233321,-0.026730000000000004,-0.05228000000000001,0.03463,-0.3534,3.5112,-8.6163,8.728304494250546,19.52469345536882,38.7599983215332,24.779998779296875,28.60999870300293,24.69999885559082,31.473476004269486,20.12158748037781,23.23158273102642,20.056626804729195,23.720818255100728,0.21491373523091475,-9.40000057220459,42.35000228881836,0.0,336.0,0.0,0.0,0.0,snow/ice covered,0.24457710981369,-8.10775470733643,100.0,484.432006835938
arenacam6_1769616041417906473.png,1769616041417906473,1769616041.4179065,42.301280650172295,-83.69745262486175,239.55844116210938,0.7096151819630176,0.7045072548594121,0.006968824932643868,0.008201027807943996,0.023150000000000004,-0.00786,-0.00131,2.1254,-2.3309,-10.072000000000001,8.752277677327895,19.578320027521862,38.959999084472656,24.90999984741211,29.60999870300293,24.93000030517578,31.635878467783357,20.227149546297223,24.043591951026425,20.24339010240555,24.037502516878142,0.22776124218461374,-9.40000057220459,42.650001525878906,0.0,332.0,0.0,0.0,0.0,snow/ice covered,0.24457710981369,-8.10775470733643,100.0,484.432006835938
arenacam6_1769616041438798148.png,1769616041438798148,1769616041.4387982,42.301283805321276,-83.69745266931595,239.56710815429688,0.7097845778047001,0.704331433442455,0.007090683862849395,0.008532712221644352,-0.030580000000000006,0.005660000000000001,0.03331,0.1807,1.2167000000000001,-9.8171,8.760695186894935,19.597149491372758,38.939998626708984,25.0,30.119998931884766,25.03999900817871,31.61963791167503,20.3002305,24.457716839080582,20.332710063431968,24.177573828546898,0.23372911142973002,-9.40000057220459,42.54999923706055,0.0,300.0,0.0,0.0,0.0,snow/ice covered,0.24457710981369,-8.10775470733643,100.0,484.432006835938
arenacam6_1769616041459395317.png,1769616041459395317,1769616041.4593954,42.301283805321276,-83.69745266931595,239.56710815429688,0.7098907536885778,0.7042217056880167,0.007269046238939957,0.008606278644062203,-0.027360000000000002,0.00821,0.0056300000000000005,1.6277000000000001,-0.7087,-9.288400000000001,8.790339611460592,19.663462290460657,39.37999725341797,24.94999885559082,30.26999855041504,25.389999389648438,31.976920853350066,20.259629109729193,24.57951791232365,20.616913600188905,24.358245368897954,0.23875668532264935,-9.40000057220459,42.29999923706055,0.0,300.0,0.0,0.0,0.0,snow/ice covered,0.24457710981369,-8.10775470733643,100.0,484.432006835938
arenacam6_1769616041480389597.png,1769616041480389597,1769616041.4803896,42.30128696689547,-83.69745269000099,239.57516479492188,0.7100747438300444,0.7040312242034752,0.007556008792491339,0.008763575319490279,-0.017390000000000003,0.038430000000000006,0.028780000000000003,0.2011,1.6063,-8.584,8.794009412527165,19.67167141525852,39.55999755859375,25.170000076293945,29.90999984741211,25.599998474121094,32.123082760755615,20.43827212935139,24.287195646297228,20.78743479297226,24.408996332344124,0.24081964450723053,-9.300000190734863,42.35000228881836,0.0,312.0,0.0,0.0,0.0,snow/ice covered,0.24457710981369,-8.10775470733643,100.0,484.432006835938
arenacam6_1769616041500641777.png,1769616041500641777,1769616041.5006418,42.30128696689547,-83.69745269000099,239.57516479492188,0.7101337145137209,0.7039672678673414,0.007851445459433315,0.008862735837961721,-0.04252,-0.0005700000000000001,0.008360000000000001,1.4823000000000002,-0.8508,-9.3706,8.830700618851804,19.753747442334355,39.75,25.189998626708984,31.049999237060547,25.760000228881836,32.277366495,20.454511136675034,25.212885661486133,20.917357693054164,24.715530246553833,0.2511818488468601,-9.300000190734863,42.5,0.0,308.0,0.0,0.0,0.0,snow/ice covered,0.24457710981369,-8.10775470733643,100.0,484.432006835938
arenacam6_1769616041521640992.png,1769616041521640992,1769616041.521641,42.301290146993885,-83.69745271324601,239.58261108398438,0.7103221061376841,0.7037708728097868,0.008284128900205526,0.008968685803412724,-0.028690000000000007,0.03243,0.028790000000000007,0.784,1.4194,-10.1346,8.843063922982225,19.78140341187586,39.64999771118164,25.299999237060547,32.47999954223633,25.3799991607666,32.19616371445839,20.54383264648613,26.37405909389168,20.608793322134744,24.930712194242737,0.26031058945370195,-9.300000190734863,42.29999923706055,0.0,308.0,0.0,0.0,0.0,snow/ice covered,0.24457710981369,-8.10775470733643,100.0,484.432006835938
arenacam6_1769616041542073595.png,1769616041542073595,1769616041.5420735,42.30129173973201,-83.69745272237817,239.5863037109375,0.7104636190327601,0.7036277357982827,0.008607248182896965,0.008681631469521183,0.0091,0.039110000000000006,0.018920000000000003,0.7697,0.5588000000000001,-9.512500000000001,8.875574675364199,19.854128014309193,39.529998779296875,25.28999900817871,33.380001068115234,25.329999923706055,32.09872347537781,20.53571236843197,27.10486863091942,20.568193480648613,25.076874488844457,0.26305594840383545,-9.199999809265137,42.54999923706055,0.0,308.0,0.0,0.0,0.0,snow/ice covered,0.24457710981369,-8.10775470733643,100.0,484.432006835938
arenacam6_1769616041563127522.png,1769616041563127522,1769616041.5631275,42.30129173973201,-83.69745272237817,239.5863037109375,0.7105076474497436,0.7035844601680544,0.008716996679215997,0.008473741461293796,0.01416,0.044750000000000005,0.012830000000000001,1.8940000000000001,-0.1376,-9.8428,8.894603182742317,19.8966936436036,38.91999816894531,25.43000030517578,34.13999938964844,25.510000228881836,31.603397355566713,20.64939471240555,27.721994275188905,20.714355388054162,25.172285432803832,0.2651491691885315,-9.199999809265137,42.400001525878906,0.0,336.0,0.0,0.0,0.0,snow/ice covered,0.24457710981369,-8.10775470733643,100.0,484.432006835938
arenacam6_1769616041583530038.png,1769616041583530038,1769616041.58353,42.301294949727655,-83.6974527297898,239.59365844726562,0.7106702005279244,0.7034234292950928,0.008779020839075214,0.008140884069818171,0.029060000000000006,0.013890000000000003,0.0148,0.7048,2.6951,-10.0928,8.933229243686954,19.983097824373097,38.23999786376953,25.43000030517578,34.81999969482422,25.65999984741211,31.051230838161164,20.64939471240555,28.274160792594454,20.83615646129723,25.202735701114598,0.2612026384805655,-9.0,42.54999923706055,0.0,344.0,0.0,0.0,0.0,snow/ice covered,0.24457710981369,-8.10775470733643,100.0,484.432006835938
arenacam6_1769616041604502392.png,1769616041604502392,1769616041.6045022,42.301294949727655,-83.6974527297898,239.59365844726562,0.710702057741123,0.7033961619877447,0.008656501563911177,0.00784151797279515,0.0599,0.024620000000000003,0.008620000000000001,1.1426,1.6132,-10.4878,8.951474538619708,20.02391145441997,37.130001068115234,25.51999855041504,36.36000061035156,25.68000030517578,30.14990320591942,20.72247411732365,29.524655734811095,20.852397017405547,25.31235751886493,0.2641065446420367,-8.90000057220459,42.54999923706055,0.0,348.0,0.0,0.0,0.0,snow/ice covered,0.24457710981369,-8.10775470733643,100.0,484.432006835938
arenacam6_1769616041624822143.png,1769616041624822143,1769616041.624822,42.30129817473544,-83.69745273227596,239.60128784179688,0.7107316927122774,0.7033731565715999,0.008444063635797144,0.007440522707376596,0.03246,0.006670000000000001,0.008860000000000002,1.4009,-0.45170000000000005,-9.953700000000001,8.983238062257364,20.09496455098599,36.07999801635742,25.670000076293945,36.849998474121094,25.329999923706055,29.29729104686394,20.84427673935139,29.92253851797226,20.568193480648613,25.15807494620905,0.25195916033475335,-8.600000381469727,42.275001525878906,0.0,348.0,0.0,0.0,0.0,snow/ice covered,0.24457710981369,-8.10775470733643,100.0,484.432006835938
arenacam6_1769616041646382552.png,1769616041646382552,1769616041.6463826,42.30129817473544,-83.69745273227596,239.60128784179688,0.7108307336454712,0.7032781302841224,0.008275284062542071,0.007145575049925655,0.040170000000000004,0.00455,0.007140000000000001,1.3731,1.4709,-9.6326,9.009440775904926,20.153578449252766,35.689998626708984,25.729999542236328,36.540000915527344,25.60999870300293,28.980607946675036,20.892996858891678,29.670817642216644,20.795555071026424,25.084994379702447,0.24469182695604727,-8.600000381469727,42.57500076293945,0.0,348.0,0.0,0.0,0.0,snow/ice covered,0.24457710981369,-8.10775470733643,100.0,484.432006835938
arenacam6_1769616041666350164.png,1769616041666350164,1769616041.6663501,42.30130141942579,-83.6974527205842,239.60926818847656,0.7108900007831785,0.7032290311763736,0.007876959400822323,0.006503076797118314,0.032330000000000005,0.018030000000000004,0.005710000000000001,1.3130000000000002,-1.0406,-9.4137,9.046021099938958,20.235406439297453,35.73999786376953,25.760000228881836,35.82999801635742,25.829999923706055,29.021207788161167,20.917357693054164,29.094288741863938,20.974198090648613,25.00176307843197,0.23554538691539123,-8.300000190734863,42.650001525878906,0.0,364.0,0.0,0.0,0.0,snow/ice covered,0.24457710981369,-8.10775470733643,100.0,484.432006835938
arenacam6_1769616041687356611.png,1769616041687356611,1769616041.6873567,42.30130304946974,-83.69745271695871,239.61285400390625,0.7109396971510193,0.7031797298031554,0.007930471973711379,0.006334210531115891,0.01017,0.019550000000000005,0.010870000000000001,0.9796,1.5789,-8.9383,9.068928526130607,20.286648977242603,35.41999816894531,25.869998931884766,35.84000015258789,25.889999389648438,28.761365085566712,21.006677654080583,29.102410568702776,21.022918210188905,24.973342879634746,0.23102356173509178,-8.300000190734863,42.75,0.0,368.0,0.0,0.0,0.0,snow/ice covered,0.24457710981369,-8.10775470733643,100.0,484.432006835938
arenacam6_1769616041707623109.png,1769616041707623109,1769616041.7076232,42.30130468779401,-83.69745270584252,239.61654663085938,0.7109915831606208,0.7031313227556316,0.007808699390482828,0.00602792240320864,0.027770000000000003,-0.0034500000000000004,0.0032200000000000006,2.3198000000000003,-0.030500000000000003,-10.3009,9.113280691264183,20.385862109516502,34.97999954223633,26.029998779296875,36.22999954223633,25.85999870300293,28.404082143891678,21.136599005377807,29.41909366889168,20.998557376026422,24.989583048546898,0.22582910226206684,-8.100000381469727,42.67499923706055,0.0,368.0,0.0,0.0,0.0,snow/ice covered,0.24457710981369,-8.10775470733643,100.0,484.432006835938
arenacam6_1769616041728648592.png,1769616041728648592,1769616041.7286487,42.30130632235896,-83.69745269959009,239.62030029296875,0.710993273911615,0.7031318181887889,0.007731806812299236,0.005867696855517011,0.015290000000000003,0.017270000000000004,0.0016800000000000003,0.8397,-0.9226000000000001,-10.7794,9.131387697788679,20.426366396691407,35.040000915527344,26.06999969482422,36.13999938964844,25.899999618530273,28.452803812216647,21.169080117594454,29.346012715188905,21.031038488243063,24.999733783310766,0.2238952977637833,-8.0,42.525001525878906,0.0,364.0,0.0,0.0,0.0,snow/ice covered,0.24457710981369,-8.10775470733643,100.0,484.432006835938
arenacam6_1769616041749013105.png,1769616041749013105,1769616041.749013,42.30130796765309,-83.69745269853982,239.62417602539062,0.7110921156026844,0.7030293769997175,0.00792734672804775,0.005903844251104889,-0.024800000000000003,0.016620000000000003,0.011770000000000001,1.1255,0.0438,-10.2972,9.148694426434195,20.46508051026771,35.0099983215332,26.119998931884766,35.41999816894531,26.10999870300293,28.428441429269487,21.20967995908058,28.761365085566712,21.201559681026424,24.9002615387358,0.21671945176286395,-7.900000095367432,42.625,0.0,376.0,0.0,0.0,0.0,snow/ice covered,0.24457710981369,-8.10775470733643,100.0,484.432006835938
arenacam6_1769616041769764028.png,1769616041769764028,1769616041.7697642,42.30130961837889,-83.69745269023933,239.6285400390625,0.7111150849634944,0.7030037898327565,0.008082307488919737,0.005973585506086433,-0.009810000000000001,0.00841,0.006220000000000002,1.5802,0.9332,-9.953000000000001,9.181407061705103,20.538256712610615,34.93000030517578,26.10999870300293,34.29999923706055,26.34000015258789,28.363482302405547,21.201559681026424,27.851915626486132,21.388322978702774,24.70132014715522,0.20269799393385018,-7.800000190734863,42.5,0.0,372.0,0.0,0.0,0.0,snow/ice covered,0.24457710981369,-8.10775470733643,100.0,484.432006835938
arenacam6_1769616041790495427.png,1769616041790495427,1769616041.7904954,42.30131127019389,-83.69745269274502,239.63302612304688,0.711146474007782,0.7029678208357998,0.00823988351619966,0.006248175358088179,-0.04703000000000001,-0.018480000000000003,0.00429,2.2338,-1.3878000000000001,-10.865300000000001,9.224154337164933,20.633879802977727,34.63999938964844,26.209999084472656,34.27000045776367,26.279998779296875,28.1279988851889,21.282760912783356,27.827556341108323,21.33960131037781,24.6444793623646,0.19436962886679665,-7.800000190734863,42.47500228881836,0.0,376.0,0.0,0.0,0.0,snow/ice covered,0.24457710981369,-8.10775470733643,100.0,484.432006835938
arenacam6_1769616041811430622.png,1769616041811430622,1769616041.8114307,42.30131292904885,-83.69745268984393,239.6374969482422,0.7112428565421766,0.7028658132089938,0.008384986496180732,0.0065528345960741505,-0.015170000000000001,0.0021200000000000004,0.013420000000000001,0.3286,1.9263000000000001,-10.158100000000001,9.232243775624633,20.65197539144577,33.46999740600586,26.549999237060547,34.369998931884766,26.219999313354492,27.177946487052843,21.558844171486133,27.90875602408058,21.290881190837517,24.484106968364273,0.18555762847295496,-7.800000190734863,42.025001525878906,0.0,368.0,0.0,0.0,0.0,snow/ice covered,0.24457710981369,-8.10775470733643,100.0,484.432006835938
arenacam6_1769616041831720976.png,1769616041831720976,1769616041.831721,42.301314595091874,-83.69745268511164,239.64242553710938,0.7112277507852797,0.7028803513026092,0.008388566110665893,0.006627987948064753,-0.013460000000000001,-0.01386,-0.006020000000000001,1.695,-1.1334,-10.148900000000001,9.265598030197259,20.726586857669457,32.98999786376953,26.529998779296875,34.13999938964844,26.3799991607666,26.788182433161165,21.542603615377807,27.721994275188905,21.420802542134744,24.368395716465656,0.17570711877477413,-7.700000286102295,42.42499923706055,0.0,356.0,0.0,0.0,0.0,snow/ice covered,0.24457710981369,-8.10775470733643,100.0,484.432006835938
arenacam6_1769616041852598729.png,1769616041852598729,1769616041.8525987,42.30131625961827,-83.6974526784569,239.64755249023438,0.7113102516091855,0.7027931622138581,0.008510821733083066,0.006860248869425718,-0.022510000000000002,-0.006400000000000001,0.017890000000000003,1.2379,1.3534000000000002,-10.5443,9.28886308668959,20.77862939313941,33.38999938964844,26.6299991607666,34.04999923706055,26.489999771118164,27.112987360188903,21.623804847134743,27.64891332148613,21.510124051945837,24.473957395188904,0.17784272158343603,-7.700000286102295,42.5,0.0,364.0,0.0,0.0,0.0,snow/ice covered,0.24457710981369,-8.10775470733643,100.0,484.432006835938
arenacam6_1769616041873093181.png,1769616041873093181,1769616041.8730931,42.30131961757981,-83.697452669076,239.6579132080078,0.7113346146544125,0.7027751876924047,0.008136214690579567,0.006625976824034164,0.03581,-0.013070000000000002,-0.006180000000000001,1.6405,-0.39540000000000003,-10.3237,9.342627673863502,20.898897548772222,33.7599983215332,26.619998931884766,33.38999938964844,26.56999969482422,27.41342990426949,21.61568456908058,27.112987360188903,21.575084727594454,24.429296640283358,0.16892752755365037,-7.599999904632568,42.47500228881836,0.0,360.0,0.0,0.0,0.0,snow/ice covered,0.24457710981369,-8.10775470733643,100.0,484.432006835938
arenacam6_1769616041893938733.png,1769616041893938733,1769616041.8939388,42.30131961757981,-83.697452669076,239.6579132080078,0.7113508224116118,0.7027606162067804,0.008011171196423578,0.006583684306774046,0.023660000000000004,-0.011870000000000002,0.004240000000000001,1.1616,-1.1656,-9.926,9.354032662593706,20.924409824262366,33.849998474121094,26.549999237060547,32.349998474121094,26.849998474121094,27.48651085797226,21.558844171486133,26.26849702797226,21.80244631797226,24.27907459385073,0.16032302931184939,-7.300000190734863,42.375,0.0,356.0,0.0,0.0,0.0,snow/ice covered,0.24457710981369,-8.10775470733643,100.0,484.432006835938
arenacam6_1769616041914545318.png,1769616041914545318,1769616041.9145453,42.30132299450016,-83.69745264845693,239.6685333251953,0.7114545706579134,0.7026613117035915,0.007632240044250799,0.006420579168494031,0.05875000000000001,-0.007600000000000001,0.006960000000000001,1.4451,3.1059,-9.692,9.405832965594099,21.040283994056065,33.70000076293945,26.8799991607666,31.809999465942383,26.959999084472656,27.36471133351387,21.82680715213474,25.830012854540293,21.891767827783358,24.228324791993067,0.15152080641295682,-7.200000286102295,42.29999923706055,0.0,356.0,0.0,0.0,0.0,snow/ice covered,0.24457710981369,-8.10775470733643,100.0,484.432006835938
arenacam6_1769616041935279280.png,1769616041935279280,1769616041.9352794,42.30132299450016,-83.69745264845693,239.6685333251953,0.7114353571946673,0.702686464307599,0.007273119818097222,0.00621024478528706,0.08048000000000001,-0.021490000000000002,-0.006430000000000001,1.4246,0.17450000000000002,-9.6486,9.419880976676074,21.07170855196578,33.72999954223633,27.010000228881836,30.42999839782715,27.099998474121094,27.38907061889168,21.932369218054163,24.709439263620872,22.00544862297226,24.009081930884747,0.13939891830199685,-6.900000095367432,42.025001525878906,0.0,364.0,0.0,0.0,0.0,snow/ice covered,0.24457710981369,-8.10775470733643,100.0,484.432006835938
arenacam6_1769616041955944155.png,1769616041955944155,1769616041.9559443,42.30132469225502,-83.69745264154524,239.67430114746094,0.711456362379114,0.7026699326594799,0.006973652293521487,0.006014843330437421,0.005790000000000001,0.01157,0.013700000000000002,1.2451,0.4136,-8.7459,9.452300130989716,21.144228255016138,34.30999755859375,27.329999923706055,29.25,27.489999771118164,27.86003435575562,22.192211920648614,23.751269685,22.32213327194584,24.03141230833752,0.13654714745317986,-6.800000190734863,42.32500076293945,0.0,364.0,0.0,0.0,0.0,snow/ice covered,0.24457710981369,-8.10775470733643,100.0,484.432006835938
arenacam6_1769616041976786321.png,1769616041976786321,1769616041.9767864,42.301326392840544,-83.69745262200023,239.6796875,0.7114745906572233,0.7026519284374678,0.006959586883713996,0.005978165492196598,0.006980000000000001,0.0029500000000000004,0.004530000000000001,2.5286,0.2086,-8.943100000000001,9.477400428434654,21.200376114382617,33.64999771118164,27.69999885559082,29.25,27.439998626708984,27.32410839445839,22.492654464729195,23.751269685,22.281531881675036,23.962391106465656,0.1302814146872258,-6.700000286102295,42.25,0.0,364.0,0.0,0.0,0.0,snow/ice covered,0.24457710981369,-8.10775470733643,100.0,484.432006835938
arenacam6_1769616041997283647.png,1769616041997283647,1769616041.9972837,42.30132810096913,-83.69745261690139,239.68496704101562,0.7114560910119815,0.7026730076539816,0.006656323062924818,0.006047167910735744,0.02121,-0.007890000000000001,0.004950000000000001,1.4779,-0.0558,-10.9228,9.529999306383502,21.31803664842151,32.97999954223633,27.599998474121094,28.849998474121094,27.28999900817871,26.78006370389168,22.41145323297226,23.42646475797226,22.15973080843197,23.694428125817044,0.11147328042385611,-6.599999904632568,42.275001525878906,0.0,364.0,0.0,0.0,0.0,snow/ice covered,0.24457710981369,-8.10775470733643,100.0,484.432006835938
arenacam6_1769616042018410775.png,1769616042018410775,1769616042.0184107,42.301331536890615,-83.69745260528609,239.6961669921875,0.7114474761528293,0.7026797583892145,0.0066571126809304645,0.0062712579757013215,-0.03479000000000001,-0.015680000000000003,-0.0015400000000000001,1.8671,-1.5369000000000002,-9.4276,9.564768234471005,21.395812654417572,31.799999237060547,27.529998779296875,28.029998779296875,27.6299991607666,25.821892576486132,22.354612835377807,22.76061744537781,22.435814067134743,23.343234231094122,0.09101881794026964,-6.599999904632568,42.54999923706055,0.0,348.0,0.0,0.0,0.0,snow/ice covered,0.24457710981369,-8.10775470733643,100.0,484.432006835938
arenacam6_1769616042038675204.png,1769616042038675204,1769616042.0386753,42.301331536890615,-83.69745260528609,239.6961669921875,0.7115136951074318,0.7026072483675723,0.006980159683389756,0.006526376231234871,-0.028850000000000004,0.012690000000000002,0.010000000000000002,1.4575,0.8715,-8.0251,9.592261703751984,21.457313895590964,29.8799991607666,27.849998474121094,27.849998474121094,27.599998474121094,24.262834812134745,22.614455537972262,22.614455537972262,22.41145323297226,22.975799780262882,0.07076775276070019,-6.700000286102295,42.20000076293945,0.0,356.0,0.0,0.0,0.0,snow/ice covered,0.24457710981369,-8.10775470733643,100.0,484.432006835938
arenacam6_1769616042060119692.png,1769616042060119692,1769616042.0601199,42.30133499952567,-83.69745261271224,239.70571899414062,0.7114551971636575,0.7026581842904487,0.007289512513169015,0.007059850266936579,-0.08536000000000002,-0.029990000000000003,-0.008610000000000001,2.3838,-1.9405000000000001,-10.008700000000001,9.642618166427534,21.569958281208407,27.75,28.099998474121094,27.989999771118164,27.760000228881836,22.533255855,22.81745784297226,22.72813788194584,22.54137613305416,22.655056928243066,0.05030601510156787,-6.800000190734863,42.17499923706055,0.0,356.0,0.0,0.0,0.0,snow/ice covered,0.24457710981369,-8.10775470733643,100.0,484.432006835938
arenacam6_1769616042080118057.png,1769616042080118057,1769616042.080118,42.30133499952567,-83.69745261271224,239.70571899414062,0.7115131923459113,0.7025931505249542,0.0075187927282825764,0.007437049754996857,-0.08585000000000001,-0.020560000000000005,0.0171,-0.182,1.9414,-9.71,9.6406635818268,21.565585992731645,27.81999969482422,28.28999900817871,27.75,27.649999618530273,22.590096252594453,22.97174002843197,22.533255855,22.452054623243065,22.63678668981737,0.04967176395979953,-6.900000095367432,42.60000228881836,0.0,356.0,0.0,0.0,0.0,snow/ice covered,0.24457710981369,-8.10775470733643,100.0,484.432006835938
arenacam6_1769616042121307572.png,1769616042121307572,1769616042.1213076,42.301338480647544,-83.6974526140872,239.7144317626953,0.7115597182693367,0.7025369142731689,0.008065868888494889,0.007719661849430432,-0.02528,0.021910000000000002,0.00808,0.25720000000000004,1.1867,-9.7223,9.704841351911298,21.709147813744462,28.349998474121094,28.09000015258789,27.869998931884766,27.849998474121094,23.020460147972262,22.809339113702777,22.63069609408058,22.614455537972262,22.76873772343197,0.048808452491012136,-7.300000190734863,42.32500076293945,0.0,352.0,0.0,0.0,0.0,snow/ice covered,0.24457710981369,-8.10775470733643,100.0,484.432006835938
arenacam6_1769616042142727762.png,1769616042142727762,1769616042.1427276,42.30134198703322,-83.6974526110717,239.7233123779297,0.7116204100756776,0.7024749032156229,0.008318388295941843,0.007497114917342942,0.0036600000000000005,0.0029400000000000003,0.0038700000000000006,2.0516,1.7116,-9.7044,9.768520465692456,21.851594170526084,28.51999855041504,28.010000228881836,27.809999465942383,27.84000015258789,23.158501777323647,22.74437843805416,22.581975974540292,22.606336808702775,22.77279824965522,0.04215729396858729,-7.400000095367432,42.42499923706055,0.0,360.0,0.0,0.0,0.0,snow/ice covered,0.24457710981369,-8.10775470733643,100.0,484.432006835938
arenacam6_1769616042162676179.png,1769616042162676179,1769616042.1626763,42.30134375119854,-83.69745261528205,239.7273712158203,0.7117081744422413,0.7023974787935153,0.008154153344665783,0.006539571838988364,0.045410000000000006,0.028100000000000003,0.00406,1.8450000000000002,-1.2910000000000001,-10.1859,9.815315278150198,21.956271358305305,28.34000015258789,28.34000015258789,27.94999885559082,27.920000076293945,23.012341418702775,23.012341418702775,22.695656769729197,22.671297484351385,22.847909272871533,0.04060971464669716,-7.400000095367432,42.25,0.0,360.0,0.0,0.0,0.0,snow/ice covered,0.24457710981369,-8.10775470733643,100.0,484.432006835938
arenacam6_1769616042183924915.png,1769616042183924915,1769616042.183925,42.30134375119854,-83.69745261528205,239.7273712158203,0.7117390746610996,0.7023670840700434,0.008197325382230974,0.00638534823511938,0.015960000000000002,0.027130000000000005,0.008700000000000001,1.0226,-0.797,-10.177200000000001,9.82513201502604,21.978230809692352,28.81999969482422,28.389999389648438,28.229999542236328,28.049999237060547,23.402105472594453,23.052941260188906,22.923019908891682,22.77685800148613,23.038731160790295,0.04825230748920266,-7.300000190734863,42.150001525878906,0.0,360.0,0.0,0.0,0.0,snow/ice covered,0.24457710981369,-8.10775470733643,100.0,484.432006835938
arenacam6_1769616042204172910.png,1769616042204172910,1769616042.2041728,42.301347292250654,-83.69745261234499,239.7373046875,0.7118494332967686,0.7022612079676568,0.008120436152584412,0.005799880651246683,0.04931000000000001,0.00305,0.01012,2.2164,1.0718,-10.918800000000001,9.890376750380971,22.12417936799721,29.439998626708984,28.689998626708984,28.28999900817871,28.18000030517578,23.905550321675033,23.296543406675035,22.97174002843197,22.88242006740555,23.264063456046895,0.051522095761822206,-7.300000190734863,42.45000076293945,0.0,352.0,0.0,0.0,0.0,snow/ice covered,0.24457710981369,-8.10775470733643,100.0,484.432006835938
arenacam6_1769616042225131864.png,1769616042225131864,1769616042.2251318,42.301347292250654,-83.69745261234499,239.7373046875,0.711895308899022,0.7022185107215031,0.00790019532598572,0.005640858219441958,0.05362000000000001,-0.009140000000000002,0.01251,0.9686,0.8423,-10.6099,9.899657976616496,22.144940914212505,30.599998474121094,28.579999923706055,28.329999923706055,28.309999465942383,24.84748089297226,23.207223445648616,23.004221140648614,22.987980584540292,23.511726515952446,0.061719993159374195,-7.300000190734863,42.20000076293945,0.0,344.0,0.0,0.0,0.0,snow/ice covered,0.24457710981369,-8.10775470733643,100.0,484.432006835938
arenacam6_1769616042245593181.png,1769616042245593181,1769616042.245593,42.30135085862577,-83.69745262116115,239.74754333496094,0.7119520465732094,0.7021626322517046,0.00799444430142764,0.00529245783048922,-0.03218,0.01386,0.016610000000000003,1.9666000000000001,-1.231,-9.755,9.939569434409014,22.2342204506069,30.219999313354492,28.68000030517578,28.489999771118164,28.279998779296875,24.538918070837518,23.28842467740555,23.13414249194584,22.96361975037781,23.48127624764168,0.05608722823474298,-7.300000190734863,42.29999923706055,0.0,336.0,0.0,0.0,0.0,snow/ice covered,0.24457710981369,-8.10775470733643,100.0,484.432006835938
arenacam6_1769616042266414180.png,1769616042266414180,1769616042.2664142,42.30135085862577,-83.69745262116115,239.74754333496094,0.7120571183178792,0.7020538972880995,0.008100232623216661,0.005419574418518515,-0.03298,-0.0031300000000000004,0.030140000000000004,2.0466,1.9520000000000002,-9.6136,9.959555579848624,22.278928258786582,29.939998626708984,29.25,28.43000030517578,28.979999542236328,24.311554931675033,23.751269685,23.08542237240555,23.53202682389168,23.670068453243065,0.06244197109920813,-7.300000190734863,42.07500076293945,0.0,344.0,0.0,0.0,0.0,snow/ice covered,0.24457710981369,-8.10775470733643,100.0,484.432006835938
arenacam6_1769616042286821576.png,1769616042286821576,1769616042.2868216,42.30135444160527,-83.69745262088513,239.7581024169922,0.7121370863892306,0.7019722547288336,0.00820134539021461,0.0053349520865257575,-0.014390000000000002,0.029200000000000007,0.004200000000000001,0.63,-2.0854,-9.767100000000001,9.989102916598949,22.345023878256853,29.099998474121094,29.829999923706055,28.40999984741211,28.649999618530273,23.62946706297226,24.222234970648614,23.069181816297224,23.264063843243065,23.54623692329029,0.05375751897057918,-7.300000190734863,42.5,0.0,344.0,0.0,0.0,0.0,snow/ice covered,0.24457710981369,-8.10775470733643,100.0,484.432006835938
arenacam6_1769616042307775076.png,1769616042307775076,1769616042.307775,42.30135444160527,-83.69745262088513,239.7581024169922,0.7121980544315824,0.7019061521096286,0.008490012584727358,0.00544100917432435,-0.05559000000000001,0.025600000000000005,0.017870000000000004,1.8364,-2.4935,-9.4016,10.006922710546382,22.384885688129625,28.60999870300293,29.6299991607666,28.649999618530273,28.5,23.23158273102642,24.059832507134743,23.264063843243065,23.142262770000002,23.424435462851058,0.04643980716295061,-7.400000095367432,42.32500076293945,0.0,340.0,0.0,0.0,0.0,snow/ice covered,0.24457710981369,-8.10775470733643,100.0,484.432006835938
arenacam6_1769616042328325876.png,1769616042328325876,1769616042.328326,42.30135804792231,-83.69745264033702,239.76905822753906,0.7123357375788071,0.7017473712389689,0.009217405566131697,0.006592674865555032,-0.09048,-0.04053000000000001,0.010060000000000001,1.7343000000000002,0.5236000000000001,-10.3111,10.075368588841709,22.537995011123574,28.869998931884766,29.029998779296875,28.389999389648438,28.69999885559082,23.442705314080584,23.572626665377808,23.052941260188906,23.304663684729196,23.343234231094122,0.03572807694620239,-7.200000286102295,42.47500228881836,0.0,340.0,0.0,0.0,0.0,snow/ice covered,0.24457710981369,-8.10775470733643,100.0,484.432006835938
arenacam6_1769616042349210026.png,1769616042349210026,1769616042.34921,42.30135986107232,-83.69745265296832,239.77381896972656,0.7124514805208649,0.7016198094898038,0.009643490711347511,0.007038033959772642,-0.045880000000000004,0.011840000000000002,0.020430000000000004,0.7312000000000001,0.9119,-9.3369,10.084471384369033,22.558357418550468,29.03999900817871,28.849998474121094,28.81999969482422,28.68000030517578,23.58074694343197,23.42646475797226,23.402105472594453,23.28842467740555,23.424435462851058,0.038392779590786415,-7.200000286102295,42.525001525878906,0.0,336.0,0.0,0.0,0.0,snow/ice covered,0.24457710981369,-8.10775470733643,100.0,484.432006835938
arenacam6_1769616042369616251.png,1769616042369616251,1769616042.369616,42.30136168239118,-83.69745266726036,239.77867126464844,0.7125497135120757,0.7015117190920769,0.010009137253861086,0.007350572887272693,-0.056650000000000006,-0.006250000000000001,0.007710000000000002,2.6973000000000003,-1.6225,-9.0318,10.131146437830472,22.662766712640497,30.209999084472656,28.729999542236328,28.69999885559082,28.899999618530273,24.530797792783357,23.32902451889168,23.304663684729196,23.467066148243067,23.657888036161822,0.04390996633991209,-7.0,42.525001525878906,0.0,344.0,0.0,0.0,0.0,snow/ice covered,0.24457710981369,-8.10775470733643,100.0,484.432006835938
arenacam6_1769616042390572679.png,1769616042390572679,1769616042.3905728,42.30136350178087,-83.69745267548697,239.78396606445312,0.7126919729742622,0.7013562226116011,0.010312111410270032,0.007953679670557321,-0.05287000000000001,-0.019810000000000005,0.028870000000000003,1.6618000000000002,2.4609,-10.207,10.168698695301018,22.74676885946666,30.09000015258789,29.09000015258789,28.869998931884766,29.389999389648438,24.433357553702773,23.621348333702773,23.442705314080584,23.864950480188906,23.84059042041876,0.04808689830674033,-7.0,42.525001525878906,0.0,340.0,0.0,0.0,0.0,snow/ice covered,0.24457710981369,-8.10775470733643,100.0,484.432006835938
arenacam6_1769616042410969811.png,1769616042410969811,1769616042.41097,42.30136717233652,-83.6974526873857,239.7943115234375,0.712922326157623,0.7011272576974245,0.009974609433646801,0.007926698325263661,0.025490000000000006,-0.024820000000000002,0.007490000000000002,1.1745,0.8596,-11.103900000000001,10.215225521306355,22.85084657763104,29.920000076293945,29.25,29.19999885559082,29.149999618530273,24.29531592435139,23.751269685,23.710668294729196,23.670068453243065,23.85683058933091,0.04402392744103592,-6.800000190734863,42.72500228881836,0.0,340.0,0.0,0.0,0.0,snow/ice covered,0.24457710981369,-8.10775470733643,100.0,484.432006835938
arenacam6_1769616042432016923.png,1769616042432016923,1769616042.4320168,42.30136717233652,-83.6974526873857,239.7943115234375,0.7130003131747575,0.7010518190856271,0.009786944837813576,0.00781767741548858,0.04181,-0.011710000000000002,0.021540000000000004,0.5047,1.9182000000000001,-10.4907,10.219962662202887,22.861443277588126,29.92999839782715,29.85999870300293,29.299999237060547,29.059999465942383,24.303434653620872,24.246594256026423,23.79186952648613,23.59698749954029,23.984721483918428,0.04913417725605672,-6.599999904632568,42.79999923706055,0.0,332.0,0.0,0.0,0.0,snow/ice covered,0.24457710981369,-8.10775470733643,100.0,484.432006835938
arenacam6_1769616042452418769.png,1769616042452418769,1769616042.4524188,42.30137085969488,-83.69745268122273,239.80575561523438,0.7132189858269996,0.7008475283388638,0.008900279817641655,0.007225323271619736,0.07088000000000001,-0.02721,0.01335,1.8136,0.7999,-10.9445,10.273336159430388,22.980836588476212,30.76999855041504,30.010000228881836,29.01999855041504,29.25,24.98552252232365,24.368396878054163,23.56450638732365,23.751269685,24.167423868175366,0.051633772127084816,-6.400000095367432,42.42499923706055,0.0,320.0,0.0,0.0,0.0,snow/ice covered,0.24457710981369,-8.10775470733643,100.0,484.432006835938
arenacam6_1769616042473242680.png,1769616042473242680,1769616042.4732425,42.30137085969488,-83.69745268122273,239.80575561523438,0.7132772041637294,0.7007939844775158,0.008589108067266068,0.007046173650245097,0.06917000000000001,-0.019430000000000003,0.01566,-0.0196,1.5346,-9.6539,10.27278960511446,22.97961397926474,31.01999855041504,30.0,29.439998626708984,29.079999923706055,25.188524827323647,24.360276600000002,23.905550321675033,23.613228055648616,24.266894951161827,0.05601838973703571,-6.400000095367432,42.35000228881836,0.0,312.0,0.0,0.0,0.0,snow/ice covered,0.24457710981369,-8.10775470733643,100.0,484.432006835938
arenacam6_1769616042493808837.png,1769616042493808837,1769616042.493809,42.301374561364426,-83.69745265877101,239.81834411621094,0.7133738908329629,0.7007109283350956,0.007981520924422059,0.006179167690045586,0.056220000000000006,-0.0014000000000000002,0.00032,1.8051000000000001,0.3861,-9.4443,10.310779688403018,23.06459551617625,32.040000915527344,30.369998931884766,29.849998474121094,29.479999542236328,26.016776152216647,24.660719144080584,24.23847397797226,23.93803143389168,24.71350017704029,0.07149072524196615,-5.800000190734863,42.22500228881836,0.0,316.0,0.0,0.0,0.0,snow/ice covered,0.24457710981369,-8.10775470733643,100.0,484.432006835938
arenacam6_1769616042514868753.png,1769616042514868753,1769616042.5148687,42.301374561364426,-83.69745265877101,239.81834411621094,0.713392886830104,0.7006950921845755,0.007868070520569675,0.005922016121489284,0.05288,0.019340000000000003,0.005230000000000001,0.1862,0.912,-8.748000000000001,10.312325986245732,23.06805449167253,32.22999954223633,30.09000015258789,30.260000228881836,29.59000015258789,26.17105678889168,24.433357553702773,24.57139918305416,24.027352943702773,24.800791617337843,0.07511414221302554,-5.800000190734863,41.75,0.0,316.0,0.0,0.0,0.0,snow/ice covered,0.24457710981369,-8.10775470733643,100.0,484.432006835938
arenacam6_1769616042535152495.png,1769616042535152495,1769616042.5351524,42.301378288646504,-83.69745262957721,239.83090209960938,0.7134454264622951,0.700648583674872,0.007721005885423486,0.0052508782643287824,0.024750000000000005,0.009580000000000002,0.0026600000000000005,1.7969000000000002,1.1683000000000001,-11.116,10.361183596514193,23.17734603438646,32.97999954223633,30.85999870300293,29.67999839782715,29.799999237060547,26.78006370389168,25.058603476026423,24.100432348620874,24.197874136486128,25.034243416256274,0.08011691153572445,-5.099999904632568,41.900001525878906,0.0,312.0,0.0,0.0,0.0,snow/ice covered,0.24457710981369,-8.10775470733643,100.0,484.432006835938
arenacam6_1769616042556029333.png,1769616042556029333,1769616042.5560296,42.301378288646504,-83.69745262957721,239.83090209960938,0.7134163310071057,0.7006804857916509,0.007609377137446583,0.005108117335766131,0.03602,0.004200000000000001,-0.008530000000000001,2.3545000000000003,0.9870000000000001,-11.669,10.38431790005778,23.229096083355252,33.0099983215332,31.59000015258789,30.299999237060547,30.189998626708984,26.804422989269487,25.651371383702777,24.60387874648613,24.514557236675035,25.393557589033357,0.09317889503367478,-4.800000190734863,41.75,0.0,312.0,0.0,0.0,0.0,snow/ice covered,0.24457710981369,-8.10775470733643,100.0,484.432006835938
arenacam6_1769616042576858724.png,1769616042576858724,1769616042.5768585,42.30138015355263,-83.69745261807677,239.837158203125,0.7134109073728464,0.7006884493074181,0.007465941981669385,0.00498336823285253,-0.02466,-0.012060000000000003,-0.009930000000000001,0.7389,-2.7219,-9.5855,10.419846167791428,23.30857068657936,32.48999786376953,31.84000015258789,29.709999084472656,30.42999839782715,26.382177823161165,25.854373688702776,24.124793182783357,24.709439263620872,25.267695989567045,0.08405171339466622,-4.200000286102295,42.22500228881836,0.0,312.0,0.0,0.0,0.0,snow/ice covered,0.24457710981369,-8.10775470733643,100.0,484.432006835938
arenacam6_1769616042597344601.png,1769616042597344601,1769616042.5973444,42.30138202885048,-83.69745260882961,239.8434600830078,0.7133396094026279,0.7007565271566784,0.007701632444693801,0.0052513010106611906,-0.07115000000000002,-0.0036600000000000005,-0.019910000000000004,1.0055,-1.2677,-9.5824,10.429502776571661,23.330171941024215,31.76999855041504,31.489999771118164,29.719999313354492,30.229999542236328,25.797531742323645,25.57017015194584,24.132913460837518,24.54703834889168,25.01191342599967,0.07208440165922002,-3.6000001430511475,42.125,0.0,320.0,0.0,0.0,0.0,snow/ice covered,0.24457710981369,-8.10775470733643,100.0,484.432006835938
arenacam6_1769616042618239692.png,1769616042618239692,1769616042.6182396,42.30138391059434,-83.6974525913176,239.84934997558594,0.7133272516880367,0.7007629392872389,0.008113955286435805,0.005449646806137739,0.006820000000000001,-0.00941,-0.023940000000000003,3.3929,-0.8032,-8.2219,10.501020969801324,23.490153848187376,31.84000015258789,31.399999618530273,29.92999839782715,29.889999389648438,25.854373688702776,25.497089198243067,24.303434653620872,24.270955090188902,24.981463157688903,0.06348657054949877,-2.9000000953674316,42.275001525878906,0.0,324.0,0.0,0.0,0.0,snow/ice covered,0.24457710981369,-8.10775470733643,100.0,484.432006835938
arenacam6_1769616042638882430.png,1769616042638882430,1769616042.6388824,42.30138579393764,-83.69745259758248,239.8558349609375,0.7132329424094664,0.7008571267820998,0.008017449994895126,0.005811901259801327,-0.03778000000000001,-0.06472000000000001,-0.027360000000000002,0.8325,-2.8757,-10.0663,10.5087835066194,23.507518177297204,31.939998626708984,31.779998779296875,30.209999084472656,29.920000076293945,25.935573371675037,25.805652020377806,24.530797792783357,24.29531592435139,25.141834777296896,0.06952314521990086,-2.200000047683716,42.17499923706055,0.0,308.0,0.0,0.0,0.0,snow/ice covered,0.24457710981369,-8.10775470733643,100.0,484.432006835938
arenacam6_1769616042659719939.png,1769616042659719939,1769616042.65972,42.30138768406142,-83.69745259090932,239.86109924316406,0.7132626738695292,0.7008060806237293,0.009129697112846818,0.006621484420002106,-0.08526,0.022430000000000002,0.013500000000000002,3.4445,3.3649,-8.7477,10.536137274040694,23.568706913792592,31.670000076293945,32.54999923706055,30.829999923706055,29.920000076293945,25.716332059351387,26.43089949148613,25.034244190648614,24.29531592435139,25.36919791645938,0.07639328747446586,-1.8000000715255737,42.20000076293945,0.0,300.0,0.0,0.0,0.0,snow/ice covered,0.24457710981369,-8.10775470733643,100.0,484.432006835938
arenacam6_1769616042680490134.png,1769616042680490134,1769616042.6804903,42.30139147752243,-83.69745258326728,239.8717041015625,0.7131646593038267,0.7009111152985861,0.008808582235356766,0.006495078902702008,0.05976000000000001,-0.008890000000000002,-0.025850000000000005,2.5532,0.6928000000000001,-7.7986,10.59379848120568,23.697691574548234,31.42999839782715,31.53999900817871,30.0,29.94999885559082,25.521448483620873,25.610769993431973,24.360276600000002,24.319675209729194,24.953042571695512,0.05297355623007386,-1.3000000715255737,42.150001525878906,0.0,232.0,0.0,0.0,0.0,snow/ice covered,0.24457710981369,-8.10775470733643,100.0,484.432006835938
arenacam6_1769616042700853873.png,1769616042700853873,1769616042.7008538,42.30139147752243,-83.69745258326728,239.8717041015625,0.7131062483457075,0.7009742891644672,0.00848540502771944,0.006520920348809051,0.04255000000000001,-0.04995,-0.01734,0.4786,-1.5652000000000001,-9.7177,10.59811857663675,23.707355368821815,31.959999084472656,30.170000076293945,30.209999084472656,30.189998626708984,25.951813927783355,24.498318229351387,24.530797792783357,24.514557236675035,24.873871796648285,0.04920483156719312,-1.3000000715255737,41.97500228881836,0.0,200.0,0.0,0.0,0.0,snow/ice covered,0.24457710981369,-8.10775470733643,100.0,484.432006835938
arenacam6_1769616042721699022.png,1769616042721699022,1769616042.721699,42.301393386409835,-83.69745256987775,239.87603759765625,0.7130862947035337,0.70099957500457,0.008459693368588095,0.0059971441125680255,0.02959,0.025250000000000005,0.0005200000000000001,3.0394,1.3492,-9.610100000000001,10.638195935773167,23.797006016568428,32.189998626708984,30.329999923706055,31.420000076293945,30.459999084472656,26.138575676675035,24.628239580648614,25.513329754351386,24.73380009778336,25.253486277364598,0.06120434897491347,-1.3000000715255737,42.150001525878906,0.0,200.0,0.0,0.0,0.0,snow/ice covered,0.24457710981369,-8.10775470733643,100.0,484.432006835938
arenacam6_1769616042742294480.png,1769616042742294480,1769616042.7422945,42.30139721719046,-83.69745255034199,239.88668823242188,0.7129826144289985,0.7011156446269315,0.007600823488895323,0.005905240354400625,0.08206000000000002,-0.07746000000000001,-0.020210000000000002,1.8301,1.635,-12.7758,10.695561428340714,23.925329181512478,31.65999984741211,31.049999237060547,30.489999771118164,30.399999618530273,25.708211781297226,25.212885661486133,24.758160931945838,24.685079978243067,25.091084588243067,0.04872473845130579,-1.100000023841858,42.20000076293945,0.0,196.0,0.0,0.0,0.0,snow/ice covered,0.24457710981369,-8.10775470733643,100.0,484.432006835938
arenacam6_1769616042763203301.png,1769616042763203301,1769616042.7632034,42.30139721719046,-83.69745255034199,239.88668823242188,0.7128825847534387,0.7012274495626474,0.006852068598482605,0.005615468906751161,0.055810000000000005,-0.017660000000000006,-0.009570000000000002,0.8799,-2.6252,-12.7012,10.701493983917599,23.938599952384635,31.3799991607666,31.099998474121094,31.420000076293945,31.0,25.48084864213474,25.25348550297226,25.513329754351386,25.172285820000003,25.354987429864597,0.0591675152388713,-1.100000023841858,42.17499923706055,0.0,204.0,0.0,0.0,0.0,snow/ice covered,0.24457710981369,-8.10775470733643,100.0,484.432006835938
arenacam6_1769616042783864668.png,1769616042783864668,1769616042.7838645,42.30140108577629,-83.69745252411292,239.8997802734375,0.7128287513744679,0.7012866817348911,0.006352732342905018,0.00563950591472169,0.03925000000000001,-0.03901000000000001,-0.014110000000000001,4.240200000000001,1.4562000000000002,-11.092400000000001,10.757614799666682,24.064138849966387,30.799999237060547,31.15999984741211,31.25,31.189998626708984,25.00988335648613,25.302207171297226,25.375288125,25.326566456675035,25.253486277364598,0.049424059377876806,-1.2000000476837158,41.79999923706055,0.0,216.0,0.0,0.0,0.0,snow/ice covered,0.24457710981369,-8.10775470733643,100.0,484.432006835938
arenacam6_1769616042825030434.png,1769616042825030434,1769616042.8250303,42.301404958035036,-83.697452511051,239.91372680664062,0.712487567465451,0.7016319202631704,0.005288323709267729,0.006793254545955119,-0.048490000000000005,-0.03071,-0.010190000000000001,-0.3995,0.5456,-8.5889,10.782067220103576,24.118837447338496,31.059999465942383,31.06999969482422,31.729999542236328,32.75,25.22100593954029,25.22912621759445,25.76505217889168,26.593301955,25.702121572756607,0.06564512609179782,-1.100000023841858,42.22500228881836,0.0,216.0,0.0,0.0,0.0,snow/ice covered,0.24457710981369,-8.10775470733643,100.0,484.432006835938
arenacam6_1769616042866423659.png,1769616042866423659,1769616042.8664236,42.30140885195405,-83.69745250299687,239.92715454101562,0.7120558053211304,0.702058792549398,0.00482332534247587,0.008168074754699741,-0.07121000000000001,-0.09615000000000003,-0.014610000000000001,-1.7405000000000002,0.6434000000000001,-10.2163,10.853417387143109,24.278443489995908,31.510000228881836,31.619998931884766,32.099998474121094,31.65999984741211,25.58641070805416,25.675730669080583,26.06549472297226,25.708211781297226,25.758961970351056,0.060980782436287774,-1.100000023841858,42.650001525878906,0.0,160.0,0.0,0.0,0.0,snow/ice covered,0.24457710981369,-8.10775470733643,100.0,484.432006835938
arenacam6_1769616042887874305.png,1769616042887874305,1769616042.8878744,42.30141081113797,-83.69745250451145,239.93275451660156,0.7117914761196062,0.7023227115247751,0.0051066082624176695,0.008344216680642797,-0.026680000000000002,-0.00192,-0.04309,2.2983000000000002,-1.5675000000000001,-7.452,10.88272032051793,24.343992393779377,32.16999816894531,32.31999969482422,32.189998626708984,31.28999900817871,26.12233512056671,26.24413774259445,26.138575676675035,25.40776768843197,25.978204057067042,0.06712997756708368,-1.2000000476837158,42.25,0.0,156.0,0.0,0.0,0.0,snow/ice covered,0.24457710981369,-8.10775470733643,100.0,484.432006835938
arenacam6_1769616042907735109.png,1769616042907735109,1769616042.907735,42.30141277051086,-83.69745251141826,239.9375457763672,0.7116652979488539,0.7024463677660069,0.0051828086803237805,0.0086453803789004,-0.05313000000000001,-0.031360000000000006,-0.03527,0.9579000000000001,-1.2964,-7.3905,10.892494809752005,24.365857339726652,32.529998779296875,32.709999084472656,32.34000015258789,31.739999771118164,26.41465893537781,26.560820842783354,26.260378298702776,25.77317245694584,26.252257633452444,0.07741982017805554,-1.399999976158142,42.275001525878906,0.0,156.0,0.0,0.0,0.0,snow/ice covered,0.24457710981369,-8.10775470733643,100.0,484.432006835938
arenacam6_1769616042949098706.png,1769616042949098706,1769616042.9490988,42.30141473059753,-83.69745251602421,239.94322204589844,0.7114470308800934,0.7026546593058267,0.006255738003792588,0.008967594423245122,-0.039220000000000005,0.042910000000000004,-0.010590000000000002,1.7096,1.8189000000000002,-9.105500000000001,10.920371258627705,24.42821528327466,33.029998779296875,32.41999816894531,31.639999389648438,32.380001068115234,26.82066354537781,26.325337425566712,25.691971225188905,26.29285941091942,26.28270790176321,0.07591600929431266,-2.0,42.150001525878906,0.0,164.0,0.0,0.0,0.0,snow/ice covered,0.24457710981369,-8.10775470733643,100.0,484.432006835938
arenacam6_1769616042970289836.png,1769616042970289836,1769616042.97029,42.30141866818814,-83.69745252322593,239.9514617919922,0.7111801195893813,0.7029308083607047,0.0065518808962063925,0.008257664011181092,0.01857,0.039020000000000006,-0.023260000000000003,1.3171000000000002,-0.8314,-9.9869,10.958035667674205,24.512468306447136,31.8799991607666,32.23999786376953,32.38999938964844,31.119998931884766,25.886853252134745,26.179175518161166,26.300978140188906,25.269726059080583,25.90918324239135,0.05697977529161588,-2.0,42.10000228881836,0.0,148.0,0.0,0.0,0.0,snow/ice covered,0.24457710981369,-8.10775470733643,100.0,484.432006835938
arenacam6_1769616042990355108.png,1769616042990355108,1769616042.9903553,42.301422620447774,-83.69745252325978,239.95947265625,0.7110087480797885,0.7031103268374406,0.0066700069811946525,0.007611797122233378,0.034620000000000005,0.012230000000000001,-0.013570000000000002,1.7069,1.3497000000000001,-10.0663,11.010683626172138,24.630238630729504,32.04999923706055,31.849998474121094,32.45000076293945,31.599998474121094,26.02489488148613,25.862492417972263,26.349699808513872,25.65949011297226,25.974144305236134,0.0545632421453655,-2.200000047683716,42.25,0.0,164.0,0.0,0.0,0.0,snow/ice covered,0.24457710981369,-8.10775470733643,100.0,484.432006835938
arenacam6_1769616043011234249.png,1769616043011234249,1769616043.0112343,42.301422620447774,-83.69745252325978,239.95947265625,0.7109800520238427,0.703144292023495,0.00657420003928095,0.00722842394961575,0.06804,0.0404,-0.008530000000000001,1.0809,1.7002000000000002,-8.746400000000001,11.021658237967673,24.654788178839407,31.739999771118164,32.04999923706055,31.59000015258789,32.099998474121094,25.77317245694584,26.02489488148613,25.651371383702777,26.06549472297226,25.87873336127675,0.049643305533966245,-2.799999952316284,42.04999923706055,0.0,164.0,0.0,0.0,0.0,snow/ice covered,0.24457710981369,-8.10775470733643,100.0,484.432006835938
arenacam6_1769616043031743069.png,1769616043031743069,1769616043.031743,42.30142659429888,-83.69745253894698,239.96751403808594,0.7107172801857559,0.7034203843105735,0.006508082764474806,0.006193176927674349,0.013510000000000003,0.04929000000000001,-0.026430000000000002,0.5431,-2.9234,-9.1135,11.051120337857052,24.720693128565955,31.90999984741211,31.920000076293945,32.27000045776367,32.31999969482422,25.911214086297225,25.919334364351386,26.203537901108323,26.24413774259445,26.069556023587843,0.05456412115982347,-2.9000000953674316,42.20000076293945,0.0,188.0,0.0,0.0,0.0,snow/ice covered,0.24457710981369,-8.10775470733643,100.0,484.432006835938
arenacam6_1769616043052853759.png,1769616043052853759,1769616043.0528538,42.30142659429888,-83.69745253894698,239.96751403808594,0.7106743495489127,0.7034622631944564,0.0068144021784953285,0.006031341269821629,-0.01946,0.06616000000000001,-0.011340000000000001,1.3621,-1.298,-9.3848,11.064679799935341,24.751024831667362,31.869998931884766,31.989999771118164,31.65999984741211,32.099998474121094,25.87873297408058,25.976174761945842,25.708211781297226,26.06549472297226,25.907153560073976,0.046710337703973405,-3.4000000953674316,42.10000228881836,0.0,184.0,0.0,0.0,0.0,snow/ice covered,0.24457710981369,-8.10775470733643,100.0,484.432006835938
arenacam6_1769616043073101122.png,1769616043073101122,1769616043.073101,42.30143059513113,-83.6974525642259,239.97515869140625,0.7106214352969262,0.7035197858322649,0.0069287571975487515,0.005392491331269537,0.06095000000000001,0.038610000000000005,-0.01897,0.17800000000000002,-0.0419,-11.1119,11.12799307172546,24.89265282186555,31.76999855041504,31.849998474121094,31.689998626708984,31.69999885559082,25.797531742323645,25.862492417972263,25.732571066675035,25.740691344729196,25.783321642925035,0.03578038979747177,-3.700000047683716,42.150001525878906,0.0,176.0,0.0,0.0,0.0,snow/ice covered,0.24457710981369,-8.10775470733643,100.0,484.432006835938
arenacam6_1769616043094385581.png,1769616043094385581,1769616043.0943856,42.30143059513113,-83.6974525642259,239.97515869140625,0.7105326465628383,0.7036096937403168,0.007106113033429829,0.005124470765114255,0.013250000000000001,0.06307000000000001,-0.024810000000000002,0.22030000000000002,-3.3625000000000003,-11.187000000000001,11.130014117282432,24.897173779513764,31.779998779296875,32.16999816894531,31.760000228881836,31.809999465942383,25.805652020377806,26.12233512056671,25.789413013054162,25.830012854540293,25.886853252134742,0.03975067537325539,-4.200000286102295,42.125,0.0,176.0,0.0,0.0,0.0,snow/ice covered,0.24457710981369,-8.10775470733643,100.0,484.432006835938
arenacam6_1769616043114566728.png,1769616043114566728,1769616043.1145666,42.301434615846595,-83.6974525986871,239.9826202392578,0.7105163954991575,0.7036125675315066,0.00842562179995755,0.004981509398777417,-0.06547000000000001,0.053160000000000006,0.011870000000000002,3.6289000000000002,1.3773,-9.0619,11.188456804294892,25.02790656379942,32.040000915527344,32.13999938964844,31.899999618530273,32.040000915527344,26.016776152216647,26.097975835188905,25.903093808243067,26.016776152216647,26.00865548696632,0.03918621482251589,-4.800000190734863,42.22500228881836,0.0,180.0,0.0,0.0,0.0,snow/ice covered,0.24457710981369,-8.10775470733643,100.0,484.432006835938
arenacam6_1769616043136580019.png,1769616043136580019,1769616043.13658,42.301434615846595,-83.6974525986871,239.9826202392578,0.7105195423813152,0.7036069117485224,0.008628870153963,0.004983596474394326,-0.028860000000000004,0.028560000000000006,0.00144,2.4136,2.5077000000000003,-8.8876,11.212172783827555,25.080957787055212,32.22999954223633,32.21999740600586,32.07999801635742,32.189998626708984,26.17105678889168,26.16293496205284,26.04925416686394,26.138575676675035,26.130455398620875,0.0418443992640237,-5.300000190734863,42.20000076293945,0.0,176.0,0.0,0.0,0.0,snow/ice covered,0.24457710981369,-8.10775470733643,100.0,484.432006835938
arenacam6_1769616043156350775.png,1769616043156350775,1769616043.1563506,42.30143866131663,-83.69745264515883,239.99246215820312,0.7104103496248071,0.703709058675627,0.009203933579381577,0.005097400365728427,-0.062090000000000006,0.025260000000000005,0.009600000000000001,0.32,-1.7672,-12.990400000000001,11.242741522771649,25.149338221948813,31.989999771118164,32.189998626708984,32.29999923706055,32.97999954223633,25.976174761945842,26.138575676675035,26.227897186486132,26.78006370389168,26.280677832249673,0.044984866015818054,-5.900000095367432,41.97500228881836,0.0,176.0,0.0,0.0,0.0,snow/ice covered,0.24457710981369,-8.10775470733643,100.0,484.432006835938
arenacam6_1769616043177238711.png,1769616043177238711,1769616043.1772387,42.30143866131663,-83.69745264515883,239.99246215820312,0.7104619008853318,0.703651767359962,0.009558157050165267,0.0051690729737105924,-0.060320000000000006,0.040040000000000006,0.015050000000000001,1.6512,0.06670000000000001,-12.2363,11.25861754252027,25.184851925565294,32.18000030517578,32.29999923706055,32.22999954223633,33.18000030517578,26.130456947405552,26.227897186486132,26.17105678889168,26.94246616740555,26.367969272547228,0.04697733981040184,-6.200000286102295,42.17499923706055,0.0,172.0,0.0,0.0,0.0,snow/ice covered,0.24457710981369,-8.10775470733643,100.0,484.432006835938
arenacam6_1769616043217989117.png,1769616043217989117,1769616043.2179892,42.301442735086454,-83.69745269957969,240.0050048828125,0.7105799511351284,0.7035218488560437,0.009958779158073805,0.0058278593542618945,-0.026150000000000007,-0.03227000000000001,0.020880000000000003,0.8616,0.0757,-12.4319,11.341478756427241,25.370207489402354,32.2599983215332,32.130001068115234,32.439998626708984,32.61000061035156,26.195416074269485,26.08985710591942,26.341577981675034,26.479621159811096,26.276618080418757,0.03572736215874581,-6.599999904632568,42.375,0.0,168.0,0.0,0.0,0.0,snow/ice covered,0.24457710981369,-8.10775470733643,100.0,484.432006835938
arenacam6_1769616043239549964.png,1769616043239549964,1769616043.2395499,42.30144682612234,-83.69745275245012,240.01904296875,0.7107639772733971,0.703332307383174,0.009966769339477795,0.006236786872735976,-0.020760000000000004,-0.020700000000000003,0.02477,1.4771,0.4292,-9.6148,11.37862813878447,25.453308428772534,32.45000076293945,32.45000076293945,32.55999755859375,32.439998626708984,26.349699808513872,26.349699808513872,26.439018220755614,26.341577981675034,26.369998954864595,0.036014592313501785,-6.599999904632568,42.150001525878906,0.0,164.0,0.0,0.0,0.0,snow/ice covered,0.24457710981369,-8.10775470733643,100.0,484.432006835938
arenacam6_1769616043259343023.png,1769616043259343023,1769616043.2593431,42.30144682612234,-83.69745275245012,240.01904296875,0.7108663918304791,0.7032292917157779,0.00988628881161894,0.0063085285427439955,0.0011200000000000003,-0.021840000000000005,0.028730000000000002,1.8065,1.4717,-8.4898,11.395965320888303,25.49209066490788,32.55999755859375,32.34000015258789,32.48999786376953,32.57999801635742,26.439018220755614,26.260378298702776,26.382177823161165,26.45525877686394,26.384208279870872,0.034995859174119064,-6.5,42.150001525878906,0.0,156.0,0.0,0.0,0.0,snow/ice covered,0.24457710981369,-8.10775470733643,100.0,484.432006835938
arenacam6_1769616043281275176.png,1769616043281275176,1769616043.281275,42.301450937885086,-83.6974527977682,240.03372192382812,0.7111191599892561,0.7029835638762941,0.009235280887893011,0.006193448383627638,0.027370000000000005,-0.03483,0.02552,0.8549,-0.2353,-9.742,11.431064002509023,25.570604309772538,32.5099983215332,32.57999801635742,32.72999954223633,32.689998626708984,26.398418379269486,26.45525877686394,26.57706139889168,26.544580286675036,26.493829710425032,0.036104950413692716,-6.5,42.025001525878906,0.0,168.0,0.0,0.0,0.0,snow/ice covered,0.24457710981369,-8.10775470733643,100.0,484.432006835938
arenacam6_1769616043300746284.png,1769616043300746284,1769616043.3007462,42.301450937885086,-83.6974527977682,240.03372192382812,0.7112397526760943,0.7028649486438168,0.009030743646437845,0.006109324869851105,0.04043000000000001,-0.0177,0.03338000000000001,0.9627,1.1913,-10.7349,11.440195469860898,25.591030854350638,32.790000915527344,32.55999755859375,32.72999954223633,32.75,26.625783067216645,26.439018220755614,26.57706139889168,26.593301955,26.558791160465983,0.03781638620277852,-6.400000095367432,41.875,0.0,168.0,0.0,0.0,0.0,snow/ice covered,0.24457710981369,-8.10775470733643,100.0,484.432006835938
arenacam6_1769616043321629038.png,1769616043321629038,1769616043.3216288,42.301453001694526,-83.69745282265515,240.040283203125,0.7116001538387549,0.702512298819718,0.008287934411486177,0.005744667691588748,0.05068000000000001,-0.022310000000000003,0.037270000000000005,1.8741,0.5876,-8.992,11.496464995534275,25.716902407110442,32.790000915527344,32.68000030517578,32.73999786376953,32.75,26.625783067216645,26.53646155740555,26.585180128161166,26.593301955,26.58518167694584,0.03376298031894106,-6.400000095367432,42.150001525878906,0.0,164.0,0.0,0.0,0.0,snow/ice covered,0.24457710981369,-8.10775470733643,100.0,484.432006835938
arenacam6_1769616043364094877.png,1769616043364094877,1769616043.364095,42.30145714453757,-83.69745286509726,240.0556182861328,0.7121593410634789,0.7019491665073467,0.007819548040751861,0.005940980063164351,-0.007580000000000002,-0.023530000000000002,0.04609,1.7383000000000002,0.3111,-10.7532,11.545736412011479,25.82711960948496,33.040000915527344,33.14999771118164,32.89999771118164,33.29999923706055,26.828785372216643,26.91810378445839,26.71510147945839,27.03990640648613,26.875474260654887,0.04059123382790702,-6.300000190734863,42.20000076293945,0.0,164.0,0.0,0.0,0.0,snow/ice covered,0.24457710981369,-8.10775470733643,100.0,484.432006835938
arenacam6_1769616043383812282.png,1769616043383812282,1769616043.3838124,42.30146130794648,-83.69745290872171,240.07025146484375,0.7124996490615472,0.7016029354748111,0.007723086949285637,0.00615832349539301,-0.007000000000000001,-0.01872,0.04993,0.7332000000000001,1.2797,-9.1622,11.567980042735712,25.876877276797227,33.04999923706055,33.16999816894531,32.89999771118164,33.279998779296875,26.83690410148613,26.934344340566714,26.71510147945839,27.02366585037781,26.87750394297226,0.03866875649142782,-6.300000190734863,42.22500228881836,0.0,172.0,0.0,0.0,0.0,snow/ice covered,0.24457710981369,-8.10775470733643,100.0,484.432006835938
arenacam6_1769616043404285917.png,1769616043404285917,1769616043.404286,42.30146339504579,-83.69745293118356,240.07803344726562,0.7129474627934735,0.7011433265793042,0.007902059401143842,0.006442697174046238,-0.04114000000000001,-0.015880000000000002,0.0466,1.2999,-0.008700000000000001,-9.1915,11.605208113021153,25.960154236341538,33.36000061035156,33.21999740600586,33.23999786376953,33.32999801635742,27.088628074811098,26.974944182052845,26.991184738161163,27.064265691863937,27.02975567172226,0.04120165949874791,-6.099999904632568,42.17499923706055,0.0,172.0,0.0,0.0,0.0,snow/ice covered,0.24457710981369,-8.10775470733643,100.0,484.432006835938
arenacam6_1769616043425021043.png,1769616043425021043,1769616043.425021,42.30146548767182,-83.69745295384746,240.08482360839844,0.7131159883687089,0.7009682917262643,0.008086840737263852,0.006606370726221143,-0.049240000000000006,0.0029300000000000003,0.04850000000000001,1.2945,0.24150000000000002,-9.607000000000001,11.617784415768966,25.988286671010233,33.89999771118164,33.38999938964844,33.11000061035156,33.45000076293945,27.52711069945839,27.112987360188903,26.8856257698111,27.16170902851387,27.171858214493067,0.045542499914128655,-6.0,42.125,0.0,164.0,0.0,0.0,0.0,snow/ice covered,0.24457710981369,-8.10775470733643,100.0,484.432006835938
arenacam6_1769616043445663365.png,1769616043445663365,1769616043.4456635,42.30146758911298,-83.69745296129514,240.09275817871094,0.7135880628239151,0.700475636722783,0.008480992316712638,0.007350627343833424,-0.038560000000000004,-0.01897,0.04826000000000001,0.6001000000000001,2.6616,-9.983500000000001,11.659898501197873,26.08249335326957,33.30999755859375,33.540000915527344,33.23999786376953,33.46999740600586,27.048025135755616,27.234789982216643,26.991184738161163,27.177946487052843,27.11298658579657,0.039509000100936394,-5.800000190734863,41.75,0.0,152.0,0.0,0.0,0.0,snow/ice covered,0.24457710981369,-8.10775470733643,100.0,484.432006835938
arenacam6_1769616043466422867.png,1769616043466422867,1769616043.4664228,42.30146758911298,-83.69745296129514,240.09275817871094,0.7137561670583037,0.7003039441432918,0.00851317846240171,0.0073515709923511014,-0.004600000000000001,0.00393,0.048040000000000006,0.8539,2.3585000000000003,-9.0153,11.668178424355004,26.101015044576684,33.439998626708984,33.349998474121094,33.349998474121094,33.369998931884766,27.153587201675034,27.08050624797226,27.08050624797226,27.096746804080585,27.10283662542503,0.03838247589748457,-5.5,41.875,0.0,148.0,0.0,0.0,0.0,snow/ice covered,0.24457710981369,-8.10775470733643,100.0,484.432006835938
arenacam6_1769616043487002368.png,1769616043487002368,1769616043.4870024,42.3014717982374,-83.6974529819674,240.10670471191406,0.714094834284189,0.6999575397682503,0.008462815721806183,0.007509388808274487,-0.025100000000000004,-0.023200000000000005,0.042280000000000005,1.2999,0.4234,-9.179,11.71880747737562,26.214269198440622,33.439998626708984,33.31999969482422,33.43000030517578,33.38999938964844,27.153587201675034,27.056146962594454,27.14546847240555,27.112987360188903,27.117047499215985,0.03443843099120482,-5.0,41.900001525878906,0.0,144.0,0.0,0.0,0.0,snow/ice covered,0.24457710981369,-8.10775470733643,100.0,484.432006835938
arenacam6_1769616043507594170.png,1769616043507594170,1769616043.5075943,42.3014717982374,-83.6974529819674,240.10670471191406,0.7142878065585794,0.6997608593853276,0.008424496182668101,0.007529736921658186,0.00177,-0.00854,0.05428000000000001,0.5853,2.7864,-8.8968,11.724455078839318,26.226902544058827,33.39999771118164,33.43000030517578,33.38999938964844,33.43000030517578,27.12110608945839,27.14546847240555,27.112987360188903,27.14546847240555,27.1312575986146,0.03448196191054347,-4.599999904632568,41.95000076293945,0.0,144.0,0.0,0.0,0.0,snow/ice covered,0.24457710981369,-8.10775470733643,100.0,484.432006835938
arenacam6_1769616043549247611.png,1769616043549247611,1769616043.5492475,42.301476032190685,-83.69745297514388,240.1204833984375,0.7146853432689526,0.699366870880236,0.007831703129835157,0.007035940435575146,0.028780000000000003,-0.009270000000000002,0.029180000000000005,1.8504,-0.7282000000000001,-9.790700000000001,11.78769288496982,26.368361722104392,33.529998779296875,33.77000045776367,33.47999954223633,33.57999801635742,27.22666815537781,27.421551731108323,27.186068313891678,27.26726799686394,27.275389049310437,0.03439831934820929,-3.1000001430511475,42.0,0.0,140.0,0.0,0.0,0.0,snow/ice covered,0.24457710981369,-8.10775470733643,100.0,484.432006835938
arenacam6_1769616043570741795.png,1769616043570741795,1769616043.5707417,42.30148028411662,-83.69745295359282,240.13232421875,0.7150153199403974,0.6990360170919427,0.007524460782862198,0.0067172575275618405,0.046000000000000006,0.012690000000000002,0.021830000000000006,1.0106,1.5313,-8.4657,11.820035187756298,26.440709512899577,33.65999984741211,33.959999084472656,33.55999755859375,33.56999969482422,27.332230221297227,27.57583236778336,27.251027440755614,27.259149267594452,27.35455982435766,0.034562246183758645,-2.4000000953674316,41.650001525878906,0.0,156.0,0.0,0.0,0.0,snow/ice covered,0.24457710981369,-8.10775470733643,100.0,484.432006835938
arenacam6_1769616043590486786.png,1769616043590486786,1769616043.5904868,42.30148455301616,-83.69745293677437,240.14405822753906,0.7152673095519055,0.6987792645109568,0.007557086188401293,0.006565502588957513,-0.030590000000000003,0.01203,0.03699,1.5205,-0.9165000000000001,-10.3841,11.865313779698527,26.541995006358825,33.63999938964844,33.84000015258789,33.77000045776367,33.79999923706055,27.315989665188905,27.478392128702772,27.421551731108323,27.44591101648613,27.41546113537153,0.03290883480324081,-1.8000000715255737,41.900001525878906,0.0,160.0,0.0,0.0,0.0,snow/ice covered,0.24457710981369,-8.10775470733643,100.0,484.432006835938
arenacam6_1769616043611623001.png,1769616043611623001,1769616043.6116228,42.30148455301616,-83.69745293677437,240.14405822753906,0.7154018855160266,0.698638480674521,0.007739478120836083,0.006672031124647355,-0.040670000000000005,0.01081,0.039040000000000005,1.1243,1.5149000000000001,-9.558200000000001,11.876354197335953,26.56669175818869,33.73999786376953,33.849998474121094,33.81999969482422,33.93000030517578,27.397189348161163,27.48651085797226,27.462151572594454,27.55147308240555,27.474331215283357,0.03416456461180962,-1.399999976158142,42.025001525878906,0.0,160.0,0.0,0.0,0.0,snow/ice covered,0.24457710981369,-8.10775470733643,100.0,484.432006835938
arenacam6_1769616043631788603.png,1769616043631788603,1769616043.6317885,42.301488843475035,-83.69745290436963,240.15628051757812,0.7156141463054068,0.6984173518438312,0.008088882413440529,0.006645768001908129,-0.013030000000000002,0.010980000000000002,0.021280000000000004,1.3931,0.5104000000000001,-10.1576,11.913614019152973,26.650039744004054,33.84000015258789,33.98999786376953,33.79999923706055,34.06999969482422,27.478392128702772,27.600191653161165,27.44591101648613,27.665153877594452,27.54741216898613,0.03367246103953654,-1.100000023841858,42.22500228881836,0.0,144.0,0.0,0.0,0.0,snow/ice covered,0.24457710981369,-8.10775470733643,100.0,484.432006835938
arenacam6_1769616043653038529.png,1769616043653038529,1769616043.6530385,42.301488843475035,-83.69745290436963,240.15628051757812,0.7157036796959522,0.6983242513342186,0.00821656587213835,0.006631056736736901,-0.016260000000000004,0.020410000000000005,0.025490000000000006,1.9524000000000001,-0.229,-10.445300000000001,11.933021393367625,26.693452875679775,33.96999740600586,33.98999786376953,34.0,34.02000045776367,27.583951097052843,27.600191653161165,27.60831348,27.624554036108325,27.604252566580584,0.034120714736407626,-0.9000000357627869,42.07500076293945,0.0,128.0,0.0,0.0,0.0,snow/ice covered,0.24457710981369,-8.10775470733643,100.0,484.432006835938
arenacam6_1769616043673363082.png,1769616043673363082,1769616043.6733632,42.3014909933011,-83.69745288791457,240.16189575195312,0.7159584495059595,0.6980594375816978,0.008391053926811326,0.006790463764979263,-0.00468,0.011490000000000002,0.023960000000000002,1.6312,1.5386,-10.232800000000001,11.976547390570351,26.790817919862445,34.11000061035156,33.98999786376953,34.619998931884766,34.11000061035156,27.6976349898111,27.600191653161165,28.111758329080583,27.6976349898111,27.77680499046599,0.036803171652051166,-0.9000000357627869,42.07500076293945,0.0,132.0,0.0,0.0,0.0,snow/ice covered,0.24457710981369,-8.10775470733643,100.0,484.432006835938
arenacam6_1769616043694327714.png,1769616043694327714,1769616043.6943278,42.30149315274497,-83.69745285257278,240.1678924560547,0.7160510837952595,0.6979662742605934,0.008276981082562954,0.006739211717962198,0.023280000000000002,-0.009430000000000001,0.026110000000000005,1.1347,2.545,-9.4704,11.987560240603258,26.815453004615055,34.189998626708984,34.15999984741211,34.06999969482422,34.25,27.762594116675032,27.738234831297227,27.665153877594452,27.811315785,27.74432465264168,0.03463941660305953,-0.9000000357627869,41.79999923706055,0.0,116.0,0.0,0.0,0.0,snow/ice covered,0.24457710981369,-8.10775470733643,100.0,484.432006835938
arenacam6_1769616043714479246.png,1769616043714479246,1769616043.7144794,42.30149531396169,-83.6974528248117,240.17391967773438,0.7161624506226207,0.6978589244760113,0.0079625879226209,0.006392420587029788,0.043390000000000005,-0.009430000000000001,0.011270000000000002,1.5426,-0.8130000000000001,-9.7757,12.019808110616307,26.88758955496204,34.279998779296875,34.32999801635742,34.22999954223633,34.15999984741211,27.835675070377807,27.876274911863938,27.79507522889168,27.738234831297227,27.811315010607665,0.03435508615442816,-0.9000000357627869,41.82500076293945,0.0,116.0,0.0,0.0,0.0,snow/ice covered,0.24457710981369,-8.10775470733643,100.0,484.432006835938
arenacam6_1769616043735626076.png,1769616043735626076,1769616043.735626,42.30149747904368,-83.69745279784676,240.1797637939453,0.7162995605469806,0.6977206223216789,0.007904906908455732,0.006195578586428068,0.01563,0.012420000000000002,0.01908,1.4966000000000002,0.34600000000000003,-10.4349,12.041599626786336,26.93633586914343,34.30999755859375,34.45000076293945,34.21999740600586,34.15999984741211,27.86003435575562,27.973718248513872,27.78695340205284,27.738234831297227,27.839735209404893,0.033538315851501514,-0.9000000357627869,41.95000076293945,0.0,124.0,0.0,0.0,0.0,snow/ice covered,0.24457710981369,-8.10775470733643,100.0,484.432006835938
arenacam6_1769616043755834926.png,1769616043755834926,1769616043.7558348,42.301499654025676,-83.69745275427061,240.18605041503906,0.7164587768705695,0.697566698056283,0.007370867382978742,0.005761347238660632,0.07052000000000001,-0.00449,0.007640000000000001,0.8733000000000001,1.2393,-9.611600000000001,12.083303786949681,27.02962557317922,34.630001068115234,34.439998626708984,34.32999801635742,34.32999801635742,28.119880155919418,27.965596421675034,27.876274911863938,27.876274911863938,27.959506600330577,0.03440229035484875,-0.9000000357627869,42.125,0.0,136.0,0.0,0.0,0.0,snow/ice covered,0.238546878099442,-7.70527744293213,100.0,505.126068115234
arenacam6_1769616043776562992.png,1769616043776562992,1769616043.776563,42.3015018273061,-83.69745272048377,240.19203186035156,0.7164695855438554,0.6975592006248893,0.0071969602886504044,0.00554061158944832,0.05507000000000001,0.00623,0.0021300000000000004,1.0428,-1.5998,-9.8162,12.093554319364785,27.052555399159864,34.81999969482422,34.619998931884766,34.40999984741211,34.43000030517578,28.274160792594454,28.111758329080583,27.94123713629723,27.957477692405547,28.071158487594452,0.03765274937635731,-0.9000000357627869,41.57500076293945,0.0,128.0,0.0,0.0,0.0,snow/ice covered,0.238546878099442,-7.70527744293213,100.0,505.126068115234
arenacam6_1769616043797389739.png,1769616043797389739,1769616043.7973897,42.301504006286905,-83.69745268642706,240.19789123535156,0.7165822698453426,0.6974434764884404,0.007300897881516895,0.00539856806374418,-0.00642,0.021690000000000004,0.021380000000000003,1.4848000000000001,0.5933,-8.8389,12.11573214708972,27.10216586911088,34.80999755859375,34.709999084472656,34.55999755859375,34.689998626708984,28.266038965755616,28.184839282783358,28.063036660755618,28.168598726675032,28.170628408992403,0.03942351120724563,-0.9000000357627869,41.17499923706055,0.0,96.0,0.0,0.0,0.0,snow/ice covered,0.238546878099442,-7.70527744293213,100.0,505.126068115234
arenacam6_1769616043817938529.png,1769616043817938529,1769616043.8179383,42.30150619453328,-83.69745263875643,240.20391845703125,0.7166242185410205,0.6974021084487853,0.007177996684589783,0.005338997589125626,0.025540000000000004,-0.018580000000000003,-0.0009700000000000002,1.1434,2.1884,-10.713600000000001,12.149181199164326,27.17698939165865,34.97999954223633,34.66999816894531,34.439998626708984,34.66999816894531,28.404082143891678,28.152358170566714,27.965596421675034,28.152358170566714,28.168598726675036,0.03648709283894177,-0.6000000238418579,41.04999923706055,0.0,96.0,0.0,0.0,0.0,snow/ice covered,0.238546878099442,-7.70527744293213,100.0,505.126068115234
arenacam6_1769616043838796325.png,1769616043838796325,1769616043.8387964,42.30150838107804,-83.69745260558503,240.2100372314453,0.716685095438115,0.6973421423286766,0.007156104809326061,0.00502002721805333,-0.014460000000000002,0.0006500000000000001,0.01616,1.3976000000000002,-0.0935,-10.6219,12.185606468482932,27.25847053360821,34.86000061035156,34.66999816894531,34.689998626708984,34.77000045776367,28.306641904811098,28.152358170566714,28.168598726675032,28.233560951108323,28.21528993829029,0.03510172749796703,-0.30000001192092896,40.5,0.0,92.0,0.0,0.0,0.0,snow/ice covered,0.238546878099442,-7.70527744293213,100.0,505.126068115234
arenacam6_1769616043859735286.png,1769616043859735286,1769616043.8597353,42.30151277757441,-83.69745252041204,240.2233428955078,0.7167706723534419,0.6972559135975126,0.007071992161600155,0.0048970536201678565,0.025900000000000006,-0.003790000000000001,0.0038000000000000004,1.8154000000000001,1.1351,-10.3246,12.218469090694292,27.33198224773769,34.790000915527344,34.66999816894531,34.709999084472656,34.63999938964844,28.24980150721665,28.152358170566714,28.184839282783358,28.1279988851889,28.178749461438905,0.030980819686845112,0.4000000059604645,40.45000076293945,0.0,92.0,0.0,0.0,0.0,snow/ice covered,0.238546878099442,-7.70527744293213,100.0,505.126068115234
arenacam6_1769616043880102554.png,1769616043880102554,1769616043.8801026,42.30151277757441,-83.69745252041204,240.2233428955078,0.716762157039484,0.697265808020486,0.006942686636702631,0.0049195837130208255,-0.004720000000000001,-0.017070000000000002,0.0029200000000000007,1.3513000000000002,-1.4724000000000002,-10.5862,12.247403167888137,27.39670604237569,34.75,34.880001068115234,34.81999969482422,34.89999771118164,28.217320395,28.322882460919416,28.274160792594454,28.33911991945839,28.28837089199307,0.032546425407426735,0.9000000357627869,40.25,0.0,92.0,0.0,0.0,0.0,snow/ice covered,0.238546878099442,-7.70527744293213,100.0,505.126068115234
arenacam6_1769616043901245483.png,1769616043901245483,1769616043.9012454,42.30151719127267,-83.69745244348468,240.23715209960938,0.7168824975796241,0.6971406266610618,0.0069868984466379125,0.005061084144592872,-0.008760000000000002,-0.008180000000000002,0.013790000000000002,1.8114000000000001,1.3937000000000002,-9.1364,12.275900639798968,27.460453177191905,34.71999740600586,34.790000915527344,34.91999816894531,34.95000076293945,28.19295801205284,28.24980150721665,28.355360475566712,28.379722858513873,28.294460713337518,0.03037122260015442,1.5,40.650001525878906,0.0,100.0,0.0,0.0,0.0,snow/ice covered,0.238546878099442,-7.70527744293213,100.0,505.126068115234
arenacam6_1769616043921403001.png,1769616043921403001,1769616043.921403,42.30151719127267,-83.69745244348468,240.23715209960938,0.7168254594462811,0.6972004726307067,0.006769119033241622,0.005190441278092575,0.007140000000000001,-0.026590000000000003,-0.010030000000000002,1.5892000000000002,0.1869,-9.4161,12.312397377030537,27.54209418857469,34.869998931884766,35.040000915527344,35.05999755859375,35.0099983215332,28.31476063408058,28.452803812216647,28.469041270755618,28.428441429269487,28.41626178658058,0.03173932933424219,2.0,40.375,0.0,12.0,0.0,0.0,0.0,snow/ice covered,0.238546878099442,-7.70527744293213,100.0,505.126068115234
arenacam6_1769616043942526766.png,1769616043942526766,1769616043.9425268,42.301521633122455,-83.69745234360975,240.2501678466797,0.716876698420802,0.6971479813023334,0.006597409930284432,0.005381970789922176,-0.00623,-0.025850000000000005,0.006400000000000001,1.6887,-0.40540000000000004,-10.166,12.3422487608328,27.60886994305733,35.02000045776367,35.04999923706055,35.0099983215332,35.14999771118164,28.43656325610832,28.46092254148613,28.428441429269487,28.542122224458392,28.467012362830584,0.031082127647497147,2.700000047683716,40.22500228881836,0.0,60.0,0.0,0.0,0.0,snow/ice covered,0.238546878099442,-7.70527744293213,100.0,505.126068115234
arenacam6_1769616043965537397.png,1769616043965537397,1769616043.9655373,42.301523857956255,-83.69745230592852,240.2568359375,0.7168797268003683,0.69714542007583,0.0062914132707351,0.005669099485886748,0.009710000000000002,-0.01907,0.00591,0.7328,0.505,-9.283900000000001,12.372171977772243,27.675806383957845,35.099998474121094,35.22999954223633,35.20000076293945,35.189998626708984,28.50152238297226,28.607084448891676,28.58272516351387,28.574603336675036,28.566483833013212,0.032182529271184826,3.1000001430511475,40.32500076293945,0.0,76.0,0.0,0.0,0.0,snow/ice covered,0.238546878099442,-7.70527744293213,100.0,505.126068115234
arenacam6_1769616043983583027.png,1769616043983583027,1769616043.983583,42.30152609099542,-83.69745225544064,240.26300048828125,0.7168799055940569,0.6971463952226628,0.0062226978980914486,0.005602018776492872,0.01795,-7.000000000000002e-05,-0.0007800000000000001,1.0127000000000002,0.4136,-8.661900000000001,12.382251511268104,27.698353695616074,35.209999084472656,35.21999740600586,35.189998626708984,35.22999954223633,28.590843892783358,28.59896262205284,28.574603336675036,28.607084448891676,28.592873575100725,0.03229505584753329,3.4000000953674316,40.22500228881836,0.0,44.0,0.0,0.0,0.0,snow/ice covered,0.238546878099442,-7.70527744293213,100.0,505.126068115234
arenacam6_1769616044004496907.png,1769616044004496907,1769616044.0044968,42.30152832273081,-83.6974522065386,240.2692413330078,0.7168435810420629,0.6971853727742794,0.0061526216485836265,0.005475541546713014,0.0029600000000000004,0.018540000000000004,-0.0030800000000000003,0.6511,-0.5194,-9.222800000000001,12.409388268386051,27.759056993083494,35.39999771118164,35.41999816894531,35.65999984741211,35.279998779296875,28.74512452945839,28.761365085566712,28.956248661297227,28.647684290377807,28.777605641675034,0.03669248018206542,3.6000001430511475,39.92499923706055,0.0,44.0,0.0,0.0,0.0,snow/ice covered,0.238546878099442,-7.70527744293213,100.0,505.126068115234
arenacam6_1769616044024951632.png,1769616044024951632,1769616044.0249515,42.301530557849034,-83.697452166324,240.27520751953125,0.7168549994202852,0.6971736581797792,0.006220843840730977,0.005394557282700505,0.0021500000000000004,0.02099,0.0034300000000000003,0.5075000000000001,0.5386000000000001,-9.453700000000001,12.414447002790087,27.770373078421258,35.47999954223633,35.40999984741211,35.61000061035156,35.46999740600586,28.810086753891678,28.753246356297225,28.915648819811096,28.801964927052843,28.82023671426321,0.037805168582979526,3.6000001430511475,38.95000076293945,0.0,52.0,0.0,0.0,0.0,snow/ice covered,0.238546878099442,-7.70527744293213,100.0,505.126068115234
arenacam6_1769616044046103426.png,1769616044046103426,1769616044.0461035,42.30153279902865,-83.69745211116975,240.28086853027344,0.7168574597797029,0.6971756600738068,0.006319734420900895,0.004641370023247115,0.04351000000000001,0.04018,-0.0018100000000000002,0.8198000000000001,1.1079,-9.5751,12.442943940515153,27.83411901829597,35.619998931884766,35.540000915527344,35.95000076293945,35.529998779296875,28.923767549080583,28.858808422216647,29.191732078513873,28.850686595377805,28.956248661297227,0.04031489706082159,3.6000001430511475,37.60000228881836,0.0,40.0,0.0,0.0,0.0,snow/ice covered,0.238546878099442,-7.70527744293213,100.0,505.126068115234
arenacam6_1769616044066566072.png,1769616044066566072,1769616044.0665662,42.301535041365085,-83.69745206118665,240.28663635253906,0.7168400528829472,0.6971961612867374,0.0063137507305726336,0.004241205197023535,0.05822000000000001,0.055020000000000006,-0.0048600000000000015,1.5295,-0.1482,-10.582,12.458138371835537,27.868108049493788,35.5,35.619998931884766,35.86000061035156,35.619998931884766,28.82632731,28.923767549080583,29.118651124811098,28.923767549080583,28.948128383243066,0.03875470598259347,3.5,34.95000076293945,0.0,32.0,0.0,0.0,0.0,snow/ice covered,0.238546878099442,-7.70527744293213,100.0,505.126068115234
arenacam6_1769616044087289758.png,1769616044087289758,1769616044.0872898,42.30153728759635,-83.69745201842396,240.29286193847656,0.7168135192870352,0.6972275146752469,0.006379130941431335,0.003387924961633152,0.03135,0.04471000000000001,-0.005360000000000001,0.9426,0.026500000000000003,-10.1202,12.491802280365668,27.94341219304118,35.56999969482422,35.80999755859375,35.86000061035156,35.7599983215332,28.883167707594453,29.078048185755616,29.118651124811098,29.037448344269485,29.02932884060766,0.03886127578352475,3.5,33.95000076293945,0.0,56.0,0.0,0.0,0.0,snow/ice covered,0.238546878099442,-7.70527744293213,100.0,505.126068115234
arenacam6_1769616044107976187.png,1769616044107976187,1769616044.1079762,42.30153728759635,-83.69745201842396,240.29286193847656,0.7167788425099278,0.6972633198529876,0.006502281372450836,0.0031103142400347983,0.021670000000000002,0.056830000000000006,-0.010110000000000001,1.1822000000000001,-0.2904,-9.3665,12.50334661124853,27.969236168566287,35.68000030517578,35.91999816894531,35.529998779296875,35.72999954223633,28.972489217405553,29.167369695566713,28.850686595377805,29.01308905889168,29.000908641810437,0.0368859723957572,3.4000000953674316,33.17499923706055,0.0,56.0,0.0,0.0,0.0,snow/ice covered,0.238546878099442,-7.70527744293213,100.0,505.126068115234
arenacam6_1769616044128413051.png,1769616044128413051,1769616044.128413,42.30154179813724,-83.69745191721806,240.3050079345703,0.7166813189054813,0.6973613959747241,0.006968475995644917,0.002531971244310721,-0.0012600000000000003,0.04256000000000001,-0.01416,1.862,-0.7654000000000001,-10.0905,12.552473355101718,28.07912974696124,35.72999954223633,35.959999084472656,35.61000061035156,35.779998779296875,29.01308905889168,29.199850807783356,28.915648819811096,29.053688900377807,29.045569396715983,0.03441843313749184,3.4000000953674316,32.42499923706055,0.0,56.0,0.0,0.0,0.0,snow/ice covered,0.238546878099442,-7.70527744293213,100.0,505.126068115234
arenacam6_1769616044149135381.png,1769616044149135381,1769616044.1491354,42.30154405730532,-83.69745187920758,240.31106567382812,0.7166037811934954,0.6974358173213528,0.007503026002912376,0.002450734029070001,-0.03744,0.052980000000000006,-0.00477,0.6909000000000001,0.015300000000000001,-9.616100000000001,12.566191598511418,28.109816634374134,35.65999984741211,35.939998626708984,35.599998474121094,35.71999740600586,28.956248661297227,29.183610251675034,28.90752699297226,29.00496723205284,29.01308828449934,0.03213367279744679,3.299999952316284,32.04999923706055,0.0,60.0,0.0,0.0,0.0,snow/ice covered,0.238546878099442,-7.70527744293213,100.0,505.126068115234
arenacam6_1769616044169665308.png,1769616044169665308,1769616044.1696653,42.301546327956125,-83.6974518346162,240.3167266845703,0.7164992725925605,0.6975362091332687,0.008142317028691592,0.0023941586673457676,-0.04427000000000001,0.03097,-0.01908,2.1085000000000003,0.0409,-9.3045,12.607299740943212,28.20177308250551,35.73999786376953,35.96999740600586,35.54999923706055,35.79999923706055,29.021207788161167,29.20796953705284,28.86692715148613,29.069929456486133,29.041508483296568,0.029775978919281923,3.200000047683716,32.525001525878906,0.0,72.0,0.0,0.0,0.0,snow/ice covered,0.238546878099442,-7.70527744293213,100.0,505.126068115234
arenacam6_1769616044190926853.png,1769616044190926853,1769616044.1909268,42.301548595335966,-83.69745178473806,240.3225555419922,0.7163891846113611,0.6976436921923601,0.008623604799195527,0.0023341714479094555,-0.023430000000000003,0.04207,-0.015310000000000002,1.4460000000000002,-0.11330000000000001,-10.438,12.63070559270421,28.254130568543758,35.73999786376953,35.96999740600586,35.64999771118164,35.82999801635742,29.021207788161167,29.20796953705284,28.948126834458392,29.094288741863938,29.067898225384084,0.02880172351671371,3.0,32.775001525878906,0.0,40.0,0.0,0.0,0.0,snow/ice covered,0.238546878099442,-7.70527744293213,100.0,505.126068115234
arenacam6_1769616044210986870.png,1769616044210986870,1769616044.2109869,42.301553158117706,-83.697451700493,240.3354034423828,0.7162074951183595,0.6978244771977423,0.009058168173768463,0.0024026130188598933,-0.01776,0.007190000000000001,-0.012280000000000001,1.4409,0.6092000000000001,-11.122200000000001,12.679553758270679,28.363400984026015,35.72999954223633,35.91999816894531,35.7599983215332,35.88999938964844,29.01308905889168,29.167369695566713,29.037448344269485,29.143010410188907,29.090229377229196,0.025625572674184027,2.9000000953674316,32.82500076293945,0.0,40.0,0.0,0.0,0.0,snow/ice covered,0.238546878099442,-7.70527744293213,100.0,505.126068115234
arenacam6_1769616044232355602.png,1769616044232355602,1769616044.2323556,42.301553158117706,-83.697451700493,240.3354034423828,0.7161547088033164,0.6978781377292659,0.009118794696685683,0.002320672671598894,0.0033600000000000006,0.020150000000000005,-0.015010000000000003,1.6861000000000002,0.7459,-10.2966,12.695529720394738,28.399138252739807,35.90999984741211,35.869998931884766,35.96999740600586,35.90999984741211,29.159250966297225,29.12676985408058,29.20796953705284,29.159250966297225,29.163310330931967,0.026908284025781562,2.799999952316284,32.45000076293945,0.0,40.0,0.0,0.0,0.0,snow/ice covered,0.238546878099442,-7.70527744293213,100.0,505.126068115234
arenacam6_1769616044252768107.png,1769616044252768107,1769616044.252768,42.30155544644558,-83.69745165540091,240.34228515625,0.7160202393758809,0.698018886328817,0.008891686512897512,0.002364115762903707,0.01378,-0.030420000000000006,-0.016960000000000003,1.4096,0.1743,-11.805100000000001,12.73147131119592,28.479537434866604,35.7599983215332,35.90999984741211,36.02000045776367,36.0099983215332,29.037448344269485,29.159250966297225,29.248572476108322,29.240450649269487,29.17143060898613,0.02429439648385809,2.700000047683716,32.75,0.0,40.0,0.0,0.0,0.0,snow/ice covered,0.238546878099442,-7.70527744293213,100.0,505.126068115234
arenacam6_1769616044273706378.png,1769616044273706378,1769616044.2737064,42.301557740437396,-83.69745161810438,240.35037231445312,0.7159360737540998,0.6981103668011012,0.008469091548285646,0.002393439103633508,0.030230000000000003,-0.04055,-0.014760000000000002,1.7556,0.5709000000000001,-12.4252,12.761494870502231,28.54669833562126,35.96999740600586,36.0099983215332,36.099998474121094,36.099998474121094,29.20796953705284,29.240450649269487,29.31353160297226,29.31353160297226,29.26887084806671,0.025297934771822832,2.700000047683716,32.82500076293945,0.0,44.0,0.0,0.0,0.0,snow/ice covered,0.238546878099442,-7.70527744293213,100.0,505.126068115234
arenacam6_1769616044294004148.png,1769616044294004148,1769616044.2940042,42.30156004343171,-83.69745156708566,240.3593292236328,0.7157498194637232,0.6983126992148099,0.007445478966475084,0.0024768722077967925,0.036890000000000006,-0.05491000000000001,-0.01649,1.6753,-0.6686000000000001,-10.4623,12.806107170337487,28.64649337361474,36.029998779296875,35.849998474121094,36.130001068115234,36.16999816894531,29.25669120537781,29.11052929797226,29.337893985919422,29.37037200056671,29.268871622459052,0.021726158267509413,2.700000047683716,32.20000076293945,0.0,40.0,0.0,0.0,0.0,snow/ice covered,0.238546878099442,-7.70527744293213,100.0,505.126068115234
arenacam6_1769616044314492324.png,1769616044314492324,1769616044.3144925,42.30156234739596,-83.69745151962395,240.36825561523438,0.7156800679749639,0.6983871978713563,0.007091334107539014,0.0026599122770715666,0.02211,-0.07578000000000001,-0.021240000000000002,1.4741,-0.8218000000000001,-10.3934,12.820063807119054,28.6777135326969,36.05999755859375,36.14999771118164,36.29999923706055,36.25,29.281050490755614,29.354131444458393,29.47593406648613,29.435334225000002,29.386612556675036,0.024719509913853004,2.700000047683716,32.47500228881836,0.0,40.0,0.0,0.0,0.0,snow/ice covered,0.238546878099442,-7.70527744293213,100.0,505.126068115234
arenacam6_1769616044335399436.png,1769616044335399436,1769616044.3353994,42.301564655509274,-83.6974514826285,240.3778533935547,0.7155592110669541,0.6985176817463234,0.006150095501342349,0.0032000109850458497,0.022490000000000003,-0.05464000000000001,-0.014660000000000003,1.3377000000000001,-0.1598,-9.8145,12.849442867585038,28.743432728215677,36.20000076293945,36.29999923706055,36.2599983215332,36.40999984741211,29.39473438351387,29.47593406648613,29.443452954269485,29.565255576297226,29.46984424514168,0.025272260407955,2.700000047683716,32.5,0.0,40.0,0.0,0.0,0.0,snow/ice covered,0.238546878099442,-7.70527744293213,100.0,505.126068115234
arenacam6_1769616044356096174.png,1769616044356096174,1769616044.3560963,42.30156697173244,-83.69745143806709,240.38722229003906,0.7155029700400249,0.6985770811864698,0.005811667890016723,0.003433077516134722,0.013930000000000001,-0.08089,-0.01683,1.2911000000000001,-0.7843,-9.3709,12.861684887028025,28.770817391188473,36.369998931884766,36.290000915527344,36.30999755859375,36.40999984741211,29.532774464080582,29.467815337216646,29.484052795755616,29.565255576297226,29.512474543337518,0.025778105017488652,2.700000047683716,32.60000228881836,0.0,52.0,0.0,0.0,0.0,snow/ice covered,0.238546878099442,-7.70527744293213,100.0,505.126068115234
arenacam6_1769616044376989853.png,1769616044376989853,1769616044.3769898,42.30156928704079,-83.69745139451439,240.3966522216797,0.7154005078854241,0.698683081734599,0.005154127899250558,0.004183250018669255,-0.01259,-0.057260000000000005,-0.008620000000000001,1.2621,-0.6502,-9.2064,12.889038107836695,28.83200490494422,36.36000061035156,36.2599983215332,36.369998931884766,36.5099983215332,29.524655734811095,29.443452954269485,29.532774464080582,29.646455259269487,29.536834603107664,0.024446086926219163,2.6000001430511475,32.5,0.0,60.0,0.0,0.0,0.0,snow/ice covered,0.238546878099442,-7.70527744293213,100.0,505.126068115234
arenacam6_1769616044397559855.png,1769616044397559855,1769616044.39756,42.3015716082693,-83.697451365505,240.4060516357422,0.7153748502147933,0.6987089291429316,0.004942310532984744,0.004497730838461525,-0.015300000000000001,-0.07419,-0.00786,1.4861,0.0786,-9.436,12.903405361842408,28.864143590119756,36.54999923706055,36.540000915527344,36.45000076293945,36.45000076293945,29.67893637148613,29.670817642216644,29.59773668851387,29.59773668851387,29.636306847682626,0.026751642748450793,2.6000001430511475,32.70000076293945,0.0,32.0,0.0,0.0,0.0,snow/ice covered,0.238546878099442,-7.70527744293213,100.0,505.126068115234
arenacam6_1769616044438887820.png,1769616044438887820,1769616044.4388878,42.30157625853362,-83.6974512977331,240.4230499267578,0.7153184911008623,0.6987629482779983,0.004518855472658977,0.005420179724139077,-0.04444000000000001,-0.028970000000000003,-0.0032800000000000004,0.4796,-0.9076000000000001,-7.955900000000001,12.918449786692518,28.897797065843964,36.54999923706055,36.5099983215332,36.56999969482422,36.64999771118164,29.67893637148613,29.646455259269487,29.695176927594456,29.76013605445839,29.695176153202116,0.027593075193286003,2.299999952316284,32.72500228881836,0.0,36.0,0.0,0.0,0.0,snow/ice covered,0.238546878099442,-7.70527744293213,100.0,505.126068115234
arenacam6_1769616044459557105.png,1769616044459557105,1769616044.459557,42.30157858608409,-83.69745127681541,240.43096923828125,0.7152654136349196,0.6988108744607082,0.004735974676665947,0.006026635627752627,-0.029350000000000005,-0.01795,-0.006050000000000001,1.07,0.8963000000000001,-8.574300000000001,12.943601299332167,28.9540594905281,36.61000061035156,36.55999755859375,36.599998474121094,36.64999771118164,29.727658039811097,29.687055100755614,29.719536212972262,29.76013605445839,29.72359635199934,0.026577857302634345,2.0,32.625,0.0,32.0,0.0,0.0,0.0,snow/ice covered,0.238546878099442,-7.70527744293213,100.0,505.126068115234
arenacam6_1769616044480102810.png,1769616044480102810,1769616044.480103,42.30158091764851,-83.69745124442959,240.4376983642578,0.7152352439568364,0.6988413908056602,0.004718971469293256,0.006081743753830861,-0.00544,-0.010060000000000001,-0.008690000000000002,1.0356,0.6993,-8.7888,12.954032150794948,28.97739267939925,36.66999816894531,36.65999984741211,36.65999984741211,36.7599983215332,29.77637661056671,29.768257881297227,29.768257881297227,29.849457564269485,29.790587484357662,0.02806307710136153,1.7000000476837158,32.22500228881836,0.0,28.0,0.0,0.0,0.0,snow/ice covered,0.238546878099442,-7.70527744293213,100.0,505.126068115234
arenacam6_1769616044501034284.png,1769616044501034284,1769616044.5010343,42.30158324696569,-83.69745122012212,240.44444274902344,0.715181643120702,0.6988936863383075,0.004914420996774761,0.006219405589826222,-0.029690000000000005,0.024930000000000004,-0.0028000000000000004,0.4752,0.3277,-8.238100000000001,12.960878048417285,28.992706541626564,36.55999755859375,36.630001068115234,36.7599983215332,36.80999755859375,29.687055100755614,29.74389859591942,29.849457564269485,29.890057405755616,29.792617166675033,0.027590063863130166,1.600000023841858,32.32500076293945,0.0,24.0,0.0,0.0,0.0,snow/ice covered,0.238546878099442,-7.70527744293213,100.0,505.126068115234
arenacam6_1769616044521791575.png,1769616044521791575,1769616044.5217915,42.301587922672184,-83.69745116355547,240.45648193359375,0.7151266180017596,0.698950876157016,0.004968186458793434,0.006075365669288528,0.02253,-0.0025700000000000007,-0.010720000000000002,1.8333000000000002,1.5166000000000002,-9.1431,12.992886483896985,29.064307491288524,36.80999755859375,36.80999755859375,36.72999954223633,36.86000061035156,29.890057405755616,29.890057405755616,29.82509827889168,29.930660344811095,29.8839683588035,0.028201630737654904,1.5,32.29999923706055,0.0,32.0,0.0,0.0,0.0,snow/ice covered,0.238546878099442,-7.70527744293213,100.0,505.126068115234
arenacam6_1769616044542195703.png,1769616044542195703,1769616044.5421958,42.30159025852997,-83.69745113761246,240.46182250976562,0.715044183126597,0.6990390061093713,0.004993771362738339,0.005598782190525541,0.00281,0.051710000000000006,-0.007530000000000001,0.6385000000000001,-1.3090000000000002,-8.8187,13.002310566882306,29.085388599481707,36.689998626708984,36.72999954223633,36.86000061035156,36.72999954223633,29.792617166675036,29.82509827889168,29.930660344811095,29.82509827889168,29.843368517317373,0.026060505096678434,1.5,32.47500228881836,0.0,24.0,0.0,0.0,0.0,snow/ice covered,0.238546878099442,-7.70527744293213,100.0,505.126068115234
arenacam6_1769616044563029879.png,1769616044563029879,1769616044.5630298,42.30159260277455,-83.69745111463077,240.46730041503906,0.7150186500108645,0.6990645367783377,0.0051217409454409925,0.005556197010251364,-0.011760000000000001,0.024360000000000003,-0.007100000000000001,1.5909,-0.2449,-8.8991,13.018316393057631,29.12119267228634,36.80999755859375,36.75,36.7599983215332,36.64999771118164,29.890057405755616,29.841338835000002,29.849457564269485,29.76013605445839,29.83524746487087,0.024520108108898726,1.5,32.400001525878906,0.0,20.0,0.0,0.0,0.0,snow/ice covered,0.238546878099442,-7.70527744293213,100.0,505.126068115234
arenacam6_1769616044583488311.png,1769616044583488311,1769616044.5834882,42.30159495258923,-83.69745108210915,240.47230529785156,0.714956383592593,0.6991311652578159,0.0051037230119615334,0.005189926479901678,0.027500000000000004,0.01708,-0.010970000000000002,1.3980000000000001,-0.2659,-9.943200000000001,13.055325064280543,29.20397884929172,36.84000015258789,36.849998474121094,36.849998474121094,36.779998779296875,29.914419788702777,29.92253851797226,29.92253851797226,29.86569812037781,29.90629873625628,0.024048773990315124,1.5,32.45000076293945,0.0,20.0,0.0,0.0,0.0,snow/ice covered,0.238546878099442,-7.70527744293213,100.0,505.126068115234
arenacam6_1769616044604342268.png,1769616044604342268,1769616044.6043422,42.30159730160805,-83.69745105509281,240.47705078125,0.7149171691774199,0.6991722461221236,0.005058687518338498,0.005101092871217995,0.019010000000000003,0.005980000000000001,-0.011400000000000002,0.7915000000000001,-0.5819,-9.5045,13.063304436447021,29.221828226065803,36.80999755859375,36.72999954223633,36.79999923706055,36.80999755859375,29.890057405755616,29.82509827889168,29.88193867648613,29.890057405755616,29.87178794172226,0.02224226734303691,1.5,32.45000076293945,0.0,20.0,0.0,0.0,0.0,snow/ice covered,0.238546878099442,-7.70527744293213,100.0,505.126068115234
arenacam6_1769616044624901707.png,1769616044624901707,1769616044.6249015,42.30159965708776,-83.69745103420881,240.48202514648438,0.7148457293021008,0.6992454818920806,0.005210789521418719,0.004918030563413536,-0.0029700000000000004,0.018090000000000002,-0.012040000000000002,1.4732,-0.0599,-9.366900000000001,13.090819294617727,29.283377312902182,36.95000076293945,36.93000030517578,36.93000030517578,36.95000076293945,30.00374129851387,29.98750074240555,29.98750074240555,30.00374129851387,29.995621020459712,0.024322457752976364,1.5,32.60000228881836,0.0,24.0,0.0,0.0,0.0,snow/ice covered,0.238546878099442,-7.70527744293213,100.0,505.126068115234
arenacam6_1769616044646119216.png,1769616044646119216,1769616044.646119,42.30159965708776,-83.69745103420881,240.48202514648438,0.7148013401870768,0.6992904588671823,0.005218699201281047,0.004966224192615635,-0.00863,-0.00559,-0.012900000000000002,1.7751000000000001,-0.2147,-10.8106,13.108569379297194,29.323083187325068,36.939998626708984,36.880001068115234,37.0099983215332,37.11000061035156,29.995619471675035,29.94690090091942,30.052459869269484,30.1336626498111,30.03216072291876,0.02418154772688406,1.5,32.150001525878906,0.0,24.0,0.0,0.0,0.0,snow/ice covered,0.238546878099442,-7.70527744293213,100.0,505.126068115234
arenacam6_1769616044666503115.png,1769616044666503115,1769616044.6665032,42.30160437536099,-83.69745098204156,240.4923095703125,0.714794215405936,0.6992948979763316,0.005246269824264754,0.005324653924447185,-0.028590000000000004,-0.00863,0.00206,-0.034,-0.5308,-10.8734,13.122661487072493,29.354606386891945,37.0099983215332,37.09000015258789,37.0099983215332,37.14999771118164,30.052459869269484,30.117422093702775,30.052459869269484,30.16614066445839,30.097120624175034,0.025294641239497342,1.5,32.72500228881836,0.0,8.0,0.0,0.0,0.0,snow/ice covered,0.238546878099442,-7.70527744293213,100.0,505.126068115234
arenacam6_1769616044687223724.png,1769616044687223724,1769616044.687224,42.30160437536099,-83.69745098204156,240.4923095703125,0.7147789688278242,0.6993080865612407,0.005438102464498052,0.00544544149490423,-0.04404,0.010540000000000002,-0.00404,0.7574000000000001,-0.6524,-9.8747,13.130227714731216,29.371531584190848,37.07999801635742,37.029998779296875,37.11000061035156,37.2599983215332,30.10930026686394,30.06870042537781,30.1336626498111,30.255462174269486,30.141781379080584,0.02622436602197214,1.5,32.35000228881836,0.0,20.0,0.0,0.0,0.0,snow/ice covered,0.238546878099442,-7.70527744293213,100.0,505.126068115234
arenacam6_1769616044708326624.png,1769616044708326624,1769616044.7083266,42.30160910742792,-83.69745094856701,240.50372314453125,0.7147213772610047,0.6993573815163556,0.00596723098538918,0.006082594765911251,-0.05617000000000001,-0.020100000000000003,0.0021500000000000004,0.5304,0.1981,-10.8796,13.156001867530097,29.42918681755278,37.11000061035156,37.16999816894531,37.22999954223633,37.27000045776367,30.1336626498111,30.182381220566715,30.23110288889168,30.263584001108324,30.202682690094456,0.02628329071193812,1.600000023841858,32.22500228881836,0.0,0.0,0.0,0.0,0.0,snow/ice covered,0.238546878099442,-7.70527744293213,100.0,505.126068115234
arenacam6_1769616044728952146.png,1769616044728952146,1769616044.7289522,42.30160910742792,-83.69745094856701,240.50372314453125,0.714700967956994,0.6993754220742044,0.00615365733059223,0.006219155997541594,-0.04558,0.00759,-0.005410000000000001,0.1044,0.5304,-11.0777,13.15701156400478,29.431445447984853,37.189998626708984,37.209999084472656,37.22999954223633,37.22999954223633,30.198621776675033,30.214862332783355,30.23110288889168,30.23110288889168,30.218922471810437,0.026756314949509287,1.600000023841858,31.725000381469727,0.0,0.0,0.0,0.0,0.0,snow/ice covered,0.238546878099442,-7.70527744293213,100.0,505.126068115234
arenacam6_1769616044749419365.png,1769616044749419365,1769616044.7494192,42.301613843636346,-83.69745091704597,240.5160675048828,0.7146191970424552,0.699452972255767,0.006585011502007606,0.006448290043740237,-0.022010000000000002,0.023150000000000004,-0.007420000000000001,0.4138,-0.0707,-9.780100000000001,13.174257397247558,29.470023342198957,37.29999923706055,37.189998626708984,37.30999755859375,37.349998474121094,30.28794328648613,30.198621776675033,30.296062015755616,30.32854312797226,30.277792551722264,0.027409859847875997,1.600000023841858,30.375,0.0,0.0,0.0,0.0,0.0,snow/ice covered,0.238546878099442,-7.70527744293213,100.0,505.126068115234
arenacam6_1769616044769998756.png,1769616044769998756,1769616044.7699988,42.301613843636346,-83.69745091704597,240.5160675048828,0.7145850653365278,0.6994861038141774,0.006708410495191709,0.006509393019327409,-0.026720000000000004,0.00885,-0.009670000000000002,0.634,-0.44670000000000004,-9.5454,13.180483920705898,29.48395170158385,37.189998626708984,37.14999771118164,37.40999984741211,37.34000015258789,30.198621776675033,30.16614066445839,30.37726479629723,30.320424398702773,30.265612909033354,0.02651141255965063,1.600000023841858,29.024999618530273,0.0,0.0,0.0,0.0,0.0,snow/ice covered,0.238546878099442,-7.70527744293213,100.0,505.126068115234
arenacam6_1769616044811234945.png,1769616044811234945,1769616044.8112352,42.30161858900543,-83.69745087568548,240.52908325195312,0.7144733780419846,0.6995963751351209,0.007189978986849267,0.006403762116380384,0.007040000000000001,0.026590000000000003,-0.012340000000000002,0.4793,-0.3387,-10.502600000000001,13.204576193435424,29.53784467014344,37.380001068115234,37.27000045776367,37.43000030517578,37.29999923706055,30.35290551091942,30.263584001108324,30.393505352405548,30.28794328648613,30.32448453772985,0.02663159334646852,1.7000000476837158,25.80000114440918,0.0,0.0,0.0,0.0,0.0,snow/ice covered,0.238546878099442,-7.70527744293213,100.0,505.126068115234
arenacam6_1769616044833221461.png,1769616044833221461,1769616044.8332214,42.30162334615155,-83.69745084751472,240.54183959960938,0.7144196729745479,0.6996464026928653,0.007823160511939648,0.006183868164621912,-0.025300000000000003,0.027770000000000003,-0.00877,1.1957,0.45530000000000004,-8.786200000000001,13.228467473155648,29.591288029400797,37.32999801635742,37.369998931884766,37.43000030517578,37.34000015258789,30.31230257186394,30.344783684080586,30.393505352405548,30.320424398702773,30.342754001763208,0.02539483822454035,1.7000000476837158,25.075000762939453,0.0,0.0,0.0,0.0,0.0,snow/ice covered,0.238546878099442,-7.70527744293213,100.0,505.126068115234
arenacam6_1769616044852843701.png,1769616044852843701,1769616044.8528438,42.30162572512401,-83.69745082752992,240.5487060546875,0.7143675612216699,0.6996981563450289,0.008017181278499543,0.006099367665497849,0.0008000000000000001,0.014780000000000003,-0.00676,0.4141,0.9486,-10.8881,13.244138317396661,29.62634276771729,37.43000030517578,37.30999755859375,37.380001068115234,37.40999984741211,30.393505352405548,30.296062015755616,30.35290551091942,30.37726479629723,30.35493441884445,0.024592696332436947,1.600000023841858,24.600000381469727,0.0,0.0,0.0,0.0,0.0,snow/ice covered,0.238546878099442,-7.70527744293213,100.0,505.126068115234
arenacam6_1769616044874177812.png,1769616044874177812,1769616044.8741777,42.301628111192905,-83.69745081759558,240.5552520751953,0.7143055908467163,0.6997605505326914,0.008274130175531105,0.005850946346232776,-0.0029500000000000004,0.031010000000000003,-0.009980000000000001,0.8896000000000001,-0.4796,-9.6416,13.258127052654373,29.657634729164677,37.43000030517578,37.32999801635742,37.45000076293945,37.30999755859375,30.393505352405548,30.31230257186394,30.40974590851387,30.296062015755616,30.35290396213474,0.023443178774008897,1.600000023841858,24.700000762939453,0.0,0.0,0.0,0.0,0.0,snow/ice covered,0.238546878099442,-7.70527744293213,100.0,505.126068115234
arenacam6_1769616044893845282.png,1769616044893845282,1769616044.8938453,42.30163050070509,-83.6974508020596,240.56170654296875,0.7142609693740973,0.6998035583049297,0.008560221876088398,0.005741952104083364,-0.014710000000000003,0.02355,-0.00632,1.4273,-0.33590000000000003,-9.9049,13.281300147656733,29.709471552299256,37.45000076293945,37.46999740600586,37.38999938964844,37.45000076293945,30.40974590851387,30.425983367052844,30.361024240188904,30.40974590851387,30.40162485606737,0.02329739532895021,1.600000023841858,24.475000381469727,0.0,0.0,0.0,0.0,0.0,snow/ice covered,0.238546878099442,-7.70527744293213,100.0,505.126068115234
arenacam6_1769616044915126903.png,1769616044915126903,1769616044.9151268,42.30163288965988,-83.69745078317293,240.5687255859375,0.7142473438938599,0.6998162974814349,0.008628151303144281,0.005782432449402584,-0.0031500000000000005,0.0045000000000000005,0.00158,0.9047000000000001,0.6014,-11.4021,13.301300206848797,29.75421048470835,37.45000076293945,37.369998931884766,37.46999740600586,37.43000030517578,30.40974590851387,30.344783684080586,30.425983367052844,30.393505352405548,30.393504578013214,0.021485836219160295,1.600000023841858,24.774999618530273,0.0,0.0,0.0,0.0,0.0,snow/ice covered,0.238546878099442,-7.70527744293213,100.0,505.126068115234
arenacam6_1769616044935798942.png,1769616044935798942,1769616044.9357991,42.301635286834866,-83.69745077695637,240.57586669921875,0.7142051184997925,0.6998584561935188,0.008655695938010077,0.005853967112186042,-0.015780000000000002,-0.0011,-0.006660000000000001,1.564,-1.1531,-10.715300000000001,13.326191871385776,29.8098916447777,37.40999984741211,37.43000030517578,37.5099983215332,37.5099983215332,30.37726479629723,30.393505352405548,30.458464479269484,30.458464479269484,30.421924776810435,0.020531209550369346,1.600000023841858,24.899999618530273,0.0,0.0,0.0,0.0,0.0,snow/ice covered,0.238546878099442,-7.70527744293213,100.0,505.126068115234
arenacam6_1769616044976685808.png,1769616044976685808,1769616044.9766858,42.30164009341751,-83.69745075021147,240.59130859375,0.7141480177658523,0.6999145270274322,0.008328814934480391,0.00654938308978481,-0.022660000000000003,-0.04783000000000001,-0.010400000000000001,0.6323000000000001,-1.2696,-10.193,13.363157877616056,29.892582382754462,37.529998779296875,37.529998779296875,37.64999771118164,37.689998626708984,30.47470503537781,30.47470503537781,30.57214527445839,30.604626386675033,30.531545432972262,0.021375304483109116,1.600000023841858,24.700000762939453,0.0,0.0,0.0,0.0,0.0,snow/ice covered,0.238546878099442,-7.70527744293213,100.0,505.126068115234
arenacam6_1769616045018176833.png,1769616045018176833,1769616045.0181768,42.301644910349616,-83.69745072967469,240.60733032226562,0.7140814499360034,0.6999722361030594,0.008248355782512491,0.00764958620208699,-0.031720000000000005,-0.06281,-0.014090000000000004,0.6886,0.3783,-10.2459,13.388229655437577,29.948666445434537,37.75,37.75,37.64999771118164,37.71999740600586,30.653348055,30.653348055,30.57214527445839,30.628985672052842,30.626956764127804,0.022648431439479616,1.7000000476837158,24.825000762939453,0.0,0.0,0.0,0.0,0.0,snow/ice covered,0.238546878099442,-7.70527744293213,100.0,505.126068115234
arenacam6_1769616045059408543.png,1769616045059408543,1769616045.0594087,42.3016497309176,-83.69745071218131,240.6236114501953,0.7139872970243515,0.7000604659360171,0.008122894752615423,0.008455903390239732,-0.02211,-0.030000000000000002,-0.009130000000000001,0.731,0.5379,-9.8735,13.40118677793106,29.977650751025106,37.75,37.75,37.84000015258789,37.89999771118164,30.653348055,30.653348055,30.726429008702773,30.775147579458388,30.70206817454029,0.024165249956766964,2.1000001430511475,24.375,0.0,0.0,0.0,0.0,0.0,snow/ice covered,0.238546878099442,-7.70527744293213,100.0,505.126068115234
arenacam6_1769616045100773728.png,1769616045100773728,1769616045.1007736,42.3016545586044,-83.69745068307189,240.63951110839844,0.7138841220072736,0.7001647209980174,0.0079984611458417,0.008651499001404911,0.00559,0.004540000000000001,-0.00969,0.1298,0.8473,-8.544,13.405661434182568,29.987660288580354,37.66999816894531,37.689998626708984,37.89999771118164,37.72999954223633,30.588385830566715,30.604626386675033,30.775147579458388,30.63710749889168,30.651316823897954,0.022130987510563725,3.1000001430511475,23.05000114440918,0.0,0.0,0.0,0.0,0.0,snow/ice covered,0.238546878099442,-7.70527744293213,100.0,505.126068115234
arenacam6_1769616045122130065.png,1769616045122130065,1769616045.1221302,42.30165938600505,-83.69745065655663,240.65419006347656,0.7138033470114296,0.7002509591045202,0.007948724663889394,0.008378176692919254,0.013060000000000002,0.029880000000000004,-0.008610000000000001,-0.1874,0.2621,-9.183900000000001,13.402393004038943,29.980349006454876,37.790000915527344,37.939998626708984,37.86000061035156,37.7599983215332,30.685829167216646,30.807628691675035,30.7426695648111,30.66146678426949,30.72439855199307,0.0248179080696491,3.200000047683716,22.42500114440918,0.0,0.0,0.0,0.0,0.0,snow/ice covered,0.238546878099442,-7.70527744293213,100.0,505.126068115234
arenacam6_1769616045142157506.png,1769616045142157506,1769616045.1421576,42.30165938600505,-83.69745065655663,240.65419006347656,0.7136968439105965,0.7003668193328043,0.00802362083146936,0.0076651730872368306,0.034760000000000006,0.034600000000000006,-0.006870000000000001,0.4587,0.2058,-8.2746,13.4050289990445,29.986245569122605,37.7599983215332,37.790000915527344,37.790000915527344,37.75,30.66146678426949,30.685829167216646,30.685829167216646,30.653348055,30.67161829342569,0.022856236627663288,3.200000047683716,22.024999618530273,0.0,0.0,0.0,0.0,0.0,snow/ice covered,0.238546878099442,-7.70527744293213,100.0,505.126068115234
arenacam6_1769616045162919914.png,1769616045162919914,1769616045.16292,42.30166180146774,-83.6974506373784,240.66102600097656,0.7136453002299157,0.7004216446141825,0.00806659025325762,0.0074050886154963845,0.031240000000000004,0.042780000000000006,-0.014610000000000001,0.0385,-0.1933,-8.0487,13.418028556201383,30.015324798509123,37.84000015258789,37.82999801635742,37.82999801635742,37.86000061035156,30.726429008702773,30.71830718186394,30.71830718186394,30.7426695648111,30.726428234310436,0.023691345690073418,3.200000047683716,22.200000762939453,0.0,0.0,0.0,0.0,0.0,snow/ice covered,0.238546878099442,-7.70527744293213,100.0,505.126068115234
arenacam6_1769616045183557351.png,1769616045183557351,1769616045.1835573,42.30166421738646,-83.69745062541524,240.6672821044922,0.7135804167149054,0.7004894687820445,0.008157448266499334,0.007137859918090605,0.025480000000000003,0.050550000000000005,-0.01832,0.38780000000000003,0.0125,-8.663400000000001,13.42186032133053,30.02389622719712,37.79999923706055,37.87999725341797,37.75,37.82999801635742,30.69394789648613,30.75890702335007,30.653348055,30.71830718186394,30.706127539175032,0.022722943978200707,3.0,22.375,0.0,0.0,0.0,0.0,0.0,snow/ice covered,0.238546878099442,-7.70527744293213,100.0,505.126068115234
arenacam6_1769616045204448740.png,1769616045204448740,1769616045.2044487,42.30166663553161,-83.6974506089801,240.67291259765625,0.7134697757366786,0.7006059401540837,0.008357740193895223,0.006507219830106839,0.014050000000000002,0.023620000000000006,-0.010310000000000001,1.4137000000000002,-0.6738000000000001,-10.901900000000001,13.452399642147602,30.09221085550566,37.7599983215332,37.84000015258789,37.75,37.869998931884766,30.66146678426949,30.726429008702773,30.653348055,30.750788294080582,30.698008035513208,0.020131361664199984,2.700000047683716,22.149999618530273,0.0,0.0,0.0,0.0,0.0,snow/ice covered,0.238546878099442,-7.70527744293213,100.0,505.126068115234
arenacam6_1769616045224863369.png,1769616045224863369,1769616045.2248635,42.301671477913885,-83.69745058427091,240.68490600585938,0.7134232281888543,0.7006544177424108,0.008480932783892626,0.0062256050109587005,0.014410000000000001,0.01997,-0.011710000000000002,1.0308,0.3216,-9.8011,13.468147127851996,30.127437036177245,37.89999771118164,37.97999954223633,37.72999954223633,37.790000915527344,30.775147579458388,30.84010980389168,30.63710749889168,30.685829167216646,30.734548512364597,0.020151447846636555,2.5,22.30000114440918,0.0,0.0,0.0,0.0,0.0,snow/ice covered,0.238546878099442,-7.70527744293213,100.0,505.126068115234
arenacam6_1769616045245863643.png,1769616045245863643,1769616045.2458637,42.301671477913885,-83.69745058427091,240.68490600585938,0.7133671240385853,0.7007122310580641,0.008449570465465045,0.006190342922416549,0.00893,0.0004700000000000001,-0.016250000000000004,1.0479,-0.729,-9.8245,13.478219523845405,30.149968381670742,37.86000061035156,37.80999755859375,37.86000061035156,37.72999954223633,30.7426695648111,30.70206662575562,30.7426695648111,30.63710749889168,30.706128313567373,0.018446451580186065,2.5,22.350000381469727,0.0,0.0,0.0,0.0,0.0,snow/ice covered,0.238546878099442,-7.70527744293213,100.0,505.126068115234
arenacam6_1769616045266373085.png,1769616045266373085,1769616045.2663732,42.30167632839416,-83.69745055280542,240.69757080078125,0.7132690666277767,0.7008130877556895,0.008457233700005505,0.006060513214247912,0.017560000000000003,0.013070000000000002,-0.013760000000000003,0.6865,1.1152,-10.4091,13.486608827573209,30.168734750751614,37.790000915527344,37.82999801635742,37.89999771118164,37.87999725341797,30.685829167216646,30.71830718186394,30.775147579458388,30.75890702335007,30.734547737972264,0.01875494587012977,2.5,22.524999618530273,0.0,0.0,0.0,0.0,0.0,snow/ice covered,0.238546878099442,-7.70527744293213,100.0,505.126068115234
arenacam6_1769616045287138622.png,1769616045287138622,1769616045.2871385,42.30167632839416,-83.69745055280542,240.69757080078125,0.7131962693882197,0.7008888087381041,0.008328557359099509,0.006049318037850572,0.019710000000000002,-0.016510000000000004,-0.021180000000000004,1.1025,0.0206,-11.362,13.49721911363184,30.192469324047607,37.89999771118164,37.89999771118164,38.029998779296875,37.97999954223633,30.775147579458388,30.775147579458388,30.88070964537781,30.84010980389168,30.817778652046567,0.020710771328031615,2.6000001430511475,22.375,0.0,0.0,0.0,0.0,0.0,snow/ice covered,0.238546878099442,-7.70527744293213,100.0,505.126068115234
arenacam6_1769616045307608094.png,1769616045307608094,1769616045.3076081,42.301681188799904,-83.69745053005992,240.7117462158203,0.7130381391268252,0.7010520113973034,0.008063286917895884,0.006137822938899457,0.007040000000000001,-0.015370000000000002,-0.011770000000000001,0.5812,0.19290000000000002,-10.2585,13.509436490674751,30.21979886344998,37.86000061035156,37.79999923706055,38.04999923706055,37.98999786376953,30.7426695648111,30.69394789648613,30.896950201486128,30.848228533161162,30.795449048986132,0.019048776205866296,2.700000047683716,22.225000381469727,0.0,0.0,0.0,0.0,0.0,snow/ice covered,0.238546878099442,-7.70527744293213,100.0,505.126068115234
arenacam6_1769616045328497342.png,1769616045328497342,1769616045.3284974,42.301681188799904,-83.69745053005992,240.7117462158203,0.7129596829590853,0.7011326328591561,0.007933954656247936,0.006210795309881993,0.007820000000000002,-0.028440000000000003,-0.02279,0.09330000000000001,0.1433,-10.643500000000001,13.509992700652305,30.22104307179717,37.869998931884766,37.939998626708984,38.14999771118164,38.0,30.750788294080582,30.807628691675035,30.97814988445839,30.856350360000004,30.848229307553503,0.02075329545265217,2.700000047683716,22.100000381469727,0.0,0.0,0.0,0.0,0.0,snow/ice covered,0.238546878099442,-7.70527744293213,100.0,505.126068115234
arenacam6_1769616045349165529.png,1769616045349165529,1769616045.3491657,42.301686053310384,-83.69745050750049,240.72740173339844,0.7127549900442234,0.701342892867315,0.007583492759321322,0.006400111650154935,0.011260000000000001,-0.029350000000000005,-0.014380000000000002,0.4344,-0.15860000000000002,-11.2225,13.519823715332766,30.243034461776478,37.89999771118164,38.040000915527344,37.959999084472656,37.97999954223633,30.775147579458388,30.888831472216644,30.823869247783357,30.84010980389168,30.831989525837518,0.019474073106169526,2.700000047683716,21.850000381469727,0.0,0.0,0.0,0.0,0.0,snow/ice covered,0.238546878099442,-7.70527744293213,100.0,505.126068115234
arenacam6_1769616045370002307.png,1769616045370002307,1769616045.3700025,42.30168848605868,-83.69745049559353,240.73587036132812,0.7126398463874053,0.7014598392935069,0.007377547441451955,0.006641911849161983,-0.007190000000000001,-0.024270000000000003,-0.015450000000000002,-0.5249,0.5398000000000001,-9.0854,13.518164920535046,30.23932383734167,37.91999816894531,37.89999771118164,37.97999954223633,37.959999084472656,30.791388135566713,30.775147579458388,30.84010980389168,30.823869247783357,30.807628691675035,0.018793570166790004,2.700000047683716,21.450000762939453,0.0,0.0,0.0,0.0,0.0,snow/ice covered,0.238546878099442,-7.70527744293213,100.0,505.126068115234
arenacam6_1769616045390765141.png,1769616045390765141,1769616045.390765,42.30169091985891,-83.69745048061448,240.7442626953125,0.7125012065261606,0.7016035923330695,0.007155934106759826,0.006574384469835856,0.031030000000000005,-0.019560000000000004,-0.021190000000000004,0.7147,0.38580000000000003,-9.1981,13.523607904760299,30.251499466474506,37.959999084472656,37.97999954223633,37.939998626708984,37.959999084472656,30.823869247783357,30.84010980389168,30.807628691675035,30.823869247783357,30.823869247783357,0.018920377217769506,2.6000001430511475,20.375,0.0,0.0,0.0,0.0,0.0,snow/ice covered,0.238546878099442,-7.70527744293213,100.0,505.126068115234
arenacam6_1769616045411212799.png,1769616045411212799,1769616045.4112127,42.301693354266625,-83.6974504756286,240.75253295898438,0.7123370731440439,0.7017720495090517,0.0068752425704328435,0.006679505373904183,0.00177,-0.034850000000000006,-0.018540000000000004,-0.511,-0.8845000000000001,-9.6631,13.52600318913524,30.256857573904185,37.97999954223633,37.87999725341797,38.0,37.959999084472656,30.84010980389168,30.75890702335007,30.856350360000004,30.823869247783357,30.819809108756274,0.018605750232886773,2.5,20.024999618530273,0.0,0.0,0.0,0.0,0.0,snow/ice covered,0.238546878099442,-7.70527744293213,100.0,505.126068115234
arenacam6_1769616045431984897.png,1769616045431984897,1769616045.431985,42.3016957867027,-83.69745046387152,240.76016235351562,0.7122509257389568,0.7018613934728926,0.00688115300496871,0.006469379383736561,0.024370000000000006,0.014240000000000001,-0.011800000000000001,0.5392,1.2048,-8.4982,13.52178551736671,30.247422895218293,37.89999771118164,37.89999771118164,38.04999923706055,37.98999786376953,30.775147579458388,30.775147579458388,30.896950201486128,30.848228533161162,30.823868473391016,0.019057675761985388,2.299999952316284,19.975000381469727,0.0,0.0,0.0,0.0,0.0,snow/ice covered,0.238546878099442,-7.70527744293213,100.0,505.126068115234
arenacam6_1769616045453780034.png,1769616045453780034,1769616045.45378,42.30169822271193,-83.69745045764748,240.7679443359375,0.712068079448629,0.7020522798417215,0.006582899755654227,0.006189671250492965,0.04104000000000001,0.0008100000000000001,-0.031120000000000002,1.0378,-1.3184,-9.3043,13.539521733263296,30.287097746006,37.97999954223633,37.959999084472656,37.98999786376953,38.040000915527344,30.84010980389168,30.823869247783357,30.848228533161162,30.888831472216644,30.850259764263214,0.018594122915969315,2.299999952316284,19.875,0.0,0.0,0.0,0.0,0.0,snow/ice covered,0.238546878099442,-7.70527744293213,100.0,505.126068115234
arenacam6_1769616045495064011.png,1769616045495064011,1769616045.495064,42.30170309750615,-83.69745044884503,240.782958984375,0.7118749680215781,0.7022502019619353,0.0062341013588173184,0.0063102875486132455,0.02238,-0.018300000000000004,-0.02212,0.328,-0.0048000000000000004,-9.3706,13.551106537660278,30.313012258353783,37.939998626708984,37.959999084472656,38.07999801635742,38.04999923706055,30.807628691675035,30.823869247783357,30.92130948686394,30.896950201486128,30.862439406952113,0.018125125405407918,2.200000047683716,19.575000762939453,0.0,0.0,0.0,0.0,0.0,snow/ice covered,0.238546878099442,-7.70527744293213,100.0,505.126068115234
arenacam6_1769616045535319843.png,1769616045535319843,1769616045.5353198,42.301707978227135,-83.6974504563511,240.79769897460938,0.711650879801881,0.7024732045736718,0.006130416228419263,0.006843984955521067,-0.023150000000000004,-0.021830000000000006,-0.014380000000000002,0.441,0.2715,-9.9547,13.563176586296192,30.340012232949405,37.939998626708984,38.06999969482422,38.0,38.04999923706055,30.807628691675035,30.913190757594453,30.856350360000004,30.896950201486128,30.868530002688907,0.017419827180080318,2.1000001430511475,18.75,0.0,0.0,0.0,0.0,0.0,snow/ice covered,0.238546878099442,-7.70527744293213,100.0,505.126068115234
arenacam6_1769616045576850788.png,1769616045576850788,1769616045.5768507,42.30171285964805,-83.69745046678025,240.81199645996094,0.7113889618367707,0.7027373072491885,0.005825875854932024,0.0072167269232035315,-0.022420000000000002,-0.017990000000000003,-0.017020000000000004,-0.0253,-2.0338000000000003,-9.8084,13.565962140179266,30.34624334985261,38.029998779296875,37.98999786376953,38.14999771118164,38.07999801635742,30.88070964537781,30.848228533161162,30.97814988445839,30.92130948686394,30.907099387465323,0.018481893496561458,2.0,17.024999618530273,0.0,0.0,0.0,0.0,0.0,snow/ice covered,0.238546878099442,-7.70527744293213,100.0,505.126068115234
arenacam6_1769616045618045188.png,1769616045618045188,1769616045.618045,42.301717745345705,-83.69745048076288,240.82611083984375,0.7111734907516454,0.7029503280937431,0.005786901368991088,0.007721014024330002,0.0024100000000000002,-0.024130000000000006,-0.020560000000000005,0.053200000000000004,-0.45520000000000005,-9.747,13.573719739365345,30.363596633775916,38.029998779296875,38.11000061035156,38.14999771118164,38.07999801635742,30.88070964537781,30.945671869811097,30.97814988445839,30.92130948686394,30.93146022162781,0.01870211868182346,2.0,14.324999809265137,0.0,0.0,0.0,0.0,0.0,snow/ice covered,0.238546878099442,-7.70527744293213,100.0,505.126068115234
arenacam6_1769616045659473791.png,1769616045659473791,1769616045.6594737,42.3017226321512,-83.6974505050831,240.84010314941406,0.7109270881166412,0.7031966964200208,0.005616734557181768,0.008095296095672867,-0.0050100000000000006,-0.032440000000000004,-0.018540000000000004,0.2122,-0.0893,-9.765,13.581989627725989,30.382095877845376,37.98999786376953,38.18000030517578,38.11000061035156,38.11000061035156,30.848228533161162,31.00251226740555,30.945671869811097,30.945671869811097,30.935521135047225,0.01821550624509107,1.899999976158142,12.77500057220459,0.0,0.0,0.0,0.0,0.0,snow/ice covered,0.238546878099442,-7.70527744293213,100.0,505.126068115234
arenacam6_1769616045700930296.png,1769616045700930296,1769616045.7009304,42.30172752182593,-83.69745052780465,240.85382080078125,0.7106819555747165,0.7034473341500274,0.00524195854267886,0.008094934734352997,0.034330000000000006,-0.012580000000000001,-0.018290000000000004,0.0082,0.1527,-8.2626,13.584270147721899,30.387197264245025,38.12999725341797,38.06999969482422,38.12999725341797,38.14999771118164,30.961909328350067,30.913190757594453,30.961909328350067,30.97814988445839,30.953789824688243,0.018645765699158368,1.7000000476837158,12.25,0.0,0.0,0.0,0.0,0.0,snow/ice covered,0.238546878099442,-7.70527744293213,100.0,505.126068115234
arenacam6_1769616045721750372.png,1769616045721750372,1769616045.7217503,42.3017299670742,-83.69745054488985,240.85997009277344,0.7105384201475796,0.7035931872333892,0.005267053307263757,0.008002407287862329,-0.022150000000000003,0.014490000000000001,-0.00525,-0.5159,-0.7339,-9.041500000000001,13.57241556086529,30.360679264722002,38.20000076293945,38.22999954223633,38.20000076293945,38.09000015258789,31.01875282351387,31.043112108891677,31.01875282351387,30.929431313702775,31.00251226740555,0.02114027150338939,1.600000023841858,12.199999809265137,0.0,0.0,0.0,0.0,0.0,snow/ice covered,0.238546878099442,-7.70527744293213,100.0,505.126068115234
arenacam6_1769616045742355385.png,1769616045742355385,1769616045.7423553,42.30173485353584,-83.69745058547103,240.87161254882812,0.7104743604386016,0.7036578934511477,0.0054926973336529225,0.007847446670995545,0.004750000000000001,0.0316,-0.012490000000000003,-0.0059,0.7359,-9.218300000000001,13.569787843727374,30.354801219147515,38.18000030517578,38.06999969482422,38.2599983215332,38.20000076293945,31.00251226740555,30.913190757594453,31.06747139426949,31.01875282351387,31.000481810695838,0.021271119085472207,1.399999976158142,11.75,0.0,0.0,0.0,0.0,0.0,snow/ice covered,0.238546878099442,-7.70527744293213,100.0,505.126068115234
arenacam6_1769616045783771064.png,1769616045783771064,1769616045.783771,42.301739736865265,-83.69745063438127,240.88308715820312,0.7103627965629196,0.7037690489031238,0.006140155930170248,0.007491431802657656,-0.025010000000000004,0.047950000000000007,-0.00795,-0.3688,-0.2914,-10.539800000000001,13.559482223946649,30.33174816603522,38.12999725341797,38.21999740600586,38.18000030517578,38.22999954223633,30.961909328350067,31.034990282052842,31.00251226740555,31.043112108891677,31.010630996675033,0.022381922298827853,0.9000000357627869,11.25,0.0,0.0,0.0,0.0,0.0,snow/ice covered,0.238546878099442,-7.70527744293213,100.0,505.126068115234
arenacam6_1769616045804277917.png,1769616045804277917,1769616045.804278,42.30174217973912,-83.69745066067242,240.88894653320312,0.7103203630705263,0.7038094697416433,0.006730250116341167,0.007205264930170463,-0.006070000000000001,0.023470000000000005,-0.0015200000000000003,0.32030000000000003,0.1516,-10.245000000000001,13.572973200994145,30.361926672231846,38.12999725341797,37.939998626708984,38.16999816894531,38.18000030517578,30.961909328350067,30.807628691675035,30.994390440566715,31.00251226740555,30.94161018199934,0.019092448118506824,0.6000000238418579,11.350000381469727,0.0,0.0,0.0,0.0,0.0,snow/ice covered,0.238546878099442,-7.70527744293213,100.0,505.126068115234
arenacam6_1769616045825054344.png,1769616045825054344,1769616045.8250544,42.30174462276346,-83.69745069017156,240.8948211669922,0.710315309478124,0.7038136616956697,0.0069205861594942245,0.007113101906967173,-0.013600000000000001,0.04000000000000001,-0.0009200000000000001,-0.5157,-0.9247000000000001,-9.958,13.56799303237415,30.350786333839036,38.22999954223633,38.11000061035156,38.12999725341797,38.09000015258789,31.043112108891677,30.945671869811097,30.961909328350067,30.929431313702775,30.970031155188902,0.020402925134741935,0.4000000059604645,11.600000381469727,0.0,0.0,0.0,0.0,0.0,snow/ice covered,0.238546878099442,-7.70527744293213,100.0,505.126068115234
arenacam6_1769616045846070033.png,1769616045846070033,1769616045.84607,42.30174706716234,-83.69745071940099,240.90126037597656,0.7103267281990329,0.7037962996771349,0.007637838552678631,0.0069549399043652965,-0.015150000000000002,0.03492000000000001,0.0015,1.1225,0.6175,-10.4931,13.58054450333313,30.378863221286014,38.07999801635742,38.21999740600586,38.029998779296875,38.14999771118164,30.92130948686394,31.034990282052842,30.88070964537781,30.97814988445839,30.953789824688243,0.01892521781392355,0.30000001192092896,11.350000381469727,0.0,0.0,0.0,0.0,0.0,snow/ice covered,0.238546878099442,-7.70527744293213,100.0,505.126068115234
arenacam6_1769616045866726172.png,1769616045866726172,1769616045.8667262,42.30174706716234,-83.69745071940099,240.90126037597656,0.7103142434547354,0.7038078041488788,0.007690390488255716,0.007007728490640668,-0.014770000000000002,0.00011000000000000002,-0.0034900000000000005,0.8085,-0.2536,-11.015400000000001,13.588521071254917,30.396706325132975,38.04999923706055,38.11000061035156,37.98999786376953,37.98999786376953,30.896950201486128,30.945671869811097,30.848228533161162,30.848228533161162,30.884769784404888,0.0160564586850769,0.20000000298023224,11.40000057220459,0.0,0.0,0.0,0.0,0.0,snow/ice covered,0.238546878099442,-7.70527744293213,100.0,505.126068115234
arenacam6_1769616045886981816.png,1769616045886981816,1769616045.886982,42.301751955589054,-83.69745078031717,240.91407775878906,0.7103463752693797,0.7037725312124331,0.008111688604859977,0.006815567509479911,-0.00025000000000000006,0.033190000000000004,-0.0019900000000000004,-0.1057,1.1371,-8.8108,13.573485149736436,30.363071870851424,38.07999801635742,38.14999771118164,38.040000915527344,38.040000915527344,30.92130948686394,30.97814988445839,30.888831472216644,30.888831472216644,30.919280578938903,0.018318591427550487,0.10000000149011612,11.475000381469727,0.0,0.0,0.0,0.0,0.0,snow/ice covered,0.238546878099442,-7.70527744293213,100.0,505.126068115234
arenacam6_1769616045907662597.png,1769616045907662597,1769616045.9076626,42.301751955589054,-83.69745078031717,240.91407775878906,0.7103077221133817,0.703812063729566,0.008194804550697873,0.006660633093360395,0.01063,0.03355,-0.01088,0.7154,0.5534,-9.4687,13.580532183664861,30.378835662927276,38.04999923706055,37.790000915527344,38.04999923706055,37.98999786376953,30.896950201486128,30.685829167216646,30.896950201486128,30.848228533161162,30.831989525837518,0.014916762049022385,-0.10000000149011612,11.40000057220459,0.0,0.0,0.0,0.0,0.0,snow/ice covered,0.238546878099442,-7.70527744293213,100.0,505.126068115234
arenacam6_1769616045929068340.png,1769616045929068340,1769616045.9290683,42.30175684385228,-83.69745083734695,240.9274444580078,0.7102431440520292,0.7038775606850419,0.008394005062920968,0.006371543782118605,-0.005000000000000001,0.021460000000000003,-0.0064800000000000005,0.31,0.263,-11.806000000000001,13.57880848197242,30.374979845663386,37.91999816894531,38.07999801635742,38.09000015258789,38.07999801635742,30.791388135566713,30.92130948686394,30.929431313702775,30.92130948686394,30.89085960574934,0.016983707074281627,-0.5,11.65000057220459,0.0,0.0,0.0,0.0,0.0,snow/ice covered,0.238546878099442,-7.70527744293213,100.0,505.126068115234
arenacam6_1769616045949667199.png,1769616045949667199,1769616045.949667,42.30175684385228,-83.69745083734695,240.9274444580078,0.710217895660695,0.7039031341499032,0.008453325408208,0.006281696170639841,0.0045000000000000005,0.021170000000000005,-0.007070000000000001,-0.3255,1.3936000000000002,-11.0128,13.57522992550767,30.36697482956513,37.97999954223633,37.97999954223633,38.09000015258789,37.939998626708984,30.84010980389168,30.84010980389168,30.929431313702775,30.807628691675035,30.854319903290293,0.016048522332579723,-0.4000000059604645,11.574999809265137,0.0,0.0,0.0,0.0,0.0,snow/ice covered,0.238546878099442,-7.70527744293213,100.0,505.126068115234
arenacam6_1769616045990376576.png,1769616045990376576,1769616045.9903765,42.3017617362572,-83.6974508922979,240.9425506591797,0.7100148427209406,0.7041107542489773,0.008161392754881614,0.006352994191314321,0.025080000000000005,-0.04783000000000001,-0.01058,1.0595,0.7394000000000001,-11.604600000000001,13.58571437814179,30.390427921040494,37.87999725341797,38.029998779296875,38.06999969482422,37.939998626708984,30.75890702335007,30.88070964537781,30.913190757594453,30.807628691675035,30.84010902949934,0.014796800809359951,-0.699999988079071,11.77500057220459,0.0,0.0,0.0,0.0,0.0,snow/ice covered,0.238546878099442,-7.70527744293213,100.0,505.126068115234
arenacam6_1769616046011715392.png,1769616046011715392,1769616046.0117154,42.301766632403094,-83.69745094163098,240.95989990234375,0.709954260224567,0.7041735708648932,0.007914319469278914,0.006472559904022716,0.017910000000000002,-0.051680000000000004,-0.018020000000000005,0.45020000000000004,-0.7156,-11.077300000000001,13.608253426843715,30.440846420643783,38.06999969482422,38.02000045776367,38.0,37.98999786376953,30.913190757594453,30.872590916108322,30.856350360000004,30.848228533161162,30.872590141715985,0.014183039298782781,-0.9000000357627869,11.425000190734863,0.0,0.0,0.0,0.0,0.0,snow/ice covered,0.238546878099442,-7.70527744293213,100.0,505.126068115234
arenacam6_1769616046031912316.png,1769616046031912316,1769616046.031912,42.30177153569826,-83.697450998144,240.97918701171875,0.7098619609754238,0.7042595658979577,0.007810659396602653,0.007311210647825744,-0.06319000000000001,-0.04982,-0.01025,1.234,-0.1028,-9.7582,13.605143490878884,30.43388968048661,37.86000061035156,37.939998626708984,38.040000915527344,38.0,30.7426695648111,30.807628691675035,30.888831472216644,30.856350360000004,30.823870022175694,0.012814015749657093,-1.0,11.5,0.0,0.0,0.0,0.0,0.0,snow/ice covered,0.238546878099442,-7.70527744293213,100.0,505.126068115234
arenacam6_1769616046053397467.png,1769616046053397467,1769616046.0533974,42.30177153569826,-83.697450998144,240.97918701171875,0.7098282160064943,0.7042914953349737,0.007650464591730844,0.00767227159290383,-0.027980000000000005,-0.07315,-0.010520000000000002,0.1894,3.3311,-8.8477,13.606771321523144,30.437531039967986,38.09000015258789,37.87999725341797,38.09000015258789,37.939998626708984,30.929431313702775,30.75890702335007,30.929431313702775,30.807628691675035,30.856349585607663,0.013759938185844322,-1.0,11.75,0.0,0.0,0.0,0.0,0.0,snow/ice covered,0.238546878099442,-7.70527744293213,100.0,505.126068115234
arenacam6_1769616046073265163.png,1769616046073265163,1769616046.073265,42.30177398464582,-83.6974510242925,240.98825073242188,0.7096970095282261,0.7044307339278846,0.006736481798175991,0.007881343635316965,0.019170000000000003,-0.029790000000000004,-0.009510000000000001,-0.8525,-2.221,-9.228100000000001,13.591543378997228,30.40346704621406,37.869998931884766,37.959999084472656,38.029998779296875,37.939998626708984,30.750788294080582,30.823869247783357,30.88070964537781,30.807628691675035,30.815748969729196,0.01356035885277345,-1.100000023841858,11.699999809265137,0.0,0.0,0.0,0.0,0.0,snow/ice covered,0.238546878099442,-7.70527744293213,100.0,505.126068115234
arenacam6_1769616046094722361.png,1769616046094722361,1769616046.0947223,42.30177643335237,-83.6974510599802,240.9972686767578,0.7096860942258776,0.7044396993204728,0.006652209575335951,0.0081305468122621,-0.023420000000000003,-0.04709000000000001,-0.0032700000000000003,0.078,-2.2933,-9.454,13.592253052888744,30.405054544128948,38.09000015258789,37.86000061035156,38.07999801635742,38.040000915527344,30.929431313702775,30.7426695648111,30.92130948686394,30.888831472216644,30.870560459398618,0.015310148994932712,-1.100000023841858,11.475000381469727,0.0,0.0,0.0,0.0,0.0,snow/ice covered,0.238546878099442,-7.70527744293213,100.0,505.126068115234
arenacam6_1769616046114867866.png,1769616046114867866,1769616046.114868,42.30177888203513,-83.69745107628124,241.00625610351562,0.7096777295053146,0.704446740560033,0.0061518911235820956,0.008629263823220386,0.038430000000000006,-0.05160000000000001,-0.010730000000000002,0.7702,0.6338,-9.2984,13.593419531793835,30.4076638874509,38.029998779296875,37.98999786376953,38.06999969482422,38.07999801635742,30.88070964537781,30.848228533161162,30.913190757594453,30.92130948686394,30.89085960574934,0.01589058995412838,-1.2000000476837158,11.975000381469727,0.0,0.0,0.0,0.0,0.0,snow/ice covered,0.238546878099442,-7.70527744293213,100.0,505.126068115234
arenacam6_1769616046136149468.png,1769616046136149468,1769616046.1361494,42.30178133065174,-83.69745110936799,241.0149383544922,0.7096251247795845,0.704500468150943,0.005886552229035806,0.0087533513305777,0.019780000000000002,-0.05500000000000001,-0.01563,0.5987,-2.5789,-11.0753,13.599533134623586,30.421339650164885,38.04999923706055,38.06999969482422,38.16999816894531,38.07999801635742,30.896950201486128,30.913190757594453,30.994390440566715,30.92130948686394,30.93146022162781,0.016768511095472383,-1.2000000476837158,11.40000057220459,0.0,0.0,0.0,0.0,0.0,snow/ice covered,0.238546878099442,-7.70527744293213,100.0,505.126068115234
arenacam6_1769616046156243409.png,1769616046156243409,1769616046.1562436,42.301783775661725,-83.69745114632853,241.02389526367188,0.7097239121704689,0.7043939815487885,0.005675130127396313,0.009427626919147503,-0.013300000000000001,-0.028260000000000004,0.00867,-0.5692,0.8504,-8.129100000000001,13.565165300075261,30.344460866350357,37.98999786376953,37.98999786376953,38.0,38.02000045776367,30.848228533161162,30.848228533161162,30.856350360000004,30.872590916108322,30.856349585607663,0.016869263932942427,-1.2000000476837158,11.475000381469727,0.0,0.0,0.0,0.0,0.0,snow/ice covered,0.238546878099442,-7.70527744293213,100.0,505.126068115234
arenacam6_1769616046177341033.png,1769616046177341033,1769616046.177341,42.30178866857211,-83.69745121226295,241.04010009765625,0.7097275659019301,0.7043854222822956,0.005548209103238911,0.009857811666906484,-0.025000000000000005,-0.06577000000000001,0.00023000000000000003,-0.0325,-0.3256,-8.7759,13.57605856477395,30.36882844588544,37.98999786376953,38.029998779296875,38.02000045776367,37.98999786376953,30.848228533161162,30.88070964537781,30.872590916108322,30.848228533161162,30.862439406952113,0.016253869060054223,-1.2000000476837158,11.199999809265137,0.0,0.0,0.0,0.0,0.0,snow/ice covered,0.238546878099442,-7.70527744293213,100.0,505.126068115234
arenacam6_1769616046197308244.png,1769616046197308244,1769616046.197308,42.30178866857211,-83.69745121226295,241.04010009765625,0.7097584929583574,0.7043526678963573,0.005561490950237432,0.0099634692339321,-0.01682,-0.013130000000000003,0.008830000000000003,-1.6696,0.2069,-7.8962,13.5598941745068,30.33266967472124,38.02000045776367,37.939998626708984,37.959999084472656,37.87999725341797,30.872590916108322,30.807628691675035,30.823869247783357,30.75890702335007,30.8157489697292,0.015926039487732534,-1.2000000476837158,10.90000057220459,0.0,0.0,0.0,0.0,0.0,snow/ice covered,0.238546878099442,-7.70527744293213,100.0,505.126068115234
arenacam6_1769616046218555695.png,1769616046218555695,1769616046.2185557,42.30179355239116,-83.6974512945785,241.05372619628906,0.7098191754684042,0.7042903936657156,0.005800574831499001,0.00990620306526839,-0.007880000000000002,0.03384,-0.0021200000000000004,-0.10450000000000001,-0.32480000000000003,-7.865200000000001,13.539792454108008,30.28770333229237,38.06999969482422,37.89999771118164,38.02000045776367,37.84000015258789,30.913190757594453,30.775147579458388,30.872590916108322,30.726429008702773,30.821839565465986,0.017635415512147014,-1.2000000476837158,10.449999809265137,0.0,0.0,0.0,0.0,0.0,snow/ice covered,0.238546878099442,-7.70527744293213,100.0,505.126068115234
arenacam6_1769616046238760203.png,1769616046238760203,1769616046.2387602,42.3017959905969,-83.69745133182147,241.05975341796875,0.7099527024532649,0.7041471600846938,0.0063547149251738854,0.010176188981464449,-0.05305000000000001,-0.007940000000000001,0.025730000000000003,-0.334,1.2035,-9.392100000000001,13.538098725749153,30.283914563577312,37.89999771118164,37.79999923706055,37.939998626708984,37.82999801635742,30.775147579458388,30.69394789648613,30.807628691675035,30.71830718186394,30.74875783737087,0.01534951080441328,-1.2000000476837158,10.199999809265137,0.0,0.0,0.0,0.0,0.0,snow/ice covered,0.238546878099442,-7.70527744293213,100.0,505.126068115234
arenacam6_1769616046259926147.png,1769616046259926147,1769616046.2599263,42.30179843004557,-83.6974513712197,241.0654754638672,0.710033919600841,0.704063486223175,0.0065735186801817716,0.010160178920511628,-0.027530000000000006,0.033400000000000006,0.023160000000000004,0.168,2.0252,-9.5123,13.540415411153555,30.289096849825835,38.029998779296875,37.72999954223633,38.04999923706055,37.91999816894531,30.88070964537781,30.63710749889168,30.896950201486128,30.791388135566713,30.80153887033058,0.016918365808180014,-1.3000000715255737,9.90000057220459,0.0,0.0,0.0,0.0,0.0,snow/ice covered,0.238546878099442,-7.70527744293213,100.0,505.126068115234
arenacam6_1769616046280330713.png,1769616046280330713,1769616046.2803307,42.30180086957051,-83.69745142659035,241.07086181640625,0.710049468012257,0.7040430968739315,0.006957986504969312,0.01023020740119319,-0.053860000000000005,0.006390000000000001,0.0021900000000000005,0.25880000000000003,-2.8209,-9.6461,13.536913805617209,30.28126396833736,37.869998931884766,37.939998626708984,37.939998626708984,37.79999923706055,30.750788294080582,30.807628691675035,30.807628691675035,30.69394789648613,30.764998393479196,0.015974710489219935,-1.2000000476837158,9.199999809265137,0.0,0.0,0.0,0.0,0.0,snow/ice covered,0.238546878099442,-7.70527744293213,100.0,505.126068115234
arenacam6_1769616046301572064.png,1769616046301572064,1769616046.301572,42.30180330755486,-83.6974514625568,241.0761260986328,0.7101314251943848,0.7039537439660075,0.007295524472979476,0.01045278098387768,-0.07908000000000001,0.016270000000000003,0.024550000000000002,-0.2441,0.7712,-8.5672,13.5348984270312,30.276755687363174,37.91999816894531,37.86000061035156,37.89999771118164,37.86000061035156,30.791388135566713,30.7426695648111,30.775147579458388,30.7426695648111,30.762968711161825,0.016058953899132113,-1.2000000476837158,9.225000381469727,0.0,0.0,0.0,0.0,0.0,snow/ice covered,0.238546878099442,-7.70527744293213,100.0,505.126068115234
arenacam6_1769616046321686219.png,1769616046321686219,1769616046.3216863,42.30180330755486,-83.6974514625568,241.0761260986328,0.710220710237007,0.7038531453832619,0.0076392225302908566,0.010905721602104996,-0.03282,-0.00969,0.0054,-0.3276,-0.3163,-10.679300000000001,13.54114554788962,30.29073012189621,37.89999771118164,37.84000015258789,37.97999954223633,37.75,30.775147579458388,30.726429008702773,30.84010980389168,30.653348055,30.748758611763208,0.015121077901516245,-1.3000000715255737,8.949999809265137,0.0,0.0,0.0,0.0,0.0,snow/ice covered,0.238546878099442,-7.70527744293213,100.0,505.126068115234
arenacam6_1769616046342892088.png,1769616046342892088,1769616046.342892,42.30180574807546,-83.69745150773514,241.08163452148438,0.7102644405847222,0.7038035204898989,0.007792216249064498,0.011149455270272453,-0.05606000000000001,-0.012810000000000002,0.013150000000000002,-0.1696,-0.9566,-10.0532,13.541301057943807,30.29107798855682,37.939998626708984,37.790000915527344,37.7599983215332,37.89999771118164,30.807628691675035,30.685829167216646,30.66146678426949,30.775147579458388,30.73251805565489,0.014573270296449408,-1.2000000476837158,9.050000190734863,0.0,0.0,0.0,0.0,0.0,snow/ice covered,0.238546878099442,-7.70527744293213,100.0,505.126068115234
arenacam6_1769616046363102254.png,1769616046363102254,1769616046.3631022,42.301810626745656,-83.69745159945204,241.092041015625,0.710358118091104,0.7036965870912272,0.00813883555054015,0.01167119248855706,-0.058960000000000005,-0.023700000000000002,0.01718,-0.6795,1.4023,-8.9716,13.534752105135263,30.27642837406128,37.89999771118164,37.98999786376953,37.939998626708984,37.71999740600586,30.775147579458388,30.848228533161162,30.807628691675035,30.628985672052842,30.764997619086856,0.01613695112875826,-1.2000000476837158,9.225000381469727,0.0,0.0,0.0,0.0,0.0,snow/ice covered,0.238546878099442,-7.70527744293213,100.0,505.126068115234
arenacam6_1769616046384467606.png,1769616046384467606,1769616046.3844676,42.301810626745656,-83.69745159945204,241.092041015625,0.710395956278024,0.7036437122313636,0.008553516117991789,0.012245362514732312,-0.08208000000000001,-0.027770000000000003,0.004020000000000001,0.3073,-1.9054,-10.1613,13.54187278493523,30.292356907533016,38.2599983215332,37.689998626708984,38.02000045776367,37.86000061035156,31.06747139426949,30.604626386675033,30.872590916108322,30.7426695648111,30.821839565465986,0.017479084230692526,-1.2000000476837158,9.074999809265137,0.0,0.0,0.0,0.0,0.0,snow/ice covered,0.238546878099442,-7.70527744293213,100.0,505.126068115234
arenacam6_1769616046404480694.png,1769616046404480694,1769616046.4044807,42.301815503688736,-83.69745169727706,241.10284423828125,0.7105350707421663,0.703477032281664,0.00915048215477754,0.013275804078957015,-0.11229000000000001,-0.04136000000000001,0.027220000000000005,-1.0263,1.6151,-11.2081,13.530032453845884,30.265870797306015,38.369998931884766,37.89999771118164,38.02000045776367,37.77000045776367,31.156792904080582,30.775147579458388,30.872590916108322,30.669588611108324,30.868530002688903,0.019912171350329414,-1.3000000715255737,9.02500057220459,0.0,0.0,0.0,0.0,0.0,snow/ice covered,0.238546878099442,-7.70527744293213,100.0,505.126068115234
arenacam6_1769616046426240921.png,1769616046426240921,1769616046.426241,42.301815503688736,-83.69745169727706,241.10284423828125,0.7106117806655008,0.7033865900997821,0.009564411089223165,0.013664702255214867,-0.046250000000000006,-0.00136,0.005410000000000001,0.6904,0.4702,-10.6754,13.526275151288903,30.257465936924202,37.63999938964844,37.66999816894531,37.939998626708984,37.790000915527344,30.564026545188906,30.588385830566715,30.807628691675035,30.685829167216646,30.661467558661826,0.013352130101701854,-1.100000023841858,9.050000190734863,0.0,0.0,0.0,0.0,0.0,snow/ice covered,0.238546878099442,-7.70527744293213,100.0,505.126068115234
arenacam6_1769616046446005624.png,1769616046446005624,1769616046.4460056,42.30182037433586,-83.69745179538954,241.11514282226562,0.7106660729058093,0.7033164679816564,0.009830516004275161,0.014249197925933332,-0.06274,-0.007960000000000002,0.014430000000000002,-0.935,0.1932,-10.8472,13.514611538720192,30.23137513542475,37.959999084472656,37.79999923706055,37.91999816894531,37.869998931884766,30.823869247783357,30.69394789648613,30.791388135566713,30.750788294080582,30.764998393479193,0.017651306156733534,-1.2000000476837158,8.975000381469727,0.0,0.0,0.0,0.0,0.0,snow/ice covered,0.238546878099442,-7.70527744293213,100.0,505.126068115234
arenacam6_1769616046486935083.png,1769616046486935083,1769616046.4869351,42.30182523910749,-83.69745188173734,241.12710571289062,0.7108330687244303,0.7031179462879744,0.010553473616552749,0.015169911345003787,-0.06380000000000001,-0.022650000000000003,0.013310000000000002,-1.0918,1.4093,-8.624,13.502182539686368,30.203572210326026,37.82999801635742,37.97999954223633,37.959999084472656,37.79999923706055,30.71830718186394,30.84010980389168,30.823869247783357,30.69394789648613,30.76905853250627,0.01872249806222974,-1.2000000476837158,8.725000381469727,0.0,0.0,0.0,0.0,0.0,snow/ice covered,0.238546878099442,-7.70527744293213,100.0,505.126068115234
arenacam6_1769616046508183193.png,1769616046508183193,1769616046.5081832,42.301827666465044,-83.69745192342009,241.13258361816406,0.710959660933419,0.7029882298694942,0.011056598845226705,0.014888277683095039,-0.00512,0.045320000000000006,0.009590000000000001,0.23090000000000002,-0.1456,-8.9841,13.4738184119611,30.140123358452264,37.82999801635742,37.939998626708984,37.80999755859375,37.68000030517578,30.71830718186394,30.807628691675035,30.70206662575562,30.59650765740555,30.706127539175036,0.018779093037920348,-1.2000000476837158,8.65000057220459,0.0,0.0,0.0,0.0,0.0,snow/ice covered,0.238546878099442,-7.70527744293213,100.0,505.126068115234
arenacam6_1769616046528397548.png,1769616046528397548,1769616046.5283976,42.301827666465044,-83.69745192342009,241.13258361816406,0.7109722814437145,0.7029736668730703,0.011278843460203091,0.014806295686277005,-0.019540000000000005,0.043100000000000006,0.004600000000000001,0.2952,-0.6663,-9.3467,13.477365157925869,30.148057216370695,37.7599983215332,37.45000076293945,37.82999801635742,37.75,30.66146678426949,30.40974590851387,30.71830718186394,30.653348055,30.610716982411823,0.015346254742740071,-1.2000000476837158,8.875,0.0,0.0,0.0,0.0,0.0,snow/ice covered,0.238546878099442,-7.70527744293213,100.0,505.126068115234
arenacam6_1769616046549280852.png,1769616046549280852,1769616046.549281,42.30183251852766,-83.69745199845424,241.14370727539062,0.7111139235588321,0.7028164301248587,0.012010272432711544,0.014893173718352536,-0.013170000000000001,0.059370000000000006,0.017870000000000004,-1.4557,3.3059000000000003,-9.3726,13.454440567512286,30.096776283090936,37.790000915527344,37.68000030517578,37.790000915527344,37.64999771118164,30.685829167216646,30.59650765740555,30.685829167216646,30.57214527445839,30.63507781657431,0.017885687437754053,-1.3000000715255737,8.425000190734863,0.0,0.0,0.0,0.0,0.0,snow/ice covered,0.238546878099442,-7.70527744293213,100.0,505.126068115234
arenacam6_1769616046569890227.png,1769616046569890227,1769616046.5698903,42.30183251852766,-83.69745199845424,241.14370727539062,0.7111516419416647,0.7027819513608105,0.012173716479566749,0.014583265486193889,0.022160000000000003,0.06671,0.01063,0.4071,2.1827,-8.329,13.459096106977132,30.107190445541427,37.75,37.56999969482422,37.959999084472656,37.64999771118164,30.653348055,30.507186147594453,30.823869247783357,30.57214527445839,30.63913718120905,0.017668428298875032,-1.3000000715255737,8.550000190734863,0.0,0.0,0.0,0.0,0.0,snow/ice covered,0.238546878099442,-7.70527744293213,100.0,505.126068115234
arenacam6_1769616046590319734.png,1769616046590319734,1769616046.5903196,42.30183736472435,-83.69745207349057,241.15452575683594,0.7111645209600835,0.7027699997616497,0.012569051722896185,0.014190507440291388,-0.03219,0.04533000000000001,0.013110000000000002,-1.1649,-1.4718,-10.997200000000001,13.447733278700552,30.081772480456415,37.68000030517578,37.46999740600586,37.5099983215332,37.56999969482422,30.59650765740555,30.425983367052844,30.458464479269484,30.507186147594453,30.49703541283058,0.013804470220096057,-1.3000000715255737,8.824999809265137,0.0,0.0,0.0,0.0,0.0,snow/ice covered,0.238546878099442,-7.70527744293213,100.0,505.126068115234
arenacam6_1769616046611323068.png,1769616046611323068,1769616046.611323,42.30183978849197,-83.69745210196247,241.15975952148438,0.7112758569136393,0.7026434199784243,0.013411871941039663,0.014106786445855484,-0.050030000000000005,0.06839,0.011290000000000001,1.2457,1.8327,-10.113100000000001,13.45173518991309,30.09072451572419,37.75,37.61000061035156,37.84000015258789,37.599998474121094,30.653348055,30.5396672598111,30.726429008702773,30.53154543297226,30.612747439121534,0.017348300241975104,-1.3000000715255737,8.975000381469727,0.0,0.0,0.0,0.0,0.0,snow/ice covered,0.238546878099442,-7.70527744293213,100.0,505.126068115234
arenacam6_1769616046632006934.png,1769616046632006934,1769616046.632007,42.30184463428918,-83.69745217325766,241.17161560058594,0.7112608749210724,0.7026590514776301,0.01341303564780923,0.014082459223393967,0.008690000000000002,-0.00888,0.0035100000000000005,-1.1392,-0.6062000000000001,-11.2095,13.456392361700708,30.101142329582782,37.64999771118164,37.48999786376953,37.62999725341797,37.5099983215332,30.57214527445839,30.442223923161166,30.555904718350067,30.458464479269484,30.507184598809776,0.013489264453194651,-1.3000000715255737,9.074999809265137,0.0,0.0,0.0,0.0,0.0,snow/ice covered,0.238546878099442,-7.70527744293213,100.0,505.126068115234
arenacam6_1769616046652801481.png,1769616046652801481,1769616046.6528015,42.30184463428918,-83.69745217325766,241.17161560058594,0.7112872048047437,0.702629827376243,0.013563913011531146,0.01406620866123167,-0.01801,0.023730000000000005,0.007580000000000002,-0.9774,-0.8105,-11.5152,13.446780863909208,30.079641985713064,37.63999938964844,37.62999725341797,37.86000061035156,37.529998779296875,30.564026545188906,30.555904718350067,30.7426695648111,30.47470503537781,30.58432646593197,0.016778274171568127,-1.3000000715255737,8.77500057220459,0.0,0.0,0.0,0.0,0.0,snow/ice covered,0.238546878099442,-7.70527744293213,100.0,505.126068115234
arenacam6_1769616046673073992.png,1769616046673073992,1769616046.673074,42.30184948094072,-83.69745221830075,241.18441772460938,0.7113412836286936,0.7025681829688676,0.013824176641200574,0.014156928533373308,0.008290000000000002,0.011480000000000002,0.0013000000000000002,0.049100000000000005,2.1984,-8.971300000000001,13.446751059212549,30.07957531439492,37.61000061035156,37.529998779296875,37.59000015258789,37.62999725341797,30.5396672598111,30.47470503537781,30.523426703702775,30.555904718350067,30.523425929310434,0.01475588036986365,-1.3000000715255737,9.0,0.0,0.0,0.0,0.0,0.0,snow/ice covered,0.238546878099442,-7.70527744293213,100.0,505.126068115234
arenacam6_1769616046693939772.png,1769616046693939772,1769616046.6939397,42.30184948094072,-83.69745221830075,241.18441772460938,0.711351619373847,0.7025627259786658,0.013721384015529952,0.014007615797494955,0.03579,0.0063300000000000006,0.0022800000000000003,0.35200000000000004,2.285,-9.0462,13.450307976954354,30.087531925968275,37.599998474121094,37.40999984741211,37.66999816894531,37.56999969482422,30.53154543297226,30.37726479629723,30.588385830566715,30.507186147594453,30.501095551857663,0.01374534896737227,-1.3000000715255737,9.175000190734863,0.0,0.0,0.0,0.0,0.0,snow/ice covered,0.238546878099442,-7.70527744293213,100.0,505.126068115234
arenacam6_1769616046714519930.png,1769616046714519930,1769616046.7145197,42.30185432199373,-83.69745226319624,241.19949340820312,0.7112966509614724,0.7026393497543718,0.01304218297588055,0.013598528264873644,0.02406,-0.005940000000000001,-0.016520000000000003,-0.0028,-3.0900000000000003,-13.478,13.436694998142205,30.057080509144225,37.66999816894531,37.529998779296875,37.56999969482422,37.48999786376953,30.588385830566715,30.47470503537781,30.507186147594453,30.442223923161166,30.503125234175034,0.014839921824580058,-1.3000000715255737,9.65000057220459,0.0,0.0,0.0,0.0,0.0,snow/ice covered,0.238546878099442,-7.70527744293213,100.0,505.126068115234
arenacam6_1769616046735559860.png,1769616046735559860,1769616046.73556,42.30185432199373,-83.69745226319624,241.19949340820312,0.7113669160627919,0.7025662267960222,0.01303302974830424,0.013709406715572805,-0.014430000000000002,-0.017280000000000004,0.019870000000000002,-0.6671,1.1705,-11.3968,13.429953205517057,30.04199952354933,37.529998779296875,37.43000030517578,37.71999740600586,37.5099983215332,30.47470503537781,30.393505352405548,30.628985672052842,30.458464479269484,30.48891513477642,0.014876360372643059,-1.399999976158142,10.02500057220459,0.0,0.0,0.0,0.0,0.0,snow/ice covered,0.238546878099442,-7.70527744293213,100.0,505.126068115234
arenacam6_1769616046755947258.png,1769616046755947258,1769616046.7559474,42.30185674246692,-83.69745227243472,241.20751953125,0.7114451184415257,0.702516411405611,0.012200915876515976,0.012948853357737917,0.10596000000000001,-0.011590000000000001,-0.015110000000000002,0.38220000000000004,0.26930000000000004,-8.8094,13.435402517838796,30.05418930825432,37.43000030517578,37.380001068115234,37.66999816894531,37.64999771118164,30.393505352405548,30.35290551091942,30.588385830566715,30.57214527445839,30.47673549208752,0.014059477016641744,-1.5,10.52500057220459,0.0,0.0,0.0,0.0,0.0,snow/ice covered,0.238546878099442,-7.70527744293213,100.0,505.126068115234
arenacam6_1769616046776916323.png,1769616046776916323,1769616046.7769163,42.30185916232782,-83.69745230526468,241.2159423828125,0.7114166028545738,0.7025535359176536,0.011840548800362904,0.012835410260922634,0.06749000000000001,-0.03481000000000001,-0.010540000000000002,-0.6169,-2.2354000000000003,-9.7987,13.429346294552662,30.040641900136634,37.529998779296875,37.369998931884766,37.56999969482422,37.54999923706055,30.47470503537781,30.344783684080586,30.507186147594453,30.49094559148613,30.454405114634746,0.013773447846872714,-1.600000023841858,10.725000381469727,0.0,0.0,0.0,0.0,0.0,snow/ice covered,0.238546878099442,-7.70527744293213,100.0,505.126068115234
arenacam6_1769616046797498806.png,1769616046797498806,1769616046.797499,42.30186157923224,-83.69745230871824,241.22415161132812,0.7115128598665597,0.7024704917178434,0.0113088828390733,0.012520690042210668,0.047130000000000005,-0.00909,-0.0037300000000000002,0.8705,0.3012,-10.3824,13.422545958154853,30.02542995563492,37.45000076293945,37.40999984741211,37.56999969482422,37.45000076293945,30.40974590851387,30.37726479629723,30.507186147594453,30.40974590851387,30.425985690229854,0.013340549500433114,-1.8000000715255737,11.199999809265137,0.0,0.0,0.0,0.0,0.0,snow/ice covered,0.238546878099442,-7.70527744293213,100.0,505.126068115234
arenacam6_1769616046818920142.png,1769616046818920142,1769616046.8189201,42.30186399865856,-83.69745232587316,241.23275756835938,0.7114714006969675,0.7025146507570195,0.01106114143525187,0.012619929167304748,0.020710000000000006,-0.04900000000000001,-0.013000000000000003,0.26,-1.2678,-11.4417,13.425109626830261,30.031164728641688,37.380001068115234,37.43000030517578,37.5099983215332,37.45000076293945,30.35290551091942,30.393505352405548,30.458464479269484,30.40974590851387,30.40365531277708,0.012403467780926105,-1.899999976158142,11.350000381469727,0.0,0.0,0.0,0.0,0.0,snow/ice covered,0.238546878099442,-7.70527744293213,100.0,505.126068115234
arenacam6_1769616046838700868.png,1769616046838700868,1769616046.8387008,42.30186641102077,-83.6974523377244,241.2409210205078,0.7116448403252841,0.7023438213146089,0.010856476877718495,0.0125265641497184,0.029390000000000003,0.0022,0.013130000000000003,-0.16340000000000002,0.9376000000000001,-6.9203,13.398175772280473,29.970915312045083,37.48999786376953,37.380001068115234,37.38999938964844,37.40999984741211,30.442223923161166,30.35290551091942,30.361024240188904,30.37726479629723,30.38335461764168,0.013761318308181258,-2.0,11.75,0.0,0.0,0.0,0.0,0.0,snow/ice covered,0.238546878099442,-7.70527744293213,100.0,505.126068115234
arenacam6_1769616046859587309.png,1769616046859587309,1769616046.8595874,42.30187124081805,-83.6974523725042,241.25558471679688,0.7115983983016289,0.7023890023209036,0.010788664951423074,0.012689115878097922,-0.029730000000000003,-0.04623000000000001,-0.008090000000000002,0.052000000000000005,-2.5143,-8.2741,13.408351185998505,29.9936771020075,37.45000076293945,37.380001068115234,37.40999984741211,37.40999984741211,30.40974590851387,30.35290551091942,30.37726479629723,30.37726479629723,30.379295253006937,0.012856648075791552,-2.0,11.27500057220459,0.0,0.0,0.0,0.0,0.0,snow/ice covered,0.238546878099442,-7.70527744293213,100.0,505.126068115234
arenacam6_1769616046880147529.png,1769616046880147529,1769616046.8801475,42.30187124081805,-83.6974523725042,241.25558471679688,0.7117617858283822,0.7022136153541024,0.010944066842666599,0.01309297699745674,-0.022970000000000004,-0.015700000000000002,0.028850000000000004,0.1633,2.6353,-10.2006,13.40047892688438,29.976067330704748,37.29999923706055,37.349998474121094,37.38999938964844,37.380001068115234,30.28794328648613,30.32854312797226,30.361024240188904,30.35290551091942,30.332604041391676,0.011894045564867159,-2.0,11.350000381469727,0.0,0.0,0.0,0.0,0.0,snow/ice covered,0.238546878099442,-7.70527744293213,100.0,505.126068115234
arenacam6_1769616046900960558.png,1769616046900960558,1769616046.9009604,42.301876068873824,-83.69745239737433,241.2701873779297,0.7117790414852283,0.7022006359171614,0.010630766399974673,0.013109150455037397,0.018670000000000003,-0.01597,-0.0032600000000000003,0.059300000000000005,-0.9947,-11.7254,13.397888781404498,29.97027333067498,37.40999984741211,37.27000045776367,37.48999786376953,37.369998931884766,30.37726479629723,30.263584001108324,30.442223923161166,30.344783684080586,30.356964101161825,0.012902477272072811,-2.0,11.40000057220459,0.0,0.0,0.0,0.0,0.0,snow/ice covered,0.238546878099442,-7.70527744293213,100.0,505.126068115234
arenacam6_1769616046921454578.png,1769616046921454578,1769616046.9214547,42.301876068873824,-83.69745239737433,241.2701873779297,0.711860704782358,0.7021135895553307,0.010666347310744373,0.013306892332168908,-0.015580000000000002,0.014630000000000002,0.014360000000000001,-0.7379,0.6138,-8.5945,13.380763537807034,29.93196518826207,37.5099983215332,37.2599983215332,37.5099983215332,37.32999801635742,30.458464479269484,30.255462174269486,30.458464479269484,30.31230257186394,30.3711734261681,0.014673551674390793,-2.0,10.975000381469727,0.0,0.0,0.0,0.0,0.0,snow/ice covered,0.238546878099442,-7.70527744293213,100.0,505.126068115234
arenacam6_1769616046942471269.png,1769616046942471269,1769616046.9424713,42.30188089358862,-83.69745243079893,241.28460693359375,0.7119344770903421,0.7020417251280009,0.010378067629543578,0.013379544898025312,0.023940000000000003,-0.028050000000000005,0.008020000000000001,0.2436,1.4323000000000001,-9.2438,13.386518526101879,29.944838751778338,37.2599983215332,37.369998931884766,37.529998779296875,37.32999801635742,30.255462174269486,30.344783684080586,30.47470503537781,30.31230257186394,30.346813366397953,0.013423836339601017,-2.0,9.77500057220459,0.0,0.0,0.0,0.0,0.0,snow/ice covered,0.238546878099442,-7.70527744293213,100.0,505.126068115234
arenacam6_1769616046963263054.png,1769616046963263054,1769616046.963263,42.30188330162191,-83.69745243974943,241.2917022705078,0.7119953507646714,0.7019873402373213,0.009904095107975913,0.013353034715587868,0.020460000000000006,-0.013440000000000002,0.014100000000000001,-0.9472,-0.0661,-9.6981,13.362690060407187,29.891535903727256,37.40999984741211,37.45000076293945,37.40999984741211,37.30999755859375,30.37726479629723,30.40974590851387,30.37726479629723,30.296062015755616,30.365084379215986,0.015842226274819227,-2.0,8.699999809265137,0.0,0.0,0.0,0.0,0.0,snow/ice covered,0.238546878099442,-7.70527744293213,100.0,505.126068115234
arenacam6_1769616046983531184.png,1769616046983531184,1769616046.9835312,42.30188571129965,-83.69745245329871,241.29830932617188,0.7120327715590581,0.7019508179823248,0.009867692474795025,0.013304510704783522,0.012670000000000002,0.0019300000000000003,0.009720000000000003,0.0461,0.0402,-8.8231,13.363779380036876,29.89397264637969,37.45000076293945,37.349998474121094,37.56999969482422,37.38999938964844,30.40974590851387,30.32854312797226,30.507186147594453,30.361024240188904,30.40162485606737,0.016981758018339527,-2.1000001430511475,6.925000190734863,0.0,0.0,0.0,0.0,0.0,snow/ice covered,0.238546878099442,-7.70527744293213,100.0,505.126068115234
arenacam6_1769616047004687737.png,1769616047004687737,1769616047.0046875,42.301888116514334,-83.69745246293745,241.3050537109375,0.7120785169370819,0.7019119780146941,0.009508694198009825,0.01316607651635641,0.04716000000000001,0.004190000000000001,0.003,-0.4344,0.9570000000000001,-9.616100000000001,13.353098895749214,29.87008104385725,37.46999740600586,37.2599983215332,37.32999801635742,37.38999938964844,30.425983367052844,30.255462174269486,30.31230257186394,30.361024240188904,30.338693088343796,0.015688341916397782,-2.1000001430511475,5.275000095367432,0.0,0.0,0.0,0.0,0.0,snow/ice covered,0.238546878099442,-7.70527744293213,100.0,505.126068115234
arenacam6_1769616047025003692.png,1769616047025003692,1769616047.0250037,42.301890520145385,-83.69745246956371,241.31158447265625,0.7120936461553571,0.7019013561778363,0.00931838931241086,0.013049633002713324,0.043340000000000004,-0.01076,0.0033100000000000004,-0.6797000000000001,-0.2286,-9.8782,13.346766784419092,29.855916490738444,37.5099983215332,37.27000045776367,37.40999984741211,37.22999954223633,30.458464479269484,30.263584001108324,30.37726479629723,30.23110288889168,30.33260404139168,0.01596626755039014,-2.200000047683716,3.125,0.0,0.0,0.0,0.0,0.0,snow/ice covered,0.238546878099442,-7.70527744293213,100.0,505.126068115234
arenacam6_1769616047045774359.png,1769616047045774359,1769616047.0457742,42.30189292245655,-83.69745248481534,241.31776428222656,0.7121904959706025,0.7018042541733583,0.009414844157916727,0.012916926213510546,-0.0177,0.011910000000000002,0.012160000000000002,-0.9771000000000001,0.0721,-8.9097,13.327672730202874,29.81320423710002,37.380001068115234,37.27000045776367,37.34000015258789,37.25,30.35290551091942,30.263584001108324,30.320424398702773,30.247343445,30.296064338932627,0.016196182671023605,-2.299999952316284,0.0,0.0,0.0,0.0,0.0,0.0,snow/ice covered,0.238546878099442,-7.70527744293213,100.0,505.126068115234
arenacam6_1769616047066573857.png,1769616047066573857,1769616047.0665739,42.301895325091785,-83.69745249449589,241.32374572753906,0.7122220943295074,0.7017705072762407,0.009591686747069682,0.012878004949693442,-0.019190000000000006,0.030580000000000006,0.009700000000000002,-0.2291,0.6258,-9.1376,13.32584827661995,29.809123043902236,37.45000076293945,37.22999954223633,37.369998931884766,37.34000015258789,30.40974590851387,30.23110288889168,30.344783684080586,30.320424398702773,30.326514220047226,0.017356806350290396,-2.5,0.0,0.0,0.0,0.0,0.0,0.0,snow/ice covered,0.238546878099442,-7.70527744293213,100.0,505.126068115234
arenacam6_1769616047087685661.png,1769616047087685661,1769616047.0876856,42.30189772407418,-83.69745250260448,241.32957458496094,0.7123174923021601,0.7016779770166859,0.009891671843275076,0.012408124688207414,0.01921,0.03011,0.0030700000000000002,0.2422,-0.552,-9.146700000000001,13.313170897323905,29.78076450705974,37.29999923706055,37.25,37.38999938964844,37.29999923706055,30.28794328648613,30.247343445,30.361024240188904,30.28794328648613,30.29606356454029,0.01730308358465396,-2.799999952316284,0.0,0.0,0.0,0.0,0.0,0.0,snow/ice covered,0.238546878099442,-7.70527744293213,100.0,505.126068115234
arenacam6_1769616047107693077.png,1769616047107693077,1769616047.107693,42.30189772407418,-83.69745250260448,241.32957458496094,0.7123478702009762,0.7016470204493667,0.010039092450453419,0.012295817883738767,-0.004050000000000001,0.03710000000000001,0.00859,-0.23170000000000002,-1.0943,-9.487,13.31136508315341,29.77672500910919,37.34000015258789,37.11000061035156,37.30999755859375,37.27000045776367,30.320424398702773,30.1336626498111,30.296062015755616,30.263584001108324,30.253433266344455,0.01600942538474038,-2.9000000953674316,0.0,0.0,0.0,0.0,0.0,0.0,snow/ice covered,0.238546878099442,-7.70527744293213,100.0,505.126068115234
arenacam6_1769616047149091888.png,1769616047149091888,1769616047.149092,42.30190251907127,-83.69745252018907,241.33998107910156,0.712528859382631,0.7014700683481572,0.010491365343144609,0.01150213074849857,0.04401000000000001,0.03262,0.006150000000000001,0.4641,0.3215,-9.7393,13.301140643700315,29.753853551518983,37.2599983215332,37.07999801635742,37.27000045776367,37.14999771118164,30.255462174269486,30.10930026686394,30.263584001108324,30.16614066445839,30.198621776675033,0.014948256177504239,-3.6000001430511475,0.0,0.0,0.0,0.0,0.0,0.0,snow/ice covered,0.238546878099442,-7.70527744293213,100.0,505.126068115234
arenacam6_1769616047169844543.png,1769616047169844543,1769616047.1698444,42.30190730851493,-83.6974525387191,241.3512420654297,0.712528859382631,0.7014700683481572,0.010491365343144609,0.01150213074849857,0.04401000000000001,0.03262,0.006150000000000001,0.4641,0.3215,-9.7393,13.301140643700315,29.753853551518983,37.43000030517578,37.11000061035156,37.27000045776367,37.11000061035156,30.393505352405548,30.1336626498111,30.263584001108324,30.1336626498111,30.231103663284017,0.016039942891386244,-4.200000286102295,0.7250000238418579,0.0,0.0,0.0,0.0,0.0,snow/ice covered,0.238546878099442,-7.70527744293213,100.0,505.126068115234
arenacam6_1769616047194691390.png,1769616047194691390,1769616047.1946914,42.30190730851493,-83.6974525387191,241.3512420654297,0.7125995301255055,0.7014011927842542,0.01061601776708982,0.011206096220504969,0.00136,0.023360000000000006,0.015580000000000002,-0.5103,-0.5231,-11.0477,13.296379874344824,29.74320399611691,37.22999954223633,37.130001068115234,37.16999816894531,37.0099983215332,30.23110288889168,30.14990320591942,30.182381220566715,30.052459869269484,30.153961796161823,0.013810139623778877,-4.599999904632568,1.9500000476837158,0.0,0.0,0.0,0.0,0.0,snow/ice covered,0.238546878099442,-7.70527744293213,100.0,505.126068115234
arenacam6_1769616047211193749.png,1769616047211193749,1769616047.2111938,42.30191209819072,-83.69745254803603,241.36288452148438,0.7129280337464199,0.7010687322871395,0.010932805100113532,0.010803938189833861,0.009140000000000002,0.013680000000000001,0.027100000000000003,-0.1368,1.2352,-10.2946,13.29515543120253,29.74046499027419,37.09000015258789,36.97999954223633,37.09000015258789,37.11000061035156,30.117422093702775,30.02810058389168,30.117422093702775,30.1336626498111,30.099151855277082,0.012060566810915361,-5.099999904632568,1.9500000476837158,0.0,0.0,0.0,0.0,0.0,snow/ice covered,0.238546878099442,-7.70527744293213,100.0,505.126068115234
arenacam6_1769616047232209213.png,1769616047232209213,1769616047.2322092,42.30191449004347,-83.69745255343115,241.3690948486328,0.7130628879979934,0.7009357421538452,0.010840047850605784,0.010625276175038119,0.011050000000000003,0.022340000000000006,0.01485,-0.14600000000000002,-0.9514,-10.823500000000001,13.284937007911445,29.71760699047743,37.16999816894531,37.029998779296875,37.14999771118164,36.97999954223633,30.182381220566715,30.06870042537781,30.16614066445839,30.02810058389168,30.111330723573644,0.01324883706895968,-5.599999904632568,2.25,0.0,0.0,0.0,0.0,0.0,snow/ice covered,0.238546878099442,-7.70527744293213,100.0,505.126068115234
arenacam6_1769616047255819070.png,1769616047255819070,1769616047.255819,42.301919274754965,-83.6974525600803,241.3824462890625,0.713272042029223,0.700720303066277,0.01086385631437783,0.010771608800334943,-0.0034700000000000004,-0.009460000000000001,0.02034,0.48310000000000003,0.1821,-10.8139,13.284029238703198,29.715576365224734,36.98999786376953,37.029998779296875,37.11000061035156,37.04999923706055,30.036219313161165,30.06870042537781,30.1336626498111,30.08494098148613,30.08088084245905,0.012293366709246113,-6.200000286102295,4.224999904632568,0.0,0.0,0.0,0.0,0.0,snow/ice covered,0.238546878099442,-7.70527744293213,100.0,505.126068115234
arenacam6_1769616047275652244.png,1769616047275652244,1769616047.2756524,42.301919274754965,-83.6974525600803,241.3824462890625,0.7133653637938117,0.7006246248151211,0.010776023281522612,0.010902759477752736,-0.00632,-0.03135,0.02619,-0.5344,1.6437000000000002,-10.761800000000001,13.278589102110777,29.703407106075684,36.709999084472656,36.80999755859375,37.11000061035156,36.91999816894531,29.808857722783355,29.890057405755616,30.1336626498111,29.979378915566713,29.952989173479196,0.008402472703290038,-6.700000286102295,5.200000286102295,0.0,0.0,0.0,0.0,0.0,snow/ice covered,0.238546878099442,-7.70527744293213,100.0,505.126068115234
arenacam6_1769616047293986890.png,1769616047293986890,1769616047.2939868,42.30192166547061,-83.69745256477604,241.38992309570312,0.7135337468454024,0.7004518649661772,0.010616698988166931,0.011138342819297984,-0.014940000000000002,-0.05141000000000001,0.024650000000000002,-0.0949,-0.3618,-10.9663,13.277773554303444,29.701582774563548,36.86000061035156,36.779998779296875,37.04999923706055,36.959999084472656,29.930660344811095,29.86569812037781,30.08494098148613,30.011860027783356,29.973289868614597,0.009147899494559563,-7.200000286102295,5.875,0.0,0.0,0.0,0.0,0.0,snow/ice covered,0.238546878099442,-7.70527744293213,100.0,505.126068115234
arenacam6_1769616047314884981.png,1769616047314884981,1769616047.314885,42.30192166547061,-83.69745256477604,241.38992309570312,0.7138575819922868,0.7001157064748326,0.010446123007514666,0.01167170482334999,-0.004750000000000001,-0.029620000000000004,0.03311000000000001,-0.5709000000000001,2.8224,-9.5584,13.260278482870799,29.662447349473005,36.80999755859375,36.7599983215332,37.06999969482422,36.880001068115234,29.890057405755616,29.849457564269485,30.101181537594453,29.94690090091942,29.946899352134743,0.009589633630375112,-7.800000190734863,6.450000286102295,0.0,0.0,0.0,0.0,0.0,snow/ice covered,0.238546878099442,-7.70527744293213,100.0,505.126068115234
arenacam6_1769616047336141365.png,1769616047336141365,1769616047.3361413,42.30192882942171,-83.697452563451,241.41305541992188,0.7139997135290133,0.6999784011379045,0.009945509149858024,0.01165048791511023,0.03973000000000001,-0.025950000000000004,0.016210000000000002,0.0876,-0.48460000000000003,-10.0433,13.257307305933512,29.65580100493491,36.779998779296875,36.849998474121094,36.97999954223633,36.849998474121094,29.86569812037781,29.92253851797226,30.02810058389168,29.92253851797226,29.9347189350535,0.00940517270372075,-8.300000190734863,7.375,0.0,0.0,0.0,0.0,0.0,snow/ice covered,0.238546878099442,-7.70527744293213,100.0,505.126068115234
arenacam6_1769616047356304656.png,1769616047356304656,1769616047.3563046,42.30192882942171,-83.697452563451,241.41305541992188,0.7140839768619582,0.6998919232120154,0.009747286707989754,0.01184737158312142,-0.00023000000000000003,-0.05626000000000001,0.023220000000000005,-0.5247,-2.2381,-10.475200000000001,13.252074130744132,29.64409470602678,37.029998779296875,36.709999084472656,36.849998474121094,36.79999923706055,30.06870042537781,29.808857722783355,29.92253851797226,29.88193867648613,29.92050883565489,0.009324424725033411,-8.800000190734863,8.100000381469727,0.0,0.0,0.0,0.0,0.0,snow/ice covered,0.238546878099442,-7.70527744293213,100.0,505.126068115234
arenacam6_1769616047376910957.png,1769616047376910957,1769616047.376911,42.30193360005332,-83.69745254745014,241.42918395996094,0.7144836178437617,0.6994755282728861,0.009480217348286146,0.012540759916604827,0.0148,-0.04834000000000001,0.03393000000000001,-0.005200000000000001,3.2908,-9.423300000000001,13.244142086587122,29.626351199170198,36.84000015258789,36.7599983215332,36.880001068115234,36.7599983215332,29.914419788702777,29.849457564269485,29.94690090091942,29.849457564269485,29.89005895454029,0.008901121626394481,-9.40000057220459,9.324999809265137,0.0,0.0,0.0,0.0,0.0,snow/ice covered,0.238546878099442,-7.70527744293213,100.0,505.126068115234
arenacam6_1769616047397942044.png,1769616047397942044,1769616047.397942,42.30193360005332,-83.69745254745014,241.42918395996094,0.7145541446257755,0.6994057194772912,0.009142418229219957,0.012666102380012666,0.029370000000000004,-0.06606000000000001,0.018680000000000006,0.0012000000000000001,0.4101,-9.5294,13.244220768862624,29.62652720669956,36.97999954223633,36.75,36.80999755859375,36.75,30.02810058389168,29.841338835000002,29.890057405755616,29.841338835000002,29.900208914911826,0.009237724904536799,-9.600000381469727,11.300000190734863,0.0,0.0,0.0,0.0,0.0,snow/ice covered,0.238546878099442,-7.70527744293213,100.0,505.126068115234
arenacam6_1769616047418024298.png,1769616047418024298,1769616047.4180243,42.301935981049084,-83.69745254451016,241.4368896484375,0.7149092491774662,0.6990310394539362,0.008903412416106487,0.013457361101255155,-0.05201000000000001,-0.04433,0.04846000000000001,-0.17250000000000001,-0.2619,-8.8111,13.219346814021794,29.570885662157913,36.939998626708984,36.709999084472656,37.029998779296875,36.7599983215332,29.995619471675035,29.808857722783355,30.06870042537781,29.849457564269485,29.93065879602642,0.012166464609104095,-10.0,13.100000381469727,0.0,0.0,0.0,0.0,0.0,snow/ice covered,0.238546878099442,-7.70527744293213,100.0,505.126068115234
arenacam6_1769616047438899751.png,1769616047438899751,1769616047.4388998,42.30194074460187,-83.69745252682893,241.4524383544922,0.7151596611952318,0.6987578873129322,0.008820209025299007,0.01436237549427849,-0.05648000000000001,-0.08658000000000002,0.029270000000000004,-0.0253,1.4621000000000002,-9.25,13.226293955306833,29.58642600038407,37.130001068115234,36.880001068115234,36.88999938964844,36.7599983215332,30.14990320591942,29.94690090091942,29.955019630188904,29.849457564269485,29.975320325324308,0.013144349538372443,-10.199999809265137,14.100000381469727,0.0,0.0,0.0,0.0,0.0,snow/ice covered,0.238546878099442,-7.70527744293213,100.0,505.126068115234
arenacam6_1769616047459374320.png,1769616047459374320,1769616047.4593744,42.30194311752263,-83.69745252023057,241.4595947265625,0.7155537114536318,0.6983322448175231,0.008735459746155042,0.015448417914955472,-0.039830000000000004,-0.03628000000000001,0.04891,-1.5623,0.8383,-8.7941,13.185013455183324,29.494083998437787,36.88999938964844,36.52000045776367,37.0099983215332,36.7599983215332,29.955019630188904,29.654577086108326,30.052459869269484,29.849457564269485,29.87787853745905,0.013012593950759467,-10.5,14.425000190734863,0.0,0.0,0.0,0.0,0.0,snow/ice covered,0.238546878099442,-7.70527744293213,100.0,505.126068115234
arenacam6_1769616047480676362.png,1769616047480676362,1769616047.4806764,42.301945493967345,-83.69745251695147,241.46652221679688,0.7156940747870797,0.6981815527590779,0.008795314022812688,0.015721105331022507,-0.047170000000000004,-0.030270000000000005,0.040850000000000004,-0.8501000000000001,-0.4304,-8.5931,13.177182833508487,29.476567367588476,37.029998779296875,36.65999984741211,37.130001068115234,36.779998779296875,30.06870042537781,29.768257881297227,30.14990320591942,29.86569812037781,29.96313990824307,0.01650709645349045,-10.699999809265137,14.199999809265137,0.0,0.0,0.0,0.0,0.0,snow/ice covered,0.238546878099442,-7.70527744293213,100.0,505.126068115234
arenacam6_1769616047501031201.png,1769616047501031201,1769616047.5010312,42.301945493967345,-83.69745251695147,241.46652221679688,0.7158398168395477,0.6980224453754152,0.008978007090269857,0.016044244074907447,-0.07139000000000001,-0.020300000000000002,0.042820000000000004,-0.8744000000000001,-0.4587,-8.125,13.16903143269968,29.458333173063224,36.93000030517578,36.689998626708984,36.959999084472656,36.779998779296875,29.98750074240555,29.792617166675036,30.011860027783356,29.86569812037781,29.91441901431044,0.015482404879046646,-11.0,14.324999809265137,0.0,0.0,0.0,0.0,0.0,snow/ice covered,0.238546878099442,-7.70527744293213,100.0,505.126068115234
arenacam6_1769616047542141102.png,1769616047542141102,1769616047.5421412,42.30195258954399,-83.6974524811598,241.4835662841797,0.7167471621474292,0.6970646474974862,0.009962706006091754,0.016586960295608248,-0.016770000000000004,0.020130000000000002,0.04811000000000001,-0.7108,0.5769000000000001,-9.3292,13.113577566576614,29.334286201777893,36.88999938964844,36.7599983215332,37.06999969482422,36.5,29.955019630188904,29.849457564269485,30.101181537594453,29.63833653,29.88599881551321,0.018807773604591085,-11.699999809265137,14.350000381469727,0.0,0.0,0.0,0.0,0.0,snow/ice covered,0.238546878099442,-7.70527744293213,100.0,505.126068115234
arenacam6_1769616047563133248.png,1769616047563133248,1769616047.5631332,42.30195495104829,-83.69745246048929,241.48878479003906,0.7173293865300187,0.6964672381061627,0.010439753829048045,0.016215702427882,-0.00202,0.031880000000000006,0.059980000000000006,-0.07100000000000001,0.0658,-9.657300000000001,13.106758345534109,29.319032013459072,36.91999816894531,36.61000061035156,37.0099983215332,36.80999755859375,29.979378915566713,29.727658039811097,30.052459869269484,29.890057405755616,29.91238855760073,0.020237930906766375,-12.300000190734863,14.324999809265137,0.0,0.0,0.0,0.0,0.0,snow/ice covered,0.238546878099442,-7.70527744293213,100.0,505.126068115234
arenacam6_1769616047583948049.png,1769616047583948049,1769616047.5839481,42.30195495104829,-83.69745246048929,241.48878479003906,0.7175257117996787,0.696263971529192,0.010591659168118935,0.016160186039378396,-0.012720000000000002,0.027940000000000003,0.05687000000000001,-2.1431,0.9573,-8.9704,13.085930622289908,29.27244164622519,37.209999084472656,36.70000076293945,36.95000076293945,36.55999755859375,30.214862332783355,29.80073899351387,30.00374129851387,29.687055100755614,29.92659943139168,0.022347223134727683,-12.600000381469727,14.225000381469727,0.0,0.0,0.0,0.0,0.0,snow/ice covered,0.238546878099442,-7.70527744293213,100.0,505.126068115234
arenacam6_1769616047604254174.png,1769616047604254174,1769616047.6042542,42.301959663142725,-83.69745241112444,241.49769592285156,0.7181191924236155,0.6956558118610634,0.011569811555197618,0.015295631969823415,-0.013100000000000002,0.033800000000000004,0.05079000000000001,1.3852,0.36610000000000004,-8.4039,13.086982379640668,29.274794364313397,36.779998779296875,36.56999969482422,36.7599983215332,36.66999816894531,29.86569812037781,29.695176927594456,29.849457564269485,29.77637661056671,29.796677305702115,0.017827040384779076,-12.90000057220459,14.199999809265137,0.0,0.0,0.0,0.0,0.0,snow/ice covered,0.238546878099442,-7.70527744293213,100.0,505.126068115234
arenacam6_1769616047645988727.png,1769616047645988727,1769616047.6459887,42.30196201506723,-83.69745238363637,241.5019989013672,0.7187745382096851,0.6949617425926454,0.012725595450636704,0.01514591609887097,-0.06927000000000001,0.11573000000000001,0.07119000000000002,-1.6563,-0.7404000000000001,-9.7154,13.047181153260034,29.1857614089735,36.79999923706055,36.64999771118164,36.66999816894531,36.599998474121094,29.88193867648613,29.76013605445839,29.77637661056671,29.719536212972262,29.784496888620872,0.020514643125372843,-13.5,14.25,0.0,0.0,0.0,0.0,0.0,snow/ice covered,0.238546878099442,-7.70527744293213,100.0,505.126068115234
arenacam6_1769616047666367116.png,1769616047666367116,1769616047.6663673,42.3019667145591,-83.69745232477341,241.5094451904297,0.7195182199187982,0.694163919176667,0.01436309630526538,0.014956135286214882,-0.027970000000000002,0.08556000000000001,0.07502,0.43570000000000003,2.8538,-7.1526000000000005,13.056270984195514,29.206094815386315,36.779998779296875,36.29999923706055,36.849998474121094,36.46999740600586,29.86569812037781,29.47593406648613,29.92253851797226,29.61397414705284,29.719536212972262,0.017579940106044446,-13.600000381469727,14.050000190734863,0.0,0.0,0.0,0.0,0.0,snow/ice covered,0.238546878099442,-7.70527744293213,100.0,505.126068115234
arenacam6_1769616047688156350.png,1769616047688156350,1769616047.6881564,42.301969065645004,-83.697452296407,241.51315307617188,0.7198938525689558,0.6937559917005364,0.015176908984057842,0.015004214298697669,-0.08798000000000002,0.056220000000000006,0.05836000000000001,-0.3597,-1.7645000000000002,-12.144,13.057541200677631,29.208936213443824,36.709999084472656,36.439998626708984,36.66999816894531,36.5,29.808857722783355,29.589614861675035,29.77637661056671,29.63833653,29.703296431256277,0.01692496481898292,-14.100000381469727,14.225000381469727,0.0,0.0,0.0,0.0,0.0,snow/ice covered,0.238546878099442,-7.70527744293213,100.0,505.126068115234
arenacam6_1769616047707903117.png,1769616047707903117,1769616047.7079031,42.301969065645004,-83.697452296407,241.51315307617188,0.7201535427121091,0.6934676561995953,0.015735353962593655,0.01529324556496775,-0.11920000000000001,0.038180000000000006,0.07844000000000001,-0.544,0.7428,-13.963600000000001,13.051735363909176,29.195948904942995,36.47999954223633,36.290000915527344,36.849998474121094,36.56999969482422,29.622095973891682,29.467815337216646,29.92253851797226,29.695176927594456,29.67690668916876,0.01647344245572156,-14.199999809265137,14.074999809265137,0.0,0.0,0.0,0.0,0.0,snow/ice covered,0.238546878099442,-7.70527744293213,100.0,505.126068115234
arenacam6_1769616047728319278.png,1769616047728319278,1769616047.7283192,42.30197376810578,-83.69745221365561,241.5198211669922,0.7209566096691169,0.6926252152408562,0.016316421556073175,0.01502173673630132,0.0342,0.02085,0.05730000000000001,1.3061,1.312,-11.8175,13.067463331763436,29.231131425354903,36.72999954223633,36.099998474121094,36.75,36.369998931884766,29.82509827889168,29.31353160297226,29.841338835000002,29.532774464080582,29.628185795236128,0.013583270661115173,-14.5,14.175000190734863,0.0,0.0,0.0,0.0,0.0,snow/ice covered,0.238546878099442,-7.70527744293213,100.0,505.126068115234
arenacam6_1769616047790831116.png,1769616047790831116,1769616047.790831,42.30198082010701,-83.69745203109129,241.53915405273438,0.7222830398366932,0.691273159109649,0.015279749349908809,0.01466830319552223,0.09921000000000002,-0.05367000000000001,0.043800000000000006,0.4096,-0.2592,-10.9669,13.07463761052413,29.24717985648585,36.46999740600586,36.29999923706055,36.66999816894531,36.43000030517578,29.61397414705284,29.47593406648613,29.77637661056671,29.58149613240555,29.611945239127806,0.012471813844337726,-16.0,13.925000190734863,0.0,0.0,0.0,0.0,0.0,snow/ice covered,0.238546878099442,-7.70527744293213,100.0,505.126068115234
arenacam6_1769616047811270752.png,1769616047811270752,1769616047.8112707,42.30198551715634,-83.6974518490004,241.55557250976562,0.7229768389639846,0.6905800987612779,0.013987333290540067,0.014421235173451232,0.09845000000000001,-0.048990000000000006,0.06088000000000001,-0.5035000000000001,4.5986,-10.5115,13.050606043508088,29.193422682964986,36.55999755859375,36.47999954223633,36.75,36.46999740600586,29.687055100755614,29.622095973891682,29.841338835000002,29.61397414705284,29.691116014175034,0.01704813226646641,-16.200000762939453,12.90000057220459,0.0,0.0,0.0,0.0,0.0,snow/ice covered,0.238546878099442,-7.70527744293213,100.0,505.126068115234
arenacam6_1769616047831956173.png,1769616047831956173,1769616047.8319561,42.30198551715634,-83.6974518490004,241.55557250976562,0.7231549186561842,0.6904130674582345,0.013381933989966515,0.014060005297547301,0.13599,-0.03860000000000001,0.04803000000000001,-0.874,2.8335000000000004,-9.7659,13.041561035180784,29.173189542037306,36.369998931884766,36.2599983215332,36.709999084472656,36.459999084472656,29.532774464080582,29.443452954269485,29.808857722783355,29.605855417783356,29.597735139729195,0.014552594500513466,-17.0,11.925000190734863,0.0,0.0,0.0,0.0,0.0,snow/ice covered,0.238546878099442,-7.70527744293213,100.0,505.126068115234
arenacam6_1769616047852445842.png,1769616047852445842,1769616047.8524458,42.30199020959571,-83.69745167169216,241.5718231201172,0.7237909086636536,0.6897817435988362,0.012386603842052065,0.013207527355727652,0.038130000000000004,-0.02578,0.06584000000000001,1.0318,-0.5557,-8.7873,13.034787623161025,29.158037825753823,36.599998474121094,36.30999755859375,36.66999816894531,36.38999938964844,29.719536212972262,29.484052795755616,29.77637661056671,29.549015020188907,29.632245159870873,0.01626334861594174,-17.5,10.550000190734863,0.0,0.0,0.0,0.0,0.0,snow/ice covered,0.238546878099442,-7.70527744293213,100.0,505.126068115234
arenacam6_1769616047873767581.png,1769616047873767581,1769616047.8737676,42.30199020959571,-83.69745167169216,241.5718231201172,0.7240146208429762,0.6895473448250147,0.012232319002570501,0.013328856747403238,0.0037700000000000003,-0.04023000000000001,0.06400000000000002,0.42110000000000003,0.4681,-9.837900000000001,13.038726007266499,29.166847754694725,36.5099983215332,36.22999954223633,36.40999984741211,36.5,29.646455259269487,29.41909366889168,29.565255576297226,29.63833653,29.567285258614596,0.013729200607748793,-17.899999618530273,10.475000381469727,0.0,0.0,0.0,0.0,0.0,snow/ice covered,0.238546878099442,-7.70527744293213,100.0,505.126068115234
arenacam6_1769616047893897184.png,1769616047893897184,1769616047.8938973,42.30199490080239,-83.69745148106566,241.58706665039062,0.7247052745369142,0.6888266064652069,0.011613295045655546,0.013612592045060093,0.0036100000000000004,-0.04505000000000001,0.06539,0.20800000000000002,-0.36510000000000004,-11.0793,13.03057404881717,29.148612312761085,36.619998931884766,36.16999816894531,36.45000076293945,36.349998474121094,29.73577676908058,29.37037200056671,29.59773668851387,29.51653390797226,29.555104841533353,0.013945519066590651,-18.5,10.675000190734863,0.0,0.0,0.0,0.0,0.0,snow/ice covered,0.238546878099442,-7.70527744293213,100.0,505.126068115234
arenacam6_1769616047914964113.png,1769616047914964113,1769616047.9149642,42.30199490080239,-83.69745148106566,241.58706665039062,0.7249022293109251,0.6886164473113253,0.011586371095756502,0.01378050932336535,-0.020570000000000005,-0.028340000000000004,0.05719000000000001,-0.791,-0.5303,-8.557500000000001,13.022588534289177,29.130749195892832,36.689998626708984,36.189998626708984,36.54999923706055,36.40999984741211,29.792617166675036,29.386612556675036,29.67893637148613,29.565255576297226,29.60585541778336,0.016309440539809844,-18.80000114440918,10.75,0.0,0.0,0.0,0.0,0.0,snow/ice covered,0.238546878099442,-7.70527744293213,100.0,505.126068115234
arenacam6_1769616047935299621.png,1769616047935299621,1769616047.9352996,42.301997247915246,-83.69745137685274,241.59567260742188,0.7254084239347106,0.6880689594061138,0.011556885053473786,0.014497033979658843,-0.05037000000000001,-0.08158,0.08013000000000002,0.07880000000000001,2.3712,-7.671,13.03745806393495,29.16401144153865,36.630001068115234,36.209999084472656,36.5099983215332,36.22999954223633,29.74389859591942,29.402853112783355,29.646455259269487,29.41909366889168,29.553075159215982,0.013340541936668662,-19.200000762939453,10.675000190734863,0.0,0.0,0.0,0.0,0.0,snow/ice covered,0.238546878099442,-7.70527744293213,100.0,505.126068115234
arenacam6_1769616047976731595.png,1769616047976731595,1769616047.9767315,42.302001949074054,-83.69745117958361,241.60902404785156,0.7262893651895578,0.6871208033990981,0.011097855221759666,0.0156715397521685,-0.06339000000000002,-0.06481,0.07801000000000001,-0.0726,0.7054,-10.5245,13.031966011525911,29.151726049822773,36.5099983215332,36.119998931884766,36.540000915527344,36.13999938964844,29.646455259269487,29.32977215908058,29.670817642216644,29.346012715188905,29.498264443938904,0.011887405689936407,-19.80000114440918,10.5,0.0,0.0,0.0,0.0,0.0,snow/ice covered,0.238546878099442,-7.70527744293213,100.0,505.126068115234
arenacam6_1769616048018238857.png,1769616048018238857,1769616048.018239,42.30200663572451,-83.69745094840006,241.62161254882812,0.7273596215345866,0.6860012226170233,0.01013915514136378,0.015732166476089913,0.024020000000000003,-0.04113000000000001,0.07172,-0.49200000000000005,-1.7323000000000002,-7.991300000000001,13.003029995574957,29.086997918301446,36.52000045776367,36.099998474121094,36.7599983215332,36.189998626708984,29.654577086108326,29.31353160297226,29.849457564269485,29.386612556675036,29.551044702506275,0.015953753134243256,-21.0,10.425000190734863,0.0,0.0,0.0,0.0,0.0,snow/ice covered,0.238546878099442,-7.70527744293213,100.0,505.126068115234
arenacam6_1769616048038997554.png,1769616048038997554,1769616048.0389974,42.302008977469654,-83.69745081645632,241.62696838378906,0.7283772052826959,0.6849403211357212,0.009408871839879304,0.01532567903112832,0.10766000000000002,-0.00768,0.08991000000000002,-0.3165,3.9132000000000002,-8.524000000000001,12.990943949918995,29.059962159331796,36.61000061035156,36.16999816894531,36.72999954223633,36.30999755859375,29.727658039811097,29.37037200056671,29.82509827889168,29.484052795755616,29.601795278756278,0.018645348416274066,-22.30000114440918,10.475000381469727,0.0,0.0,0.0,0.0,0.0,snow/ice covered,0.238546878099442,-7.70527744293213,100.0,505.126068115234
arenacam6_1769616048059804309.png,1769616048059804309,1769616048.0598044,42.30201365390241,-83.69745055662226,241.63882446289062,0.7289167027598935,0.6843914521710516,0.008442140698831403,0.014748250515420674,0.09282000000000001,-0.0412,0.07902000000000002,-0.48190000000000005,-0.8268000000000001,-13.2886,12.986977376802223,29.051089173263968,36.54999923706055,36.13999938964844,36.73999786376953,36.2599983215332,29.67893637148613,29.346012715188905,29.833217008161164,29.443452954269485,29.575404762276424,0.018048052721375746,-23.30000114440918,10.300000190734863,0.0,0.0,0.0,0.0,0.0,snow/ice covered,0.238546878099442,-7.70527744293213,100.0,505.126068115234
arenacam6_1769616048080129754.png,1769616048080129754,1769616048.0801299,42.30201365390241,-83.69745055662226,241.63882446289062,0.7292581048593899,0.6840346634829984,0.008129231940424633,0.01459832999528672,0.06507,-0.026690000000000002,0.09798000000000001,-1.4671,0.5873,-13.267000000000001,12.972704887420308,29.019162470865986,36.709999084472656,36.130001068115234,36.64999771118164,36.31999969482422,29.808857722783355,29.337893985919422,29.76013605445839,29.49217462259445,29.599765596438903,0.02000757692975524,-24.399999618530273,10.77500057220459,0.0,0.0,0.0,0.0,0.0,snow/ice covered,0.238546878099442,-7.70527744293213,100.0,505.126068115234
arenacam6_1769616048101474014.png,1769616048101474014,1769616048.101474,42.30201599337714,-83.69745041211412,241.6433563232422,0.730308699877846,0.6829384950962649,0.007530615491952732,0.013693232952500923,0.08083000000000001,0.00676,0.08938000000000001,-0.23820000000000002,2.2708,-6.5280000000000005,12.967598163947306,29.00773903686029,36.7599983215332,36.119998931884766,36.55999755859375,36.16999816894531,29.849457564269485,29.32977215908058,29.687055100755614,29.37037200056671,29.5591642061681,0.01900958804845527,-25.600000381469727,10.40000057220459,0.0,0.0,0.0,0.0,0.0,snow/ice covered,0.238546878099442,-7.70527744293213,100.0,505.126068115234
arenacam6_1769616048121627320.png,1769616048121627320,1769616048.1216273,42.30202065972687,-83.69745013729423,241.653076171875,0.7308796225301487,0.6823396520060145,0.007289350010704455,0.013207651075029228,0.02238,0.0014700000000000002,0.08888000000000001,0.2918,-2.6457,-7.9103,12.967207103120746,29.00686425725492,36.66999816894531,36.05999755859375,36.47999954223633,36.189998626708984,29.77637661056671,29.281050490755614,29.622095973891682,29.386612556675036,29.51653390797226,0.017570656593460104,-26.700000762939453,10.625,0.0,0.0,0.0,0.0,0.0,snow/ice covered,0.238546878099442,-7.70527744293213,100.0,505.126068115234
arenacam6_1769616048142322870.png,1769616048142322870,1769616048.142323,42.30202065972687,-83.69745013729423,241.653076171875,0.7316283116691145,0.6815230456348159,0.007874579311790688,0.013577291096090688,-0.07776000000000002,0.05185000000000001,0.10870000000000002,-1.6467,0.2056,-8.1585,12.934224582622969,28.933084337852627,36.65999984741211,36.07999801635742,36.46999740600586,36.13999938964844,29.768257881297227,29.29729104686394,29.61397414705284,29.346012715188905,29.506383947600728,0.019814673162863037,-28.0,10.425000190734863,0.0,0.0,0.0,0.0,0.0,snow/ice covered,0.238546878099442,-7.70527744293213,100.0,505.126068115234
arenacam6_1769616048163376199.png,1769616048163376199,1769616048.163376,42.30202764577467,-83.69744970399019,241.66201782226562,0.7323528768323078,0.6807326500372676,0.008731521914831175,0.013641242382288473,-0.051570000000000005,0.049300000000000004,0.10730000000000002,0.6,2.5261,-7.5461,12.938742929134504,28.94319160789814,36.630001068115234,35.95000076293945,36.540000915527344,36.099998474121094,29.74389859591942,29.191732078513873,29.670817642216644,29.31353160297226,29.47999497990555,0.018546792602545038,-29.399999618530273,10.675000190734863,0.0,0.0,0.0,0.0,0.0,snow/ice covered,0.238546878099442,-7.70527744293213,100.0,505.126068115234
arenacam6_1769616048183650055.png,1769616048183650055,1769616048.18365,42.30202764577467,-83.69744970399019,241.66201782226562,0.7334721617353528,0.679509546042968,0.00993717938226768,0.013660792863981173,-0.08188000000000001,0.07421000000000001,0.12533000000000002,-1.3119,0.4873,-8.6494,12.91496270925487,28.889996682840593,36.56999969482422,36.05999755859375,36.59000015258789,36.119998931884766,29.695176927594456,29.281050490755614,29.711417483702775,29.32977215908058,29.504354265283357,0.02126540854910053,-30.899999618530273,10.574999809265137,0.0,0.0,0.0,0.0,0.0,snow/ice covered,0.238546878099442,-7.70527744293213,100.0,505.126068115234
arenacam6_1769616048204765018.png,1769616048204765018,1769616048.2047648,42.30202997603049,-83.69744954908158,241.6639404296875,0.7342603057768726,0.6786418067881231,0.010912828271868952,0.013711732892453586,-0.05881000000000001,0.04499000000000001,0.11252000000000002,0.6346,2.9810000000000003,-10.4017,12.923018644921214,28.90801732757006,36.55999755859375,35.98999786376953,36.46999740600586,35.959999084472656,29.687055100755614,29.224210093161165,29.61397414705284,29.199850807783356,29.431272537188242,0.018100695170095393,-32.5,10.725000381469727,0.0,0.0,0.0,0.0,0.0,snow/ice covered,0.238546878099442,-7.70527744293213,100.0,505.126068115234
arenacam6_1769616048225039132.png,1769616048225039132,1769616048.225039,42.30202997603049,-83.69744954908158,241.6639404296875,0.7346398203896224,0.6782277441280065,0.011185948792959467,0.013650492391842657,-0.027860000000000003,0.04642000000000001,0.11321,-0.006500000000000001,2.4173,-11.5448,12.922848072928783,28.907635768257315,36.59000015258789,35.88999938964844,36.599998474121094,35.95000076293945,29.711417483702775,29.143010410188907,29.719536212972262,29.191732078513873,29.44142404634445,0.01846530385142306,-34.20000076293945,10.949999809265137,0.0,0.0,0.0,0.0,0.0,snow/ice covered,0.238546878099442,-7.70527744293213,100.0,505.126068115234
arenacam6_1769616048245854258.png,1769616048245854258,1769616048.2458541,42.30203462511842,-83.69744921976834,241.67076110839844,0.7358764496321438,0.6768823679111522,0.011841623687647207,0.013262233455306086,0.006360000000000001,0.046270000000000006,0.11987000000000002,-0.1081,2.6134,-10.8195,12.91954752973521,28.900252651165882,36.47999954223633,35.869998931884766,36.55999755859375,35.849998474121094,29.622095973891682,29.12676985408058,29.687055100755614,29.11052929797226,29.386612556675036,0.01682891535169792,-36.10000228881836,10.925000190734863,0.0,0.0,0.0,0.0,0.0,snow/ice covered,0.238546878099442,-7.70527744293213,100.0,505.126068115234
arenacam6_1769616048267304942.png,1769616048267304942,1769616048.267305,42.302036951698305,-83.69744904884107,241.67413330078125,0.7366736749613797,0.6760196903312461,0.011938282780251776,0.012913260920494555,0.021310000000000003,0.027460000000000002,0.11967000000000001,-0.0755,2.1646,-10.434000000000001,12.921787792676572,28.905263984949933,36.54999923706055,35.86000061035156,36.61000061035156,35.84000015258789,29.67893637148613,29.118651124811098,29.727658039811097,29.102410568702776,29.406914026202774,0.017354971797318104,-38.10000228881836,11.0,0.0,0.0,0.0,0.0,0.0,snow/ice covered,0.238546878099442,-7.70527744293213,100.0,505.126068115234
arenacam6_1769616048287602628.png,1769616048287602628,1769616048.2876027,42.302036951698305,-83.69744904884107,241.67413330078125,0.7371049345219749,0.6755536546957678,0.011927675623618452,0.012700617495382586,0.032830000000000005,0.024970000000000003,0.12737,0.16090000000000002,2.2627,-11.435,12.922936459235022,28.90783348312119,36.5099983215332,35.790000915527344,36.47999954223633,35.79999923706055,29.646455259269487,29.061810727216645,29.622095973891682,29.069929456486133,29.350072854215988,0.015298253719117789,-40.10000228881836,10.90000057220459,0.0,0.0,0.0,0.0,0.0,snow/ice covered,0.238546878099442,-7.70527744293213,100.0,505.126068115234
arenacam6_1769616048308253547.png,1769616048308253547,1769616048.3082535,42.3020415990606,-83.69744866742856,241.68441772460938,0.7383981535031761,0.6741540049723617,0.011615837798045855,0.012231794433949821,0.031120000000000002,-0.0004300000000000001,0.13082000000000002,-0.4519,1.9160000000000001,-10.897,12.918661076169268,28.898269707726087,36.45000076293945,35.71999740600586,36.52000045776367,35.80999755859375,29.59773668851387,29.00496723205284,29.654577086108326,29.078048185755616,29.333832298107666,0.015072272312038443,-42.0,10.975000381469727,0.0,0.0,0.0,0.0,0.0,snow/ice covered,0.238546878099442,-7.70527744293213,100.0,505.126068115234
arenacam6_1769616048328949801.png,1769616048328949801,1769616048.3289497,42.3020415990606,-83.69744866742856,241.68441772460938,0.7388398731637439,0.6736744965393833,0.011508824087780317,0.012077313604757646,0.037340000000000005,0.0027600000000000003,0.13040000000000002,-0.3204,2.609,-10.9099,12.914960305879527,28.88999130663415,36.43000030517578,35.73999786376953,36.5,35.849998474121094,29.58149613240555,29.021207788161167,29.63833653,29.11052929797226,29.337892437134744,0.015503678272057479,-43.900001525878906,10.475000381469727,0.0,0.0,0.0,0.0,0.0,snow/ice covered,0.238546878099442,-7.70527744293213,100.0,505.126068115234
arenacam6_1769616048370223772.png,1769616048370223772,1769616048.3702238,42.30204624341295,-83.69744826268999,241.6961669921875,0.7407265090418405,0.671615736107427,0.011008084256670408,0.011634599114924113,0.004090000000000001,-0.00931,0.14937000000000003,-1.1222,1.6179000000000001,-10.865,12.898714348123526,28.853650073891444,36.349998474121094,35.65999984741211,36.459999084472656,35.82999801635742,29.51653390797226,28.956248661297227,29.605855417783356,29.094288741863938,29.293231682229194,0.015234870015128896,-48.20000076293945,8.52500057220459,0.0,0.0,0.0,0.0,0.0,snow/ice covered,0.238546878099442,-7.70527744293213,100.0,505.126068115234
arenacam6_1769616048390547246.png,1769616048390547246,1769616048.3905473,42.30205088248176,-83.69744783309535,241.70913696289062,0.7422580411682916,0.6699304717091501,0.010836579104431424,0.011346010306698408,0.031580000000000004,-0.0010800000000000002,0.15098000000000003,0.1718,2.088,-10.126900000000001,12.893784629052048,28.84262258811169,36.369998931884766,35.63999938964844,36.439998626708984,35.790000915527344,29.532774464080582,28.940008105188905,29.589614861675035,29.061810727216645,29.281052039540292,0.015200748478722308,-49.70000076293945,7.599999904632568,0.0,0.0,0.0,0.0,0.0,snow/ice covered,0.238546878099442,-7.70527744293213,100.0,505.126068115234
arenacam6_1769616048411322711.png,1769616048411322711,1769616048.4113226,42.30205319802679,-83.69744760723134,241.71690368652344,0.7433116116149076,0.6687644005078595,0.010673467207078185,0.011318204344832244,0.0029700000000000004,-0.00841,0.15895000000000004,-0.4394,0.7984,-10.74,12.88785894734902,28.82936719368292,36.34000015258789,35.54999923706055,36.40999984741211,35.7599983215332,29.508415178702776,28.86692715148613,29.565255576297226,29.037448344269485,29.244511562688906,0.014400051385690931,-51.20000076293945,7.375,0.0,0.0,0.0,0.0,0.0,snow/ice covered,0.238546878099442,-7.70527744293213,100.0,505.126068115234
arenacam6_1769616048431878871.png,1769616048431878871,1769616048.4318788,42.302057829854746,-83.69744711983668,241.7316436767578,0.7449381593474778,0.6669480951003374,0.010731865691305147,0.01149801064562428,0.0038300000000000005,-0.00286,0.16404000000000002,-0.1665,3.4647,-9.3759,12.876590064595856,28.804159379097054,36.349998474121094,35.47999954223633,36.39999771118164,35.71999740600586,29.51653390797226,28.810086753891678,29.55713374945839,29.00496723205284,29.22218041084379,0.014512523217396541,-52.60000228881836,7.525000095367432,0.0,0.0,0.0,0.0,0.0,snow/ice covered,0.238546878099442,-7.70527744293213,100.0,505.126068115234
arenacam6_1769616048452783818.png,1769616048452783818,1769616048.4527838,42.302057829854746,-83.69744711983668,241.7316436767578,0.7454542170357286,0.6663734219628538,0.010637813915510169,0.011459045346987926,0.016590000000000004,-0.010540000000000002,0.15805000000000002,0.1626,2.0412,-9.3652,12.877744689547933,28.806742205837356,36.2599983215332,35.52000045776367,36.30999755859375,35.689998626708984,29.443452954269485,28.842567866108322,29.484052795755616,28.980607946675036,29.187670390702117,0.013223577388336889,-54.0,7.200000286102295,0.0,0.0,0.0,0.0,0.0,snow/ice covered,0.238546878099442,-7.70527744293213,100.0,505.126068115234
arenacam6_1769616048473419746.png,1769616048473419746,1769616048.4734197,42.302062453595724,-83.69744659348933,241.7470245361328,0.7470767005621298,0.6645500536068611,0.010577359036341235,0.011736660689313401,-0.0159,-0.013870000000000002,0.16976000000000005,-1.0422,2.451,-9.3812,12.86325977360569,28.774340317969514,36.16999816894531,35.43000030517578,36.2599983215332,35.65999984741211,29.37037200056671,28.769486912405547,29.443452954269485,28.956248661297227,29.134890132134743,0.012530254740195234,-55.20000076293945,7.224999904632568,0.0,0.0,0.0,0.0,0.0,snow/ice covered,0.238546878099442,-7.70527744293213,100.0,505.126068115234
arenacam6_1769616048494224060.png,1769616048494224060,1769616048.494224,42.302062453595724,-83.69744659348933,241.7470245361328,0.7476063770814401,0.6639528062983031,0.010622449742550633,0.011770281102775186,-0.010960000000000001,-0.00033000000000000005,0.15958000000000003,0.0848,2.6312,-9.696,12.863423851921713,28.77470735131776,36.14999771118164,35.45000076293945,36.22999954223633,35.63999938964844,29.354131444458393,28.785727468513873,29.41909366889168,28.940008105188905,29.124740171763214,0.012164600535178897,-56.5,7.474999904632568,0.0,0.0,0.0,0.0,0.0,snow/ice covered,0.238546878099442,-7.70527744293213,100.0,505.126068115234
arenacam6_1769616048514601148.png,1769616048514601148,1769616048.5146012,42.30206707446447,-83.69744603804656,241.76206970214844,0.749189297104452,0.6621679185739106,0.010331013747423673,0.011929579648189944,0.008420000000000002,-0.029830000000000002,0.15899000000000002,-0.1757,1.735,-9.6113,12.862577314755514,28.7728136984692,35.98999786376953,35.18000030517578,36.34000015258789,35.54999923706055,29.224210093161165,28.56648460740555,29.508415178702776,28.86692715148613,29.041509257688908,0.009338522190966795,-57.60000228881836,7.425000190734863,0.0,0.0,0.0,0.0,0.0,snow/ice covered,0.238546878099442,-7.70527744293213,100.0,505.126068115234
arenacam6_1769616048535491750.png,1769616048535491750,1769616048.535492,42.30206707446447,-83.69744603804656,241.76206970214844,0.7497185751106672,0.6615687746061029,0.010246482105170778,0.011992672958062124,0.0017900000000000004,-0.023580000000000004,0.15952000000000002,-0.6004,2.0762,-9.6983,12.85576827996768,28.757582296190904,35.98999786376953,35.25,36.209999084472656,35.540000915527344,29.224210093161165,28.623325005,29.402853112783355,28.858808422216647,29.02729915829029,0.009378982534811762,-58.60000228881836,7.550000190734863,0.0,0.0,0.0,0.0,0.0,snow/ice covered,0.238546878099442,-7.70527744293213,100.0,505.126068115234
arenacam6_1769616048556318789.png,1769616048556318789,1769616048.5563188,42.3020693819906,-83.69744573003004,241.76922607421875,0.7512818676000651,0.6598015535088677,0.009684043302022504,0.011986855633048027,0.04079,-0.040330000000000005,0.1539,0.5477000000000001,2.4182,-9.7727,12.856551660117338,28.75933467058288,35.98999786376953,35.11000061035156,36.16999816894531,35.5,29.224210093161165,28.509644209811096,29.37037200056671,28.82632731,28.982638403384744,0.007764565326689368,-59.5,7.425000190734863,0.0,0.0,0.0,0.0,0.0,snow/ice covered,0.238546878099442,-7.70527744293213,100.0,505.126068115234
arenacam6_1769616048577233774.png,1769616048577233774,1769616048.5772336,42.30207169119818,-83.69744542549023,241.77638244628906,0.7517836508215007,0.6592337787549596,0.009364675262481468,0.01201957416805003,0.03597000000000001,-0.05399,0.15373,0.1829,1.9636,-9.8561,12.857961978856482,28.76248946898322,35.88999938964844,35.15999984741211,36.16999816894531,35.380001068115234,29.143010410188907,28.550244051297227,29.37037200056671,28.72888707091942,28.948128383243066,0.006454201902795512,-60.400001525878906,7.775000095367432,0.0,0.0,0.0,0.0,0.0,snow/ice covered,0.238546878099442,-7.70527744293213,100.0,505.126068115234
arenacam6_1769616048597239441.png,1769616048597239441,1769616048.5972395,42.302073994068365,-83.69744510914038,241.7842254638672,0.7533044785085036,0.6575124182719752,0.008218266637575081,0.011926548983021534,0.0748,-0.06232000000000001,0.15025000000000002,0.23320000000000002,3.3788,-10.064,12.850647671102797,28.746127801396693,35.84000015258789,35.18000030517578,36.16999816894531,35.31999969482422,29.102410568702776,28.56648460740555,29.37037200056671,28.68016540259445,28.92985814481737,0.006391481478481093,-61.0,7.675000190734863,0.0,0.0,0.0,0.0,0.0,snow/ice covered,0.238546878099442,-7.70527744293213,100.0,505.126068115234
arenacam6_1769616048618521275.png,1769616048618521275,1769616048.6185215,42.302078601535975,-83.69744442775303,241.7987518310547,0.7542896045990285,0.6563976779602669,0.007117183811554772,0.011773973704880307,0.0818,-0.07662000000000001,0.14701000000000003,-0.3905,1.3033000000000001,-9.278,12.848076035483377,28.740375206814186,35.90999984741211,35.05999755859375,36.119998931884766,35.31999969482422,29.159250966297225,28.469041270755618,29.32977215908058,28.68016540259445,28.90955744968197,0.005886570430982809,-61.400001525878906,8.050000190734863,0.0,0.0,0.0,0.0,0.0,snow/ice covered,0.238546878099442,-7.70527744293213,100.0,505.126068115234
arenacam6_1769616048638813811.png,1769616048638813811,1769616048.6388137,42.302078601535975,-83.69744442775303,241.7987518310547,0.7547889735875031,0.6558285390969852,0.006677568305115474,0.011744902646191043,0.061200000000000004,-0.06398000000000001,0.15313000000000002,-0.9599000000000001,1.2601,-8.7513,12.838355077092622,28.71863000615157,35.79999923706055,35.18000030517578,36.040000915527344,35.27000045776367,29.069929456486133,28.56648460740555,29.264813032216647,28.639565561108324,28.885198164304164,0.0058000036254136755,-62.10000228881836,8.40000057220459,0.0,0.0,0.0,0.0,0.0,snow/ice covered,0.238546878099442,-7.70527744293213,100.0,505.126068115234
arenacam6_1769616048660987023.png,1769616048660987023,1769616048.6609871,42.302083199218835,-83.69744371331306,241.81240844726562,0.7562426587851445,0.6541615780736993,0.005488508547193469,0.011813004682554668,0.05699000000000001,-0.07377,0.14651000000000003,0.0054,3.3518000000000003,-8.929400000000001,12.832895721544201,28.706417755351087,35.68000030517578,35.040000915527344,36.0099983215332,35.349998474121094,28.972489217405553,28.452803812216647,29.240450649269487,28.704524687972263,28.84256709171599,0.004742818749633871,-62.5,9.225000381469727,0.0,0.0,0.0,0.0,0.0,snow/ice covered,0.238546878099442,-7.70527744293213,100.0,505.126068115234
arenacam6_1769616048680363781.png,1769616048680363781,1769616048.680364,42.302083199218835,-83.69744371331306,241.81240844726562,0.7567129708456898,0.6536220397233652,0.0049719282427604875,0.011789354151391453,0.07177000000000001,-0.07686000000000001,0.14193,-0.4441,2.4371,-9.3186,12.828329254710154,28.696202843031333,35.869998931884766,35.05999755859375,36.05999755859375,35.40999984741211,29.12676985408058,28.469041270755618,29.281050490755614,28.753246356297225,28.90752699297226,0.0073641851187376504,-62.79999923706055,9.625,0.0,0.0,0.0,0.0,0.0,snow/ice covered,0.238546878099442,-7.70527744293213,100.0,505.126068115234
arenacam6_1769616048701411650.png,1769616048701411650,1769616048.7014115,42.30208549733485,-83.69744334254143,241.81854248046875,0.7581084783843625,0.6520092878155177,0.003873263603793053,0.011849954983181251,0.018750000000000003,-0.062040000000000005,0.14802000000000004,-0.4102,0.3947,-9.035300000000001,12.807186821908862,28.648908489400814,35.84000015258789,34.96999740600586,36.119998931884766,35.459999084472656,29.102410568702776,28.395960317052843,29.32977215908058,28.793846197783356,28.905497310654887,0.008956321018268572,-63.10000228881836,10.375,0.0,0.0,0.0,0.0,0.0,snow/ice covered,0.238546878099442,-7.70527744293213,100.0,505.126068115234
arenacam6_1769616048722052412.png,1769616048722052412,1769616048.7220523,42.30209007780292,-83.69744257462649,241.83021545410156,0.7590657660410344,0.6508928801712284,0.0033773742231997137,0.01209192748477778,0.02492,-0.04968000000000001,0.14772000000000002,-1.2386000000000001,3.9039,-8.637,12.788231624661965,28.606506850471337,35.619998931884766,34.93000030517578,36.05999755859375,35.5,28.923767549080583,28.363482302405547,29.281050490755614,28.82632731,28.848656913060434,0.008464859545936043,-63.400001525878906,10.800000190734863,0.0,0.0,0.0,0.0,0.0,snow/ice covered,0.238546878099442,-7.70527744293213,100.0,505.126068115234
arenacam6_1769616048742454874.png,1769616048742454874,1769616048.7424548,42.30209007780292,-83.69744257462649,241.83021545410156,0.7600231130574802,0.6497783441879831,0.0029409222722989563,0.012013409962541962,0.025540000000000004,-0.02579,0.14618,-0.8052,-0.125,-8.6522,12.77131462835776,28.56866454475861,35.71999740600586,34.95000076293945,36.099998474121094,35.5,29.00496723205284,28.379722858513873,29.31353160297226,28.82632731,28.881137250884745,0.010937602828321964,-63.79999923706055,11.25,0.0,0.0,0.0,0.0,0.0,snow/ice covered,0.238546878099442,-7.70527744293213,100.0,505.126068115234
arenacam6_1769616048763545996.png,1769616048763545996,1769616048.7635462,42.302094647990884,-83.69744180437442,241.8405303955078,0.7610256511588052,0.6485975842080928,0.003108440818119519,0.012307300005405291,-0.05243000000000001,0.00041000000000000005,0.16240000000000002,-1.364,0.33190000000000003,-8.328100000000001,12.74706453289629,28.51441853621703,35.80999755859375,34.89999771118164,36.099998474121094,35.369998931884766,29.078048185755616,28.33911991945839,29.31353160297226,28.72076524408058,28.86286623806671,0.012220052862277677,-64.0999984741211,11.40000057220459,0.0,0.0,0.0,0.0,0.0,snow/ice covered,0.238546878099442,-7.70527744293213,100.0,505.126068115234
arenacam6_1769616048804844226.png,1769616048804844226,1769616048.8048444,42.30209919828634,-83.6974409894412,241.84764099121094,0.763112964654866,0.6461283238924523,0.004312862941599349,0.012577418369374734,-0.03314,0.04915000000000001,0.16378,-0.9265,1.9503000000000001,-8.175600000000001,12.699453448184647,28.407915396382165,35.65999984741211,34.66999816894531,36.209999084472656,35.31999969482422,28.956248661297227,28.152358170566714,29.402853112783355,28.68016540259445,28.79790633681044,0.013728249151218595,-65.0999984741211,11.75,0.0,0.0,0.0,0.0,0.0,snow/ice covered,0.238546878099442,-7.70527744293213,100.0,505.126068115234
arenacam6_1769616048825098103.png,1769616048825098103,1769616048.825098,42.30210146309225,-83.69744058668488,241.85086059570312,0.764716387570024,0.6442159403678849,0.005854760115010925,0.012664538750789347,-0.09632000000000002,0.08439000000000002,0.16978000000000001,-1.5074,1.443,-8.485000000000001,12.663744451865405,28.3280365141558,35.56999969482422,34.61000061035156,35.7599983215332,35.27000045776367,28.883167707594453,28.103639599811096,29.037448344269485,28.639565561108324,28.66595530319584,0.011928775539073363,-65.5999984741211,11.699999809265137,0.0,0.0,0.0,0.0,0.0,snow/ice covered,0.238546878099442,-7.70527744293213,100.0,505.126068115234
arenacam6_1769616048846437186.png,1769616048846437186,1769616048.8464372,42.30210146309225,-83.69744058668488,241.85086059570312,0.7652377491735176,0.6435893318498395,0.006592213697396671,0.012668933952526114,-0.09701000000000001,0.11091000000000001,0.16890000000000002,-1.1165,2.4492000000000003,-8.7035,12.652904158399508,28.303787428090196,35.459999084472656,34.57999801635742,35.98999786376953,35.189998626708984,28.793846197783356,28.07927721686394,29.224210093161165,28.574603336675036,28.667984211120874,0.012867422211814306,-66.20000457763672,11.725000381469727,0.0,0.0,0.0,0.0,0.0,snow/ice covered,0.238546878099442,-7.70527744293213,100.0,505.126068115234
arenacam6_1769616048866440239.png,1769616048866440239,1769616048.8664403,42.30210598572856,-83.69743972405121,241.85516357421875,0.7668052709941011,0.641710997211025,0.008324901741201499,0.012139540563566871,-0.021580000000000005,0.09713000000000001,0.15998,-0.4041,2.8557,-9.404200000000001,12.6381809685792,28.270852535853557,35.45000076293945,34.43000030517578,35.89999771118164,35.05999755859375,28.785727468513873,27.957477692405547,29.15112913945839,28.469041270755618,28.590843892783354,0.011318772807575555,-66.80000305175781,11.925000190734863,0.0,0.0,0.0,0.0,0.0,snow/ice covered,0.238546878099442,-7.70527744293213,100.0,505.126068115234
arenacam6_1769616048887785478.png,1769616048887785478,1769616048.8877854,42.30210823741914,-83.69743929139989,241.85768127441406,0.7678319755179022,0.6404756731702348,0.00947095762835289,0.011630580854470303,-0.04028,0.11498000000000003,0.16675000000000004,-1.3285,2.2789,-10.745800000000001,12.615071812100325,28.219158739359703,35.27000045776367,34.66999816894531,35.66999816894531,35.04999923706055,28.639565561108324,28.152358170566714,28.96436739056671,28.46092254148613,28.55430341593197,0.011876494252282972,-67.5999984741211,11.875,0.0,0.0,0.0,0.0,0.0,snow/ice covered,0.238546878099442,-7.70527744293213,100.0,505.126068115234
arenacam6_1769616048907782458.png,1769616048907782458,1769616048.9077823,42.30211048623762,-83.69743882118185,241.860107421875,0.7688345215047198,0.6392714766720853,0.010490202468920108,0.010743058608287134,0.021690000000000004,0.12814,0.15477000000000002,0.1573,4.0576,-10.3628,12.605619903661248,28.198015387295992,35.22999954223633,34.5099983215332,35.709999084472656,34.90999984741211,28.607084448891676,28.022436819269487,28.996848502783358,28.34724174629723,28.493402879310437,0.010475470984653958,-68.4000015258789,12.40000057220459,0.0,0.0,0.0,0.0,0.0,snow/ice covered,0.238546878099442,-7.70527744293213,100.0,505.126068115234
arenacam6_1769616048929629300.png,1769616048929629300,1769616048.929629,42.30211274013643,-83.69743835400654,241.8626708984375,0.7697565031047612,0.6381671563714677,0.011125312397826792,0.009686788979597603,0.03445000000000001,0.10584000000000002,0.14566000000000004,0.5304,2.2624,-11.038400000000001,12.615748071177038,28.220671490338763,35.099998474121094,34.55999755859375,35.599998474121094,34.95000076293945,28.50152238297226,28.063036660755618,28.90752699297226,28.379722858513873,28.462952223803505,0.008585222132212062,-69.80000305175781,12.475000381469727,0.0,0.0,0.0,0.0,0.0,snow/ice covered,0.238546878099442,-7.70527744293213,100.0,505.126068115234
arenacam6_1769616048949226218.png,1769616048949226218,1769616048.9492261,42.302117227091934,-83.6974373744097,241.8713836669922,0.7710449297173535,0.6366239716497435,0.011570845375819443,0.00810867531457641,0.06872,0.08514000000000001,0.11801000000000002,0.15480000000000002,0.5117,-12.8496,12.597904085214758,28.180755564380302,35.040000915527344,34.439998626708984,35.59000015258789,34.91999816894531,28.452803812216647,27.965596421675034,28.899408263702778,28.355360475566712,28.418292243290292,0.008429038688026866,-70.70000457763672,12.40000057220459,0.0,0.0,0.0,0.0,0.0,snow/ice covered,0.238546878099442,-7.70527744293213,100.0,505.126068115234
arenacam6_1769616048970655512.png,1769616048970655512,1769616048.9706554,42.302117227091934,-83.6974373744097,241.8713836669922,0.7714518283717536,0.636130526567324,0.011791106177187718,0.00781021678161528,0.017570000000000002,0.07019000000000002,0.12890000000000001,0.034300000000000004,1.4782000000000002,-12.9838,12.59708548312517,28.17892440062202,34.959999084472656,34.39999771118164,35.5,34.93000030517578,28.387841587783356,27.933115309458387,28.82632731,28.363482302405547,28.37769162741182,0.0070537549256285215,-71.70000457763672,12.475000381469727,0.0,0.0,0.0,0.0,0.0,snow/ice covered,0.238546878099442,-7.70527744293213,100.0,505.126068115234
arenacam6_1769616048990619560.png,1769616048990619560,1769616048.9906197,42.302117227091934,-83.6974373744097,241.8713836669922,0.7718949800851889,0.6355923199834755,0.011993289789559276,0.007530172463692842,0.016900000000000002,0.06492,0.14034000000000002,-0.09860000000000001,4.6973,-11.7362,12.59469614419822,28.17357959280277,34.81999969482422,34.41999816894531,35.40999984741211,34.89999771118164,28.274160792594454,27.949355865566712,28.753246356297225,28.33911991945839,28.328970733479196,0.0055154915677140745,-72.5999984741211,12.449999809265137,0.0,0.0,0.0,0.0,0.0,snow/ice covered,0.238546878099442,-7.70527744293213,100.0,505.126068115234
arenacam6_1769616049031873247.png,1769616049031873247,1769616049.0318732,42.302123947026764,-83.69743580699489,241.8917999267578,0.7735112907608055,0.6336406933314459,0.011608820209086856,0.0067074669846733,-0.00632,-0.009440000000000002,0.10718000000000001,0.0385,2.3301000000000003,-12.392100000000001,12.597648645008055,28.18018415996432,34.849998474121094,34.27000045776367,35.27000045776367,34.91999816894531,28.298520077972263,27.827556341108323,28.639565561108324,28.355360475566712,28.280250613938907,0.003550951030219044,-74.30000305175781,13.074999809265137,0.0,0.0,0.0,0.0,0.0,snow/ice covered,0.238546878099442,-7.70527744293213,100.0,505.126068115234
arenacam6_1769616049053125027.png,1769616049053125027,1769616049.0531251,42.30212618830335,-83.69743525836506,241.9001007080078,0.7740770775746795,0.6329526628325243,0.011303702824717996,0.006915987934551074,0.008450000000000001,-0.0415,0.08263000000000001,0.0656,2.996,-10.5375,12.601433397573999,28.188650424369182,34.65999984741211,34.279998779296875,35.369998931884766,34.91999816894531,28.144239441297227,27.835675070377807,28.72076524408058,28.355360475566712,28.264010057830582,0.0026734033849400204,-75.0999984741211,12.949999809265137,0.0,0.0,0.0,0.0,0.0,snow/ice covered,0.238546878099442,-7.70527744293213,100.0,505.126068115234
arenacam6_1769616049073454974.png,1769616049073454974,1769616049.0734549,42.30212842104134,-83.69743472326456,241.9098358154297,0.7746162377594014,0.6322957072444875,0.010875482349971889,0.007317559929345619,-0.013240000000000002,-0.06531,0.08669000000000002,-0.4637,0.6948000000000001,-11.3749,12.592954567288237,28.16968378974975,34.81999969482422,34.20000076293945,35.27000045776367,34.89999771118164,28.274160792594454,27.770715943513874,28.639565561108324,28.33911991945839,28.255890554168758,0.0030602673804373867,-76.0999984741211,13.324999809265137,0.0,0.0,0.0,0.0,0.0,snow/ice covered,0.238546878099442,-7.70527744293213,100.0,505.126068115234
arenacam6_1769616049094878024.png,1769616049094878024,1769616049.094878,42.30213288996543,-83.69743359475771,241.93055725097656,0.7754793081529614,0.6312329741712117,0.010346740649195123,0.0083498445200569,-0.022350000000000005,-0.07330000000000002,0.09064000000000001,0.2788,2.4875000000000003,-10.463000000000001,12.587012251597583,28.1563911860887,34.77000045776367,34.06999969482422,35.45000076293945,34.84000015258789,28.233560951108323,27.665153877594452,28.785727468513873,28.290401348702776,28.243710911479855,0.0031012399569976304,-77.0999984741211,12.699999809265137,0.0,0.0,0.0,0.0,0.0,snow/ice covered,0.238546878099442,-7.70527744293213,100.0,505.126068115234
arenacam6_1769616049114888158.png,1769616049114888158,1769616049.1148882,42.30213288996543,-83.69743359475771,241.93055725097656,0.7757345256687715,0.6309204387574165,0.01000509245377435,0.008674316606293024,-0.008950000000000001,-0.09398000000000001,0.08297000000000002,-0.36920000000000003,2.515,-9.7112,12.582683409185382,28.14670782534315,34.779998779296875,34.09000015258789,35.279998779296875,34.66999816894531,28.241679680377807,27.681394433702774,28.647684290377807,28.152358170566714,28.180779143756276,0.0012104903573286966,-78.30000305175781,12.65000057220459,0.0,0.0,0.0,0.0,0.0,snow/ice covered,0.238546878099442,-7.70527744293213,100.0,505.126068115234
arenacam6_1769616049156261753.png,1769616049156261753,1769616049.1562617,42.30213734069689,-83.69743245951886,241.95162963867188,0.7769120514580987,0.6294741954363204,0.008816990323124997,0.00960011773923222,-0.014610000000000001,-0.07222,0.10877000000000002,-1.0018,1.6901000000000002,-8.3947,12.546623394779862,28.066043736718868,34.75,34.029998779296875,35.22999954223633,34.66999816894531,28.217320395,27.63267276537781,28.607084448891676,28.152358170566714,28.152358944959047,0.003075431972168322,-80.9000015258789,7.599999904632568,0.0,0.0,0.0,1.0,0.0,snow/ice covered,0.238546878099442,-7.70527744293213,100.0,505.126068115234
arenacam6_1769616049177270053.png,1769616049177270053,1769616049.17727,42.30213956483018,-83.6974318740535,241.96157836914062,0.7779330902961282,0.628220170351119,0.007981451205816899,0.00978882132723035,0.04428000000000001,-0.04868000000000001,0.10676000000000001,-0.6087,1.9286,-7.603000000000001,12.526845545295474,28.02180187409326,34.65999984741211,33.89999771118164,35.2599983215332,34.71999740600586,28.144239441297227,27.52711069945839,28.631443734269485,28.19295801205284,28.123937971769486,0.0036448797309730804,-82.30000305175781,0.675000011920929,0.0,0.0,0.0,1.0,0.0,snow/ice covered,0.238546878099442,-7.70527744293213,100.0,505.126068115234
arenacam6_1769616049197556034.png,1769616049197556034,1769616049.197556,42.30214178005769,-83.69743130163309,241.9710235595703,0.7782972894488174,0.6277732821039427,0.007620667939138867,0.009795965150438816,0.04427000000000001,-0.05849000000000001,0.11459000000000001,-1.1069,0.319,-8.7318,12.51525573602293,27.995876166139134,34.689998626708984,33.869998931884766,35.279998779296875,34.630001068115234,28.168598726675032,27.502751414080585,28.647684290377807,28.119880155919418,28.109728646763212,0.004066758973658513,-83.9000015258789,0.0,0.0,0.0,0.0,1.0,0.0,snow/ice covered,0.238546878099442,-7.70527744293213,100.0,505.126068115234
arenacam6_1769616049218143064.png,1769616049218143064,1769616049.218143,42.30214399659865,-83.69743071420918,241.97970581054688,0.7794803995222885,0.6263003413587094,0.007448346713775279,0.010134658640949777,-0.04077000000000001,-0.014520000000000002,0.13945000000000002,-0.6988000000000001,1.8427,-8.4994,12.483239638864964,27.924258077762595,34.75,33.849998474121094,35.369998931884766,34.619998931884766,28.217320395,27.48651085797226,28.72076524408058,28.111758329080583,28.13408870653336,0.007514277664474878,-85.5999984741211,0.0,0.0,0.0,0.0,1.0,0.0,snow/ice covered,0.238546878099442,-7.70527744293213,100.0,505.126068115234
arenacam6_1769616049239174322.png,1769616049239174322,1769616049.2391744,42.30214841732292,-83.69742952830367,241.99563598632812,0.7803293346225028,0.6252496022807585,0.007152811931379323,0.009894526609686777,0.06964000000000001,-0.010990000000000003,0.12868000000000002,-0.15960000000000002,3.4187000000000003,-7.4344,12.473832645044439,27.90321519700571,34.709999084472656,33.93000030517578,35.22999954223633,34.599998474121094,28.184839282783358,27.55147308240555,28.607084448891676,28.09551777297226,28.109728646763212,0.007401062863166484,-88.20000457763672,0.0,0.0,0.0,0.0,1.0,0.0,snow/ice covered,0.238546878099442,-7.70527744293213,100.0,505.126068115234
arenacam6_1769616049259661267.png,1769616049259661267,1769616049.2596612,42.30214841732292,-83.69742952830367,241.99563598632812,0.7810883420975548,0.6243080418672269,0.006831488307247044,0.009685115730321743,0.0061600000000000005,-0.017400000000000002,0.13178,-1.2712,-1.5816000000000001,-9.1936,12.459335765126657,27.870786546442424,34.77000045776367,33.869998931884766,35.130001068115234,34.5,28.233560951108323,27.502751414080585,28.525884765919418,28.014318090000003,28.06912880527708,0.007116493052829703,-89.9000015258789,0.0,0.0,0.0,0.0,1.0,0.0,snow/ice covered,0.238546878099442,-7.70527744293213,100.0,505.126068115234
arenacam6_1769616049280305566.png,1769616049280305566,1769616049.2803056,42.30215282831945,-83.697428302738,242.00930786132812,0.7820323477600105,0.623121795328639,0.007045101504612425,0.009746886075542147,-0.008350000000000002,0.009240000000000002,0.15537,-0.5734,3.4324000000000003,-8.6418,12.439646558399383,27.82674297234592,34.71999740600586,33.80999755859375,34.97999954223633,34.45000076293945,28.19295801205284,27.45402974575562,28.404082143891678,27.973718248513872,28.006197037553505,0.006448978430063743,-91.5999984741211,0.0,0.0,0.0,0.0,1.0,0.0,snow/ice covered,0.238546878099442,-7.70527744293213,100.0,505.126068115234
arenacam6_1769616049301145382.png,1769616049301145382,1769616049.3011453,42.302155022901324,-83.69742770352055,242.01568603515625,0.7833205994844169,0.6215144044727337,0.006755206859165642,0.009113212198050584,0.044860000000000004,0.009960000000000002,0.13346000000000002,-0.8783000000000001,0.18330000000000002,-8.448,12.428319108653051,27.801404146910357,34.66999816894531,33.869998931884766,35.14999771118164,34.41999816894531,28.152358170566714,27.502751414080585,28.542122224458392,27.949355865566712,28.0366469186681,0.008461542824047848,-93.4000015258789,0.0,0.0,0.0,0.0,1.0,0.0,snow/ice covered,0.238546878099442,-7.70527744293213,100.0,505.126068115234
arenacam6_1769616049321869488.png,1769616049321869488,1769616049.3218696,42.302157216842254,-83.6974270811959,242.02130126953125,0.7837669981397132,0.6209530660616005,0.006777049625347097,0.008980755766398797,0.016800000000000002,0.01933,0.14711000000000002,-1.5032,-0.3029,-9.0107,12.413487822156362,27.768227448894454,34.59000015258789,33.790000915527344,35.05999755859375,34.29999923706055,28.087399043702774,27.437792287216645,28.469041270755618,27.851915626486132,27.961537057040292,0.006961539352902954,-95.0999984741211,0.0,0.0,4.0,0.0,1.0,0.0,snow/ice covered,0.238546878099442,-7.70527744293213,100.0,505.126068115234
arenacam6_1769616049342445542.png,1769616049342445542,1769616049.3424456,42.302159412520524,-83.69742644441753,242.0268096923828,0.7852258292427172,0.6191103798231358,0.007098889448071237,0.008505319155918761,0.03257,0.027280000000000006,0.15475,0.2893,3.4433000000000002,-8.9521,12.400095976347055,27.738270693329785,34.46999740600586,33.72999954223633,35.0,34.25,27.989955707052843,27.38907061889168,28.420322700000003,27.811315785,27.902666202736132,0.005926667571453159,-96.70000457763672,0.0,0.0,4.0,0.0,1.0,0.0,snow/ice covered,0.238546878099442,-7.70527744293213,100.0,505.126068115234
arenacam6_1769616049365417023.png,1769616049365417023,1769616049.365417,42.302161597049896,-83.69742582585417,242.0322723388672,0.7856792175397642,0.6185391315082412,0.00704531388049822,0.00823853575944681,0.04850000000000001,0.022960000000000005,0.14612,0.311,1.6761000000000001,-9.6175,12.402664706560465,27.74401678869337,34.43000030517578,33.689998626708984,34.880001068115234,34.09000015258789,27.957477692405547,27.356589506675036,28.322882460919416,27.681394433702774,27.829586023425694,0.0030842410233545546,-98.20000457763672,0.0,0.0,4.0,0.0,1.0,0.0,snow/ice covered,0.238546878099442,-7.70527744293213,100.0,505.126068115234
arenacam6_1769616049384325515.png,1769616049384325515,1769616049.3843257,42.302161597049896,-83.69742582585417,242.0322723388672,0.7861636555509389,0.6179256481681701,0.007011863416630609,0.008089116030692761,0.027620000000000002,0.01152,0.15639,-0.8781,0.5862,-10.1109,12.393277048829754,27.72301716160923,34.39999771118164,33.56999969482422,34.93000030517578,34.06999969482422,27.933115309458387,27.259149267594452,28.363482302405547,27.665153877594452,27.805225189263208,0.0029653348037391104,-99.5999984741211,0.0,0.0,4.0,0.0,1.0,0.0,snow/ice covered,0.238546878099442,-7.70527744293213,100.0,505.126068115234
arenacam6_1769616049405378673.png,1769616049405378673,1769616049.4053786,42.30216378181282,-83.69742517757123,242.0376739501953,0.787676992567184,0.6159992853414306,0.007207928586429241,0.007607996099911147,0.03472,0.025040000000000003,0.16287000000000001,-0.2172,3.6001000000000003,-9.6387,12.372341028490624,27.676184540271816,34.41999816894531,33.45000076293945,34.80999755859375,34.09000015258789,27.949355865566712,27.16170902851387,28.266038965755616,27.681394433702774,27.764624573384744,0.0031955283787126827,-101.0,0.0,0.0,4.0,0.0,1.0,0.0,snow/ice covered,0.238546878099442,-7.70527744293213,100.0,505.126068115234
arenacam6_1769616049425066579.png,1769616049425066579,1769616049.4250665,42.30216814406564,-83.697423882922,242.048583984375,0.7885977787465804,0.6148250300395395,0.007056804133774869,0.00734352151603848,0.010030000000000002,-0.011810000000000003,0.15149,-0.27990000000000004,-0.13490000000000002,-10.466700000000001,12.377273277909875,27.687217686287717,34.290000915527344,33.380001068115234,34.70000076293945,34.02000045776367,27.843796897216645,27.10486863091942,28.17672055351387,27.624554036108325,27.687485029439564,9.6558330590149e-06,-102.30000305175781,0.0,0.0,8.0,0.0,1.0,0.0,snow/ice covered,0.238546878099442,-7.70527744293213,100.0,505.126068115234
arenacam6_1769616049446150883.png,1769616049446150883,1769616049.446151,42.302170315260746,-83.69742323359493,242.05453491210938,0.7901399773626712,0.6128358389608537,0.007343811436990306,0.0075577173830346685,-0.02238,-0.0005900000000000001,0.16804000000000002,-0.24330000000000002,3.0785,-10.555200000000001,12.353384294626997,27.633779464022915,34.2599983215332,33.18000030517578,34.61000061035156,33.95000076293945,27.81943451426949,26.94246616740555,28.103639599811096,27.567713638513872,27.60831348,0.0009215526980690427,-103.5999984741211,0.0,0.0,8.0,0.0,1.0,0.0,snow/ice covered,0.238546878099442,-7.70527744293213,100.0,505.126068115234
arenacam6_1769616049466880889.png,1769616049466880889,1769616049.4668808,42.302170315260746,-83.69742323359493,242.05453491210938,0.7906586874227479,0.6121659329004955,0.007340032465634606,0.007604901209540709,-0.007160000000000001,-0.008110000000000001,0.16936000000000004,0.0492,3.2416,-10.5067,12.352983143292738,27.632882112557258,34.18000030517578,33.130001068115234,34.63999938964844,33.779998779296875,27.75447538740555,26.90186632591942,28.1279988851889,27.42967046037781,27.553502764722918,0.0028726409178385275,-104.9000015258789,0.0,0.0,12.0,0.0,1.0,0.0,snow/ice covered,0.238546878099442,-7.70527744293213,100.0,505.126068115234
arenacam6_1769616049487295009.png,1769616049487295009,1769616049.487295,42.30217465550425,-83.6974219259613,242.06655883789062,0.7921733947381163,0.6101949149705557,0.0075755171966513275,0.00812957270513948,-0.07453000000000001,-0.010310000000000001,0.17181000000000002,-1.0125,0.30910000000000004,-9.5968,12.32895297333187,27.579128064164994,34.13999938964844,33.0099983215332,34.66999816894531,33.75,27.721994275188905,26.804422989269487,28.152358170566714,27.405311174999998,27.521021652506274,0.00210689806884144,-106.0999984741211,0.0,0.0,20.0,0.0,1.0,0.0,snow/ice covered,0.238546878099442,-7.70527744293213,100.0,505.126068115234
arenacam6_1769616049508276091.png,1769616049508276091,1769616049.508276,42.30217465550425,-83.6974219259613,242.06655883789062,0.7927362878010148,0.6094562541905759,0.007794769087356533,0.008455401015535303,-0.07791000000000001,-0.007440000000000001,0.18372000000000002,-1.0639,3.3277,-9.7489,12.317188977978265,27.5528127123987,34.04999923706055,32.98999786376953,34.65999984741211,33.81999969482422,27.64891332148613,26.788182433161165,28.144239441297227,27.462151572594454,27.510871692134742,0.0015222046729583293,-107.4000015258789,0.0,0.0,32.0,0.0,1.0,0.0,snow/ice covered,0.238546878099442,-7.70527744293213,100.0,505.126068115234
arenacam6_1769616049528667271.png,1769616049528667271,1769616049.5286674,42.302178979804054,-83.69742059098604,242.07907104492188,0.7943071997916986,0.6074049364449972,0.007676646778152913,0.00873983040813056,-0.006220000000000002,-0.03543000000000001,0.16063000000000002,-0.316,0.2459,-10.9023,12.3123219510905,27.541925465272385,33.98999786376953,32.88999938964844,34.689998626708984,33.72999954223633,27.600191653161165,26.706982750188907,28.168598726675032,27.38907061889168,27.466210937229196,0.0027490644449916068,-108.70000457763672,0.0,0.0,32.0,0.0,1.0,0.0,snow/ice covered,0.238546878099442,-7.70527744293213,100.0,505.126068115234
arenacam6_1769616049570068944.png,1769616049570068944,1769616049.570069,42.302181134948725,-83.69741990177427,242.08595275878906,0.795972361590541,0.6052134136554336,0.0076541588413130204,0.009281021923583361,-0.0036100000000000004,-0.023270000000000002,0.18876,-0.5118,4.494800000000001,-10.6948,12.280745134748317,27.471290021723902,33.790000915527344,32.790000915527344,34.59000015258789,33.61000061035156,27.437792287216645,26.625783067216645,28.087399043702774,27.2916303798111,27.360651194486792,0.00402743472001566,-111.80000305175781,0.0,0.0,32.0,0.0,1.0,0.0,snow/ice covered,0.238546878099442,-7.70527744293213,100.0,505.126068115234
arenacam6_1769616049611119597.png,1769616049611119597,1769616049.6111195,42.302187573779044,-83.6974177850933,242.10816955566406,0.7986363092131706,0.601706988310809,0.006622377967964454,0.009213573375737196,0.029020000000000004,-0.025240000000000005,0.17716000000000004,-0.3811,2.8143000000000002,-9.9404,12.236941688320417,27.373304340271478,33.7599983215332,32.73999786376953,34.290000915527344,33.5099983215332,27.41342990426949,26.585180128161166,27.843796897216645,27.210427599269483,27.263208632229194,0.004022010155358243,-113.5999984741211,0.0,0.0,36.0,0.0,1.0,0.0,snow/ice covered,0.238546878099442,-7.70527744293213,100.0,505.126068115234
arenacam6_1769616049652522664.png,1769616049652522664,1769616049.6525228,42.302191838238166,-83.69741632116033,242.12326049804688,0.8007553884434438,0.5989050787676322,0.005468459494501643,0.008579653599209343,0.057550000000000004,-0.026660000000000007,0.17448000000000002,-0.6471,0.5147,-9.796800000000001,12.206960016236934,27.30623713872105,33.73999786376953,32.63999938964844,34.36000061035156,33.439998626708984,27.397189348161163,26.503980445188905,27.900637294811098,27.153587201675034,27.238848572459048,0.002467881822004732,-114.5999984741211,0.0,0.0,32.0,0.0,1.0,0.0,snow/ice covered,0.238546878099442,-7.70527744293213,100.0,505.126068115234
arenacam6_1769616049694006138.png,1769616049694006138,1769616049.694006,42.302196087123875,-83.69741482500056,242.139404296875,0.8029291484198208,0.5960002880880757,0.004900952596905504,0.008026199623446128,0.04723000000000001,0.0017400000000000002,0.17536000000000002,-0.45370000000000005,1.7544000000000002,-8.788,12.161843949994593,27.205315205500906,33.599998474121094,32.39999771118164,34.22999954223633,33.23999786376953,27.283508552972258,26.30909686945839,27.79507522889168,26.991184738161163,27.094716347370873,0.004065340073974562,-114.9000015258789,0.0,0.0,40.0,0.0,1.0,0.0,snow/ice covered,0.238546878099442,-7.70527744293213,100.0,505.126068115234
arenacam6_1769616049714727176.png,1769616049714727176,1769616049.7147272,42.30220032114015,-83.69741331698178,242.15513610839844,0.8046214270481961,0.5937133350431094,0.004948847410860378,0.008021460977708504,-0.014490000000000001,0.01755,0.19419,-1.7236,2.3631,-9.690900000000001,12.119684810217732,27.111007739368457,33.5099983215332,32.349998474121094,34.07999801635742,33.209999084472656,27.210427599269483,26.26849702797226,27.67327260686394,26.966825452783354,27.029755671722256,0.0029970139224375983,-114.9000015258789,0.0,0.0,48.0,0.0,1.0,0.0,snow/ice covered,0.238546878099442,-7.70527744293213,100.0,505.126068115234
arenacam6_1769616049735811026.png,1769616049735811026,1769616049.735811,42.30220032114015,-83.69741331698178,242.15513610839844,0.805173684267434,0.5929635097572484,0.0050857500246656315,0.007984322529742236,-0.010030000000000002,0.02467,0.18647000000000002,-0.6967,2.2984,-8.7555,12.112195133010704,27.09425378083697,33.47999954223633,32.34000015258789,34.11000061035156,32.98999786376953,27.186068313891678,26.260378298702776,27.6976349898111,26.788182433161165,26.98306600889168,0.004103739960682337,-114.9000015258789,0.0,0.0,48.0,0.0,1.0,0.0,snow/ice covered,0.238546878099442,-7.70527744293213,100.0,505.126068115234
arenacam6_1769616049756330191.png,1769616049756330191,1769616049.7563303,42.302202432168734,-83.69741254989049,242.1634521484375,0.8068531974267433,0.5906721895579492,0.005313676241478577,0.008126938529332517,-0.00657,0.009150000000000002,0.19311000000000003,-1.1553,2.0442,-9.2856,12.097878989461034,27.062229426684965,33.46999740600586,32.31999969482422,34.040000915527344,33.130001068115234,27.177946487052843,26.24413774259445,27.640794592216643,26.90186632591942,26.99118628694584,0.0026251769068616326,-114.80000305175781,0.0,0.0,44.0,0.0,1.0,0.0,snow/ice covered,0.238546878099442,-7.70527744293213,100.0,505.126068115234
arenacam6_1769616049777046847.png,1769616049777046847,1769616049.7770467,42.30220663409503,-83.69741099343044,242.17762756347656,0.8079792756282133,0.5891266416706067,0.005573390668260752,0.008259996711822511,-0.028050000000000005,0.01518,0.19074000000000005,-1.3858000000000001,3.0861,-8.768500000000001,12.072204536832047,27.00479721662108,33.40999984741211,32.18000030517578,33.98999786376953,33.09000015258789,27.12922791629723,26.130456947405552,27.600191653161165,26.869385213702774,26.93231543264168,0.0026840336329127107,-114.80000305175781,0.0,0.0,52.0,0.0,1.0,0.0,snow/ice covered,0.238546878099442,-7.70527744293213,100.0,505.126068115234
arenacam6_1769616049797594493.png,1769616049797594493,1769616049.7975943,42.30220663409503,-83.69741099343044,242.17762756347656,0.8085506418722714,0.5883419798491297,0.005714420992485851,0.0081804442339495,-0.0035900000000000003,0.030190000000000005,0.19431000000000004,-0.6262,3.2545,-8.704500000000001,12.065180961204375,26.989085899356514,33.31999969482422,32.119998931884766,33.93000030517578,33.04999923706055,27.056146962594454,26.081735279080583,27.55147308240555,26.83690410148613,26.88156485639168,0.003983871234682951,-114.80000305175781,0.0,0.0,48.0,0.0,1.0,0.0,snow/ice covered,0.238546878099442,-7.70527744293213,100.0,505.126068115234
arenacam6_1769616049818315778.png,1769616049818315778,1769616049.8183157,42.30220872983675,-83.69741020244899,242.18516540527344,0.8102580123747884,0.5859849695231643,0.00593662846667507,0.008265913007175133,-0.019940000000000003,0.012020000000000001,0.19749000000000003,-1.7509000000000001,3.1218000000000004,-9.8748,12.037540027810017,26.927254789809343,33.31999969482422,32.209999084472656,33.880001068115234,32.89999771118164,27.056146962594454,26.154816232783357,27.51087324091942,26.71510147945839,26.85923447893891,0.0025260766981778037,-114.9000015258789,0.0,0.0,36.0,0.0,1.0,0.0,snow/ice covered,0.238546878099442,-7.70527744293213,100.0,505.126068115234
arenacam6_1769616049842222031.png,1769616049842222031,1769616049.842222,42.30221290044889,-83.69740859053664,242.19850158691406,0.8113872731640781,0.5844207228509392,0.006135412395196478,0.008091252343623545,0.005690000000000001,0.01692,0.19456000000000004,-0.395,2.2446,-10.0032,12.021317825817366,26.8909666972839,33.209999084472656,32.119998931884766,33.91999816894531,32.82999801635742,26.966825452783354,26.081735279080583,27.543351255566712,26.65826108186394,26.812543267323647,0.002916348483975259,-115.0999984741211,0.0,0.0,48.0,0.0,1.0,0.0,snow/ice covered,0.238546878099442,-7.70527744293213,100.0,505.126068115234
arenacam6_1769616049859644442.png,1769616049859644442,1769616049.8596444,42.30221290044889,-83.69740859053664,242.19850158691406,0.8119590727712152,0.5836258741630589,0.006187894297509397,0.008063071131827193,-0.0015600000000000002,0.00982,0.19593000000000002,-0.5406000000000001,1.8606,-9.917,12.01494212346388,26.876704633661294,33.209999084472656,32.0,33.790000915527344,32.82999801635742,26.966825452783354,25.98429504,27.437792287216645,26.65826108186394,26.761793465465985,0.004275493211001426,-115.30000305175781,0.0,0.0,48.0,0.0,1.0,0.0,snow/ice covered,0.238546878099442,-7.70527744293213,100.0,505.126068115234
arenacam6_1769616049880502261.png,1769616049880502261,1769616049.8805022,42.302214977222626,-83.69740776749163,242.2059326171875,0.813679856960631,0.5812284237228973,0.00632961677782596,0.007651521715903792,0.03877,0.023450000000000002,0.19535000000000002,-0.7934,3.3814,-9.261000000000001,11.985235393431884,26.81025246098352,32.89999771118164,31.76999855041504,33.98999786376953,32.73999786376953,26.71510147945839,25.797531742323645,27.600191653161165,26.585180128161166,26.674501250776093,0.005063406635390089,-115.5999984741211,0.0,0.0,52.0,0.0,1.0,0.0,snow/ice covered,0.238546878099442,-7.70527744293213,100.0,505.126068115234
arenacam6_1769616049901343816.png,1769616049901343816,1769616049.9013438,42.30221911797486,-83.69740610112466,242.21920776367188,0.8148010047226811,0.5796615233298354,0.006236795664996805,0.0072762252354485035,0.029730000000000003,0.009710000000000002,0.19525000000000003,-1.0288000000000002,1.4828000000000001,-9.8489,11.970205612362149,26.776631742517388,33.02000045776367,31.529998779296875,33.630001068115234,32.790000915527344,26.812544816108325,25.602649715377808,27.307870935919418,26.625783067216645,26.587212133655548,0.007074064082566043,-115.80000305175781,0.0,0.0,60.0,0.0,1.0,0.0,snow/ice covered,0.238546878099442,-7.70527744293213,100.0,505.126068115234
arenacam6_1769616049921735233.png,1769616049921735233,1769616049.9217353,42.30222117815976,-83.6974052530851,242.2268829345703,0.8165443477160482,0.5772005596150633,0.006611657688208145,0.007150396887218519,-0.012430000000000002,0.025310000000000003,0.19982000000000003,-0.8216,3.6079000000000003,-10.3344,11.93704444712442,26.7024522055505,32.86000061035156,31.309999465942383,33.540000915527344,32.63999938964844,26.682623464811094,25.424008244540293,27.234789982216643,26.503980445188905,26.461350534189233,0.009029195877041995,-116.4000015258789,0.0,0.0,56.0,0.0,1.0,0.0,snow/ice covered,0.238546878099442,-7.70527744293213,100.0,505.126068115234
arenacam6_1769616049943706013.png,1769616049943706013,1769616049.943706,42.30222117815976,-83.6974052530851,242.2268829345703,0.8170956265623405,0.5764200260714951,0.0066891655182741,0.007067224427035404,0.00444,0.020390000000000002,0.19124000000000002,0.6295000000000001,2.8271,-10.4993,11.942244782121058,26.714085042917883,32.709999084472656,31.34000015258789,33.61000061035156,32.55999755859375,26.560820842783354,25.448369078702775,27.2916303798111,26.439018220755614,26.43495963051321,0.010448623336949093,-116.80000305175781,1.1750000715255737,0.0,56.0,0.0,1.0,0.0,snow/ice covered,0.238546878099442,-7.70527744293213,100.0,505.126068115234
arenacam6_1769616049963789401.png,1769616049963789401,1769616049.9637892,42.30222528570768,-83.69740353878085,242.24124145507812,0.8182337673345589,0.5748049540748068,0.006541879950218807,0.007068986580187322,0.016080000000000004,-0.011000000000000001,0.19783,-1.2733,3.9816000000000003,-10.6236,11.929056323387112,26.68458325203757,32.66999816894531,31.349998474121094,33.599998474121094,32.459999084472656,26.52833973056671,25.456487807972263,27.283508552972258,26.357818537783356,26.406538657323647,0.010419671616669946,-117.5,2.325000047683716,0.0,60.0,0.0,1.0,0.0,snow/ice covered,0.238546878099442,-7.70527744293213,100.0,505.126068115234
arenacam6_1769616049983774066.png,1769616049983774066,1769616049.983774,42.302227328008385,-83.69740266598622,242.249755859375,0.8198675928898808,0.5724794324989806,0.006164656410612075,0.006813699871341172,0.024600000000000004,-0.024870000000000003,0.18494000000000002,-0.7283000000000001,2.8148,-9.9128,11.90673912396332,26.63466101595851,32.599998474121094,31.25,33.349998474121094,32.41999816894531,26.47149933297226,25.375288125,27.08050624797226,26.325337425566712,26.31315778287781,0.01207085882895481,-118.0,3.299999952316284,0.0,60.0,0.0,1.0,0.0,snow/ice covered,0.238546878099442,-7.70527744293213,100.0,505.126068115234
arenacam6_1769616050004704870.png,1769616050004704870,1769616050.0047047,42.302227328008385,-83.69740266598622,242.249755859375,0.820423092203576,0.5716859041159529,0.006002985064724731,0.006718704083436482,0.03389,-0.017400000000000002,0.19359000000000004,-0.33430000000000004,3.9318000000000004,-10.2687,11.902257816370371,26.62463659975154,32.59000015258789,31.549999237060547,33.349998474121094,32.47999954223633,26.463380603702774,25.61889027148613,27.08050624797226,26.37405909389168,26.38420905426321,0.009030265806165937,-118.5999984741211,4.5,0.0,44.0,0.0,1.0,0.0,snow/ice covered,0.238546878099442,-7.70527744293213,100.0,505.126068115234
arenacam6_1769616050024864308.png,1769616050024864308,1769616050.0248642,42.302231401975696,-83.6974008753271,242.26565551757812,0.8214575777578385,0.5702112152235388,0.005251035840967857,0.006248567845262522,0.09358000000000001,-0.04470000000000001,0.17487000000000003,-0.0333,2.7737000000000003,-10.052100000000001,11.897524215744566,26.614047819167652,32.5099983215332,31.549999237060547,33.25,32.38999938964844,26.398418379269486,25.61889027148613,26.999306565,26.300978140188906,26.32939833898613,0.010695459860732432,-119.20000457763672,5.75,0.0,44.0,0.0,1.0,0.0,snow/ice covered,0.238546878099442,-7.70527744293213,100.0,505.126068115234
arenacam6_1769616050066621214.png,1769616050066621214,1769616050.066621,42.30223342881695,-83.69739997620103,242.27444458007812,0.8234744871790675,0.567303544268537,0.004198692488913847,0.006231260459298776,-0.00478,-0.05589000000000001,0.18004000000000003,-0.7469,3.128,-9.9704,11.849125807498321,26.505783483825297,32.459999084472656,31.19999885559082,33.189998626708984,32.29999923706055,26.357818537783356,25.334686734729196,26.950584896675036,26.227897186486132,26.21774683891843,0.010866935704150638,-120.0999984741211,6.825000286102295,0.0,48.0,0.0,1.0,0.0,snow/ice covered,0.238546878099442,-7.70527744293213,100.0,505.126068115234
arenacam6_1769616050087016394.png,1769616050087016394,1769616050.0870163,42.30223747122387,-83.69739813291544,242.29075622558594,0.824944967405476,0.5651684061911049,0.0034745054302720837,0.006196870807097786,0.018600000000000002,-0.04909000000000001,0.16657000000000002,-1.5327000000000002,0.3935,-9.9544,11.816370426499486,26.43251166185376,32.31999969482422,31.15999984741211,33.029998779296875,32.29999923706055,26.24413774259445,25.302207171297226,26.82066354537781,26.227897186486132,26.148726411438904,0.010736219623971695,-120.4000015258789,7.300000190734863,0.0,56.0,0.0,1.0,0.0,snow/ice covered,0.238546878099442,-7.70527744293213,100.0,505.126068115234
arenacam6_1769616050107918023.png,1769616050107918023,1769616050.107918,42.30223747122387,-83.69739813291544,242.29075622558594,0.8254496781413446,0.5644301816772652,0.0034221476434637523,0.006299823301211356,-0.009460000000000001,-0.021910000000000002,0.17628000000000005,-2.3137000000000003,1.3017,-9.1529,11.792379355698145,26.37884507593541,32.31999969482422,31.119998931884766,32.98999786376953,32.290000915527344,26.24413774259445,25.269726059080583,26.788182433161165,26.219778457216645,26.13045617301321,0.009416215994565854,-120.9000015258789,8.02500057220459,0.0,60.0,0.0,1.0,0.0,snow/ice covered,0.238546878099442,-7.70527744293213,100.0,505.126068115234
arenacam6_1769616050128457246.png,1769616050128457246,1769616050.1284573,42.30224148421579,-83.69739627805156,242.30772399902344,0.8269517175150156,0.562222066873994,0.0036187035390190686,0.006641491067284796,-0.02279,-0.0011400000000000002,0.17023000000000002,-0.14250000000000002,2.8744,-9.177900000000001,11.765612210311719,26.318968577734697,32.189998626708984,31.099998474121094,33.0099983215332,32.14999771118164,26.138575676675035,25.25348550297226,26.804422989269487,26.10609456445839,26.075644683343793,0.009245191112722845,-121.30000305175781,8.574999809265137,0.0,52.0,0.0,1.0,0.0,snow/ice covered,0.238546878099442,-7.70527744293213,100.0,505.126068115234
arenacam6_1769616050149302114.png,1769616050149302114,1769616050.149302,42.30224348012913,-83.69739532764191,242.3148193359375,0.8278859047641497,0.5608414116788061,0.003694672557108581,0.006941832154779805,-0.034260000000000006,-0.0013300000000000002,0.16776000000000002,-1.4602000000000002,1.6184,-10.355500000000001,11.741098506715801,26.264132893612846,31.969999313354492,31.099998474121094,33.11000061035156,32.27000045776367,25.959934205837516,25.25348550297226,26.8856257698111,26.203537901108323,26.0756458449323,0.0071765951476122835,-121.9000015258789,9.27500057220459,0.0,60.0,0.0,1.0,0.0,snow/ice covered,0.238546878099442,-7.70527744293213,100.0,505.126068115234
arenacam6_1769616050170012176.png,1769616050170012176,1769616050.1700122,42.30224745524225,-83.69739342845428,242.3321075439453,0.8293480881876358,0.5586667425063538,0.004033347195491319,0.0075466248915152506,-0.030000000000000002,0.01004,0.16887000000000002,-0.8361000000000001,3.435,-9.5164,11.707660724406537,26.18933458085396,31.920000076293945,30.869998931884766,33.02000045776367,32.14999771118164,25.919334364351386,25.06672375408058,26.812544816108325,26.10609456445839,25.97617437474967,0.008139199010429272,-122.20000457763672,9.824999809265137,0.0,56.0,0.0,1.0,0.0,snow/ice covered,0.238546878099442,-7.70527744293213,100.0,505.126068115234
arenacam6_1769616050191127236.png,1769616050191127236,1769616050.1911273,42.30224745524225,-83.69739342845428,242.3321075439453,0.8298112073154106,0.5579760035973977,0.004101442164574967,0.007701804683838061,-0.031700000000000006,-0.007710000000000002,0.16421000000000002,0.0426,1.7631000000000001,-9.020900000000001,11.707402966765192,26.188757992475733,31.889999389648438,30.849998474121094,32.97999954223633,32.0,25.894973530188906,25.050483197972262,26.78006370389168,25.98429504,25.92745386801321,0.009977721148043675,-122.5999984741211,10.100000381469727,0.0,60.0,0.0,1.0,0.0,snow/ice covered,0.238546878099442,-7.70527744293213,100.0,505.126068115234
arenacam6_1769616050211141418.png,1769616050211141418,1769616050.2111413,42.30224745524225,-83.69739342845428,242.3321075439453,0.8302809076943952,0.5572740395521076,0.004123378658505657,0.007890304676361946,-0.03354000000000001,-0.018910000000000003,0.16866,-0.8522000000000001,2.5888,-8.6812,11.698239039051352,26.168258836015532,31.85999870300293,30.76999855041504,32.93000030517578,31.920000076293945,25.87061269602642,24.98552252232365,26.73946386240555,25.919334364351386,25.87873336127675,0.011063994610917916,-122.9000015258789,11.02500057220459,0.0,44.0,0.0,1.0,0.0,snow/ice covered,0.238546878099442,-7.70527744293213,100.0,505.126068115234
arenacam6_1769616050252699576.png,1769616050252699576,1769616050.2526996,42.30225336774961,-83.69739049082524,242.3553466796875,0.8326226545956408,0.5537678110690312,0.004143805954681565,0.007972160944921022,0.03941000000000001,-0.012560000000000002,0.17139000000000001,-1.1525,4.4821,-8.2257,11.648584092073863,26.05718369892371,31.459999084472656,30.689998626708984,32.689998626708984,31.84000015258789,25.545809317783355,24.92056184667503,26.544580286675036,25.854373688702776,25.71633128495905,0.013080938366287717,-123.4000015258789,12.050000190734863,0.0,48.0,0.0,1.0,0.0,snow/ice covered,0.238546878099442,-7.70527744293213,100.0,505.126068115234
arenacam6_1769616050273530748.png,1769616050273530748,1769616050.2735307,42.30225728381469,-83.69738848803529,242.3672332763672,0.833958551288434,0.5517650055935258,0.003934457845999753,0.007282401851773912,0.022970000000000004,0.006840000000000001,0.16210000000000002,-1.5028000000000001,1.0975000000000001,-7.2071000000000005,11.622952853679589,25.999848156510023,31.510000228881836,30.559999465942383,32.63999938964844,31.729999542236328,25.58641070805416,24.815001329540294,26.503980445188905,25.76505217889168,25.66761116541876,0.012778420438893077,-123.5999984741211,13.27500057220459,0.0,60.0,0.0,1.0,0.0,snow/ice covered,0.238546878099442,-7.70527744293213,100.0,505.126068115234
arenacam6_1769616050294385312.png,1769616050294385312,1769616050.2943854,42.30225728381469,-83.69738848803529,242.3672332763672,0.8344468769413175,0.5510271222576761,0.003929567372541385,0.007216550392709556,0.011670000000000002,0.004920000000000001,0.17696,-0.3694,2.3846000000000003,-8.7973,11.61865418448935,25.99023229145161,31.619998931884766,30.649999618530273,32.61000061035156,31.729999542236328,25.675730669080583,24.88808228324307,26.479621159811096,25.76505217889168,25.702121572756607,0.011085346043242704,-123.9000015258789,14.225000381469727,0.0,60.0,0.0,1.0,0.0,snow/ice covered,0.238546878099442,-7.70527744293213,100.0,505.126068115234
arenacam6_1769616050314655731.png,1769616050314655731,1769616050.3146558,42.30226118292434,-83.69738645453727,242.37869262695312,0.8357983465165815,0.5489821276141469,0.00352080026463575,0.006881241595046905,0.027220000000000005,-0.019400000000000004,0.15710000000000002,-0.3033,0.6978000000000001,-11.2597,11.604784665365399,25.959207009342478,31.639999389648438,30.829999923706055,32.48999786376953,31.719999313354492,25.691971225188905,25.034244190648614,26.382177823161165,25.756931900837518,25.716331284959047,0.009356053299163664,-124.0,14.074999809265137,0.0,60.0,0.0,1.0,0.0,snow/ice covered,0.238546878099442,-7.70527744293213,100.0,505.126068115234
arenacam6_1769616050336072432.png,1769616050336072432,1769616050.3360724,42.30226118292434,-83.69738645453727,242.37869262695312,0.8362463207636621,0.5482992166177187,0.0034994105927686685,0.006914780628277277,-0.0030800000000000003,-0.00854,0.16330000000000003,-0.9819,1.2812000000000001,-10.8853,11.594434113990138,25.9360534469491,31.619998931884766,30.869998931884766,32.529998779296875,31.709999084472656,25.675730669080583,25.06672375408058,26.41465893537781,25.748811622783357,25.726481245330582,0.008080342757127122,-124.20000457763672,14.725000381469727,0.0,60.0,0.0,1.0,0.0,snow/ice covered,0.238546878099442,-7.70527744293213,100.0,505.126068115234
arenacam6_1769616050356105696.png,1769616050356105696,1769616050.3561058,42.302263122672244,-83.6973854256813,242.38565063476562,0.8375304245662729,0.5463362481306169,0.00299676769195141,0.007107129364254554,0.014280000000000003,-0.05206,0.14380000000000004,-0.5919,2.0653,-10.8945,11.583584660922028,25.911783871402925,31.619998931884766,30.90999984741211,32.30999755859375,31.689998626708984,25.675730669080583,25.099204866297228,26.236015915755615,25.732571066675035,25.685880629452114,0.008718166339760355,-124.4000015258789,14.925000190734863,0.0,64.0,0.0,1.0,0.0,snow/ice covered,0.238546878099442,-7.70527744293213,100.0,505.126068115234
arenacam6_1769616050376839099.png,1769616050376839099,1769616050.3768392,42.302265062269015,-83.69738440258729,242.39276123046875,0.8379469542391483,0.5456961893057926,0.0028084670653046257,0.007258331159039642,-0.00335,-0.04948000000000001,0.15072000000000002,-0.7885000000000001,1.7541,-11.2512,11.575158701541872,25.892935505827076,31.709999084472656,30.829999923706055,32.369998931884766,31.719999313354492,25.748811622783357,25.034244190648614,26.28473758408058,25.756931900837518,25.70618132458752,0.007212553447156624,-124.80000305175781,14.925000190734863,0.0,60.0,0.0,1.0,0.0,snow/ice covered,0.238546878099442,-7.70527744293213,100.0,505.126068115234
arenacam6_1769616050397570530.png,1769616050397570530,1769616050.3975706,42.30226699488383,-83.69738334976475,242.39883422851562,0.8391851935778271,0.5437832806519551,0.0022678946760335468,0.007925352792167708,-0.026360000000000005,-0.06487000000000001,0.14494,-0.2752,1.6642000000000001,-9.7247,11.558100133532118,25.85477651270334,31.689998626708984,30.849998474121094,32.39999771118164,31.65999984741211,25.732571066675035,25.050483197972262,26.30909686945839,25.708211781297226,25.70009072885073,0.005982870661311177,-125.4000015258789,14.850000381469727,0.0,60.0,0.0,1.0,0.0,snow/ice covered,0.238546878099442,-7.70527744293213,100.0,505.126068115234
arenacam6_1769616050439099158.png,1769616050439099158,1769616050.439099,42.30227084488161,-83.69738125805267,242.41397094726562,0.840815169056145,0.5412363182096666,0.0018504374279049163,0.009469699955989582,-0.0675,-0.05372000000000001,0.15153000000000003,-0.7355,1.421,-10.8705,11.52410325919859,25.778727544631696,31.670000076293945,30.760000228881836,32.5099983215332,31.689998626708984,25.716332059351387,24.97740379305416,26.398418379269486,25.732571066675035,25.70618132458752,0.0028141893318270076,-127.70000457763672,14.300000190734863,0.0,52.0,0.0,1.0,0.0,snow/ice covered,0.238546878099442,-7.70527744293213,100.0,505.126068115234
arenacam6_1769616050459951454.png,1769616050459951454,1769616050.4599514,42.302274672193626,-83.69737913030738,242.4278106689453,0.8416676157633293,0.5398943738919249,0.001803602394445024,0.010316813147576489,-0.06502000000000001,-0.033690000000000005,0.15807000000000004,-0.9791000000000001,2.0168,-9.2172,11.49899699696335,25.722566342387196,31.760000228881836,30.639999389648438,32.47999954223633,31.6299991607666,25.789413013054162,24.879962005188904,26.37405909389168,25.683850947134744,25.681821264817373,0.001584020701024746,-129.10000610351562,13.824999809265137,0.0,52.0,0.0,1.0,0.0,snow/ice covered,0.238546878099442,-7.70527744293213,100.0,505.126068115234
arenacam6_1769616050523754164.png,1769616050523754164,1769616050.5237544,42.302280364934404,-83.6973759057295,242.4467010498047,0.8443626208494304,0.5356310698178285,0.0023093469434785612,0.012074289825246281,-0.04845000000000001,0.0014000000000000002,0.17427,-1.7456,1.9403000000000001,-8.8431,11.422205936859774,25.550789348399103,31.76999855041504,30.60999870300293,32.48999786376953,31.510000228881836,25.797531742323645,24.85560117102642,26.382177823161165,25.58641070805416,25.65543036114135,0.004095412134451408,-134.40000915527344,10.925000190734863,0.0,56.0,0.0,1.0,0.0,snow/ice covered,0.238546878099442,-7.70527744293213,100.0,505.126068115234
arenacam6_1769616050542487138.png,1769616050542487138,1769616050.5424871,42.302280364934404,-83.6973759057295,242.4467010498047,0.8448329927447408,0.534885053273153,0.0025814131296297916,0.012187307380843667,-0.047360000000000006,0.03182,0.17691000000000004,-1.3631,2.3535,-8.880700000000001,11.408818538959197,25.520842542539388,31.599998474121094,30.599998474121094,32.38999938964844,31.389999389648438,25.65949011297226,24.84748089297226,26.300978140188906,25.488968920188906,25.574229516580584,0.0020918970034867713,-136.1999969482422,10.40000057220459,0.0,64.0,0.0,1.0,0.0,snow/ice covered,0.238546878099442,-7.70527744293213,100.0,505.126068115234
arenacam6_1769616050583601192.png,1769616050583601192,1769616050.5836012,42.30228600063638,-83.69737260898866,242.46163940429688,0.8471984140250243,0.5311367424628681,0.0036805723165957,0.01162159484920557,0.02391,0.05039000000000001,0.16848000000000002,0.1057,1.2637,-9.3731,11.37505872259817,25.445323858928752,31.459999084472656,30.479999542236328,32.29999923706055,31.399999618530273,25.545809317783355,24.750040653891677,26.227897186486132,25.497089198243067,25.505209089101058,0.0023534866564998316,-140.0,8.925000190734863,0.0,44.0,0.0,1.0,0.0,snow/ice covered,0.238546878099442,-7.70527744293213,100.0,505.126068115234
arenacam6_1769616050604489677.png,1769616050604489677,1769616050.6044898,42.30228786583748,-83.69737149631895,242.46612548828125,0.8486741263907538,0.5287934003963325,0.004176333378280213,0.010598355140695058,0.05639000000000001,0.07345000000000002,0.18250000000000002,-0.1698,2.8605,-9.0458,11.349648811950333,25.38848341340418,31.469999313354492,30.639999389648438,32.14999771118164,31.279998779296875,25.553929595837516,24.879962005188904,26.10609456445839,25.399647410377806,25.484908393965654,0.003797981115743366,-141.60000610351562,8.449999809265137,0.0,44.0,0.0,1.0,0.0,snow/ice covered,0.238546878099442,-7.70527744293213,100.0,505.126068115234
arenacam6_1769616050625558158.png,1769616050625558158,1769616050.6255584,42.30228786583748,-83.69737149631895,242.46612548828125,0.849150588551772,0.528036145111566,0.004265189688322945,0.010144731382295283,0.06812000000000001,0.06104000000000001,0.17941000000000004,-0.8739,3.3395,-8.8984,11.340656424693243,25.368367982653304,31.31999969482422,30.51999855041504,32.0099983215332,31.279998779296875,25.432128522594454,24.782520217323647,25.992413769269486,25.399647410377806,25.40167747989135,0.0013130327209390843,-143.0,8.699999809265137,0.0,52.0,0.0,1.0,0.0,snow/ice covered,0.238546878099442,-7.70527744293213,100.0,505.126068115234
arenacam6_1769616050646144393.png,1769616050646144393,1769616050.6461446,42.302291583196975,-83.69736923294916,242.47430419921875,0.8505483997689655,0.5257970110585526,0.004607334517654769,0.009148512501331661,0.016440000000000003,0.04203000000000001,0.18989,-1.2575,2.5803000000000003,-10.5298,11.330599334856384,25.34587087611364,31.31999969482422,30.42999839782715,31.989999771118164,31.209999084472656,25.432128522594454,24.709439263620872,25.976174761945842,25.342807012783357,25.365137390236132,0.0007601440967115956,-144.10000610351562,8.699999809265137,0.0,52.0,0.0,1.0,0.0,snow/ice covered,0.238546878099442,-7.70527744293213,100.0,505.126068115234
arenacam6_1769616050666913864.png,1769616050666913864,1769616050.6669137,42.302291583196975,-83.69736923294916,242.47430419921875,0.8510598594764912,0.5249732073654667,0.004790088329765518,0.008792166403271469,0.0417,0.06664,0.19450000000000003,-0.6252,3.9288000000000003,-9.6889,11.323814250344107,25.330693049164747,31.35999870300293,30.479999542236328,31.920000076293945,31.170000076293945,25.464608086026423,24.750040653891677,25.919334364351386,25.310327449351387,25.36107763840522,0.0011995166962664272,-145.10000610351562,8.75,0.0,52.0,0.0,1.0,0.0,snow/ice covered,0.238546878099442,-7.70527744293213,100.0,505.126068115234
arenacam6_1769616050687299079.png,1769616050687299079,1769616050.687299,42.30229528643387,-83.69736694145331,242.48179626464844,0.8524298593012413,0.5227573126459466,0.005037012523368703,0.00792184017091481,0.007000000000000001,0.027610000000000003,0.17706000000000002,-0.7573000000000001,-0.7222000000000001,-9.730400000000001,11.319834904319974,25.321791490869522,31.0,30.42999839782715,31.829999923706055,31.079999923706055,25.172285820000003,24.709439263620872,25.846253410648615,25.237246495648613,25.24130624747953,0.003178497201472299,-146.1999969482422,8.800000190734863,0.0,60.0,0.0,1.0,0.0,snow/ice covered,0.238546878099442,-7.70527744293213,100.0,505.126068115234
arenacam6_1769616050708599267.png,1769616050708599267,1769616050.7085993,42.30229713141575,-83.69736579614545,242.48704528808594,0.8534349277819548,0.5211061645974618,0.005564728965341372,0.008137754719508996,-0.051210000000000006,0.023340000000000003,0.19490000000000002,0.18610000000000002,4.0056,-12.0997,11.311690498383797,25.303572943454654,31.279998779296875,30.349998474121094,31.849998474121094,31.01999855041504,25.399647410377806,24.64447858797226,25.862492417972263,25.188524827323647,25.273785810911495,0.0011771907710315854,-147.8000030517578,9.0,0.0,60.0,0.0,1.0,0.0,snow/ice covered,0.238546878099442,-7.70527744293213,100.0,505.126068115234
arenacam6_1769616050728736205.png,1769616050728736205,1769616050.7287362,42.30229713141575,-83.69736579614545,242.48704528808594,0.853914880383443,0.5203184530823883,0.005617169316435917,0.008156705863941219,-0.008760000000000002,0.005110000000000001,0.18456000000000003,0.249,5.425400000000001,-12.446800000000001,11.313344236108385,25.307272255520292,30.979999542236328,30.10999870300293,31.959999084472656,31.06999969482422,25.156045263891677,24.44959656102642,25.951813927783355,25.22912621759445,25.19664549257398,0.00437134282309635,-148.90000915527344,9.0,0.0,60.0,0.0,1.0,0.0,snow/ice covered,0.238546878099442,-7.70527744293213,100.0,505.126068115234
arenacam6_1769616050749191724.png,1769616050749191724,1769616050.7491918,42.30230081436503,-83.69736346382257,242.49732971191406,0.8552200827474702,0.5181707834485956,0.0054848697729208366,0.008219820512208141,-0.022640000000000004,-0.017470000000000003,0.17195000000000002,-1.0024,1.6315000000000002,-10.482800000000001,11.30329786264545,25.284799120866115,30.889999389648438,30.010000228881836,31.809999465942383,30.969999313354492,25.082964310188903,24.368396878054163,25.830012854540293,25.147924985837516,25.107324757155222,0.007019014185658809,-150.40000915527344,8.824999809265137,0.0,68.0,0.0,1.0,0.0,snow/ice covered,0.238546878099442,-7.70527744293213,100.0,505.126068115234
arenacam6_1769616050770347718.png,1769616050770347718,1769616050.7703478,42.30230264468104,-83.697362282241,242.5047149658203,0.8561076457228982,0.5167008055565554,0.005336440380878341,0.008455700802714447,-0.005000000000000001,-0.04034000000000001,0.17187000000000005,0.2762,4.176,-11.321,11.301895987424894,25.281663210110242,30.959999084472656,30.06999969482422,31.869998931884766,30.849998474121094,25.13980470778336,24.41711699759445,25.87873297408058,25.050483197972262,25.121534469357663,0.006333789807331323,-152.10000610351562,8.65000057220459,0.0,64.0,0.0,1.0,0.0,snow/ice covered,0.238546878099442,-7.70527744293213,100.0,505.126068115234
arenacam6_1769616050790597304.png,1769616050790597304,1769616050.7905974,42.30230264468104,-83.697362282241,242.5047149658203,0.8565280761243035,0.5160054235577356,0.005078216079293223,0.008501140585426253,0.018940000000000002,-0.050510000000000006,0.16192,0.052500000000000005,4.0341000000000005,-11.8145,11.301639462487403,25.281089379216574,30.869998931884766,30.189998626708984,31.760000228881836,30.889999389648438,25.06672375408058,24.514557236675035,25.789413013054162,25.082964310188903,25.11341457849967,0.006632419916791655,-153.8000030517578,8.425000190734863,0.0,60.0,0.0,1.0,0.0,snow/ice covered,0.238546878099442,-7.70527744293213,100.0,505.126068115234
arenacam6_1769616050811228744.png,1769616050811228744,1769616050.8112288,42.302308110882485,-83.69735867318198,242.52772521972656,0.8581790202898398,0.5132744238596275,0.00373164530656736,0.008013099852360475,0.07262,-0.041600000000000005,0.15132,0.5673,2.3686000000000003,-9.372200000000001,11.274705205133277,25.22083906157083,30.869998931884766,29.76999855041504,31.76999855041504,30.889999389648438,25.06672375408058,24.17351330232365,25.797531742323645,25.082964310188903,25.03018327722919,0.0075594544605038,-155.5,7.950000286102295,0.0,48.0,0.0,1.0,0.0,snow/ice covered,0.238546878099442,-7.70527744293213,100.0,505.126068115234
arenacam6_1769616050832278152.png,1769616050832278152,1769616050.8322783,42.302308110882485,-83.69735867318198,242.52772521972656,0.8585859718342942,0.5125972505982439,0.0033199466910095576,0.007947679060646782,0.053680000000000005,-0.06538000000000001,0.15737,0.9567,0.9785,-9.844800000000001,11.283772686951645,25.241122474349613,30.849998474121094,29.8799991607666,31.670000076293945,30.94999885559082,25.050483197972262,24.262834812134745,25.716332059351387,25.131684429729198,25.0403336247969,0.00795483044610066,-157.1999969482422,7.150000095367432,0.0,56.0,0.0,1.0,0.0,snow/ice covered,0.238546878099442,-7.70527744293213,100.0,505.126068115234
arenacam6_1769616050852588532.png,1769616050852588532,1769616050.8525887,42.302309919237956,-83.697357458056,242.53646850585938,0.8594201347642704,0.511201472392552,0.0022973386371991666,0.008050392576530953,0.049690000000000005,-0.08793000000000001,0.16933000000000004,-1.7342000000000002,3.9589000000000003,-10.157,11.26394832421379,25.196776564366797,30.84000015258789,29.8799991607666,31.779998779296875,30.729999542236328,25.042364468702775,24.262834812134745,25.805652020377806,24.95304295889168,25.015973565026748,0.00717564006166328,-158.8000030517578,4.925000190734863,0.0,64.0,0.0,1.0,0.0,snow/ice covered,0.238546878099442,-7.70527744293213,100.0,505.126068115234
arenacam6_1769616050894147829.png,1769616050894147829,1769616050.8941479,42.30231352759873,-83.69735499606603,242.55209350585938,0.8610808558532491,0.5084069145624437,0.0007375587153392771,0.007850153837587566,0.0038800000000000006,-0.05978000000000001,0.18168000000000004,-0.7926000000000001,-0.6518,-9.523200000000001,11.220625380581641,25.099865738838297,30.65999984741211,29.849998474121094,31.599998474121094,30.719999313354492,24.896202561297226,24.23847397797226,25.65949011297226,24.944922680837518,24.934772333269816,0.006577461699845802,-161.8000030517578,0.0,0.0,76.0,0.0,1.0,0.0,snow/ice covered,0.238546878099442,-7.70527744293213,100.0,505.126068115234
arenacam6_1769616050914714724.png,1769616050914714724,1769616050.9147146,42.302315322481235,-83.69735375647855,242.56002807617188,0.8623662886879173,0.5062193233639601,0.00010274945248778863,0.00814679262728515,0.04317000000000001,-0.05582000000000001,0.16548000000000002,-1.617,3.4066,-7.746700000000001,11.19712286587711,25.047292023595144,30.719999313354492,29.779998779296875,31.510000228881836,30.639999389648438,24.944922680837518,24.18163358037781,25.58641070805416,24.879962005188904,24.898232243614597,0.005951133553285091,-163.1999969482422,0.0,0.0,76.0,0.0,1.0,0.0,snow/ice covered,0.238546878099442,-7.70527744293213,100.0,505.126068115234
arenacam6_1769616050935998787.png,1769616050935998787,1769616050.9359987,42.30231889576687,-83.69735126992572,242.5732421875,0.8632738700795132,0.5046709345843072,-0.00032691085733859565,0.008084933706183453,0.005710000000000001,-0.035640000000000005,0.17360000000000003,-1.3451,-1.2808000000000002,-8.853100000000001,11.174926285369757,24.997639604795026,30.639999389648438,29.639999389648438,31.40999984741211,30.59000015258789,24.879962005188904,24.067952785188904,25.505209476297228,24.839362163702774,24.82312160759445,0.006981379040567433,-164.60000610351562,0.0,0.0,76.0,0.0,1.0,0.0,snow/ice covered,0.238546878099442,-7.70527744293213,100.0,505.126068115234
arenacam6_1769616050956270847.png,1769616050956270847,1769616050.956271,42.30231889576687,-83.69735126992572,242.5732421875,0.8637150510229611,0.5039120482959765,-0.00022571071503846903,0.00830104049081237,-0.04675000000000001,-0.005640000000000001,0.17571000000000003,-1.6236000000000002,-0.43420000000000003,-8.9673,11.158908574732317,24.96180894716171,30.559999465942383,29.549999237060547,31.389999389648438,30.510000228881836,24.815001329540294,23.99487183148613,25.488968920188906,24.774401488054163,24.768310892317373,0.007751764115089855,-166.10000610351562,0.0,0.0,88.0,0.0,1.0,0.0,snow/ice covered,0.238546878099442,-7.70527744293213,100.0,505.126068115234
arenacam6_1769616050976955039.png,1769616050976955039,1769616050.9769552,42.30232067261303,-83.69735001449212,242.58001708984375,0.865158228858125,0.5014219954285611,-0.0001768976747516778,0.0087857980129814,0.014150000000000003,-0.005550000000000001,0.18925000000000003,-0.8036000000000001,4.2548,-9.0318,11.136270282097996,24.911168444836292,30.469999313354492,29.51999855041504,31.44999885559082,30.369998931884766,24.741920375837516,23.97051099732365,25.537689039729198,24.660719144080584,24.72770988924274,0.007364510259717723,-167.6999969482422,0.0,0.0,80.0,0.0,1.0,0.0,snow/ice covered,0.238546878099442,-7.70527744293213,100.0,505.126068115234
arenacam6_1769616050997655968.png,1769616050997655968,1769616050.997656,42.30232421162921,-83.69734749435516,242.59095764160156,0.8660632375030437,0.4998577843609483,-0.00019849190846731295,0.00875355130631842,-0.006060000000000001,-0.006200000000000001,0.1778,-0.9483,0.17800000000000002,-8.7761,11.121586528497033,24.878321769056157,30.369998931884766,29.399999618530273,31.35999870300293,30.389999389648438,24.660719144080584,23.873070758243063,25.464608086026423,24.676959700188903,24.66883942213474,0.008420276450559106,-169.1999969482422,0.0,0.0,84.0,0.0,1.0,0.0,snow/ice covered,0.238546878099442,-7.70527744293213,100.0,505.126068115234
arenacam6_1769616051038826441.png,1769616051038826441,1769616051.0388265,42.302325970752655,-83.69734622400426,242.59677124023438,0.8680271197350077,0.4964397485507872,3.337173324715736e-05,0.008746104830452217,0.028120000000000003,0.009430000000000001,0.18939000000000003,0.4112,3.8295000000000003,-9.7117,11.092653757197569,24.81360089562553,30.189998626708984,29.349998474121094,31.03999900817871,30.10999870300293,24.514557236675035,23.83246936797226,25.204765383431972,24.44959656102642,24.500347137276425,0.012624276487187728,-173.0,0.0,0.0,80.0,0.0,1.0,0.0,snow/ice covered,0.238546878099442,-7.70527744293213,100.0,505.126068115234
arenacam6_1769616051059934713.png,1769616051059934713,1769616051.0599346,42.30232946911856,-83.69734364756961,242.60765075683594,0.8689520149758257,0.4948241773020301,-0.00050325985544733,0.008436584400058657,0.058370000000000005,-0.04112000000000001,0.18968000000000004,-1.2999,3.0689,-11.874500000000001,11.084537968240875,24.795446362676746,30.15999984741211,29.399999618530273,31.170000076293945,30.719999313354492,24.49019795129723,23.873070758243063,25.310327449351387,24.944922680837518,24.6546297099323,0.005679133607225884,-174.10000610351562,0.0,0.0,80.0,0.0,1.0,0.0,snow/ice covered,0.238546878099442,-7.70527744293213,100.0,505.126068115234
arenacam6_1769616051080211281.png,1769616051080211281,1769616051.0802112,42.30232946911856,-83.69734364756961,242.60765075683594,0.8694223821945722,0.4940016416709698,-0.0007983695671072502,0.008152421207000904,0.07954,-0.02451,0.18889000000000003,-2.6968,1.6327,-11.0596,11.057730695594069,24.7354801022022,30.010000228881836,29.25,31.03999900817871,30.229999542236328,24.368396878054163,23.751269685,25.204765383431972,24.54703834889168,24.467867573844455,0.010818974495422035,-175.10000610351562,0.0,0.0,84.0,0.0,1.0,0.0,snow/ice covered,0.238546878099442,-7.70527744293213,100.0,505.126068115234
arenacam6_1769616051121825934.png,1769616051121825934,1769616051.121826,42.30233468257969,-83.69733974591574,242.6197967529297,0.8718024836507591,0.4898028765849391,-0.0011209359645872829,0.007232917257257428,0.09974000000000002,-0.050440000000000006,0.16783000000000003,-0.7040000000000001,2.3859,-7.3943,11.045757595794718,24.70869699633704,30.010000228881836,29.010000228881836,30.92999839782715,29.829999923706055,24.368396878054163,23.55638765805416,25.115443873620872,24.222234970648614,24.315615845094452,0.01590861514473465,-176.90000915527344,0.0,0.0,88.0,0.0,1.0,0.0,snow/ice covered,0.238546878099442,-7.70527744293213,100.0,505.126068115234
arenacam6_1769616051142486171.png,1769616051142486171,1769616051.1424863,42.30233640990583,-83.69733844120823,242.62388610839844,0.8731695047150175,0.4873561079590886,-0.0009628482908314384,0.007623187907212004,-0.07753000000000002,0.021280000000000004,0.20635,-1.9462000000000002,2.3689,-12.549900000000001,10.977715141600333,24.556490108851452,29.85999870300293,28.849998474121094,31.03999900817871,29.809999465942383,24.246594256026423,23.42646475797226,25.204765383431972,24.205994414540292,24.27095470299274,0.01162769616476221,-177.8000030517578,0.0,0.0,92.0,0.0,1.0,0.0,snow/ice covered,0.238546878099442,-7.70527744293213,100.0,505.126068115234
arenacam6_1769616051163194328.png,1769616051163194328,1769616051.1631944,42.302338129863514,-83.6973371143134,242.62722778320312,0.8736995708686284,0.48640420103934445,-0.0007660885955999663,0.007708838013312302,-0.03304000000000001,0.024650000000000002,0.21823000000000004,0.024900000000000002,6.2268,-11.4253,10.97801523394467,24.557161397420195,29.809999465942383,28.69999885559082,30.829999923706055,29.8799991607666,24.205994414540292,23.304663684729196,25.034244190648614,24.262834812134745,24.20193427551321,0.014465316905247152,-178.6999969482422,0.0,0.0,96.0,0.0,1.0,0.0,snow/ice covered,0.238546878099442,-7.70527744293213,100.0,505.126068115234
arenacam6_1769616051183641596.png,1769616051183641596,1769616051.1836417,42.30233983576452,-83.69733578789648,242.63143920898438,0.8750079206376336,0.48405429565448826,-0.001116440875548766,0.00716458230558481,0.03918,-0.012300000000000002,0.15389000000000003,-2.0116,-1.3961000000000001,-8.575700000000001,10.971343359384752,24.54223681434213,29.739999771118164,28.619998931884766,30.90999984741211,29.849998474121094,24.14915401694584,23.239703009080582,25.099204866297228,24.23847397797226,24.18163396757398,0.014693153256406438,-179.8000030517578,0.0,0.0,88.0,0.0,1.0,0.0,snow/ice covered,0.238546878099442,-7.70527744293213,100.0,505.126068115234
arenacam6_1769616051204770960.png,1769616051204770960,1769616051.204771,42.30233983576452,-83.69733578789648,242.63143920898438,0.875453147755243,0.483245514239372,-0.0010538669409301182,0.007378917090754147,-0.04272,-0.010900000000000002,0.18470000000000003,-2.4886,-2.0475000000000003,-10.2927,10.946472729705743,24.486602707987966,29.549999237060547,28.349998474121094,30.760000228881836,29.739999771118164,23.99487183148613,23.020460147972262,24.97740379305416,24.14915401694584,24.0354724473646,0.018423554545449413,-180.90000915527344,0.0,0.0,88.0,0.0,1.0,0.0,snow/ice covered,0.238546878099442,-7.70527744293213,100.0,505.126068115234
arenacam6_1769616051224949572.png,1769616051224949572,1769616051.2249496,42.30234323741721,-83.69733311335321,242.64031982421875,0.8769277198839625,0.4805577043894148,-0.0009494205931247926,0.007820834458529826,0.03021,-0.029580000000000002,0.1932,0.2427,6.0754,-12.0334,10.933258674785023,24.45704365997361,29.439998626708984,28.28999900817871,30.869998931884766,29.709999084472656,23.905550321675033,22.97174002843197,25.06672375408058,24.124793182783357,24.017201821742738,0.017984260254264403,-182.10000610351562,0.0,0.0,80.0,0.0,1.0,0.0,snow/ice covered,0.238546878099442,-7.70527744293213,100.0,505.126068115234
arenacam6_1769616051246021506.png,1769616051246021506,1769616051.2460217,42.30234323741721,-83.69733311335321,242.64031982421875,0.8773471305502126,0.4797941408127009,-0.0011442966368464449,0.007634496860776892,0.05201000000000001,-0.018170000000000006,0.17201000000000002,-0.9664,2.2054,-10.9359,10.923470314263243,24.43514768478802,29.329999923706055,28.260000228881836,30.760000228881836,29.6299991607666,23.816230360648614,22.94738074305416,24.97740379305416,24.059832507134743,23.95021185097292,0.019845831916825082,-183.40000915527344,0.0,0.0,88.0,0.0,1.0,0.0,snow/ice covered,0.238546878099442,-7.70527744293213,100.0,505.126068115234
arenacam6_1769616051266593784.png,1769616051266593784,1769616051.2665937,42.3023466012053,-83.69733041164156,242.65078735351562,0.8786985871020684,0.477313069157053,-0.0011584105363848744,0.007725614650791995,-0.013840000000000002,-0.0029900000000000005,0.20712000000000003,-1.5541,3.7255000000000003,-8.9824,10.871896990334717,24.319781253559345,29.229999542236328,28.1299991607666,30.65999984741211,29.559999465942383,23.73502912889168,22.841818677134746,24.896202561297226,24.002992109540294,23.869010619215985,0.01853514345559286,-184.6999969482422,0.20000000298023224,0.0,92.0,0.0,1.0,0.0,snow/ice covered,0.238546878099442,-7.70527744293213,100.0,505.126068115234
arenacam6_1769616051287449108.png,1769616051287449108,1769616051.2874491,42.3023466012053,-83.69733041164156,242.65078735351562,0.8791526302547279,0.4764778526133243,-0.0011739785390645846,0.0076243333858409205,0.020180000000000003,0.0056700000000000006,0.19003000000000003,-0.1937,4.524,-9.3175,10.870094766836777,24.31574978772786,29.25,28.06999969482422,30.479999542236328,29.479999542236328,23.751269685,22.79309855759445,24.750040653891677,23.93803143389168,23.808110082594453,0.0208769916438938,-186.0,0.925000011920929,0.0,96.0,0.0,1.0,0.0,snow/ice covered,0.238546878099442,-7.70527744293213,100.0,505.126068115234
arenacam6_1769616051308017350.png,1769616051308017350,1769616051.3080175,42.30234994098722,-83.69732767628618,242.66041564941406,0.8803922432243603,0.47418704274054024,-0.0017361278884015538,0.007289199360359525,0.031200000000000006,-0.02355,0.17791,-2.1924,1.2575,-10.4848,10.845169331775258,24.259993085021346,29.06999969482422,28.139999389648438,30.559999465942383,29.439998626708984,23.605107777594455,22.849938955188904,24.815001329540294,23.905550321675033,23.793899595999672,0.019212432888509358,-187.3000030517578,1.600000023841858,0.0,104.0,0.0,1.0,0.0,snow/ice covered,0.238546878099442,-7.70527744293213,100.0,505.126068115234
arenacam6_1769616051328787078.png,1769616051328787078,1769616051.328787,42.30235159936958,-83.69732630280046,242.66525268554688,0.8812978014720352,0.47250454664305463,-0.001687242609045501,0.0071268320154795565,0.00693,0.01124,0.18683000000000002,-0.9104000000000001,1.7339,-9.0114,10.813314620282618,24.188736006695002,29.03999900817871,28.049999237060547,30.420000076293945,29.369998931884766,23.58074694343197,22.77685800148613,24.70132053435139,23.848709924080584,23.726908850837514,0.019092653528057973,-189.10000610351562,2.075000047683716,0.0,104.0,0.0,1.0,0.0,snow/ice covered,0.238546878099442,-7.70527744293213,100.0,505.126068115234
arenacam6_1769616051349160291.png,1769616051349160291,1769616051.3491602,42.30235325446219,-83.69732491891077,242.66929626464844,0.8821260605437579,0.4709570471149302,-0.0017156776404094833,0.007080221223261039,0.010940000000000002,-0.004210000000000001,0.17736000000000002,-0.6445000000000001,2.8307,-9.2062,10.801999079786105,24.163423821536732,28.94999885559082,27.889999389648438,30.329999923706055,29.349998474121094,23.507665989729194,22.646936650188906,24.628239580648614,23.83246936797226,23.65382789713474,0.021089557844356153,-190.40000915527344,2.6500000953674316,0.0,100.0,0.0,1.0,0.0,snow/ice covered,0.238546878099442,-7.70527744293213,100.0,505.126068115234
arenacam6_1769616051370040680.png,1769616051370040680,1769616051.3700407,42.30235489618653,-83.69732353671793,242.67416381835938,0.8829928531007614,0.469330423236452,-0.0017698939892836284,0.007031548402536504,-0.00023000000000000003,-0.0011300000000000001,0.18323,-1.2048,0.5517000000000001,-10.6769,10.778211550448901,24.110212545661167,28.849998474121094,27.84000015258789,30.329999923706055,29.31999969482422,23.42646475797226,22.606336808702775,24.628239580648614,23.808110082594453,23.617287807479524,0.02044464507511562,-191.6999969482422,3.450000047683716,0.0,112.0,0.0,1.0,0.0,snow/ice covered,0.238546878099442,-7.70527744293213,100.0,505.126068115234
arenacam6_1769616051390661921.png,1769616051390661921,1769616051.390662,42.3023581717369,-83.697320755578,242.68260192871094,0.8842888312806201,0.46687990288842846,-0.0013786797514437087,0.007383657182555978,-0.031030000000000005,0.012630000000000002,0.18525000000000003,-0.5087,3.1365000000000003,-9.175600000000001,10.742277943180193,24.029831222217503,28.719999313354492,27.75,30.26999855041504,29.19999885559082,23.32090424083752,22.533255855,24.57951791232365,23.710668294729196,23.536086575722592,0.020547154157221213,-193.1999969482422,3.924999952316284,0.0,108.0,0.0,1.0,0.0,snow/ice covered,0.238546878099442,-7.70527744293213,100.0,505.126068115234
arenacam6_1769616051411449585.png,1769616051411449585,1769616051.4114497,42.3023581717369,-83.697320755578,242.68260192871094,0.8847130093544706,0.4660746759866111,-0.001358108914891549,0.007446007192253704,-0.01208,-0.0032000000000000006,0.18204000000000004,-0.5586,3.1790000000000003,-9.7926,10.73688163924614,24.017760014095263,28.549999237060547,27.599998474121094,30.189998626708984,29.09000015258789,23.18286261148613,22.41145323297226,24.514557236675035,23.621348333702773,23.43255535370905,0.024365497033977196,-194.6999969482422,4.200000286102295,0.0,92.0,0.0,1.0,0.0,snow/ice covered,0.238546878099442,-7.70527744293213,100.0,505.126068115234
arenacam6_1769616051432026220.png,1769616051432026220,1769616051.4320261,42.302361412445336,-83.69731795310248,242.6923065185547,0.8860022054121018,0.4636139200681133,-0.0012063497092021404,0.007795501545620732,-0.03989,0.00427,0.19323,-1.806,2.5133,-9.927900000000001,10.697865533364729,23.930483326204897,28.459999084472656,27.479999542236328,30.15999984741211,29.059999465942383,23.109781657783355,22.314012993891676,24.49019795129723,23.59698749954029,23.377745025628137,0.02309766556079073,-196.1999969482422,4.550000190734863,0.0,96.0,0.0,1.0,0.0,snow/ice covered,0.238546878099442,-7.70527744293213,100.0,505.126068115234
arenacam6_1769616051452819187.png,1769616051452819187,1769616051.452819,42.302361412445336,-83.69731795310248,242.6923065185547,0.8864522780905588,0.46275234318965874,-0.0011076436700462448,0.007835857709206565,-0.01572,0.012410000000000001,0.1947,-1.2488000000000001,3.7665,-8.7949,10.685551500562292,23.902937573667817,28.459999084472656,27.40999984741211,29.969999313354492,28.94999885559082,23.109781657783355,22.257172596297227,24.33591576583752,23.507665989729194,23.30263400241182,0.025114217422268124,-197.6999969482422,5.175000190734863,0.0,96.0,0.0,1.0,0.0,snow/ice covered,0.238546878099442,-7.70527744293213,100.0,505.126068115234
arenacam6_1769616051473353703.png,1769616051473353703,1769616051.4733536,42.30236302891822,-83.69731654097293,242.69619750976562,0.8876815374739976,0.46038928380524474,-0.0011252891335926957,0.007869505032695172,-0.008400000000000001,-0.014960000000000003,0.18379000000000004,-1.1301,2.0513,-9.9443,10.670948309915689,23.870271112382802,28.329999923706055,27.260000228881836,30.01999855041504,29.029998779296875,23.004221140648614,22.13537152305416,24.376515607323647,23.572626665377808,23.272183734101056,0.02505574299788688,-199.10000610351562,5.849999904632568,0.0,104.0,0.0,1.0,0.0,snow/ice covered,0.238546878099442,-7.70527744293213,100.0,505.126068115234
arenacam6_1769616051494262747.png,1769616051494262747,1769616051.4942627,42.30236463073356,-83.69731512138961,242.70111083984375,0.8881178300488943,0.45954638739445436,-0.0011568443106174265,0.00790566209690632,-0.0026300000000000004,-0.010230000000000003,0.18971000000000002,-1.2626000000000002,2.5761000000000003,-10.8244,10.658489579036036,23.842401678928873,28.279998779296875,27.28999900817871,29.94999885559082,28.799999237060547,22.96361975037781,22.15973080843197,24.319675209729194,23.38586491648613,23.207222671256275,0.026640730922419944,-200.5,5.900000095367432,0.0,108.0,0.0,1.0,0.0,snow/ice covered,0.238546878099442,-7.70527744293213,100.0,505.126068115234
arenacam6_1769616051514696354.png,1769616051514696354,1769616051.5146964,42.30236623193536,-83.6973136985605,242.7057647705078,0.8893596144696829,0.4571395028739528,-0.0013773675631545148,0.007813700857366093,0.010460000000000002,-0.01811,0.17865000000000003,-0.5399,1.5709000000000002,-9.5892,10.634917756707239,23.78967292668869,28.18000030517578,27.25,29.889999389648438,28.81999969482422,22.88242006740555,22.127251245,24.270955090188902,23.402105472594453,23.170682968797227,0.0260192714628306,-201.8000030517578,5.974999904632568,0.0,112.0,0.0,1.0,0.0,snow/ice covered,0.238546878099442,-7.70527744293213,100.0,505.126068115234
arenacam6_1769616051535578003.png,1769616051535578003,1769616051.535578,42.30236782562788,-83.69731226665012,242.70980834960938,0.8897808808424348,0.45631867118106834,-0.0014858692168687997,0.007813233100006759,0.010920000000000003,-0.020510000000000004,0.18426000000000003,-1.2467000000000001,2.2855000000000003,-9.571200000000001,10.622657679925686,23.762247870532963,28.139999389648438,27.189998626708984,29.779998779296875,28.719999313354492,22.849938955188904,22.078529576675038,24.18163358037781,23.32090424083752,23.107751588269817,0.02754353400524756,-202.90000915527344,5.825000286102295,0.0,120.0,0.0,1.0,0.0,snow/ice covered,0.238546878099442,-7.70527744293213,100.0,505.126068115234
arenacam6_1769616051556037494.png,1769616051556037494,1769616051.5560374,42.302369406626106,-83.69731082934638,242.71469116210938,0.8909959746593642,0.4539413791869538,-0.001818205404175322,0.007751872790761285,0.0119,-0.021780000000000004,0.16936000000000004,-1.0505,2.1695,-9.8157,10.591652432083169,23.692890991424125,28.239999771118164,27.19999885559082,29.739999771118164,28.6299991607666,22.93114018694584,22.086649854729195,24.14915401694584,23.247823287134747,23.103691836438905,0.024868183253723086,-203.8000030517578,6.050000190734863,0.0,116.0,0.0,1.0,0.0,snow/ice covered,0.238546878099442,-7.70527744293213,100.0,505.126068115234
arenacam6_1769616051576836274.png,1769616051576836274,1769616051.5768363,42.30237098743567,-83.69730939064758,242.71966552734375,0.8914047302304765,0.4531381098941498,-0.0019476790501412235,0.007724430762624231,0.01733,-0.021750000000000002,0.18016000000000001,-0.5852,2.2977000000000003,-10.3301,10.585989188103301,23.680222654435802,28.279998779296875,27.25,29.69999885559082,28.56999969482422,22.96361975037781,22.127251245,24.116672904729196,23.199103167594455,23.101661766925368,0.024432240184281286,-204.60000610351562,6.599999904632568,0.0,112.0,0.0,1.0,0.0,snow/ice covered,0.238546878099442,-7.70527744293213,100.0,505.126068115234
arenacam6_1769616051597453429.png,1769616051597453429,1769616051.5974534,42.30237256018761,-83.6973079411244,242.72373962402344,0.8926303880986406,0.4507169297483661,-0.0025950190486825676,0.007648879474385278,0.026850000000000002,-0.023250000000000003,0.17721,-1.5791000000000002,1.9674,-9.3207,10.551745826456768,23.603622309034204,28.28999900817871,27.279998779296875,29.639999389648438,28.489999771118164,22.97174002843197,22.151610530377805,24.067952785188904,23.13414249194584,23.08136145898613,0.02212630092154035,-205.60000610351562,7.375,0.0,120.0,0.0,1.0,0.0,snow/ice covered,0.238546878099442,-7.70527744293213,100.0,505.126068115234
arenacam6_1769616051618304277.png,1769616051618304277,1769616051.6183043,42.302375679347094,-83.69730503060173,242.73350524902344,0.8934284867023754,0.4491322389715223,-0.002910839989947214,0.007569549239146151,0.021220000000000006,-0.028020000000000003,0.17942000000000002,-0.7123,1.917,-9.6494,10.532473169103106,23.560510530893502,28.309999465942383,27.31999969482422,29.59000015258789,28.549999237060547,22.987980584540292,22.184091642594453,24.027352943702773,23.18286261148613,23.09557194558091,0.019733807750173533,-206.5,7.849999904632568,0.0,120.0,0.0,1.0,0.0,snow/ice covered,0.238546878099442,-7.70527744293213,100.0,505.126068115234
arenacam6_1769616051639292798.png,1769616051639292798,1769616051.6392927,42.302375679347094,-83.69730503060173,242.73350524902344,0.8942636331034557,0.44746521417116125,-0.003297043543668049,0.007521045089324758,0.020790000000000003,-0.026240000000000003,0.18788000000000002,-1.7425000000000002,2.0402,-9.7364,10.504230614908955,23.49733363171444,28.329999923706055,27.299999237060547,29.59000015258789,28.420000076293945,23.004221140648614,22.16785108648613,24.027352943702773,23.07730209435139,23.069181816297224,0.01822129362113402,-208.1999969482422,7.925000190734863,0.0,108.0,0.0,1.0,0.0,snow/ice covered,0.238546878099442,-7.70527744293213,100.0,505.126068115234
arenacam6_1769616051680243139.png,1769616051680243139,1769616051.6802433,42.302380302109235,-83.69730063770429,242.74639892578125,0.8959284393436244,0.4441196451984384,-0.0035360205384214532,0.007580823363089317,-0.0027100000000000006,-0.009000000000000001,0.19479000000000002,-1.4372,2.1222000000000003,-9.9266,10.451086956667154,23.378454456847027,28.239999771118164,27.19999885559082,29.510000228881836,28.28999900817871,22.93114018694584,22.086649854729195,23.962392268054163,22.97174002843197,22.987980584540292,0.01670229625433491,-211.10000610351562,7.900000095367432,0.0,116.0,0.0,1.0,0.0,snow/ice covered,0.238546878099442,-7.70527744293213,100.0,505.126068115234
arenacam6_1769616051701493876.png,1769616051701493876,1769616051.7014937,42.302380302109235,-83.69730063770429,242.74639892578125,0.8967823432376653,0.4423922017961972,-0.0034772283410439606,0.00764706022856361,-0.013640000000000003,0.006310000000000001,0.19061000000000003,-1.6398000000000001,1.2881,-9.5015,10.419314051363912,23.307380374057992,28.34000015258789,27.10999870300293,29.44999885559082,28.15999984741211,23.012341418702775,22.01356890102642,23.913670599729194,22.866179511297226,22.951440107688903,0.01527156894754522,-212.90000915527344,7.974999904632568,0.0,116.0,0.0,1.0,0.0,snow/ice covered,0.238546878099442,-7.70527744293213,100.0,505.126068115234
arenacam6_1769616051721663225.png,1769616051721663225,1769616051.7216632,42.30238334451249,-83.69729769449842,242.75424194335938,0.8976730664698269,0.44058198814528293,-0.0031957603565641378,0.0077694640967491384,-0.025160000000000002,0.026300000000000004,0.20655000000000004,-1.4180000000000001,1.9366,-9.5778,10.38758497788071,23.236404340420478,28.35999870300293,27.06999969482422,29.42999839782715,28.149999618530273,23.02858042602642,21.98108933759445,23.897430043620872,22.858059233243065,22.9412897601212,0.012700526982391831,-215.10000610351562,8.050000190734863,0.0,120.0,0.0,1.0,0.0,snow/ice covered,0.238546878099442,-7.70527744293213,100.0,505.126068115234
arenacam6_1769616051743302114.png,1769616051743302114,1769616051.743302,42.30238334451249,-83.69729769449842,242.75424194335938,0.898560671252765,0.4387663033982131,-0.002784778143649445,0.008068214842121283,-0.05243000000000001,0.028680000000000004,0.20191,-1.3444,1.0038,-9.4825,10.366203015820055,23.188574174208515,28.34000015258789,27.099998474121094,29.3799991607666,28.099998474121094,23.012341418702775,22.00544862297226,23.856830202134745,22.81745784297226,22.923019521695508,0.011451961233923995,-217.40000915527344,7.925000190734863,0.0,124.0,0.0,1.0,0.0,snow/ice covered,0.238546878099442,-7.70527744293213,100.0,505.126068115234
arenacam6_1769616051764676479.png,1769616051764676479,1769616051.7646763,42.30238636366327,-83.69729474262255,242.76161193847656,0.8994982011722816,0.43683615027883993,-0.0021726597047285858,0.00851137164034957,-0.060570000000000006,0.038290000000000005,0.21787000000000004,-1.2233,3.0180000000000002,-9.4221,10.34057353819318,23.131242570525853,28.119998931884766,27.1299991607666,29.25,27.899999618530273,22.833698399080582,22.029809457134743,23.751269685,22.655056928243066,22.817458617364597,0.01356537385333045,-220.0,7.974999904632568,0.0,124.0,0.0,1.0,0.0,snow/ice covered,0.238546878099442,-7.70527744293213,100.0,505.126068115234
arenacam6_1769616051783665473.png,1769616051783665473,1769616051.7836654,42.30238785751955,-83.69729325915863,242.7653045654297,0.9008708820066756,0.43399267426419896,-0.0014344465265357606,0.008941756017993619,-0.05963000000000001,0.023490000000000004,0.21341000000000002,-1.6103,1.7382000000000002,-9.6297,10.31253572472315,23.068523664062205,28.1299991607666,27.18000030517578,29.17999839782715,27.939998626708984,22.841818677134746,22.070410847405547,23.694427738620874,22.687536491675036,22.82354843870905,0.010619458311274374,-222.6999969482422,8.074999809265137,0.0,132.0,0.0,1.0,0.0,snow/ice covered,0.238546878099442,-7.70527744293213,100.0,505.126068115234
arenacam6_1769616051804376484.png,1769616051804376484,1769616051.8043766,42.30238785751955,-83.69729325915863,242.7653045654297,0.9013619378852047,0.4329703885469803,-0.0011000804556220677,0.009060319878268646,-0.04920000000000001,0.04823000000000001,0.22743000000000002,-1.2854,3.0366,-9.8382,10.299874691520404,23.040201692449656,28.1299991607666,27.09000015258789,29.059999465942383,27.849998474121094,22.841818677134746,21.997329893702776,23.59698749954029,22.614455537972262,22.76264790208752,0.012046500029255077,-225.60000610351562,8.15000057220459,0.0,132.0,0.0,1.0,0.0,snow/ice covered,0.238546878099442,-7.70527744293213,100.0,505.126068115234
arenacam6_1769616051825896330.png,1769616051825896330,1769616051.8258965,42.30239083220215,-83.69729027404382,242.7721710205078,0.902738225524172,0.430093996863139,-0.0006297732912428867,0.009080386850854652,-0.0035200000000000006,0.021190000000000004,0.21208000000000005,-0.7596,1.6435000000000002,-9.854800000000001,10.284071910644633,23.004851819797405,28.06999969482422,27.03999900817871,29.06999969482422,27.78999900817871,22.79309855759445,21.95672850343197,23.605107777594455,22.56573541843197,22.730167564263212,0.011940274933560192,-228.5,7.974999904632568,0.0,128.0,0.0,1.0,0.0,snow/ice covered,0.238546878099442,-7.70527744293213,100.0,505.126068115234
arenacam6_1769616051846039722.png,1769616051846039722,1769616051.8460398,42.30239083220215,-83.69729027404382,242.7721710205078,0.9032073941773526,0.4291077985161572,-0.0004996886885371716,0.009091241234738135,-0.012850000000000002,0.020680000000000004,0.21897000000000003,-1.1688,1.2919,-9.8774,10.272361020185611,22.978655260494005,27.979999542236328,27.010000228881836,28.959999084472656,27.729999542236328,22.72001760389168,21.932369218054163,23.515786267783355,22.517015298891682,22.671297097155218,0.01337581158925394,-231.40000915527344,8.02500057220459,0.0,120.0,0.0,1.0,0.0,snow/ice covered,0.238546878099442,-7.70527744293213,100.0,505.126068115234
arenacam6_1769616051866406559.png,1769616051866406559,1769616051.8664067,42.30239377278183,-83.69728726347294,242.779296875,0.9046276490213164,0.42611013575485257,-0.00011460305246469536,0.008885701958040008,0.01598,0.031540000000000006,0.21356000000000003,-0.8311000000000001,2.7387,-9.230500000000001,10.238302870739913,22.90246922367294,27.989999771118164,26.989999771118164,28.920000076293945,27.6299991607666,22.72813788194584,21.91612866194584,23.48330670435139,22.435814067134743,22.640846828844452,0.011423326990351996,-234.0,8.100000381469727,0.0,120.0,0.0,1.0,0.0,snow/ice covered,0.238546878099442,-7.70527744293213,100.0,505.126068115234
arenacam6_1769616051908069797.png,1769616051908069797,1769616051.9080698,42.30239523467538,-83.69728574917784,242.78240966796875,0.906034405727378,0.42312200819137913,-2.5986842435469885e-05,0.008331935370326927,0.03821000000000001,0.012770000000000002,0.21960000000000002,-0.9477000000000001,2.5123,-10.239600000000001,10.214907035261819,22.850134143458575,27.920000076293945,26.939998626708984,28.8799991607666,27.510000228881836,22.671297484351385,21.875527271675033,23.450825592134745,22.338373828054163,22.58400604405383,0.011646675583343643,-238.60000610351562,8.90000057220459,0.0,124.0,0.0,1.0,0.0,snow/ice covered,0.238546878099442,-7.70527744293213,100.0,505.126068115234
arenacam6_1769616051928461538.png,1769616051928461538,1769616051.9284616,42.30239812693313,-83.69728270396524,242.7894287109375,0.9074012527761388,0.42019667028688035,5.395628953555132e-05,0.007597488323878282,0.03404000000000001,0.016800000000000002,0.20926000000000003,0.0374,1.1577,-10.4041,10.18863935717179,22.791374923631864,27.709999084472656,26.869998931884766,28.75,27.479999542236328,22.500774742783356,21.818686874080583,23.345265075,22.314012993891676,22.494684921438903,0.01301764387568076,-240.3000030517578,9.550000190734863,0.0,124.0,0.0,1.0,0.0,snow/ice covered,0.238546878099442,-7.70527744293213,100.0,505.126068115234
arenacam6_1769616051949381555.png,1769616051949381555,1769616051.9493816,42.30239956274514,-83.69728116866288,242.79287719726562,0.9083482376733923,0.4181498305442979,-6.40692517305942e-05,0.007361672809112267,0.03411,-0.0015300000000000003,0.22893000000000002,-1.201,4.0372,-10.923300000000001,10.169935127481237,22.74953468406788,27.809999465942383,26.849998474121094,28.69999885559082,27.389999389648438,22.581975974540292,21.80244631797226,23.304663684729196,22.240932040188905,22.482504504357664,0.01173783039603106,-242.1999969482422,10.25,0.0,140.0,0.0,1.0,0.0,snow/ice covered,0.238546878099442,-7.70527744293213,100.0,505.126068115234
arenacam6_1769616051969863387.png,1769616051969863387,1769616051.9698634,42.3024009864323,-83.69727962903491,242.79718017578125,0.90921450150301,0.4162709075402943,-0.00019580826330240463,0.006890823705252795,0.04476,0.004430000000000001,0.19922000000000004,-0.3453,0.7969,-10.2212,10.154379613837941,22.714737933378647,27.649999618530273,26.809999465942383,28.649999618530273,27.389999389648438,22.452054623243065,21.76996675454029,23.264063843243065,22.240932040188905,22.431754315303834,0.012458150250502174,-243.1999969482422,10.925000190734863,0.0,132.0,0.0,1.0,0.0,snow/ice covered,0.238546878099442,-7.70527744293213,100.0,505.126068115234
arenacam6_1769616051990949454.png,1769616051990949454,1769616051.9909494,42.3024024099212,-83.69727808953891,242.8016815185547,0.9101252898354358,0.41427345011185784,-0.0003027358707978897,0.007026641116118284,-0.013640000000000003,-0.013440000000000002,0.22675,-1.4132,2.9347000000000003,-10.747200000000001,10.133821869212188,22.66875149211551,27.6299991607666,26.799999237060547,28.60999870300293,27.19999885559082,22.435814067134743,21.76184647648613,23.23158273102642,22.086649854729195,22.37897328234412,0.012783157020014098,-243.6999969482422,11.75,0.0,132.0,0.0,1.0,0.0,snow/ice covered,0.238546878099442,-7.70527744293213,100.0,505.126068115234
arenacam6_1769616052011262532.png,1769616052011262532,1769616052.0112624,42.302405230443924,-83.69727498453635,242.8113250732422,0.9114670664670899,0.41131266803645505,-0.0005012110067742922,0.007030266434301297,0.013080000000000001,-0.00436,0.21318000000000004,-0.8441000000000001,2.2150000000000003,-9.9573,10.105389778739637,22.605150611653844,27.60999870300293,26.719999313354492,28.51999855041504,27.059999465942383,22.41957351102642,21.696885800837517,23.158501777323647,21.972969059540294,22.31198253718197,0.012969082998311711,-244.0,12.949999809265137,0.0,132.0,0.0,1.0,0.0,snow/ice covered,0.238546878099442,-7.70527744293213,100.0,505.126068115234
arenacam6_1769616052031980979.png,1769616052031980979,1769616052.031981,42.302405230443924,-83.69727498453635,242.8113250732422,0.9119124836114145,0.4103225081607952,-0.0005574580360976421,0.007123957526103232,-0.011600000000000003,-0.019360000000000002,0.21702000000000002,-0.015000000000000001,0.011300000000000001,-10.4349,10.105073518696974,22.604443156914012,27.53999900817871,26.65999984741211,28.53999900817871,27.149999618530273,22.362733113431972,21.64816568129723,23.17474233343197,22.046050013243068,22.30792278535106,0.013117791467128244,-244.1999969482422,13.850000381469727,0.0,140.0,0.0,1.0,0.0,snow/ice covered,0.238546878099442,-7.70527744293213,100.0,505.126068115234
arenacam6_1769616052052554872.png,1769616052052554872,1769616052.0525548,42.3024080258291,-83.69727186737316,242.82156372070312,0.9133099528578221,0.4071822136594932,-0.0005048484252800495,0.008204877711783099,-0.06373000000000001,-0.007470000000000001,0.22963000000000006,-1.4456,3.3685,-9.424100000000001,10.060698913623698,22.505179827841395,27.479999542236328,26.53999900817871,28.420000076293945,27.059999465942383,22.314012993891676,21.550723893431968,23.07730209435139,21.972969059540294,22.228752010303833,0.012282853087696334,-244.1999969482422,14.725000381469727,0.0,140.0,0.0,1.0,0.0,snow/ice covered,0.238546878099442,-7.70527744293213,100.0,505.126068115234
arenacam6_1769616052073848497.png,1769616052073848497,1769616052.0738485,42.3024080258291,-83.69727186737316,242.82156372070312,0.9137715416787567,0.4061411631667202,-0.0004845013957534986,0.008407761771690557,-0.037770000000000005,-0.014510000000000002,0.22767000000000004,-0.9339000000000001,4.1007,-9.318,10.051172387198523,22.483869559819865,27.44999885559082,26.529998779296875,28.35999870300293,26.90999984741211,22.289652159729197,21.542603615377807,23.02858042602642,21.851167986297227,22.178001046857663,0.01360390888892229,-244.3000030517578,15.65000057220459,0.0,140.0,0.0,1.0,0.0,snow/ice covered,0.238546878099442,-7.70527744293213,100.0,505.126068115234
arenacam6_1769616052094244350.png,1769616052094244350,1769616052.0942442,42.30240940557101,-83.69727029807837,242.8267822265625,0.9151480724722809,0.4030252874232646,-0.0007269657842423867,0.008607825998035142,-0.025900000000000006,-0.020380000000000002,0.22544000000000006,-1.2646000000000002,-0.7508,-10.0656,10.026292216248494,22.42821411021491,27.3799991607666,26.469999313354492,28.309999465942383,26.8799991607666,22.23281176213474,21.49388349583752,22.987980584540292,21.82680715213474,22.13537074866182,0.013056918402598714,-244.5,15.850000381469727,0.0,136.0,0.0,1.0,0.0,snow/ice covered,0.238546878099442,-7.70527744293213,100.0,505.126068115234
arenacam6_1769616052115176345.png,1769616052115176345,1769616052.1151764,42.302410785019084,-83.69726873593777,242.8321075439453,0.9156400691913832,0.40190022848825596,-0.0006568204407798725,0.008890366651335089,-0.05655,-0.011940000000000001,0.24538000000000004,-2.0826000000000002,1.7655,-10.1057,10.005069155459934,22.380739396614544,27.40999984741211,26.420000076293945,28.329999923706055,26.739999771118164,22.257172596297227,21.453283654351388,23.004221140648614,21.71312635694584,22.106950937060766,0.012233217799551022,-244.6999969482422,16.825000762939453,0.0,132.0,0.0,1.0,0.0,snow/ice covered,0.238546878099442,-7.70527744293213,100.0,505.126068115234
arenacam6_1769616052135663776.png,1769616052135663776,1769616052.135664,42.302412156623376,-83.69726715790775,242.83689880371094,0.9166389177934613,0.39961548944539,-0.0005695108654127012,0.008957155749886326,0.010960000000000001,0.0013300000000000002,0.24369000000000005,0.1315,3.9509000000000003,-9.4189,9.988784541177122,22.344311691540753,27.260000228881836,26.279998779296875,28.309999465942383,26.849998474121094,22.13537152305416,21.33960131037781,22.987980584540292,21.80244631797226,22.06634993398613,0.012439933768908784,-244.60000610351562,17.0,0.0,132.0,0.0,1.0,0.0,snow/ice covered,0.238546878099442,-7.70527744293213,100.0,505.126068115234
arenacam6_1769616052177053328.png,1769616052177053328,1769616052.1770535,42.30241486508937,-83.69726399465515,242.84701538085938,0.9185785147598655,0.39514387347171837,-0.00089895086445436,0.008603683319911463,0.015010000000000003,0.005560000000000001,0.24805000000000002,-1.2269,1.8173000000000001,-9.9504,9.938461554261451,22.23174218918961,27.349998474121094,26.299999237060547,28.15999984741211,26.739999771118164,22.20845092797226,21.35584186648613,22.866179511297226,21.71312635694584,22.035899665675363,0.008809139735772846,-244.40000915527344,17.75,0.0,140.0,0.0,1.0,0.0,snow/ice covered,0.238546878099442,-7.70527744293213,100.0,505.126068115234
arenacam6_1769616052197841743.png,1769616052197841743,1769616052.1978416,42.30241620915484,-83.69726239981698,242.8517608642578,0.9200529460273654,0.39171152046684715,-0.0012690368537311126,0.007940452466982462,0.08248000000000001,-0.010410000000000003,0.24204000000000003,-0.2805,2.9235,-9.331800000000001,9.92329806615643,22.19782237610797,27.19999885559082,26.260000228881836,28.19999885559082,26.68000030517578,22.086649854729195,21.323362303054164,22.898659074729196,21.664406237405547,21.993269367479524,0.009215003398198625,-244.40000915527344,17.55000114440918,0.0,148.0,0.0,1.0,0.0,snow/ice covered,0.238546878099442,-7.70527744293213,100.0,505.126068115234
arenacam6_1769616052218277871.png,1769616052218277871,1769616052.218278,42.30241886881089,-83.6972592081333,242.8622589111328,0.9210088339107781,0.3894690969858745,-0.0015094896997615752,0.007366939131180158,0.051550000000000006,0.018770000000000002,0.24903000000000003,-2.2279,0.9902000000000001,-8.8054,9.88387752279713,22.109640985845814,27.1299991607666,26.239999771118164,27.939998626708984,26.619998931884766,22.029809457134743,21.30712174694584,22.687536491675036,21.61568456908058,21.91003806620905,0.009027867967849221,-244.5,17.700000762939453,0.0,148.0,0.0,1.0,0.0,snow/ice covered,0.238546878099442,-7.70527744293213,100.0,505.126068115234
arenacam6_1769616052238900643.png,1769616052238900643,1769616052.2389007,42.30242018836344,-83.69725760038413,242.8664093017578,0.922494894071239,0.38594592369469527,-0.0015128564331960497,0.006828298569531896,0.050190000000000005,0.011680000000000003,0.25098000000000004,-0.4209,3.7488,-8.872,9.862098208391606,22.06092196627952,27.10999870300293,26.399999618530273,27.979999542236328,26.59000015258789,22.01356890102642,21.437043098243066,22.72001760389168,21.591325283702773,21.940488721715983,0.00545912109872924,-244.6999969482422,17.399999618530273,0.0,140.0,0.0,1.0,0.0,snow/ice covered,0.238546878099442,-7.70527744293213,100.0,505.126068115234
arenacam6_1769616052260165880.png,1769616052260165880,1769616052.260166,42.30242018836344,-83.69725760038413,242.8664093017578,0.9229697882782779,0.38481271941495176,-0.0015556712351148826,0.006597028803074833,0.047200000000000006,0.008400000000000001,0.24539000000000002,-0.38330000000000003,1.0711,-9.0366,9.857950958843745,22.05164481787593,27.03999900817871,26.469999313354492,28.010000228881836,26.579999923706055,21.95672850343197,21.49388349583752,22.74437843805416,21.58320500564861,21.944548860743065,0.0048565972297017375,-244.8000030517578,17.350000381469727,0.0,152.0,0.0,1.0,0.0,snow/ice covered,0.238546878099442,-7.70527744293213,100.0,505.126068115234
arenacam6_1769616052280320200.png,1769616052280320200,1769616052.2803202,42.302421499363916,-83.69725599498828,242.87075805664062,0.9234509923737972,0.3836576075277843,-0.0015650490492127313,0.006531117161651667,0.01386,0.00192,0.25023,-1.1682000000000001,0.3332,-9.513300000000001,9.846025043071117,22.024967259847507,26.979999542236328,26.369998931884766,27.75,26.56999969482422,21.908008383891676,21.412682264080583,22.533255855,21.575084727594454,21.85725780764168,0.00761451539188295,-244.8000030517578,17.0,0.0,148.0,0.0,1.0,0.0,snow/ice covered,0.238546878099442,-7.70527744293213,100.0,505.126068115234
arenacam6_1769616052301021022.png,1769616052301021022,1769616052.3010209,42.30242280441665,-83.69725438415955,242.8751983642578,0.9249197524169472,0.3801021900463796,-0.0012909190394016033,0.006641553956159857,-0.008140000000000001,0.0008400000000000001,0.24787,-0.3297,3.6079000000000003,-10.308300000000001,9.819063262212916,21.964655373774562,26.90999984741211,26.439998626708984,27.959999084472656,26.579999923706055,21.851167986297227,21.469522661675033,22.703777047783355,21.58320500564861,21.901918175351057,0.0028562796618431187,-244.90000915527344,16.774999618530273,0.0,140.0,0.0,1.0,0.0,snow/ice covered,0.238546878099442,-7.70527744293213,100.0,505.126068115234
arenacam6_1769616052321693916.png,1769616052321693916,1769616052.321694,42.30242540040379,-83.69725114850098,242.8835906982422,0.9258187857752221,0.3779057576594331,-0.0012039568752633275,0.006735333799109065,-0.01933,0.00136,0.23319,-0.5036,0.0077,-9.1229,9.810803959950482,21.946179810171632,26.920000076293945,26.399999618530273,27.6299991607666,26.510000228881836,21.859288264351388,21.437043098243066,22.435814067134743,21.526364608054163,21.81462750944584,0.005994314357381607,-244.90000915527344,16.80000114440918,0.0,132.0,0.0,1.0,0.0,snow/ice covered,0.238546878099442,-7.70527744293213,100.0,505.126068115234
arenacam6_1769616052342337576.png,1769616052342337576,1769616052.3423376,42.30242668338574,-83.69724951932132,242.88809204101562,0.9272755104154338,0.37430002755142,-0.0009204645891160951,0.007666153125462416,-0.03701,0.0029500000000000004,0.24906000000000003,-0.3992,4.2015,-9.6526,9.793151253408146,21.90669176479882,26.969999313354492,26.35999870300293,27.779998779296875,26.489999771118164,21.899888105837515,21.404561986026422,22.557615140377806,21.510124051945837,21.843047321046896,0.0029052512554264645,-244.90000915527344,17.024999618530273,0.0,136.0,0.0,1.0,0.0,snow/ice covered,0.238546878099442,-7.70527744293213,100.0,505.126068115234
arenacam6_1769616052363668780.png,1769616052363668780,1769616052.3636687,42.30242796874899,-83.69724788945523,242.89212036132812,0.9277011770642778,0.3732386135660583,-0.0010186503433161033,0.007900997931784115,-0.03534000000000001,-0.03730000000000001,0.22853,0.30260000000000004,1.2843,-11.0799,9.795803632792035,21.912624978337817,26.959999084472656,26.31999969482422,27.65999984741211,26.369998931884766,21.891767827783358,21.372082422594453,22.460174901297226,21.412682264080583,21.784176853938906,0.00586183191315013,-245.0,17.100000381469727,0.0,136.0,0.0,1.0,0.0,snow/ice covered,0.238546878099442,-7.70527744293213,100.0,505.126068115234
arenacam6_1769616052383767927.png,1769616052383767927,1769616052.3837678,42.302429237883516,-83.69724625274603,242.8968505859375,0.9291002581463512,0.3697134222095904,-0.0008497499600128066,0.00916371515610355,-0.07396000000000001,-0.011760000000000001,0.26111,-1.0244,4.1159,-9.012,9.759449414716203,21.831302773755265,26.94999885559082,26.170000076293945,27.670000076293945,26.3799991607666,21.883647549729197,21.25028134935139,22.468295179351387,21.420802542134744,21.75575665514168,0.0034604494013248965,-245.3000030517578,17.0,0.0,136.0,0.0,1.0,0.0,snow/ice covered,0.238546878099442,-7.70527744293213,100.0,505.126068115234
arenacam6_1769616052404658879.png,1769616052404658879,1769616052.404659,42.302429237883516,-83.69724625274603,242.8968505859375,0.9295444399662176,0.36858827687197354,-0.0008385668988536224,0.009439972775175769,-0.051140000000000005,-0.020440000000000003,0.24195000000000003,0.248,3.5611,-8.7722,9.7616044354428,21.83612342581942,27.049999237060547,26.059999465942383,27.760000228881836,26.25,21.964848781486133,21.160959839540293,22.54137613305416,21.315242025000003,21.745606694770146,0.004145274748824922,-245.8000030517578,17.05000114440918,0.0,136.0,0.0,1.0,0.0,snow/ice covered,0.238546878099442,-7.70527744293213,100.0,505.126068115234
arenacam6_1769616052425165792.png,1769616052425165792,1769616052.425166,42.302431765106526,-83.69724296014856,242.90533447265625,0.9304097096710724,0.3663849217390483,-0.0010258618612589013,0.00994026556505401,-0.030190000000000005,-0.03459,0.23910000000000003,-2.0164,3.8814,-9.4209,9.737348006163803,21.78186324890806,26.869998931884766,25.93000030517578,27.56999969482422,26.209999084472656,21.818686874080583,21.05539932240555,22.38709394759445,21.282760912783356,21.635985264215986,0.00669722250227547,-246.40000915527344,17.100000381469727,0.0,140.0,0.0,1.0,0.0,snow/ice covered,0.238546878099442,-7.70527744293213,100.0,505.126068115234
arenacam6_1769616052466598936.png,1769616052466598936,1769616052.466599,42.30243300597891,-83.69724130582446,242.90982055664062,0.9321754725634553,0.361869756710314,-0.0012258795106334201,0.009882547694896038,0.041490000000000006,-0.009890000000000001,0.24311000000000005,-1.3499,4.5292,-8.9992,9.696551680143552,21.690604315380316,26.69999885559082,26.029998779296875,27.5,26.099998474121094,21.680645244729195,21.136599005377807,22.330253550000002,21.19343940297226,21.585234300769816,0.004857864404256575,-248.3000030517578,17.200000762939453,0.0,140.0,0.0,1.0,0.0,snow/ice covered,0.238546878099442,-7.70527744293213,100.0,505.126068115234
arenacam6_1769616052487382959.png,1769616052487382959,1769616052.4873831,42.302435467619645,-83.69723797923879,242.91769409179688,0.9334524784331376,0.3585858121993608,-0.0014048995947629384,0.008983988729197007,0.051070000000000004,0.008570000000000001,0.23589000000000002,-0.9596,2.5858000000000003,-9.6997,9.661906673831407,21.613105514960427,26.579999923706055,25.979999542236328,27.479999542236328,26.149999618530273,21.58320500564861,21.09599916389168,22.314012993891676,21.234040793243068,21.556814489168758,0.0026044857715012263,-249.5,17.5,0.0,140.0,0.0,1.0,0.0,snow/ice covered,0.238546878099442,-7.70527744293213,100.0,505.126068115234
arenacam6_1769616052509050335.png,1769616052509050335,1769616052.5090504,42.302435467619645,-83.69723797923879,242.91769409179688,0.9338949064362918,0.3574405476057292,-0.0014425765202937153,0.008630042447722693,0.07081000000000001,0.016200000000000003,0.24443000000000004,-1.6459000000000001,4.4352,-9.851600000000001,9.645042928047992,21.57538232746768,26.65999984741211,25.979999542236328,27.599998474121094,26.099998474121094,21.64816568129723,21.09599916389168,22.41145323297226,21.19343940297226,21.587264370283357,0.0005507222368222416,-251.1999969482422,17.725000381469727,0.0,148.0,0.0,1.0,0.0,snow/ice covered,0.238546878099442,-7.70527744293213,100.0,505.126068115234
arenacam6_1769616052528821444.png,1769616052528821444,1769616052.5288215,42.30243788763862,-83.69723463485583,242.92575073242188,0.9351200091383178,0.3542502519996832,-0.0015182327241437454,0.007417711015442357,0.06173000000000001,0.014630000000000002,0.23045000000000002,-1.6053000000000002,2.5998,-10.1729,9.622748592196928,21.525511235828997,26.65999984741211,26.010000228881836,27.469999313354492,26.079999923706055,21.64816568129723,21.120359998054163,22.305892715837516,21.17720039564861,21.562904697709378,0.001737169513453404,-252.1999969482422,17.625,0.0,148.0,0.0,1.0,0.0,snow/ice covered,0.238546878099442,-7.70527744293213,100.0,505.126068115234
arenacam6_1769616052570125522.png,1769616052570125522,1769616052.5701256,42.30243908325344,-83.69723294274652,242.92970275878906,0.9363447216062557,0.3510223823125238,-0.001512947025827013,0.006289708025065652,0.06773000000000001,0.01271,0.21698000000000003,0.2564,1.9202000000000001,-10.2148,9.609252927220076,21.49532224301568,26.6299991607666,25.959999084472656,27.369998931884766,26.079999923706055,21.623804847134743,21.079758607783358,22.22469148408058,21.17720039564861,21.526363833661822,0.0014441091087261913,-253.6999969482422,19.024999618530273,0.0,140.0,0.0,1.0,0.0,snow/ice covered,0.238546878099442,-7.70527744293213,100.0,505.126068115234
arenacam6_1769616052590707858.png,1769616052590707858,1769616052.590708,42.30244262152815,-83.69722785912379,242.943115234375,0.9379028125837162,0.34684874208578703,-0.0013701609719530975,0.005690950709012112,0.0013200000000000002,0.013230000000000002,0.21747000000000005,-0.5483,1.8377000000000001,-9.57,9.572659633013648,21.413465239473553,26.649999618530273,25.979999542236328,27.1299991607666,26.03999900817871,21.640045403243068,21.09599916389168,22.029809457134743,21.144719283431968,21.477643326925364,0.0029970902296329598,-254.10000610351562,20.17500114440918,0.0,132.0,0.0,1.0,0.0,snow/ice covered,0.238546878099442,-7.70527744293213,100.0,505.126068115234
arenacam6_1769616052611647041.png,1769616052611647041,1769616052.611647,42.30244262152815,-83.69722785912379,242.943115234375,0.9382940655753402,0.3457889351191397,-0.0012765296173156112,0.005712208627722793,-0.00969,0.015000000000000001,0.22610000000000005,-1.0443,2.6833,-9.3485,9.561985685771429,21.389588259929543,26.65999984741211,25.93000030517578,27.119998931884766,26.079999923706055,21.64816568129723,21.05539932240555,22.02168917908058,21.17720039564861,21.475613644607993,0.00402183453150461,-254.3000030517578,21.649999618530273,0.0,136.0,0.0,1.0,0.0,snow/ice covered,0.238546878099442,-7.70527744293213,100.0,505.126068115234
arenacam6_1769616052631957994.png,1769616052631957994,1769616052.631958,42.30244495087475,-83.69722446162139,242.9514617919922,0.9394395644167053,0.3426589360396027,-0.0007716031440237591,0.00612886525766805,-0.06717000000000001,0.017790000000000004,0.22940000000000002,-1.0223,1.4455,-9.1267,9.541522154568497,21.343812568440455,26.65999984741211,25.920000076293945,27.099998474121094,25.90999984741211,21.64816568129723,21.047279044351388,22.00544862297226,21.039158766297227,21.43501302872952,0.004272922655998096,-254.3000030517578,23.05000114440918,0.0,136.0,0.0,1.0,0.0,snow/ice covered,0.238546878099442,-7.70527744293213,100.0,505.126068115234
arenacam6_1769616052653039977.png,1769616052653039977,1769616052.65304,42.30244495087475,-83.69722446162139,242.9514617919922,0.939845276816226,0.3415399049457183,-0.0005279507994515069,0.006408607013572335,-0.06784000000000001,0.025130000000000006,0.23764000000000005,-1.0817,2.4051,-8.9939,9.530140299697564,21.31835204200547,26.59000015258789,25.829999923706055,27.0,25.809999465942383,21.591325283702773,20.974198090648613,21.924248940000002,20.95795753454029,21.361932462222917,0.002044267780716744,-254.3000030517578,24.55000114440918,0.0,140.0,0.0,1.0,0.0,snow/ice covered,0.238546878099442,-7.70527744293213,100.0,505.126068115234
arenacam6_1769616052673521084.png,1769616052673521084,1769616052.673521,42.302446108470626,-83.69722275050526,242.95489501953125,0.9406109174041377,0.33941493621029273,-8.067655463256688e-05,0.006971128230264498,-0.07205000000000002,0.009940000000000001,0.22569000000000003,-0.3327,2.1464000000000003,-9.3658,9.525660048186031,21.308329988189264,26.56999969482422,25.829999923706055,26.94999885559082,25.81999969482422,21.575084727594454,20.974198090648613,21.883647549729197,20.966077812594452,21.349752045141678,0.0019439372759560525,-254.3000030517578,25.774999618530273,0.0,140.0,0.0,1.0,0.0,snow/ice covered,0.238546878099442,-7.70527744293213,100.0,505.126068115234
arenacam6_1769616052694431281.png,1769616052694431281,1769616052.6944313,42.30244840312996,-83.69721933636092,242.96202087402344,0.941780922845544,0.3361317762032867,0.0005875831615537795,0.00798605889329223,-0.08626,0.005390000000000001,0.23625000000000002,-0.49310000000000004,2.968,-10.3225,9.503508141403698,21.258777501831588,26.439998626708984,25.709999084472656,26.969999313354492,25.68000030517578,21.469522661675033,20.87675630278336,21.899888105837515,20.852397017405547,21.274641021925365,0.0007462103638090473,-254.3000030517578,27.25,0.0,148.0,0.0,1.0,0.0,snow/ice covered,0.238546878099442,-7.70527744293213,100.0,505.126068115234
arenacam6_1769616052714815420.png,1769616052714815420,1769616052.7148154,42.30244840312996,-83.69721933636092,242.96202087402344,0.9421826106384138,0.3349970463420902,0.0007369559929713931,0.008268255470344548,-0.06128000000000001,0.007060000000000001,0.2396,-0.7686000000000001,4.4833,-10.8131,9.494940164856068,21.239611452373133,26.459999084472656,25.78999900817871,26.899999618530273,25.719999313354492,21.485763217783358,20.94171697843197,21.843047708243066,20.884876580837517,21.288851121323976,0.0023182942428705104,-254.40000915527344,28.05000114440918,0.0,140.0,0.0,1.0,0.0,snow/ice covered,0.238546878099442,-7.70527744293213,100.0,505.126068115234
arenacam6_1769616052735473954.png,1769616052735473954,1769616052.7354739,42.30244953732792,-83.69721761065146,242.96554565429688,0.9433258077041328,0.3317579318699528,0.0009358882846332733,0.008498192386368118,-0.014500000000000002,0.0009500000000000001,0.23179000000000002,-0.9607,2.1629,-9.687100000000001,9.47457222459245,21.194049592079836,26.369998931884766,25.779998779296875,27.049999237060547,25.65999984741211,21.412682264080583,20.93359670037781,21.964848781486133,20.83615646129723,21.286821051810442,0.004377240853738253,-254.60000610351562,28.450000762939453,0.0,140.0,0.0,1.0,0.0,snow/ice covered,0.238546878099442,-7.70527744293213,100.0,505.126068115234
arenacam6_1769616052756814098.png,1769616052756814098,1769616052.756814,42.30245177621263,-83.69721415649424,242.9740447998047,0.9440980540751,0.3295558077999043,0.0010264704718907455,0.0084130966553604,0.018140000000000003,0.00521,0.23295000000000005,-0.6015,3.7935000000000003,-10.1675,9.45901559122161,21.159250336627267,26.389999389648438,25.760000228881836,26.979999542236328,25.670000076293945,21.4289228201889,20.917357693054164,21.908008383891676,20.84427673935139,21.274641409121532,0.005453457502439028,-254.90000915527344,28.625,0.0,148.0,0.0,1.0,0.0,snow/ice covered,0.238546878099442,-7.70527744293213,100.0,505.126068115234
arenacam6_1769616052777178572.png,1769616052777178572,1769616052.7771785,42.30245177621263,-83.69721415649424,242.9740447998047,0.9444694119100085,0.32849305326718004,0.000988935962727935,0.008298549706405693,0.025750000000000006,-0.0016000000000000003,0.22392000000000004,0.09000000000000001,2.6990000000000003,-11.129100000000001,9.459223856770356,21.159716214163883,26.279998779296875,25.760000228881836,26.90999984741211,25.81999969482422,21.33960131037781,20.917357693054164,21.851167986297227,20.966077812594452,21.268551200580912,0.005143499341648911,-255.3000030517578,28.55000114440918,0.0,144.0,0.0,1.0,0.0,snow/ice covered,0.238546878099442,-7.70527744293213,100.0,505.126068115234
arenacam6_1769616052797496774.png,1769616052797496774,1769616052.7974968,42.302452879050925,-83.69721241065379,242.9784698486328,0.9455966664584464,0.3252509969769554,0.0006217618689227287,0.007638505112162241,0.06889,-0.006180000000000001,0.22742000000000004,-0.014400000000000001,2.5269,-10.519400000000001,9.438882709417552,21.1142142880045,26.34000015258789,25.76999855041504,26.979999542236328,25.81999969482422,21.388322978702774,20.925476422323648,21.908008383891676,20.966077812594452,21.296971399378137,0.0086556434864576,-255.6999969482422,28.524999618530273,0.0,148.0,0.0,1.0,0.0,snow/ice covered,0.238546878099442,-7.70527744293213,100.0,505.126068115234
arenacam6_1769616052818268770.png,1769616052818268770,1769616052.8182688,42.30245397185165,-83.69721066401735,242.9837188720703,0.945959674560827,0.32420057845979505,0.0004073916432537224,0.007356158179207951,0.06781000000000001,-0.023870000000000006,0.22190000000000001,-0.33640000000000003,2.5143,-9.9167,9.435034296195784,21.1056056185322,26.369998931884766,25.709999084472656,26.90999984741211,25.729999542236328,21.412682264080583,20.87675630278336,21.851167986297227,20.892996858891678,21.258400853013214,0.007239556980390574,-256.1000061035156,28.725000381469727,0.0,132.0,0.0,1.0,0.0,snow/ice covered,0.238546878099442,-7.70527744293213,100.0,505.126068115234
arenacam6_1769616052838782695.png,1769616052838782695,1769616052.8387828,42.30245614083817,-83.69720715312103,242.99417114257812,0.9474009361630116,0.3199916087824144,-0.00032902819917807104,0.0060603800817835615,0.08474000000000001,-0.014170000000000002,0.21354000000000004,-0.1855,1.2823,-10.071,9.409226775622129,21.047875743460168,26.389999389648438,25.78999900817871,26.8799991607666,25.760000228881836,21.4289228201889,20.94171697843197,21.82680715213474,20.917357693054164,21.278701160952444,0.010966684728932651,-256.8000183105469,28.375,0.0,132.0,0.0,1.0,0.0,snow/ice covered,0.238546878099442,-7.70527744293213,100.0,505.126068115234
arenacam6_1769616052860248170.png,1769616052860248170,1769616052.860248,42.30245720990708,-83.69720539214784,242.99948120117188,0.947760714122662,0.31892911943240343,-0.000507657307482224,0.005795500654082841,0.0632,-0.01835,0.22310000000000002,-0.6642,1.6051,-9.713700000000001,9.402026719815533,21.03176965062416,26.369998931884766,25.78999900817871,26.920000076293945,25.760000228881836,21.412682264080583,20.94171697843197,21.859288264351388,20.917357693054164,21.282761299979526,0.011933929171191645,-257.5,28.575000762939453,0.0,140.0,0.0,1.0,0.0,snow/ice covered,0.238546878099442,-7.70527744293213,100.0,505.126068115234
arenacam6_1769616052880490994.png,1769616052880490994,1769616052.880491,42.30245720990708,-83.69720539214784,242.99948120117188,0.9481284879545008,0.3178383801938513,-0.0006015498277322671,0.005547300484560718,0.053590000000000006,-0.0031700000000000005,0.23002000000000003,-0.6227,2.6147,-9.1297,9.39542313205573,21.016997821020748,26.369998931884766,25.779998779296875,26.76999855041504,25.479999542236328,21.412682264080583,20.93359670037781,21.737485642323648,20.68999455389168,21.19343979016843,0.008395203284990984,-258.3000183105469,28.825000762939453,0.0,144.0,0.0,1.0,0.0,snow/ice covered,0.238546878099442,-7.70527744293213,100.0,505.126068115234
arenacam6_1769616052901071355.png,1769616052901071355,1769616052.9010713,42.302459335930074,-83.69720185233987,243.00979614257812,0.9495499320308106,0.3135817998366838,-0.0011024163947606846,0.004490664712683144,0.029680000000000005,-0.004260000000000001,0.22437,-0.48550000000000004,0.1935,-9.5966,9.377436502008386,20.97676280880264,26.489999771118164,25.719999313354492,26.760000228881836,25.529998779296875,21.510124051945837,20.884876580837517,21.72936691305416,20.73059439537781,21.21374048530383,0.011297151932410937,-259.20001220703125,29.600000381469727,0.0,156.0,0.0,1.0,0.0,snow/ice covered,0.238546878099442,-7.70527744293213,100.0,505.126068115234
arenacam6_1769616052921976096.png,1769616052921976096,1769616052.921976,42.30246038728847,-83.69720008068013,243.0148468017578,0.949918851048968,0.3124625270334672,-0.0011062704518292623,0.004485731529605504,0.0027,-0.0014500000000000003,0.23475000000000001,-0.5865,1.6187,-9.6555,9.370942539410027,20.962236204107867,26.219999313354492,25.65999984741211,26.65999984741211,25.529998779296875,21.290881190837517,20.83615646129723,21.64816568129723,20.73059439537781,21.126449432202445,0.007833764799501592,-260.20001220703125,30.725000381469727,0.0,156.0,0.0,1.0,0.0,snow/ice covered,0.238546878099442,-7.70527744293213,100.0,505.126068115234
arenacam6_1769616052942303221.png,1769616052942303221,1769616052.9423032,42.30246144033814,-83.69719831273105,243.01934814453125,0.9510183281634463,0.30909960283283233,-0.0010197311486988157,0.004531575241899095,-0.012660000000000001,0.00262,0.23615000000000005,0.013600000000000001,1.3754,-9.8154,9.361800532047667,20.94178608215871,26.189998626708984,25.68000030517578,26.69999885559082,25.459999084472656,21.266520356675034,20.852397017405547,21.680645244729195,20.673753997783358,21.118329154148284,0.00843018218679921,-261.3999938964844,31.975000381469727,0.0,148.0,0.0,1.0,0.0,snow/ice covered,0.238546878099442,-7.70527744293213,100.0,505.126068115234
arenacam6_1769616052964122053.png,1769616052964122053,1769616052.964122,42.30246144033814,-83.69719831273105,243.01934814453125,0.9513908940996153,0.30794926632912517,-0.0009930557484373289,0.004650788316903263,-0.023810000000000005,-0.0032800000000000004,0.24180000000000004,-0.9044000000000001,1.7121000000000002,-9.774000000000001,9.352275284356125,20.920478674587592,26.209999084472656,25.56999969482422,26.579999923706055,25.369998931884766,21.282760912783356,20.763075507594454,21.58320500564861,20.600673044080583,21.05742861752675,0.00654621460002789,-262.6000061035156,32.97500228881836,0.0,148.0,0.0,1.0,0.0,snow/ice covered,0.238546878099442,-7.70527744293213,100.0,505.126068115234
arenacam6_1769616052983687487.png,1769616052983687487,1769616052.9836874,42.302463515527705,-83.69719475013156,243.0284423828125,0.9521298355184442,0.3056517118876773,-0.0007672976518367475,0.005021811432758644,-0.05059000000000001,-0.00033000000000000005,0.24290000000000003,0.021500000000000002,1.6274000000000002,-9.5998,9.347374158914853,20.909515151042992,26.119998931884766,25.510000228881836,26.76999855041504,25.34000015258789,21.20967995908058,20.714355388054162,21.737485642323648,20.576313758702774,21.05945868704029,0.007171067091425078,-263.70001220703125,33.525001525878906,0.0,156.0,0.0,1.0,0.0,snow/ice covered,0.238546878099442,-7.70527744293213,100.0,505.126068115234
arenacam6_1769616053025401352.png,1769616053025401352,1769616053.0254014,42.30246556911389,-83.69719117627825,243.0374755859375,0.953618028737366,0.30096819072876285,-0.00037318503353967,0.005537523764769309,-0.031630000000000005,0.009140000000000002,0.24323000000000003,-0.6714,2.1428000000000003,-9.7117,9.317383854663836,20.842428639851722,26.099998474121094,25.31999969482422,26.619998931884766,25.350000381469727,21.19343940297226,20.560073202594452,21.61568456908058,20.584434036756935,20.988407802851057,0.007003942079965493,-266.0,34.60000228881836,0.0,156.0,0.0,1.0,0.0,snow/ice covered,0.238546878099442,-7.70527744293213,100.0,505.126068115234
arenacam6_1769616053046735671.png,1769616053046735671,1769616053.0467355,42.30246658205584,-83.69718938457378,243.04208374023438,0.9547491381221096,0.2973588358092958,-0.00020380382104128293,0.005635999044690073,-0.0089,-0.00124,0.24560000000000004,0.2492,1.4832,-10.246500000000001,9.306819501013974,20.8187968145982,26.03999900817871,25.299999237060547,26.549999237060547,25.329999923706055,21.144719283431968,20.54383264648613,21.558844171486133,20.568193480648613,20.953897395513213,0.006489355850779942,-267.0,34.79999923706055,0.0,152.0,0.0,1.0,0.0,snow/ice covered,0.238546878099442,-7.70527744293213,100.0,505.126068115234
arenacam6_1769616053066819353.png,1769616053066819353,1769616053.0668194,42.30246658205584,-83.69718938457378,243.04208374023438,0.9551232242590393,0.2961534139970863,-0.00022315893820613886,0.005721193841809359,-0.014610000000000001,-0.010180000000000002,0.25237000000000004,-0.7084,2.1005000000000003,-10.0108,9.299040483331273,20.80139561878306,25.959999084472656,25.28999900817871,26.53999900817871,25.229999542236328,21.079758607783358,20.53571236843197,21.550723893431968,20.486992248891678,20.913296779634745,0.005379502553695966,-267.70001220703125,35.60000228881836,0.0,140.0,0.0,1.0,0.0,snow/ice covered,0.238546878099442,-7.70527744293213,100.0,505.126068115234
arenacam6_1769616053087115074.png,1769616053087115074,1769616053.087115,42.302468591868994,-83.6971857840006,243.05137634277344,0.9562484750422426,0.29249897183286616,-0.00014591942502166543,0.005760569730750091,-0.004350000000000001,-0.006080000000000001,0.24807000000000004,0.18910000000000002,2.0202,-9.7725,9.287658796760494,20.775935468825423,25.90999984741211,25.3799991607666,26.529998779296875,25.219999313354492,21.039158766297227,20.608793322134744,21.542603615377807,20.47887197083752,20.917356918661824,0.006806983495333108,-268.3999938964844,36.17499923706055,0.0,144.0,0.0,1.0,0.0,snow/ice covered,0.238546878099442,-7.70527744293213,100.0,505.126068115234
arenacam6_1769616053108040544.png,1769616053108040544,1769616053.1080403,42.302468591868994,-83.6971857840006,243.05137634277344,0.9566203881706957,0.2912788516788393,-0.00019329490855979608,0.005833192769181469,-0.009550000000000001,-0.015030000000000003,0.25365000000000004,-0.20120000000000002,2.0724,-10.2094,9.284639822906207,20.769182205451813,25.939998626708984,25.26999855041504,26.65999984741211,25.15999984741211,21.063518051675032,20.519471812323648,21.64816568129723,20.430151851297225,20.915326849148283,0.0070366104091526376,-268.8000183105469,36.625,0.0,144.0,0.0,1.0,0.0,snow/ice covered,0.238546878099442,-7.70527744293213,100.0,505.126068115234
arenacam6_1769616053128779204.png,1769616053128779204,1769616053.1287792,42.30247057277913,-83.6971821729934,243.0607452392578,0.9577336295886609,0.2875969928377775,-0.00030202937486788683,0.0058457885570465445,-0.004720000000000001,-0.010720000000000002,0.25160000000000005,-0.21080000000000002,1.1639000000000002,-9.623700000000001,9.264021020843254,20.72305918236511,25.829999923706055,25.25,26.399999618530273,25.149999618530273,20.974198090648613,20.503232805,21.437043098243066,20.422031573243064,20.834126391783684,0.005359595243210571,-269.3000183105469,37.150001525878906,0.0,144.0,0.0,1.0,0.0,snow/ice covered,0.238546878099442,-7.70527744293213,100.0,505.126068115234
arenacam6_1769616053149523968.png,1769616053149523968,1769616053.149524,42.30247154912859,-83.69718035038254,243.06539916992188,0.9584825136773121,0.28508967446554373,-0.00030098323805589607,0.0059209709543084545,-0.00206,0.00026000000000000003,0.26565000000000005,-0.1932,2.7467,-9.4006,9.25216245770103,20.69653228812974,25.899999618530273,25.239999771118164,26.53999900817871,25.06999969482422,21.031038488243063,20.49511252694584,21.550723893431968,20.357070897594454,20.85848645155383,0.00782518352202292,-269.5,37.70000076293945,0.0,144.0,0.0,1.0,0.0,snow/ice covered,0.238546878099442,-7.70527744293213,100.0,505.126068115234
arenacam6_1769616053169865198.png,1769616053169865198,1769616053.1698651,42.30247154912859,-83.69718035038254,243.06539916992188,0.958850019523773,0.2838517742743004,-0.0003692387568761681,0.005888460183462697,0.011660000000000002,-0.013010000000000002,0.25682000000000005,-0.2773,2.7897000000000003,-9.349300000000001,9.248387232696011,20.688087336307017,25.869998931884766,25.229999542236328,26.34000015258789,25.01999855041504,21.006677654080583,20.486992248891678,21.388322978702774,20.31646950732365,20.79961559724967,0.005390941130982332,-269.6000061035156,38.07500076293945,0.0,152.0,0.0,1.0,0.0,snow/ice covered,0.238546878099442,-7.70527744293213,100.0,505.126068115234
arenacam6_1769616053191106333.png,1769616053191106333,1769616053.1911063,42.302473479866656,-83.69717671210556,243.07369995117188,0.9599389657349966,0.28015334759866245,-0.0005303464443972925,0.005568000138007782,0.025890000000000003,-0.008270000000000001,0.259,-0.7205,2.7809,-9.8056,9.224995472596623,20.63576137247029,25.869998931884766,25.25,26.389999389648438,25.010000228881836,21.006677654080583,20.503232805,21.4289228201889,20.30835077805416,20.811796014330913,0.008530562002692326,-269.70001220703125,37.875,0.0,148.0,0.0,1.0,0.0,snow/ice covered,0.238546878099442,-7.70527744293213,100.0,505.126068115234
arenacam6_1769616053211339005.png,1769616053211339005,1769616053.211339,42.30247443341248,-83.6971748765081,243.0780029296875,0.9606582667122491,0.27768420720343034,-0.0006686838049858252,0.005169964138044951,0.04392000000000001,-0.00833,0.2534,0.1627,1.5961,-9.7675,9.220046454269513,20.624690715413646,25.889999389648438,25.350000381469727,26.299999237060547,24.889999389648438,21.022918210188905,20.584434036756935,21.35584186648613,20.210908990188905,20.793525775905216,0.008186065081955065,-269.8999938964844,38.32500076293945,0.0,148.0,0.0,1.0,0.0,snow/ice covered,0.238546878099442,-7.70527744293213,100.0,505.126068115234
arenacam6_1769616053232192076.png,1769616053232192076,1769616053.232192,42.30247631192009,-83.69717120845128,243.08566284179688,0.9617377629454656,0.2739284187212278,-0.000920836899454817,0.004780041939508973,0.03178,-0.0061600000000000005,0.26391000000000003,-0.9393,2.9465000000000003,-9.703800000000001,9.19651811919754,20.572059241557746,25.76999855041504,25.3799991607666,26.28999900817871,24.829999923706055,20.925476422323648,20.608793322134744,21.34772158843197,20.162188870648613,20.761045050884746,0.00918652853892377,-270.0,38.32500076293945,0.0,156.0,0.0,1.0,0.0,snow/ice covered,0.238546878099442,-7.70527744293213,100.0,505.126068115234
arenacam6_1769616053252845983.png,1769616053252845983,1769616053.252846,42.30247631192009,-83.69717120845128,243.08566284179688,0.9620929565476802,0.2726815259331869,-0.0009639769519727854,0.00458248017212271,0.041,0.00075,0.25837000000000004,-0.2899,3.2195,-9.6682,9.192597167266774,20.56328830734574,25.760000228881836,25.26999855041504,26.299999237060547,24.850000381469727,20.917357693054164,20.519471812323648,21.35584186648613,20.178429426756935,20.74277519965522,0.008728511200485525,-270.20001220703125,38.47500228881836,0.0,156.0,0.0,1.0,0.0,snow/ice covered,0.238546878099442,-7.70527744293213,100.0,505.126068115234
arenacam6_1769616053273553388.png,1769616053273553388,1769616053.2735534,42.30247816138355,-83.69716751601362,243.0939178466797,0.9631387563134427,0.26896587581362147,-0.001288264743310655,0.004408413405925551,0.00833,-0.01271,0.26756,-1.2267000000000001,3.4271000000000003,-9.9742,9.178073724999178,20.530800238399664,25.68000030517578,25.09000015258789,26.25,24.850000381469727,20.852397017405547,20.373311453702776,21.315242025000003,20.178429426756935,20.679844980716314,0.007259568092133389,-270.3999938964844,38.625,0.0,156.0,0.0,1.0,0.0,snow/ice covered,0.238546878099442,-7.70527744293213,100.0,505.126068115234
arenacam6_1769616053294455767.png,1769616053294455767,1769616053.2944558,42.30247816138355,-83.69716751601362,243.0939178466797,0.9634825642245384,0.2677327952498796,-0.0013446057574989592,0.004323287909808961,0.020120000000000002,-0.0073500000000000015,0.25589000000000006,-0.0211,2.3643,-9.760100000000001,9.177172630450768,20.52878454396054,25.719999313354492,24.989999771118164,26.15999984741211,24.850000381469727,20.884876580837517,20.29211022194584,21.24216107129723,20.178429426756935,20.649394325209382,0.005875154517334751,-270.6000061035156,38.775001525878906,0.0,148.0,0.0,1.0,0.0,snow/ice covered,0.238546878099442,-7.70527744293213,100.0,505.126068115234
arenacam6_1769616053314724347.png,1769616053314724347,1769616053.3147244,42.30247908059312,-83.69716566787257,243.0977783203125,0.964494736834461,0.26406303969624667,-0.0017591940010082574,0.0041855610698190125,0.02024,-0.021230000000000002,0.25466000000000005,-0.5669000000000001,1.7535,-9.982000000000001,9.166593013338927,20.505118575258383,25.6299991607666,24.799999237060547,26.01999855041504,24.729999542236328,20.811795627134742,20.13782803648613,21.12847872732365,20.08098763889168,20.539772507459052,0.0016900137433237192,-270.70001220703125,39.04999923706055,0.0,140.0,0.0,1.0,0.0,snow/ice covered,0.238546878099442,-7.70527744293213,100.0,505.126068115234
arenacam6_1769616053335817612.png,1769616053335817612,1769616053.3358178,42.30247998931077,-83.69716380734081,243.10215759277344,0.9648228181408158,0.2628604642968294,-0.001911893302146344,0.004201257962869896,0.00576,-0.031190000000000006,0.24917000000000003,-0.041100000000000005,1.7792000000000001,-10.7364,9.165603362063322,20.50290478473393,25.60999870300293,24.76999855041504,26.170000076293945,24.75,20.795555071026424,20.113467202323648,21.25028134935139,20.097228195,20.564132954425368,0.0029863168333605456,-270.8999938964844,39.57500076293945,0.0,140.0,0.0,1.0,0.0,snow/ice covered,0.238546878099442,-7.70527744293213,100.0,505.126068115234
arenacam6_1769616053356149708.png,1769616053356149708,1769616053.3561497,42.30248088117432,-83.6971619444477,243.1065673828125,0.9658174371128302,0.2591789323744022,-0.0026253320726054956,0.004008342996537698,0.04524,-0.04694000000000001,0.25287000000000004,-0.11410000000000001,2.2554000000000003,-9.7463,9.153728135412774,20.47634061523025,25.599998474121094,24.689998626708984,25.969999313354492,24.69999885559082,20.78743479297226,20.048506526675034,21.08787888583752,20.056626804729195,20.495111752553502,0.0009167232405428192,-271.0,39.60000228881836,0.0,144.0,0.0,1.0,0.0,snow/ice covered,0.238546878099442,-7.70527744293213,100.0,505.126068115234
arenacam6_1769616053397557597.png,1769616053397557597,1769616053.3975575,42.30248266414542,-83.69715821479875,243.1152801513672,0.9668083945989621,0.2554440473598861,-0.003118548199001494,0.004487923629953461,-0.05922000000000001,-0.030190000000000005,0.26813000000000003,-1.1705,1.5563,-9.2918,9.122942621053376,20.40747526673914,25.389999389648438,24.829999923706055,25.90999984741211,24.670000076293945,20.616913600188905,20.162188870648613,21.039158766297227,20.03226751935139,20.462632189121532,0.002702780312677282,-271.3000183105469,39.875,0.0,144.0,0.0,1.0,0.0,snow/ice covered,0.238546878099442,-7.70527744293213,100.0,505.126068115234
arenacam6_1769616053418259948.png,1769616053418259948,1769616053.4182599,42.30248354047408,-83.69715634788169,243.1193084716797,0.967810900053024,0.2515968671028883,-0.0033654140845004623,0.005454556866245374,-0.06520000000000001,-0.04408000000000001,0.26344000000000006,-0.7826000000000001,1.5337,-9.7029,9.109740218555057,20.37794228449455,25.43000030517578,24.84000015258789,26.10999870300293,24.719999313354492,20.64939471240555,20.170309148702774,21.201559681026424,20.07286736083752,20.523532725743067,0.007144511414152657,-271.5,39.95000076293945,0.0,144.0,0.0,1.0,0.0,snow/ice covered,0.238546878099442,-7.70527744293213,100.0,505.126068115234
arenacam6_1769616053439246488.png,1769616053439246488,1769616053.4392467,42.30248528617924,-83.69715260874607,243.12741088867188,0.9684836022582911,0.24897470375608471,-0.0032749539796584136,0.0063548188648728625,-0.09090000000000001,-0.011420000000000001,0.26935000000000003,-0.9654,1.7055,-9.6926,9.084373855438274,20.321199252184094,25.549999237060547,24.93000030517578,25.969999313354492,24.579999923706055,20.74683495148613,20.24339010240555,21.08787888583752,19.959186565648615,20.509322626344453,0.009257493705256569,-271.8000183105469,40.0,0.0,148.0,0.0,1.0,0.0,snow/ice covered,0.238546878099442,-7.70527744293213,100.0,505.126068115234
arenacam6_1769616053459675286.png,1769616053459675286,1769616053.4596753,42.30248613607393,-83.69715073166746,243.13108825683594,0.9694938985955595,0.2449738211065,-0.003205402918137678,0.007689795224542838,-0.07130000000000002,-0.02121,0.28089000000000003,-1.3168,4.6951,-9.8237,9.063436673710932,20.274364032890933,25.719999313354492,24.76999855041504,26.06999969482422,24.469999313354492,20.884876580837517,20.113467202323648,21.169080117594454,19.869865055837515,20.509322239148283,0.011588931020286452,-272.20001220703125,40.17499923706055,0.0,148.0,0.0,1.0,0.0,snow/ice covered,0.238546878099442,-7.70527744293213,100.0,505.126068115234
arenacam6_1769616053480584070.png,1769616053480584070,1769616053.4805841,42.302486988893556,-83.6971488556955,243.13470458984375,0.9698288698391895,0.24363998556502492,-0.0031480062651919457,0.00784924944623175,-0.032330000000000005,0.00143,0.27512000000000003,-0.5732,3.817,-9.3523,9.057389236041102,20.260836277669785,25.60999870300293,24.639999389648438,25.959999084472656,24.469999313354492,20.795555071026424,20.007906685188903,21.079758607783358,19.869865055837515,20.43827135495905,0.008757539662112646,-272.70001220703125,39.775001525878906,0.0,152.0,0.0,1.0,0.0,snow/ice covered,0.238546878099442,-7.70527744293213,100.0,505.126068115234
arenacam6_1769616053500955852.png,1769616053500955852,1769616053.5009558,42.30248782285634,-83.69714697103358,243.13882446289062,0.9708189428461946,0.23965269155636976,-0.003077965048741457,0.008227622496403448,-0.012700000000000001,0.024270000000000003,0.28319000000000005,-1.2322,3.6424000000000003,-9.4295,9.023193574122327,20.184342633697202,25.459999084472656,24.399999618530273,25.90999984741211,24.479999542236328,20.673753997783358,19.813024658243066,21.039158766297227,19.87798533389168,20.350980689053834,0.00825580789925922,-273.20001220703125,39.650001525878906,0.0,156.0,0.0,1.0,0.0,snow/ice covered,0.238546878099442,-7.70527744293213,100.0,505.126068115234
arenacam6_1769616053522256056.png,1769616053522256056,1769616053.5222561,42.30248782285634,-83.69714697103358,243.13882446289062,0.971144261367092,0.23833398066309536,-0.0030220442207781117,0.008161159462741088,0.011030000000000002,0.011830000000000002,0.27198,-0.1882,3.0905,-8.7643,9.021002867301402,20.1794421539812,25.459999084472656,24.399999618530273,25.889999389648438,24.420000076293945,20.673753997783358,19.813024658243066,21.022918210188905,19.82926521435139,20.33474052014168,0.0076958701323584944,-273.6000061035156,39.775001525878906,0.0,156.0,0.0,1.0,0.0,snow/ice covered,0.238546878099442,-7.70527744293213,100.0,505.126068115234
arenacam6_1769616053542645868.png,1769616053542645868,1769616053.5426457,42.302489456388464,-83.6971431948641,243.14561462402344,0.9717986402558276,0.2356628712586597,-0.0030200983926594186,0.007828979036106723,0.04290000000000001,0.009300000000000001,0.27940000000000004,-0.9128000000000001,3.6051,-9.520800000000001,9.007449340440202,20.149123727604305,25.369998931884766,24.3799991607666,25.8799991607666,24.51999855041504,20.600673044080583,19.796784102134744,21.014797932134744,19.910464897323646,20.33067999391843,0.009010628391019947,-274.1000061035156,39.79999923706055,0.0,144.0,0.0,1.0,0.0,snow/ice covered,0.238546878099442,-7.70527744293213,100.0,505.126068115234
arenacam6_1769616053563526664.png,1769616053563526664,1769616053.5635266,42.302490264555075,-83.6971412967375,243.1494598388672,0.9727570279951174,0.2317035334929503,-0.0030975217936986643,0.006902348276156463,0.04506,-0.014460000000000002,0.27052000000000004,0.0274,0.8848,-10.3689,9.003771071415068,20.140895660491225,25.369998931884766,24.25,25.869998931884766,24.549999237060547,20.600673044080583,19.691223585,21.006677654080583,19.93482573148613,20.308350003661822,0.008314145805296968,-274.3999938964844,39.54999923706055,0.0,144.0,0.0,1.0,0.0,snow/ice covered,0.238546878099442,-7.70527744293213,100.0,505.126068115234
arenacam6_1769616053583812579.png,1769616053583812579,1769616053.5838127,42.30249105528522,-83.69713939709104,243.15264892578125,0.9730779366900201,0.23035726265711587,-0.0031015151031683515,0.0067261632658225145,0.03526000000000001,0.00559,0.27696000000000004,-1.6758000000000002,3.1047000000000002,-9.2471,8.986619351066413,20.1025282911745,25.329999923706055,24.25,25.84000015258789,24.479999542236328,20.568193480648613,19.691223585,20.982318368702774,19.87798533389168,20.279930192060768,0.008824855178248915,-274.70001220703125,39.82500076293945,0.0,144.0,0.0,1.0,0.0,snow/ice covered,0.238546878099442,-7.70527744293213,100.0,505.126068115234
arenacam6_1769616053604376379.png,1769616053604376379,1769616053.6043763,42.30249185040344,-83.69713749495942,243.15585327148438,0.9740244213848072,0.2263392361776259,-0.0030301811873307367,0.006147740600626286,0.023950000000000003,0.0073100000000000005,0.27271000000000006,-0.5126000000000001,1.6658000000000002,-9.1928,8.970827575092862,20.06720303582823,25.19999885559082,24.149999618530273,25.829999923706055,24.3799991607666,20.462631414729195,19.610022353243064,20.974198090648613,19.796784102134744,20.210908990188905,0.007161234881816967,-274.8999938964844,39.400001525878906,0.0,144.0,0.0,1.0,0.0,snow/ice covered,0.238546878099442,-7.70527744293213,100.0,505.126068115234
arenacam6_1769616053625208568.png,1769616053625208568,1769616053.6252086,42.30249185040344,-83.69713749495942,243.15585327148438,0.9743404451372684,0.2249760659990141,-0.002955319765645525,0.006142701555486314,-0.0011500000000000002,0.013250000000000001,0.27990000000000004,-0.4621,1.3484,-9.5055,8.965825445330069,20.056013571676644,25.189998626708984,24.219999313354492,25.729999542236328,24.18000030517578,20.454511136675034,19.666862750837517,20.892996858891678,19.63438318740555,20.162188483452443,0.005293919023157255,-275.1000061035156,39.75,0.0,144.0,0.0,1.0,0.0,snow/ice covered,0.238546878099442,-7.70527744293213,100.0,505.126068115234
arenacam6_1769616053645914110.png,1769616053645914110,1769616053.645914,42.30249339612107,-83.69713367467591,243.1620330810547,0.9752556161565844,0.22098309267375377,-0.002939715658843277,0.005857813519490525,0.04936000000000001,-0.0013800000000000002,0.27114000000000005,-0.4466,3.7914000000000003,-9.2696,8.955820152651475,20.03363233227219,25.049999237060547,24.25,25.68000030517578,24.170000076293945,20.34083034148613,19.691223585,20.852397017405547,19.626262909351386,20.127678463310765,0.004694412350129603,-275.3000183105469,39.54999923706055,0.0,144.0,0.0,1.0,0.0,snow/ice covered,0.238546878099442,-7.70527744293213,100.0,505.126068115234
arenacam6_1769616053666649504.png,1769616053666649504,1769616053.6666496,42.30249339612107,-83.69713367467591,243.1620330810547,0.975553485399429,0.21967204788513173,-0.0029700823059196748,0.005546811162684812,0.06316000000000001,0.00642,0.26865000000000006,-0.8866,2.4651,-8.6994,8.946570847550186,20.012942191718913,25.18000030517578,24.219999313354492,25.559999465942383,24.260000228881836,20.44639240740555,19.666862750837517,20.754955229540293,19.69934386305416,20.14188856270938,0.006443149125960209,-275.6000061035156,39.42499923706055,0.0,148.0,0.0,1.0,0.0,snow/ice covered,0.269772380590439,-7.68660593032837,100.0,451.134918212891
arenacam6_1769616053687259501.png,1769616053687259501,1769616053.6872594,42.30249492035262,-83.69712985041042,243.16685485839844,0.9764346880797368,0.215738927752669,-0.0027464423450064817,0.00494692037551207,0.01683,0.01674,0.2708900000000001,-0.4955,1.5347000000000002,-8.3528,8.925286831202762,19.96533112419071,24.969999313354492,24.279998779296875,25.56999969482422,24.1299991607666,20.27586966583752,19.71558287037781,20.763075507594454,19.593781797134746,20.08707746023613,0.00609788714688084,-276.0,39.45000076293945,0.0,152.0,0.0,1.0,0.0,snow/ice covered,0.269772380590439,-7.68660593032837,100.0,451.134918212891
arenacam6_1769616053708008977.png,1769616053708008977,1769616053.708009,42.30249566278491,-83.6971279308448,243.1681365966797,0.9770183971480487,0.21308568014503043,-0.0026349979712505293,0.004754086355809724,0.026080000000000002,0.013160000000000002,0.27210000000000006,-0.3436,4.154,-10.5484,8.917099974310052,19.947017616533127,24.8799991607666,24.28999900817871,25.3799991607666,24.18000030517578,20.202788712134744,19.72370314843197,20.608793322134744,19.63438318740555,20.04241709252675,0.0047826435925214,-276.8000183105469,39.17499923706055,0.0,152.0,0.0,1.0,0.0,snow/ice covered,0.269772380590439,-7.68660593032837,100.0,451.134918212891
arenacam6_1769616053728703799.png,1769616053728703799,1769616053.7287037,42.30249640636931,-83.69712601279468,243.16940307617188,0.9775872047263751,0.21046958186386971,-0.00265240243326175,0.004333246664167146,0.043120000000000006,0.0003800000000000001,0.26353000000000004,-0.8953000000000001,2.3969,-11.091800000000001,8.906297273315952,19.922852622571387,24.829999923706055,24.309999465942383,25.5,24.059999465942383,20.162188870648613,19.73994370454029,20.706235109999998,19.53694139954029,20.036327271182294,0.005695702857448605,-277.5,39.60000228881836,0.0,148.0,0.0,1.0,0.0,snow/ice covered,0.269772380590439,-7.68660593032837,100.0,451.134918212891
arenacam6_1769616053749554374.png,1769616053749554374,1769616053.7495544,42.302497134981074,-83.69712408849152,243.17185974121094,0.9781475557151972,0.20785572822721815,-0.002419836798806738,0.004183285955449469,-0.004660000000000001,0.030920000000000003,0.27183,-0.7643000000000001,1.3165,-9.666400000000001,8.881100960237678,19.86648998199407,24.68000030517578,24.439998626708984,25.26999855041504,24.100000381469727,20.04038779740555,19.845504221675036,20.519471812323648,19.569422511756937,19.993696585790293,0.006403073915498635,-278.5,39.04999923706055,0.0,156.0,0.0,1.0,0.0,snow/ice covered,0.269772380590439,-7.68660593032837,100.0,451.134918212891
arenacam6_1769616053769881261.png,1769616053769881261,1769616053.7698812,42.302497134981074,-83.69712408849152,243.17185974121094,0.9784362467461514,0.2064940644367061,-0.0022281022159496623,0.004212833515502225,-0.012900000000000002,0.035350000000000006,0.27875,-0.3125,3.3757,-8.860100000000001,8.877401458808883,19.858214419267945,24.619998931884766,24.420000076293945,25.43000030517578,24.029998779296875,19.99166612908058,19.82926521435139,20.64939471240555,19.51258056537781,19.995726655303834,0.006924702953275794,-279.6000061035156,39.35000228881836,0.0,156.0,0.0,1.0,0.0,snow/ice covered,0.269772380590439,-7.68660593032837,100.0,451.134918212891
arenacam6_1769616053814614660.png,1769616053814614660,1769616053.8146148,42.30249927275574,-83.6971182998669,243.17904663085938,0.9797847541453134,0.19998756279380564,-0.002173565931475054,0.0046995620373206926,-0.04399000000000001,0.010910000000000001,0.28014,-1.1813,3.213,-10.3581,8.853811592834978,19.805445304476276,24.469999313354492,24.18000030517578,25.420000076293945,23.94999885559082,19.869865055837515,19.63438318740555,20.641274434351388,19.447619889729197,19.898285641830913,0.004687616760308555,-282.3000183105469,39.17499923706055,0.0,144.0,0.0,1.0,0.0,snow/ice covered,0.269772380590439,-7.68660593032837,100.0,451.134918212891
arenacam6_1769616053831954133.png,1769616053831954133,1769616053.8319542,42.30250065532833,-83.69711442790548,243.18519592285156,0.9800560504960938,0.19865116646784348,-0.002128052129792757,0.004829424509847545,-0.026520000000000005,0.0026300000000000004,0.27304000000000006,-0.08700000000000001,4.232,-9.5747,8.852274146609911,19.802006129517576,24.439998626708984,24.06999969482422,25.3799991607666,23.920000076293945,19.845504221675036,19.54506167759445,20.608793322134744,19.423260604351388,19.855654956438904,0.0027092622116381333,-284.1000061035156,39.025001525878906,0.0,140.0,0.0,1.0,0.0,snow/ice covered,0.269772380590439,-7.68660593032837,100.0,451.134918212891
arenacam6_1769616053873323185.png,1769616053873323185,1769616053.8733232,42.302501324427354,-83.69711247963895,243.18936157226562,0.9813297779777096,0.19224500671110084,-0.002690874836886304,0.005146206513572931,0.05224000000000001,-0.034100000000000005,0.26478,-0.8177000000000001,5.7005,-11.1135,8.835850672582067,19.76526780352573,24.5,23.8799991607666,25.219999313354492,24.06999969482422,19.89422589,19.390779492134744,20.47887197083752,19.54506167759445,19.827234757641676,0.0031351436637196313,-288.1000061035156,38.97500228881836,0.0,144.0,0.0,1.0,0.0,snow/ice covered,0.269772380590439,-7.68660593032837,100.0,451.134918212891
arenacam6_1769616053894010266.png,1769616053894010266,1769616053.8940103,42.302501324427354,-83.69711247963895,243.18936157226562,0.982048233131843,0.18854904799903666,-0.0031872885593622843,0.004512814301690073,0.014060000000000001,-0.023200000000000005,0.26534,-1.1236000000000002,0.6975,-8.833,8.813168710372599,19.714529614980883,24.329999923706055,23.8799991607666,25.149999618530273,23.93000030517578,19.756184260648617,19.390779492134744,20.422031573243064,19.431380882405552,19.750094052107993,0.0018039708692864456,-290.3999938964844,38.82500076293945,0.0,144.0,0.0,1.0,0.0,snow/ice covered,0.269772380590439,-7.68660593032837,100.0,451.134918212891
arenacam6_1769616053914652001.png,1769616053914652001,1769616053.9146519,42.302501324427354,-83.69711247963895,243.18936157226562,0.9825589469086001,0.1858671165311116,-0.0033872801370992524,0.004456139085119112,0.0206,-0.02476,0.26786000000000004,-0.08850000000000001,4.0107,-9.3787,8.803782465143765,19.693533147578695,24.28999900817871,23.920000076293945,25.079999923706055,23.85999870300293,19.72370314843197,19.423260604351388,20.365191175648615,19.374538936026422,19.7216734661146,0.0014289116292656588,-292.8000183105469,38.60000228881836,0.0,144.0,0.0,1.0,0.0,snow/ice covered,0.269772380590439,-7.68660593032837,100.0,451.134918212891
arenacam6_1769616053935597575.png,1769616053935597575,1769616053.9355977,42.302504547559536,-83.69710271187948,243.20843505859375,0.9830324671260449,0.18334747124627515,-0.0037731158958202635,0.004078842987265666,0.044800000000000006,-0.029170000000000005,0.25653000000000004,-0.8342,1.6778000000000002,-11.0479,8.79169885489826,19.666502836476116,24.209999084472656,23.85999870300293,25.189998626708984,23.760000228881836,19.658742472783356,19.374538936026422,20.454511136675034,19.29333925305416,19.69528294963474,0.0014634077750338768,-295.3999938964844,37.400001525878906,0.0,144.0,0.0,1.0,0.0,snow/ice covered,0.269772380590439,-7.68660593032837,100.0,451.134918212891
arenacam6_1769616053956377277.png,1769616053956377277,1769616053.9563773,42.302504547559536,-83.69710271187948,243.20843505859375,0.9835207975222229,0.18070920958211223,-0.003873521631242299,0.004002279804242809,0.0029600000000000004,0.0019100000000000002,0.27039,-1.0250000000000001,1.4658,-8.9596,8.767564782773432,19.612516365177203,24.06999969482422,23.889999389648438,25.03999900817871,23.799999237060547,19.54506167759445,19.398899770188905,20.332710063431968,19.32581881648613,19.65062258192536,0.0019429539809494897,-298.1000061035156,36.04999923706055,0.0,156.0,0.0,1.0,0.0,snow/ice covered,0.269772380590439,-7.68660593032837,100.0,451.134918212891
arenacam6_1769616053976821568.png,1769616053976821568,1769616053.9768214,42.302504547559536,-83.69710271187948,243.20843505859375,0.9837663132315011,0.17936751974341736,-0.0039024600031551675,0.003988059417652603,0.0051600000000000005,-0.005560000000000001,0.27346000000000004,-0.5612,3.2167000000000003,-8.4638,8.761836984808463,19.599703624797446,24.03999900817871,23.90999984741211,25.149999618530273,23.709999084472656,19.52070084343197,19.415140326297227,20.422031573243064,19.252737862783356,19.652652651438906,0.002701521801302631,-301.0,34.04999923706055,0.0,148.0,0.0,1.0,0.0,snow/ice covered,0.269772380590439,-7.68660593032837,100.0,451.134918212891
arenacam6_1769616053997518031.png,1769616053997518031,1769616053.997518,42.30250516735742,-83.69710075495948,243.21246337890625,0.9842371167345723,0.17676875450293666,-0.004053691548670948,0.0036977098757093618,0.04229000000000001,-0.015090000000000003,0.25535,-0.2656,2.0843000000000003,-9.4776,8.755343632074153,19.585178384331957,23.8799991607666,23.799999237060547,25.149999618530273,23.60999870300293,19.390779492134744,19.32581881648613,20.422031573243064,19.17153663102642,19.57754162822259,0.0003899252771410158,-303.8000183105469,31.42500114440918,0.0,152.0,0.0,1.0,0.0,snow/ice covered,0.269772380590439,-7.68660593032837,100.0,451.134918212891
arenacam6_1769616054018887150.png,1769616054018887150,1769616054.0188873,42.30250638240381,-83.69709683356606,243.2186279296875,0.984941732981024,0.17280086464058136,-0.004240076640662763,0.003415488528140773,0.03036,-0.00237,0.27101000000000003,-0.8438,3.3144,-10.1288,8.727990535089532,19.52399114756318,23.799999237060547,23.649999618530273,24.920000076293945,23.60999870300293,19.32581881648613,19.204017743243067,20.235269824351388,19.17153663102642,19.48416075377675,0.0020400743621215257,-308.3000183105469,27.700000762939453,0.0,156.0,0.0,1.0,0.0,snow/ice covered,0.269772380590439,-7.68660593032837,100.0,451.134918212891
arenacam6_1769616054039127209.png,1769616054039127209,1769616054.0391273,42.30250638240381,-83.69709683356606,243.2186279296875,0.9851686864818159,0.1715060271773972,-0.004262008871068368,0.003190156407169148,0.046430000000000006,0.0032400000000000003,0.26335000000000003,-0.0644,3.1506000000000003,-9.285400000000001,8.72738039346474,19.522626297357018,23.799999237060547,23.60999870300293,24.959999084472656,23.59000015258789,19.32581881648613,19.17153663102642,20.267749387783354,19.155297623702776,19.48010061474967,0.0021782767318096466,-311.3999938964844,23.149999618530273,0.0,156.0,0.0,1.0,0.0,snow/ice covered,0.269772380590439,-7.68660593032837,100.0,451.134918212891
arenacam6_1769616054060574292.png,1769616054060574292,1769616054.0605743,42.30250755305277,-83.69709290521489,243.2255401611328,0.9858332024774443,0.16764794822578954,-0.004602680023767379,0.0024243938104185877,0.05475000000000001,-0.013690000000000003,0.25808000000000003,-0.4713,2.3496,-10.0455,8.71323639661293,19.490987025039328,23.81999969482422,23.56999969482422,24.850000381469727,23.53999900817871,19.342059372594452,19.13905706759445,20.178429426756935,19.11469623343197,19.44356052509445,0.002433252861127522,-314.3000183105469,18.575000762939453,0.0,156.0,0.0,1.0,0.0,snow/ice covered,0.269772380590439,-7.68660593032837,100.0,451.134918212891
arenacam6_1769616054080416141.png,1769616054080416141,1769616054.0804162,42.30250755305277,-83.69709290521489,243.2255401611328,0.9860550090464415,0.16633783511552525,-0.004754454869438709,0.0021538111330436614,0.05979,-0.02142,0.26530000000000004,-0.9586,3.8545000000000003,-9.7919,8.703528830754966,19.469271782669015,23.779998779296875,23.53999900817871,24.869998931884766,23.649999618530273,19.309578260377805,19.11469623343197,20.194668434080583,19.204017743243067,19.455740167783357,0.0006950241917986329,-317.3000183105469,14.27500057220459,0.0,140.0,0.0,1.0,0.0,snow/ice covered,0.269772380590439,-7.68660593032837,100.0,451.134918212891
arenacam6_1769616054121638344.png,1769616054121638344,1769616054.1216383,42.302509256901885,-83.69708700104562,243.23373413085938,0.9871107833380175,0.15995252098098456,-0.005137372017753343,0.0010487413334247626,0.016910000000000005,-0.006470000000000001,0.26633,-0.26130000000000003,3.0592,-8.5311,8.678903124113134,19.414185554453635,23.689998626708984,23.510000228881836,24.719999313354492,23.51999855041504,19.236497306675037,19.090336948054162,20.07286736083752,19.098455677323646,19.374539323222592,0.0020421269344439597,-322.8000183105469,5.700000286102295,0.0,148.0,0.0,1.0,0.0,snow/ice covered,0.269772380590439,-7.68660593032837,100.0,451.134918212891
arenacam6_1769616054142407403.png,1769616054142407403,1769616054.1424074,42.302509256901885,-83.69708700104562,243.23373413085938,0.9875106268544962,0.157457614983247,-0.00540095039878188,0.0008313050086704743,0.02858,-0.023090000000000003,0.25067,-0.8599,2.0713,-9.797,8.668450502925491,19.39080366801415,23.579999923706055,23.43000030517578,24.6299991607666,23.44999885559082,19.14717734564861,19.02537627240555,19.999786407134746,19.041615279729196,19.303488826229525,0.004502899584747707,-325.5,4.925000190734863,0.0,152.0,0.0,1.0,0.0,snow/ice covered,0.269772380590439,-7.68660593032837,100.0,451.134918212891
arenacam6_1769616054163375764.png,1769616054163375764,1769616054.1633759,42.30251036241675,-83.69708306571312,243.23883056640625,0.987908792216007,0.15493389528146934,-0.0055524863399504494,0.0009360826168064172,-0.022980000000000004,-0.02023,0.26131000000000004,-1.0319,0.9656,-9.8078,8.65229655735143,19.35466826100171,23.369998931884766,23.399999618530273,24.689998626708984,23.350000381469727,18.976654604080583,19.001015438243066,20.048506526675034,18.960415596756935,19.246648041438906,0.005581093827397517,-328.3000183105469,4.125,0.0,152.0,0.0,1.0,0.0,snow/ice covered,0.269772380590439,-7.68660593032837,100.0,451.134918212891
arenacam6_1769616054183879618.png,1769616054183879618,1769616054.1838796,42.30251089519544,-83.69708109168461,243.24024963378906,0.9885060698935684,0.1510709160302841,-0.005647089035375476,0.0011993743239442686,-0.0015300000000000003,-0.018580000000000003,0.26008000000000003,0.1835,3.0582000000000003,-8.6328,8.64383641079969,19.33574342077426,23.389999389648438,23.209999084472656,24.59000015258789,23.260000228881836,18.992895160188905,18.846733252783356,19.967306843702776,18.88733464305416,19.173567474932298,0.008387365425408013,-331.1000061035156,4.125,0.0,168.0,0.0,1.0,0.0,snow/ice covered,0.269772380590439,-7.68660593032837,100.0,451.134918212891
arenacam6_1769616054206956022.png,1769616054206956022,1769616054.2069561,42.30251142981467,-83.6970791245311,243.2418212890625,0.9886996767425942,0.1497943937730558,-0.005761958512348694,0.0011784045800707068,0.009140000000000002,-0.022240000000000003,0.25804000000000005,-0.9780000000000001,2.7331000000000003,-8.616200000000001,8.63415534681669,19.31408746150813,23.299999237060547,23.09000015258789,24.65999984741211,23.15999984741211,18.91981420648613,18.749293013702776,20.024147241297225,18.80613341129723,19.12484696819584,0.00979805510819167,-334.0,3.924999952316284,0.0,160.0,0.0,1.0,0.0,snow/ice covered,0.269772380590439,-7.68660593032837,100.0,451.134918212891
arenacam6_1769616054225181281.png,1769616054225181281,1769616054.225181,42.302511949985345,-83.69707715276964,243.24400329589844,0.9892668384041681,0.1459947380879107,-0.005858629486738916,0.001528183562716488,-0.04784000000000001,-0.019450000000000002,0.26320000000000005,-1.1712,2.7593,-10.083,8.602337076859389,19.242911900709842,23.119998931884766,22.920000076293945,24.549999237060547,23.09000015258789,18.77365229908058,18.611251384351387,19.93482573148613,18.749293013702776,19.01725560715522,0.01172672279117472,-337.20001220703125,2.625,0.0,160.0,0.0,1.0,0.0,snow/ice covered,0.269772380590439,-7.68660593032837,100.0,451.134918212891
arenacam6_1769616054245887587.png,1769616054245887587,1769616054.2458875,42.302511949985345,-83.69707715276964,243.24400329589844,0.9894607233740427,0.14467455815062552,-0.005840381610079198,0.0016245204478934395,-0.018330000000000003,0.0008000000000000001,0.26761,-1.2566000000000002,5.444,-10.1685,8.589989927662444,19.215292068785228,23.26999855041504,22.969999313354492,24.59000015258789,23.079999923706055,18.895453372323647,18.651851225837518,19.967306843702776,18.74117273564861,19.063946044378135,0.00787633223920397,-340.3999938964844,0.0,0.0,160.0,0.0,1.0,0.0,snow/ice covered,0.269772380590439,-7.68660593032837,100.0,451.134918212891
arenacam6_1769616054266384544.png,1769616054266384544,1769616054.2663846,42.30251296041056,-83.69707321172937,243.24644470214844,0.9899968544807072,0.14096186285536094,-0.005903808451738057,0.0010613125916569578,0.03518,0.0030400000000000006,0.24358000000000005,-1.7481,1.399,-9.7012,8.556492684441947,19.14036074553557,23.149999618530273,22.899999618530273,24.439998626708984,23.09000015258789,18.798013133243067,18.595010828243066,19.845504221675036,18.749293013702776,18.996955299215987,0.00749230634814615,-343.8999938964844,0.0,0.0,160.0,0.0,1.0,0.0,snow/ice covered,0.269772380590439,-7.68660593032837,100.0,451.134918212891
arenacam6_1769616054287359634.png,1769616054287359634,1769616054.2873597,42.30251296041056,-83.69707321172937,243.24644470214844,0.9901832521888267,0.13965381718315123,-0.005755244485699087,0.0009031012364687729,0.028720000000000002,0.0337,0.26406,-1.9260000000000002,2.3196000000000003,-9.543700000000001,8.537526426638859,19.097934364805532,23.1299991607666,22.719999313354492,24.31999969482422,23.01999855041504,18.781772577134742,18.448848920837516,19.748063982594452,18.692451067323645,18.91778413697259,0.009432969262106761,-347.5,0.0,0.0,172.0,0.0,1.0,0.0,snow/ice covered,0.269772380590439,-7.68660593032837,100.0,451.134918212891
arenacam6_1769616054307921491.png,1769616054307921491,1769616054.3079214,42.30251391376365,-83.69706927096954,243.25010681152344,0.9907107853197228,0.13587548378915204,-0.005473215576335987,0.00019148758891784375,0.05760000000000001,0.015200000000000002,0.24903000000000003,-0.49820000000000003,3.6123000000000003,-11.039900000000001,8.520291379512615,19.05938059848695,23.1299991607666,22.510000228881836,24.309999465942383,22.969999313354492,18.781772577134742,18.278327728054162,19.73994370454029,18.651851225837518,18.862973808891677,0.01030499331184269,-351.1000061035156,0.0,0.0,168.0,0.0,1.0,0.0,snow/ice covered,0.269772380590439,-7.68660593032837,100.0,451.134918212891
arenacam6_1769616054328682899.png,1769616054328682899,1769616054.328683,42.302514386054284,-83.69706730463562,243.251708984375,0.9910445824836638,0.13342003047778644,-0.0054363059846794575,-0.00042139569003604173,0.05625,0.010050000000000002,0.24801000000000004,-0.6754,1.7738,-10.9466,8.508067795971963,19.032037175521523,23.10999870300293,22.369998931884766,24.239999771118164,22.850000381469727,18.76553202102642,18.164645384080583,19.68310330694584,18.55441098675694,18.791922924702444,0.012616318926063665,-356.3000183105469,0.0,0.0,168.0,0.0,1.0,0.0,snow/ice covered,0.269772380590439,-7.68660593032837,100.0,451.134918212891
arenacam6_1769616054349215321.png,1769616054349215321,1769616054.3492153,42.30251484182706,-83.69706533152797,243.25462341308594,0.9913684614559433,0.13099266961402883,-0.005365362147845977,-0.0008408489093843003,0.036520000000000004,0.006350000000000001,0.24231000000000005,0.3516,2.2585,-10.782200000000001,8.507550303018355,19.030879574833882,22.979999542236328,22.229999542236328,24.18000030517578,22.779998779296875,18.659971503891676,18.050964588891677,19.63438318740555,18.497569040377808,18.71072208014168,0.016823052945780532,-359.3999938964844,0.0,0.0,164.0,0.0,1.0,0.0,snow/ice covered,0.269772380590439,-7.68660593032837,100.0,451.134918212891
arenacam6_1769616054370377371.png,1769616054370377371,1769616054.3703775,42.30251528884903,-83.69706335478782,243.25732421875,0.9916688621086032,0.12868492030931344,-0.005649797718636567,-0.0010672370646524591,0.023030000000000002,-0.027330000000000004,0.23064,-0.25880000000000003,1.1234,-10.7637,8.506626643345518,19.028813403565323,22.829999923706055,22.149999618530273,24.059999465942383,22.619998931884766,18.538170430648613,17.986003913243067,19.53694139954029,18.36764768908058,18.60719085812814,0.02215705921832138,-362.20001220703125,0.0,0.0,152.0,0.0,1.0,0.0,snow/ice covered,0.269772380590439,-7.68660593032837,100.0,451.134918212891
arenacam6_1769616054390535113.png,1769616054390535113,1769616054.390535,42.30251528884903,-83.69706335478782,243.25732421875,0.9918197770827992,0.12750952944602678,-0.005816855153988243,-0.0010069180685891767,-0.006340000000000001,-0.03434,0.23713000000000004,-1.0505,0.438,-10.3003,8.496326185248792,19.005771896830435,22.75,22.19999885559082,23.93000030517578,22.31999969482422,18.473209755000003,18.026603754729194,19.431380882405552,18.12404554259445,18.5138099836823,0.025884868860821093,-364.8000183105469,0.0,0.0,164.0,0.0,1.0,0.0,snow/ice covered,0.269772380590439,-7.68660593032837,100.0,451.134918212891
arenacam6_1769616054432299395.png,1769616054432299395,1769616054.4322996,42.302516611422924,-83.69705744506524,243.2659912109375,0.9925987510477625,0.12127802841859092,-0.006251133225153757,0.0005315775792126274,-0.10469000000000002,-0.023620000000000006,0.25398000000000004,-0.7735000000000001,-0.4299,-9.7112,8.44392704006449,18.888558153001863,22.40999984741211,22.139999389648438,23.85999870300293,21.979999542236328,18.197126496297226,17.977883635188903,19.374538936026422,17.84796228389168,18.34937783785106,0.028545340029837895,-370.3999938964844,0.0,0.0,168.0,0.0,1.0,0.0,snow/ice covered,0.269772380590439,-7.68660593032837,100.0,451.134918212891
arenacam6_1769616054453026927.png,1769616054453026927,1769616054.4530268,42.30251747264505,-83.69705352535593,243.27110290527344,0.9930817864018465,0.11722899638179735,-0.006138017680153925,0.0028727448880358506,-0.16075,0.00234,0.28395000000000004,-1.5876000000000001,2.3188,-8.3155,8.397845962936234,18.78547754833058,22.119998931884766,22.079999923706055,23.899999618530273,21.770000457763672,17.961643079080584,17.929163515648614,19.407020048243066,17.677441091108324,18.243816933520147,0.02883400826073587,-373.20001220703125,0.0,0.0,172.0,0.0,1.0,0.0,snow/ice covered,0.269772380590439,-7.68660593032837,100.0,451.134918212891
arenacam6_1769616054473473375.png,1769616054473473375,1769616054.4734733,42.30251747264505,-83.69705352535593,243.27110290527344,0.9932401262479933,0.11586346995666552,-0.006060359518396688,0.003602774344712695,-0.14508000000000001,-0.00237,0.27580000000000005,-1.2692,2.3483,-8.8102,8.385166060285924,18.757113366895997,22.010000228881836,21.8799991607666,23.899999618530273,21.68000030517578,17.87232311805416,17.766761052134743,19.407020048243066,17.60436013740555,18.162616088959382,0.031694497245286654,-376.20001220703125,0.0,0.0,184.0,0.0,1.0,0.0,snow/ice covered,0.269772380590439,-7.68660593032837,100.0,451.134918212891
arenacam6_1769616054494085894.png,1769616054494085894,1769616054.4940858,42.302517887974666,-83.69705157675631,243.27268981933594,0.9937100657123169,0.11170537962922794,-0.0057498668083138995,0.005399305103404097,-0.10746000000000001,0.016770000000000004,0.27985000000000004,-1.2393,2.8615,-9.741,8.339183008594832,18.654252039246124,21.889999389648438,21.6299991607666,23.65999984741211,21.689998626708984,17.774881330188904,17.563758747134745,19.212138021297225,17.612478866675033,18.040814241323975,0.03288460971962615,-379.1000061035156,0.0,0.0,184.0,0.0,1.0,0.0,snow/ice covered,0.269772380590439,-7.68660593032837,100.0,451.134918212891
arenacam6_1769616054535507908.png,1769616054535507908,1769616054.535508,42.302518690584826,-83.6970476754977,243.2766571044922,0.9941725834889352,0.10751954847821393,-0.005712889406977392,0.005271036767134772,0.07878000000000002,-0.0019500000000000003,0.2765,-1.6346,4.4824,-9.382200000000001,8.30541868553413,18.578723274418717,21.600000381469727,20.979999542236328,23.279998779296875,21.399999618530273,17.539399461756936,17.03595306389168,18.90357365037781,17.376996998243065,17.713980793567373,0.04654477426024312,-384.6000061035156,0.0,0.0,176.0,0.0,1.0,0.0,snow/ice covered,0.269772380590439,-7.68660593032837,100.0,451.134918212891
arenacam6_1769616054555987164.png,1769616054555987164,1769616054.5559871,42.302519058743634,-83.69704573208317,243.2779541015625,0.9946267180830733,0.1033213059423142,-0.005606902771836942,0.0033108994210626548,0.14493000000000003,0.02452,0.27872,-1.2614,2.1477,-9.075000000000001,8.255074557597469,18.466106480872085,21.459999084472656,20.619998931884766,23.31999969482422,21.299999237060547,17.425717117783357,16.743629249080584,18.936054762594452,17.29579576648613,17.60029922398613,0.04688629180075353,-387.1000061035156,0.0,0.0,188.0,0.0,1.0,0.0,snow/ice covered,0.269772380590439,-7.68660593032837,100.0,451.134918212891
arenacam6_1769616054576905252.png,1769616054576905252,1769616054.5769053,42.302519425897906,-83.69704378585323,243.27928161621094,0.9947733389824343,0.10192310126944343,-0.005564761711117068,0.002592084963157298,0.14364000000000002,0.02238,0.28031,-1.5666,3.1034,-9.3681,8.239639593301275,18.431579391839357,21.25,20.229999542236328,23.489999771118164,21.25,17.255195925000002,16.426946148891677,19.07409639194584,17.255195925000002,17.502858597709384,0.05038747762121606,-389.3000183105469,0.0,0.0,188.0,0.0,1.0,0.0,snow/ice covered,0.269772380590439,-7.68660593032837,100.0,451.134918212891
arenacam6_1769616054597433410.png,1769616054597433410,1769616054.5974333,42.302519777277034,-83.69704183968385,243.28146362304688,0.9951819447486452,0.09787674215769765,-0.005746978265710116,-0.00011149759383975693,0.19063000000000005,-0.025060000000000002,0.26987000000000005,-1.0967,2.4744,-11.2317,8.228617552648782,18.406923748222166,21.15999984741211,19.809999465942383,23.389999389648438,21.06999969482422,17.182114971297228,16.08590221454029,18.992895160188905,17.109034017594453,17.34248659090522,0.05782808533771178,-391.3000183105469,0.0,0.0,184.0,0.0,1.0,0.0,snow/ice covered,0.269772380590439,-7.68660593032837,100.0,451.134918212891
arenacam6_1769616054618307772.png,1769616054618307772,1769616054.6183078,42.3025204559948,-83.69703796116548,243.28546142578125,0.9954364230208215,0.0952231482353359,-0.006027059500263701,-0.0015982232145816896,0.13272000000000003,-0.013950000000000002,0.26413000000000003,-1.5641,-0.2969,-11.875300000000001,8.19893319643134,18.340521624425126,21.06999969482422,19.549999237060547,23.309999465942383,21.149999618530273,17.109034017594453,15.874779631486131,18.92793448454029,17.173994693243067,17.271435706715984,0.05829092212324969,-393.1000061035156,0.0,0.0,184.0,0.0,1.0,0.0,snow/ice covered,0.269772380590439,-7.68660593032837,100.0,451.134918212891
arenacam6_1769616054638934172.png,1769616054638934172,1769616054.6389344,42.3025204559948,-83.69703796116548,243.28546142578125,0.9956942347653097,0.09243982245141025,-0.0063715806169091374,-0.002696857563524566,0.11267000000000002,-0.02136,0.28064,0.0204,1.5356,-11.3742,8.179726331701412,18.29755702043616,20.939998626708984,19.229999542236328,23.34000015258789,21.09000015258789,17.003471951675035,15.614936928891678,18.952295318702777,17.125274573702775,17.173994693243067,0.06140504581776729,-395.3999938964844,0.0,0.0,172.0,0.0,1.0,0.0,snow/ice covered,0.269772380590439,-7.68660593032837,100.0,451.134918212891
arenacam6_1769616054660052783.png,1769616054660052783,1769616054.6600528,42.3025211104677,-83.69703410340598,243.29234313964844,0.9959432473168339,0.08963249158321213,-0.006931755201748669,-0.0038749640525155117,0.13115000000000002,-0.020680000000000004,0.28787000000000007,-2.7171000000000003,2.3808000000000002,-10.0972,8.13487986769453,18.197238171240603,20.850000381469727,19.139999389648438,23.15999984741211,20.850000381469727,16.930392546756934,15.541855975188904,18.80613341129723,16.930392546756934,17.05219362,0.06292408443882769,-396.8000183105469,0.0,0.0,168.0,0.0,1.0,0.0,snow/ice covered,0.269772380590439,-7.68660593032837,100.0,451.134918212891
arenacam6_1769616054680436902.png,1769616054680436902,1769616054.680437,42.3025211104677,-83.69703410340598,243.29234313964844,0.9960668610119331,0.08820584559404526,-0.007125028161249746,-0.004446478446538031,0.11915000000000002,-0.027030000000000005,0.28569000000000006,-1.6293,-0.8174,-10.4061,8.118739773545585,18.161133749035063,20.81999969482422,18.779998779296875,22.959999084472656,20.809999465942383,16.90603171259445,15.249532160377807,18.643730947783357,16.89791143454029,16.924301563823978,0.06810324742401067,-398.3000183105469,0.0,0.0,168.0,0.0,1.0,0.0,snow/ice covered,0.269772380590439,-7.68660593032837,100.0,451.134918212891
arenacam6_1769616054722052669.png,1769616054722052669,1769616054.7220526,42.30252209201438,-83.69702838715853,243.2992706298828,0.9967370314038455,0.08029985970564474,-0.006982206848155557,-0.0042978537705105424,-0.06635,0.022710000000000004,0.33464000000000005,-1.1289,-0.2682,-6.8356,8.025339142457335,17.952202141328513,20.40999984741211,18.309999465942383,22.760000228881836,20.529998779296875,16.573108056297226,14.86788838454029,18.481330033054164,16.670548295377806,16.64821869231737,0.07263640631636979,-401.1000061035156,0.0,0.0,172.0,0.0,1.0,0.0,snow/ice covered,0.269772380590439,-7.68660593032837,100.0,451.134918212891
arenacam6_1769616054742711887.png,1769616054742711887,1769616054.7427118,42.30252241820673,-83.6970265024882,243.30047607421875,0.997139102968005,0.07526886588164033,-0.006431615079068061,-0.002615623927181901,-0.12874000000000002,0.052360000000000004,0.3441800000000001,-2.4325,0.0592,-8.6921,7.9486988104138785,17.780762316967223,20.279998779296875,18.309999465942383,22.69999885559082,20.510000228881836,16.467545990377808,14.86788838454029,18.432608364729198,16.65430928805416,16.605588006925366,0.06609245931601322,-402.3000183105469,0.0,0.0,176.0,0.0,1.0,0.0,snow/ice covered,0.269772380590439,-7.68660593032837,100.0,451.134918212891
arenacam6_1769616054763569498.png,1769616054763569498,1769616054.7635694,42.30252273960249,-83.69702461650894,243.3015594482422,0.9972740095842025,0.07351399308221368,-0.006082809562892353,-0.0018005712364738452,-0.16561000000000003,0.058280000000000005,0.35282,-1.0889,-0.46,-9.6652,7.9369075186312985,17.754385904727098,20.049999237060547,18.15999984741211,22.399999618530273,20.75,16.28078424148613,14.746087311297225,18.18900621824307,16.849191315,16.516267271506607,0.06973593115889425,-403.6000061035156,0.0,0.0,176.0,0.0,1.0,0.0,snow/ice covered,0.269772380590439,-7.68660593032837,100.0,451.134918212891
arenacam6_1769616054784555039.png,1769616054784555039,1769616054.784555,42.302523048236665,-83.69702274062523,243.30191040039062,0.9976478009739038,0.06833228447069234,-0.0054003763203314716,0.0006324923311992329,-0.13989000000000001,0.00956,0.34262000000000004,-0.9779,3.3638000000000003,-10.7867,7.9186342126609945,17.713509615669885,19.69999885559082,17.809999465942383,22.510000228881836,20.029998779296875,15.996580704729196,14.461883774540292,18.278327728054162,16.26454368537781,16.250333973175366,0.08260224395058062,-404.8000183105469,0.0,0.0,176.0,0.0,1.0,0.0,snow/ice covered,0.269772380590439,-7.68660593032837,100.0,451.134918212891
arenacam6_1769616054804576254.png,1769616054804576254,1769616054.8045762,42.302523048236665,-83.69702274062523,243.30191040039062,0.9977665596538822,0.06658326292014666,-0.005213929061545442,0.0011732344624564895,-0.10851000000000001,0.029650000000000003,0.35111000000000003,-2.1059,3.3298,-11.225100000000001,7.896378732739319,17.663725442413895,19.6299991607666,17.40999984741211,22.649999618530273,19.93000030517578,15.939740307134743,14.137080396297227,18.392008523243067,16.183344002405548,16.163043307270147,0.08495841605080266,-406.0,0.0,0.0,176.0,0.0,1.0,0.0,snow/ice covered,0.269772380590439,-7.68660593032837,100.0,451.134918212891
arenacam6_1769616054825375119.png,1769616054825375119,1769616054.8253753,42.3025236523987,-83.69701899629501,243.30386352539062,0.9981003003104376,0.06136848406810974,-0.004796231608846617,0.002587633233399769,-0.08346000000000002,0.00923,0.34401000000000004,-1.2333,3.2917,-10.019400000000001,7.862639603736861,17.588253035183136,19.510000228881836,17.299999237060547,22.6299991607666,19.920000076293945,15.842300068054161,14.04775888648613,18.375767967134742,16.175223724351387,16.110262661506606,0.08403281273700076,-407.1000061035156,0.0,0.0,176.0,0.0,1.0,0.0,snow/ice covered,0.269772380590439,-7.68660593032837,100.0,451.134918212891
arenacam6_1769616054846612133.png,1769616054846612133,1769616054.8466122,42.30252392837997,-83.6970171306346,243.305419921875,0.9983060319999753,0.057892154097499426,-0.00477835754771752,0.0032760136693327315,-0.06441000000000001,-0.008020000000000001,0.3456100000000001,-0.7625000000000001,3.2958000000000003,-12.023900000000001,7.838776956310795,17.53487372464987,19.270000457763672,17.149999618530273,22.3799991607666,19.739999771118164,15.647418041108322,13.925957813243066,18.172765662134744,16.029061816945838,15.943800833357994,0.09073763040877822,-408.0,0.0,0.0,184.0,0.0,1.0,0.0,snow/ice covered,0.269772380590439,-7.68660593032837,100.0,451.134918212891
arenacam6_1769616054866449328.png,1769616054866449328,1769616054.8664494,42.302524196349246,-83.6970152654391,243.3072052001953,0.9984032623311531,0.05616872475017948,-0.004907882415146915,0.003451494842585306,-0.031810000000000005,-0.028980000000000002,0.34527,-1.4715,5.580500000000001,-12.2219,7.822807506476881,17.499151023538396,19.029998779296875,16.969999313354492,22.329999923706055,19.809999465942383,15.45253446537781,13.779795905837517,18.132165820648613,16.08590221454029,15.862599601601056,0.09352176112635333,-408.8000183105469,0.0,0.0,184.0,0.0,1.0,0.0,snow/ice covered,0.269772380590439,-7.68660593032837,100.0,451.134918212891
arenacam6_1769616054907907355.png,1769616054907907355,1769616054.9079072,42.30252444583407,-83.69701339677403,243.31008911132812,0.9987518246184517,0.04963055464968308,-0.005513300029269723,0.0010974467027901717,0.14967000000000003,-0.05526000000000001,0.30206000000000005,-1.0489,-0.051300000000000005,-9.3931,7.780424273459697,17.404342274272935,18.84000015258789,16.719999313354492,22.119998931884766,19.739999771118164,15.298253828702775,13.576793600837517,17.961643079080584,16.029061816945838,15.71643808139168,0.09698178571081725,-409.5,0.0,0.0,184.0,0.0,1.0,0.0,snow/ice covered,0.269772380590439,-7.68660593032837,100.0,451.134918212891
arenacam6_1769616054929136126.png,1769616054929136126,1769616054.929136,42.3025248872155,-83.69700968617741,243.31492614746094,0.9989804324500046,0.044709896194324195,-0.006029813500108776,-0.001661960724128988,0.24149000000000004,-0.02202,0.30701000000000006,0.1067,2.2709,-9.5119,7.7303750198623415,17.292385096930868,18.739999771118164,16.600000381469727,21.779998779296875,19.850000381469727,15.21705259694584,13.479353361756935,17.685559820377808,16.118383326756934,15.62508727645938,0.0964180366748487,-409.5,0.0,0.0,184.0,0.0,1.0,0.0,snow/ice covered,0.269772380590439,-7.68660593032837,100.0,451.134918212891
arenacam6_1769616054949509004.png,1769616054949509004,1769616054.9495091,42.3025248872155,-83.69700968617741,243.31492614746094,0.9990426322662473,0.04320653606104213,-0.006274331194294583,-0.0027653072520037376,0.22448,-0.038560000000000004,0.29959,-0.8937,0.3398,-9.4365,7.721015282020832,17.27144792496368,18.639999389648438,16.65999984741211,21.760000228881836,19.850000381469727,15.135851365188906,13.528073481297227,17.66932081305416,16.118383326756934,15.612907246574308,0.09602788866312499,-409.3000183105469,0.0,0.0,176.0,0.0,1.0,0.0,snow/ice covered,0.269772380590439,-7.68660593032837,100.0,451.134918212891
arenacam6_1769616054970059841.png,1769616054970059841,1769616054.9700599,42.302525305085375,-83.6970059984138,243.31858825683594,0.9992356555183417,0.03814213479782774,-0.006620383856450525,-0.005427044452318668,0.15755000000000002,-0.010350000000000002,0.33769000000000005,-1.9346,0.2626,-7.791600000000001,7.6640033500586,17.143915653880086,18.510000228881836,16.53999900817871,21.649999618530273,19.84000015258789,15.030290848054163,13.43063169343197,17.579999303243067,16.110263048702777,15.537796223357994,0.09368451542507375,-408.8999938964844,0.0,0.0,168.0,0.0,1.0,0.0,snow/ice covered,0.269772380590439,-7.68660593032837,100.0,451.134918212891
arenacam6_1769616054990911504.png,1769616054990911504,1769616054.9909115,42.30252550511256,-83.69700416281299,243.31985473632812,0.9993486234959095,0.034863132412732645,-0.006818828457522018,-0.006355650530820922,0.07939000000000002,-0.008470000000000002,0.32177,-2.4479,1.0775000000000001,-8.666500000000001,7.617131225439063,17.039065523433656,18.459999084472656,16.510000228881836,21.510000228881836,19.75,14.989689457783356,13.406272408054162,17.46631850805416,16.037182095000002,15.474865617222921,0.0918008035158681,-408.3999938964844,0.0,0.0,172.0,0.0,1.0,0.0,snow/ice covered,0.269772380590439,-7.68660593032837,100.0,451.134918212891
arenacam6_1769616055011540858.png,1769616055011540858,1769616055.0115407,42.30252589362172,-83.69700051616506,243.32200622558594,0.9995024576455167,0.029983984008052134,-0.006849352778815805,-0.006991725830462472,0.014210000000000002,-0.0024200000000000003,0.3325700000000001,-1.2307000000000001,0.1958,-10.6453,7.574607996418388,16.94394361150815,18.420000076293945,16.579999923706055,21.389999389648438,19.6299991607666,14.957209894351388,13.463112805648613,17.368876720188904,15.939740307134743,15.432234931830912,0.08921823126527055,-407.70001220703125,0.0,0.0,172.0,0.0,1.0,0.0,snow/ice covered,0.269772380590439,-7.68660593032837,100.0,451.134918212891
arenacam6_1769616055032440656.png,1769616055032440656,1769616055.0324407,42.30252589362172,-83.69700051616506,243.32200622558594,0.9995511399756406,0.028343509947539425,-0.006876936119579123,-0.006846295849458089,-0.026760000000000006,-0.004070000000000001,0.32848000000000005,-1.989,1.345,-10.4181,7.5538185028466645,16.89743876175782,18.440000534057617,16.510000228881836,21.350000381469727,19.639999389648438,14.97345045045971,13.406272408054162,17.336397156756938,15.947860585188904,15.415995150114929,0.08767267232213227,-407.0,0.0,0.0,172.0,0.0,1.0,0.0,snow/ice covered,0.269772380590439,-7.68660593032837,100.0,451.134918212891
arenacam6_1769616055052624594.png,1769616055052624594,1769616055.0526247,42.30252625840969,-83.69699689337968,243.32403564453125,0.9996824704516347,0.023577548275915794,-0.006559921104382671,-0.00600207665043619,-0.06585,0.01682,0.30545,-1.0428,1.3154000000000001,-9.9969,7.498434687700138,16.77354849030395,18.420000076293945,16.56999969482422,21.18000030517578,19.649999618530273,14.957209894351388,13.454992527594452,17.19835552740555,15.955980863243067,15.391634703148615,0.08238649013082458,-406.20001220703125,0.0,0.0,172.0,0.0,1.0,0.0,snow/ice covered,0.269772380590439,-7.68660593032837,100.0,451.134918212891
arenacam6_1769616055073743952.png,1769616055073743952,1769616055.0737438,42.30252625840969,-83.69699689337968,243.32403564453125,0.9997203312776866,0.022065778963433758,-0.006560635771964105,-0.0054146733084214855,-0.11552000000000001,-0.0011,0.30324,-0.6243000000000001,0.45740000000000003,-11.9379,7.491511818231397,16.758062446674543,18.479999542236328,16.649999618530273,21.1299991607666,19.40999984741211,15.005930013891678,13.519953203243064,17.157754137134745,15.761098836297226,15.361184047641679,0.08335560292115154,-405.6000061035156,0.0,0.0,176.0,0.0,1.0,0.0,snow/ice covered,0.269772380590439,-7.68660593032837,100.0,451.134918212891
arenacam6_1769616055094113729.png,1769616055094113729,1769616055.0941138,42.30252642200788,-83.69699509780298,243.32603454589844,0.9998218903123122,0.017385112828245675,-0.006613049151430646,-0.0031957917931239098,-0.14303000000000005,-0.009210000000000001,0.3089100000000001,-1.1924000000000001,3.9131,-11.3476,7.445935240871582,16.656110377715276,18.5,16.520000457763672,21.06999969482422,19.219999313354492,15.02217057,13.414392686108322,17.109034017594453,15.606816650837517,15.288103481135073,0.08213243461753843,-405.1000061035156,0.0,0.0,176.0,0.0,1.0,0.0,snow/ice covered,0.269772380590439,-7.68660593032837,100.0,451.134918212891
arenacam6_1769616055115263115.png,1769616055115263115,1769616055.1152632,42.302526582970756,-83.69699330077657,243.32766723632812,0.9998480407915245,0.015920869767307888,-0.006645641219811193,-0.0025013364387562573,-0.13783000000000004,-0.0088,0.2937,-1.1303,3.5248000000000004,-10.8772,7.43372598079697,16.628798995483976,18.440000534057617,16.31999969482422,21.020000457763672,19.139999389648438,14.97345045045971,13.251990222594452,17.068434176108322,15.541855975188904,15.208932706087847,0.08538597945538547,-404.8999938964844,0.0,0.0,176.0,0.0,1.0,0.0,snow/ice covered,0.269772380590439,-7.68660593032837,100.0,451.134918212891
arenacam6_1769616055135632273.png,1769616055135632273,1769616055.1356323,42.302526734297636,-83.69699150330918,243.33099365234375,0.9999080295021681,0.01155568335933288,-0.007083388288248539,-0.0004736344037768566,-0.12828,-0.04082000000000001,0.29434000000000005,-1.4794,3.9196,-10.7848,7.416762569424441,16.590852862048312,18.260000228881836,16.19999885559082,20.93000030517578,18.979999542236328,14.827288543054163,13.154548434729195,16.995353222405548,15.411934623891678,15.097281206020146,0.0900238021786524,-404.8999938964844,0.0,0.0,176.0,0.0,1.0,0.0,snow/ice covered,0.269772380590439,-7.68660593032837,100.0,451.134918212891
arenacam6_1769616055156563250.png,1769616055156563250,1769616055.1565633,42.30252698329671,-83.69698793704576,243.3370361328125,0.9999350104296514,0.008719468062646951,-0.0073361007609608914,0.0003569585161697455,-0.05770000000000001,-0.024100000000000003,0.28103000000000006,-1.3478,4.5321,-9.0089,7.371841510380822,16.490367148231275,18.10999870300293,16.03999900817871,20.84000015258789,18.90999984741211,14.70548592102642,13.02462708343197,16.922272268702773,15.355094226297227,15.001869874864596,0.09026465329647512,-405.0,0.0,0.0,172.0,0.0,1.0,0.0,snow/ice covered,0.269772380590439,-7.68660593032837,100.0,451.134918212891
arenacam6_1769616055176899388.png,1769616055176899388,1769616055.1768994,42.30252698329671,-83.69698793704576,243.3370361328125,0.9999456150358286,0.007296331785158483,-0.0074383555642148075,0.00044875338384679943,-0.016980000000000002,-0.021450000000000004,0.28465000000000007,-1.2998,3.5808,-8.2378,7.358522723964338,16.460573822144788,17.94999885559082,15.979999542236328,20.829999923706055,18.81999969482422,14.575564569729195,12.975906963891678,16.914151990648616,15.282013272594453,14.936909199215986,0.09256449011996053,-405.3000183105469,0.0,0.0,172.0,0.0,1.0,0.0,snow/ice covered,0.269772380590439,-7.68660593032837,100.0,451.134918212891
arenacam6_1769616055197824973.png,1769616055197824973,1769616055.197825,42.30252709619477,-83.69698615638937,243.34030151367188,0.9999646951646646,0.003029478776396144,-0.007815675708314127,0.0005881290720565438,-0.011080000000000001,-0.018540000000000004,0.28806000000000004,-2.1004,3.2486,-9.8815,7.307142702697617,16.34563979737241,17.639999389648438,15.649999618530273,20.869998931884766,18.670000076293945,14.323842145188904,12.707943983243066,16.946631554080582,15.160212199351387,14.784657470465984,0.09549839261460766,-405.70001220703125,0.0,0.0,180.0,0.0,1.0,0.0,snow/ice covered,0.269772380590439,-7.68660593032837,100.0,451.134918212891
arenacam6_1769616055218387714.png,1769616055218387714,1769616055.2183876,42.30252717879204,-83.69698439497004,243.3424835205078,0.9999674322185166,0.0015508065455342446,-0.00790568479668063,0.00047921734120076154,0.024070000000000005,-0.018160000000000003,0.29542,-2.0107,5.4556000000000004,-10.019300000000001,7.286942103936716,16.300452269980198,17.489999771118164,15.449999809265137,20.719999313354492,18.649999618530273,14.202041071945839,12.545542294121534,16.824830480837516,15.143971643243065,14.67909637253699,0.09946692708822481,-406.20001220703125,0.0,0.0,180.0,0.0,1.0,0.0,snow/ice covered,0.269772380590439,-7.68660593032837,100.0,451.134918212891
arenacam6_1769616055238926992.png,1769616055238926992,1769616055.2389271,42.30252726104897,-83.69698263165726,243.3442840576172,0.9999644646297559,-0.002626452808783819,-0.00795701497095297,-0.0009258164618010676,0.09738000000000001,-0.0008000000000000001,0.27224000000000004,-2.2382,1.5496,-8.9342,7.234437988416549,16.183003713808517,17.369998931884766,15.40999984741211,20.75,18.719999313354492,14.104599284080582,12.513061956297227,16.849191315,15.200812040837517,14.666916149053831,0.09368394097698006,-406.8999938964844,0.0,0.0,180.0,0.0,1.0,0.0,snow/ice covered,0.269772380590439,-7.68660593032837,100.0,451.134918212891
arenacam6_1769616055259951748.png,1769616055259951748,1769616055.2599518,42.30252738008396,-83.6969791409393,243.34852600097656,0.9999529788048888,-0.005448154987437115,-0.007809548868835613,-0.0018354108334906476,0.09932000000000002,0.016430000000000004,0.28376,-2.1556,3.7522,-9.384400000000001,7.187382294271747,16.07774294934824,17.31999969482422,15.380000114440918,20.329999923706055,18.60999870300293,14.06399944259445,12.48870189652708,16.508147380648612,15.111490531026423,14.543084812699142,0.09545233690350245,-407.3000183105469,0.0,0.0,176.0,0.0,1.0,0.0,snow/ice covered,0.269772380590439,-7.68660593032837,100.0,451.134918212891
arenacam6_1769616055280324840.png,1769616055280324840,1769616055.280325,42.30252738008396,-83.6969791409393,243.34852600097656,0.9999320347021761,-0.008228110971523206,-0.007603165364571493,-0.003227389447466349,0.15301000000000003,0.017980000000000003,0.27473000000000003,-1.2862,3.9003,-9.956800000000001,7.160618281664046,16.017873458985573,17.270000457763672,15.389999389648438,20.459999084472656,18.809999465942383,14.023399601108322,12.496821400188903,16.613707897783357,15.273892994540292,14.601955473405217,0.08839612756374134,-407.6000061035156,0.0,0.0,164.0,0.0,1.0,0.0,snow/ice covered,0.269772380590439,-7.68660593032837,100.0,451.134918212891
arenacam6_1769616055301129377.png,1769616055301129377,1769616055.3011296,42.302527470327426,-83.6969756738134,243.3521270751953,0.9999025929199417,-0.010846689904767448,-0.00735384192645804,-0.004803644346538398,0.15519,0.022210000000000004,0.25974,-2.0071,1.2872000000000001,-8.4992,7.12881988357503,15.946742350364328,17.299999237060547,15.4399995803833,20.149999618530273,18.6299991607666,14.04775888648613,12.53742201606737,16.361985473243067,15.127731087134743,14.518724365732828,0.08954919777699143,-407.8000183105469,0.0,0.0,164.0,0.0,1.0,0.0,snow/ice covered,0.269772380590439,-7.68660593032837,100.0,451.134918212891
arenacam6_1769616055321721803.png,1769616055321721803,1769616055.3217218,42.30252749359776,-83.69697396175286,243.35281372070312,0.9998462713523897,-0.014867717061398722,-0.00672341328303867,-0.006417192994682958,0.09638000000000001,0.0546,0.26735000000000003,-1.4598,2.5500000000000003,-8.6117,7.072470364469805,15.820691857097085,17.260000228881836,15.449999809265137,20.149999618530273,18.600000381469727,14.01527932305416,12.545542294121534,16.361985473243067,15.103371801756936,14.506544723043923,0.08306508627583449,-408.0,0.0,0.0,164.0,0.0,1.0,0.0,snow/ice covered,0.269772380590439,-7.68660593032837,100.0,451.134918212891
arenacam6_1769616055343147699.png,1769616055343147699,1769616055.3431478,42.30252749359776,-83.69697396175286,243.35281372070312,0.9998233894659245,-0.016196799256324945,-0.006517808458610612,-0.006954979771155671,0.11003000000000002,0.041060000000000006,0.26486000000000004,-0.9904000000000001,3.2253000000000003,-8.3519,7.062872297865219,15.799221557986625,17.219999313354492,15.519999504089355,19.920000076293945,18.56999969482422,13.982798210837517,12.602382691715986,16.175223724351387,15.079010967594453,14.459853898624836,0.08477428172305926,-408.0,0.0,0.0,168.0,0.0,1.0,0.0,snow/ice covered,0.269772380590439,-7.68660593032837,100.0,451.134918212891
arenacam6_1769616055363152074.png,1769616055363152074,1769616055.363152,42.30252753649356,-83.69697054004895,243.35435485839844,0.9997731883447999,-0.01880566905532982,-0.006146993080153764,-0.007882458647365921,0.07826000000000001,0.031110000000000002,0.25854000000000005,-1.4959,0.2426,-9.208300000000001,7.040138111522361,15.748366547188832,17.18000030517578,15.339999198913574,19.920000076293945,18.60999870300293,13.950318647405549,12.456220784310437,16.175223724351387,15.111490531026423,14.423313421773447,0.0841390833420698,-408.0,0.0,0.0,168.0,0.0,1.0,0.0,snow/ice covered,0.269772380590439,-7.68660593032837,100.0,451.134918212891
arenacam6_1769616055383720526.png,1769616055383720526,1769616055.3837204,42.30252754089427,-83.6969688464119,243.3544921875,0.9996954125805133,-0.02266820353206972,-0.00545003806614758,-0.008095165173321704,-1e-05,0.034910000000000004,0.25287000000000004,-0.1393,2.2655000000000003,-10.5167,6.9939925375435354,15.645141666932638,16.959999084472656,15.25999927520752,19.85999870300293,18.440000534057617,13.771675627783356,12.391260108661823,16.12650205602642,14.97345045045971,14.315722060732828,0.08497331852287753,-408.0,0.0,0.0,168.0,0.0,1.0,0.0,snow/ice covered,0.269772380590439,-7.68660593032837,100.0,451.134918212891
arenacam6_1769616055404689529.png,1769616055404689529,1769616055.4046893,42.30252754089427,-83.6969688464119,243.3544921875,0.9996656803742083,-0.023964675383998713,-0.005372947700870504,-0.008084135619480943,-0.00042000000000000007,0.01743,0.25920000000000004,-1.1653,3.8719,-10.2413,6.982374349135834,15.619152476555914,16.979999542236328,15.239999771118164,19.60999870300293,18.350000381469727,13.78791618389168,12.375020326945839,15.923499751026421,14.900369496756936,14.246701439655219,0.08786975086905142,-408.1000061035156,0.0,0.0,176.0,0.0,1.0,0.0,snow/ice covered,0.269772380590439,-7.68660593032837,100.0,451.134918212891
arenacam6_1769616055425109961.png,1769616055425109961,1769616055.42511,42.302527542440345,-83.69696546587325,243.3556671142578,0.9996059956966818,-0.026401553044011594,-0.005090720779469331,-0.008055800770559085,-0.010380000000000002,0.02236,0.23808000000000004,-1.1501000000000001,0.7339,-10.3187,6.95859220641121,15.565953250209494,16.93000030517578,15.089999198913574,19.649999618530273,18.139999389648438,13.747316342405549,12.253218479310437,15.955980863243067,14.729846755188905,14.17159061003699,0.08957772246641807,-408.1000061035156,0.0,0.0,176.0,0.0,1.0,0.0,snow/ice covered,0.269772380590439,-7.68660593032837,100.0,451.134918212891
arenacam6_1769616055446126392.png,1769616055446126392,1769616055.4461262,42.302527531858935,-83.6969637952111,243.35707092285156,0.9995090652687378,-0.030109196013629325,-0.004990103775617594,-0.0070826284199758255,-0.07163000000000001,0.01572,0.24725000000000003,-1.0661,3.5677000000000003,-11.4421,6.9146311878099365,15.46761508925956,16.93000030517578,15.079999923706055,19.399999618530273,18.139999389648438,13.747316342405549,12.245098975648615,15.752978558243067,14.729846755188905,14.118810157871533,0.08720186813574214,-408.1000061035156,0.0,0.0,180.0,0.0,1.0,0.0,snow/ice covered,0.269772380590439,-7.68660593032837,100.0,451.134918212891
arenacam6_1769616055466730197.png,1769616055466730197,1769616055.4667304,42.302527531858935,-83.6969637952111,243.35707092285156,0.999473886750093,-0.031309859622763,-0.005001233652330366,-0.00682862043318129,-0.04957000000000001,0.0009100000000000001,0.24048000000000005,-0.5748,4.456,-10.4846,6.90907997399068,15.455197357018713,16.979999542236328,15.089999198913574,19.510000228881836,18.079999923706055,13.78791618389168,12.253218479310437,15.842300068054161,14.681126635648614,14.14114034172622,0.08502363217611945,-408.1000061035156,0.0,0.0,172.0,0.0,1.0,0.0,snow/ice covered,0.269772380590439,-7.68660593032837,100.0,451.134918212891
arenacam6_1769616055487214292.png,1769616055487214292,1769616055.4872143,42.30252749309322,-83.6969604517567,243.3604736328125,0.999362491775558,-0.034756873567255764,-0.005341425558158198,-0.006167572049376362,-0.06060000000000001,-0.01276,0.23380000000000004,-2.3226,0.9981000000000001,-10.2181,6.865450231370116,15.357600240561068,16.85999870300293,15.029999732971191,19.40999984741211,17.90999984741211,13.690474396026422,12.204498359770147,15.761098836297226,14.543085006297225,14.049789149597755,0.0851572557221045,-408.1000061035156,0.0,0.0,172.0,0.0,1.0,0.0,snow/ice covered,0.269772380590439,-7.68660593032837,100.0,451.134918212891
arenacam6_1769616055528822631.png,1769616055528822631,1769616055.5288224,42.30252745446671,-83.6969588023231,243.36256408691406,0.9992357355084369,-0.03830354443019063,-0.005573830257455305,-0.005451218511379631,-0.01157,-0.013450000000000002,0.23556000000000002,-1.0384,3.8701000000000003,-10.0906,6.8208000077284785,15.257720369288144,16.60999870300293,14.929999351501465,19.260000228881836,17.770000457763672,13.487472091026422,12.123297128013212,15.639297763054161,14.429404211108324,13.91986779830053,0.08768364726886343,-408.20001220703125,0.0,0.0,180.0,0.0,1.0,0.0,snow/ice covered,0.269772380590439,-7.68660593032837,100.0,451.134918212891
arenacam6_1769616055549313243.png,1769616055549313243,1769616055.5493133,42.302527301036434,-83.69695387942753,243.36940002441406,0.9990382004145375,-0.04314382054016136,-0.00596589222093752,-0.00506882547430538,-0.010490000000000001,-0.0005400000000000001,0.25418,-2.3128,3.7270000000000003,-9.3781,6.746651420439035,15.091854428436895,16.549999237060547,14.899999618530273,19.020000457763672,17.829999923706055,13.43875197148613,12.098937068243064,15.444415736108322,14.478124330648614,13.865057276621531,0.08128869501310358,-408.20001220703125,0.0,0.0,180.0,0.0,1.0,0.0,snow/ice covered,0.269772380590439,-7.68660593032837,100.0,451.134918212891
arenacam6_1769616055569868022.png,1769616055569868022,1769616055.569868,42.302527301036434,-83.69695387942753,243.36940002441406,0.9989850373470053,-0.04435012861201321,-0.005925554225039294,-0.005181607475138059,0.024290000000000003,0.008130000000000002,0.24126000000000003,-1.2793,3.5283,-9.0587,6.734500998994674,15.064674664691148,16.469999313354492,14.84999942779541,19.170000076293945,17.68000030517578,13.373791295837517,12.058336452364598,15.566216809351387,14.356323257405549,13.838666953739763,0.0813829530500864,-408.3999938964844,0.0,0.0,180.0,0.0,1.0,0.0,snow/ice covered,0.269772380590439,-7.68660593032837,100.0,451.134918212891
arenacam6_1769616055591167821.png,1769616055591167821,1769616055.5911677,42.302527244850346,-83.69695225212469,243.37158203125,0.9988743221887375,-0.046734180361635125,-0.0060127654071059,-0.005463653546425611,0.023410000000000004,-0.014690000000000002,0.24223000000000006,-1.8601,0.9133,-9.4178,6.709275457535373,15.008246641979179,16.420000076293945,14.789999961853027,19.059999465942383,17.600000381469727,13.333191454351388,12.009616332824306,15.476895299540292,14.291362581756935,13.777766417118231,0.0819869405276965,-408.6000061035156,0.0,0.0,180.0,0.0,1.0,0.0,snow/ice covered,0.269772380590439,-7.68660593032837,100.0,451.134918212891
arenacam6_1769616055611860646.png,1769616055611860646,1769616055.6118608,42.302527086653555,-83.69694903264664,243.37506103515625,0.9986888996752414,-0.050533948089640846,-0.005671911687592916,-0.005884825718506404,0.04256000000000001,0.03218,0.24678000000000005,-1.4215,2.323,-8.6389,6.647916520109401,14.870990380493526,16.34000015258789,14.739999771118164,18.93000030517578,17.56999969482422,13.268230778702774,11.96901571694584,15.37133478240555,14.267001747594453,13.718895756412152,0.07747262250889429,-408.70001220703125,0.0,0.0,168.0,0.0,1.0,0.0,snow/ice covered,0.269772380590439,-7.68660593032837,100.0,451.134918212891
arenacam6_1769616055632300718.png,1769616055632300718,1769616055.6323009,42.302527086653555,-83.69694903264664,243.37506103515625,0.9986248644518811,-0.0517738438060385,-0.005553543369415045,-0.006083366835398294,0.04240000000000001,0.02289,0.24790000000000004,-1.1866,1.9204,-8.824300000000001,6.636643083744553,14.84577237975154,16.28999900817871,14.630000114440918,18.899999618530273,17.3799991607666,13.22762938843197,11.879694981527082,15.346973948243065,14.112719562134744,13.641754470084216,0.08110173582544686,-408.8999938964844,0.0,0.0,168.0,0.0,1.0,0.0,snow/ice covered,0.269772380590439,-7.68660593032837,100.0,451.134918212891
arenacam6_1769616055652759629.png,1769616055652759629,1769616055.6527596,42.302526906792075,-83.69694584178012,243.37844848632812,0.9984178703518489,-0.0555867998716324,-0.005228745565752804,-0.006672635305369771,0.042170000000000006,0.021590000000000005,0.25244000000000005,-1.7457,2.3625000000000003,-10.7348,6.589042293824586,14.73929226874797,16.279998779296875,14.649999618530273,18.719999313354492,17.44999885559082,13.219509110377807,11.895934763243066,15.200812040837517,14.169559959729195,13.621453968546895,0.07584070386956444,-408.8999938964844,0.0,0.0,164.0,0.0,1.0,0.0,snow/ice covered,0.269772380590439,-7.68660593032837,100.0,451.134918212891
arenacam6_1769616055673824380.png,1769616055673824380,1769616055.6738243,42.302526906792075,-83.69694584178012,243.37844848632812,0.9983460733089273,-0.05684672872511615,-0.005089857718444152,-0.006903672233316608,0.049170000000000005,0.026640000000000004,0.25193000000000004,-1.7994,2.5819,-10.304300000000001,6.5716922648580525,14.700481294951572,16.18000030517578,14.50999927520752,18.719999313354492,17.260000228881836,13.138309427405549,11.782253193661825,15.200812040837517,14.01527932305416,13.534163496239763,0.07933874920900344,-408.8999938964844,0.0,0.0,168.0,0.0,1.0,0.0,snow/ice covered,0.269772380590439,-7.68660593032837,100.0,451.134918212891
arenacam6_1769616055694491824.png,1769616055694491824,1769616055.6944919,42.30252681312498,-83.69694426901185,243.37985229492188,0.9982003873881752,-0.05932501074384289,-0.004847088250024777,-0.00728254446168393,0.033440000000000004,0.011200000000000002,0.24549000000000004,-1.0759,1.0888,-9.2316,6.535449669455615,14.619408783592045,16.09000015258789,14.559999465942383,18.56999969482422,17.059999465942383,13.065228473702776,11.822853809540293,15.079010967594453,13.852876859540292,13.454992527594452,0.07964865564908916,-408.8999938964844,0.0,0.0,168.0,0.0,1.0,0.0,snow/ice covered,0.269772380590439,-7.68660593032837,100.0,451.134918212891
arenacam6_1769616055715301287.png,1769616055715301287,1769616055.7153013,42.3025265981377,-83.69694112840014,243.38304138183594,0.9979659702733445,-0.06310731728311891,-0.00450845080869667,-0.007814253196264994,0.054020000000000006,0.021460000000000003,0.24320000000000003,-1.2716,2.7756000000000003,-9.797,6.5068413452125355,14.55541367875973,16.03999900817871,14.670000076293945,18.35999870300293,16.889999389648438,13.02462708343197,11.912175319351388,14.90848822602642,13.714835230188905,13.39003146474967,0.08006520733317714,-408.8999938964844,0.0,0.0,168.0,0.0,1.0,0.0,snow/ice covered,0.269772380590439,-7.68660593032837,100.0,451.134918212891
arenacam6_1769616055735862662.png,1769616055735862662,1769616055.7358627,42.3025265981377,-83.69694112840014,243.38304138183594,0.9978873808127167,-0.06431022032297434,-0.00444861144702795,-0.008073452355717404,0.053680000000000005,0.01048,0.24066,-1.2933000000000001,1.0713000000000001,-10.1079,6.494494936139224,14.527795502447278,16.0,14.679999351501465,18.229999542236328,16.829999923706055,12.99214752,11.92029482301321,14.802927708891678,13.666115110648613,13.345371290638376,0.08139047742031591,-408.8000183105469,0.0,0.0,168.0,0.0,1.0,0.0,snow/ice covered,0.269772380590439,-7.68660593032837,100.0,451.134918212891
arenacam6_1769616055756203798.png,1769616055756203798,1769616055.756204,42.30252648499433,-83.69693957979153,243.3843994140625,0.9976359410965998,-0.06808786482741092,-0.004134158677024059,-0.008335492041813766,0.016720000000000002,0.024540000000000003,0.25306000000000006,-1.1735,2.5221,-9.8316,6.449884627097359,14.428004917739168,15.979999542236328,14.729999542236328,18.19999885559082,16.60999870300293,12.975906963891678,11.96089543889168,14.778566874729195,13.487472091026422,13.300710342134742,0.07813239474422565,-408.70001220703125,0.0,0.0,168.0,0.0,1.0,0.0,snow/ice covered,0.269772380590439,-7.68660593032837,100.0,451.134918212891
arenacam6_1769616055777465798.png,1769616055777465798,1769616055.7774658,42.302526233291964,-83.69693648070576,243.3876190185547,0.9974622547684628,-0.07055927166343884,-0.004005506599327655,-0.00862527746926662,0.03329000000000001,0.014240000000000001,0.24544000000000005,-1.0285,1.1042,-10.1083,6.427502330621387,14.377937063460205,15.899999618530273,14.589999198913574,18.190000534057617,16.479999542236328,12.910946288243066,11.847213869310437,14.77044814545971,13.381911573891678,13.227629969226223,0.08000501665550819,-408.6000061035156,0.0,0.0,168.0,0.0,1.0,0.0,snow/ice covered,0.269772380590439,-7.68660593032837,100.0,451.134918212891
arenacam6_1769616055797552860.png,1769616055797552860,1769616055.7975528,42.302526233291964,-83.69693648070576,243.3876190185547,0.9973730855136118,-0.07180279099527315,-0.003997325727971759,-0.008678069219079555,0.011830000000000002,0.0029900000000000005,0.24917000000000003,-1.3189,0.1356,-10.5866,6.414852223139971,14.349639532030729,15.949999809265137,14.59999942779541,18.170000076293945,16.399999618530273,12.951546904121534,11.855334147364598,14.754207589351388,13.316950898243064,13.219509884770146,0.07875665759672569,-408.3999938964844,0.0,0.0,172.0,0.0,1.0,0.0,snow/ice covered,0.269772380590439,-7.68660593032837,100.0,451.134918212891
arenacam6_1769616055839128617.png,1769616055839128617,1769616055.8391285,42.3025259716061,-83.69693342399404,243.39163208007812,0.9969815897837713,-0.07702496761912203,-0.00404051718686892,-0.008862178984870028,0.019180000000000003,-0.01025,0.25618,-0.9148000000000001,0.9243,-10.9063,6.3619318143751675,14.231259752848388,16.059999465942383,14.399999618530273,18.079999923706055,16.03999900817871,13.040867639540291,11.692932458243066,14.681126635648614,13.02462708343197,13.109888454215984,0.07879634818751456,-408.1000061035156,0.0,0.0,164.0,0.0,1.0,0.0,snow/ice covered,0.269772380590439,-7.68660593032837,100.0,451.134918212891
arenacam6_1769616055859850912.png,1769616055859850912,1769616055.8598511,42.30252567945656,-83.69693039086674,243.39781188964844,0.9965365997470088,-0.08251474948220183,-0.0045364423977528965,-0.009248901174265058,0.021430000000000005,-0.028220000000000002,0.28085000000000004,-1.5221,1.3860000000000001,-10.2614,6.301390645728778,14.095832791056532,16.19999885559082,14.469999313354492,17.93000030517578,15.920000076293945,13.154548434729195,11.749772855837517,14.559325562405549,12.927186844351388,13.097708424330913,0.07080988981076063,-408.0,0.0,0.0,160.0,0.0,1.0,0.0,snow/ice covered,0.269772380590439,-7.68660593032837,100.0,451.134918212891
arenacam6_1769616055880462439.png,1769616055880462439,1769616055.8804624,42.30252553524465,-83.69692888601462,243.40089416503906,0.9964163371773185,-0.0839306377268858,-0.004661987129170443,-0.009401964310838255,0.029930000000000005,-0.025120000000000003,0.28420000000000006,-1.9102000000000001,1.4523000000000001,-9.7475,6.282749589253743,14.054133866185268,16.229999542236328,14.329999923706055,17.93000030517578,15.799999237060547,13.178909268891678,11.636092060648613,14.559325562405549,12.82974505648613,13.051017987107993,0.07137514759915628,-408.0,0.0,0.0,164.0,0.0,1.0,0.0,snow/ice covered,0.269772380590439,-7.68660593032837,100.0,451.134918212891
arenacam6_1769616055900974782.png,1769616055900974782,1769616055.9009748,42.302525376505535,-83.6969273819851,243.40432739257812,0.9960314481008126,-0.08832351665943494,-0.005002557297496808,-0.00976141483568309,0.017740000000000002,-0.020700000000000003,0.30099000000000004,-1.5983,0.9335,-9.3009,6.240584727998238,13.95981360144838,16.260000228881836,14.359999656677246,17.84000015258789,15.670000076293945,13.203270103054162,11.66045212041876,14.486244608702776,12.724184539351388,13.01853784288177,0.06742753058457378,-408.0,0.0,0.0,156.0,0.0,1.0,0.0,snow/ice covered,0.269772380590439,-7.68660593032837,100.0,451.134918212891
arenacam6_1769616055924059782.png,1769616055924059782,1769616055.9240599,42.302525376505535,-83.6969273819851,243.40432739257812,0.9958903338079177,-0.0898846454576206,-0.005100757871281627,-0.009857779062783732,0.021150000000000002,-0.018600000000000002,0.31010000000000004,-1.6456000000000002,1.5194,-9.227,6.223984366296804,13.922679588343975,16.279998779296875,14.170000076293945,17.760000228881836,15.539999961853027,13.219509110377807,11.506170709351387,14.421283933054161,12.618623247824306,12.941396750151917,0.0704808892545071,-408.0,0.0,0.0,156.0,0.0,1.0,0.0,snow/ice covered,0.269772380590439,-7.68660593032837,100.0,451.134918212891
arenacam6_1769616055942817870.png,1769616055942817870,1769616055.9428177,42.30252506660389,-83.696924416754,243.40972900390625,0.9956015772678801,-0.09298697246103449,-0.005213679873225188,-0.010185275470987154,0.033190000000000004,-0.009520000000000002,0.31189000000000006,-1.3792,0.2999,-9.1898,6.193290079486956,13.854018310407552,16.31999969482422,14.1899995803833,17.670000076293945,15.469999313354492,13.251990222594452,11.522410491067372,14.348202979351388,12.561782075837517,12.921096442212683,0.06733944241246097,-408.0,0.0,0.0,152.0,0.0,1.0,0.0,snow/ice covered,0.269772380590439,-7.68660593032837,100.0,451.134918212891
arenacam6_1769616055963187344.png,1769616055963187344,1769616055.9631875,42.30252490000118,-83.696922937019,243.4124755859375,0.9951224237467573,-0.09797134729361445,-0.005344819478364104,-0.010218109932695271,-0.0037600000000000008,-0.00062,0.34370000000000006,-1.6091,0.9174,-9.0061,6.142552088460176,13.740520468760108,16.279998779296875,14.109999656677246,17.60999870300293,15.40999984741211,13.219509110377807,11.457449815418759,14.29948131102642,12.513061956297227,12.872375548280054,0.0631813709279669,-408.0,0.0,0.0,152.0,0.0,1.0,0.0,snow/ice covered,0.269772380590439,-7.68660593032837,100.0,451.134918212891
arenacam6_1769616055984355495.png,1769616055984355495,1769616055.9843557,42.30252490000118,-83.696922937019,243.4124755859375,0.9949505783201381,-0.09970510234391172,-0.005352040382318611,-0.010178159497615651,-0.005220000000000001,0.00198,0.34691000000000005,-1.354,0.9571000000000001,-8.9031,6.128779271283679,13.709711503105314,16.279998779296875,13.880000114440918,17.59000015258789,15.299999237060547,13.219509110377807,11.27068806652708,14.283242303702774,12.42374044648613,12.799294981773448,0.0664066870499538,-408.0,0.0,0.0,144.0,0.0,1.0,0.0,snow/ice covered,0.269772380590439,-7.68660593032837,100.0,451.134918212891
arenacam6_1769616056004496362.png,1769616056004496362,1769616056.0044963,42.30252457666843,-83.69692001863021,243.41598510742188,0.9944043284796891,-0.1050564459531027,-0.005364648690847072,-0.009715719684366643,-0.043840000000000004,0.01093,0.3663200000000001,-1.5106000000000002,0.5965,-9.1545,6.083389460831949,13.60817722051342,16.209999084472656,13.84999942779541,17.479999542236328,15.229999542236328,13.162668712783356,11.246327232364598,14.193920793891678,12.36690004889168,12.742454196982827,0.06361785340549311,-408.0,0.0,0.0,144.0,0.0,1.0,0.0,snow/ice covered,0.269772380590439,-7.68660593032837,100.0,451.134918212891
arenacam6_1769616056025878638.png,1769616056025878638,1769616056.0258784,42.30252440491804,-83.69691856055131,243.41798400878906,0.9940111294853553,-0.10875934452241626,-0.00538996238834666,-0.009177567420357156,-0.04998000000000001,0.00474,0.37505000000000005,-1.3833,1.5002,-9.326600000000001,6.0580118656627455,13.551409062775623,16.19999885559082,13.569999694824219,17.34000015258789,15.09999942779541,13.154548434729195,11.018964867594454,14.080239998702774,12.261338757364596,12.628773014597755,0.06808414120655966,-408.0,0.0,0.0,136.0,0.0,1.0,0.0,snow/ice covered,0.269772380590439,-7.68660593032837,100.0,451.134918212891
arenacam6_1769616056045875116.png,1769616056045875116,1769616056.0458753,42.302524233844416,-83.69691712184523,243.4192657470703,0.99380562295207,-0.11064275993642658,-0.005398226624829142,-0.008911936478974022,-0.04997000000000001,0.006740000000000001,0.37769,-1.3668,1.3488,-9.5927,6.043715774388827,13.519429564361342,16.06999969482422,13.75,17.469999313354492,14.949999809265137,13.048987917594452,11.165126775000001,14.185800515837517,12.139537684121532,12.634863223138375,0.06542926511890552,-408.0,0.0,0.0,136.0,0.0,1.0,0.0,snow/ice covered,0.269772380590439,-7.68660593032837,100.0,451.134918212891
arenacam6_1769616056066833597.png,1769616056066833597,1769616056.0668337,42.3025240611515,-83.69691568463507,243.4204864501953,0.9931498132577319,-0.11644096185041153,-0.005446276298598254,-0.008080154946667554,-0.04922000000000001,0.006830000000000001,0.3981900000000001,-1.2736,2.1592000000000002,-9.720600000000001,6.001001324094483,13.423879901919914,15.829999923706055,13.729999542236328,17.28999900817871,14.889999389648438,12.854105890648613,11.148886218891679,14.03963860843197,12.090816790188905,12.533361877040292,0.06633834862842136,-408.0,0.0,0.0,140.0,0.0,1.0,0.0,snow/ice covered,0.269772380590439,-7.68660593032837,100.0,451.134918212891
arenacam6_1769616056087301007.png,1769616056087301007,1769616056.087301,42.3025240611515,-83.69691568463507,243.4204864501953,0.9929177780330378,-0.11841416650164466,-0.005461541723849648,-0.007908400575000082,-0.03198,0.0037800000000000004,0.39755000000000007,-1.1386,2.6768,-9.552800000000001,5.989207261058636,13.397497290552508,15.819999694824219,13.799999237060547,17.190000534057617,14.729999542236328,12.845985612594452,11.20572661648613,13.95843892545971,11.96089543889168,12.492761648357995,0.06753019781034061,-408.0,0.0,0.0,140.0,0.0,1.0,0.0,snow/ice covered,0.269772380590439,-7.68660593032837,100.0,451.134918212891
arenacam6_1769616056107970342.png,1769616056107970342,1769616056.1079702,42.302523682643326,-83.69691283541046,243.4231719970703,0.9921904961765599,-0.12436253779897127,-0.005517336483208127,-0.007844583305851104,0.006730000000000001,0.0004300000000000001,0.40531000000000006,-1.5881,1.8638000000000001,-9.723,5.948243656286508,13.305864164493544,15.719999313354492,13.59999942779541,17.149999618530273,14.630000114440918,12.764784380837519,11.043324927364598,13.925957813243066,11.879694981527082,12.403440525743065,0.06782149791958496,-408.0,0.0,0.0,140.0,0.0,1.0,0.0,snow/ice covered,0.269772380590439,-7.68660593032837,100.0,451.134918212891
arenacam6_1769616056129358431.png,1769616056129358431,1769616056.1293583,42.30252348855004,-83.69691142187047,243.42433166503906,0.9916670534561185,-0.12846069683606898,-0.005544883660491405,-0.007972372497765124,0.018660000000000003,-0.00429,0.41413000000000005,-1.2984,2.4227000000000003,-9.9822,5.920014454929128,13.242717134809165,15.559999465942383,13.489999771118164,17.059999465942383,14.609999656677246,12.634863029540291,10.954004191945838,13.852876859540292,11.863454425418759,12.326299626611295,0.06920162221006894,-408.0,0.0,0.0,140.0,0.0,1.0,0.0,snow/ice covered,0.269772380590439,-7.68660593032837,100.0,451.134918212891
arenacam6_1769616056149557397.png,1769616056149557397,1769616056.1495576,42.302523067613,-83.69690862198412,243.42710876464844,0.9908356669478797,-0.13467825969222058,-0.005626660913797031,-0.008648014638406976,0.054290000000000005,-0.01729,0.42127000000000003,-1.2098,1.8547,-10.044400000000001,5.885518661430492,13.165552114500326,15.559999465942383,13.460000038146973,16.959999084472656,14.389999389648438,12.634863029540291,10.929644132175694,13.771675627783356,11.684812180188905,12.255248742422063,0.06914281787511736,-408.0,0.0,0.0,140.0,0.0,1.0,0.0,snow/ice covered,0.269772380590439,-7.68660593032837,100.0,451.134918212891
arenacam6_1769616056170255819.png,1769616056170255819,1769616056.170256,42.302523067613,-83.69690862198412,243.42710876464844,0.9905470834541228,-0.13676394807715375,-0.005691601004036042,-0.008927689784671662,0.05657000000000001,-0.017090000000000004,0.4208200000000001,-1.5637,1.8653000000000002,-10.318100000000001,5.8695066891132415,13.129734293144976,15.429999351501465,13.289999961853027,16.94999885559082,14.309999465942383,12.529301738013212,10.791602502824306,13.763555349729195,11.619851504540291,12.17607777377675,0.07263334490067547,-408.0,0.0,0.0,140.0,0.0,1.0,0.0,snow/ice covered,0.269772380590439,-7.68660593032837,100.0,451.134918212891
arenacam6_1769616056190674482.png,1769616056190674482,1769616056.1906745,42.302523067613,-83.69690862198412,243.42710876464844,0.9896370152241272,-0.14313436737123536,-0.005925038847201487,-0.009799229060309646,0.06641000000000001,-0.021,0.42939000000000005,-1.5474,2.7157,-9.7261,5.824802819659922,13.029734419410067,15.420000076293945,13.039999961853027,16.869998931884766,14.210000038146973,12.521182234351388,10.588600197824306,13.698594674080582,11.538651047175694,12.086757038357991,0.07237118967270326,-408.0,0.0,0.0,144.0,0.0,1.0,0.0,snow/ice covered,0.269772380590439,-7.68660593032837,100.0,451.134918212891
arenacam6_1769616056232325590.png,1769616056232325590,1769616056.2323256,42.30252239257298,-83.69690448174062,243.4322052001953,0.9886819698891494,-0.14950672061420278,-0.006201531496664536,-0.01082792290301997,0.06156000000000001,-0.028890000000000002,0.4332000000000001,-1.4956,1.3592,-10.351700000000001,5.7811295472723705,12.932039929475458,15.149999618530273,12.9399995803833,16.56999969482422,14.25999927520752,12.301939373243066,10.507398966067372,13.454992527594452,11.579250888661823,11.960895438891678,0.07509600154963111,-408.0,0.0,0.0,136.0,0.0,1.0,0.0,snow/ice covered,0.269772380590439,-7.68660593032837,100.0,451.134918212891
arenacam6_1769616056253098938.png,1769616056253098938,1769616056.253099,42.30252191425938,-83.69690176480454,243.43606567382812,0.9876729256235905,-0.15596410598309007,-0.006469670843058821,-0.011641863863441263,0.05136,-0.023780000000000003,0.4323,-1.4205,1.6944000000000001,-9.897,5.727516643394174,12.812111080274164,15.149999618530273,12.889999389648438,16.43000030517578,14.170000076293945,12.301939373243066,10.466798350188904,13.341311732405547,11.506170709351387,11.904055041297225,0.07087481784130051,-408.0,0.0,0.0,132.0,0.0,1.0,0.0,snow/ice covered,0.269772380590439,-7.68660593032837,100.0,451.134918212891
arenacam6_1769616056273910144.png,1769616056273910144,1769616056.2739103,42.30252191425938,-83.69690176480454,243.43606567382812,0.9873274675892897,-0.15811510390366695,-0.0065665368477176205,-0.011872921084563285,0.04623000000000001,-0.02185,0.43556000000000006,-1.7251,1.6671,-9.7666,5.709916332950776,12.77274024183091,15.069999694824219,12.819999694824219,16.369998931884766,14.130000114440918,12.236978697594452,10.409957952594452,13.292590064080583,11.47369037152708,11.853304271449144,0.07198423775742341,-408.0,0.0,0.0,132.0,0.0,1.0,0.0,snow/ice covered,0.269772380590439,-7.68660593032837,100.0,451.134918212891
arenacam6_1769616056294303152.png,1769616056294303152,1769616056.2943032,42.30252166852448,-83.69690042983183,243.43801879882812,0.9862519445232389,-0.16465294945556108,-0.00679124554125031,-0.01226324360489127,0.01566,-0.009140000000000002,0.44242000000000004,-1.83,1.6569,-9.9275,5.6536932485249025,12.646972575355296,15.059999465942383,12.739999771118164,16.279998779296875,13.829999923706055,12.228858419540291,10.34499727694584,13.219509110377807,11.230087450648613,11.755863064378136,0.07046030231089713,-408.0,0.0,0.0,136.0,0.0,1.0,0.0,snow/ice covered,0.269772380590439,-7.68660593032837,100.0,451.134918212891
arenacam6_1769616056315297243.png,1769616056315297243,1769616056.3152974,42.30252142032877,-83.69689909615816,243.43997192382812,0.985885296682754,-0.16682947243506974,-0.006826973511894364,-0.012308588240017987,0.0119,-0.004070000000000001,0.44113,-1.5143,1.9440000000000002,-9.7857,5.637869458132406,12.611575705674705,14.929999351501465,12.75,16.19999885559082,13.829999923706055,12.123297128013212,10.353117554999999,13.154548434729195,11.230087450648613,11.715262642097754,0.07107066432417687,-408.0,0.0,0.0,140.0,0.0,1.0,0.0,snow/ice covered,0.269772380590439,-7.68660593032837,100.0,451.134918212891
arenacam6_1769616056335701333.png,1769616056335701333,1769616056.3357012,42.30252116247602,-83.69689777091159,243.442138671875,0.9847571876474249,-0.1733522568562036,-0.0070457120063382945,-0.012354527992562606,0.0021000000000000003,-0.00808,0.4403200000000001,-1.7301000000000002,2.0779,-9.8774,5.589819356469265,12.504090511260358,14.880000114440918,12.649999618530273,16.170000076293945,13.84999942779541,12.082697286527083,10.271916323243065,13.130189149351388,11.246327232364598,11.682782497871534,0.06568314685895857,-408.0,0.0,0.0,140.0,0.0,1.0,0.0,snow/ice covered,0.269772380590439,-7.68660593032837,100.0,451.134918212891
arenacam6_1769616056356914175.png,1769616056356914175,1769616056.3569143,42.302520635277425,-83.69689516097455,243.44630432128906,0.9839919065053182,-0.17764340227956155,-0.007203366838172109,-0.012282551231968093,-0.007220000000000001,-0.009550000000000001,0.43531000000000003,-1.4142000000000001,2.0526,-10.0876,5.559315048506725,12.435854204606633,14.65999984741211,12.59000015258789,16.170000076293945,13.789999961853027,11.904055041297227,10.223196203702775,13.130189149351388,11.197607112824306,11.613761876793925,0.06610662317898348,-408.1000061035156,0.0,0.0,132.0,0.0,1.0,0.0,snow/ice covered,0.269772380590439,-7.68660593032837,100.0,451.134918212891
arenacam6_1769616056377179190.png,1769616056377179190,1769616056.3771791,42.302520635277425,-83.69689516097455,243.44630432128906,0.9835981383715102,-0.1798109691812697,-0.0072956232933897025,-0.012226669004799729,-0.009950000000000002,-0.011740000000000002,0.4405900000000001,-1.2757,2.3652,-10.288400000000001,5.545916079378109,12.405881514604067,14.549999237060547,12.429999351501465,15.989999771118164,13.649999618530273,11.81473353148613,10.09327407801321,12.98402724194584,11.083925543243065,11.493990098672061,0.07350476585307843,-408.20001220703125,0.0,0.0,132.0,0.0,1.0,0.0,snow/ice covered,0.269772380590439,-7.68660593032837,100.0,451.134918212891
arenacam6_1769616056418480565.png,1769616056418480565,1769616056.4184806,42.30252007542123,-83.69689259073971,243.4507598876953,0.9819950826400667,-0.18834576154702343,-0.007668859876293879,-0.012358008180842603,0.011450000000000002,-0.009290000000000001,0.43554000000000004,-1.5783,2.0153000000000003,-9.3671,5.485236421370046,12.27014476041951,14.4399995803833,12.359999656677246,15.829999923706055,13.569999694824219,11.725412796067372,10.03643368041876,12.854105890648613,11.018964867594454,11.4087293086823,0.07020418002857849,-408.3999938964844,0.0,0.0,124.0,0.0,1.0,0.0,snow/ice covered,0.269772380590439,-7.68660593032837,100.0,451.134918212891
arenacam6_1769616056439294987.png,1769616056439294987,1769616056.439295,42.30251979030156,-83.69689131433961,243.45303344726562,0.980754705598373,-0.194677534908487,-0.007899711333274825,-0.01258806615230233,0.026850000000000002,-0.007630000000000001,0.42698,-1.5796000000000001,2.939,-9.3018,5.438095060648457,12.164692364966958,14.389999389648438,12.309999465942383,15.809999465942383,13.609999656677246,11.684812180188905,9.99583306454029,12.837865334540291,11.051445205418759,11.392488946172062,0.06347907498415346,-408.6000061035156,0.0,0.0,120.0,0.0,1.0,0.0,snow/ice covered,0.269772380590439,-7.68660593032837,100.0,451.134918212891
arenacam6_1769616056459857800.png,1769616056459857800,1769616056.459858,42.30251918988291,-83.69688880312026,243.45677185058594,0.979907533178404,-0.19887451261074507,-0.007981883714514039,-0.012901324987061771,0.03355,-0.014750000000000001,0.4276000000000001,-1.2256,1.9209,-9.3346,5.413505093569605,12.109686084009594,14.309999465942383,12.219999313354492,15.779999732971191,13.50999927520752,11.619851504540291,9.922752110837518,12.813505274770145,10.970243973661823,11.331588215952443,0.06425417328402928,-408.8000183105469,0.0,0.0,116.0,0.0,1.0,0.0,snow/ice covered,0.269772380590439,-7.68660593032837,100.0,451.134918212891
arenacam6_1769616056480498791.png,1769616056480498791,1769616056.4804988,42.30251888461633,-83.696887559529,243.45840454101562,0.9786194271016948,-0.2050994728550356,-0.008094415015314065,-0.013141673382665696,0.014620000000000001,0.0014200000000000003,0.4231100000000001,-1.731,2.346,-9.1294,5.362029258216312,11.994537728874398,14.25999927520752,12.179999351501465,15.670000076293945,13.34999942779541,11.579250888661823,9.890271773013211,12.724184539351388,10.840322622364598,11.258507455847756,0.06136378822293419,-409.0,0.0,0.0,116.0,0.0,1.0,0.0,snow/ice covered,0.269772380590439,-7.68660593032837,100.0,451.134918212891
arenacam6_1769616056501621427.png,1769616056501621427,1769616056.5016215,42.30251888461633,-83.696887559529,243.45840454101562,0.9781822535546855,-0.20717082047470142,-0.008072054101702614,-0.013212566635397093,0.019260000000000003,0.006210000000000001,0.42314000000000007,-1.2649000000000001,2.3728000000000002,-8.9849,5.34945859527203,11.966417910107817,14.139999389648438,12.130000114440918,15.609999656677246,13.309999465942383,11.481809875188905,9.84967193152708,12.675463645418759,10.80784228454029,11.20369693416876,0.06373845386887256,-409.3000183105469,0.0,0.0,116.0,0.0,1.0,0.0,snow/ice covered,0.269772380590439,-7.68660593032837,100.0,451.134918212891
arenacam6_1769616056521846434.png,1769616056521846434,1769616056.5218465,42.302518248818174,-83.69688510924323,243.460693359375,0.9773030917880666,-0.21127008478221604,-0.008130936239858735,-0.01332313527156813,0.009000000000000001,-0.005360000000000001,0.4180900000000001,-1.481,1.6552,-9.1173,5.326032276712256,11.914014641068716,14.049999237060547,11.789999961853027,15.519999504089355,13.239999771118164,11.40872892148613,9.573588672824306,12.602382691715986,10.751001886945838,11.083925543243065,0.06967333202397255,-409.6000061035156,0.0,0.0,120.0,0.0,1.0,0.0,snow/ice covered,0.269772380590439,-7.68660593032837,100.0,451.134918212891
arenacam6_1769616056542874951.png,1769616056542874951,1769616056.5428748,42.3025179261597,-83.69688389429696,243.46145629882812,0.9759526602396102,-0.21742875330556927,-0.008004374562837691,-0.013306847675970263,0.0063300000000000006,0.019450000000000002,0.41650000000000004,-0.8389000000000001,1.9186,-8.850200000000001,5.281403295652203,11.81418228817624,14.09000015258789,11.979999542236328,15.389999389648438,13.149999618530273,11.441210033702776,9.727870083891679,12.496821400188903,10.677920933243065,11.085955612756605,0.061640040559426026,-409.8999938964844,0.0,0.0,120.0,0.0,1.0,0.0,snow/ice covered,0.269772380590439,-7.68660593032837,100.0,451.134918212891
arenacam6_1769616056563660888.png,1769616056563660888,1769616056.5636609,42.302517593655345,-83.69688269182204,243.46182250976562,0.9755024748191745,-0.219440569643915,-0.00798303932811922,-0.013305228262056828,0.0050100000000000006,0.00884,0.41218000000000005,-1.0645,2.0604,-8.8659,5.270913399054268,11.790717018880455,14.019999504089355,11.899999618530273,15.339999198913574,13.09999942779541,11.384368861715986,9.662909408243065,12.456220784310437,10.637320317364598,11.035204842908522,0.06407686443175026,-410.20001220703125,0.0,0.0,120.0,0.0,1.0,0.0,snow/ice covered,0.269772380590439,-7.68660593032837,100.0,451.134918212891
arenacam6_1769616056583925202.png,1769616056583925202,1769616056.5839252,42.30251725534731,-83.69688150609211,243.46176147460938,0.9741220896825609,-0.22550308981437095,-0.007870575203744012,-0.013136396865762024,-0.0073500000000000015,0.019710000000000002,0.41319000000000006,-1.8272000000000002,2.5476,-8.9854,5.226301836434432,11.69092362999364,13.819999694824219,11.880000114440918,15.089999198913574,12.969999313354492,11.221967172594454,9.64666962652708,12.253218479310437,10.531759025837516,10.91340357606737,0.06650629826470707,-410.3999938964844,0.0,0.0,124.0,0.0,1.0,0.0,snow/ice covered,0.269772380590439,-7.68660593032837,100.0,451.134918212891
arenacam6_1769616056605125195.png,1769616056605125195,1769616056.6051252,42.30251725534731,-83.69688150609211,243.46176147460938,0.9736644445330924,-0.22748001734654205,-0.007777411711468545,-0.013034685540957082,-0.011260000000000001,0.027130000000000005,0.40568000000000004,-1.1224,2.1157,-9.0226,5.215332285918582,11.666385403662714,13.779999732971191,11.789999961853027,14.989999771118164,12.979999542236328,11.189486834770145,9.573588672824306,12.172018021945838,10.539879303891679,10.868743208357992,0.06837097933129298,-410.70001220703125,0.0,0.0,124.0,0.0,1.0,0.0,snow/ice covered,0.269772380590439,-7.68660593032837,100.0,451.134918212891
arenacam6_1769616056625486669.png,1769616056625486669,1769616056.6254866,42.30251656604286,-83.6968791455563,243.46095275878906,0.972743741962588,-0.2314037795379666,-0.007645740971898714,-0.012784597496859885,-0.019310000000000004,0.028350000000000004,0.40251000000000003,-1.1534,2.2184,-8.7544,5.192948291154052,11.616313750414147,13.670000076293945,11.719999313354492,14.960000038146973,12.929999351501465,11.100166099351387,9.516747500837518,12.147657962175694,10.499278688013211,10.815962562594454,0.06889889555463831,-410.8999938964844,0.0,0.0,128.0,0.0,1.0,0.0,snow/ice covered,0.269772380590439,-7.68660593032837,100.0,451.134918212891
arenacam6_1769616056646382226.png,1769616056646382226,1769616056.6463823,42.302516209713154,-83.69687798834232,243.46018981933594,0.9713534198577525,-0.23721044874378505,-0.007522877351097672,-0.012130253656904752,-0.043530000000000006,0.024640000000000002,0.39563000000000004,-1.0269000000000001,2.1772,-10.0591,5.156028816439825,11.533727100646903,13.50999927520752,11.6899995803833,14.779999732971191,12.84000015258789,10.970243973661823,9.49238744106737,12.001496054770147,10.426198508702774,10.72258149455053,0.07032814276062396,-411.0,0.0,0.0,128.0,0.0,1.0,0.0,snow/ice covered,0.269772380590439,-7.68660593032837,100.0,451.134918212891
arenacam6_1769616056667082141.png,1769616056667082141,1769616056.6670823,42.302516209713154,-83.69687798834232,243.46018981933594,0.9708899817716151,-0.23911258080996817,-0.00753003379967996,-0.011879208091674533,-0.04522,0.014460000000000002,0.3918400000000001,-0.9148000000000001,2.47,-10.2406,5.14710409369489,11.513763031349848,13.519999504089355,11.559999465942383,14.769999504089355,12.869999885559082,10.978364251715986,9.38682614954029,11.993375776715984,10.45055856847292,10.702281186611296,0.07047929009213032,-411.1000061035156,0.0,0.0,132.0,0.0,1.0,0.0,snow/ice covered,0.269772380590439,-7.68660593032837,100.0,451.134918212891
arenacam6_1769616056687667274.png,1769616056687667274,1769616056.6876671,42.30251548243899,-83.69687568707437,243.45889282226562,0.9694856974047974,-0.24477186735457668,-0.007714280235318859,-0.011167155400469702,-0.046880000000000005,-0.0019700000000000004,0.3875100000000001,-1.1883000000000001,2.3640000000000003,-10.426300000000001,5.115535069714219,11.443145018846526,13.469999313354492,11.449999809265137,14.649999618530273,12.739999771118164,10.937763635837516,9.297505414121533,11.895934763243066,10.34499727694584,10.61905027253699,0.07201645569922216,-411.20001220703125,0.0,0.0,128.0,0.0,1.0,0.0,snow/ice covered,0.269772380590439,-7.68660593032837,100.0,451.134918212891
arenacam6_1769616056708257024.png,1769616056708257024,1769616056.708257,42.3025151078895,-83.69687456024505,243.4589080810547,0.9685477695500337,-0.2484684804599523,-0.007963763986654332,-0.01073362849840238,-0.041460000000000004,-0.015090000000000003,0.38191,-1.0475,3.0849,-10.649600000000001,5.094379967261051,11.395822323964936,13.380000114440918,11.399999618530273,14.549999237060547,12.739999771118164,10.86468345652708,9.256904798243067,11.81473353148613,10.34499727694584,10.57032976580053,0.07243817380588935,-411.20001220703125,0.0,0.0,128.0,0.0,1.0,0.0,snow/ice covered,0.269772380590439,-7.68660593032837,100.0,451.134918212891
arenacam6_1769616056728910326.png,1769616056728910326,1769616056.7289104,42.30251473204093,-83.69687343469968,243.4589385986328,0.9676111035478887,-0.2520908440007741,-0.008261955547269387,-0.010521347458817054,-0.017630000000000003,-0.021430000000000005,0.37181000000000003,-1.0165,2.6874000000000002,-10.555200000000001,5.074371707822722,11.351065048096961,13.239999771118164,11.50999927520752,14.479999542236328,12.609999656677246,10.751001886945838,9.346225533661823,11.757893133891677,10.23943598541876,10.523639134979524,0.07289412135437968,-411.20001220703125,0.0,0.0,124.0,0.0,1.0,0.0,snow/ice covered,0.269772380590439,-7.68660593032837,100.0,451.134918212891
arenacam6_1769616056749949941.png,1769616056749949941,1769616056.74995,42.30251434011115,-83.69687232262898,243.4593048095703,0.9666662636488914,-0.25567844268173484,-0.008664949732491878,-0.010477944315017283,-0.00661,-0.03391,0.37050000000000005,-1.6083,2.6993,-10.4418,5.048500076825014,11.293191761852947,13.210000038146973,11.460000038146973,14.529999732971191,12.539999961853027,10.726641827175694,9.305625692175694,11.798493749770145,10.182595587824308,10.50333921423646,0.06994059467621143,-411.20001220703125,0.0,0.0,124.0,0.0,1.0,0.0,snow/ice covered,0.269772380590439,-7.68660593032837,100.0,451.134918212891
arenacam6_1769616056770176598.png,1769616056770176598,1769616056.7701764,42.30251434011115,-83.69687232262898,243.4593048095703,0.9661889966782011,-0.25746894238845985,-0.008826565765961664,-0.010519417289859837,0.004620000000000001,-0.030430000000000006,0.36951000000000006,-1.4193,2.9819,-10.383000000000001,5.035014838724426,11.263026093336219,13.170000076293945,11.5,14.420000076293945,12.4399995803833,10.694161489351387,9.33810603,11.709173014351387,10.101394356067372,10.460708722442536,0.07123461885330926,-411.20001220703125,0.0,0.0,132.0,0.0,1.0,0.0,snow/ice covered,0.269772380590439,-7.68660593032837,100.0,451.134918212891
arenacam6_1769616056811623009.png,1769616056811623009,1769616056.8116229,42.30251313078879,-83.69686906127806,243.4621124267578,0.9637944892516785,-0.2662186588892094,-0.009605665887406292,-0.011642135980415965,0.05965000000000001,-0.03815,0.36168000000000006,-1.5257,2.9055,-10.1803,4.971383920987431,11.120687548213624,13.059999465942383,11.579999923706055,14.210000038146973,12.25999927520752,10.60483997954029,9.403066705648614,11.538651047175694,9.955232448661823,10.375447545256606,0.0670138424199078,-411.3000183105469,0.0,0.0,132.0,0.0,1.0,0.0,snow/ice covered,0.269772380590439,-7.68660593032837,100.0,451.134918212891
arenacam6_1769616056832530784.png,1769616056832530784,1769616056.8325307,42.30251229344895,-83.69686695059544,243.46478271484375,0.9623389401022433,-0.27136851177161003,-0.009910351571977612,-0.012832774971624274,0.08214,-0.03842,0.35466000000000003,-1.4684000000000001,2.3586,-10.0695,4.93198956405162,11.032564735409633,13.049999237060547,11.579999923706055,14.09000015258789,12.210000038146973,10.59671970148613,9.403066705648614,11.441210033702776,9.914632607175696,10.338907262003303,0.0628736372767428,-411.3000183105469,0.0,0.0,132.0,0.0,1.0,0.0,snow/ice covered,0.269772380590439,-7.68660593032837,100.0,451.134918212891
arenacam6_1769616056852967886.png,1769616056852967886,1769616056.852968,42.30251229344895,-83.69686695059544,243.46478271484375,0.9618458129820175,-0.2730878789566036,-0.009985134139842873,-0.01326421924406518,0.0844,-0.03449000000000001,0.35595000000000004,-1.6526,2.4159,-9.856,4.91691211788914,10.998837392990934,13.059999465942383,11.6899995803833,14.149999618530273,12.050000190734863,10.60483997954029,9.49238744106737,11.489930153243066,9.784711255878468,10.342967207432299,0.059630864801819145,-411.3000183105469,0.0,0.0,132.0,0.0,1.0,0.0,snow/ice covered,0.269772380590439,-7.68660593032837,100.0,451.134918212891
arenacam6_1769616056873381123.png,1769616056873381123,1769616056.8733811,42.30251142906199,-83.69686488691424,243.4669189453125,0.9603569629438273,-0.27820792726998433,-0.010115425528959218,-0.014578446275763584,0.08414,-0.030300000000000004,0.35628000000000004,-1.6829,2.0045,-9.0748,4.876971090051302,10.90949171017936,13.00999927520752,11.59000015258789,14.0,11.989999771118164,10.564239363661825,9.411186983702773,11.368129080000001,9.73599036194584,10.26988644732761,0.05862832841744146,-411.3000183105469,0.0,0.0,132.0,0.0,1.0,0.0,snow/ice covered,0.269772380590439,-7.68660593032837,100.0,451.134918212891
arenacam6_1769616056894458638.png,1769616056894458638,1769616056.8944585,42.30251142906199,-83.69686488691424,243.4669189453125,0.9598543939434916,-0.27991444122598974,-0.01015301109939363,-0.014978797886674895,0.07970000000000001,-0.025580000000000002,0.35502,-1.6721000000000001,1.6212,-9.5609,4.862104997825335,10.876237153835405,12.960000038146973,11.389999389648438,13.869999885559082,11.9399995803833,10.523639522175694,9.248784520188904,11.26256778847292,9.695389746067372,10.182595394226222,0.06377589508192875,-411.3000183105469,0.0,0.0,132.0,0.0,1.0,0.0,snow/ice covered,0.269772380590439,-7.68660593032837,100.0,451.134918212891
arenacam6_1769616056914984860.png,1769616056914984860,1769616056.914985,42.30251099568752,-83.69686386634237,243.46807861328125,0.9583185172518757,-0.28507264083715206,-0.01020313752258227,-0.01597200435117294,0.06217000000000001,-0.015770000000000003,0.35949000000000003,-1.4293,1.3151000000000002,-9.9359,4.817216668264067,10.775824653906623,12.880000114440918,11.210000038146973,13.799999237060547,11.789999961853027,10.458678846527082,9.102623387175694,11.20572661648613,9.573588672824306,10.085154380753304,0.06409442389199667,-411.3000183105469,0.0,0.0,132.0,0.0,1.0,0.0,snow/ice covered,0.269772380590439,-7.68660593032837,100.0,451.134918212891
arenacam6_1769616056936545924.png,1769616056936545924,1769616056.936546,42.30251011446178,-83.69686186919523,243.47039794921875,0.9572634139551266,-0.2885650645038241,-0.010331376705990705,-0.016438445980044514,0.044050000000000006,-0.019940000000000003,0.36518000000000006,-1.7143000000000002,1.4662000000000002,-9.760100000000001,4.790414478290974,10.715869763068213,12.809999465942383,11.109999656677246,13.719999313354492,11.729999542236328,10.401837674540293,9.021422155418758,11.140765940837518,9.524867778891679,10.022223387422063,0.06473075830361176,-411.3999938964844,0.675000011920929,0.0,120.0,0.0,1.0,0.0,snow/ice covered,0.269772380590439,-7.68660593032837,100.0,451.134918212891
arenacam6_1769616056956139736.png,1769616056956139736,1769616056.9561398,42.30251011446178,-83.69686186919523,243.47039794921875,0.9567267377413762,-0.2903257765333966,-0.010376459512310025,-0.016649980751161954,0.043300000000000005,-0.016250000000000004,0.36776000000000003,-1.8598000000000001,1.4699,-9.5885,4.77380005022097,10.678704284341297,12.779999732971191,10.969999313354492,13.679999351501465,11.630000114440918,10.377477614770147,8.907740585837518,11.108285603013211,9.44366732152708,9.95929278128699,0.06736880092364901,-411.5,0.699999988079071,0.0,116.0,0.0,1.0,0.0,snow/ice covered,0.269772380590439,-7.68660593032837,100.0,451.134918212891
arenacam6_1769616056976921088.png,1769616056976921088,1769616056.976921,42.302509675635164,-83.6968608801219,243.4718017578125,0.9550752549186052,-0.2956858823152949,-0.01055637444169372,-0.017019970629634458,0.01711,-0.013480000000000002,0.3788600000000001,-1.5955000000000001,0.9945,-9.616800000000001,4.7324016638752795,10.58609857798917,12.729999542236328,10.889999389648438,13.609999656677246,11.519999504089355,10.336876998891679,8.842779910188904,11.051445205418759,9.354345811715985,9.896361981553833,0.06515493799287406,-411.6000061035156,0.75,0.0,116.0,0.0,1.0,0.0,snow/ice covered,0.269772380590439,-7.68660593032837,100.0,451.134918212891
arenacam6_1769616056998286942.png,1769616056998286942,1769616056.998287,42.30250922821346,-83.6968598997196,243.47271728515625,0.9545069567190875,-0.297509108696191,-0.010630797311687892,-0.017081743651687395,0.013120000000000001,-0.012900000000000002,0.38195000000000007,-1.5451000000000001,1.2317,-9.496400000000001,4.71889754825906,10.555890681602621,12.670000076293945,10.789999961853027,13.519999504089355,11.420000076293945,10.288156879351387,8.761579452824307,10.978364251715986,9.273145354351389,9.825311484560768,0.06921056868418946,-411.6000061035156,1.850000023841858,0.0,116.0,0.0,1.0,0.0,snow/ice covered,0.269772380590439,-7.68660593032837,100.0,451.134918212891
arenacam6_1769616057018255843.png,1769616057018255843,1769616057.018256,42.302508784701146,-83.69685893780506,243.473876953125,0.9527656905754581,-0.3030199116342907,-0.010876178178803984,-0.017267911386149,0.00825,-0.013620000000000002,0.38804000000000005,-1.7541,0.5098,-9.5413,4.676151370107122,10.460270045847425,12.609999656677246,10.6899995803833,13.460000038146973,11.34000015258789,10.23943598541876,8.680378221067372,10.929644132175694,9.208184678702773,9.76441075434115,0.0665240274348865,-411.6000061035156,2.1500000953674316,0.0,120.0,0.0,1.0,0.0,snow/ice covered,0.269772380590439,-7.68660593032837,100.0,451.134918212891
arenacam6_1769616057039242093.png,1769616057039242093,1769616057.039242,42.302507891678125,-83.69685702191451,243.47569274902344,0.9515552315958341,-0.3067949738870506,-0.011026267884472477,-0.017259972096803505,0.0015300000000000003,-0.008050000000000002,0.39928,-1.6123,1.3248,-9.583,4.6463109883138625,10.393518902198812,12.569999694824219,10.639999389648438,13.359999656677246,11.199999809265137,10.206955647594452,8.639777605188904,10.848442900418759,9.094503109121534,9.697419815580911,0.06697434171891838,-411.6000061035156,2.200000047683716,0.0,120.0,0.0,1.0,0.0,snow/ice covered,0.269772380590439,-7.68660593032837,100.0,451.134918212891
arenacam6_1769616057059577902.png,1769616057059577902,1769616057.059578,42.30250744478608,-83.69685608524502,243.47654724121094,0.9496860570214025,-0.31251646578186776,-0.011303775450547475,-0.017380344499335367,0.008050000000000002,-0.01648,0.40288,-1.6814,0.8086,-9.5556,4.610080977641388,10.312474542125127,12.319999694824219,10.639999389648438,13.289999961853027,11.09000015258789,10.003953342594452,8.639777605188904,10.791602502824306,9.005182373702773,9.610128956077608,0.06810640677739646,-411.6000061035156,2.6500000953674316,0.0,116.0,0.0,1.0,0.0,snow/ice covered,0.269772380590439,-7.68660593032837,100.0,451.134918212891
arenacam6_1769616057080830052.png,1769616057080830052,1769616057.0808299,42.30250744478608,-83.69685608524502,243.47654724121094,0.9490485115759623,-0.3144429758314485,-0.01141453851697211,-0.017385221774783476,0.0005900000000000001,-0.01614,0.40609000000000006,-1.8977000000000002,0.8441000000000001,-9.6783,4.593090015374399,10.274466778991608,12.34999942779541,10.429999351501465,13.219999313354492,11.010000228881836,10.028313402364597,8.46925563801321,10.734761330837516,8.940221698054161,9.543138017317371,0.07117924242741215,-411.6000061035156,2.924999952316284,0.0,116.0,0.0,1.0,0.0,snow/ice covered,0.269772380590439,-7.68660593032837,100.0,451.134918212891
arenacam6_1769616057100967363.png,1769616057100967363,1769616057.1009674,42.302506997969694,-83.69685515105961,243.47743225097656,0.9483978003943307,-0.3163981466717569,-0.011493155502747224,-0.0173704452004586,-0.0005200000000000001,-0.009110000000000002,0.4109500000000001,-1.7865,1.2834,-9.6362,4.576876121817839,10.238197271939198,12.269999504089355,10.380000114440918,13.119999885559082,10.90999984741211,9.963352726715986,8.428655796527082,10.65356087347292,8.859020466297226,9.476147465753304,0.07443202997020938,-411.6000061035156,3.950000047683716,0.0,116.0,0.0,1.0,0.0,snow/ice covered,0.269772380590439,-7.68660593032837,100.0,451.134918212891
arenacam6_1769616057121664798.png,1769616057121664798,1769616057.1216648,42.302506542814875,-83.6968542234546,243.47787475585938,0.9464192135842056,-0.32225206894499697,-0.011750489041863925,-0.017498634992482224,0.012950000000000003,-0.019920000000000004,0.41257000000000005,-1.3242,1.2766,-9.6876,4.543534829233581,10.163614800905767,12.199999809265137,10.34000015258789,13.079999923706055,10.75,9.906512329121533,8.396175458702775,10.621080535648614,8.729099115,9.413216859618231,0.07383179665768737,-411.6000061035156,4.450000286102295,0.0,116.0,0.0,1.0,0.0,snow/ice covered,0.269772380590439,-7.68660593032837,100.0,451.134918212891
arenacam6_1769616057142501037.png,1769616057142501037,1769616057.142501,42.3025056377059,-83.69685240696442,243.47926330566406,0.9450688426002467,-0.32617750793018824,-0.011953142887995618,-0.017613586851672206,0.011220000000000003,-0.014220000000000002,0.4167100000000001,-1.7312,1.2468000000000001,-9.7795,4.512790077981977,10.094840637041004,12.09999942779541,10.199999809265137,13.039999961853027,10.6899995803833,9.825311097364597,8.282493889121533,10.588600197824306,8.680378221067372,9.344195851344452,0.07435925069903641,-411.6000061035156,5.625,0.0,116.0,0.0,1.0,0.0,snow/ice covered,0.269772380590439,-7.68660593032837,100.0,451.134918212891
arenacam6_1769616057163082198.png,1769616057163082198,1769616057.1630821,42.30250517717174,-83.69685150709903,243.4795684814453,0.9429882977779653,-0.33211766779978824,-0.012282430281860452,-0.017890413506016757,0.020630000000000003,-0.027470000000000005,0.4204400000000001,-1.4131,1.4908000000000001,-9.4963,4.478229445460375,10.017530575728133,12.170000076293945,10.149999618530273,12.979999542236328,10.59999942779541,9.882152269351387,8.241893273243065,10.539879303891679,8.607297267364597,9.317805528462682,0.06985005356118826,-411.6000061035156,6.5,0.0,124.0,0.0,1.0,0.0,snow/ice covered,0.269772380590439,-7.68660593032837,100.0,451.134918212891
arenacam6_1769616057183869503.png,1769616057183869503,1769616057.1838694,42.30250517717174,-83.69685150709903,243.4795684814453,0.9422847305516251,-0.33409746994495526,-0.012396607463266839,-0.018019191686438008,0.024220000000000005,-0.025370000000000004,0.4198300000000001,-1.6941000000000002,1.389,-9.6,4.463107788622595,9.983704336681427,12.170000076293945,10.15999984741211,12.899999618530273,10.519999504089355,9.882152269351387,8.250013551297226,10.474918628243065,8.542336591715985,9.287355260151916,0.06974856757035906,-411.6000061035156,7.175000190734863,0.0,120.0,0.0,1.0,0.0,snow/ice covered,0.269772380590439,-7.68660593032837,100.0,451.134918212891
arenacam6_1769616057204607222.png,1769616057204607222,1769616057.2046072,42.30250425677556,-83.69684974979509,243.48077392578125,0.9401380265184747,-0.34006109682879326,-0.01271773608817307,-0.018363025522422,0.022720000000000004,-0.021340000000000005,0.4248700000000001,-1.6047,1.3828,-9.4999,4.417665973450329,9.88205372264998,12.119999885559082,10.130000114440918,12.819999694824219,10.489999771118164,9.84155165347292,8.225653491527082,10.409957952594452,8.51797653194584,9.248784907385074,0.06408271327380394,-411.6000061035156,8.050000190734863,0.0,120.0,0.0,1.0,0.0,snow/ice covered,0.269772380590439,-7.68660593032837,100.0,451.134918212891
arenacam6_1769616057225923733.png,1769616057225923733,1769616057.2259238,42.30250425677556,-83.69684974979509,243.48077392578125,0.9394109145124016,-0.34205483719021346,-0.01281171276373258,-0.018479233366396335,0.023210000000000005,-0.020160000000000004,0.42436,-1.6840000000000002,1.358,-9.369100000000001,4.402978646949306,9.84919905450678,12.050000190734863,10.109999656677246,12.719999313354492,10.460000038146973,9.784711255878468,8.20941293541876,10.328756720837516,8.493616472175693,9.20412434607761,0.06549514380400286,-411.6000061035156,8.5,0.0,112.0,0.0,1.0,0.0,snow/ice covered,0.269772380590439,-7.68660593032837,100.0,451.134918212891
arenacam6_1769616057245873081.png,1769616057245873081,1769616057.2458732,42.30250333156874,-83.69684802684081,243.48089599609375,0.9379333050499218,-0.3460697285005778,-0.012984956954893719,-0.01866143581149046,0.01591,-0.01572,0.42795000000000005,-1.8478,0.6497,-9.2692,4.371945519492599,9.779779810373777,12.029999732971191,10.039999961853027,12.639999389648438,10.369999885559082,9.768470699770145,8.152572537824307,10.263796045188904,8.42053551847292,9.151343700314069,0.06425871770580174,-411.5,8.725000381469727,0.0,108.0,0.0,1.0,0.0,snow/ice covered,0.269772380590439,-7.68660593032837,100.0,451.134918212891
arenacam6_1769616057287258334.png,1769616057287258334,1769616057.2872584,42.30250286929404,-83.69684717633302,243.4810333251953,0.9348909614960628,-0.35420119008064904,-0.013300051388022338,-0.018534176310127874,-0.011230000000000002,-0.0022400000000000007,0.43614,-1.8464,0.9228000000000001,-9.4354,4.309722088295617,9.640589728191998,11.979999542236328,9.789999961853027,12.50999927520752,10.289999961853027,9.727870083891679,7.949570232824307,10.158234753661825,8.355574842824307,9.047812478300528,0.06148765444898141,-411.5,9.625,0.0,104.0,0.0,1.0,0.0,snow/ice covered,0.269772380590439,-7.68660593032837,100.0,451.134918212891
arenacam6_1769616057328577353.png,1769616057328577353,1769616057.3285773,42.30250194522968,-83.69684550446165,243.48020935058594,0.9317278092813411,-0.3624630527498352,-0.013672361955914423,-0.017801441559868753,-0.037630000000000004,0.0015500000000000002,0.44634000000000007,-1.5764,1.3924,-9.585700000000001,4.252527934237608,9.512649837213475,11.75999927520752,9.619999885559082,12.369999885559082,10.029999732971191,9.549227838661823,7.81152860347292,10.04455395847292,8.144452259770146,8.887440665094452,0.06572397626507867,-411.5,10.100000381469727,0.0,108.0,0.0,1.0,0.0,snow/ice covered,0.269772380590439,-7.68660593032837,100.0,451.134918212891
arenacam6_1769616057349468146.png,1769616057349468146,1769616057.3494682,42.302501018038576,-83.69684386237256,243.47901916503906,0.9292942649303013,-0.36868032694846126,-0.013890367410541447,-0.01714769319841323,-0.03601,0.007530000000000001,0.44628,-1.3565,1.6761000000000001,-9.5405,4.212477533248535,9.423059493224978,11.6899995803833,9.65999984741211,12.309999465942383,10.0,9.49238744106737,7.844008941297226,9.99583306454029,8.1200922,8.863080411726223,0.05942646142703124,-411.5,9.850000381469727,0.0,112.0,0.0,1.0,0.0,snow/ice covered,0.269772380590439,-7.68660593032837,100.0,451.134918212891
arenacam6_1769616057373157825.png,1769616057373157825,1769616057.373158,42.30250055087064,-83.6968430654982,243.4784393310547,0.9276422696120892,-0.3728279299516379,-0.014036608504416624,-0.01679666331752736,-0.026570000000000003,0.0038800000000000006,0.44682000000000005,-1.4033,1.9465000000000001,-9.751100000000001,4.189671966865447,9.372044809559993,11.639999389648438,9.619999885559082,12.239999771118164,9.979999542236328,9.451786825188904,7.81152860347292,9.93899266694584,8.103851643891678,8.826539934874836,0.05820553419982723,-411.5,10.0,0.0,112.0,0.0,1.0,0.0,snow/ice covered,0.269772380590439,-7.68660593032837,100.0,451.134918212891
arenacam6_1769616057390620125.png,1769616057390620125,1769616057.3906202,42.3024996091012,-83.69684148577875,243.476806640625,0.9251408111611776,-0.3790007509519535,-0.014166463362157811,-0.016499139907950107,-0.005410000000000001,0.0028300000000000005,0.44228,-1.3627,2.2019,-9.7333,4.151798183624455,9.287323428876888,11.649999618530273,9.619999885559082,12.179999351501465,9.969999313354492,9.459907103243065,7.81152860347292,9.890271773013211,8.095731365837517,8.814359711391678,0.05092572915191412,-411.5,10.15000057220459,0.0,108.0,0.0,1.0,0.0,snow/ice covered,0.269772380590439,-7.68660593032837,100.0,451.134918212891
arenacam6_1769616057411801068.png,1769616057411801068,1769616057.411801,42.3024996091012,-83.69684148577875,243.476806640625,0.9242970900886915,-0.3810537890002018,-0.014178503315622346,-0.016488456140451257,0.005710000000000001,0.00289,0.4438200000000001,-1.3148,2.2303,-9.907,4.1406471411599854,9.262379215946419,11.670000076293945,9.619999885559082,12.130000114440918,9.920000076293945,9.476147659351389,7.81152860347292,9.84967193152708,8.055131524351388,8.798119929675694,0.05012311366732216,-411.5,10.15000057220459,0.0,108.0,0.0,1.0,0.0,snow/ice covered,0.269772380590439,-7.68660593032837,100.0,451.134918212891
arenacam6_1769616057432217106.png,1769616057432217106,1769616057.4322171,42.30249865101663,-83.69683996431814,243.47579956054688,0.9217569947820099,-0.38714930762024796,-0.014194325044832111,-0.016672651742354497,0.029300000000000007,0.0024200000000000003,0.43988000000000005,-1.4432,2.1837,-9.9163,4.101643191569868,9.1751297209503,11.649999618530273,9.609999656677246,12.029999732971191,9.84999942779541,9.459907103243065,7.803408325418759,9.768470699770145,7.998290352364598,8.757519120199142,0.04551549824931581,-411.5,10.225000381469727,0.0,108.0,0.0,1.0,0.0,snow/ice covered,0.269772380590439,-7.68660593032837,100.0,451.134918212891
arenacam6_1769616057453510265.png,1769616057453510265,1769616057.45351,42.30249865101663,-83.69683996431814,243.47579956054688,0.9209130756378243,-0.38914758518824916,-0.014175468909724013,-0.016802385027914805,0.033100000000000004,-0.0027100000000000006,0.4347500000000001,-1.2004000000000001,1.8090000000000002,-9.8259,4.091723201781465,9.152939298993031,11.619999885559082,9.639999389648438,12.00999927520752,9.84000015258789,9.435547043472921,7.827768385188905,9.752230143661823,7.990170848702774,8.751429105256605,0.04386680394358111,-411.5,10.574999809265137,0.0,108.0,0.0,1.0,0.0,snow/ice covered,0.269772380590439,-7.68660593032837,100.0,451.134918212891
arenacam6_1769616057473689129.png,1769616057473689129,1769616057.473689,42.30249816702169,-83.69683921400632,243.47491455078125,0.9192005135327523,-0.393163340852094,-0.014136265769604774,-0.017122187980388923,0.042710000000000005,-0.00256,0.43834000000000006,-1.4331,2.0887000000000002,-9.938500000000001,4.068302309652605,9.1005481685543,11.619999885559082,9.65999984741211,11.960000038146973,9.800000190734863,9.435547043472921,7.844008941297226,9.711630302175694,7.957690510878468,8.737219199456078,0.03992385539517882,-411.5,10.850000381469727,0.0,108.0,0.0,1.0,0.0,snow/ice covered,0.269772380590439,-7.68660593032837,100.0,451.134918212891
arenacam6_1769616057494106906.png,1769616057494106906,1769616057.4941068,42.30249718853979,-83.69683775891598,243.47442626953125,0.9166312406458412,-0.39909568927175604,-0.01404438137600665,-0.017679220246743725,0.04327000000000001,-0.0032300000000000002,0.4299800000000001,-1.0675000000000001,1.5732000000000002,-10.183,4.0370213116375755,9.030574452854559,11.619999885559082,9.710000038146973,11.920000076293945,9.800000190734863,9.435547043472921,7.884609557175694,9.679149964351387,7.957690510878468,8.739249268969619,0.032259872880274196,-411.5,11.050000190734863,0.0,108.0,0.0,1.0,0.0,snow/ice covered,0.269772380590439,-7.68660593032837,100.0,451.134918212891
arenacam6_1769616057515557132.png,1769616057515557132,1769616057.515557,42.30249718853979,-83.69683775891598,243.47442626953125,0.9157632494461923,-0.40107445271255643,-0.014082557156746757,-0.01785037615853504,0.036300000000000006,-0.016470000000000002,0.43296,-1.4103,1.5016,-9.635100000000001,4.025243801363759,9.004228869022647,11.569999694824219,9.719999313354492,11.84999942779541,9.75,9.394946427594453,7.892729060837517,9.622308792364597,7.917089895,8.706768543949142,0.0330356246382032,-411.5,11.15000057220459,0.0,100.0,0.0,1.0,0.0,snow/ice covered,0.269772380590439,-7.68660593032837,100.0,451.134918212891
arenacam6_1769616057535652783.png,1769616057535652783,1769616057.5356529,42.30249669705891,-83.69683703954509,243.4737548828125,0.9131468739399806,-0.40697790502539166,-0.014085530772452847,-0.018258402384729713,0.03173,-0.004690000000000001,0.4292000000000001,-1.1687,1.6615,-9.997300000000001,3.9903552573400765,8.926185289354311,11.579999923706055,9.670000076293945,11.800000190734863,9.75,9.403066705648614,7.852129219351387,9.581708950878468,7.917089895,8.688498692719618,0.02662801509600829,-411.5,11.350000381469727,0.0,100.0,0.0,1.0,0.0,snow/ice covered,0.269772380590439,-7.68660593032837,100.0,451.134918212891
arenacam6_1769616057557202496.png,1769616057557202496,1769616057.5572023,42.3024957059869,-83.6968356452418,243.47361755371094,0.9113865607247684,-0.41089185853514143,-0.014128671094819077,-0.018514809556401526,0.028390000000000006,-0.005220000000000001,0.43060000000000004,-1.2331,1.5451000000000001,-10.2085,3.969325505119713,8.879142995422491,11.50999927520752,9.699999809265137,11.769999504089355,9.769999504089355,9.346225533661823,7.876489279121533,9.557348116715985,7.933329676715984,8.67834815155383,0.02261421445427528,-411.5,11.40000057220459,0.0,92.0,0.0,1.0,0.0,snow/ice covered,0.269772380590439,-7.68660593032837,100.0,451.134918212891
arenacam6_1769616057576984312.png,1769616057576984312,1769616057.5769844,42.3024957059869,-83.6968356452418,243.47361755371094,0.9105043827839496,-0.41283539352932586,-0.014181525590798601,-0.018643795553032503,0.027320000000000004,-0.015850000000000003,0.4278200000000001,-1.4963,1.7669000000000001,-9.9963,3.9568893319874765,8.851324022296065,11.529999732971191,9.760000228881836,11.699999809265137,9.739999771118164,9.362466089770146,7.925210173054162,9.500507719121533,7.908969616945839,8.67428839972292,0.02000103285420359,-411.5,11.300000190734863,0.0,88.0,0.0,1.0,0.0,snow/ice covered,0.269772380590439,-7.68660593032837,100.0,451.134918212891
arenacam6_1769616057597822616.png,1769616057597822616,1769616057.5978227,42.302495208187956,-83.69683495495927,243.47312927246094,0.9078222546456032,-0.4186846649187347,-0.014280808474668394,-0.018919932382809375,0.022960000000000005,-0.012670000000000002,0.43143000000000004,-1.3168,1.9891,-9.360000000000001,3.927385769125045,8.78532632238658,11.40999984741211,9.75,11.609999656677246,9.769999504089355,9.265025076297226,7.917089895,9.427426765418758,7.933329676715984,8.635717853357992,0.017029358220577214,-411.5,11.375,0.0,88.0,0.0,1.0,0.0,snow/ice covered,0.269772380590439,-7.68660593032837,100.0,451.134918212891
arenacam6_1769616057618619922.png,1769616057618619922,1769616057.61862,42.30249420407477,-83.69683361675021,243.47315979003906,0.9060230285053008,-0.4225535685739449,-0.014381979422203317,-0.01907648215491463,0.01701,-0.014020000000000003,0.42723000000000005,-1.308,1.5687,-9.5448,3.9108891758964273,8.748424433129754,11.469999313354492,9.819999694824219,11.59000015258789,9.769999504089355,9.313745195837516,7.973930292594452,9.411186983702773,7.933329676715984,8.658048037212682,0.010330591137625024,-411.3999938964844,11.600000381469727,0.0,92.0,0.0,1.0,0.0,snow/ice covered,0.269772380590439,-7.68660593032837,100.0,451.134918212891
arenacam6_1769616057638907738.png,1769616057638907738,1769616057.6389077,42.30249420407477,-83.69683361675021,243.47315979003906,0.9042033496379107,-0.4264261120522791,-0.014533441074956755,-0.01912727252066444,0.0035000000000000005,-0.015420000000000003,0.4279900000000001,-1.0452000000000001,1.3512,-9.6073,3.895577479591388,8.71417308719716,11.479999542236328,9.84000015258789,11.539999961853027,9.769999504089355,9.321865473891679,7.990170848702774,9.370586367824306,7.933329676715984,8.653988091783685,0.006906564146849378,-411.3999938964844,11.90000057220459,0.0,92.0,0.0,1.0,0.0,snow/ice covered,0.269772380590439,-7.68660593032837,100.0,451.134918212891
arenacam6_1769616057662098575.png,1769616057662098575,1769616057.6620986,42.30249319095708,-83.69683230962175,243.47239685058594,0.9023698610143209,-0.43028815108468405,-0.014729479814378083,-0.019073106551296858,-0.008260000000000002,-0.013970000000000002,0.4282700000000001,-0.9743,1.5371000000000001,-9.5912,3.8818469783714407,8.683458779798212,11.5,9.829999923706055,11.519999504089355,9.75,9.33810603,7.982050570648613,9.354345811715985,7.917089895,8.647898076841148,0.004095223327344436,-411.3000183105469,12.25,0.0,84.0,0.0,1.0,0.0,snow/ice covered,0.269772380590439,-7.68660593032837,100.0,451.134918212891
arenacam6_1769616057680236171.png,1769616057680236171,1769616057.6802363,42.30249268182997,-83.69683166412204,243.47216796875,0.8996133203126557,-0.4360202576363379,-0.015119019456776456,-0.018804895571274065,-0.022170000000000002,-0.010010000000000002,0.4248200000000001,-1.0095,1.6184,-9.3968,3.8594415837873806,8.633339256437344,11.479999542236328,9.869999885559082,11.479999542236328,9.729999542236328,9.321865473891679,8.014530908472919,9.321865473891679,7.900849338891678,8.639777798786987,0.0007457765944785227,-411.3000183105469,12.475000381469727,0.0,84.0,0.0,1.0,0.0,snow/ice covered,0.269772380590439,-7.68660593032837,100.0,451.134918212891
arenacam6_1769616057722066476.png,1769616057722066476,1769616057.7220664,42.30249165300169,-83.69683041078102,243.47044372558594,0.8968306455376123,-0.44171705981963755,-0.015521176805962149,-0.018437064827199662,-0.022840000000000003,-0.004350000000000001,0.42190000000000005,-1.0009000000000001,2.0079000000000002,-9.2026,3.8374382201834663,8.584119052257204,11.59999942779541,10.039999961853027,11.449999809265137,9.619999885559082,9.419306487364599,8.152572537824307,9.297505414121533,7.81152860347292,8.67022826069584,0.010031222530166698,-411.3000183105469,13.449999809265137,0.0,80.0,0.0,1.0,0.0,snow/ice covered,0.269772380590439,-7.68660593032837,100.0,451.134918212891
arenacam6_1769616057742507674.png,1769616057742507674,1769616057.7425077,42.302491135378354,-83.69682979492927,243.4696044921875,0.894034000299005,-0.44735362912647647,-0.015793752126415143,-0.018124409245518242,-0.013370000000000002,-0.0029800000000000004,0.41954,-1.1825,2.3767,-8.9572,3.8134183192428877,8.530387975047185,11.579999923706055,9.960000038146973,11.429999351501465,9.579999923706055,9.403066705648614,8.087611862175693,9.28126485801321,7.779048265648614,8.637747922871533,0.012585587916797395,-411.3000183105469,13.824999809265137,0.0,80.0,0.0,1.0,0.0,snow/ice covered,0.269772380590439,-7.68660593032837,100.0,451.134918212891
arenacam6_1769616057763504864.png,1769616057763504864,1769616057.763505,42.302491135378354,-83.69682979492927,243.4696044921875,0.8931009290053369,-0.44921570583209613,-0.01581428267990445,-0.018052387844716123,-0.0054800000000000005,0.00657,0.4167100000000001,-0.9003,2.4702,-9.465200000000001,3.8075637015995647,8.51729154665613,11.529999732971191,9.90999984741211,11.420000076293945,9.380000114440918,9.362466089770146,8.047011246297227,9.273145354351389,7.616646576527081,8.57481731673646,0.006753998001032935,-411.20001220703125,13.850000381469727,0.0,84.0,0.0,1.0,0.0,snow/ice covered,0.269772380590439,-7.68660593032837,100.0,451.134918212891
arenacam6_1769616057783716787.png,1769616057783716787,1769616057.783717,42.302490087942445,-83.69682860826515,243.46640014648438,0.8902947928444904,-0.4547535633228186,-0.01574140997718046,-0.018071704156375788,0.021920000000000002,0.007210000000000001,0.4146200000000001,-1.4336,2.2936,-8.8291,3.7806932202093955,8.457183892015205,11.529999732971191,9.899999618530273,11.389999389648438,9.399999618530273,9.362466089770146,8.038890968243065,9.248784520188904,7.632886358243065,8.570756984111295,0.013429185594902205,-411.20001220703125,14.100000381469727,0.0,88.0,0.0,1.0,0.0,snow/ice covered,0.269772380590439,-7.68660593032837,100.0,451.134918212891
arenacam6_1769616057804908889.png,1769616057804908889,1769616057.8049088,42.302490087942445,-83.69682860826515,243.46640014648438,0.8893602937644468,-0.45658175503018433,-0.015605188861451477,-0.018106543827357588,0.027710000000000002,0.024720000000000002,0.4099100000000001,-0.7199,1.9245,-9.8131,3.7768294622166514,8.448540897210917,11.50999927520752,9.920000076293945,11.34999942779541,9.34000015258789,9.346225533661823,8.055131524351388,9.216304182364599,7.584166238702775,8.550456869770146,0.012063144843492997,-411.20001220703125,14.050000190734863,0.0,96.0,0.0,1.0,0.0,snow/ice covered,0.269772380590439,-7.68660593032837,100.0,451.134918212891
arenacam6_1769616057825712399.png,1769616057825712399,1769616057.8257124,42.30248902981668,-83.69682745647718,243.46267700195312,0.8874670877758256,-0.4602514734963941,-0.015310526777405756,-0.01833949369233557,0.05091000000000001,0.0351,0.41170000000000007,-0.8755000000000001,2.4758,-9.8363,3.760397187639185,8.4117828849176,11.539999961853027,9.90999984741211,11.34000015258789,9.329999923706055,9.370586367824306,8.047011246297227,9.208184678702773,7.576045960648614,8.55045706336823,0.01648570586614572,-411.1000061035156,14.199999809265137,0.0,92.0,0.0,1.0,0.0,snow/ice covered,0.269772380590439,-7.68660593032837,100.0,451.134918212891
arenacam6_1769616057866418280.png,1769616057866418280,1769616057.8664181,42.30248795715119,-83.69682635832012,243.45872497558594,0.8836460046977911,-0.4675399378076726,-0.014381542659333012,-0.019217600452884346,0.07501000000000002,0.030950000000000005,0.41023000000000004,-0.8374,1.7853,-10.435,3.7369556534439914,8.359345579415002,11.5,9.869999885559082,11.25999927520752,9.34000015258789,9.33810603,8.014530908472919,9.143223228661824,7.584166238702775,8.520006601459379,0.019219330092059613,-410.8000183105469,14.225000381469727,0.0,80.0,0.0,1.0,0.0,snow/ice covered,0.269772380590439,-7.68660593032837,100.0,451.134918212891
arenacam6_1769616057887788734.png,1769616057887788734,1769616057.8877888,42.30248741774208,-83.69682581855902,243.45663452148438,0.8807349617280615,-0.47299184453191156,-0.01358902239138725,-0.0199995166595727,0.07916000000000001,0.024620000000000003,0.41177,-0.8538,1.8288,-9.9007,3.7210094260569675,8.323674825523874,11.489999771118164,9.90999984741211,11.239999771118164,9.300000190734863,9.329985751945838,8.047011246297227,9.12698344694584,7.551685900878468,8.513916586516842,0.022855501323719135,-410.6000061035156,14.15000057220459,0.0,80.0,0.0,1.0,0.0,snow/ice covered,0.269772380590439,-7.68660593032837,100.0,451.134918212891
arenacam6_1769616057907972091.png,1769616057907972091,1769616057.907972,42.30248741774208,-83.69682581855902,243.45663452148438,0.8797611421501237,-0.4747953411725204,-0.01338578125134935,-0.020261728057372034,0.07392000000000001,0.015570000000000002,0.40886000000000006,-0.7049000000000001,1.2013,-10.5426,3.7174787441971247,8.315776902044316,11.5,9.889999389648438,11.199999809265137,9.329999923706055,9.33810603,8.030770690188904,9.094503109121534,7.576045960648614,8.509856447489764,0.023338714798581916,-410.20001220703125,14.074999809265137,0.0,80.0,0.0,1.0,0.0,snow/ice covered,0.269772380590439,-7.68660593032837,100.0,451.134918212891
arenacam6_1769616057928853576.png,1769616057928853576,1769616057.9288535,42.30248633295453,-83.6968247684838,243.45370483398438,0.8767983019189842,-0.4802350793969458,-0.012929309518227163,-0.020780741660897432,0.046630000000000005,0.016800000000000002,0.4119400000000001,-0.6031000000000001,1.339,-10.9082,3.7083454968973704,8.295346375829604,11.5,9.819999694824219,11.170000076293945,9.279999732971191,9.33810603,7.973930292594452,9.070143049351387,7.535445344770146,8.479406179178996,0.02218832041609406,-409.5,14.425000190734863,0.0,80.0,0.0,1.0,0.0,snow/ice covered,0.269772380590439,-7.68660593032837,100.0,451.134918212891
arenacam6_1769616057950263647.png,1769616057950263647,1769616057.9502635,42.30248578598612,-83.6968242499488,243.4524383544922,0.8747929618598869,-0.4838677286130014,-0.012902856342408064,-0.021043084030348623,0.028290000000000006,-0.0046500000000000005,0.4125000000000001,-0.324,1.0063,-10.691600000000001,3.7080552361215577,8.294697079889758,11.519999504089355,9.869999885559082,11.170000076293945,9.300000190734863,9.354345811715985,8.014530908472919,9.070143049351387,7.551685900878468,8.49767641760469,0.02447097654802244,-408.8999938964844,14.475000381469727,0.0,76.0,0.0,1.0,0.0,snow/ice covered,0.269772380590439,-7.68660593032837,100.0,451.134918212891
arenacam6_1769616057970028947.png,1769616057970028947,1769616057.970029,42.30248468927026,-83.69682323188607,243.45166015625,0.8717423581545423,-0.4893271583922323,-0.0132208831940315,-0.02119908739806237,-0.0020800000000000003,-0.01948,0.41821,-0.45120000000000005,1.0485,-10.672500000000001,3.7031321920932965,8.28368452578118,11.539999961853027,9.889999389648438,11.139999389648438,9.179999351501465,9.370586367824306,8.030770690188904,9.045782215188904,7.45424411301321,8.475345846553832,0.0231372066592044,-408.20001220703125,14.90000057220459,0.0,76.0,0.0,1.0,0.0,snow/ice covered,0.269772380590439,-7.68660593032837,100.0,451.134918212891
arenacam6_1769616057990653195.png,1769616057990653195,1769616057.9906533,42.30248468927026,-83.69682323188607,243.45166015625,0.8707077942691195,-0.4911585282098702,-0.013431839079010417,-0.021232589683656933,-0.005090000000000001,-0.035070000000000004,0.42026,-0.5588000000000001,1.0017,-10.3206,3.70086349736287,8.278609591790898,11.539999961853027,9.889999389648438,11.179999351501465,9.119999885559082,9.370586367824306,8.030770690188904,9.07826255301321,7.4055239934729205,8.471285901124835,0.023273993923447645,-407.3999938964844,15.125,0.0,80.0,0.0,1.0,0.0,snow/ice covered,0.269772380590439,-7.68660593032837,100.0,451.134918212891
arenacam6_1769616058011324701.png,1769616058011324701,1769616058.0113246,42.3024835814323,-83.69682223741148,243.45150756835938,0.8675513100144814,-0.49669420411526766,-0.014131639215175875,-0.02121058376259395,-0.020290000000000002,-0.03686000000000001,0.42705000000000004,-0.5855,0.9097000000000001,-10.417100000000001,3.6947775685198403,8.264995734124772,11.559999465942383,9.809999465942383,11.179999351501465,9.130000114440918,9.38682614954029,7.965810014540291,9.07826255301321,7.413644271527081,8.461135747155218,0.023731411284414437,-406.70001220703125,15.5,0.0,84.0,0.0,1.0,0.0,snow/ice covered,0.269772380590439,-7.68660593032837,100.0,451.134918212891
arenacam6_1769616058032709790.png,1769616058032709790,1769616058.0327098,42.3024835814323,-83.69682223741148,243.45150756835938,0.8664716217576157,-0.49856915356021614,-0.014399246795412326,-0.021175209531466878,-0.02289,-0.038040000000000004,0.4338100000000001,-0.8892,1.2275,-9.625200000000001,3.6894350377253335,8.253044813289309,11.630000114440918,9.84999942779541,11.199999809265137,9.109999656677246,9.44366732152708,7.998290352364598,9.094503109121534,7.397403715418759,8.483466124607993,0.02791955169656329,-406.1000061035156,15.225000381469727,0.0,88.0,0.0,1.0,0.0,snow/ice covered,0.269772380590439,-7.68660593032837,100.0,451.134918212891
arenacam6_1769616058052708008.png,1769616058052708008,1769616058.0527081,42.30248302706806,-83.69682174552229,243.45164489746094,0.8642825850631898,-0.5023416170884856,-0.014896572750002229,-0.021133031437051083,-0.016550000000000002,-0.031020000000000002,0.43931000000000003,-0.7706000000000001,1.2021000000000002,-9.516200000000001,3.681071008697436,8.234334982195643,11.649999618530273,9.84999942779541,11.219999313354492,9.069999694824219,9.459907103243065,7.998290352364598,9.110742890837516,7.364923377594453,8.483465931009908,0.030255138921714837,-405.5,15.324999809265137,0.0,76.0,0.0,1.0,0.0,snow/ice covered,0.269772380590439,-7.68660593032837,100.0,451.134918212891
arenacam6_1769616058074010276.png,1769616058074010276,1769616058.0740104,42.302481911489245,-83.69682078868401,243.4512939453125,0.8608914508897082,-0.5081116091511244,-0.015576043238222311,-0.02111609120811379,-0.01137,-0.03318000000000001,0.4523100000000001,-0.8302,1.07,-9.425600000000001,3.6668740125295027,8.202577153587747,11.679999351501465,9.75,11.25,9.039999961853027,9.484267163013211,7.917089895,9.135103725,7.340563317824307,8.46925602520938,0.03251159563979097,-404.8999938964844,15.199999809265137,0.0,72.0,0.0,1.0,0.0,snow/ice covered,0.269772380590439,-7.68660593032837,100.0,451.134918212891
arenacam6_1769616058094653711.png,1769616058094653711,1769616058.0946536,42.302481911489245,-83.69682078868401,243.4512939453125,0.859732418796187,-0.5100651407136544,-0.01574446201123514,-0.021114739297339143,-0.006440000000000001,-0.024170000000000004,0.4547900000000001,-1.0269000000000001,1.4227,-9.295200000000001,3.660354506981614,8.187993410847453,11.729999542236328,9.84999942779541,11.269999504089355,9.019999504089355,9.524867778891679,7.998290352364598,9.151343506715984,7.324322761715985,8.499706099922061,0.03806948460188695,-404.3999938964844,15.125,0.0,72.0,0.0,1.0,0.0,snow/ice covered,0.269772380590439,-7.68660593032837,100.0,451.134918212891
arenacam6_1769616058115115557.png,1769616058115115557,1769616058.1151154,42.302480792667964,-83.69681985326126,243.45033264160156,0.8561725891757479,-0.5160057195010934,-0.016062947835966117,-0.021179629200581956,0.006740000000000001,-0.007550000000000001,0.46593000000000007,-0.9244,1.0596,-9.088700000000001,3.6433089341516327,8.149863487161154,11.699999809265137,9.869999885559082,11.269999504089355,8.989999771118164,9.500507719121533,8.014530908472919,9.151343506715984,7.299962701945839,8.491586209064067,0.041929870658722626,-404.1000061035156,15.324999809265137,0.0,76.0,0.0,1.0,0.0,snow/ice covered,0.269772380590439,-7.68660593032837,100.0,451.134918212891
arenacam6_1769616058136062539.png,1769616058136062539,1769616058.1360624,42.302480792667964,-83.69681985326126,243.45033264160156,0.8549586526789306,-0.5180116438861954,-0.016132717616806607,-0.02119845348239634,0.00759,-0.009340000000000003,0.46895000000000003,-0.7907000000000001,0.9675,-9.1591,3.639117932147442,8.1404884671379,11.719999313354492,9.920000076293945,11.279999732971191,8.970000267028809,9.516747500837518,8.055131524351388,9.159463784770146,7.283722920229855,8.503766432547227,0.04462606474732246,-403.8999938964844,15.475000381469727,0.0,76.0,0.0,1.0,0.0,snow/ice covered,0.269772380590439,-7.68660593032837,100.0,451.134918212891
arenacam6_1769616058156590158.png,1769616058156590158,1769616058.15659,42.3024802323877,-83.69681940134933,243.44937133789062,0.8512237698704657,-0.5241236987743734,-0.016175650146663723,-0.021231823589009123,0.01708,0.005880000000000001,0.47886000000000006,-0.8470000000000001,1.4802,-9.148200000000001,3.623809955981531,8.106245442933327,11.769999504089355,9.929999351501465,11.210000038146973,8.949999809265137,9.557348116715985,8.06325102801321,9.102623387175694,7.267482364121533,8.497676224006605,0.048287556036748315,-403.8999938964844,15.125,0.0,72.0,0.0,1.0,0.0,snow/ice covered,0.269772380590439,-7.68660593032837,100.0,451.134918212891
arenacam6_1769616058177520088.png,1769616058177520088,1769616058.17752,42.302479107361556,-83.69681850804714,243.44688415527344,0.8486791213837761,-0.5282356625668853,-0.01607821182133002,-0.02126792948112027,0.02084,0.01162,0.48313000000000006,-0.7855000000000001,1.0929,-9.097800000000001,3.616327239991463,8.089507056226504,11.779999732971191,9.920000076293945,11.25,8.90999984741211,9.565468394770146,8.055131524351388,9.135103725,7.235002026297226,8.49767641760469,0.05045664198586964,-403.8999938964844,15.175000190734863,0.0,68.0,0.0,1.0,0.0,snow/ice covered,0.269772380590439,-7.68660593032837,100.0,451.134918212891
arenacam6_1769616058197877146.png,1769616058197877146,1769616058.1978772,42.302479107361556,-83.69681850804714,243.44688415527344,0.8473813664099485,-0.5303165775138811,-0.01601263157044803,-0.02127776081643876,0.02074,0.014750000000000001,0.4899200000000001,-0.7538,1.1686,-9.287,3.6124446782542425,8.080821998574045,11.84000015258789,9.84000015258789,11.239999771118164,8.880000114440918,9.614189288702775,7.990170848702774,9.12698344694584,7.2106419665270804,8.485496387719618,0.05007836940561024,-403.8999938964844,15.300000190734863,0.0,64.0,0.0,1.0,0.0,snow/ice covered,0.269772380590439,-7.68660593032837,100.0,451.134918212891
arenacam6_1769616058239028512.png,1769616058239028512,1769616058.2390285,42.3024779769272,-83.69681764868915,243.4433135986328,0.8420851374349514,-0.5386937524515877,-0.015593553794155522,-0.021412693918685145,0.03354000000000001,0.01649,0.49770000000000003,-0.4959,1.2663,-9.4867,3.605459062229349,8.06519559466332,11.819999694824219,9.819999694824219,11.229999542236328,8.880000114440918,9.597948732594453,7.973930292594452,9.118863168891679,7.2106419665270804,8.475346040151916,0.050854370569758854,-403.8999938964844,15.475000381469727,0.0,60.0,0.0,1.0,0.0,snow/ice covered,0.269772380590439,-7.68660593032837,100.0,451.134918212891
arenacam6_1769616058259957439.png,1769616058259957439,1769616058.2599576,42.302477406591784,-83.69681722722888,243.4413299560547,0.8379883900642671,-0.5450478330879919,-0.015307342317301643,-0.021540729671091663,0.02908,0.013170000000000001,0.50512,-0.451,1.4278,-9.859300000000001,3.6010583495750197,8.055351464498345,11.869999885559082,9.809999465942383,11.219999313354492,8.859999656677246,9.638549348472921,7.965810014540291,9.110742890837516,7.1944014104187595,8.477375916067373,0.052390569601957135,-403.8999938964844,15.574999809265137,0.0,60.0,0.0,1.0,0.0,snow/ice covered,0.269772380590439,-7.68660593032837,100.0,451.134918212891
arenacam6_1769616058280418047.png,1769616058280418047,1769616058.2804182,42.30247626197634,-83.69681640749423,243.43739318847656,0.83521777261342,-0.5492847013955154,-0.015153104869681654,-0.021632672889061757,0.029120000000000004,0.009910000000000002,0.5072200000000001,-0.22310000000000002,1.1584,-9.873000000000001,3.6019540901106857,8.057355182332198,11.84000015258789,9.829999923706055,11.239999771118164,8.889999389648438,9.614189288702775,7.982050570648613,9.12698344694584,7.2187614701889045,8.485496194121533,0.05313666855944767,-403.8000183105469,15.324999809265137,0.0,60.0,0.0,1.0,0.0,snow/ice covered,0.269772380590439,-7.68660593032837,100.0,451.134918212891
arenacam6_1769616058301193672.png,1769616058301193672,1769616058.3011937,42.30247568485188,-83.6968160041972,243.43548583984375,0.8309690431430898,-0.5556916984494025,-0.015148313140814424,-0.021626701580775166,0.0024100000000000002,0.005790000000000001,0.5155500000000001,-0.49470000000000003,1.0175,-10.148100000000001,3.59986104569345,8.052673167553507,11.769999504089355,9.729999542236328,11.279999732971191,8.949999809265137,9.557348116715985,7.900849338891678,9.159463784770146,7.267482364121533,8.471285901124835,0.051984319350999675,-403.70001220703125,15.5,0.0,60.0,0.0,1.0,0.0,snow/ice covered,0.269772380590439,-7.68660593032837,100.0,451.134918212891
arenacam6_1769616058322497744.png,1769616058322497744,1769616058.3224978,42.30247568485188,-83.6968160041972,243.43548583984375,0.8295279545836665,-0.5578415960073758,-0.015207689327807618,-0.02156043862009919,-0.004940000000000001,0.0021600000000000005,0.5176700000000001,-0.3995,1.0707,-9.977400000000001,3.598932232371762,8.05059546788169,11.769999504089355,9.6899995803833,11.300000190734863,8.979999542236328,9.557348116715985,7.8683690010673715,9.175704340878468,7.291842423891678,8.473315970638376,0.05250797962003601,-403.5,15.800000190734863,0.0,60.0,0.0,1.0,0.0,snow/ice covered,0.269772380590439,-7.68660593032837,100.0,451.134918212891
arenacam6_1769616058342662120.png,1769616058342662120,1769616058.342662,42.30247452744217,-83.69681521629124,243.4320526123047,0.8266176414691964,-0.5621453302456707,-0.015408898547104083,-0.02141187381930262,-0.01391,-0.0070100000000000015,0.5202700000000001,-0.4117,1.0156,-9.9326,3.5993328021693185,8.051491518484635,11.800000190734863,9.719999313354492,11.289999961853027,8.949999809265137,9.581708950878468,7.892729060837517,9.167584062824305,7.267482364121533,8.477376109665457,0.0528951176565329,-403.20001220703125,16.0,0.0,60.0,0.0,1.0,0.0,snow/ice covered,0.269772380590439,-7.68660593032837,100.0,451.134918212891
arenacam6_1769616058363399784.png,1769616058363399784,1769616058.3633997,42.302473944698704,-83.69681482892136,243.43032836914062,0.8221457116394276,-0.5686713799605865,-0.015864838889432492,-0.0209188272528199,-0.03805,0.0005900000000000001,0.5291100000000001,-0.5324,1.3256000000000001,-9.8344,3.591059532418504,8.032984710448249,11.800000190734863,9.819999694824219,11.319999694824219,8.949999809265137,9.581708950878468,7.973930292594452,9.191944122594451,7.267482364121533,8.503766432547227,0.05860607720149743,-403.0,16.350000381469727,0.0,60.0,0.0,1.0,0.0,snow/ice covered,0.269772380590439,-7.68660593032837,100.0,451.134918212891
arenacam6_1769616058384065354.png,1769616058384065354,1769616058.3840654,42.302473944698704,-83.69681482892136,243.43032836914062,0.8206259460211137,-0.5708652413776952,-0.016021856639094438,-0.02071793941428765,-0.03765,0.0011200000000000003,0.53468,-0.3366,1.514,-9.8579,3.5905786717545394,8.0319090539946,11.729999542236328,9.75,11.269999504089355,8.979999542236328,9.524867778891679,7.917089895,9.151343506715984,7.291842423891678,8.471285901124835,0.05470391213054327,-402.70001220703125,16.225000381469727,0.0,28.0,0.0,1.0,0.0,snow/ice covered,0.269772380590439,-7.68660593032837,100.0,451.134918212891
arenacam6_1769616058404646175.png,1769616058404646175,1769616058.4046462,42.30247277678806,-83.6968140771576,243.42701721191406,0.8160048657936675,-0.5774577362346746,-0.016498781626808942,-0.020159664397366706,-0.03364,0.0036200000000000004,0.5413500000000001,-0.6734,1.4666000000000001,-9.7824,3.585413963619916,8.020355911779935,11.819999694824219,9.699999809265137,11.170000076293945,8.970000267028809,9.597948732594453,7.876489279121533,9.070143049351387,7.283722920229855,8.457075995324306,0.0544514593053079,-402.3000183105469,16.225000381469727,0.0,28.0,0.0,1.0,0.0,snow/ice covered,0.269772380590439,-7.68660593032837,100.0,451.134918212891
arenacam6_1769616058425478057.png,1769616058425478057,1769616058.4254782,42.30247277678806,-83.6968140771576,243.42701721191406,0.8144403564743525,-0.5796654695302424,-0.016612698699415063,-0.019971665482264676,-0.03021,0.006820000000000001,0.54207,-0.639,1.8412000000000002,-9.5806,3.5819581827060145,8.012625537222393,11.84999942779541,9.869999885559082,11.239999771118164,8.869999885559082,9.622308792364597,8.014530908472919,9.12698344694584,7.2025216884729195,8.491586209064069,0.059775746366366435,-401.8999938964844,16.600000381469727,0.0,12.0,0.0,1.0,0.0,snow/ice covered,0.269772380590439,-7.68660593032837,100.0,451.134918212891
arenacam6_1769616058446160487.png,1769616058446160487,1769616058.4461603,42.30247159701636,-83.69681336658962,243.42323303222656,0.8096696521861717,-0.5863166320585208,-0.016810816521122637,-0.01962798380297035,-0.004380000000000001,0.0014500000000000003,0.5471000000000001,-0.2506,1.8915000000000002,-9.8705,3.5828157688647653,8.014543906004349,11.84999942779541,9.829999923706055,11.279999732971191,8.880000114440918,9.622308792364597,7.982050570648613,9.159463784770146,7.2106419665270804,8.493616278577608,0.059775375641070175,-401.5,17.024999618530273,0.0,12.0,0.0,1.0,0.0,snow/ice covered,0.269772380590439,-7.68660593032837,100.0,451.134918212891
arenacam6_1769616058467189955.png,1769616058467189955,1769616058.46719,42.302471007030725,-83.69681302265771,243.4212646484375,0.806432711150983,-0.5907622596457126,-0.016816313231712093,-0.019581791880712754,0.013680000000000001,0.0030700000000000002,0.54944,-0.5404,2.2378,-9.792300000000001,3.578473954057707,8.004831526789847,11.84999942779541,9.809999465942383,11.359999656677246,8.829999923706055,9.622308792364597,7.965810014540291,9.224424460418758,7.170041350648613,8.495646154493064,0.06131479795178745,-401.1000061035156,16.850000381469727,0.0,16.0,0.0,1.0,0.0,snow/ice covered,0.269772380590439,-7.68660593032837,100.0,451.134918212891
arenacam6_1769616058487217410.png,1769616058487217410,1769616058.4872174,42.30247040978228,-83.69681268629084,243.4195098876953,0.8048002563449832,-0.5929840720268543,-0.016767051117345652,-0.01962915449854338,0.027220000000000005,0.005460000000000001,0.5508500000000001,-0.35810000000000003,2.2872,-9.8949,3.5779277226811095,8.003609639974282,11.899999618530273,9.779999732971191,11.389999389648438,8.819999694824219,9.662909408243065,7.941449954770146,9.248784520188904,7.161921072594452,8.503766238949142,0.06249137844964496,-400.5,16.80000114440918,0.0,16.0,0.0,1.0,0.0,snow/ice covered,0.269772380590439,-7.68660593032837,100.0,451.134918212891
arenacam6_1769616058529025835.png,1769616058529025835,1769616058.5290258,42.30246981094818,-83.69681237307466,243.41766357421875,0.7982045571590857,-0.6018236432527132,-0.01629340923573239,-0.020305471380287047,0.07202,0.0021200000000000004,0.54901,-0.5394,2.4085,-10.097800000000001,3.5719845265881314,7.990315066906055,11.889999389648438,9.630000114440918,11.489999771118164,8.90999984741211,9.654789130188902,7.819648881527081,9.329985751945838,7.235002026297226,8.509856447489762,0.06502138854768334,-398.70001220703125,16.950000762939453,0.0,20.0,0.0,1.0,0.0,snow/ice covered,0.269772380590439,-7.68660593032837,100.0,451.134918212891
arenacam6_1769616058570556345.png,1769616058570556345,1769616058.5705564,42.3024686062716,-83.69681175781899,243.414306640625,0.7914878689575482,-0.6106089219764873,-0.015462887118394433,-0.02155450806013912,0.09674000000000002,-0.0031500000000000005,0.5513800000000001,-0.2675,2.0454,-10.1485,3.5740449553126252,7.994924122337024,11.889999389648438,9.559999465942383,11.50999927520752,9.059999465942383,9.654789130188902,7.762807709540291,9.346225533661823,7.356803099540292,8.530156368232827,0.06694650727208495,-396.70001220703125,16.875,0.0,12.0,0.0,1.0,0.0,snow/ice covered,0.269772380590439,-7.68660593032837,100.0,451.134918212891
arenacam6_1769616058590674665.png,1769616058590674665,1769616058.5906746,42.30246739089619,-83.69681119269643,243.41127014160156,0.7863730444365891,-0.617157618851175,-0.01483696073063142,-0.022666562901236302,0.09494000000000001,-0.00979,0.55113,-0.27990000000000004,1.2730000000000001,-9.8827,3.577147330036511,8.001863948451874,11.979999542236328,9.609999656677246,11.539999961853027,9.069999694824219,9.727870083891679,7.803408325418759,9.370586367824306,7.364923377594453,8.5666970386823,0.0705876898019123,-395.5,17.100000381469727,0.0,0.0,0.0,0.0,0.0,snow/ice covered,0.269772380590439,-7.68660593032837,100.0,451.134918212891
arenacam6_1769616058611449233.png,1769616058611449233,1769616058.6114492,42.30246677756522,-83.69681091569471,243.40992736816406,0.7829106050817468,-0.6215286484324272,-0.014531281227733138,-0.02328015236577167,0.07889000000000002,-0.009970000000000001,0.5547400000000001,-0.2494,1.4043,-9.4976,3.578797982798189,8.00555635964058,12.09000015258789,9.6899995803833,11.469999313354492,9.09999942779541,9.817191593702775,7.8683690010673715,9.313745195837516,7.389283437364598,8.597147306993065,0.07389754325320179,-394.20001220703125,17.149999618530273,0.0,0.0,0.0,0.0,0.0,snow/ice covered,0.269772380590439,-7.68660593032837,100.0,451.134918212891
arenacam6_1769616058653222126.png,1769616058653222126,1769616058.653222,42.302465548654396,-83.69681039040847,243.4065704345703,0.7758683114635961,-0.6302762717521893,-0.014268693134445225,-0.024012266220074425,0.029960000000000007,-0.00651,0.5642100000000001,-0.2018,0.9571000000000001,-9.350900000000001,3.584546754077669,8.018416016066501,12.130000114440918,9.920000076293945,11.380000114440918,9.069999694824219,9.84967193152708,8.055131524351388,9.240665016527082,7.364923377594453,8.627597962500001,0.07597285364252516,-391.5,17.0,0.0,0.0,0.0,0.0,0.0,snow/ice covered,0.269772380590439,-7.68660593032837,100.0,451.134918212891
arenacam6_1769616058673508415.png,1769616058673508415,1769616058.6735084,42.302464310675,-83.69680987962467,243.40277099609375,0.770485792516804,-0.6368434675048594,-0.014443945694873405,-0.023946061448653782,-0.008350000000000002,0.0036700000000000005,0.5679200000000001,-0.1264,0.8539,-9.1548,3.5859898208526984,8.021644069858235,12.170000076293945,9.90999984741211,11.389999389648438,9.079999923706055,9.882152269351387,8.047011246297227,9.248784520188904,7.373043655648613,8.637747922871533,0.07680518452923409,-390.0,17.125,0.0,0.0,0.0,0.0,0.0,snow/ice covered,0.269772380590439,-7.68660593032837,100.0,451.134918212891
arenacam6_1769616058694740089.png,1769616058694740089,1769616058.69474,42.302464310675,-83.69680987962467,243.40277099609375,0.768675187456836,-0.6390299965467592,-0.014567059938543146,-0.023810091692260667,-0.02162,0.0035900000000000003,0.56847,-0.1009,0.8097000000000001,-9.0546,3.5879385487543844,8.026003257250633,12.109999656677246,9.960000038146973,11.429999351501465,9.170000076293945,9.833431375418758,8.087611862175693,9.28126485801321,7.446124609351387,8.662108176239762,0.07925550222204024,-388.6000061035156,17.075000762939453,0.0,0.0,0.0,0.0,0.0,snow/ice covered,0.269772380590439,-7.68660593032837,100.0,451.134918212891
arenacam6_1769616058715071697.png,1769616058715071697,1769616058.7150717,42.30246369130829,-83.6968096311575,243.40074157714844,0.7649948273832144,-0.6434392688517698,-0.0149113994100291,-0.02337673082490891,-0.0437,0.0068000000000000005,0.5764300000000001,-0.0402,1.3144,-9.1797,3.5922238767220254,8.035589278794568,12.139999389648438,9.899999618530273,11.469999313354492,9.1899995803833,9.857791435188904,8.038890968243065,9.313745195837516,7.462364391067371,8.668197997584214,0.07872586525285231,-387.20001220703125,17.17500114440918,0.0,0.0,0.0,0.0,0.0,snow/ice covered,0.269772380590439,-7.68660593032837,100.0,451.134918212891
arenacam6_1769616058756459259.png,1769616058756459259,1769616058.7564592,42.30246243924584,-83.69680915942827,243.3955078125,0.7575333559897997,-0.6522280508993682,-0.015755502674464197,-0.022215947387354093,-0.059800000000000006,0.01139,0.5800000000000001,0.0868,1.6406,-9.478100000000001,3.6024141403103553,8.058384287025847,12.09000015258789,9.920000076293945,11.569999694824219,9.34000015258789,9.817191593702775,8.055131524351388,9.394946427594453,7.584166238702775,8.712858946087849,0.0812166106443594,-384.6000061035156,17.274999618530273,0.0,0.0,0.0,0.0,0.0,snow/ice covered,0.269772380590439,-7.68660593032837,100.0,451.134918212891
arenacam6_1769616058777157744.png,1769616058777157744,1769616058.7771575,42.30246181228271,-83.69680893308664,243.3927764892578,0.7518375787215367,-0.6587998529446732,-0.01638427396742656,-0.02132051943021786,-0.05332000000000001,0.012800000000000002,0.58307,-0.004200000000000001,2.2334,-9.3499,3.6089781709306528,8.073067629681615,12.109999656677246,9.889999389648438,11.59000015258789,9.359999656677246,9.833431375418758,8.030770690188904,9.411186983702773,7.600406020418759,8.718948767432298,0.08000442550190245,-383.3000183105469,17.274999618530273,0.0,0.0,0.0,0.0,0.0,snow/ice covered,0.269772380590439,-7.68660593032837,100.0,451.134918212891
arenacam6_1769616058797965882.png,1769616058797965882,1769616058.7979658,42.30246054372744,-83.69680851973709,243.38656616210938,0.7479855542799894,-0.6631783951354205,-0.016704533016555043,-0.020808301006180616,-0.04315000000000001,0.013110000000000002,0.58526,-0.0683,2.1575,-9.5328,3.6150592392929983,8.08667061474408,12.139999389648438,9.899999618530273,11.59999942779541,9.260000228881836,9.857791435188904,8.038890968243065,9.419306487364599,7.519205563054161,8.708798613462683,0.07693252617267536,-382.20001220703125,17.225000381469727,0.0,0.0,0.0,0.0,0.0,snow/ice covered,0.269772380590439,-7.68660593032837,100.0,451.134918212891
arenacam6_1769616058818562689.png,1769616058818562689,1769616058.8185627,42.30246054372744,-83.69680851973709,243.38656616210938,0.7441021616897566,-0.6675409758473003,-0.016885149937305298,-0.020393877636682437,-0.02248,0.01871,0.5845300000000001,-0.0792,2.5276,-9.672,3.61752281880871,8.092181494305956,12.1899995803833,9.90999984741211,11.59999942779541,9.239999771118164,9.898392051067372,8.047011246297227,9.419306487364599,7.502965006945839,8.71691869791876,0.07720256942487008,-381.1000061035156,17.225000381469727,0.0,0.0,0.0,0.0,0.0,snow/ice covered,0.269772380590439,-7.68660593032837,100.0,451.134918212891
arenacam6_1769616058839389040.png,1769616058839389040,1769616058.8393888,42.3024592664052,-83.69680814299535,243.3800811767578,0.7402114312654807,-0.6718608583609138,-0.01688305923576717,-0.02012427234178089,0.00012,0.018630000000000004,0.5819900000000001,0.1366,2.5489,-9.7162,3.623918289297342,8.106487778060796,12.279999732971191,9.949999809265137,11.59000015258789,9.15999984741211,9.971473004770145,8.079491584121532,9.411186983702773,7.438004331297226,8.72503897597292,0.07630322956708283,-379.5,17.42500114440918,0.0,0.0,0.0,0.0,0.0,snow/ice covered,0.269772380590439,-7.68660593032837,100.0,451.134918212891
arenacam6_1769616058860031847.png,1769616058860031847,1769616058.8600318,42.3024592664052,-83.69680814299535,243.3800811767578,0.7382606704930463,-0.6740077375684378,-0.016821166900376074,-0.020044960592213286,0.011630000000000001,0.021930000000000005,0.5799500000000001,0.1517,2.3641,-9.8111,3.628204221104319,8.116075150357096,12.329999923706055,9.949999809265137,11.609999656677246,9.139999389648438,10.012073620648613,8.079491584121532,9.427426765418758,7.421763775188904,8.735188936344452,0.07628241169749586,-378.5,17.350000381469727,0.0,0.0,0.0,0.0,0.0,snow/ice covered,0.269772380590439,-7.68660593032837,100.0,451.134918212891
arenacam6_1769616058881249521.png,1769616058881249521,1769616058.8812494,42.302458623064595,-83.69680798434446,243.37693786621094,0.7323602506252798,-0.6804213058530474,-0.01648154517757361,-0.02009150352439247,0.04520000000000001,0.01958,0.5783400000000001,-0.2637,2.9966,-10.1454,3.632646290060443,8.126011792087809,12.429999351501465,10.059999465942383,11.539999961853027,9.130000114440918,10.09327407801321,8.168812319540292,9.370586367824306,7.413644271527081,8.761579259226222,0.07821394841652297,-377.3000183105469,17.55000114440918,0.0,0.0,0.0,0.0,0.0,snow/ice covered,0.269772380590439,-7.68660593032837,100.0,451.134918212891
arenacam6_1769616058901098932.png,1769616058901098932,1769616058.901099,42.302457330146986,-83.69680768490565,243.37066650390625,0.7284164741156451,-0.6846447468011635,-0.016077734376659287,-0.020310523671629718,0.060700000000000004,0.014070000000000003,0.57515,0.2513,2.4424,-10.3232,3.642313445820549,8.14763663949382,12.420000076293945,10.09000015258789,11.559999465942383,9.15999984741211,10.085154574351387,8.193173153702775,9.38682614954029,7.438004331297226,8.77578955222292,0.07709633363916485,-375.8999938964844,17.200000762939453,0.0,0.0,0.0,0.0,0.0,snow/ice covered,0.269772380590439,-7.68660593032837,100.0,451.134918212891
arenacam6_1769616058921914873.png,1769616058921914873,1769616058.9219148,42.30245667887971,-83.69680756328154,243.36807250976562,0.7224806182798662,-0.6909053203795547,-0.015421694438967817,-0.02082704544093193,0.06737000000000001,0.00834,0.5724400000000001,0.1014,2.2253000000000003,-10.4212,3.652179366096428,8.169706111195744,12.359999656677246,10.09999942779541,11.559999465942383,9.149999618530273,10.03643368041876,8.201292657364597,9.38682614954029,7.4298840532430654,8.763609135141678,0.07269576357612804,-374.3000183105469,17.725000381469727,0.0,0.0,0.0,0.0,0.0,snow/ice covered,0.269772380590439,-7.68660593032837,100.0,451.134918212891
arenacam6_1769616058942964155.png,1769616058942964155,1769616058.9429643,42.30245602820103,-83.69680744559894,243.36595153808594,0.7204980693549623,-0.6929720351220289,-0.01519683156215966,-0.021008258020999315,0.07177000000000001,0.009910000000000002,0.5709900000000001,-0.0201,2.4723,-10.2377,3.6549362377172803,8.175873067599294,12.289999961853027,10.0,11.619999885559082,9.260000228881836,9.979593282824307,8.1200922,9.435547043472921,7.519205563054161,8.763609522337848,0.07188669025057806,-372.3000183105469,17.700000762939453,0.0,0.0,0.0,0.0,0.0,snow/ice covered,0.269772380590439,-7.68660593032837,100.0,451.134918212891
arenacam6_1769616058963244178.png,1769616058963244178,1769616058.9632442,42.302455371155894,-83.69680733578377,243.36346435546875,0.7145238708013102,-0.6991252078943008,-0.014676861860166271,-0.021544638957310343,0.054000000000000006,-0.00288,0.56894,0.0716,1.683,-10.396600000000001,3.66860328791274,8.206445438863526,12.25999927520752,9.90999984741211,11.579999923706055,9.279999732971191,9.955232448661823,8.047011246297227,9.403066705648614,7.535445344770146,8.735188936344452,0.06443027025768534,-370.0,18.0,0.0,0.0,0.0,0.0,0.0,snow/ice covered,0.269772380590439,-7.68660593032837,100.0,451.134918212891
arenacam6_1769616058984162265.png,1769616058984162265,1769616058.9841623,42.302455371155894,-83.69680733578377,243.36346435546875,0.712511319898562,-0.7011748519937421,-0.014578372102322436,-0.02165449179290236,0.04403000000000001,0.0012700000000000003,0.5731200000000001,-0.0392,1.9140000000000001,-10.5226,3.671047800312968,8.21191366643209,12.289999961853027,9.960000038146973,11.630000114440918,9.359999656677246,9.979593282824307,8.087611862175693,9.44366732152708,7.600406020418759,8.77781962173646,0.06891279892744469,-367.3999938964844,18.42500114440918,0.0,0.0,0.0,0.0,0.0,snow/ice covered,0.269772380590439,-7.68660593032837,100.0,451.134918212891
arenacam6_1769616059004561272.png,1769616059004561272,1769616059.0045612,42.30245405506048,-83.69680715495271,243.3604736328125,0.7064774229464498,-0.7072478666588649,-0.014516786260751655,-0.02189449451545454,0.018940000000000002,-0.008190000000000001,0.5685,0.24630000000000002,1.7193,-10.554400000000001,3.6839647008499443,8.240807997919275,12.369999885559082,10.0,11.630000114440918,9.510000228881836,10.04455395847292,8.1200922,9.44366732152708,7.722207868054161,8.83263033701354,0.0718160572657069,-364.3000183105469,18.55000114440918,0.0,0.0,0.0,0.0,0.0,snow/ice covered,0.269772380590439,-7.68660593032837,100.0,451.134918212891
arenacam6_1769616059025892166.png,1769616059025892166,1769616059.025892,42.30245405506048,-83.69680715495271,243.3604736328125,0.7044644210723299,-0.7092503417072674,-0.014557322143139019,-0.02195259901178575,0.017050000000000003,-0.010990000000000003,0.56763,-0.054200000000000005,2.1734,-10.4478,3.686403667211769,8.246263819332695,12.369999885559082,10.029999732971191,11.6899995803833,9.469999313354492,10.04455395847292,8.144452259770146,9.49238744106737,7.689726755837517,8.842780103786989,0.07233776380714503,-360.8999938964844,18.700000762939453,0.0,0.0,0.0,0.0,0.0,snow/ice covered,0.269772380590439,-7.68660593032837,100.0,451.134918212891
arenacam6_1769616059045928458.png,1769616059045928458,1769616059.0459285,42.302452726753245,-83.69680701254077,243.35787963867188,0.7004185666843356,-0.7132395442226656,-0.014749981689207818,-0.022036833735204674,0.00395,-0.01908,0.5666300000000001,0.16240000000000002,1.8711,-10.3992,3.695797787833776,8.267277903516888,12.329999923706055,10.019999504089355,11.699999809265137,9.489999771118164,10.012073620648613,8.136331981715985,9.500507719121533,7.705967311945839,8.838720158357992,0.06912096841428463,-357.20001220703125,18.975000381469727,0.0,0.0,0.0,0.0,0.0,snow/ice covered,0.269772380590439,-7.68660593032837,100.0,451.134918212891
arenacam6_1769616059069232170.png,1769616059069232170,1769616059.0692322,42.302452061677855,-83.69680695206593,243.3571319580078,0.6943196827737013,-0.7191677918750662,-0.01516862128754924,-0.022085700595711497,-0.006980000000000001,-0.021540000000000004,0.5644800000000001,-0.0356,2.1958,-10.317300000000001,3.706285906818614,8.29073919639883,12.40999984741211,10.15999984741211,11.710000038146973,9.579999923706055,10.077034296297228,8.250013551297226,9.508627997175694,7.779048265648614,8.90368102760469,0.07393090250289124,-351.5,19.274999618530273,0.0,0.0,0.0,0.0,0.0,snow/ice covered,0.269772380590439,-7.68660593032837,100.0,451.134918212891
arenacam6_1769616059087474156.png,1769616059087474156,1769616059.087474,42.302452061677855,-83.69680695206593,243.3571319580078,0.6922819420387519,-0.721125400291615,-0.01532268260559521,-0.022115270269209314,-0.0031500000000000005,-0.023210000000000005,0.5654600000000001,-0.1472,2.3705000000000003,-10.1739,3.7078975941447196,8.29434444424609,12.40999984741211,10.170000076293945,11.800000190734863,9.59999942779541,10.077034296297228,8.258133829351388,9.581708950878468,7.795288047364597,8.92804128097292,0.07640107557462669,-349.3999938964844,19.274999618530273,0.0,0.0,0.0,0.0,0.0,snow/ice covered,0.269772380590439,-7.68660593032837,100.0,451.134918212891
arenacam6_1769616059107913823.png,1769616059107913823,1769616059.1079137,42.30245072209066,-83.69680687411889,243.3553924560547,0.6861182274400366,-0.7269806343311865,-0.015692285380819675,-0.022241570571676045,0.00604,-0.01998,0.5668200000000001,0.0317,2.1565000000000003,-9.7188,3.7187504942456275,8.318621730597815,12.50999927520752,10.109999656677246,11.84000015258789,9.59000015258789,10.158234753661825,8.20941293541876,9.614189288702775,7.787168543702775,8.942251380371534,0.07496790573850287,-343.3999938964844,19.0,0.0,0.0,0.0,0.0,0.0,snow/ice covered,0.269772380590439,-7.68660593032837,100.0,451.134918212891
arenacam6_1769616059149579846.png,1769616059149579846,1769616059.1495798,42.302450052557425,-83.6968068472933,243.35484313964844,0.6799211350693259,-0.7327694700481762,-0.01591447516417192,-0.02242506034782067,0.01725,-0.01701,0.5654,-0.056100000000000004,2.2641,-9.6822,3.7267569969206282,8.33653179669163,12.519999504089355,10.09000015258789,11.949999809265137,9.6899995803833,10.166355031715984,8.193173153702775,9.703510024121533,7.8683690010673715,8.982851802651917,0.0775286440119834,-335.0,18.875,0.0,0.0,0.0,0.0,0.0,snow/ice covered,0.269772380590439,-7.68660593032837,100.0,451.134918212891
arenacam6_1769616059170180299.png,1769616059170180299,1769616059.1701803,42.30244870574246,-83.69680683684156,243.3525390625,0.6736813562420803,-0.738503051301162,-0.015851348516211446,-0.022702603835728374,0.03588,-0.007030000000000001,0.5626100000000002,0.0333,2.0702000000000003,-9.155700000000001,3.736898162818441,8.359216976335084,12.59999942779541,10.179999351501465,11.989999771118164,9.65999984741211,10.231315707364598,8.26625333301321,9.73599036194584,7.844008941297226,9.019392085905219,0.07897571165326711,-330.6000061035156,18.950000762939453,0.0,0.0,0.0,0.0,0.0,snow/ice covered,0.269772380590439,-7.68660593032837,100.0,451.134918212891
arenacam6_1769616059190864644.png,1769616059190864644,1769616059.1908646,42.30244803150002,-83.69680684584391,243.35171508789062,0.6694987458894401,-0.7422939561275338,-0.015675236089771158,-0.022921582025070338,0.04431000000000001,-0.0036200000000000004,0.56266,-0.091,2.197,-9.1987,3.7428048153275557,8.372429803598823,12.5,10.179999351501465,11.989999771118164,9.619999885559082,10.15011525,8.26625333301321,9.73599036194584,7.81152860347292,8.990971887107992,0.0738784436560213,-326.3000183105469,18.850000381469727,0.0,0.0,0.0,0.0,0.0,snow/ice covered,0.269772380590439,-7.68660593032837,100.0,451.134918212891
arenacam6_1769616059211375752.png,1769616059211375752,1769616059.211376,42.30244803150002,-83.69680684584391,243.35171508789062,0.667398892375779,-0.7441817473569957,-0.015541115922728003,-0.02303734082198807,0.05088000000000001,0.0029400000000000003,0.5635300000000001,-0.025500000000000002,2.2004,-9.421000000000001,3.7459758802794454,8.379523285632303,12.519999504089355,10.219999313354492,12.0,9.65999984741211,10.166355031715984,8.298733670837517,9.74411064,7.844008941297226,9.013302070962682,0.07563422926660632,-321.8000183105469,18.899999618530273,0.0,0.0,0.0,0.0,0.0,snow/ice covered,0.269772380590439,-7.68660593032837,100.0,451.134918212891
arenacam6_1769616059232296469.png,1769616059232296469,1769616059.2322965,42.30244667676126,-83.69680690150643,243.34844970703125,0.6610947105574759,-0.7497860847471076,-0.015147996709785679,-0.023348425818681018,0.04619,0.0061,0.5615800000000001,-0.0539,2.1345,-9.568100000000001,3.7577591860155977,8.405881833565731,12.550000190734863,10.279999732971191,12.050000190734863,9.670000076293945,10.190715865878467,8.347454564770146,9.784711255878468,7.852129219351387,9.043752726469618,0.07588387578288211,-317.20001220703125,19.0,0.0,0.0,0.0,0.0,0.0,snow/ice covered,0.269772380590439,-7.68660593032837,100.0,451.134918212891
arenacam6_1769616059253053619.png,1769616059253053619,1769616059.2530537,42.302445998887194,-83.69680694203406,243.34703063964844,0.6568971447712186,-0.7534661330219469,-0.014895487882156572,-0.023517058088266037,0.043710000000000006,0.008000000000000002,0.5560700000000001,0.0252,1.9003,-9.8049,3.7660445308082706,8.424415652746253,12.519999504089355,10.34000015258789,11.989999771118164,9.75,10.166355031715984,8.396175458702775,9.73599036194584,7.917089895,9.053902686841148,0.07472174451526382,-312.5,19.024999618530273,0.0,0.0,0.0,0.0,0.0,snow/ice covered,0.269772380590439,-7.68660593032837,100.0,451.134918212891
arenacam6_1769616059273533704.png,1769616059273533704,1769616059.2735336,42.30244463654728,-83.6968070579034,243.34339904785156,0.6506103087988601,-0.7589039783807598,-0.014705370343545944,-0.02355270187401054,0.018650000000000003,0.01152,0.5514800000000001,0.0911,1.8412000000000002,-9.740300000000001,3.780634915325961,8.457053467489255,12.59000015258789,10.420000076293945,12.029999732971191,9.809999465942383,10.223196203702775,8.461136134351387,9.768470699770145,7.965810014540291,9.10465326309115,0.07657510953329182,-307.8999938964844,18.75,0.0,0.0,0.0,0.0,0.0,snow/ice covered,0.269772380590439,-7.68660593032837,100.0,451.134918212891
arenacam6_1769616059294447422.png,1769616059294447422,1769616059.2944474,42.30244463654728,-83.6968070579034,243.34339904785156,0.6485256928937077,-0.7606874417489491,-0.014693665220132917,-0.023518882298566645,0.012410000000000001,0.00893,0.5485200000000001,0.2403,1.8471000000000002,-9.8552,3.7865584340885787,8.470304023550106,12.619999885559082,10.449999809265137,12.079999923706055,9.889999389648438,10.24755626347292,8.485496194121533,9.809071315648612,8.030770690188904,9.143223615857993,0.07944456189966248,-303.20001220703125,19.075000762939453,0.0,0.0,0.0,0.0,0.0,snow/ice covered,0.269772380590439,-7.68660593032837,100.0,451.134918212891
arenacam6_1769616059315080266.png,1769616059315080266,1769616059.3150802,42.30244395472995,-83.69680712702981,243.34185791015625,0.6443613998461137,-0.7642223336670578,-0.014748592185614227,-0.02334716559617213,-0.00455,0.013160000000000002,0.5450600000000001,0.1738,1.8242,-9.562700000000001,3.7966529986964357,8.492884958904005,12.630000114440918,10.539999961853027,12.119999885559082,9.969999313354492,10.255676541527082,8.558577147824307,9.84155165347292,8.095731365837517,9.187884177165456,0.08183311343842099,-298.5,19.05000114440918,0.0,0.0,0.0,0.0,0.0,snow/ice covered,0.269772380590439,-7.68660593032837,100.0,451.134918212891
arenacam6_1769616059356154705.png,1769616059356154705,1769616059.3561547,42.302442583783524,-83.6968073022721,243.3377685546875,0.6360938205709861,-0.7711297286148079,-0.015044353847727168,-0.022743361562512172,-0.02151,0.013870000000000002,0.5356600000000001,0.3473,2.0620000000000003,-9.6187,3.821570223051812,8.54862329475352,12.630000114440918,10.59000015258789,12.119999885559082,10.059999465942383,10.255676541527082,8.599177763702775,9.84155165347292,8.168812319540292,9.216304569560767,0.0781039533250948,-289.3999938964844,19.100000381469727,0.0,0.0,0.0,0.0,0.0,snow/ice covered,0.269772380590439,-7.68660593032837,100.0,451.134918212891
arenacam6_1769616059377081170.png,1769616059377081170,1769616059.3770812,42.30244189754254,-83.6968074016998,243.3358612060547,0.6299722712042505,-0.7761491875329134,-0.015312129508865914,-0.022201686775115935,-0.0239,0.018160000000000003,0.52585,0.4268,2.0529,-9.4921,3.8421227219816996,8.594598001709743,12.65999984741211,10.619999885559082,12.130000114440918,10.149999618530273,10.280036601297226,8.623537823472919,9.84967193152708,8.241893273243065,9.248784907385073,0.0761160563350596,-284.8999938964844,19.274999618530273,0.0,0.0,0.0,0.0,0.0,snow/ice covered,0.269772380590439,-7.68660593032837,100.0,451.134918212891
arenacam6_1769616059398272489.png,1769616059398272489,1769616059.3982725,42.30244120833734,-83.6968075111217,243.33323669433594,0.6279418423724679,-0.7777956057466674,-0.01541365393394003,-0.02203310126718571,-0.022980000000000004,0.014480000000000002,0.52351,0.4053,2.2745,-9.4582,3.8495614900389654,8.611238079527764,12.639999389648438,10.65999984741211,12.149999618530273,10.219999313354492,10.263796045188904,8.656018161297226,9.865911713243065,8.298733670837517,9.271114897641677,0.07662972641328951,-280.3000183105469,19.200000762939453,0.0,0.0,0.0,0.0,0.0,snow/ice covered,0.269772380590439,-7.68660593032837,100.0,451.134918212891
arenacam6_1769616059418359302.png,1769616059418359302,1769616059.4183593,42.30244051786605,-83.69680764310522,243.3308868408203,0.6219263152179302,-0.7826227315955624,-0.015620461959528566,-0.021571267869993235,-0.015260000000000003,0.015500000000000002,0.5116700000000001,0.4742,2.2,-9.461400000000001,3.8724366008499804,8.662408329905356,12.619999885559082,10.630000114440918,12.149999618530273,10.239999771118164,10.24755626347292,8.631658101527082,9.865911713243065,8.31497422694584,9.265025076297228,0.06956688295464551,-273.5,19.149999618530273,0.0,0.0,0.0,0.0,0.0,snow/ice covered,0.269772380590439,-7.68660593032837,100.0,451.134918212891
arenacam6_1769616059439229741.png,1769616059439229741,1769616059.4392297,42.302439136240686,-83.69680792050869,243.32553100585938,0.6179618902041497,-0.7857622643996754,-0.01570264785164299,-0.021311803097249588,-0.006960000000000001,0.014180000000000002,0.5035200000000001,0.51,2.2743,-9.663,3.887621623362236,8.69637631416392,12.639999389648438,10.649999618530273,12.139999389648438,10.300000190734863,10.263796045188904,8.647897883243065,9.857791435188904,8.363695120878468,9.283295121124835,0.06749004249103056,-268.8999938964844,19.450000762939453,0.0,0.0,0.0,0.0,0.0,snow/ice covered,0.269772380590439,-7.68660593032837,100.0,451.134918212891
arenacam6_1769616059459843833.png,1769616059459843833,1769616059.4598439,42.30243844448995,-83.69680808784034,243.32293701171875,0.6120930810408123,-0.7903480006092286,-0.015803774581180607,-0.021031851652856894,-9e-05,0.007740000000000001,0.4923600000000001,0.3821,2.4242,-9.7817,3.9096489294977848,8.745650076350776,12.710000038146973,10.649999618530273,12.219999313354492,10.319999694824219,10.320637217175694,8.647897883243065,9.922752110837518,8.379934902594453,9.317805528462682,0.06542171789597191,-264.20001220703125,19.625,0.0,0.0,0.0,0.0,0.0,snow/ice covered,0.269772380590439,-7.68660593032837,100.0,451.134918212891
arenacam6_1769616059481288113.png,1769616059481288113,1769616059.4812882,42.302437752026144,-83.69680825652011,243.32032775878906,0.610156547602136,-0.7918454006162085,-0.015808405663745903,-0.020974824232136906,0.00505,0.008650000000000001,0.4895600000000001,0.5273,2.2678000000000003,-9.8026,3.91841276020664,8.765254239816642,12.619999885559082,10.65999984741211,12.1899995803833,10.329999923706055,10.24755626347292,8.656018161297226,9.898392051067372,8.388055180648614,9.297505414121533,0.060722844967475244,-259.5,19.700000762939453,0.0,0.0,0.0,0.0,0.0,snow/ice covered,0.269772380590439,-7.68660593032837,100.0,451.134918212891
arenacam6_1769616059501102255.png,1769616059501102255,1769616059.5011024,42.302437752026144,-83.69680825652011,243.32032775878906,0.6082357489536505,-0.7933227526968375,-0.015813207073130442,-0.020933853691242472,0.006640000000000001,0.00572,0.48441000000000006,0.4882,2.3894,-9.7956,3.926782899538691,8.78397773929408,12.639999389648438,10.679999351501465,12.219999313354492,10.399999618530273,10.263796045188904,8.67225794301321,9.922752110837518,8.444895578243065,9.325925419320674,0.061697296613384515,-254.8000030517578,20.30000114440918,0.0,0.0,0.0,0.0,0.0,snow/ice covered,0.269772380590439,-7.68660593032837,100.0,451.134918212891
arenacam6_1769616059542609115.png,1769616059542609115,1769616059.5426092,42.30243566603802,-83.69680884548517,243.3119354248047,0.5988188966145142,-0.8004569119045604,-0.015699266956218247,-0.02093309004011915,0.02045,-0.0032900000000000004,0.46236000000000005,0.3942,2.4642,-10.0119,3.9618074813594655,8.862325627352243,12.699999809265137,10.829999923706055,12.25,10.479999542236328,10.312516939121533,8.794059790648614,9.947112945,8.509856253891678,9.390886482165456,0.059641326333337234,-245.40000915527344,20.649999618530273,0.0,0.0,0.0,0.0,0.0,snow/ice covered,0.269772380590439,-7.68660593032837,100.0,451.134918212891
arenacam6_1769616059563775849.png,1769616059563775849,1769616059.5637758,42.30243496774881,-83.69680906178176,243.30897521972656,0.5933449380164756,-0.8045231691817627,-0.01561769212603415,-0.020984338746163747,0.014930000000000002,-0.00281,0.45364000000000004,0.1968,2.1572,-10.250300000000001,3.9819618123849074,8.907409656596295,12.670000076293945,10.899999618530273,12.25999927520752,10.550000190734863,10.288156879351387,8.850900188243065,9.955232448661823,8.566697425878468,9.415246735533685,0.05701288012068879,-240.60000610351562,21.05000114440918,0.0,0.0,0.0,0.0,0.0,snow/ice covered,0.269772380590439,-7.68660593032837,100.0,451.134918212891
arenacam6_1769616059584260464.png,1769616059584260464,1769616059.5842605,42.30243427220732,-83.69680929955928,243.30667114257812,0.591545277745649,-0.8058474247288914,-0.015610851101357896,-0.020986037323132683,0.012680000000000002,0.00016,0.44645000000000007,0.0809,2.1462,-10.1302,3.9864982390098684,8.917557370770735,12.670000076293945,10.90999984741211,12.25999927520752,10.639999389648438,10.288156879351387,8.859020466297226,9.955232448661823,8.639777605188904,9.435546849874836,0.058086475653291045,-235.90000915527344,21.100000381469727,0.0,0.0,0.0,0.0,0.0,snow/ice covered,0.269772380590439,-7.68660593032837,100.0,451.134918212891
arenacam6_1769616059604509983.png,1769616059604509983,1769616059.60451,42.30243357583189,-83.69680953775176,243.30430603027344,0.5862303465357476,-0.8097234540908469,-0.01565035428139987,-0.020903949546248208,0.0009300000000000002,0.004810000000000001,0.43225,0.1966,1.7519,-9.8322,4.004027969432679,8.956770325942736,12.719999313354492,11.09999942779541,12.279999732971191,10.699999809265137,10.328756720837516,9.013301877364597,9.971473004770145,8.688498499121533,9.50050752552345,0.060706837374830465,-231.1999969482422,20.950000762939453,0.0,0.0,0.0,0.0,0.0,snow/ice covered,0.269772380590439,-7.68660593032837,100.0,451.134918212891
arenacam6_1769616059625532557.png,1769616059625532557,1769616059.6255326,42.30243357583189,-83.69680953775176,243.30430603027344,0.5844820339270771,-0.810986734051267,-0.01571477118279232,-0.020840229749191152,-0.0066900000000000015,0.0025800000000000003,0.43165000000000003,0.0546,1.9773,-10.030800000000001,4.008498656673192,8.96677098505853,12.670000076293945,11.039999961853027,12.369999885559082,10.789999961853027,10.288156879351387,8.964581757824307,10.04455395847292,8.761579452824307,9.51471801211823,0.06110862293380232,-226.40000915527344,21.024999618530273,0.0,0.0,0.0,0.0,0.0,snow/ice covered,0.269772380590439,-7.68660593032837,100.0,451.134918212891
arenacam6_1769616059645957156.png,1769616059645957156,1769616059.6459572,42.30243218101335,-83.69681005559167,243.29969787597656,0.5793341456984257,-0.8146761162838752,-0.01590850708123505,-0.020535154904303132,-0.013750000000000002,0.005790000000000001,0.41973000000000005,0.3146,2.2403,-10.412700000000001,4.027983632567787,9.010357707036187,12.710000038146973,11.039999961853027,12.4399995803833,10.84999942779541,10.320637217175694,8.964581757824307,10.101394356067372,8.810299572364597,9.549228225857993,0.05980567435197409,-221.6999969482422,21.05000114440918,0.0,0.0,0.0,0.0,0.0,snow/ice covered,0.269772380590439,-7.68660593032837,100.0,451.134918212891
arenacam6_1769616059667263634.png,1769616059667263634,1769616059.6672637,42.30243148487074,-83.6968103243285,243.2976531982422,0.5759791306992997,-0.8170538199019874,-0.016105452233317146,-0.020290657722460977,-0.021580000000000005,0.00821,0.40940000000000004,0.0918,2.201,-10.080300000000001,4.0391592203373365,9.035356826341403,12.559999465942383,11.109999656677246,12.429999351501465,10.949999809265137,10.198835369540292,9.021422155418758,10.09327407801321,8.891500804121533,9.551258101773449,0.05709805216856557,-216.8000030517578,21.149999618530273,0.0,0.0,0.0,0.0,0.0,snow/ice covered,0.269772380590439,-7.68660593032837,100.0,451.134918212891
arenacam6_1769616059687291380.png,1769616059687291380,1769616059.6872914,42.302430785968504,-83.69681060592137,243.29542541503906,0.5743076869916615,-0.8182306135717542,-0.016187728347372296,-0.020181702783224145,-0.015420000000000003,0.0076500000000000005,0.4093300000000001,0.24680000000000002,2.5708,-10.2588,4.045640591078183,9.049855263806432,12.6899995803833,11.139999389648438,12.460000038146973,10.979999542236328,10.304396661067372,9.045782215188904,10.117634912175694,8.915860863891679,9.595918663080912,0.06033946216337633,-212.10000610351562,21.200000762939453,0.0,0.0,0.0,0.0,0.0,snow/ice covered,0.269772380590439,-7.68660593032837,100.0,451.134918212891
arenacam6_1769616059729064910.png,1769616059729064910,1769616059.729065,42.302430089494834,-83.69681090355998,243.29444885253906,0.567783410608072,-0.8227746860320535,-0.016324078461737786,-0.01993336713895405,0.0033700000000000006,0.0019000000000000002,0.39119000000000004,0.1771,2.302,-9.9541,4.076140827127136,9.118082461833776,12.779999732971191,11.09000015258789,12.529999732971191,10.979999542236328,10.377477614770147,9.005182373702773,10.174475309770145,8.915860863891679,9.618249040533685,0.05485436009089556,-200.90000915527344,21.350000381469727,0.0,0.0,0.0,0.0,0.0,snow/ice covered,0.269772380590439,-7.68660593032837,100.0,451.134918212891
arenacam6_1769616059749435984.png,1769616059749435984,1769616059.749436,42.30242869494136,-83.69681151963631,243.29147338867188,0.5629993319133839,-0.8260578811714969,-0.016149717909265084,-0.019982888454674295,0.030980000000000004,-0.0007100000000000001,0.37901,0.51,2.1348000000000003,-9.7995,4.101477337932623,9.174758716315003,12.779999732971191,11.489999771118164,12.59000015258789,11.029999732971191,10.377477614770147,9.329985751945838,10.223196203702775,8.956461479770146,9.721780262547227,0.05962244492157428,-196.8000030517578,21.67500114440918,0.0,0.0,0.0,0.0,0.0,snow/ice covered,0.269772380590439,-7.68660593032837,100.0,451.134918212891
arenacam6_1769616059770101300.png,1769616059770101300,1769616059.7701013,42.302427998858875,-83.69681185244688,243.29054260253906,0.5598718863166052,-0.8281819614177,-0.01589079149414554,-0.020139325716301736,0.04440000000000001,-0.00202,0.37562,0.22190000000000001,2.3544,-9.811300000000001,4.115036041911207,9.205088723592855,12.729999542236328,11.4399995803833,12.59000015258789,11.109999656677246,10.336876998891679,9.289385136067372,10.223196203702775,9.021422155418758,9.717720123520145,0.05569000096798678,-192.8000030517578,21.575000762939453,0.0,0.0,0.0,0.0,0.0,snow/ice covered,0.269772380590439,-7.68660593032837,100.0,451.134918212891
arenacam6_1769616059790652503.png,1769616059790652503,1769616059.7906525,42.30242730269947,-83.69681218699881,243.2895965576172,0.5567987090922031,-0.8302533507925244,-0.015475811665670046,-0.020373274266318377,0.06162000000000001,0.005710000000000001,0.36391000000000007,0.2245,2.0381,-9.6804,4.128081626244611,9.23427091301162,12.819999694824219,11.109999656677246,12.569999694824219,11.210000038146973,10.409957952594452,9.021422155418758,10.206955647594452,9.102623387175694,9.685239785695838,0.04883643515903098,-189.10000610351562,22.024999618530273,0.0,0.0,0.0,0.0,0.0,snow/ice covered,0.269772380590439,-7.68660593032837,100.0,451.134918212891
arenacam6_1769616059811772966.png,1769616059811772966,1769616059.8117728,42.302426604182855,-83.69681253482074,243.2877197265625,0.5537689837465798,-0.832278477789008,-0.01503562328546871,-0.02064892447343796,0.05943000000000001,-0.00015000000000000001,0.36089000000000004,0.1454,1.2636,-9.7812,4.140992097031112,9.263150861532775,12.859999656677246,11.479999542236328,12.59000015258789,11.269999504089355,10.442438290418758,9.321865473891679,10.223196203702775,9.151343506715984,9.784710868682298,0.05630481624944842,-185.1999969482422,21.950000762939453,0.0,0.0,0.0,0.0,0.0,snow/ice covered,0.269772380590439,-7.68660593032837,100.0,451.134918212891
arenacam6_1769616059832043098.png,1769616059832043098,1769616059.832043,42.302425212629274,-83.69681325084747,243.28529357910156,0.5492950935536285,-0.8352457761667453,-0.014494739943849859,-0.020719462046141897,0.031020000000000002,0.02263,0.35407000000000005,0.012,0.9108,-9.2788,4.148727679455079,9.280454895280245,12.979999542236328,11.6899995803833,12.630000114440918,11.309999465942383,10.539879303891679,9.49238744106737,10.255676541527082,9.18382384454029,9.867941782756606,0.06330367359202821,-181.60000610351562,22.25,0.0,0.0,0.0,0.0,0.0,snow/ice covered,0.269772380590439,-7.68660593032837,100.0,451.134918212891
arenacam6_1769616059853415394.png,1769616059853415394,1769616059.8534155,42.302425212629274,-83.69681325084747,243.28529357910156,0.5478355540804349,-0.8362079421333536,-0.014380095833132892,-0.020632402727619313,0.019020000000000002,0.026640000000000004,0.34849,0.28140000000000004,0.8662000000000001,-9.377,4.155646874156208,9.295932718674988,13.09000015258789,11.550000190734863,12.639999389648438,11.389999389648438,10.629200813702774,9.378706645878468,10.263796045188904,9.248784520188904,9.880122006239763,0.06284353654918046,-177.90000915527344,22.325000762939453,0.0,0.0,0.0,0.0,0.0,snow/ice covered,0.269772380590439,-7.68660593032837,100.0,451.134918212891
arenacam6_1769616059873470549.png,1769616059873470549,1769616059.8734705,42.30242451454207,-83.69681361764837,243.28302001953125,0.543504080795381,-0.8390425684038217,-0.014291447464392737,-0.020165244716059422,-0.012360000000000001,0.03398,0.33969000000000005,-0.45080000000000003,1.1808,-9.2852,4.166432244525712,9.320058945069347,13.149999618530273,11.800000190734863,12.639999389648438,11.50999927520752,10.677920933243065,9.581708950878468,10.263796045188904,9.346225533661823,9.967412865743064,0.06945813588616749,-174.10000610351562,22.0,0.0,0.0,0.0,0.0,0.0,snow/ice covered,0.269772380590439,-7.68660593032837,100.0,451.134918212891
arenacam6_1769616059895116446.png,1769616059895116446,1769616059.8951166,42.30242382028188,-83.69681399059718,243.2812957763672,0.5420881124745167,-0.8399648716035942,-0.014277941182957834,-0.01989052994139138,-0.019300000000000005,0.04728,0.3385500000000001,-0.7334,1.0977000000000001,-9.4854,4.163273238271714,9.312992437619528,12.84000015258789,12.179999351501465,12.710000038146973,11.550000190734863,10.426198508702774,9.890271773013211,10.320637217175694,9.378706645878468,10.003953536192537,0.0741932416676185,-170.40000915527344,22.200000762939453,0.0,0.0,0.0,0.0,0.0,snow/ice covered,0.269772380590439,-7.68660593032837,100.0,451.134918212891
arenacam6_1769616059915083612.png,1769616059915083612,1769616059.9150834,42.302423124020756,-83.69681436483059,243.27952575683594,0.5392741472468738,-0.8417911642273517,-0.014271063406145416,-0.019166812180806958,-0.032670000000000005,0.06318000000000001,0.33420000000000005,0.229,1.3096,-9.4627,4.1702123257986825,9.328514760072105,13.049999237060547,11.979999542236328,12.769999504089355,11.539999961853027,10.59671970148613,9.727870083891679,10.369357336715984,9.370586367824306,10.016133372479526,0.07371147820342906,-166.5,22.375,0.0,0.0,0.0,0.0,0.0,snow/ice covered,0.269772380590439,-7.68660593032837,100.0,451.134918212891
arenacam6_1769616059956579066.png,1769616059956579066,1769616059.956579,42.302421732282816,-83.69681514406119,243.27493286132812,0.5338528434629751,-0.8452729673080783,-0.014254082821057794,-0.017651441516850788,-0.03606000000000001,0.06633000000000001,0.31711,0.0734,1.0587,-10.198,4.197758835644329,9.390134649806226,13.15999984741211,12.269999504089355,12.859999656677246,11.670000076293945,10.686041211297226,9.963352726715986,10.442438290418758,9.476147659351389,10.14199497194584,0.08006917367847635,-158.6999969482422,22.200000762939453,0.0,0.0,0.0,0.0,0.0,snow/ice covered,0.269772380590439,-7.68660593032837,100.0,451.134918212891
arenacam6_1769616059977086460.png,1769616059977086460,1769616059.9770865,42.302421035919146,-83.69681554393654,243.27294921875,0.5299046536701744,-0.8477726525648881,-0.014215491631523886,-0.016748354529916274,-0.009530000000000002,0.03692,0.30638000000000004,1.1966,2.3944,-10.2318,4.241870834009556,9.488810543429338,13.119999885559082,12.25999927520752,12.769999504089355,11.739999771118164,10.65356087347292,9.955232448661823,10.369357336715984,9.532988056945838,10.127784678949142,0.06733975060364876,-154.5,22.375,0.0,0.0,0.0,0.0,0.0,snow/ice covered,0.269772380590439,-7.68660593032837,100.0,451.134918212891
arenacam6_1769616059998484339.png,1769616059998484339,1769616059.9984841,42.30241963932462,-83.69681638482105,243.269287109375,0.5273801731706858,-0.8493513815149903,-0.014043410985643184,-0.0165881365114652,0.021140000000000003,0.018580000000000003,0.29480000000000006,0.40700000000000003,2.0335,-10.7635,4.260213875225314,9.529842826046513,13.229999542236328,12.309999465942383,12.859999656677246,11.84000015258789,10.742881608891679,9.99583306454029,10.442438290418758,9.614189288702775,10.198835563138376,0.07019976607204931,-148.10000610351562,22.024999618530273,0.0,0.0,0.0,0.0,0.0,snow/ice covered,0.269772380590439,-7.68660593032837,100.0,451.134918212891
arenacam6_1769616060018829456.png,1769616060018829456,1769616060.0188296,42.30241963932462,-83.69681638482105,243.269287109375,0.5261407520045618,-0.8501224002073003,-0.013864546361059228,-0.016600846365614437,0.037950000000000005,0.0158,0.29123000000000004,0.4717,2.2628,-10.564300000000001,4.268712750796186,9.54885430076602,13.309999465942383,11.699999809265137,12.889999389648438,11.889999389648438,10.80784228454029,9.500507719121533,10.466798350188904,9.654789130188902,10.107484371009907,0.0585023137486842,-143.60000610351562,22.17500114440918,0.0,0.0,0.0,0.0,0.0,snow/ice covered,0.269772380590439,-7.68660593032837,100.0,451.134918212891
arenacam6_1769616060039103157.png,1769616060039103157,1769616060.0391033,42.30241893955876,-83.69681681553858,243.26779174804688,0.5224679876059058,-0.8523901503802742,-0.013176160562436768,-0.016870751452186746,0.05078000000000001,0.008290000000000002,0.28297000000000005,0.09040000000000001,0.42260000000000003,-9.5687,4.294763379407072,9.607127993930856,13.40999984741211,11.719999313354492,12.90999984741211,11.949999809265137,10.889043516297226,9.516747500837518,10.483038906297226,9.703510024121533,10.148084986888376,0.05630787820244102,-139.5,21.825000762939453,0.0,0.0,0.0,0.0,0.0,snow/ice covered,0.269772380590439,-7.68660593032837,100.0,451.134918212891
arenacam6_1769616060060247457.png,1769616060060247457,1769616060.0602477,42.30241753598247,-83.69681770586236,243.2645721435547,0.5200625797709922,-0.8538637104158056,-0.01300435390491408,-0.016809638199836194,0.010340000000000002,0.0158,0.28041,0.7115,1.1315,-9.8838,4.311225704522726,9.643953227475066,13.269999504089355,12.059999465942383,12.899999618530273,11.969999313354492,10.775361946715984,9.79283075954029,10.474918628243065,9.719749805837518,10.190715285084215,0.05669480603156133,-135.1999969482422,22.225000381469727,0.0,0.0,0.0,0.0,0.0,snow/ice covered,0.269772380590439,-7.68660593032837,100.0,451.134918212891
arenacam6_1769616060080350349.png,1769616060080350349,1769616060.0803504,42.30241753598247,-83.69681770586236,243.2645721435547,0.5188722466008637,-0.8545877785659286,-0.012955425567501972,-0.01683678655470821,0.0171,-0.00017,0.27829000000000004,1.5130000000000001,2.4507000000000003,-10.1277,4.3299864901190155,9.685919979206831,13.0,12.1899995803833,12.889999389648438,12.069999694824219,10.556119859999999,9.898392051067372,10.466798350188904,9.800951037594453,10.180565324712681,0.051068493913611276,-131.3000030517578,22.17500114440918,0.0,0.0,0.0,0.0,0.0,snow/ice covered,0.269772380590439,-7.68660593032837,100.0,451.134918212891
arenacam6_1769616060101378308.png,1769616060101378308,1769616060.1013782,42.30241683421924,-83.69681815825673,243.26329040527344,0.5154375251748473,-0.8566566678975113,-0.012569100842322479,-0.01747937906154446,0.05287000000000001,-0.025630000000000003,0.26098000000000005,0.3063,0.5198,-9.7589,4.3640730238739645,9.762169510024627,12.869999885559082,11.979999542236328,12.90999984741211,12.139999389648438,10.45055856847292,9.727870083891679,10.483038906297226,9.857791435188904,10.129814748462682,0.03766019818243529,-127.20000457763672,22.30000114440918,0.0,0.0,0.0,0.0,0.0,snow/ice covered,0.269772380590439,-7.68660593032837,100.0,451.134918212891
arenacam6_1769616060122095740.png,1769616060122095740,1769616060.1220956,42.30241542384612,-83.6968190973328,243.25978088378906,0.513169831752487,-0.8580126374132997,-0.012304035922442053,-0.017878716906337813,0.050710000000000005,-0.01984,0.26355000000000006,0.5659000000000001,1.4073,-9.255,4.37903940488311,9.795648406359224,13.09000015258789,11.989999771118164,12.929999351501465,12.210000038146973,10.629200813702774,9.73599036194584,10.499278688013211,9.914632607175696,10.19477561770938,0.04074535904035185,-123.20000457763672,22.375,0.0,0.0,0.0,0.0,0.0,snow/ice covered,0.269772380590439,-7.68660593032837,100.0,451.134918212891
arenacam6_1769616060142420224.png,1769616060142420224,1769616060.1424203,42.30241471643969,-83.69681956645651,243.2582550048828,0.5098688575072237,-0.8599715210521172,-0.012363411545908002,-0.01816252126036285,-0.025120000000000003,-0.018030000000000004,0.25612,0.4102,-0.7414000000000001,-9.2848,4.397132196198123,9.836120894963429,13.299999237060547,12.380000114440918,12.969999313354492,12.219999313354492,10.799722006486132,10.05267423652708,10.531759025837516,9.922752110837518,10.32672684492206,0.04987799104928095,-119.0999984741211,22.30000114440918,0.0,0.0,0.0,0.0,0.0,snow/ice covered,0.269772380590439,-7.68660593032837,100.0,451.134918212891
arenacam6_1769616060163692638.png,1769616060163692638,1769616060.1636925,42.30241471643969,-83.69681956645651,243.2582550048828,0.5087475531100626,-0.8606331718017934,-0.012650686385277214,-0.01806739972685599,-0.053410000000000006,-0.013340000000000001,0.26158000000000003,0.5171,-0.15660000000000002,-9.1982,4.406041117846206,9.856049618154891,13.359999656677246,12.319999694824219,13.079999923706055,12.289999961853027,10.848442900418759,10.003953342594452,10.621080535648614,9.979593282824307,10.363267515371533,0.051462595752596804,-115.0999984741211,22.100000381469727,0.0,0.0,0.0,0.0,0.0,snow/ice covered,0.269772380590439,-7.68660593032837,100.0,451.134918212891
arenacam6_1769616060184225104.png,1769616060184225104,1769616060.184225,42.30241329435182,-83.696820525107,243.2532958984375,0.506565065565589,-0.8619130679807743,-0.01341180441518881,-0.01782753754247425,-0.07637000000000001,-0.02009,0.25102,0.2,1.087,-9.226,4.4216621338960485,9.890992893797428,13.239999771118164,12.5,13.039999961853027,12.34000015258789,10.751001886945838,10.15011525,10.588600197824306,10.020193898702775,10.37747780836823,0.049184638973492074,-111.4000015258789,22.075000762939453,0.0,0.0,0.0,0.0,0.0,snow/ice covered,0.269772380590439,-7.68660593032837,100.0,451.134918212891
arenacam6_1769616060204843918.png,1769616060204843918,1769616060.204844,42.3024125831239,-83.69682100761074,243.2508087158203,0.5034543199536904,-0.8637304443044593,-0.0143064401517361,-0.017285631946015494,-0.059300000000000005,0.010650000000000001,0.24126000000000003,-0.1883,1.0108000000000001,-9.2928,4.42262575167195,9.893148448945052,13.049999237060547,12.649999618530273,13.09999942779541,12.359999656677246,10.59671970148613,10.271916323243065,10.637320317364598,10.03643368041876,10.385597505628137,0.04977677826471889,-107.5999984741211,22.149999618530273,0.0,0.0,0.0,0.0,0.0,snow/ice covered,0.269772380590439,-7.68660593032837,100.0,451.134918212891
arenacam6_1769616060225590034.png,1769616060225590034,1769616060.22559,42.3024125831239,-83.69682100761074,243.2508087158203,0.5024617802731017,-0.8643080368964602,-0.014555057863225121,-0.017085871694780708,-0.057980000000000004,0.00863,0.231,-0.22,0.7852,-9.3101,4.424319987234029,9.896938352243291,13.109999656677246,12.929999351501465,13.119999885559082,12.420000076293945,10.645440595418759,10.499278688013211,10.65356087347292,10.085154574351387,10.470858682814068,0.05798968429874977,-104.0999984741211,22.25,0.0,0.0,0.0,0.0,0.0,snow/ice covered,0.269772380590439,-7.68660593032837,100.0,451.134918212891
arenacam6_1769616060246013484.png,1769616060246013484,1769616060.2460134,42.302411169325296,-83.69682199863216,243.24464416503906,0.4995203516509238,-0.8660202407797881,-0.014803144151181684,-0.016408161673222274,-0.013630000000000001,0.03440000000000001,0.22166000000000005,-0.1168,2.1947,-9.5748,4.4293160202526245,9.908114178343906,13.519999504089355,13.00999927520752,13.019999504089355,12.519999504089355,10.978364251715986,10.564239363661825,10.572359641715984,10.166355031715984,10.570329572202443,0.0668356643795987,-100.5999984741211,22.075000762939453,0.0,0.0,0.0,0.0,0.0,snow/ice covered,0.269772380590439,-7.68660593032837,100.0,451.134918212891
arenacam6_1769616060269220572.png,1769616060269220572,1769616060.2692206,42.302411169325296,-83.69682199863216,243.24464416503906,0.4985777763023578,-0.8665685427482569,-0.014689228689363258,-0.01622924080388222,0.006530000000000001,0.04134000000000001,0.21818,-0.020300000000000002,2.0739,-9.7964,4.432959229553093,9.916263818956498,13.699999809265137,12.809999465942383,13.09999942779541,12.469999313354492,11.124526159121533,10.401837674540293,10.637320317364598,10.125754415837518,10.572359641715986,0.06616361108760109,-95.5999984741211,22.200000762939453,0.0,0.0,0.0,0.0,0.0,snow/ice covered,0.269772380590439,-7.68660593032837,100.0,451.134918212891
arenacam6_1769616060287667601.png,1769616060287667601,1769616060.2876678,42.30240975701325,-83.6968230089335,243.23858642578125,0.4967201745216626,-0.8676450583222468,-0.014423893419266635,-0.01590824599958538,0.007140000000000001,0.03723,0.21499000000000004,0.7272000000000001,0.1731,-10.482700000000001,4.451143271761025,9.956940430333109,13.670000076293945,12.869999885559082,13.119999885559082,12.389999389648438,11.100166099351387,10.45055856847292,10.65356087347292,10.060793740188904,10.566269820371533,0.06119644827663576,-94.0999984741211,22.05000114440918,0.0,0.0,0.0,0.0,0.0,snow/ice covered,0.269772380590439,-7.68660593032837,100.0,451.134918212891
arenacam6_1769616060309275051.png,1769616060309275051,1769616060.3092752,42.302409055808496,-83.69682353676795,243.2362060546875,0.49397059330281,-0.869223890209809,-0.014086124732971541,-0.015635303981804925,0.043530000000000006,0.03479000000000001,0.20631000000000002,-0.1947,3.677,-10.158800000000001,4.461924849583446,9.981058173027195,13.50999927520752,12.889999389648438,13.109999656677246,12.479999542236328,10.970243973661823,10.466798350188904,10.645440595418759,10.133874693891677,10.55408940329029,0.057411871600112845,-90.0999984741211,21.524999618530273,0.0,0.0,0.0,0.0,0.0,snow/ice covered,0.269772380590439,-7.68660593032837,100.0,451.134918212891
arenacam6_1769616060328837888.png,1769616060328837888,1769616060.3288379,42.302409055808496,-83.69682353676795,243.2362060546875,0.49314381346395775,-0.8696984704025734,-0.013705914836529312,-0.015681126239624664,0.0745,0.028690000000000007,0.18926,0.17020000000000002,2.7979000000000003,-10.067,4.467433592770016,9.99338090101096,13.399999618530273,12.989999771118164,13.15999984741211,12.40999984741211,10.880923238243065,10.54799958194584,10.686041211297226,10.077034296297228,10.54799958194584,0.05549860316830041,-87.70000457763672,21.524999618530273,0.0,0.0,0.0,0.0,0.0,snow/ice covered,0.269772380590439,-7.68660593032837,100.0,451.134918212891
arenacam6_1769616060349610214.png,1769616060349610214,1769616060.3496103,42.302407649318546,-83.69682460103088,243.23147583007812,0.4907625924515713,-0.8710567127125469,-0.012503585511126881,-0.015998169832539166,0.08174000000000001,0.017650000000000002,0.18319000000000002,0.368,1.9708,-10.7554,4.494426960490952,10.053763445000632,13.380000114440918,13.119999885559082,13.279999732971191,12.40999984741211,10.86468345652708,10.65356087347292,10.783482224770147,10.077034296297228,10.594690212766844,0.05380341110325161,-85.20000457763672,21.575000762939453,0.0,0.0,0.0,0.0,0.0,snow/ice covered,0.269772380590439,-7.68660593032837,100.0,451.134918212891
arenacam6_1769616060370192209.png,1769616060370192209,1769616060.370192,42.302406951712975,-83.69682516349822,243.22998046875,0.4892977571305195,-0.8718848922761645,-0.011535619935031653,-0.016473280193654634,0.12477,-0.0017100000000000001,0.16073000000000004,0.742,3.1038,-10.6122,4.5158431413399995,10.1016701565891,13.399999618530273,12.859999656677246,13.289999961853027,12.309999465942383,10.880923238243065,10.442438290418758,10.791602502824306,9.99583306454029,10.527699274006606,0.042174126734836725,-82.4000015258789,21.225000381469727,0.0,0.0,0.0,0.0,0.0,snow/ice covered,0.269772380590439,-7.68660593032837,100.0,451.134918212891
arenacam6_1769616060390788587.png,1769616060390788587,1769616060.3907886,42.30240555176173,-83.69682629081609,243.22720336914062,0.48721943252126554,-0.8730439960137027,-0.0098555597084606,-0.017727761869858402,0.13033000000000003,-0.02706,0.15905,0.5743,0.45030000000000003,-10.960700000000001,4.545224524486341,10.167394547804475,13.429999351501465,12.859999656677246,13.319999694824219,12.289999961853027,10.905283298013211,10.442438290418758,10.815962562594452,9.979593282824307,10.535819358462682,0.036235911661140686,-79.70000457763672,21.75,0.0,0.0,0.0,0.0,0.0,snow/ice covered,0.269772380590439,-7.68660593032837,100.0,451.134918212891
arenacam6_1769616060411749590.png,1769616060411749590,1769616060.4117496,42.30240555176173,-83.69682629081609,243.22720336914062,0.4865374790835921,-0.8734203722474071,-0.00942374137134042,-0.018147393442318534,0.11936000000000001,-0.031120000000000002,0.15335000000000001,0.4743,0.9139,-10.6294,4.553798089975793,10.18657309939045,13.319999694824219,12.719999313354492,13.239999771118164,12.50999927520752,10.815962562594452,10.328756720837516,10.751001886945838,10.158234753661825,10.513488981009907,0.032092822427104394,-76.70000457763672,21.67500114440918,0.0,0.0,0.0,0.0,0.0,snow/ice covered,0.269772380590439,-7.68660593032837,100.0,451.134918212891
arenacam6_1769616060432083038.png,1769616060432083038,1769616060.432083,42.30240414443369,-83.69682745365623,243.22645568847656,0.4858746328849362,-0.8737844387884661,-0.009064756014541625,-0.018558713545141912,0.10574000000000001,-0.03681,0.14908000000000002,0.2928,0.4732,-10.3228,4.5607183744438125,10.202053360528343,13.269999504089355,12.59000015258789,13.09000015258789,12.65999984741211,10.775361946715984,10.223196203702775,10.629200813702774,10.280036601297226,10.47694889135469,0.026945117920076332,-73.9000015258789,21.67500114440918,0.0,0.0,0.0,0.0,0.0,snow/ice covered,0.269772380590439,-7.68660593032837,100.0,451.134918212891
arenacam6_1769616060453347352.png,1769616060453347352,1769616060.4533474,42.30240414443369,-83.69682745365623,243.22645568847656,0.4839803493704362,-0.8748203087770582,-0.008514544963605573,-0.019492339483650548,0.04617,-0.03726000000000001,0.14221000000000003,1.0074,-0.2482,-10.1167,4.587824737051811,10.26268866730068,13.309999465942383,12.819999694824219,13.130000114440918,12.789999961853027,10.80784228454029,10.409957952594452,10.661681151527082,10.385597892824308,10.566269820371533,0.02958105452795558,-70.9000015258789,22.125,0.0,0.0,0.0,0.0,0.0,snow/ice covered,0.269772380590439,-7.68660593032837,100.0,451.134918212891
arenacam6_1769616060473502638.png,1769616060473502638,1769616060.4735026,42.30240343762744,-83.69682803343534,243.22564697265625,0.4827019956296835,-0.875511533349238,-0.008591600379740494,-0.020112751937549255,0.02049,-0.06179000000000001,0.14484000000000002,0.3138,-0.2298,-10.1586,4.609153439564492,10.310399695099397,13.1899995803833,12.739999771118164,13.199999809265137,12.789999961853027,10.710401271067372,10.34499727694584,10.718521549121533,10.385597892824308,10.539879497489764,0.022257119915481096,-67.9000015258789,22.5,0.0,0.0,0.0,0.0,0.0,snow/ice covered,0.269772380590439,-7.68660593032837,100.0,451.134918212891
arenacam6_1769616060494193521.png,1769616060494193521,1769616060.4941933,42.30240200545517,-83.69682920917809,243.22616577148438,0.4807996662599293,-0.8765367989687021,-0.009326437016526256,-0.020686675678287185,-0.04368000000000001,-0.06302,0.14772000000000002,0.9803000000000001,-1.0955000000000001,-10.8781,4.634201047561969,10.36642969133327,13.469999313354492,12.679999351501465,13.380000114440918,13.0,10.937763635837516,10.29627638301321,10.86468345652708,10.556119859999999,10.663710833844451,0.028677293085749647,-64.9000015258789,23.30000114440918,0.0,0.0,0.0,0.0,0.0,snow/ice covered,0.269772380590439,-7.68660593032837,100.0,451.134918212891
arenacam6_1769616060515197464.png,1769616060515197464,1769616060.5151975,42.30240200545517,-83.69682920917809,243.22616577148438,0.48012365707087207,-0.8768971549408984,-0.009794349215914235,-0.020897949681400574,-0.058940000000000006,-0.08118,0.15533000000000002,0.9682000000000001,-0.24750000000000003,-10.967500000000001,4.648288673187615,10.397942864600305,13.460000038146973,12.789999961853027,13.389999389648438,13.09999942779541,10.929644132175694,10.385597892824308,10.872802960188904,10.637320317364598,10.706341325638377,0.02965956488258958,-62.0,23.575000762939453,0.0,0.0,0.0,0.0,0.0,snow/ice covered,0.269772380590439,-7.68660593032837,100.0,451.134918212891
