image_filename,timestamp_ns,timestamp_sec,latitude,longitude,altitude,orientation_x,orientation_y,orientation_z,orientation_w,angular_velocity_x,angular_velocity_y,angular_velocity_z,linear_acceleration_x,linear_acceleration_y,linear_acceleration_z,vehicle_speed_mps,vehicle_speed_mph,wheel_speed_fl_rads,wheel_speed_fr_rads,wheel_speed_rl_rads,wheel_speed_rr_rads,wheel_speed_fl_mph,wheel_speed_fr_mph,wheel_speed_rl_mph,wheel_speed_rr_mph,avg_wheel_speed_mph,wheel_slip,steering_angle_deg,throttle_pedal,brake_pedal,brake_torque_actual,abs_active,esc_active,trac_active,marwis_road_condition,marwis_friction,marwis_surface_temp_c,marwis_ice_percent,marwis_water_film_height
arenacam6_1769615358320344647.png,1769615358320344647,1769615358.3203447,42.299510301242165,-83.69750271429068,234.63644409179688,0.7295941892300399,0.6838622938263267,0.002548997165185786,0.004264356669813356,-0.00075,0.0009500000000000001,0.0008700000000000001,-0.011000000000000001,0.08070000000000001,-9.8063,0.0038706892914057564,0.008658499703517192,0.0,0.0,0.0,0.0,0.0,0.0,0.0,0.0,0.0,0.0,-1.3000000715255737,36.17499923706055,0.0,164.0,0.0,0.0,0.0,snow covered,0.277963280677795,-8.98924160003662,100.0,411.495483398438
arenacam6_1769615358340960345.png,1769615358340960345,1769615358.3409603,42.29951029981264,-83.69750271364974,234.63636779785156,0.7295975541652165,0.6838586476064146,0.0025486784945287456,0.004273556831400165,-0.0006300000000000001,-0.0006500000000000001,-0.00046000000000000007,-0.0099,0.09620000000000001,-9.8122,0.004070110618516038,0.009104593246983267,0.0,0.0,0.0,0.0,0.0,0.0,0.0,0.0,0.0,0.0,-1.3000000715255737,36.17499923706055,0.0,164.0,0.0,0.0,0.0,snow covered,0.277963280677795,-8.98924160003662,100.0,411.495483398438
arenacam6_1769615358360713091.png,1769615358360713091,1769615358.3607132,42.29951030061964,-83.6975027151511,234.6365509033203,0.7295907382542391,0.6838659334041224,0.002551320554035021,0.004269724390806397,-3e-05,0.0011800000000000003,0.00020000000000000004,-0.0119,0.09230000000000001,-9.8214,0.004176577859480936,0.009342754076987286,0.0,0.0,0.0,0.0,0.0,0.0,0.0,0.0,0.0,0.0,-1.3000000715255737,36.17499923706055,0.0,164.0,0.0,0.0,0.0,snow covered,0.277963280677795,-8.98924160003662,100.0,411.495483398438
arenacam6_1769615358381320928.png,1769615358381320928,1769615358.381321,42.29951029933569,-83.69750271459415,234.63648986816406,0.7295924363200962,0.6838641393417098,0.002543467226728915,0.004271599395498485,-0.00030000000000000003,-0.00031,-1e-05,-0.0098,0.09770000000000001,-9.8085,0.004375785099488018,0.009788368720448727,0.0,0.0,0.0,0.0,0.0,0.0,0.0,0.0,0.0,0.0,-1.3000000715255737,36.17499923706055,0.0,164.0,0.0,0.0,0.0,snow covered,0.277963280677795,-8.98924160003662,100.0,411.495483398438
arenacam6_1769615358402036384.png,1769615358402036384,1769615358.4020364,42.29951029810388,-83.69750271405707,234.6364288330078,0.7295951701547297,0.6838612357573588,0.0025395516804726506,0.004271837142414711,0.0004700000000000001,-0.0019600000000000004,0.00102,-0.0258,0.10250000000000001,-9.814,0.0041888142261877915,0.009370126095128519,0.0,0.0,0.0,0.0,0.0,0.0,0.0,0.0,0.0,0.0,-1.3000000715255737,36.17499923706055,0.0,164.0,0.0,0.0,0.0,snow covered,0.277963280677795,-8.98924160003662,100.0,411.495483398438
arenacam6_1769615358422690653.png,1769615358422690653,1769615358.4226906,42.29951029893775,-83.69750271551105,234.63661193847656,0.7295965403576296,0.6838597885282387,0.0025363742800631347,0.0042713859345817244,-0.0006300000000000001,-0.0009000000000000002,-0.00024,-0.028200000000000003,0.10060000000000001,-9.8092,0.004095641307212145,0.009161703865755136,0.0,0.0,0.0,0.0,0.0,0.0,0.0,0.0,0.0,0.0,-1.3000000715255737,36.17499923706055,0.0,164.0,0.0,0.0,0.0,snow covered,0.277963280677795,-8.98924160003662,100.0,411.495483398438
arenacam6_1769615358443350320.png,1769615358443350320,1769615358.4433503,42.29951029771839,-83.69750271493464,234.63656616210938,0.7295985900572851,0.683857606480589,0.002534583199744115,0.004271689720125664,-0.0006600000000000001,-0.00032,0.00021000000000000004,-0.0446,0.1164,-9.788400000000001,0.003722924089377081,0.008327957812491169,0.0,0.0,0.0,0.0,0.0,0.0,0.0,0.0,0.0,0.0,-1.3000000715255737,36.17499923706055,0.0,164.0,0.0,0.0,0.0,snow covered,0.277963280677795,-8.98924160003662,100.0,411.495483398438
arenacam6_1769615358464132316.png,1769615358464132316,1769615358.4641323,42.299510296513546,-83.69750271438097,234.6365203857422,0.7296006542658668,0.6838554199451129,0.0025339322815801073,0.004269554274723011,0.0006900000000000001,-0.00035000000000000005,-0.0005000000000000001,-0.023200000000000002,0.11760000000000001,-9.7926,0.0034556580180587844,0.007730099646916418,0.0,0.0,0.0,0.0,0.0,0.0,0.0,0.0,0.0,0.0,-1.3000000715255737,36.17499923706055,0.0,164.0,0.0,0.0,0.0,snow covered,0.277963280677795,-8.98924160003662,100.0,411.495483398438
arenacam6_1769615358484814363.png,1769615358484814363,1769615358.4848144,42.29951029721112,-83.69750271563075,234.63668823242188,0.7296091804381384,0.6838462684781575,0.0025422452623751956,0.004273394191173584,-0.0009100000000000001,0.00096,0.00101,-0.0427,0.1077,-9.7844,0.003063542341370996,0.006852960405106436,0.0,0.0,0.0,0.0,0.0,0.0,0.0,0.0,0.0,0.0,-1.3000000715255737,36.17499923706055,0.0,164.0,0.0,0.0,0.0,snow covered,0.277963280677795,-8.98924160003662,100.0,411.495483398438
arenacam6_1769615358505554574.png,1769615358505554574,1769615358.5055547,42.299510295893754,-83.6975027149144,234.63665771484375,0.7296060833637006,0.6838495241667207,0.0025495822036959515,0.004276803270793071,-0.0004900000000000001,0.00124,0.0015300000000000003,-0.0221,0.0879,-9.8145,0.002870315364588397,0.006420723251662369,0.0,0.0,0.0,0.0,0.0,0.0,0.0,0.0,0.0,0.0,-1.3000000715255737,36.17499923706055,0.0,164.0,0.0,0.0,0.0,snow covered,0.277963280677795,-8.98924160003662,100.0,411.495483398438
arenacam6_1769615358526352116.png,1769615358526352116,1769615358.5263522,42.29951029522748,-83.69750271538983,234.6367950439453,0.7296016508058557,0.6838542634994389,0.0025503853660359646,0.004274689403338908,-0.0006300000000000001,0.00144,-0.0014200000000000003,-0.020800000000000003,0.09820000000000001,-9.8071,0.0027839839677843386,0.006227605096895499,0.0,0.0,0.0,0.0,0.0,0.0,0.0,0.0,0.0,0.0,-1.3000000715255737,36.17499923706055,0.0,164.0,0.0,0.0,0.0,snow covered,0.277963280677795,-8.98924160003662,100.0,411.495483398438
arenacam6_1769615358548121994.png,1769615358548121994,1769615358.5481222,42.299510293963316,-83.69750271468449,234.6367645263672,0.7296013569474726,0.6838546253997074,0.002551003953187916,0.0042665722381385555,0.00079,0.00143,-0.0002800000000000001,-0.028300000000000002,0.10890000000000001,-9.7981,0.00260433667709621,0.005825744886463596,0.0,0.0,0.0,0.0,0.0,0.0,0.0,0.0,0.0,0.0,-1.3000000715255737,36.17499923706055,0.0,164.0,0.0,0.0,0.0,snow covered,0.277963280677795,-8.98924160003662,100.0,411.495483398438
arenacam6_1769615358568790882.png,1769615358568790882,1769615358.5687907,42.299510291912824,-83.69750271388641,234.63661193847656,0.7296024513785742,0.6838535220495824,0.0025531418679363453,0.004254972309989709,0.0016500000000000002,0.00158,-0.00035000000000000005,-0.0173,0.0966,-9.7965,0.002704903758749053,0.006050707414096107,0.0,0.0,0.0,0.0,0.0,0.0,0.0,0.0,0.0,0.0,-1.3000000715255737,36.17499923706055,0.0,164.0,0.0,0.0,0.0,snow covered,0.277963280677795,-8.98924160003662,100.0,411.495483398438
arenacam6_1769615358630789958.png,1769615358630789958,1769615358.63079,42.29951028849021,-83.69750271345762,234.63650512695312,0.7296055125065046,0.6838503184295232,0.002532171179316896,0.004257489057975056,0.00062,-0.0018200000000000002,-0.00116,-0.0329,0.0906,-9.8088,0.0022931253701522014,0.005129583865508266,0.0,0.0,0.0,0.0,0.0,0.0,0.0,0.0,0.0,0.0,-1.3000000715255737,36.17499923706055,0.0,164.0,0.0,0.0,0.0,snow covered,0.277963280677795,-8.98924160003662,100.0,411.495483398438
arenacam6_1769615358650418678.png,1769615358650418678,1769615358.6504188,42.29951028899878,-83.69750271456368,234.63665771484375,0.7296007339635823,0.683855428048233,0.002531540002421736,0.004256035007618742,0.0002800000000000001,3e-05,-0.0013900000000000002,-0.0207,0.0781,-9.798,0.0022869427310716,0.005115753672843305,0.0,0.0,0.0,0.0,0.0,0.0,0.0,0.0,0.0,0.0,-1.3000000715255737,36.17499923706055,0.0,164.0,0.0,0.0,0.0,snow covered,0.277963280677795,-8.98924160003662,100.0,411.495483398438
arenacam6_1769615358671009021.png,1769615358671009021,1769615358.671009,42.29951028717112,-83.69750271408184,234.63653564453125,0.7296048074457238,0.6838510380356658,0.0025348879605666353,0.0042611116692460845,-0.0014500000000000003,0.0004700000000000001,0.0011900000000000003,-0.0013000000000000002,0.0794,-9.8085,0.0025601563348600295,0.005726916111701795,0.0,0.0,0.0,0.0,0.0,0.0,0.0,0.0,0.0,0.0,-1.3000000715255737,36.17499923706055,0.0,164.0,0.0,0.0,0.0,snow covered,0.277963280677795,-8.98924160003662,100.0,411.495483398438
arenacam6_1769615358691777999.png,1769615358691777999,1769615358.691778,42.29951028536556,-83.69750271361157,234.6364288330078,0.7295997017947519,0.6838565186504757,0.002532572171252224,0.004257125609861431,0.0007700000000000001,0.00048,-0.0012900000000000001,-0.009000000000000001,0.0805,-9.8099,0.0026535719942293585,0.005935881336771422,0.0,0.0,0.0,0.0,0.0,0.0,0.0,0.0,0.0,0.0,-1.3000000715255737,36.17499923706055,0.0,164.0,0.0,0.0,0.0,snow covered,0.277963280677795,-8.98924160003662,100.0,411.495483398438
arenacam6_1769615358712416011.png,1769615358712416011,1769615358.712416,42.299510285923134,-83.69750271487764,234.63658142089844,0.7296014194283356,0.6838546837031733,0.002535434208449683,0.004255810001121032,0.00027000000000000006,0.00042000000000000007,-4e-05,-0.0046,0.0658,-9.8157,0.002926671519230781,0.006546788588228103,0.0,0.0,0.0,0.0,0.0,0.0,0.0,0.0,0.0,0.0,-1.3000000715255737,36.17499923706055,0.0,164.0,0.0,0.0,0.0,snow covered,0.277963280677795,-8.98924160003662,100.0,411.495483398438
arenacam6_1769615358733097419.png,1769615358733097419,1769615358.7330976,42.29951028428035,-83.69750271462277,234.63648986816406,0.7295945149938213,0.6838620111764835,0.002527336799632138,0.004266840668112489,-0.0009500000000000001,-0.00055,-0.00016,-0.0159,0.0921,-9.821100000000001,0.0028267741403119905,0.006323324145429504,0.0,0.0,0.0,0.0,0.0,0.0,0.0,0.0,0.0,0.0,-1.3000000715255737,36.17499923706055,0.0,164.0,0.0,0.0,0.0,snow covered,0.277963280677795,-8.98924160003662,100.0,411.495483398438
arenacam6_1769615358753753990.png,1769615358753753990,1769615358.7537541,42.29951028265002,-83.69750271443696,234.6363983154297,0.7295965325911014,0.6838598074845287,0.0025313814141334446,0.00427263927816915,-0.0011500000000000002,-0.0008500000000000001,-2e-05,-0.040100000000000004,0.096,-9.8057,0.002427562306604136,0.005430311226135056,0.0,0.0,0.0,0.0,0.0,0.0,0.0,0.0,0.0,0.0,-1.3000000715255737,36.17499923706055,0.0,164.0,0.0,0.0,0.0,snow covered,0.277963280677795,-8.98924160003662,100.0,411.495483398438
arenacam6_1769615358774505113.png,1769615358774505113,1769615358.7745051,42.299510283144095,-83.6975027157379,234.63656616210938,0.7295940999218696,0.6838623823378016,0.0025258786198707832,0.004279172777677241,-0.00026000000000000003,-0.0013000000000000002,-0.00037000000000000005,-0.0393,0.1038,-9.783900000000001,0.0021347737167030836,0.004775360717841796,0.0,0.0,0.0,0.0,0.0,0.0,0.0,0.0,0.0,0.0,-1.3000000715255737,36.17499923706055,0.0,164.0,0.0,0.0,0.0,snow covered,0.277963280677795,-8.98924160003662,100.0,411.495483398438
arenacam6_1769615358795190488.png,1769615358795190488,1769615358.7951906,42.29951028138597,-83.69750271551882,234.636474609375,0.7295944112024487,0.6838620438119432,0.0025189910043082204,0.004284257208029249,0.0006600000000000001,-0.00062,0.00023000000000000003,-0.0441,0.1023,-9.7875,0.0015430093976805295,0.0034516194420474836,0.0,0.0,0.0,0.0,0.0,0.0,0.0,0.0,0.0,0.0,-1.3000000715255737,36.17499923706055,0.0,164.0,0.0,0.0,0.0,snow covered,0.277963280677795,-8.98924160003662,100.0,411.495483398438
arenacam6_1769615358816106542.png,1769615358816106542,1769615358.8161066,42.29951027964916,-83.69750271498874,234.63633728027344,0.7295957600683238,0.6838605865607278,0.002518526149407982,0.004287431069664858,-0.00026000000000000003,-0.00035000000000000005,0.00020000000000000004,-0.0193,0.08370000000000001,-9.7918,0.0015375784610047233,0.003439470762559906,0.0,0.0,0.0,0.0,0.0,0.0,0.0,0.0,0.0,0.0,-1.3000000715255737,36.17499923706055,0.0,164.0,0.0,0.0,0.0,snow covered,0.277963280677795,-8.98924160003662,100.0,411.495483398438
arenacam6_1769615358837730460.png,1769615358837730460,1769615358.8377306,42.29951027994096,-83.69750271624208,234.63648986816406,0.7295941349044812,0.6838624263975218,0.0025140471339223686,0.0042731301974993086,0.0022400000000000007,0.00010000000000000002,-0.00020000000000000004,-0.0381,0.10700000000000001,-9.803700000000001,0.0012447926808875544,0.0027845265395846064,0.0,0.0,0.0,0.0,0.0,0.0,0.0,0.0,0.0,0.0,-1.3000000715255737,36.17499923706055,0.0,164.0,0.0,0.0,0.0,snow covered,0.277963280677795,-8.98924160003662,100.0,411.495483398438
arenacam6_1769615358858415961.png,1769615358858415961,1769615358.8584158,42.2995102781289,-83.69750271572036,234.6363525390625,0.7295900428151911,0.683866758399205,0.002526155812199588,0.004271383652083493,-0.00046000000000000007,0.0012300000000000002,-0.00075,-0.0131,0.0872,-9.8071,0.001145209612138067,0.0025617651897761277,0.0,0.0,0.0,0.0,0.0,0.0,0.0,0.0,0.0,0.0,-1.3000000715255737,36.17499923706055,0.0,164.0,0.0,0.0,0.0,snow covered,0.277963280677795,-8.98924160003662,100.0,411.495483398438
arenacam6_1769615358879116149.png,1769615358879116149,1769615358.879116,42.29951027631681,-83.69750271526975,234.63623046875,0.7295886169333718,0.6838682354324487,0.0025216038696256604,0.0042811355600306114,-0.0010000000000000002,-0.0022700000000000003,-2e-05,-0.0296,0.098,-9.8073,0.0009455053963201897,0.002115038841244485,0.0,0.0,0.0,0.0,0.0,0.0,0.0,0.0,0.0,0.0,-1.3000000715255737,36.17499923706055,0.0,164.0,0.0,0.0,0.0,snow covered,0.277963280677795,-8.98924160003662,100.0,411.495483398438
arenacam6_1769615358899958787.png,1769615358899958787,1769615358.8999588,42.299510276504606,-83.69750271648911,234.63638305664062,0.7295916442839125,0.6838649645309188,0.002518483273018842,0.00428953613172332,-0.0009200000000000001,-0.0009200000000000001,0.00027000000000000006,-0.0373,0.10540000000000001,-9.8019,0.0005651353519218124,0.001264173874127979,0.0,0.0,0.0,0.0,0.0,0.0,0.0,0.0,0.0,0.0,-1.3000000715255737,36.17499923706055,0.0,164.0,0.0,0.0,0.0,snow covered,0.277963280677795,-8.98924160003662,100.0,411.495483398438
arenacam6_1769615358920577422.png,1769615358920577422,1769615358.9205775,42.29951027463735,-83.69750271599014,234.63626098632812,0.729598496874393,0.6838576455154721,0.002524527656144768,0.004287282213067336,0.00037000000000000005,0.0011800000000000003,0.0013300000000000002,-0.0477,0.10500000000000001,-9.804400000000001,-2.0248653247116936e-05,4.529502239460576e-05,0.0,0.0,0.0,0.0,0.0,0.0,0.0,0.0,0.0,0.0,-1.3000000715255737,36.17499923706055,0.0,164.0,0.0,0.0,0.0,snow covered,0.277963280677795,-8.98924160003662,100.0,411.495483398438
arenacam6_1769615358940247566.png,1769615358940247566,1769615358.9402475,42.29951027277183,-83.69750271551064,234.63616943359375,0.7295995301986796,0.6838565242046626,0.002531634291849022,0.004286101304953115,-0.0008400000000000001,0.0009700000000000002,0.00025000000000000006,-0.0342,0.10300000000000001,-9.7958,-0.00021285691338763344,0.0004761481438333328,0.0,0.0,0.0,0.0,0.0,0.0,0.0,0.0,0.0,0.0,-1.3000000715255737,36.17499923706055,0.0,164.0,0.0,0.0,0.0,snow covered,0.277963280677795,-8.98924160003662,100.0,411.495483398438
arenacam6_1769615358961203709.png,1769615358961203709,1769615358.9612038,42.299510272795054,-83.69750271663239,234.6363067626953,0.7295944248166456,0.6838620100957273,0.0025279051965203343,0.004282069548303676,0.0008300000000000001,6e-05,0.00062,-0.0162,0.08660000000000001,-9.7753,-0.0003117113085478744,0.0006972794945430822,0.0,0.0,0.0,0.0,0.0,0.0,0.0,0.0,0.0,0.0,-1.3000000715255737,36.17499923706055,0.0,164.0,0.0,0.0,0.0,snow covered,0.277963280677795,-8.98924160003662,100.0,411.495483398438
arenacam6_1769615358981663971.png,1769615358981663971,1769615358.981664,42.29951027092919,-83.69750271619264,234.63621520996094,0.7295900479459551,0.6838667874982669,0.002518404625563851,0.004270425407512837,0.0007400000000000001,-0.0007700000000000001,-0.00021000000000000004,-0.005200000000000001,0.0945,-9.793000000000001,-0.000211631203877013,0.0004734063052006455,0.0,0.0,0.0,0.0,0.0,0.0,0.0,0.0,0.0,0.0,-1.3000000715255737,36.17499923706055,0.0,164.0,0.0,0.0,0.0,snow covered,0.277963280677795,-8.98924160003662,100.0,411.495483398438
arenacam6_1769615359002350282.png,1769615359002350282,1769615359.0023503,42.29951026913852,-83.69750271577534,234.63612365722656,0.729594164627314,0.6838624386884773,0.002510673560666985,0.004268068777839168,0.0008400000000000001,-0.0007300000000000002,0.0013400000000000003,0.0114,0.08650000000000001,-9.8081,0.00028074922580237686,0.0006280191731663689,0.0,0.0,0.0,0.0,0.0,0.0,0.0,0.0,0.0,0.0,-1.3000000715255737,36.17499923706055,0.0,164.0,0.0,0.0,0.0,snow covered,0.277963280677795,-8.98924160003662,100.0,411.495483398438
arenacam6_1769615359022772445.png,1769615359022772445,1769615359.0227726,42.299510269224236,-83.69750271684522,234.63624572753906,0.7295962985325158,0.6838602750120337,0.0025036860678742034,0.00425405502915627,0.0017800000000000001,0.0006000000000000001,0.00030000000000000003,-0.0022,0.10640000000000001,-9.814,0.0006124797592594955,0.001370080472677936,0.0,0.0,0.0,0.0,0.0,0.0,0.0,0.0,0.0,0.0,-1.3000000715255737,36.17499923706055,0.0,164.0,0.0,0.0,0.0,snow covered,0.277963280677795,-8.98924160003662,100.0,411.495483398438
arenacam6_1769615359043399238.png,1769615359043399238,1769615359.043399,42.29951026769471,-83.69750271645314,234.6361541748047,0.7295929996452772,0.6838639138042159,0.0025057839753585753,0.004233593232159939,0.0016300000000000002,0.0021000000000000003,0.00017,0.038700000000000005,0.07050000000000001,-9.8117,0.0015847705650802297,0.0035450366678505692,0.0,0.0,0.0,0.0,0.0,0.0,0.0,0.0,0.0,0.0,-1.3000000715255737,36.17499923706055,0.0,164.0,0.0,0.0,0.0,snow covered,0.277963280677795,-8.98924160003662,100.0,411.495483398438
arenacam6_1769615359064235406.png,1769615359064235406,1769615359.0642354,42.29951026635719,-83.69750271609222,234.63607788085938,0.7295951018751957,0.6838616876414254,0.002515598031977561,0.004225075441467401,-4e-05,0.0008200000000000001,0.00012,0.26080000000000003,0.1076,-9.725,0.005531417130552308,0.01237344823601768,0.0,0.0,0.0,0.0,0.0,0.0,0.0,0.0,0.0,0.0,-1.3000000715255737,36.17499923706055,0.0,164.0,0.0,0.0,0.0,snow covered,0.277963280677795,-8.98924160003662,100.0,411.495483398438
arenacam6_1769615359084934392.png,1769615359084934392,1769615359.0849345,42.29951026755393,-83.69750271710564,234.63616943359375,0.7295931117825446,0.6838638585071073,0.0025201941194454977,0.0042146042323224706,0.00034,0.00011000000000000002,-0.00035000000000000005,0.2409,0.061500000000000006,-9.6073,0.011327543363965978,0.025339034852590057,0.0,0.0,0.0,0.0,0.0,0.0,0.0,0.0,0.0,0.0,-1.3000000715255737,36.17499923706055,0.0,164.0,0.0,0.0,0.0,snow covered,0.277963280677795,-8.98924160003662,100.0,411.495483398438
arenacam6_1769615359105799825.png,1769615359105799825,1769615359.1058,42.2995102683632,-83.6975027133956,234.6354522705078,0.7295989933329509,0.6838575492298526,0.0025484744919207656,0.004203161506308398,-0.0009000000000000002,0.0037600000000000008,0.00039000000000000005,-0.0519,0.12000000000000001,-9.745000000000001,0.011923669393526447,0.02667253301315505,0.0,0.0,0.0,0.0,0.0,0.0,0.0,0.0,0.0,0.0,-1.3000000715255737,36.17499923706055,0.0,164.0,0.0,0.0,0.0,snow covered,0.277963280677795,-8.98924160003662,100.0,411.495483398438
arenacam6_1769615359126672302.png,1769615359126672302,1769615359.1266723,42.299510270782655,-83.69750271415208,234.6354522705078,0.7295896774162997,0.6838676363932086,0.0025810928451502437,0.004158901450002752,0.00202,0.0039900000000000005,-0.0012000000000000001,0.138,0.1114,-9.9284,0.014160332359972577,0.03167581386931706,0.0,0.0,0.0,0.0,0.0,0.0,0.0,0.0,0.0,0.0,-1.3000000715255737,36.17499923706055,0.0,164.0,0.0,0.0,0.0,snow covered,0.277963280677795,-8.98924160003662,100.0,411.495483398438
arenacam6_1769615359148233262.png,1769615359148233262,1769615359.1482332,42.29951027172853,-83.69750271337736,234.63510131835938,0.7295964906974496,0.6838606691850533,0.0025895626506506767,0.004103665314802787,0.00415,0.006150000000000001,0.00023000000000000003,-0.0441,-0.0782,-9.708400000000001,0.013891877816321665,0.03107529716244259,0.0,0.0,0.0,0.0,0.0,0.0,0.0,0.0,0.0,0.0,-1.3000000715255737,36.17499923706055,0.0,164.0,0.0,0.0,0.0,snow covered,0.277963280677795,-8.98924160003662,100.0,411.495483398438
arenacam6_1769615359168826324.png,1769615359168826324,1769615359.1688263,42.29951027392164,-83.69750271162144,234.63478088378906,0.7296000328532737,0.683856999801793,0.0026869910661909517,0.0040219350569986375,-0.0016800000000000003,0.015000000000000001,0.0010400000000000001,0.2169,-0.0756,-9.7368,0.016077683353164732,0.035964813000028316,0.0,0.0,0.0,0.0,0.0,0.0,0.0,0.0,0.0,0.0,-1.3000000715255737,36.17499923706055,0.0,164.0,0.0,0.0,0.0,snow covered,0.277963280677795,-8.98924160003662,100.0,411.495483398438
arenacam6_1769615359188812603.png,1769615359188812603,1769615359.1888125,42.29951027990969,-83.6975027134299,234.63462829589844,0.7296190288117003,0.683836874486043,0.0027908080294568225,0.00392597498380183,0.00102,0.013180000000000002,0.0017400000000000002,0.9583,0.3013,-9.4357,0.03301944353316417,0.07386251401707626,0.0,0.0,0.0,0.0,0.0,0.0,0.0,0.0,0.0,0.0,-1.3000000715255737,36.17499923706055,0.0,164.0,0.0,0.0,0.0,snow covered,0.277963280677795,-8.98924160003662,100.0,411.495483398438
arenacam6_1769615359210164159.png,1769615359210164159,1769615359.2101643,42.29951029220267,-83.69750271456947,234.63380432128906,0.7296290542879282,0.6838267914947996,0.0029307218801835878,0.0037112318833909283,0.005040000000000001,0.029750000000000002,0.0029500000000000004,1.4021000000000001,-0.5197,-9.1257,0.057173366594822486,0.12789339067062222,0.0,0.0,0.0,0.0,0.0,0.0,0.0,0.0,0.0,0.0,-1.3000000715255737,36.17499923706055,0.0,164.0,0.0,0.0,0.0,snow covered,0.277963280677795,-8.98924160003662,100.0,411.495483398438
arenacam6_1769615359229791573.png,1769615359229791573,1769615359.2297914,42.299510305513955,-83.69750271222867,234.633056640625,0.7296865971546613,0.6837650270385663,0.0031972756219373227,0.0035545970794174596,-0.008620000000000001,0.031180000000000006,0.00898,2.1466000000000003,0.194,-9.105,0.09710089955204111,0.21720888624394286,0.0,0.0,0.0,0.0,0.0,0.0,0.0,0.0,0.0,0.0,-1.3000000715255737,36.17499923706055,0.0,164.0,0.0,0.0,0.0,snow covered,0.277963280677795,-8.98924160003662,100.0,411.495483398438
arenacam6_1769615359250478156.png,1769615359250478156,1769615359.250478,42.2995103293062,-83.69750271491732,234.63229370117188,0.7297072169870543,0.6837430621212004,0.0034384829424653333,0.0033135046682599366,0.0031700000000000005,0.038400000000000004,0.00319,1.9002000000000001,0.17420000000000002,-9.426400000000001,0.13737707348015468,0.3073042707506972,0.0,0.0,0.0,0.0,0.0,0.0,0.0,0.0,0.0,0.0,-1.3000000715255737,36.17499923706055,0.0,164.0,0.0,0.0,0.0,snow covered,0.277963280677795,-8.98924160003662,100.0,411.495483398438
arenacam6_1769615359271071953.png,1769615359271071953,1769615359.271072,42.29951036395583,-83.69750271379466,234.63111877441406,0.7297529368090256,0.6836933143777298,0.003941129571248546,0.0029275572580881207,-0.007250000000000001,0.04395,0.004700000000000001,2.2691,0.3013,-9.7375,0.19968501952571174,0.44668340757784564,0.0,0.0,0.0,0.0,0.0,0.0,0.0,0.0,0.0,0.0,-1.3000000715255737,35.82500076293945,0.0,164.0,0.0,0.0,0.0,snow covered,0.277963280677795,-8.98924160003662,100.0,411.495483398438
arenacam6_1769615359291790527.png,1769615359291790527,1769615359.2917905,42.29951039997904,-83.69750271155836,234.62994384765625,0.7297613734748694,0.6836834539167563,0.004253759125433522,0.002679208433350878,-0.0021900000000000005,0.039850000000000003,-0.00027000000000000006,2.3887,0.227,-9.9876,0.24723690961798692,0.5530541326008597,0.0,0.0,0.0,0.0,0.0,0.0,0.0,0.0,0.0,0.0,-1.3000000715255737,35.29999923706055,0.0,124.0,0.0,0.0,0.0,snow covered,0.277963280677795,-8.98924160003662,100.0,411.495483398438
arenacam6_1769615359312454702.png,1769615359312454702,1769615359.3124547,42.29951044741264,-83.69750271114704,234.62918090820312,0.7297625063160217,0.6836813002645388,0.004539947879408746,0.002439860078053624,-0.0038100000000000005,0.03900000000000001,0.0008600000000000002,2.3292,-0.016900000000000002,-10.260900000000001,0.29173625021387317,0.6525964875534215,0.0,0.0,0.0,0.0,0.0,0.0,0.0,0.0,0.0,0.0,-1.2000000476837158,35.25,0.0,72.0,0.0,0.0,0.0,snow covered,0.277963280677795,-8.98924160003662,100.0,411.495483398438
arenacam6_1769615359333256647.png,1769615359333256647,1769615359.3332567,42.299510507653785,-83.69750270580306,234.62818908691406,0.7297545180173256,0.6836885682487246,0.004819264084620687,0.0022493939167316994,-0.004370000000000001,0.031030000000000005,-0.0009800000000000002,2.4890000000000003,0.1626,-10.2635,0.3399096300073766,0.7603574477487011,0.0,0.0,0.0,0.0,0.0,0.0,0.0,0.0,0.0,0.0,-1.100000023841858,34.97500228881836,0.0,0.0,0.0,0.0,0.0,snow covered,0.277963280677795,-8.98924160003662,100.0,411.495483398438
arenacam6_1769615359354173183.png,1769615359354173183,1769615359.3541732,42.29951056868121,-83.69750270063294,234.6272735595703,0.7297340425400869,0.683709249694611,0.005045069569784191,0.0021062557230321064,-0.00478,0.022460000000000004,-0.0034200000000000003,2.2809,0.1637,-10.4509,0.3863859320207825,0.8643221467745692,0.0,0.0,0.0,0.0,0.0,0.0,0.0,0.0,0.0,0.0,-1.100000023841858,35.25,0.0,0.0,0.0,0.0,0.0,snow covered,0.277963280677795,-8.98924160003662,100.0,411.495483398438
arenacam6_1769615359374783658.png,1769615359374783658,1769615359.3747838,42.29951064164434,-83.69750269802653,234.62709045410156,0.7297172525314138,0.6837259942053047,0.0052511991056488246,0.0019801802760332715,-0.00468,0.023230000000000004,-0.0029700000000000004,2.4998,-0.1221,-10.4268,0.4335808070802762,0.9698942505901531,0.0,0.0,0.0,0.0,0.0,0.0,0.0,0.0,0.0,0.0,-1.100000023841858,35.25,0.0,0.0,0.0,0.0,0.0,snow covered,0.277963280677795,-8.98924160003662,100.0,411.495483398438
arenacam6_1769615359395175938.png,1769615359395175938,1769615359.395176,42.29951072800718,-83.69750269159896,234.62684631347656,0.729698533414855,0.6837448445356178,0.005411848779501278,0.001936438989812686,-0.0074,0.014300000000000002,-0.0022,2.5838,0.0413,-10.2698,0.4848009470904616,1.0844706305845373,0.0,0.8199999928474426,0.0,0.6699999570846558,0.0,0.6658475545920575,0.0,0.5440461425523448,0.3024734242861006,0.7210865691004787,-1.100000023841858,35.17499923706055,0.0,0.0,0.0,0.0,0.0,snow covered,0.277963280677795,-8.98924160003662,100.0,411.495483398438
arenacam6_1769615359416161452.png,1769615359416161452,1769615359.4161615,42.29951081454854,-83.69750268509242,234.62667846679688,0.7296879876017918,0.6837549765304765,0.0055628955464924745,0.0019044717361670883,-0.006770000000000001,0.015250000000000001,-0.0017900000000000004,2.4417,-0.06720000000000001,-10.269300000000001,0.5315278298429548,1.1889958636888993,0.0,0.8199999928474426,0.9199999570846558,0.6699999570846558,0.0,0.6658475545920575,0.7470484475523448,0.5440461425523448,0.4892355361741868,0.5885304977795993,-1.100000023841858,35.20000076293945,0.0,0.0,0.0,0.0,0.0,snow covered,0.277963280677795,-8.98924160003662,100.0,411.495483398438
arenacam6_1769615359436945465.png,1769615359436945465,1769615359.4369454,42.299510914368,-83.69750268186253,234.6270751953125,0.7296712065411614,0.6837716202779625,0.005716094380525126,0.0019047079169842282,-0.011050000000000003,0.01055,-0.0009100000000000001,2.8387000000000002,-0.1383,-10.023100000000001,0.5856252646250864,1.3100085794504408,0.0,0.8199999928474426,0.9199999570846558,1.2300000190734863,0.0,0.6658475545920575,0.7470484475523448,0.9987713560878467,0.6029168395580623,0.5397611519376531,-1.2000000476837158,35.0,0.0,0.0,0.0,0.0,0.0,snow covered,0.277963280677795,-8.98924160003662,100.0,411.495483398438
arenacam6_1769615359458434339.png,1769615359458434339,1769615359.4584343,42.29951102922901,-83.69750267603072,234.62722778320312,0.7296771852035985,0.6837641253768052,0.005827246395861858,0.001967089344164063,-0.012210000000000002,0.0012100000000000001,0.0005200000000000001,2.8276000000000003,-0.1648,-9.8942,0.6424605673808825,1.4371457415969915,1.2200000286102295,1.2899999618530273,1.350000023841858,1.2300000190734863,0.9906512716317702,1.0474918628243066,1.0962124663598085,0.9987713560878467,1.033281739225933,0.281018125498027,-1.3000000715255737,34.79999923706055,0.0,0.0,0.0,0.0,0.0,snow covered,0.277963280677795,-8.98924160003662,100.0,411.495483398438
arenacam6_1769615359479862197.png,1769615359479862197,1769615359.4798622,42.29951114395309,-83.69750267010167,234.62742614746094,0.7296899666590891,0.6837492955533324,0.005940494455929797,0.002040566832528011,-0.013770000000000003,0.0009000000000000002,0.0028200000000000005,2.4399,-0.0081,-9.8881,0.6908205235513162,1.5453240619528814,1.5799999237060547,1.6200000047683716,1.6899999380111694,1.5899999141693115,1.282974505648613,1.3154549402719617,1.3722955314644982,1.2910945901046895,1.3154548918724407,0.14875143391603365,-1.399999976158142,34.75,0.0,0.0,0.0,0.0,0.0,snow covered,0.277963280677795,-8.98924160003662,100.0,411.495483398438
arenacam6_1769615359499879167.png,1769615359499879167,1769615359.4998791,42.29951127258221,-83.69750266731583,234.62796020507812,0.7297209765382566,0.6837147061825927,0.006101205849020555,0.0020669390150016395,-0.013850000000000001,0.006590000000000001,0.0048000000000000004,2.8174,-0.09720000000000001,-9.5075,0.7453192120845196,1.6672343582803453,1.5799999237060547,1.6200000047683716,1.6899999380111694,1.5899999141693115,1.282974505648613,1.3154549402719617,1.3722955314644982,1.2910945901046895,1.3154548918724407,0.21099581151311236,-1.399999976158142,34.97500228881836,0.0,0.0,0.0,0.0,0.0,snow covered,0.277963280677795,-8.98924160003662,100.0,411.495483398438
arenacam6_1769615359520357712.png,1769615359520357712,1769615359.5203576,42.299511415882606,-83.69750266140788,234.6280517578125,0.7297570859691774,0.6836745776758539,0.006264791137776936,0.0021023105187250738,-0.013450000000000002,0.014370000000000003,0.006560000000000001,2.7667,-0.0137,-9.5625,0.799772283700023,1.7890426122999294,1.899999976158142,1.9299999475479126,1.96999990940094,1.8700000047683716,1.5428174986401917,1.5671777520084214,1.599658089832728,1.5184572452719618,1.5570276464383257,0.12968666272478194,-1.399999976158142,34.75,0.0,0.0,0.0,0.0,0.0,snow covered,0.277963280677795,-8.98924160003662,100.0,411.495483398438
arenacam6_1769615359540067619.png,1769615359540067619,1769615359.5400677,42.299511560008156,-83.69750265546942,234.62815856933594,0.7298079382888499,0.6836187685669664,0.0064232498229277925,0.002119984734640098,-0.01101,0.014300000000000002,0.007190000000000001,2.7840000000000003,0.049600000000000005,-9.5184,0.8528056301308817,1.9076750262649746,2.2100000381469727,1.9299999475479126,1.96999990940094,2.169999837875366,1.7945404071756936,1.5671777520084214,1.599658089832728,1.7620598757533026,1.6808590311925364,0.11889655834962617,-1.600000023841858,34.875,0.0,0.0,0.0,0.0,0.0,snow covered,0.277963280677795,-8.98924160003662,100.0,411.495483398438
arenacam6_1769615359560772139.png,1769615359560772139,1769615359.5607722,42.29951171725349,-83.69750265179363,234.62844848632812,0.7298899022036459,0.683527953333487,0.006766594277677632,0.0021168076831990287,-0.014200000000000003,0.023020000000000002,0.00855,2.9858000000000002,0.137,-9.738900000000001,0.9355355058087836,2.092736794363901,2.2100000381469727,2.190000057220459,2.25,2.169999837875366,1.7945404071756936,1.7783002382635404,1.827020745,1.7620598757533026,1.7904803165481342,0.14443119585310257,-1.899999976158142,34.97500228881836,0.0,0.0,0.0,0.0,0.0,snow covered,0.277963280677795,-8.98924160003662,100.0,411.495483398438
arenacam6_1769615359581378519.png,1769615359581378519,1769615359.5813785,42.299511890256326,-83.69750264350539,234.6281280517578,0.7298936653465745,0.6835212942028293,0.006996297294284272,0.002220243770781562,-0.029790000000000004,0.009150000000000002,-0.00099,2.8754,-0.661,-9.947700000000001,0.9918502629518998,2.218709527207623,2.5999999046325684,2.440000057220459,2.509999990463257,2.3999998569488525,2.111223894560766,1.9813025432635405,2.0381431344560768,1.9488220118411492,2.0198728960303836,0.08961814457410612,-2.299999952316284,35.25,0.0,0.0,0.0,0.0,0.0,snow covered,0.277963280677795,-8.98924160003662,100.0,411.495483398438
arenacam6_1769615359602192140.png,1769615359602192140,1769615359.6021922,42.2995120626727,-83.69750263690463,234.6278839111328,0.7299406451062276,0.6834666531997516,0.007411554005292834,0.0022488781784511754,-0.028160000000000004,0.054180000000000006,0.00801,1.732,-0.29000000000000004,-8.9291,1.0192645417681132,2.280033624062763,3.879999876022339,2.679999828338623,3.169999837875366,2.5899999141693115,3.1505956729289966,2.1761845702093794,2.5740690957533023,2.1031038101046895,2.500988287249092,0.09690851084582362,-2.700000047683716,35.25,0.0,0.0,0.0,0.0,0.0,snow covered,0.277963280677795,-8.98924160003662,100.0,411.495483398438
arenacam6_1769615359622902660.png,1769615359622902660,1769615359.6229029,42.29951224811692,-83.69750263618099,234.62765502929688,0.7299490516396527,0.6834508158299814,0.00798688981876028,0.002360919890083287,-0.05577000000000001,0.028490000000000005,0.0037700000000000003,3.0142,-0.394,-8.4457,1.07639881280511,2.4078395603162632,4.859999656677246,2.8499999046325684,4.360000133514404,2.819999933242798,3.9463645304187587,2.3142261995607667,3.540360307614927,2.2898659461925366,3.022704245946747,0.25535949145620107,-3.200000047683716,34.92499923706055,0.0,0.0,0.0,0.0,0.0,snow covered,0.277963280677795,-8.98924160003662,100.0,411.495483398438
arenacam6_1769615359643528078.png,1769615359643528078,1769615359.6435282,42.2995124467222,-83.69750263381188,234.6265411376953,0.7299743578665872,0.6834152399777644,0.00861166100770746,0.002624103291903422,-0.06347,0.030960000000000005,0.0036100000000000004,2.4699,0.23,-8.9071,1.1272871302180745,2.5216736730700196,6.460000038146973,2.8499999046325684,4.509999752044678,3.069999933242798,5.245579592175694,2.3142261995607667,3.6621613808579925,2.492868251192536,3.4287088559467476,0.3596957023279127,-3.700000047683716,35.07500076293945,0.0,0.0,0.0,0.0,0.0,snow covered,0.277963280677795,-8.98924160003662,100.0,411.495483398438
arenacam6_1769615359664377497.png,1769615359664377497,1769615359.6643777,42.29951264426601,-83.6975026300829,234.62545776367188,0.7299586795754309,0.6834221476450771,0.00926442059525185,0.0029435916357142006,-0.06999000000000001,0.025720000000000003,-0.00491,1.7157,-0.0548,-9.5523,1.169927595022633,2.617057834409929,8.079999923706055,2.9800000190734863,4.809999942779541,3.25,6.5610344356486126,2.4197874910878467,3.90576430173646,2.6390299649999998,3.8814040483682293,0.48311741427119576,-4.400000095367432,35.57500076293945,0.0,0.0,0.0,0.0,0.0,snow covered,0.277963280677795,-8.98924160003662,100.0,411.495483398438
arenacam6_1769615359684906879.png,1769615359684906879,1769615359.6849067,42.299512854151324,-83.69750262952981,234.62445068359375,0.7299371940035335,0.6834327994098072,0.010075109577894426,0.0031294836819458897,-0.06447,0.04630000000000001,-0.0036000000000000008,2.9726000000000004,0.5774,-9.417900000000001,1.2209438535995407,2.731178143870957,9.09999942779541,3.2799999713897705,5.569999694824219,3.3299999237060547,7.389283437364598,2.66339021836823,4.522891107594452,2.703990640648613,4.319888850993974,0.5816942811615003,-4.800000190734863,35.375,0.0,0.0,0.0,0.0,0.0,snow covered,0.277963280677795,-8.98924160003662,100.0,411.495483398438
arenacam6_1769615359706006666.png,1769615359706006666,1769615359.7060068,42.29951330307477,-83.69750261644336,234.62171936035156,0.729850235936039,0.68351487962393,0.010711979842778174,0.003360941034959731,-0.060610000000000004,0.023540000000000002,-0.013930000000000001,3.02,0.2812,-10.6795,1.2771828947612314,2.856981504607189,10.630000114440918,3.490000009536743,5.519999980926514,3.5,8.631658101527082,2.833912185543923,4.482290878912154,2.8420322700000002,4.69747335899579,0.6442085296739269,-5.400000095367432,35.29999923706055,0.0,0.0,0.0,0.0,0.0,snow covered,0.277963280677795,-8.98924160003662,100.0,411.495483398438
arenacam6_1769615359726420306.png,1769615359726420306,1769615359.7264202,42.2995135429793,-83.69750260749525,234.62100219726562,0.7297892692385816,0.6835696697361202,0.011334017970868738,0.0034160148864297636,-0.03898000000000001,0.04966000000000001,-0.006340000000000001,3.0814000000000004,1.4311,-10.770100000000001,1.3255047835573324,2.9650746705307394,11.800000190734863,3.569999933242798,4.960000038146973,3.7099997997283936,9.581708950878468,2.8988728611925363,4.027565762175694,3.0125540435776093,4.880175404456077,0.6458861737814314,-5.400000095367432,35.29999923706055,0.0,0.0,0.0,0.0,0.0,snow covered,0.277963280677795,-8.98924160003662,100.0,411.495483398438
arenacam6_1769615359747312489.png,1769615359747312489,1769615359.7473123,42.299513798262176,-83.69750259124451,234.6208038330078,0.7296691421868221,0.6836938886527806,0.011593994954287673,0.0033449723745878576,-0.008950000000000001,0.01895,-0.022970000000000004,3.3586,-0.060700000000000004,-10.607700000000001,1.3945337516766547,3.1194883304755763,12.899999618530273,3.8299999237060547,4.170000076293945,3.9099998474121094,10.474918628243065,3.109995250648613,3.386078509351387,3.174955926297226,5.036487078635073,0.6145234554755471,-5.400000095367432,34.775001525878906,0.0,0.0,0.0,0.0,0.0,snow covered,0.277963280677795,-8.98924160003662,100.0,411.495483398438
arenacam6_1769615359768724868.png,1769615359768724868,1769615359.768725,42.299514053437555,-83.69750256995282,234.62057495117188,0.7296130932164406,0.6837520845949933,0.011717011212924873,0.003245407120083871,0.011800000000000001,0.025380000000000003,-0.004750000000000001,2.1391,1.8275000000000001,-10.9064,1.441556988054213,3.2246764888579915,13.75999927520752,3.93999981880188,3.8299999237060547,4.230000019073486,11.173246278661823,3.199316179665456,3.109995250648613,3.4347990160878465,5.229339181265935,0.6216631960863424,-5.400000095367432,35.025001525878906,0.0,60.0,0.0,0.0,0.0,snow covered,0.277963280677795,-8.98924160003662,100.0,411.495483398438
arenacam6_1769615359789632133.png,1769615359789632133,1769615359.7896323,42.29951432071584,-83.69750255105792,234.62147521972656,0.7294907863787417,0.6838851148005759,0.01161931672195671,0.0030551303806990453,0.02091,-0.0022500000000000003,-0.015340000000000003,3.2378,0.2985,-11.417,1.5097166108589957,3.377145475494922,14.369999885559082,4.059999942779541,4.059999942779541,4.089999675750732,11.66857239847292,3.29675738673646,3.29675738673646,3.321117446506605,5.395801154613111,0.5977402198886189,-5.200000286102295,35.32500076293945,0.0,144.0,0.0,0.0,0.0,snow covered,0.277963280677795,-8.98924160003662,100.0,411.495483398438
arenacam6_1769615359810256674.png,1769615359810256674,1769615359.8102567,42.29951460391585,-83.69750252603575,234.62303161621094,0.7294268025544107,0.6839561139953352,0.011498175850538153,0.0028923685378768106,0.014140000000000002,0.01685,-0.0105,3.4038000000000004,-0.6004,-11.6639,1.559431583449939,3.4883548862825067,14.429999351501465,4.210000038146973,4.259999752044678,4.259999752044678,11.71729251801321,3.4185588471756936,3.4591590758579924,3.4591590758579924,5.513542379226222,0.5805566116301689,-5.0,35.20000076293945,0.0,252.0,0.0,0.0,0.0,snow covered,0.277963280677795,-8.98924160003662,100.0,411.495483398438
arenacam6_1769615359829788592.png,1769615359829788592,1769615359.8297887,42.299514888355475,-83.69750250127856,234.6243896484375,0.7293592176001986,0.6840327380228827,0.011251088493692926,0.002785322647693268,0.031120000000000002,0.019190000000000006,-0.013310000000000002,2.7113,0.3612,-10.325000000000001,1.6053214962463511,3.591007867813313,14.380000114440918,4.349999904632568,4.420000076293945,4.369999885559082,11.67669267652708,3.5322400295607665,3.5890808143513873,3.5484801984729195,5.586623429728038,0.5557257559365704,-4.900000095367432,35.125,0.0,172.0,0.0,0.0,0.0,snow covered,0.277963280677795,-8.98924160003662,100.0,411.495483398438
arenacam6_1769615359850539424.png,1769615359850539424,1769615359.8505394,42.299515184306316,-83.69750247930811,234.62649536132812,0.7293221057026945,0.684076878142494,0.010948293032838355,0.0028680662255191947,0.01856,-0.025570000000000002,-0.004660000000000001,1.5233,0.8867,-9.892800000000001,1.6549729673320073,3.7020752295436608,14.059999465942383,4.509999752044678,4.549999713897705,4.659999847412109,11.416849199540291,3.6621613808579925,3.694641718682299,3.7839628412972264,5.639403785094451,0.523308802611663,-4.900000095367432,35.275001525878906,0.0,264.0,0.0,0.0,0.0,snow covered,0.277963280677795,-8.98924160003662,100.0,411.495483398438
arenacam6_1769615359871310740.png,1769615359871310740,1769615359.871311,42.29951549315766,-83.69750245170593,234.62838745117188,0.729300698804,0.6841008050991797,0.010810253592286552,0.0031173071587767107,-0.0023500000000000005,-0.012180000000000002,0.007110000000000001,0.9958,1.462,-9.0055,1.727745758074042,3.8648635960661477,13.269999504089355,4.670000076293945,5.279999732971191,4.809999942779541,10.775361946715984,3.7920831193513873,4.287408464770145,3.90576430173646,5.690154458143494,0.4722782102672962,-5.0,35.275001525878906,0.0,296.0,0.0,0.0,0.0,snow covered,0.277963280677795,-8.98924160003662,100.0,411.495483398438
arenacam6_1769615359891986496.png,1769615359891986496,1769615359.8919864,42.29951580525337,-83.69750242978817,234.6302032470703,0.7292950967146429,0.6841056887706332,0.010845534359091868,0.003231545157208805,-0.023480000000000004,-0.021710000000000004,0.00124,2.6288,-0.1723,-8.6646,1.779245032725782,3.9800643835056113,12.309999465942383,4.809999942779541,6.150000095367432,5.159999847412109,9.99583306454029,3.90576430173646,4.993856780439234,4.1899674512972265,5.771355399503303,0.4500658389902567,-5.200000286102295,35.125,0.0,324.0,0.0,0.0,0.0,snow covered,0.277963280677795,-8.98924160003662,100.0,411.495483398438
arenacam6_1769615359912646728.png,1769615359912646728,1769615359.9126468,42.299516127559954,-83.69750240813089,234.63223266601562,0.7293570957100252,0.684038738845576,0.01085594150343726,0.003373311439096039,-0.005260000000000001,-0.021320000000000006,0.009500000000000001,2.1836,-0.29410000000000003,-9.4335,1.822993622769687,4.077927354518424,11.380000114440918,5.0,6.239999771118164,7.429999828338623,9.240665016527082,4.0600461,5.0669373469458385,6.033228365209379,6.100219207170575,0.4959116916125078,-5.400000095367432,35.17499923706055,0.0,332.0,0.0,0.0,0.0,snow covered,0.277963280677795,-8.98924160003662,100.0,411.495483398438
arenacam6_1769615359933179015.png,1769615359933179015,1769615359.9331791,42.29951646115828,-83.69750238535615,234.63340759277344,0.7293990297042432,0.6839902597627004,0.011037007088795247,0.003544642546711094,-0.03354000000000001,-0.0012900000000000001,0.00651,2.4312,-0.36200000000000004,-9.3778,1.8628901583854232,4.167173510898689,10.639999389648438,5.489999771118164,6.809999942779541,9.609999656677246,8.639777605188904,4.457930431945839,5.529782741736461,7.803408325418759,6.607724776072491,0.5856610622981896,-5.800000190734863,35.10000228881836,0.0,276.0,0.0,0.0,0.0,snow covered,0.277963280677795,-8.98924160003662,100.0,411.495483398438
arenacam6_1769615359953792100.png,1769615359953792100,1769615359.953792,42.29951679377526,-83.69750235481139,234.6343994140625,0.7294959488737622,0.6838856895841129,0.011122988722026966,0.003507603273090994,0.012920000000000001,0.030350000000000002,0.012680000000000002,1.6227,1.8921000000000001,-8.6197,1.889506921670961,4.22671361336264,9.869999885559082,6.239999771118164,7.419999599456787,11.429999351501465,8.014530908472919,5.0669373469458385,6.0251080871552185,9.28126485801321,7.096960300146797,0.6790729037590696,-6.400000095367432,34.775001525878906,0.0,224.0,0.0,0.0,0.0,snow covered,0.277963280677795,-8.98924160003662,100.0,411.495483398438
arenacam6_1769615359974665338.png,1769615359974665338,1769615359.9746652,42.299517137671145,-83.6975023322333,234.63539123535156,0.7294847230285314,0.6838990374725291,0.011090260622347765,0.0033393908820879372,0.011070000000000002,0.007260000000000001,-0.0015400000000000001,2.1125000000000003,-0.2932,-8.6594,1.9353376397450397,4.3292341798512695,9.279999732971191,7.230000019073486,8.09999942779541,12.819999694824219,7.535445344770146,5.870826676087847,6.5772742173645975,10.409957952594452,7.59837604770426,0.7551316773455997,-7.0,35.20000076293945,0.0,224.0,0.0,0.0,0.0,snow covered,0.277963280677795,-8.98924160003662,100.0,411.495483398438
arenacam6_1769615359995423065.png,1769615359995423065,1769615359.995423,42.299517490653386,-83.69750230167371,234.6356201171875,0.7295451255008784,0.6838368473511671,0.010988670002197993,0.003213284037713497,0.018340000000000002,-0.0016400000000000002,0.00858,1.8559,0.48150000000000004,-9.4433,1.9715313721766172,4.410197387676763,9.029999732971191,8.760000228881836,10.130000114440918,14.65999984741211,7.332443039770145,7.113200953054162,8.225653491527082,11.904055041297227,8.643838131412153,0.9599662717059517,-7.800000190734863,35.04999923706055,0.0,188.0,0.0,0.0,0.0,snow covered,0.277963280677795,-8.98924160003662,100.0,411.495483398438
arenacam6_1769615360016207550.png,1769615360016207550,1769615360.0162077,42.29951784388282,-83.69750226925973,234.6356658935547,0.7295549485857917,0.6838302302744234,0.010835481151722594,0.0028957736483772776,0.039580000000000004,0.007700000000000001,0.0022,1.5687,1.0059,-9.2974,2.001417666403731,4.477051234685162,9.019999504089355,10.969999313354492,11.579999923706055,15.309999465942383,7.324322761715985,8.907740585837518,9.403066705648614,12.431860724540291,9.516747694435603,1.125673170926945,-9.199999809265137,35.22500228881836,0.0,164.0,0.0,0.0,0.0,snow covered,0.277963280677795,-8.98924160003662,100.0,411.495483398438
arenacam6_1769615360036781802.png,1769615360036781802,1769615360.0367818,42.2995182071348,-83.69750223929503,234.63597106933594,0.7295445536822971,0.6838471817746327,0.010572255195781756,0.002450222737943078,0.04947000000000001,0.0053100000000000005,-0.00384,2.4628,-0.2931,-9.4244,2.042580833976868,4.569130770756216,9.519999504089355,12.559999465942383,12.239999771118164,15.50999927520752,7.730327371715985,10.198835369540292,9.93899266694584,12.594262413661824,10.115604455465984,1.213901278599605,-10.100000381469727,35.10000228881836,0.0,108.0,0.0,0.0,0.0,snow covered,0.277963280677795,-8.98924160003662,100.0,411.495483398438
arenacam6_1769615360057458789.png,1769615360057458789,1769615360.0574586,42.29951857932511,-83.69750220042492,234.63583374023438,0.7295536856483653,0.6838434078245036,0.010243296032807768,0.002165229373603261,0.047990000000000005,-0.006920000000000001,0.00101,1.7231,1.2936,-9.802100000000001,2.07963121626062,4.6520102529020315,11.199999809265137,13.769999504089355,13.969999313354492,16.209999084472656,9.094503109121534,11.181366556715986,11.343768245837518,13.162668712783356,11.195576656114598,1.4066104861077078,-11.100000381469727,35.10000228881836,0.0,28.0,0.0,0.0,0.0,snow covered,0.277963280677795,-8.98924160003662,100.0,411.495483398438
arenacam6_1769615360079838030.png,1769615360079838030,1769615360.079838,42.29951895349751,-83.69750216198061,234.63584899902344,0.7294719347935169,0.6839387514617705,0.00975515246233355,0.0018214274496176973,0.05825000000000001,-0.01607,-0.014180000000000002,1.3638000000000001,0.42500000000000004,-10.4768,2.1098906563701543,4.719698804860653,13.449999809265137,15.34999942779541,14.579999923706055,15.819999694824219,10.921523854121533,12.464341062364598,11.839094365648613,12.845985612594452,12.0177362236823,1.5462930412647633,-11.90000057220459,35.275001525878906,0.0,28.0,0.0,0.0,0.0,snow covered,0.277963280677795,-8.98924160003662,100.0,411.495483398438
arenacam6_1769615360120425908.png,1769615360120425908,1769615360.120426,42.29951972511433,-83.69750208376422,234.63714599609375,0.7292657291916997,0.6841692126079683,0.009059344169351079,0.0013831229562554694,0.02756,-0.026860000000000005,-0.015860000000000003,1.5146000000000002,0.6233000000000001,-10.4707,2.173203314891767,4.861325423213989,16.709999084472656,17.209999084472656,16.06999969482422,15.1899995803833,13.568673322783358,13.974677932783356,13.048987917594452,12.33441971106737,13.231689721057133,1.721827602380342,-13.199999809265137,35.150001525878906,0.0,28.0,0.0,0.0,0.0,snow covered,0.277963280677795,-8.98924160003662,100.0,411.495483398438
arenacam6_1769615360140091259.png,1769615360140091259,1769615360.1400912,42.29952011339876,-83.69750204380087,234.63780212402344,0.7291243561018397,0.6843238292800066,0.008772377693601027,0.0012709871073911675,0.02491,-0.005180000000000001,-0.023840000000000004,1.1145,-0.6615,-10.0713,2.190187094716351,4.899317119654794,18.60999870300293,18.34000015258789,16.100000381469727,14.859999656677246,15.111490531026423,14.892249218702775,13.073348751756935,12.066456730418759,13.785886307976222,1.8138383311973842,-13.5,35.17499923706055,0.0,24.0,0.0,0.0,0.0,snow covered,0.277963280677795,-8.98924160003662,100.0,411.495483398438
arenacam6_1769615360161214908.png,1769615360161214908,1769615360.161215,42.299520510115286,-83.69750200887216,234.63894653320312,0.7289065380813736,0.6845553967344258,0.008790638024393251,0.0013755824672260844,-0.014780000000000003,-0.00783,-0.01768,2.5774,-0.0891,-10.0098,2.2496117432111724,5.032246492858801,19.770000457763672,19.309999465942383,15.559999465942383,14.50999927520752,16.053422651108324,15.679897604540292,12.634863029540291,11.782253193661825,14.037609119712682,1.7895313036897698,-13.800000190734863,35.35000228881836,0.0,168.0,0.0,0.0,0.0,snow covered,0.277963280677795,-8.98924160003662,100.0,411.495483398438
arenacam6_1769615360181930584.png,1769615360181930584,1769615360.1819305,42.299520918675334,-83.69750197280557,234.63998413085938,0.728764694953822,0.6847054245143925,0.008822058015425613,0.0016347237688404855,-0.026600000000000002,-0.01157,-0.024250000000000004,1.8172000000000001,-1.0207,-9.949,2.288471688436702,5.119173858731596,19.709999084472656,20.03999900817871,14.739999771118164,14.719999313354492,16.004700982783355,16.27266396343197,11.96901571694584,11.952775160837517,14.049788955999672,1.7445422530503507,-14.100000381469727,35.07500076293945,0.0,168.0,0.0,0.0,0.0,snow covered,0.277963280677795,-8.98924160003662,100.0,411.495483398438
arenacam6_1769615360202242196.png,1769615360202242196,1769615360.2022424,42.2995213255072,-83.69750194199615,234.64100646972656,0.7286745775836311,0.6847964811295131,0.009099419741248456,0.002083260983615919,-0.057420000000000006,-0.007170000000000001,-0.008810000000000002,1.5847,-0.1776,-9.863100000000001,2.317942918427195,5.1850992319465306,18.920000076293945,20.3799991607666,13.369999885559082,14.5,15.363214504351387,16.548747222134743,10.85656317847292,11.77413369,13.635664648739763,1.6297789181598397,-14.300000190734863,35.32500076293945,0.0,176.0,0.0,0.0,0.0,snow covered,0.277963280677795,-8.98924160003662,100.0,411.495483398438
arenacam6_1769615360222887121.png,1769615360222887121,1769615360.2228873,42.29952174261731,-83.69750191313737,234.6423797607422,0.7286076290625007,0.6848617053019501,0.009418454870534818,0.002580734522994556,-0.05834000000000001,-0.017120000000000003,-0.012820000000000003,2.2644,0.0741,-9.6049,2.362189929309919,5.284077140470531,17.670000076293945,19.739999771118164,12.75999927520752,13.65999984741211,14.348202979351388,16.029061816945838,10.361237058661825,11.092045821297226,12.95763691906407,1.4522043442216348,-14.600000381469727,35.375,0.0,176.0,0.0,0.0,0.0,snow covered,0.277963280677795,-8.98924160003662,100.0,411.495483398438
arenacam6_1769615360243573453.png,1769615360243573453,1769615360.2435734,42.2995221708745,-83.69750188348539,234.6435089111328,0.7285511283047548,0.684916093784324,0.00966606679171981,0.0031249118179124346,-0.05523,-0.018850000000000002,-0.006,1.2118,-0.128,-10.0425,2.39032288428733,5.3470088727777,16.260000228881836,19.020000457763672,12.369999885559082,12.769999504089355,13.203270103054162,15.444415736108322,10.04455395847292,10.369357336715984,12.265399283587847,1.2938804807361646,-14.90000057220459,35.25,0.0,88.0,0.0,0.0,0.0,snow covered,0.277963280677795,-8.98924160003662,100.0,411.495483398438
arenacam6_1769615360264244570.png,1769615360264244570,1769615360.2642446,42.29952259755909,-83.69750185474507,234.64479064941406,0.7285391474538122,0.684922226294546,0.009999703577038164,0.0035014973035268453,-0.04774000000000001,-0.00101,-0.00262,1.9633,0.16540000000000002,-9.8271,2.4203516416148156,5.414181401193846,15.089999198913574,17.959999084472656,12.219999313354492,11.920000076293945,12.253218479310437,14.583684847783356,9.922752110837518,9.679149964351387,11.609701350570676,1.1443133301759516,-15.100000381469727,35.375,0.0,68.0,0.0,0.0,0.0,snow covered,0.277963280677795,-8.98924160003662,100.0,411.495483398438
arenacam6_1769615360285101885.png,1769615360285101885,1769615360.285102,42.29952303329241,-83.69750182782624,234.646240234375,0.7285496749023083,0.6849077372462933,0.010141121685479626,0.0037309932811414393,-0.016700000000000003,-0.0065000000000000014,0.004320000000000001,2.105,0.8639,-10.2749,2.4615260121277904,5.50628599756914,13.199999809265137,16.850000381469727,11.460000038146973,11.170000076293945,10.718521549121533,13.682355666756935,9.305625692175694,9.070143049351387,10.694161489351387,0.9421732714342368,-15.40000057220459,35.79999923706055,0.0,44.0,0.0,0.0,0.0,snow covered,0.277963280677795,-8.98924160003662,100.0,411.495483398438
arenacam6_1769615360305935105.png,1769615360305935105,1769615360.3059351,42.29952392398486,-83.69750176763071,234.64854431152344,0.7285867718879769,0.6848687994778091,0.010086665166137206,0.0037818669341804466,0.0020000000000000005,-0.0036600000000000005,0.004480000000000001,1.7108,-0.197,-10.261700000000001,2.4959806723696243,5.583359005250507,11.819999694824219,15.960000038146973,10.529999732971191,10.710000038146973,9.597948732594453,12.959667182175693,8.550456869770146,8.696618777175694,9.951172890428996,0.7822914272700469,-15.600000381469727,36.17499923706055,0.0,40.0,0.0,0.0,0.0,snow covered,0.277963280677795,-8.98924160003662,100.0,411.495483398438
arenacam6_1769615360326780976.png,1769615360326780976,1769615360.326781,42.29952437876645,-83.69750173579703,234.6502227783203,0.7286694219864824,0.6847813291203223,0.010090648554536105,0.0036855883979845325,0.010450000000000001,0.014140000000000002,0.015540000000000003,1.8571000000000002,0.6454000000000001,-9.380600000000001,2.527875471732403,5.654705757737082,10.550000190734863,15.769999504089355,10.239999771118164,10.170000076293945,8.566697425878468,12.805384996715986,8.31497422694584,8.258133829351388,9.48629761972292,0.6775934993157234,-15.600000381469727,36.0,0.0,32.0,0.0,0.0,0.0,snow covered,0.277963280677795,-8.98924160003662,100.0,411.495483398438
arenacam6_1769615360348414934.png,1769615360348414934,1769615360.348415,42.29952484528628,-83.69750170223153,234.65110778808594,0.728764592479845,0.6846834956026016,0.009983892812313053,0.0033168481122707637,0.041240000000000006,0.01856,0.012790000000000001,2.7147,0.51,-9.5967,2.576855057230114,5.764270151720332,8.519999504089355,14.710000038146973,9.800000190734863,9.649999618530273,6.918318151715985,11.944655657175694,7.957690510878468,7.8358886632430655,8.664138245753303,0.5030763683356362,-15.600000381469727,36.0,0.0,4.0,0.0,0.0,0.0,snow covered,0.277963280677795,-8.98924160003662,100.0,411.495483398438
arenacam6_1769615360368759782.png,1769615360368759782,1769615360.3687599,42.299525309815714,-83.69750166768324,234.65216064453125,0.728910664247185,0.6845322639770314,0.00981123175332595,0.002926235241738408,0.035550000000000005,0.013740000000000002,0.026410000000000006,2.0274,0.027700000000000002,-10.309000000000001,2.620352444829559,5.861571197937034,7.12999963760376,13.59000015258789,9.170000076293945,9.170000076293945,5.789625444330912,11.035205423702774,7.446124609351387,7.446124609351387,7.929270021684115,0.3527550470554383,-15.40000057220459,35.97500228881836,0.0,4.0,0.0,0.0,0.0,snow covered,0.277963280677795,-8.98924160003662,100.0,411.495483398438
arenacam6_1769615360390436533.png,1769615360390436533,1769615360.3904366,42.29952578848863,-83.69750162917268,234.6542510986328,0.7290067040095524,0.68443422717074,0.009636780677398163,0.0024792427263950045,0.05584000000000001,0.030240000000000003,0.0066500000000000005,2.2103,1.2937,-11.020100000000001,2.6544714148879587,5.93789328681947,7.829999923706055,13.34999942779541,7.919999599456787,8.059999465942383,6.358032130648613,10.840322622364598,6.431112697155218,6.544793879540292,7.54356533242718,0.2704110646737069,-15.5,36.0,0.0,16.0,0.0,0.0,0.0,snow covered,0.277963280677795,-8.98924160003662,100.0,411.495483398438
arenacam6_1769615360410352428.png,1769615360410352428,1769615360.4103525,42.299526281807445,-83.69750159396257,234.65638732910156,0.7291331929791979,0.6843067907238871,0.0092313193303879,0.001945715435029667,0.06983,-0.0033400000000000005,0.023370000000000005,4.0225,-0.6123000000000001,-10.5202,2.7268665728997714,6.099836911582415,7.659999847412109,12.920000076293945,7.46999979019165,7.230000019073486,6.219990501297226,10.491159184351387,6.065708703033686,5.870826676087847,7.161921266192537,0.17411684443455017,-15.5,36.22500228881836,0.0,16.0,0.0,0.0,0.0,snow covered,0.277963280677795,-8.98924160003662,100.0,411.495483398438
arenacam6_1769615360430054211.png,1769615360430054211,1769615360.4300542,42.299526768304716,-83.6975015484471,234.65859985351562,0.7292718204746038,0.6841631817314342,0.00888388957999399,0.0021045500013657475,-0.009240000000000002,-0.031110000000000002,0.024730000000000005,0.7446,0.0412,-11.2568,2.7568368504809824,6.166878624314929,7.899999618530273,12.9399995803833,7.569999694824219,7.549999713897705,6.414872528243065,10.507398966067372,6.146909547594452,6.130669378682298,7.299962605146797,0.18373703292364393,-15.5,36.10000228881836,0.0,0.0,0.0,0.0,0.0,snow covered,0.277963280677795,-8.98924160003662,100.0,411.495483398438
arenacam6_1769615360450531499.png,1769615360450531499,1769615360.4505315,42.29952727265786,-83.69750150984629,234.66197204589844,0.7293917119186146,0.6840362836069221,0.008826768818390871,0.002044858403305526,0.01821,0.00019000000000000004,0.014510000000000002,2.7941000000000003,1.4805000000000001,-10.082600000000001,2.7920283788759006,6.245599961842657,8.59999942779541,12.829999923706055,7.71999979019165,7.62999963760376,6.983278827364597,10.418078230648614,6.268711008033685,6.195630054330912,7.466424530094452,0.19546954267170372,-15.600000381469727,36.22500228881836,0.0,0.0,0.0,0.0,0.0,snow covered,0.277963280677795,-8.98924160003662,100.0,411.495483398438
arenacam6_1769615360471585247.png,1769615360471585247,1769615360.4715853,42.299527787837164,-83.69750147347192,234.66549682617188,0.729480226892062,0.6839457529733701,0.00834023158374159,0.0026918581546526293,-0.03736000000000001,-0.056420000000000005,0.01665,1.9334,-0.8461000000000001,-11.2592,2.8719027459999897,6.424274128637218,9.050000190734863,12.829999923706055,7.940000057220459,7.87999963760376,7.348683595878468,10.418078230648614,6.4473532532635405,6.398632359330912,7.653186859780383,0.19129207542142265,-15.5,36.04999923706055,0.0,0.0,0.0,0.0,0.0,snow covered,0.277963280677795,-8.98924160003662,100.0,411.495483398438
arenacam6_1769615360492030630.png,1769615360492030630,1769615360.4920306,42.29952830112989,-83.69750142431512,234.6685791015625,0.729580158840202,0.683840204353919,0.008092547272910684,0.003142835428615358,-0.0030700000000000002,-0.03545000000000001,0.010320000000000001,1.6353,1.5081,-9.1144,2.8964890529656127,6.479272222140898,10.369999885559082,13.00999927520752,8.09000015258789,7.899999618530273,8.42053551847292,10.564239363661825,6.569154713702774,6.414872528243065,7.992200531020146,0.23350281590412053,-15.5,36.125,0.0,0.0,0.0,0.0,0.0,snow covered,0.277963280677795,-8.98924160003662,100.0,411.495483398438
arenacam6_1769615360512734223.png,1769615360512734223,1769615360.5127342,42.29952882610367,-83.69750138457496,234.67237854003906,0.7295627194082517,0.683861881267596,0.007719178595367991,0.0034029517472332904,0.00423,-0.041510000000000005,-0.00223,2.7356000000000003,-0.6533,-8.6575,2.9455148033457803,6.58893988419631,11.199999809265137,12.329999923706055,8.260000228881836,8.319999694824219,9.094503109121534,10.012073620648613,6.707196343054161,6.7559164625944526,8.14242238385469,0.23577123588339846,-15.300000190734863,36.025001525878906,0.0,0.0,0.0,0.0,0.0,snow covered,0.277963280677795,-8.98924160003662,100.0,411.495483398438
arenacam6_1769615360533404665.png,1769615360533404665,1769615360.5334046,42.29952936340936,-83.69750134368931,234.6751708984375,0.7296575835120268,0.6837621906363887,0.0073122135572913135,0.003950824269555806,-0.013310000000000002,-0.06846000000000001,0.015920000000000004,2.0043,0.3453,-8.9928,2.9947227585545884,6.699015127521101,11.079999923706055,10.539999961853027,8.979999542236328,8.670000076293945,8.997062095648614,8.558577147824307,7.291842423891678,7.040119999351387,7.971900416678996,0.19001080978733542,-15.0,36.025001525878906,0.0,0.0,0.0,0.0,0.0,snow covered,0.277963280677795,-8.98924160003662,100.0,411.495483398438
arenacam6_1769615360553938197.png,1769615360553938197,1769615360.5539382,42.29952989832591,-83.69750129749872,234.67762756347656,0.7296912381782218,0.6837267656554813,0.0070998600020588075,0.004242503998762169,-0.0019400000000000003,-0.030770000000000002,0.0009300000000000002,1.2144000000000001,1.1981000000000002,-7.888800000000001,3.0217443443858096,6.759460793730393,10.420000076293945,8.720000267028809,9.239999771118164,9.6899995803833,8.461136134351387,7.080720615229854,7.502965006945839,7.8683690010673715,7.728297689398612,0.1433305000550998,-14.40000057220459,35.775001525878906,0.0,20.0,0.0,0.0,0.0,snow covered,0.277963280677795,-8.98924160003662,100.0,411.495483398438
arenacam6_1769615360574782042.png,1769615360574782042,1769615360.574782,42.299530443710324,-83.69750125424865,234.67996215820312,0.7296631468959818,0.683758942159188,0.006950375783047151,0.0041344111643085105,0.019770000000000003,-0.007500000000000001,-0.0023800000000000006,1.8364,-0.8413,-8.1027,3.050936236439448,6.82476130474086,9.569999694824219,8.5,9.170000076293945,10.859999656677246,7.770927987594452,6.90207837,7.446124609351387,8.81841985041876,7.73438770434115,0.13328325475184205,-14.0,35.85000228881836,0.0,36.0,0.0,0.0,0.0,snow covered,0.277963280677795,-8.98924160003662,100.0,411.495483398438
arenacam6_1769615360595775295.png,1769615360595775295,1769615360.5957751,42.29953100052763,-83.69750121215503,234.6807403564453,0.7296743331679871,0.6837465367358172,0.007023634646996647,0.004087734577330563,-0.0048600000000000015,0.006590000000000001,0.004000000000000001,2.3402000000000003,0.2649,-8.6692,3.09782028761537,6.929638114178327,8.510000228881836,8.809999465942383,9.4399995803833,11.59999942779541,6.910198648054161,7.153800794540291,7.665366696067372,9.419306487364599,7.787168156506606,0.12374817100098448,-12.90000057220459,35.775001525878906,0.0,36.0,0.0,0.0,0.0,snow covered,0.277963280677795,-8.98924160003662,100.0,411.495483398438
arenacam6_1769615360617752958.png,1769615360617752958,1769615360.6177528,42.29953155349359,-83.69750116643581,234.68133544921875,0.7296558051417434,0.6837668813942089,0.007107875234775116,0.0038387551418008893,0.021070000000000005,0.026610000000000005,-0.0048200000000000005,0.9324,0.3981,-8.6601,3.1186099429507443,6.976143325784238,8.670000076293945,8.529999732971191,9.609999656677246,12.179999351501465,7.040119999351387,6.926438429770146,7.803408325418759,9.890271773013211,7.915059631888376,0.1345895951755818,-12.5,35.92499923706055,0.0,40.0,0.0,0.0,0.0,snow covered,0.277963280677795,-8.98924160003662,100.0,411.495483398438
arenacam6_1769615360637868173.png,1769615360637868173,1769615360.6378684,42.2995321163995,-83.69750112340245,234.6820526123047,0.7296636831793867,0.6837577981641949,0.007428265607999203,0.003317192909800668,0.010050000000000002,0.07772000000000001,0.00529,1.8709,-1.3113000000000001,-8.8695,3.144721457319896,7.0345532167371685,8.920000076293945,8.899999618530273,9.550000190734863,12.769999504089355,7.243122304351388,7.226881748243065,7.754688205878468,10.369357336715984,8.148512398797227,0.15835535644390858,-12.0,35.70000076293945,0.0,48.0,0.0,0.0,0.0,snow covered,0.277963280677795,-8.98924160003662,100.0,411.495483398438
arenacam6_1769615360658977323.png,1769615360658977323,1769615360.6589773,42.29953269231101,-83.6975010882414,234.6815185546875,0.7297174823302838,0.683695780368081,0.00792966407131316,0.00309779214102096,-0.02553,0.03797000000000001,0.012740000000000001,2.6196,-0.5458000000000001,-8.471,3.2014567047990297,7.161466561233142,8.979999542236328,9.050000190734863,9.550000190734863,13.279999732971191,7.291842423891678,7.348683595878468,7.754688205878468,10.783482224770147,8.29467411260469,0.15823679991831457,-11.5,35.70000076293945,0.0,72.0,0.0,0.0,0.0,snow covered,0.277963280677795,-8.98924160003662,100.0,411.495483398438
arenacam6_1769615360679377601.png,1769615360679377601,1769615360.6793776,42.2995332634507,-83.69750104945261,234.68116760253906,0.7298074950300112,0.6835937363044757,0.008514249162726927,0.0028515687790617965,-0.019370000000000002,0.07058,0.013740000000000002,1.3912,-0.49970000000000003,-9.1843,3.230729512945029,7.226948076687253,9.699999809265137,9.75,9.479999542236328,13.679999351501465,7.876489279121533,7.917089895,7.697847033891678,11.108285603013211,8.649927952756606,0.19689914206795156,-11.199999809265137,35.45000076293945,0.0,72.0,0.0,0.0,0.0,snow covered,0.277963280677795,-8.98924160003662,100.0,411.495483398438
arenacam6_1769615360699893201.png,1769615360699893201,1769615360.6998932,42.29953385091805,-83.69750101688705,234.68081665039062,0.7299031244283802,0.68348143741299,0.009370421727634654,0.002597856464042194,-0.050800000000000005,0.0666,0.016430000000000004,3.5315000000000003,-1.0444,-9.4384,3.288616580365561,7.356437973282939,10.369999885559082,10.149999618530273,9.359999656677246,13.380000114440918,8.42053551847292,8.241893273243065,7.600406020418759,10.86468345652708,8.781879567165456,0.19376790765577384,-11.100000381469727,35.20000076293945,0.0,80.0,0.0,0.0,0.0,snow covered,0.277963280677795,-8.98924160003662,100.0,411.495483398438
arenacam6_1769615360719669634.png,1769615360719669634,1769615360.7196698,42.29953445263114,-83.69750098779612,234.6799774169922,0.7300775591773179,0.6832863506785051,0.009991709099288388,0.002585790288479772,-0.032720000000000006,0.047270000000000006,0.02655,2.5088,0.1373,-10.3826,3.34249950140282,7.476970834668024,11.319999694824219,11.719999313354492,9.34999942779541,12.739999771118164,9.191944122594451,9.516747500837518,7.592285742364598,10.34499727694584,9.1614936606856,0.22529482370147147,-11.100000381469727,35.04999923706055,0.0,80.0,0.0,0.0,0.0,snow covered,0.277963280677795,-8.98924160003662,100.0,411.495483398438
arenacam6_1769615360741219292.png,1769615360741219292,1769615360.7412193,42.299535053009244,-83.69750096330459,234.6792755126953,0.7303528701425707,0.6829817666870148,0.010692946160838147,0.0025004699547978254,-0.013620000000000002,0.03742,0.0342,2.1076,1.1131,-11.4411,3.39797242645991,7.601060439645231,12.199999809265137,12.739999771118164,9.449999809265137,11.90999984741211,9.906512329121533,10.34499727694584,7.673486974121532,9.671029686297226,9.399006566621532,0.2365388541839062,-11.100000381469727,34.625,0.0,88.0,0.0,0.0,0.0,snow covered,0.277963280677795,-8.98924160003662,100.0,411.495483398438
arenacam6_1769615360761031014.png,1769615360761031014,1769615360.761031,42.29953566604473,-83.697500931081,234.6797332763672,0.7305136819738847,0.6828085717568041,0.010796739003915451,0.002375965334920654,-0.0026400000000000004,0.0007000000000000001,0.021880000000000004,3.6335,-0.17850000000000002,-12.4228,3.4665672554748648,7.754502956461945,13.179999351501465,13.469999313354492,9.559999465942383,10.559999465942383,10.702280993013211,10.937763635837516,7.762807709540291,8.57481692954029,9.494417316982826,0.22437471109234466,-11.100000381469727,34.67499923706055,0.0,64.0,0.0,0.0,0.0,snow covered,0.277963280677795,-8.98924160003662,100.0,411.495483398438
arenacam6_1769615360781846547.png,1769615360781846547,1769615360.7818465,42.29953629354449,-83.69750089606939,234.68115234375,0.7307655482018137,0.6825439642571951,0.010491631473440595,0.00231863891129102,0.04612000000000001,-0.010000000000000002,0.03869000000000001,2.0488,1.2407000000000001,-11.869200000000001,3.5075094483453695,7.846088185381691,14.380000114440918,13.989999771118164,9.84999942779541,9.519999504089355,11.67669267652708,11.36000880194584,7.998290352364598,7.730327371715985,9.691329800638377,0.23517982103420867,-11.100000381469727,34.97500228881836,0.0,64.0,0.0,0.0,0.0,snow covered,0.277963280677795,-8.98924160003662,100.0,411.495483398438
arenacam6_1769615360804548624.png,1769615360804548624,1769615360.8045485,42.29953691912062,-83.69750086225483,234.68251037597656,0.7308724118777268,0.6824349558717276,0.010153509934277369,0.0022259371963369583,0.012480000000000002,-0.010790000000000003,0.01674,3.2589,-0.2831,-12.0692,3.5573581870099376,7.95759682285001,14.65999984741211,14.4399995803833,9.969999313354492,9.75,11.904055041297227,11.725412796067372,8.095731365837517,7.917089895,9.910572274550528,0.24542276960961448,-11.100000381469727,35.29999923706055,0.0,32.0,0.0,0.0,0.0,snow covered,0.277963280677795,-8.98924160003662,100.0,411.495483398438
arenacam6_1769615360823202766.png,1769615360823202766,1769615360.8232028,42.29953755815001,-83.69750081836177,234.6855010986328,0.7310891910154963,0.6822126460529911,0.009481497603206277,0.0021451221140047594,0.07479000000000001,-0.031120000000000002,0.02919,2.9687,1.834,-10.3538,3.611407396347039,8.078501661184546,14.059999465942383,14.199999809265137,10.179999351501465,9.84999942779541,11.416849199540291,11.530530769121533,8.26625333301321,7.998290352364598,9.802980913509908,0.21346523460050904,-11.0,35.150001525878906,0.0,32.0,0.0,0.0,0.0,snow covered,0.277963280677795,-8.98924160003662,100.0,411.495483398438
arenacam6_1769615360843815410.png,1769615360843815410,1769615360.8438153,42.29953821409335,-83.69750077598219,234.6891632080078,0.7311471022154014,0.6821598601938492,0.008757175146536378,0.0022697898102149484,0.021740000000000002,-0.058690000000000006,0.01024,1.5030000000000001,-0.9331,-9.6005,3.661849860524645,8.191338427002,13.039999961853027,13.15999984741211,10.300000190734863,10.039999961853027,10.588600197824306,10.686041211297226,8.363695120878468,8.152572537824307,9.447727266956077,0.1533801650548958,-11.0,34.82500076293945,0.0,24.0,0.0,0.0,0.0,snow covered,0.277963280677795,-8.98924160003662,100.0,411.495483398438
arenacam6_1769615360864385248.png,1769615360864385248,1769615360.8643854,42.29953886635586,-83.69750073627124,234.692626953125,0.7313205694693548,0.6819756076797555,0.008539883775590226,0.00256233993573832,-0.011230000000000002,-0.04785000000000001,0.02441,2.9382,0.2291,-8.772400000000001,3.7120977544742186,8.30373995089356,12.569999694824219,11.699999809265137,10.6899995803833,10.219999313354492,10.206955647594452,9.500507719121533,8.680378221067372,8.298733670837517,9.17164381465522,0.10451963439296592,-10.90000057220459,34.5,0.0,16.0,0.0,0.0,0.0,snow covered,0.277963280677795,-8.98924160003662,100.0,411.495483398438
arenacam6_1769615360885039966.png,1769615360885039966,1769615360.8850398,42.29953953280227,-83.69750069208408,234.6960906982422,0.7313462725579749,0.6819464653982505,0.008519530599680723,0.003010904307710249,-0.04002000000000001,-0.029690000000000005,0.0032700000000000003,2.7585,-0.3987,-9.5458,3.762985413026863,8.417572589816311,11.859999656677246,10.239999771118164,10.59999942779541,10.369999885559082,9.630429070418758,8.31497422694584,8.607297267364597,8.42053551847292,8.74330902080053,0.03869719298628898,-10.699999809265137,34.85000228881836,0.0,12.0,0.0,0.0,0.0,snow covered,0.277963280677795,-8.98924160003662,100.0,411.495483398438
arenacam6_1769615360905970974.png,1769615360905970974,1769615360.905971,42.29954089383559,-83.69750061110621,234.7020721435547,0.7314096774478187,0.6818717305940465,0.008780025802423312,0.0037064672218314865,-0.07437,-0.021820000000000003,0.014500000000000002,2.0498000000000003,-0.1819,-10.7186,3.800369455623452,8.501198450062326,10.630000114440918,10.529999732971191,10.639999389648438,10.469999313354492,8.631658101527082,8.550456869770146,8.639777605188904,8.501735975837518,8.580907138080912,0.009376170723082207,-10.600000381469727,34.92499923706055,0.0,4.0,0.0,0.0,0.0,snow covered,0.277963280677795,-8.98924160003662,100.0,411.495483398438
arenacam6_1769615360927919979.png,1769615360927919979,1769615360.9279199,42.299541582895536,-83.69750057090349,234.70553588867188,0.7314562100079456,0.6818113021764599,0.00922337929123063,0.004482224860759288,-0.09358000000000001,-0.019600000000000003,0.004030000000000001,2.0421,-0.6299,-10.118400000000001,3.840817327573182,8.591677912741554,10.59999942779541,10.729999542236328,10.489999771118164,10.429999351501465,8.607297267364597,8.712858558891678,8.51797653194584,8.46925563801321,8.576846999053831,0.0017261952599187062,-10.40000057220459,34.79999923706055,0.0,0.0,0.0,0.0,0.0,snow covered,0.277963280677795,-8.98924160003662,100.0,411.495483398438
arenacam6_1769615360948586842.png,1769615360948586842,1769615360.9485867,42.29954228425128,-83.69750053311519,234.70909118652344,0.7314699860271221,0.6817853601195186,0.009666003708520854,0.00519140062863244,-0.07379000000000002,-0.009710000000000002,0.017120000000000003,1.6768,0.886,-10.3405,3.870512214547241,8.658103593209306,10.779999732971191,10.90999984741211,10.699999809265137,10.789999961853027,8.753459174770146,8.859020466297226,8.688498499121533,8.761579452824307,8.765639398253303,0.012420249294353373,-10.300000190734863,34.775001525878906,0.0,0.0,0.0,0.0,0.0,snow covered,0.277963280677795,-8.98924160003662,100.0,411.495483398438
arenacam6_1769615360970146507.png,1769615360970146507,1769615360.9701467,42.299542986005015,-83.69750049770646,234.71250915527344,0.7315375116593166,0.6817050980651463,0.00987470645143399,0.005789514641364691,-0.05716,-0.039040000000000005,0.004620000000000001,2.2416,-0.3043,-9.7573,3.919255113597259,8.767138533810252,10.979999542236328,11.59999942779541,10.899999618530273,11.179999351501465,8.915860863891679,9.419306487364599,8.850900188243065,9.07826255301321,9.066082523128138,0.03409823948429875,-10.0,34.625,0.0,0.0,0.0,0.0,0.0,snow covered,0.277963280677795,-8.98924160003662,100.0,411.495483398438
arenacam6_1769615360990517088.png,1769615360990517088,1769615360.990517,42.29954369824102,-83.69750045562571,234.71600341796875,0.7315975487134813,0.6816336953743896,0.01004974121005486,0.006287666362826077,-0.040440000000000004,-0.020780000000000003,0.015160000000000003,1.9571,0.2485,-9.2232,3.956775571154584,8.851069546138536,11.119999885559082,11.539999961853027,11.050000190734863,11.4399995803833,9.029542433472919,9.370586367824306,8.972702035878468,9.289385136067372,9.165553993310766,0.03553067180558202,-9.800000190734863,34.70000076293945,0.0,0.0,0.0,0.0,0.0,snow covered,0.277963280677795,-8.98924160003662,100.0,411.495483398438
arenacam6_1769615361010227667.png,1769615361010227667,1769615361.0102277,42.29954442296542,-83.69750041176044,234.7186737060547,0.7317137759427043,0.6815088566228669,0.009951347300756372,0.0064497385344292,0.010700000000000001,-0.03645000000000001,0.01708,2.6807000000000003,1.2683,-8.4853,4.011167584826594,8.972741217202001,11.010000228881836,11.75999927520752,11.1899995803833,11.429999351501465,8.940221698054161,9.549227838661823,9.086382831067372,9.28126485801321,9.214274306449141,0.026918539541081064,-9.5,35.10000228881836,0.0,0.0,0.0,0.0,0.0,snow covered,0.277963280677795,-8.98924160003662,100.0,411.495483398438
arenacam6_1769615361029845133.png,1769615361029845133,1769615361.0298452,42.29954514621464,-83.69750037019044,234.7214813232422,0.7318063686566432,0.6814172191586246,0.009550163918576287,0.006229494107267787,0.045970000000000004,-0.014890000000000002,0.018290000000000004,1.3531,0.0741,-8.8764,4.041305903428995,9.040158827616457,11.170000076293945,12.59999942779541,11.34999942779541,11.75,9.070143049351387,10.231315707364598,9.216304182364599,9.541108335,9.514717818520147,0.052494541296550734,-9.100000381469727,34.900001525878906,0.0,0.0,0.0,0.0,0.0,snow covered,0.277963280677795,-8.98924160003662,100.0,411.495483398438
arenacam6_1769615361050549203.png,1769615361050549203,1769615361.0505493,42.299545880099515,-83.69750031845417,234.7237091064453,0.731958099810475,0.6812658930792628,0.009082788225135075,0.005623700455278422,0.09113000000000002,0.007600000000000001,0.0204,2.4563,1.5713000000000001,-8.8041,4.075800216188297,9.11732053560025,11.729999542236328,12.929999351501465,11.469999313354492,11.989999771118164,9.524867778891679,10.499278688013211,9.313745195837516,9.73599036194584,9.768470506172061,0.0714190060587732,-8.699999809265137,34.900001525878906,0.0,0.0,0.0,0.0,0.0,snow covered,0.277963280677795,-8.98924160003662,100.0,411.495483398438
arenacam6_1769615361071599093.png,1769615361071599093,1769615361.071599,42.299546626384355,-83.69750026063679,234.7252655029297,0.7321833952300633,0.681048380360622,0.007884030717253541,0.004292017847121058,0.11900000000000001,-0.0034300000000000003,0.0318,2.2054,0.2927,-9.2613,4.149998222556371,9.283297023965249,11.769999504089355,12.739999771118164,11.800000190734863,11.449999809265137,9.557348116715985,10.34499727694584,9.581708950878468,9.297505414121533,9.695389939665457,0.0443907929086371,-8.199999809265137,34.875,0.0,0.0,0.0,0.0,0.0,snow covered,0.277963280677795,-8.98924160003662,100.0,411.495483398438
arenacam6_1769615361092170876.png,1769615361092170876,1769615361.0921707,42.299547371263465,-83.69750020467262,234.7267608642578,0.7323624509754239,0.6808666356370235,0.007307560650328799,0.0035305006631407626,0.08093000000000002,0.015460000000000002,0.022390000000000004,1.9484000000000001,-0.6741,-9.3857,4.184015922254913,9.359392577128906,12.059999465942383,12.479999542236328,11.929999351501465,11.809999465942383,9.79283075954029,10.133874693891677,9.687269468013211,9.58982845454029,9.800950843996366,0.04717809016222642,-7.599999904632568,34.60000228881836,0.0,4.0,0.0,0.0,0.0,snow covered,0.277963280677795,-8.98924160003662,100.0,411.495483398438
arenacam6_1769615361114521719.png,1769615361114521719,1769615361.1145215,42.299548127491356,-83.6975001456892,234.72764587402344,0.7325532993876808,0.6806658305362494,0.0071544316860654225,0.002916299687996888,0.05748000000000001,0.03672,0.026780000000000005,2.8795,1.1375,-7.4739,4.23349479615441,9.470073849309648,12.960000038146973,11.649999618530273,11.90999984741211,12.199999809265137,10.523639522175694,9.459907103243065,9.671029686297226,9.906512329121533,9.89027216020938,0.04437117572534702,-7.0,34.42499923706055,0.0,4.0,0.0,0.0,0.0,snow covered,0.277963280677795,-8.98924160003662,100.0,411.495483398438
arenacam6_1769615361133308247.png,1769615361133308247,1769615361.1333082,42.299548897191656,-83.69750008954536,234.7277069091797,0.7326305704523568,0.6805842903456804,0.00707256762447153,0.002729424942812954,-0.0021100000000000003,-0.00124,0.013770000000000003,1.588,-1.0526,-8.6251,4.278750629229657,9.57130843254899,13.179999351501465,12.09999942779541,12.139999389648438,11.649999618530273,10.702280993013211,9.825311097364597,9.857791435188904,9.459907103243065,9.961322657202444,0.04074826627957563,-6.700000286102295,34.54999923706055,0.0,0.0,0.0,0.0,0.0,snow covered,0.277963280677795,-8.98924160003662,100.0,411.495483398438
arenacam6_1769615361154126588.png,1769615361154126588,1769615361.1541266,42.299549664840804,-83.697500035015,234.72821044921875,0.7327197044445485,0.6804799696293788,0.007784037386552696,0.002873049574560892,-0.08346000000000002,0.05007000000000001,0.016390000000000002,2.0883000000000003,-1.5747,-10.655700000000001,4.305246790379833,9.630578755272264,12.50999927520752,12.300000190734863,12.059999465942383,11.920000076293945,10.158234753661825,9.987713560878468,9.79283075954029,9.679149964351387,9.904482259607992,0.02844102221642485,-6.700000286102295,34.0,0.0,0.0,0.0,0.0,0.0,snow covered,0.277963280677795,-8.98924160003662,100.0,411.495483398438
arenacam6_1769615361174846408.png,1769615361174846408,1769615361.1748464,42.29955044364574,-83.69749997892224,234.72848510742188,0.732860527247297,0.6803168159363692,0.008531998956483442,0.0034179746664932385,-0.07500000000000001,0.00642,0.018690000000000002,2.3107,2.1187,-10.4929,4.359525994449178,9.751998078023144,12.139999389648438,12.679999351501465,12.0,12.199999809265137,9.857791435188904,10.29627638301321,9.74411064,9.906512329121533,9.951172696830913,0.02042398052319387,-6.800000190734863,34.125,0.0,0.0,0.0,0.0,0.0,snow covered,0.277963280677795,-8.98924160003662,100.0,411.495483398438
arenacam6_1769615361195743956.png,1769615361195743956,1769615361.195744,42.29955123403614,-83.69749992503922,234.72982788085938,0.7328699014409849,0.6802962049114072,0.009135019044555015,0.003915682836161156,-0.08661000000000002,0.00423,0.0034300000000000003,1.6620000000000001,-0.3962,-12.3567,4.393186168024768,9.827293866701327,12.420000076293945,13.989999771118164,12.079999923706055,12.380000114440918,10.085154574351387,11.36000880194584,9.809071315648612,10.05267423652708,10.32672723211823,0.05082104719684603,-7.0,34.07500076293945,0.0,0.0,0.0,0.0,0.0,snow covered,0.277963280677795,-8.98924160003662,100.0,411.495483398438
arenacam6_1769615361237868763.png,1769615361237868763,1769615361.2378688,42.29955282893359,-83.69749980025637,234.7335662841797,0.7330287372661748,0.6801246796258728,0.008985833298033302,0.004306426093780909,0.034460000000000005,-0.028120000000000003,0.008180000000000002,2.5698000000000003,0.636,-11.454,4.496690132858244,10.05882602579592,12.179999351501465,15.769999504089355,12.559999465942383,12.460000038146973,9.890271773013211,12.805384996715986,10.198835369540292,10.117634912175694,10.753031762861296,0.06901458831130802,-6.900000095367432,34.57500076293945,0.0,0.0,0.0,0.0,0.0,snow covered,0.277963280677795,-8.98924160003662,100.0,411.495483398438
arenacam6_1769615361258497469.png,1769615361258497469,1769615361.2584975,42.29955364283671,-83.69749972679372,234.73660278320312,0.733110520481905,0.6800481544116188,0.00818215294608119,0.004065072357099049,0.08726,-0.027070000000000004,0.011850000000000001,1.7019000000000002,1.4464000000000001,-9.3116,4.530035180667205,10.133416897041696,12.639999389648438,15.15999984741211,12.679999351501465,12.579999923706055,10.263796045188904,12.310059651297227,10.29627638301321,10.215075925648613,10.771302001286989,0.06294866881787065,-6.599999904632568,34.375,0.0,0.0,0.0,0.0,0.0,snow covered,0.277963280677795,-8.98924160003662,100.0,411.495483398438
arenacam6_1769615361280006233.png,1769615361280006233,1769615361.2800062,42.299554460535475,-83.69749966154434,234.73960876464844,0.7331229537937659,0.6800448806184218,0.007541549245502882,0.003580502807935078,0.06223000000000001,-0.00786,0.0076700000000000015,2.3276,-1.2533,-8.1447,4.571890873955802,10.227045571586691,12.880000114440918,14.309999465942383,12.84999942779541,12.729999542236328,10.458678846527082,11.619851504540291,10.434318012364598,10.336876998891679,10.712431340580913,0.047460996002867725,-6.400000095367432,34.650001525878906,0.0,0.0,0.0,0.0,0.0,snow covered,0.277963280677795,-8.98924160003662,100.0,411.495483398438
arenacam6_1769615361300018979.png,1769615361300018979,1769615361.300019,42.29955528604467,-83.69749958884213,234.7418212890625,0.733282121405158,0.6798799492608774,0.007053964944380758,0.0032903797867824686,0.06229000000000001,-0.01606,0.021060000000000002,2.7556000000000003,0.9991000000000001,-8.411,4.625508947692098,10.346985985450363,12.699999809265137,12.969999313354492,13.019999504089355,12.769999504089355,10.312516939121533,10.531759025837516,10.572359641715984,10.369357336715984,10.446498235847754,0.009617510890352218,-5.900000095367432,34.67499923706055,0.0,0.0,0.0,0.0,0.0,snow covered,0.277963280677795,-8.98924160003662,100.0,411.495483398438
arenacam6_1769615361320684035.png,1769615361320684035,1769615361.320684,42.29955612327411,-83.6974995213829,234.74371337890625,0.733382380108128,0.6797762771678739,0.0067153048460186415,0.0030663051948806655,-0.005890000000000001,0.008260000000000002,0.00909,0.4313,-1.9919,-10.879000000000001,4.660721493993114,10.425754338772956,13.00999927520752,12.929999351501465,13.069999694824219,12.969999313354492,10.564239363661825,10.499278688013211,10.612960257594452,10.531759025837516,10.55205933377675,0.012114710446808735,-5.5,34.525001525878906,0.0,0.0,0.0,0.0,0.0,snow covered,0.277963280677795,-8.98924160003662,100.0,411.495483398438
arenacam6_1769615361340221353.png,1769615361340221353,1769615361.3402214,42.299556956753044,-83.69749945554094,234.7454833984375,0.7334610560259177,0.679689245149939,0.006913965664221139,0.0030994192433381677,-0.03187,0.023870000000000006,0.026090000000000002,0.8653000000000001,-0.8154,-10.5218,4.668544047430443,10.443252921459056,13.289999961853027,13.4399995803833,13.139999389648438,13.049999237060547,10.791602502824306,10.91340357606737,10.669800655188904,10.59671970148613,10.742881608891677,0.028691126192772445,-5.300000190734863,34.35000228881836,0.0,0.0,0.0,0.0,0.0,snow covered,0.277963280677795,-8.98924160003662,100.0,411.495483398438
arenacam6_1769615361360946031.png,1769615361360946031,1769615361.360946,42.29955780471378,-83.69749939198414,234.74778747558594,0.7336189989370747,0.6795115073717604,0.007388436794444965,0.0035618463831165207,-0.030310000000000004,-0.0239,0.00884,3.1099,0.9937,-11.0943,4.771031490140603,10.67251118155512,13.239999771118164,13.289999961853027,13.1899995803833,13.09999942779541,10.751001886945838,10.791602502824306,10.710401271067372,10.637320317364598,10.722581494550528,0.004691521249651491,-5.200000286102295,34.17499923706055,0.0,0.0,0.0,0.0,0.0,snow covered,0.277963280677795,-8.98924160003662,100.0,411.495483398438
arenacam6_1769615361381590116.png,1769615361381590116,1769615361.3815901,42.29955866304022,-83.69749933154066,234.75088500976562,0.7337288185754839,0.6793873858650328,0.007522443416011571,0.004267735272331511,-0.08234000000000001,-0.029760000000000005,0.021230000000000002,0.6099,-3.1904000000000003,-12.201500000000001,4.793701701366206,10.723223083854123,13.269999504089355,13.420000076293945,13.399999618530273,13.179999351501465,10.775361946715984,10.897163794351389,10.880923238243065,10.702280993013211,10.813932493080912,0.008459155285444933,-5.200000286102295,33.54999923706055,0.0,0.0,0.0,0.0,0.0,snow covered,0.277963280677795,-8.98924160003662,100.0,411.495483398438
arenacam6_1769615361402339653.png,1769615361402339653,1769615361.4023397,42.2995595186223,-83.69749927798836,234.7539825439453,0.7339054463033992,0.6791825839818152,0.008190130607614688,0.005170615304112805,-0.11224,-0.0056700000000000006,0.028260000000000004,3.3589,0.43310000000000004,-10.5707,4.8352510252451175,10.816166428411814,13.449999809265137,13.65999984741211,13.359999656677246,13.389999389648438,10.921523854121533,11.092045821297226,10.848442900418759,10.872802960188904,10.933703884006606,0.010866831272681435,-5.200000286102295,32.25,0.0,0.0,0.0,0.0,0.0,snow covered,0.277963280677795,-8.98924160003662,100.0,411.495483398438
arenacam6_1769615361423075523.png,1769615361423075523,1769615361.4230757,42.29956039108833,-83.69749922320369,234.75784301757812,0.7340182459169271,0.6790510157428288,0.008313603990280583,0.00614952586485679,-0.0684,-0.05912000000000001,0.017090000000000004,1.965,0.2376,-9.5344,4.893176862603197,10.945743051031597,13.559999465942383,13.59999942779541,13.529999732971191,13.619999885559082,11.01084458954029,11.043324927364598,10.986484529770147,11.059565483472921,11.02505488253699,0.007245906571680235,-5.200000286102295,31.05000114440918,0.0,0.0,0.0,0.0,0.0,snow covered,0.277963280677795,-8.98924160003662,100.0,411.495483398438
arenacam6_1769615361443692682.png,1769615361443692682,1769615361.4436927,42.29956127029586,-83.69749917101646,234.76187133789062,0.7341604119658149,0.6788866458316717,0.008537249781290338,0.006966130904559605,-0.07824000000000002,-0.02619,0.020690000000000004,0.8687,-0.6622,-10.008700000000001,4.908327153879639,10.97963334359952,13.639999389648438,13.6899995803833,13.639999389648438,13.779999732971191,11.075805265188903,11.11640588106737,11.075805265188903,11.189486834770145,11.11437581155383,0.012272037119787442,-5.200000286102295,30.899999618530273,0.0,0.0,0.0,0.0,0.0,snow covered,0.277963280677795,-8.98924160003662,100.0,411.495483398438
arenacam6_1769615361464405424.png,1769615361464405424,1769615361.4644055,42.299562152005805,-83.69749911768746,234.76608276367188,0.7342630241851034,0.6787651689524253,0.008788756075163284,0.007642937797920074,-0.053880000000000004,-0.03780000000000001,0.012990000000000002,2.9569,1.9682000000000002,-9.4228,4.960763990101757,11.096931400018224,13.619999885559082,13.529999732971191,13.670000076293945,14.09000015258789,11.059565483472921,10.986484529770147,11.100166099351387,11.441210033702776,11.146856536574308,0.004499003801717813,-5.099999904632568,31.05000114440918,0.0,0.0,0.0,0.0,0.0,snow covered,0.277963280677795,-8.98924160003662,100.0,411.495483398438
arenacam6_1769615361485335282.png,1769615361485335282,1769615361.4853354,42.29956304283683,-83.69749906095451,234.7700653076172,0.7343221645610284,0.6787001253727352,0.008529404092738032,0.008021703015069534,-0.0018700000000000004,-0.04043000000000001,0.00841,1.1285,0.3876,-9.068,4.992242490387887,11.167346916448281,13.569999694824219,13.829999923706055,14.0,14.299999237060547,11.018964867594454,11.230087450648613,11.368129080000001,11.61173122648613,11.3072281561823,0.012525915132804603,-5.0,31.42500114440918,0.0,0.0,0.0,0.0,0.0,snow covered,0.277963280677795,-8.98924160003662,100.0,411.495483398438
arenacam6_1769615361505852087.png,1769615361505852087,1769615361.5058522,42.29956393956081,-83.69749900035886,234.77362060546875,0.7343805514802736,0.6786361871606801,0.008502810781210745,0.008113771771647444,-0.006820000000000001,0.005040000000000001,0.007470000000000001,1.2751000000000001,0.7806000000000001,-8.398100000000001,5.011175643949279,11.209699244975901,13.929999351501465,14.139999389648438,13.920000076293945,14.399999618530273,11.311287908013211,11.481809875188905,11.303168404351387,11.692932458243066,11.447299661449142,0.021195967106765242,-4.599999904632568,31.350000381469727,0.0,0.0,0.0,0.0,0.0,snow covered,0.277963280677795,-8.98924160003662,100.0,411.495483398438
arenacam6_1769615361526681685.png,1769615361526681685,1769615361.5266817,42.29956574828429,-83.69749886488421,234.7798309326172,0.7343998274237765,0.678620597387237,0.00830879156226633,0.007870340811639386,0.04920000000000001,-0.0009500000000000001,0.0022400000000000007,2.5856000000000003,2.3142,-7.973400000000001,5.059212080336863,11.317153870988744,14.039999961853027,13.960000038146973,14.149999618530273,14.40999984741211,11.400609417824308,11.335648742175692,11.489930153243066,11.701052736297227,11.481810262385073,0.014549275663594381,-4.200000286102295,31.375,0.0,0.0,0.0,0.0,0.0,snow covered,0.277963280677795,-8.98924160003662,100.0,411.495483398438
arenacam6_1769615361548355291.png,1769615361548355291,1769615361.5483553,42.299566662305566,-83.69749879239835,234.7822723388672,0.7343801721196328,0.6786522437034831,0.00784005790750167,0.007445025572402384,0.06051000000000001,0.00116,0.0010500000000000002,1.0262,-0.30060000000000003,-9.798300000000001,5.0868590936656854,11.378998580984518,14.279999732971191,14.210000038146973,14.309999465942383,14.119999885559082,11.595491444770145,11.538651047175694,11.619851504540291,11.46557009347292,11.554891022489763,0.01545763805605693,-3.6000001430511475,31.100000381469727,0.0,0.0,0.0,0.0,0.0,snow covered,0.277963280677795,-8.98924160003662,100.0,411.495483398438
arenacam6_1769615361569839905.png,1769615361569839905,1769615361.56984,42.299567578666895,-83.6974987134963,234.78439331054688,0.734455683794331,0.6785758746735792,0.007711394886002655,0.007082742555015159,0.027350000000000003,0.01912,0.009140000000000002,1.8531000000000002,0.1579,-10.5106,5.115744556102952,11.44361362732894,14.380000114440918,14.309999465942383,14.420000076293945,14.34000015258789,11.67669267652708,11.619851504540291,11.709173014351387,11.644212338702776,11.662482383530385,0.01912584287875257,-2.9000000953674316,30.80000114440918,0.0,0.0,0.0,0.0,0.0,snow covered,0.277963280677795,-8.98924160003662,100.0,411.495483398438
arenacam6_1769615361589882477.png,1769615361589882477,1769615361.5898824,42.29956850404013,-83.6974986369299,234.7869415283203,0.7345208237042523,0.6785103769116414,0.0075264952737024785,0.006795574806000773,0.043340000000000004,-0.00010000000000000002,0.01088,1.6917,2.0597000000000003,-9.221300000000001,5.15542520283978,11.532376853240418,14.559999465942383,14.589999198913574,14.589999198913574,14.4399995803833,11.822853809540293,11.847213869310437,11.847213869310437,11.725412796067372,11.810673586057135,0.02413177581328516,-2.1000001430511475,31.17500114440918,0.0,0.0,0.0,0.0,0.0,snow covered,0.277963280677795,-8.98924160003662,100.0,411.495483398438
arenacam6_1769615361610444165.png,1769615361610444165,1769615361.6104443,42.29956943662441,-83.69749856026328,234.78915405273438,0.7345263689058508,0.678508310881511,0.007414991319355335,0.006519459367063798,0.013880000000000002,0.00576,0.00032,1.7653,-1.1484,-9.2996,5.192600222363477,11.615535141413757,14.549999237060547,14.859999656677246,14.539999961853027,14.609999656677246,11.81473353148613,12.066456730418759,11.806614027824308,11.863454425418759,11.88781467878699,0.023440980898284582,-1.100000023841858,31.075000762939453,0.0,0.0,0.0,0.0,0.0,snow covered,0.277963280677795,-8.98924160003662,100.0,411.495483398438
arenacam6_1769615361629959776.png,1769615361629959776,1769615361.6299596,42.29957037065961,-83.69749847072941,234.79150390625,0.7346352670174849,0.678388142181742,0.007553557791191903,0.006595207809312447,-0.011870000000000002,0.0014900000000000002,0.016080000000000004,2.2545,1.9262000000000001,-9.6347,5.233836266064054,11.707777697009325,14.6899995803833,14.299999237060547,14.769999504089355,14.75,11.928415101067372,11.61173122648613,11.993375776715984,11.977135995,11.877664524817371,0.014510595623236216,-0.20000000298023224,30.774999618530273,0.0,0.0,0.0,0.0,0.0,snow covered,0.277963280677795,-8.98924160003662,100.0,411.495483398438
arenacam6_1769615361650868657.png,1769615361650868657,1769615361.6508687,42.299571316552296,-83.69749838811724,234.79397583007812,0.7346409168978041,0.678388903419329,0.007071536591933649,0.006419681246198818,0.030920000000000003,-0.028360000000000003,0.005070000000000001,1.153,-0.7071000000000001,-9.936200000000001,5.288969838347098,11.83110819019216,14.710000038146973,14.969999313354492,14.4399995803833,14.920000076293945,11.944655657175694,12.155777465837517,11.725412796067372,12.115177624351388,11.985255885857994,0.013029015810507152,0.20000000298023224,31.0,0.0,0.0,0.0,0.0,0.0,snow covered,0.277963280677795,-8.98924160003662,100.0,411.495483398438
arenacam6_1769615361671570693.png,1769615361671570693,1769615361.6715708,42.29957226823689,-83.69749829993663,234.7960968017578,0.7346947138136123,0.6783316668165389,0.007029313134942287,0.006357361487389363,0.00455,-0.00689,0.00417,1.9528,1.2578,-9.2262,5.3197091457454135,11.899870176483747,14.84999942779541,14.9399995803833,14.769999504089355,14.929999351501465,12.058336452364598,12.131417406067373,11.993375776715984,12.123297128013212,12.076606690790292,0.014851969953067933,1.0,31.024999618530273,0.0,0.0,0.0,0.0,0.0,snow covered,0.277963280677795,-8.98924160003662,100.0,411.495483398438
arenacam6_1769615361692160299.png,1769615361692160299,1769615361.6921604,42.29957322257027,-83.69749820358616,234.79824829101562,0.7346284520890166,0.6784125540872481,0.006506124354453407,0.005925722234154232,0.09154000000000001,-0.028870000000000003,-0.00966,2.3075,2.1246,-9.918700000000001,5.364974575271097,12.001126226406928,14.84999942779541,14.630000114440918,14.989999771118164,14.979999542236328,12.058336452364598,11.879694981527082,12.172018021945838,12.16389774389168,12.0684867999323,0.005612854348382213,1.2000000476837158,31.450000762939453,0.0,0.0,0.0,0.0,0.0,snow covered,0.277963280677795,-8.98924160003662,100.0,411.495483398438
arenacam6_1769615361712844180.png,1769615361712844180,1769615361.7128444,42.2995741856119,-83.69749811269583,234.80050659179688,0.7345816431582434,0.6784735217368187,0.005818025082295411,0.005444301710562449,0.06446,-0.012340000000000002,-0.004090000000000001,0.5382,-2.1393,-9.9783,5.383812400940869,12.043265312160667,15.039999961853027,15.0,14.880000114440918,15.039999961853027,12.212618637824306,12.180138300000001,12.082697286527083,12.212618637824306,12.172018215543925,0.010690863320369632,1.3000000715255737,30.80000114440918,0.0,0.0,0.0,0.0,0.0,snow covered,0.277963280677795,-8.98924160003662,100.0,411.495483398438
arenacam6_1769615361733582488.png,1769615361733582488,1769615361.7335825,42.29957515473525,-83.69749802492937,234.80227661132812,0.734563013776527,0.6784958321930596,0.005831040187007328,0.005155914907249993,0.012990000000000002,0.01832,0.0024600000000000004,2.3509,-0.09720000000000001,-8.6454,5.414992840437719,12.113014084488752,15.029999732971191,15.25999927520752,15.15999984741211,15.00999927520752,12.204498359770147,12.391260108661823,12.310059651297227,12.188257803661823,12.273518980847754,0.013250615845030358,1.5,30.899999618530273,0.0,0.0,0.0,0.0,0.0,snow covered,0.277963280677795,-8.98924160003662,100.0,411.495483398438
arenacam6_1769615361754036073.png,1769615361754036073,1769615361.754036,42.29957612804273,-83.69749793299916,234.8044891357422,0.734512961943039,0.6785515084295135,0.005584985472534548,0.005231355748500225,0.009020000000000002,-0.04683000000000001,-0.003790000000000001,1.7723,0.1353,-10.5984,5.4685582120453535,12.232836606852734,15.039999961853027,15.130000114440918,15.149999618530273,15.00999927520752,12.212618637824306,12.28569959152708,12.301939373243066,12.188257803661823,12.24712885156407,0.0011683508225173484,1.5,31.149999618530273,0.0,0.0,0.0,0.0,0.0,snow covered,0.277963280677795,-8.98924160003662,100.0,411.495483398438
arenacam6_1769615361774886837.png,1769615361774886837,1769615361.7748868,42.29957710832075,-83.69749784625911,234.80673217773438,0.734512657038514,0.6785522397294339,0.0055856759325325165,0.005178304043600107,-0.00025000000000000006,0.013450000000000002,-0.0015600000000000002,0.1769,-0.9770000000000001,-10.4025,5.469433621158336,12.234794844513928,15.339999198913574,15.1899995803833,15.329999923706055,15.559999465942383,12.456220784310437,12.33441971106737,12.448101280648613,12.634863029540291,12.468401201391679,0.01909360637808319,1.5,31.450000762939453,0.0,0.0,0.0,0.0,0.0,snow covered,0.277963280677795,-8.98924160003662,100.0,411.495483398438
arenacam6_1769615361795703154.png,1769615361795703154,1769615361.795703,42.29957809483153,-83.6974977607113,234.80860900878906,0.7345269750725439,0.6785364333854813,0.005721153965612239,0.00506950259792371,0.0030100000000000005,0.0054,0.009380000000000001,2.1772,0.9994000000000001,-8.1285,5.509408357499264,12.324215931224403,15.319999694824219,15.479999542236328,15.309999465942383,15.9399995803833,12.439981002594452,12.56990235389168,12.431860724540291,12.943426626067373,12.596292676773448,0.022076596764238475,1.600000023841858,31.350000381469727,0.0,0.0,0.0,0.0,0.0,snow covered,0.277963280677795,-8.98924160003662,100.0,411.495483398438
arenacam6_1769615361816319286.png,1769615361816319286,1769615361.8163192,42.29957907957482,-83.69749767205215,234.8103790283203,0.7344985008868008,0.6785705136876464,0.005734441724141077,0.00459633841640917,0.03841000000000001,0.037700000000000004,-0.00871,1.6113000000000002,-0.30260000000000004,-7.306100000000001,5.538813282267014,12.389992983634375,15.529999732971191,15.519999504089355,15.539999961853027,15.59999942779541,12.610502969770145,12.602382691715986,12.618623247824306,12.667343367364598,12.62471306916876,0.018944327558895316,2.200000047683716,31.450000762939453,0.0,0.0,0.0,0.0,0.0,snow covered,0.277963280677795,-8.98924160003662,100.0,411.495483398438
arenacam6_1769615361837047030.png,1769615361837047030,1769615361.837047,42.29958007615912,-83.69749757914734,234.81170654296875,0.7344594807961181,0.6786178445329618,0.005521809460407028,0.004074527017542342,0.06349,0.015490000000000002,-0.00029,1.2211,1.7153,-10.1319,5.567308039669966,12.453734046259333,15.539999961853027,15.539999961853027,15.489999771118164,15.75,12.618623247824306,12.618623247824306,12.578022631945839,12.789145215000001,12.651103585648613,0.015848221798871878,2.700000047683716,31.225000381469727,0.0,0.0,0.0,0.0,0.0,snow covered,0.277963280677795,-8.98924160003662,100.0,411.495483398438
arenacam6_1769615361858845557.png,1769615361858845557,1769615361.8588455,42.29958107679326,-83.6974974782765,234.8131561279297,0.7344113291846177,0.6786787333168197,0.005067694812241045,0.003081392225980555,0.11498000000000003,0.044500000000000005,-0.008830000000000003,0.8868,1.1820000000000002,-10.7934,5.587188122705677,12.498204599205238,15.630000114440918,15.719999313354492,15.769999504089355,15.609999656677246,12.691704201527081,12.764784380837519,12.805384996715986,12.675463645418759,12.734334306124836,0.018893090207101743,3.9000000953674316,31.399999618530273,0.0,0.0,0.0,0.0,0.0,snow covered,0.277963280677795,-8.98924160003662,100.0,411.495483398438
arenacam6_1769615361879955940.png,1769615361879955940,1769615361.879956,42.299582080553364,-83.69749738513107,234.8140869140625,0.7343117227129381,0.6787936798591162,0.004613061143430429,0.002038071775937436,0.10166000000000001,0.023690000000000003,-0.015030000000000003,1.4432,-1.1165,-10.0807,5.617302180391248,12.5655679394044,16.44999885559082,15.869999885559082,15.75,15.670000076293945,13.357550739729195,12.88658622847292,12.789145215000001,12.724184539351388,12.939366680638376,0.02974785883428156,5.300000190734863,31.450000762939453,0.0,0.0,0.0,0.0,0.0,snow covered,0.277963280677795,-8.98924160003662,100.0,411.495483398438
arenacam6_1769615361900602799.png,1769615361900602799,1769615361.9006028,42.299583091744644,-83.69749728524795,234.8164520263672,0.7342479718107175,0.6788670269364564,0.004242479302367486,0.0012153187538356692,0.08475,0.01649,-0.006150000000000001,1.7303000000000002,0.9091,-12.1736,5.650644197544262,12.640152031254662,16.059999465942383,15.75999927520752,16.1299991607666,15.799999237060547,13.040867639540291,12.797264718661824,13.097708037134742,12.82974505648613,12.941396362955748,0.023832334528589145,6.599999904632568,31.375,0.0,0.0,0.0,0.0,0.0,snow covered,0.277963280677795,-8.98924160003662,100.0,411.495483398438
arenacam6_1769615361921038045.png,1769615361921038045,1769615361.9210382,42.29958411364192,-83.69749718597147,234.81996154785156,0.7341256824273976,0.6790048131127359,0.0034440758393410676,0.00029070923478095287,0.05790000000000001,-0.011760000000000001,-0.011500000000000002,1.1043,-1.6311,-10.2714,5.714918191848831,12.783929100074324,15.889999389648438,16.010000228881836,16.10999870300293,15.979999542236328,12.902826010188903,13.00026779805416,13.08146748102642,12.975906963891678,12.990117063290292,0.01612868481997202,8.100000381469727,30.875,0.0,0.0,0.0,0.0,0.0,snow covered,0.277963280677795,-8.98924160003662,100.0,411.495483398438
arenacam6_1769615361941390125.png,1769615361941390125,1769615361.94139,42.299585131009636,-83.69749709300949,234.82278442382812,0.7340081934900339,0.6791312183824902,0.0035654250027725163,0.00021875182458544652,-0.022650000000000003,0.007750000000000001,-0.015250000000000001,1.6947,-1.1594,-8.631,5.7387381133567255,12.837212835292194,16.279998779296875,16.170000076293945,16.119998931884766,15.969999313354492,13.219509110377807,13.130189149351388,13.089587759080583,12.967786685837519,13.101768176161825,0.02060847196848779,9.600000381469727,31.17500114440918,0.0,0.0,0.0,0.0,0.0,snow covered,0.277963280677795,-8.98924160003662,100.0,411.495483398438
arenacam6_1769615361961070869.png,1769615361961070869,1769615361.9610708,42.29958616313945,-83.69749700156726,234.82606506347656,0.7338362087772362,0.6793156692005686,0.0037909252697386183,0.0005187982608152961,-0.03724,-0.011050000000000003,-0.030020000000000005,2.5599000000000003,-0.5804,-9.819600000000001,5.785578093208609,12.941991059822067,16.049999237060547,16.19999885559082,16.219999313354492,16.1299991607666,13.03274736148613,13.154548434729195,13.170788990837517,13.097708037134742,13.113948206046896,0.013286761320571702,10.40000057220459,30.850000381469727,0.0,0.0,0.0,0.0,0.0,snow covered,0.277963280677795,-8.98924160003662,100.0,411.495483398438
arenacam6_1769615361981778501.png,1769615361981778501,1769615361.9817784,42.29958720420031,-83.69749691816203,234.82931518554688,0.7336614800095871,0.6795018869370936,0.00405869516285639,0.0012431382251908874,-0.07922000000000001,-0.032330000000000005,-0.026010000000000005,0.5247,-1.0103,-10.9625,5.809481205264289,12.9954608873039,16.10999870300293,16.15999984741211,16.190000534057617,16.239999771118164,13.08146748102642,13.122068871297225,13.14642970545971,13.18702954694584,13.1342489011823,0.010679730028966614,11.5,31.05000114440918,0.0,0.0,0.0,0.0,0.0,snow covered,0.277963280677795,-8.98924160003662,100.0,411.495483398438
arenacam6_1769615362023137781.png,1769615362023137781,1769615362.0231378,42.29958929034787,-83.69749675660725,234.83584594726562,0.733194911428656,0.6799975330944031,0.0048625552558846895,0.0022209000506550657,-0.054360000000000006,-0.025580000000000002,-0.03545000000000001,2.2395,-1.0104,-9.1042,5.872922009902282,13.137374160830811,16.489999771118164,16.369998931884766,16.28999900817871,16.25,13.39003185194584,13.292590064080583,13.22762938843197,13.195149825,13.276350282364598,0.010578683367955331,12.100000381469727,30.67500114440918,0.0,0.0,0.0,0.0,0.0,snow covered,0.277963280677795,-8.98924160003662,100.0,411.495483398438
arenacam6_1769615362043862029.png,1769615362043862029,1769615362.043862,42.299590345959395,-83.69749668390133,234.83912658691406,0.7329495465261313,0.6802586408305448,0.005091054163618556,0.0026879341549991874,-0.04544000000000001,-0.00436,-0.03375,0.29710000000000003,-0.3317,-10.7179,5.883958831806266,13.16206286922071,16.420000076293945,16.469999313354492,16.420000076293945,16.69999885559082,13.333191454351388,13.373791295837517,13.333191454351388,13.560553044729195,13.400181812317372,0.018091308745645015,12.100000381469727,30.899999618530273,0.0,0.0,0.0,0.0,0.0,snow covered,0.277963280677795,-8.98924160003662,100.0,411.495483398438
arenacam6_1769615362064545206.png,1769615362064545206,1769615362.0645454,42.29959139972821,-83.69749660740976,234.84268188476562,0.7327571377268087,0.6804643080338374,0.0052233512034141946,0.0028318200244738657,-0.008150000000000001,-0.010540000000000002,-0.026690000000000002,2.0132,0.7872,-9.5845,5.919772252623687,13.242175342784032,16.420000076293945,16.40999984741211,16.369998931884766,16.459999084472656,13.333191454351388,13.325071176297227,13.292590064080583,13.365671017783358,13.329130928128139,0.006566563505858665,12.100000381469727,30.600000381469727,0.0,0.0,0.0,0.0,0.0,snow covered,0.277963280677795,-8.98924160003662,100.0,411.495483398438
arenacam6_1769615362085043867.png,1769615362085043867,1769615362.085044,42.29959246326781,-83.69749653355511,234.84613037109375,0.7324636124096282,0.6807816662818741,0.0050582673664894325,0.0027916449563083557,0.015540000000000003,-0.0027300000000000007,-0.043140000000000005,0.893,-1.2695,-9.2972,5.94331019483258,13.294828307228792,16.729999542236328,16.729999542236328,16.579999923706055,16.690000534057617,13.58491387889168,13.58491387889168,13.463112805648613,13.55243431545971,13.54634371972292,0.01891828962976309,12.0,30.899999618530273,0.0,4.0,0.0,0.0,0.0,snow covered,0.277963280677795,-8.98924160003662,100.0,411.495483398438
arenacam6_1769615362106422709.png,1769615362106422709,1769615362.106423,42.29959460452889,-83.69749638929021,234.8535614013672,0.7322375201342617,0.6810233309138022,0.0052075505407046035,0.0028841421710222234,-0.025610000000000004,-0.0029200000000000007,-0.027070000000000004,2.1056,-0.8038000000000001,-10.0809,5.9769798701321815,13.370145350693482,16.739999771118164,16.709999084472656,16.559999465942383,16.75,13.593034156945839,13.568673322783358,13.446872249540291,13.601154435,13.552433541067371,0.013633972226370297,12.0,30.725000381469727,0.0,0.0,0.0,0.0,0.0,snow covered,0.277963280677795,-8.98924160003662,100.0,411.495483398438
arenacam6_1769615362126556184.png,1769615362126556184,1769615362.1265562,42.29959568409284,-83.6974963230583,234.8570098876953,0.7320148025212538,0.6812617246846455,0.0051927062993895315,0.0031348318551554857,-0.007090000000000001,-0.013250000000000001,-0.03497,1.2636,0.7662,-10.3069,6.006006562233734,13.43507631932313,16.829999923706055,16.68000030517578,16.729999542236328,16.989999771118164,13.666115110648613,13.544314037405549,13.58491387889168,13.796036461945839,13.64784487222292,0.015836795254655457,12.0,30.725000381469727,0.0,0.0,0.0,0.0,0.0,snow covered,0.277963280677795,-8.98924160003662,100.0,411.495483398438
arenacam6_1769615362148264693.png,1769615362148264693,1769615362.1482646,42.29959677080931,-83.69749625767432,234.8600616455078,0.7317877143929891,0.6815045693599384,0.005259798627554138,0.0032553837573381364,-0.024020000000000003,-0.006020000000000001,-0.02704,1.6978,-0.9790000000000001,-8.6021,6.036538380028736,13.503374163821482,16.84000015258789,16.869998931884766,16.779998779296875,17.079999923706055,13.674235388702774,13.698594674080582,13.625513720377807,13.869117415648613,13.716865299702445,0.01581020664101515,12.0,30.80000114440918,0.0,0.0,0.0,0.0,0.0,snow covered,0.277963280677795,-8.98924160003662,100.0,411.495483398438
arenacam6_1769615362168968746.png,1769615362168968746,1769615362.1689687,42.29959785633865,-83.69749619048439,234.86329650878906,0.7315899401436915,0.6817126909560627,0.005542141844991063,0.0036402106757168428,-0.05036,-0.00613,-0.03097,1.3299,-0.42360000000000003,-7.7536000000000005,6.065984708709274,13.569243834300124,16.94999885559082,16.90999984741211,16.959999084472656,16.889999389648438,13.763555349729195,13.731075786297227,13.771675627783356,13.714835230188905,13.74528549849967,0.012973579541297003,12.0,30.875,0.0,0.0,0.0,0.0,0.0,snow covered,0.277963280677795,-8.98924160003662,100.0,411.495483398438
arenacam6_1769615362190037633.png,1769615362190037633,1769615362.1900377,42.29959894979384,-83.6974961238988,234.86566162109375,0.7313355784893183,0.6819791393698059,0.005996261140831844,0.0040951132394298866,-0.06985000000000001,0.01012,-0.03289,0.3516,0.14500000000000002,-9.5972,6.075066381743853,13.589558991978096,17.139999389648438,17.059999465942383,16.84000015258789,17.219999313354492,13.917837535188903,13.852876859540292,13.674235388702774,13.982798210837517,13.856936998567372,0.01967525265147373,12.0,31.075000762939453,0.0,0.0,0.0,0.0,0.0,snow covered,0.277963280677795,-8.98924160003662,100.0,411.495483398438
arenacam6_1769615362210269590.png,1769615362210269590,1769615362.2102697,42.2996000488242,-83.69749605065657,234.8678436279297,0.7311493010180412,0.6821741310681367,0.006430609686698974,0.004219215723289243,-0.0171,0.024490000000000005,-0.02807,1.7359,2.5418000000000003,-9.1408,6.102774369387589,13.651540097857875,17.389999389648438,17.260000228881836,17.079999923706055,17.03999900817871,14.120839840188903,14.01527932305416,13.869117415648613,13.83663630343197,13.960468220580914,0.022629543663832772,11.800000190734863,31.30000114440918,0.0,0.0,0.0,0.0,0.0,snow covered,0.277963280677795,-8.98924160003662,100.0,411.495483398438
arenacam6_1769615362230088288.png,1769615362230088288,1769615362.2300882,42.2996011462541,-83.69749599202301,234.87008666992188,0.730831198347025,0.6825148838981993,0.006540064044524948,0.00405220216333585,-0.00286,0.015190000000000002,-0.046790000000000005,1.3596000000000001,-2.0812,-9.1935,6.136064923646851,13.726009070302588,17.239999771118164,17.219999313354492,17.170000076293945,17.279998779296875,13.999038766945839,13.982798210837517,13.942198369351386,14.031518330377809,13.988888419378137,0.01915191427669322,11.699999809265137,31.05000114440918,0.0,0.0,0.0,0.0,0.0,snow covered,0.277963280677795,-8.98924160003662,100.0,411.495483398438
arenacam6_1769615362250809817.png,1769615362250809817,1769615362.25081,42.29960225446912,-83.69749592060877,234.87222290039062,0.7305702254559554,0.6827855233076786,0.00720885408976292,0.00437118535488318,-0.034890000000000004,0.013670000000000002,-0.016190000000000003,1.8104,2.9107000000000003,-10.786000000000001,6.1771728527742935,13.817965041284928,17.260000228881836,17.270000457763672,17.25,17.369998931884766,14.01527932305416,14.023399601108322,14.007159045000002,14.104599284080582,14.037609313310767,0.0158955585261355,11.40000057220459,30.950000762939453,0.0,0.0,0.0,0.0,0.0,snow covered,0.277963280677795,-8.98924160003662,100.0,411.495483398438
arenacam6_1769615362271537668.png,1769615362271537668,1769615362.2715378,42.299603369721304,-83.69749584913166,234.87486267089844,0.7302786814797761,0.6830981343353953,0.007213696314744177,0.004236605851435373,0.013430000000000003,0.015580000000000002,-0.046180000000000006,1.7375,-0.9254,-10.066600000000001,6.2118913250670795,13.895628180695553,17.40999984741211,17.510000228881836,17.219999313354492,17.35999870300293,14.137080396297227,14.21828162805416,13.982798210837517,14.09647900602642,14.10865981030383,0.015330838364272788,10.90000057220459,30.875,0.0,0.0,0.0,0.0,0.0,snow covered,0.277963280677795,-8.98924160003662,100.0,411.495483398438
arenacam6_1769615362292249292.png,1769615362292249292,1769615362.2922494,42.29960448357098,-83.69749578517865,234.87742614746094,0.7300723480387501,0.6833161657304933,0.0073798815779019394,0.004349899821781513,-0.026480000000000004,0.011990000000000002,-0.023230000000000004,0.7624000000000001,-0.3387,-9.879800000000001,6.2296988698831575,13.935462589996432,17.28999900817871,17.420000076293945,17.3799991607666,17.559999465942383,14.03963860843197,14.145200674351388,14.112719562134744,14.258881469540292,14.139110078614598,0.014613615249798368,10.40000057220459,31.075000762939453,0.0,0.0,0.0,0.0,0.0,snow covered,0.277963280677795,-8.98924160003662,100.0,411.495483398438
arenacam6_1769615362312868047.png,1769615362312868047,1769615362.312868,42.29960560613606,-83.69749570813345,234.88023376464844,0.7298892302691077,0.683513218030644,0.007282304564092995,0.0042848984583683265,0.03447,-0.010460000000000002,-0.03128000000000001,1.2493,4.133500000000001,-11.1372,6.254456785011602,13.990844560663854,17.739999771118164,17.549999237060547,17.25,17.600000381469727,14.405043376945839,14.25076119148613,14.007159045000002,14.291362581756935,14.238581548797226,0.017707078872843778,9.800000190734863,31.75,0.0,0.0,0.0,0.0,0.0,snow covered,0.277963280677795,-8.98924160003662,100.0,411.495483398438
arenacam6_1769615362333369628.png,1769615362333369628,1769615362.3333695,42.29960673162492,-83.69749561133845,234.8836669921875,0.7296498904090184,0.6837807949759092,0.006591561432646288,0.0033783377718892608,0.12688000000000002,0.013980000000000001,-0.03703,1.7374,0.367,-10.2173,6.284051020342887,14.057045089445818,17.60999870300293,17.709999084472656,17.440000534057617,17.6299991607666,14.29948131102642,14.380682542783356,14.161441230459708,14.315721867134743,14.289331737851057,0.016524571624205887,8.90000057220459,32.54999923706055,0.0,0.0,0.0,0.0,0.0,snow covered,0.277963280677795,-8.98924160003662,100.0,411.495483398438
arenacam6_1769615362354316851.png,1769615362354316851,1769615362.3543167,42.29960785910503,-83.69749552446535,234.88694763183594,0.7293816758996087,0.6840757569559757,0.005927611834030117,0.0027555443985276267,0.07107000000000001,-0.016980000000000002,-0.04021000000000001,2.1738,-0.9307000000000001,-10.902800000000001,6.324179353529076,14.146809763083333,17.510000228881836,17.559999465942383,17.369998931884766,17.75,14.21828162805416,14.258881469540292,14.104599284080582,14.413163655,14.248731509168758,0.007204574585529117,8.600000381469727,32.47500228881836,0.0,0.0,0.0,0.0,0.0,snow covered,0.277963280677795,-8.98924160003662,100.0,411.495483398438
arenacam6_1769615362374769444.png,1769615362374769444,1769615362.3747694,42.299608995089436,-83.69749542944466,234.8909912109375,0.7291854374509446,0.6842932310916832,0.005085680482259328,0.002346816058228135,0.10878000000000002,-0.023980000000000005,-0.028480000000000002,0.8481000000000001,4.0336,-12.3093,6.343060304746174,14.18904531809891,17.719999313354492,17.68000030517578,17.559999465942383,17.770000457763672,14.388802820837519,14.356323257405549,14.258881469540292,14.429404211108324,14.35835293972292,0.01193227717780629,8.0,32.400001525878906,0.0,0.0,0.0,0.0,0.0,snow covered,0.277963280677795,-8.98924160003662,100.0,411.495483398438
arenacam6_1769615362395814742.png,1769615362395814742,1769615362.3958147,42.29961013701439,-83.69749532531921,234.8960418701172,0.7288660636168064,0.684643406966644,0.003936886965558809,0.0014722519716434807,0.13415000000000002,-0.020710000000000006,-0.05671000000000001,1.7612,-1.9176000000000002,-10.648800000000001,6.376035527017045,14.262808911805509,17.81999969482422,17.75,17.959999084472656,17.78999900817871,14.470004052594453,14.413163655,14.583684847783356,14.445643218431968,14.478123943452445,0.015096257194381754,7.5,32.32500076293945,0.0,0.0,0.0,0.0,0.0,snow covered,0.277963280677795,-8.98924160003662,100.0,411.495483398438
arenacam6_1769615362416481160.png,1769615362416481160,1769615362.4164813,42.2996112790024,-83.69749522524806,234.90066528320312,0.7286166239699732,0.6849128811379165,0.0032655837936813683,0.0012233104444092007,0.045880000000000004,-0.03097,-0.030440000000000005,1.5851000000000002,-1.3474000000000002,-8.7272,6.405497388178613,14.328713327512268,17.739999771118164,17.869998931884766,17.959999084472656,17.85999870300293,14.405043376945839,14.510603894080583,14.583684847783356,14.50248361602642,14.50045393370905,0.01198576608180344,7.099999904632568,32.25,0.0,0.0,0.0,0.0,0.0,snow covered,0.277963280677795,-8.98924160003662,100.0,411.495483398438
arenacam6_1769615362436966378.png,1769615362436966378,1769615362.4369664,42.299612432712195,-83.69749513596433,234.90521240234375,0.7283461127015485,0.6852023378723695,0.002784736362255046,0.0013933880203144257,0.01759,-0.052570000000000006,-0.04444000000000001,1.7106000000000001,0.4302,-9.6486,6.439009761938252,14.403678496870153,17.93000030517578,17.85999870300293,18.139999389648438,17.85999870300293,14.559325562405549,14.50248361602642,14.729846755188905,14.50248361602642,14.573534887411824,0.011792570250618977,6.800000190734863,32.5,0.0,0.0,0.0,0.0,0.0,snow covered,0.277963280677795,-8.98924160003662,100.0,411.495483398438
arenacam6_1769615362458698615.png,1769615362458698615,1769615362.4586985,42.29961358899242,-83.69749504296504,234.90956115722656,0.7281360952405362,0.6854273181918206,0.002299242738959848,0.0013898802324657043,0.036840000000000005,-0.021070000000000005,-0.029390000000000003,0.6166,-1.1781000000000001,-9.428600000000001,6.451172877353717,14.430886656267626,17.899999618530273,18.059999465942383,18.170000076293945,17.969999313354492,14.534964728243066,14.66488607954029,14.754207589351388,14.591805125837517,14.636465880743065,0.014245779166046744,6.5,32.400001525878906,0.0,0.0,0.0,0.0,0.0,snow covered,0.277963280677795,-8.98924160003662,100.0,411.495483398438
arenacam6_1769615362479395812.png,1769615362479395812,1769615362.4793959,42.29961474939766,-83.69749495646228,234.91360473632812,0.7279222764445338,0.68565467068215,0.0021185830912173304,0.0015308929569324058,-0.008960000000000003,-0.022520000000000002,-0.03223,1.6324,-1.3844,-8.757200000000001,6.479931846076758,14.495218743762944,17.94999885559082,17.93000030517578,18.06999969482422,18.170000076293945,14.575564569729195,14.559325562405549,14.673006357594453,14.754207589351388,14.640526019770146,0.010024496944533879,6.0,32.29999923706055,0.0,0.0,0.0,0.0,0.0,snow covered,0.277963280677795,-8.98924160003662,100.0,411.495483398438
arenacam6_1769615362500269627.png,1769615362500269627,1769615362.5002697,42.299615916491824,-83.6974948762071,234.91769409179688,0.7277661642339474,0.6858206694560511,0.001846520836665958,0.0017349074501603803,0.012220000000000002,-0.036550000000000006,-0.01912,1.5269000000000001,0.1471,-10.5396,6.510271035601881,14.563085690379273,18.119998931884766,18.229999542236328,18.209999084472656,18.15999984741211,14.713606199080584,14.802927708891678,14.786687152783356,14.746087311297225,14.76232709301321,0.013681262808579175,5.5,32.45000076293945,0.0,0.0,0.0,0.0,0.0,snow covered,0.277963280677795,-8.98924160003662,100.0,411.495483398438
arenacam6_1769615362519753890.png,1769615362519753890,1769615362.519754,42.29961708523812,-83.69749479422791,234.92201232910156,0.7276010353892073,0.6859967253010221,0.0014052599379790773,0.0018031698019291371,0.026510000000000006,-0.021020000000000004,-0.025890000000000003,-0.17550000000000002,-0.6952,-9.8233,6.516167713342266,14.57627620468385,18.440000534057617,18.219999313354492,18.3799991607666,18.270000457763672,14.97345045045971,14.794807430837517,14.924728782134743,14.835408821108322,14.882098871135073,0.020980850126382147,5.0,32.025001525878906,0.0,0.0,0.0,0.0,0.0,snow covered,0.277963280677795,-8.98924160003662,100.0,411.495483398438
arenacam6_1769615362540498818.png,1769615362540498818,1769615362.540499,42.29961825910861,-83.69749471519805,234.92568969726562,0.7274351105867305,0.6861733405967757,0.001308012234246706,0.0016111002226809588,0.017050000000000003,-0.004670000000000001,-0.02415,2.2307,-1.3401,-8.0337,6.548873584275683,14.649437275609648,18.149999618530273,18.209999084472656,18.389999389648438,18.28999900817871,14.737967033243065,14.786687152783356,14.932849060188905,14.85164782843197,14.827287768661824,0.012140431724861246,4.400000095367432,32.0,0.0,0.0,0.0,0.0,0.0,snow covered,0.277963280677795,-8.98924160003662,100.0,411.495483398438
arenacam6_1769615362561159007.png,1769615362561159007,1769615362.561159,42.29961943936826,-83.69749464610972,234.92941284179688,0.7273241497553969,0.6862911366161073,0.0008869384578685956,0.0018084039737638659,0.0013800000000000002,-0.01561,-0.01429,-0.1695,-1.4832,-9.959800000000001,6.585069764117472,14.730405958144939,18.389999389648438,18.420000076293945,18.719999313354492,18.399999618530273,14.932849060188905,14.957209894351388,15.200812040837517,14.940969338243065,15.00796008340522,0.018842259069364726,4.099999904632568,31.875,0.0,0.0,0.0,0.0,0.0,snow covered,0.277963280677795,-8.98924160003662,100.0,411.495483398438
arenacam6_1769615362581724164.png,1769615362581724164,1769615362.5817242,42.29962062079351,-83.69749457837328,234.9329071044922,0.7272372658739849,0.6863818912817532,0.001223214900818555,0.002088585626937844,-0.05914000000000001,0.00321,-0.006950000000000001,1.4526000000000001,-1.5129000000000001,-8.5441,6.605538320446221,14.77619289053897,18.549999237060547,18.56999969482422,18.869998931884766,18.31999969482422,15.06277041148613,15.079010967594453,15.322613114080582,14.876008662594453,15.085100788938904,0.020905784100701867,3.5,32.025001525878906,0.0,0.0,0.0,0.0,0.0,snow covered,0.277963280677795,-8.98924160003662,100.0,411.495483398438
arenacam6_1769615362602438320.png,1769615362602438320,1769615362.6024384,42.29962180809894,-83.69749450635528,234.93576049804688,0.7272413066024055,0.6863755894044293,0.0016299225949368535,0.0024445026656895433,-0.050420000000000006,0.0043100000000000005,-0.007910000000000002,1.7602,-0.4334,-7.947100000000001,6.637928681319469,14.848648184390774,18.579999923706055,18.529998779296875,18.899999618530273,18.559999465942383,15.087131245648612,15.046529855377807,15.346973948243065,15.070890689540292,15.137881434702443,0.019478759730849966,3.0,31.975000381469727,0.0,0.0,0.0,0.0,0.0,snow covered,0.277963280677795,-8.98924160003662,100.0,411.495483398438
arenacam6_1769615362623288128.png,1769615362623288128,1769615362.6232882,42.299623001963276,-83.69749445609567,234.9383544921875,0.7271951462715525,0.686420623669847,0.002174326271389637,0.0030362715720577624,-0.08868000000000001,0.00393,-0.00553,0.3299,-1.0312000000000001,-9.558300000000001,6.65363581412977,14.883784098059449,18.760000228881836,18.690000534057617,18.649999618530273,18.639999389648438,15.233293153054163,15.17645275545971,15.143971643243065,15.135851365188906,15.172392229236461,0.01939077651728643,2.6000001430511475,31.850000381469727,0.0,0.0,0.0,0.0,0.0,snow covered,0.277963280677795,-8.98924160003662,100.0,411.495483398438
arenacam6_1769615362643770619.png,1769615362643770619,1769615362.6437707,42.29962419682016,-83.69749440038589,234.94056701660156,0.727198245437771,0.6864122914321361,0.0029441769400639,0.0034942560377029187,-0.07795,0.022170000000000002,-0.00033000000000000005,1.2254,0.6506000000000001,-9.9933,6.673473583982119,14.928159998952962,18.899999618530273,18.56999969482422,18.65999984741211,18.69999885559082,15.346973948243065,15.079010967594453,15.152091921297227,15.184571484729195,15.190662080465986,0.017584356111632976,2.1000001430511475,31.950000762939453,0.0,0.0,0.0,0.0,0.0,snow covered,0.277963280677795,-8.98924160003662,100.0,411.495483398438
arenacam6_1769615362664457892.png,1769615362664457892,1769615362.664458,42.299625395392866,-83.69749434002107,234.942626953125,0.7271785376459694,0.6864292121587804,0.0034483904749468804,0.003797326069442324,-0.05736000000000001,0.006680000000000001,-0.0008600000000000002,1.4213,-0.9694,-11.092500000000001,6.704682097903133,14.997971572083435,18.690000534057617,18.850000381469727,18.69999885559082,18.719999313354492,15.17645275545971,15.306374106756934,15.184571484729195,15.200812040837517,15.21705259694584,0.014607376991578812,1.7000000476837158,32.35000228881836,0.0,0.0,0.0,0.0,0.0,snow covered,0.277963280677795,-8.98924160003662,100.0,411.495483398438
arenacam6_1769615362685231350.png,1769615362685231350,1769615362.6852314,42.29962659956642,-83.69749429462125,234.94508361816406,0.7272094886590065,0.686392072919884,0.004056660309360563,0.003978108116354172,-0.053700000000000005,0.04978000000000001,-0.0022600000000000003,0.6238,0.0801,-9.9936,6.710062600681611,15.010007433968724,18.869998931884766,18.94999885559082,18.85999870300293,18.81999969482422,15.322613114080582,15.387573789729194,15.314492836026421,15.282013272594453,15.326673253107664,0.0210969795006432,1.7000000476837158,32.150001525878906,0.0,0.0,0.0,0.0,0.0,snow covered,0.277963280677795,-8.98924160003662,100.0,411.495483398438
arenacam6_1769615362706260489.png,1769615362706260489,1769615362.7062604,42.29962901675124,-83.69749418257418,234.95053100585938,0.7271835875894379,0.6864164533683906,0.004576362653652107,0.00394200337090222,-0.023150000000000004,0.035690000000000006,-0.0018200000000000002,1.9668,1.1326,-8.9244,6.749134316343498,15.097408517601425,18.989999771118164,18.760000228881836,18.84000015258789,18.90999984741211,15.42005490194584,15.233293153054163,15.298253828702775,15.355094226297227,15.326674027500001,0.015185752550266203,1.600000023841858,31.75,0.0,0.0,0.0,0.0,0.0,snow covered,0.277963280677795,-8.98924160003662,100.0,411.495483398438
arenacam6_1769615362726635835.png,1769615362726635835,1769615362.7266357,42.29963023381421,-83.69749413491486,234.9533233642578,0.7271730412885907,0.6864255708104638,0.004786252703111953,0.00404914135244702,-0.029440000000000004,0.00012,-0.0012200000000000002,0.6539,-0.7327,-11.116800000000001,6.777790492024256,15.161510663228741,18.85999870300293,19.059999465942383,19.059999465942383,18.989999771118164,15.314492836026421,15.476895299540292,15.476895299540292,15.42005490194584,15.422084584263212,0.01718654076248758,1.899999976158142,32.0,0.0,0.0,0.0,0.0,0.0,snow covered,0.277963280677795,-8.98924160003662,100.0,411.495483398438
arenacam6_1769615362748432139.png,1769615362748432139,1769615362.7484322,42.299631455960075,-83.6974940652822,234.956787109375,0.7272298460059622,0.6863614989835898,0.005295207766842987,0.004074870040927421,-0.032970000000000006,0.036840000000000005,0.004700000000000001,1.5198,2.0172,-10.5967,6.7935254669203085,15.196708857972716,19.119998931884766,19.170000076293945,18.84000015258789,19.139999389648438,15.525615419080582,15.566216809351387,15.298253828702775,15.541855975188904,15.482985508080912,0.018838069004526933,2.299999952316284,31.850000381469727,0.0,0.0,0.0,0.0,0.0,snow covered,0.277963280677795,-8.98924160003662,100.0,411.495483398438
arenacam6_1769615362768958229.png,1769615362768958229,1769615362.768958,42.299632680402894,-83.69749400606202,234.96083068847656,0.7271557680498877,0.6864433260786956,0.00505211137478432,0.0038111998704328113,0.06164000000000001,-0.007940000000000001,-0.016150000000000005,2.7508,2.6156,-11.914900000000001,6.840920723188586,15.302729202529477,19.34000015258789,19.1299991607666,19.10999870300293,19.09000015258789,15.704258438702775,15.533735697134745,15.517495141026421,15.501256133702775,15.564186352641679,0.017085654895401536,2.4000000953674316,31.700000762939453,0.0,0.0,0.0,0.0,0.0,snow covered,0.277963280677795,-8.98924160003662,100.0,411.495483398438
arenacam6_1769615362790757280.png,1769615362790757280,1769615362.7907574,42.29963391479339,-83.69749394318414,234.9654998779297,0.7270429843285191,0.6865673949089849,0.00445721445830675,0.003720809837055292,0.024640000000000002,-0.034190000000000005,-0.014770000000000002,0.8206,-2.4045,-12.6083,6.86901311770396,15.365570203516699,19.369998931884766,19.649999618530273,19.09000015258789,19.279998779296875,15.728617724080582,15.955980863243067,15.501256133702775,15.65553677037781,15.710347872851058,0.02243832573524999,2.700000047683716,31.725000381469727,0.0,0.0,0.0,0.0,0.0,snow covered,0.277963280677795,-8.98924160003662,100.0,411.495483398438
arenacam6_1769615362810385848.png,1769615362810385848,1769615362.810386,42.29963515768714,-83.6974938552863,234.97073364257812,0.7270421506173645,0.686569238999771,0.0041611348091391874,0.003882813677326427,0.024040000000000002,-0.027920000000000004,-0.0025200000000000005,1.7888000000000002,4.4432,-9.227,6.897346669236243,15.428950658281323,19.35999870300293,19.520000457763672,19.35999870300293,19.299999237060547,15.720497446026421,15.850420346108324,15.720497446026421,15.671777326486131,15.740798141161823,0.020211840052331717,2.799999952316284,31.649999618530273,0.0,0.0,0.0,0.0,0.0,snow covered,0.277963280677795,-8.98924160003662,100.0,411.495483398438
arenacam6_1769615362830003099.png,1769615362830003099,1769615362.8300033,42.29963639808523,-83.69749378565157,234.97650146484375,0.7268275999977666,0.6868038314147231,0.0030199008983920156,0.003607940424553257,0.11071000000000002,-0.08480000000000001,-0.043100000000000006,2.9606000000000003,0.6522,-8.994100000000001,6.961041165019145,15.571431423677927,19.279998779296875,19.170000076293945,19.420000076293945,19.31999969482422,15.65553677037781,15.566216809351387,15.769219114351388,15.688017882594451,15.669747644168758,0.006313884563067962,2.700000047683716,31.899999618530273,0.0,0.0,0.0,0.0,0.0,snow covered,0.277963280677795,-8.98924160003662,100.0,411.495483398438
arenacam6_1769615362850812768.png,1769615362850812768,1769615362.8508127,42.299637649656695,-83.69749370780472,234.98133850097656,0.726685287054486,0.6869575378735596,0.0016593028648996405,0.0038834844197989187,0.024590000000000004,-0.03756000000000001,-0.005110000000000001,-0.3269,-0.0707,-8.6454,6.965260680924014,15.580870227586164,19.399999618530273,19.389999389648438,19.510000228881836,19.389999389648438,15.752978558243067,15.744858280188904,15.842300068054161,15.744858280188904,15.771248796668761,0.012218737869052325,2.5,31.350000381469727,0.0,0.0,0.0,0.0,0.0,snow covered,0.277963280677795,-8.98924160003662,100.0,411.495483398438
arenacam6_1769615362871738536.png,1769615362871738536,1769615362.8717387,42.299638902548104,-83.69749361600263,234.98504638671875,0.7265856719986719,0.6870634516564945,0.001248732435222303,0.003938948007708166,0.03021,-0.04294,-0.022550000000000004,1.7083000000000002,1.4576,-6.3539,6.9978575248933765,15.65378741173499,19.469999313354492,19.389999389648438,19.59000015258789,19.479999542236328,15.809818955837516,15.744858280188904,15.907260743702773,15.817939233891678,15.819969303405218,0.010616082057282043,2.200000047683716,31.524999618530273,0.0,0.0,0.0,0.0,0.0,snow covered,0.277963280677795,-8.98924160003662,100.0,411.495483398438
arenacam6_1769615362892240905.png,1769615362892240905,1769615362.892241,42.299640154293826,-83.69749353195198,234.98910522460938,0.7264833569928943,0.687172298818682,0.0005992747271826068,0.00397550228073776,0.04089,-0.059480000000000005,-0.01668,1.02,-1.1719000000000002,-8.4003,7.025766286027103,15.716217635865469,19.549999237060547,19.439998626708984,19.649999618530273,19.59000015258789,15.874779631486131,15.785458121675035,15.955980863243067,15.907260743702773,15.880869840026751,0.010476579541984355,1.7000000476837158,31.625,0.0,0.0,0.0,0.0,0.0,snow covered,0.277963280677795,-8.98924160003662,100.0,411.495483398438
arenacam6_1769615362912682059.png,1769615362912682059,1769615362.912682,42.299641415851,-83.69749345514188,234.99185180664062,0.7264056669031723,0.6872541934079179,0.0004161854919940832,0.0040382575234923215,-0.0013800000000000002,-0.0017200000000000004,-0.011320000000000002,-0.13970000000000002,-0.6497,-9.3863,7.019294714388039,15.70174111840318,19.6299991607666,19.60999870300293,19.829999923706055,19.6299991607666,15.939740307134743,15.923499751026421,16.102142770648612,15.939740307134743,15.97628078398613,0.017484663867064786,1.0,31.774999618530273,0.0,0.0,0.0,0.0,0.0,snow covered,0.277963280677795,-8.98924160003662,100.0,411.495483398438
arenacam6_1769615362933392691.png,1769615362933392691,1769615362.9333925,42.29964267766698,-83.69749336989112,234.9936065673828,0.7263840845566505,0.6872780806970816,0.0004889443879416799,0.00384219071860355,0.014190000000000001,0.020680000000000004,-0.00693,1.6762000000000001,-0.014100000000000001,-7.415500000000001,7.04454027473077,15.75821392215625,19.850000381469727,19.709999084472656,19.739999771118164,19.670000076293945,16.118383326756934,16.004700982783355,16.029061816945838,15.972221419351389,16.03109188645938,0.017316554125430376,0.6000000238418579,31.450000762939453,0.0,0.0,0.0,0.0,0.0,snow covered,0.277963280677795,-8.98924160003662,100.0,411.495483398438
arenacam6_1769615362954202053.png,1769615362954202053,1769615362.9542022,42.29964394034599,-83.69749329104506,234.9958038330078,0.7263710357067696,0.6872915094385135,0.0005088833489271239,0.003903918255023449,-0.016370000000000003,-0.00885,0.0029800000000000004,1.1229,-0.5793,-9.7703,7.076986308258527,15.83079375239583,19.779998779296875,19.799999237060547,20.03999900817871,19.779998779296875,16.061541380377808,16.07778193648613,16.27266396343197,16.061541380377808,16.118382165168427,0.018166392492421454,0.0,31.524999618530273,0.0,0.0,0.0,0.0,0.0,snow covered,0.277963280677795,-8.98924160003662,100.0,411.495483398438
arenacam6_1769615362975051212.png,1769615362975051212,1769615362.9750512,42.299645213229695,-83.69749322207635,234.99752807617188,0.7264012475059844,0.6872598652914229,0.0005520220181454202,0.0038471356950587473,0.008790000000000001,0.015560000000000001,-0.00037000000000000005,0.1369,-0.6319,-10.446100000000001,7.084992161839492,15.848702366505234,19.869998931884766,19.850000381469727,20.010000228881836,19.739999771118164,16.134622334080582,16.118383326756934,16.24830467805416,16.029061816945838,16.132593038959378,0.017912549929268665,-0.4000000059604645,31.725000381469727,0.0,0.0,0.0,0.0,0.0,snow covered,0.277963280677795,-8.98924160003662,100.0,411.495483398438
arenacam6_1769615362995939428.png,1769615362995939428,1769615362.9959393,42.29964648552758,-83.69749314771046,234.99887084960938,0.7264222990119001,0.6872386925699727,0.0009213064169723627,0.0035740911384975348,-0.013760000000000003,0.04512000000000001,0.0043100000000000005,0.887,-0.6073000000000001,-7.9396,7.098707903796882,15.879383658319398,20.10999870300293,19.84000015258789,20.03999900817871,19.979999542236328,16.32950436102642,16.110263048702777,16.27266396343197,16.22394384389168,16.23409380426321,0.022337777937494165,-0.6000000238418579,31.67500114440918,0.0,0.0,0.0,0.0,0.0,snow covered,0.277963280677795,-8.98924160003662,100.0,411.495483398438
arenacam6_1769615363016438916.png,1769615363016438916,1769615363.016439,42.29964776064488,-83.69749307073596,235.00030517578125,0.7265082456871482,0.6871482766447332,0.0013155577835460305,0.003359190449136094,-0.01042,0.027180000000000003,0.01114,1.7412,0.0796,-8.9413,7.13177579164271,15.953354539357244,20.03999900817871,20.10999870300293,20.1299991607666,19.93000030517578,16.27266396343197,16.32950436102642,16.34574491713474,16.183344002405548,16.28281431099967,0.020651441728423994,-0.699999988079071,31.649999618530273,0.0,0.0,0.0,0.0,0.0,snow covered,0.277963280677795,-8.98924160003662,100.0,411.495483398438
arenacam6_1769615363037915737.png,1769615363037915737,1769615363.0379157,42.29964904302387,-83.69749301086007,235.00149536132812,0.7265446020919113,0.6871095553805141,0.0017247038842153606,0.003228850013642028,-0.02406,0.04465,0.0026400000000000004,0.09290000000000001,-1.0465,-11.4968,7.140561624906114,15.973007921217485,20.309999465942383,20.18000030517578,20.03999900817871,19.989999771118164,16.49190682454029,16.38634630740555,16.27266396343197,16.23206412194584,16.34574530433091,0.02333545346949378,-0.6000000238418579,32.07500076293945,0.0,0.0,0.0,0.0,0.0,snow covered,0.277963280677795,-8.98924160003662,100.0,411.495483398438
arenacam6_1769615363058644015.png,1769615363058644015,1769615363.058644,42.29965032762819,-83.69749294326195,235.00343322753906,0.7266248646549581,0.687023419560634,0.002443412445885538,0.0030260165228136854,-0.03508,0.05827,0.013590000000000001,1.7282000000000002,0.0426,-11.1881,7.163943306403382,16.025311339825983,20.18000030517578,20.149999618530273,20.079999923706055,20.100000381469727,16.38634630740555,16.361985473243067,16.305145075648614,16.321385631756936,16.34371562201354,0.019868835958042324,-0.5,32.10000228881836,0.0,0.0,0.0,0.0,0.0,snow covered,0.277963280677795,-8.98924160003662,100.0,411.495483398438
arenacam6_1769615363079366647.png,1769615363079366647,1769615363.0793667,42.29965161526373,-83.69749287214633,235.0054931640625,0.7267090360608988,0.6869324103644391,0.0028638500954496215,0.003104651505763991,-0.03334,0.00979,0.006300000000000001,1.0965,0.0907,-11.5114,7.202614631119821,16.111816772937175,20.3799991607666,20.18000030517578,20.219999313354492,20.06999969482422,16.548747222134743,16.38634630740555,16.41882587083752,16.297024797594453,16.41273604949307,0.018676930156091738,-0.4000000059604645,31.725000381469727,0.0,0.0,0.0,0.0,0.0,snow covered,0.277963280677795,-8.98924160003662,100.0,411.495483398438
arenacam6_1769615363100224426.png,1769615363100224426,1769615363.1002245,42.29965291165153,-83.69749281944746,235.00857543945312,0.726780950383751,0.6868534443969302,0.003369620513983943,0.003231367660379309,-0.05301000000000001,0.023850000000000003,0.011680000000000003,0.7160000000000001,-1.7077,-12.784,7.211712169612645,16.13216742069331,20.279998779296875,20.53999900817871,20.229999542236328,20.31999969482422,16.467545990377808,16.67866857343197,16.426946148891677,16.50002710259445,16.518296953823977,0.02393537849324356,-0.30000001192092896,31.899999618530273,0.0,0.0,0.0,0.0,0.0,snow covered,0.277963280677795,-8.98924160003662,100.0,411.495483398438
arenacam6_1769615363120833496.png,1769615363120833496,1769615363.1208336,42.29965421303403,-83.69749275400045,235.01358032226562,0.7269282237196445,0.6866903491029595,0.004089906192263702,0.003872295959358189,-0.038040000000000004,-0.010000000000000002,0.009130000000000001,1.9254,2.373,-11.2359,7.273571793765801,16.27054368834647,20.34000015258789,20.079999923706055,20.3799991607666,20.25,16.516267658702777,16.305145075648614,16.548747222134743,16.443186705,16.453336665371534,0.011234595507462076,0.0,32.10000228881836,0.0,0.0,0.0,0.0,0.0,snow covered,0.277963280677795,-8.98924160003662,100.0,411.495483398438
arenacam6_1769615363140344004.png,1769615363140344004,1769615363.1403441,42.2996555120671,-83.69749268499184,235.0181427001953,0.726946662496725,0.6866710094245612,0.003978494562143745,0.003955538110779497,0.0027800000000000004,-0.028110000000000003,0.0005900000000000001,1.1982000000000002,1.2372,-10.7087,7.285279611826999,16.296733374880287,20.31999969482422,20.369998931884766,20.299999237060547,20.420000076293945,16.50002710259445,16.540626944080582,16.48378654648613,16.581228334351387,16.526417231878135,0.01409385867181714,0.10000000149011612,31.850000381469727,0.0,0.0,0.0,0.0,0.0,snow covered,0.277963280677795,-8.98924160003662,100.0,411.495483398438
arenacam6_1769615363161243763.png,1769615363161243763,1769615363.1612437,42.29965682401674,-83.69749263446016,235.0236053466797,0.7270185702658641,0.6865902413675011,0.004173830684097583,0.004518637506550562,-0.06418,-0.024990000000000005,0.020440000000000003,1.8592000000000002,1.0636,-11.1797,7.317614885122578,16.3690654411261,20.520000457763672,20.420000076293945,20.459999084472656,20.56999969482422,16.662429566108322,16.581228334351387,16.613707897783357,16.703029407594453,16.64009880145938,0.016557656349294615,0.699999988079071,31.899999618530273,0.0,0.0,0.0,0.0,0.0,snow covered,0.277963280677795,-8.98924160003662,100.0,411.495483398438
arenacam6_1769615363181789712.png,1769615363181789712,1769615363.1817896,42.29965814059581,-83.69749256168515,235.02992248535156,0.7270390279422991,0.6865695193190194,0.003799898009572117,0.004701889607792197,0.040420000000000005,-0.04456,-0.008660000000000001,1.4351,1.866,-9.0884,7.352969187581995,16.44815089446967,20.43000030517578,20.309999465942383,20.639999389648438,20.549999237060547,16.589348612405548,16.49190682454029,16.759869805188906,16.68678885148613,16.63197852340522,0.011176188139017976,1.0,31.67500114440918,0.0,0.0,0.0,0.0,0.0,snow covered,0.277963280677795,-8.98924160003662,100.0,411.495483398438
arenacam6_1769615363202539376.png,1769615363202539376,1769615363.2025392,42.299659454319986,-83.69749249985573,235.03579711914062,0.7270427567814237,0.6865680178990315,0.0035372795584796193,0.004546895994864166,0.012480000000000002,0.004380000000000001,0.004260000000000001,0.038200000000000005,-1.5632000000000001,-7.5465,7.35300948310472,16.448241033136274,20.5,20.719999313354492,20.719999313354492,21.0,16.64618901,16.824830480837516,16.824830480837516,17.05219362,16.83701089791876,0.023635953777627536,1.5,32.025001525878906,0.0,0.0,0.0,0.0,0.0,snow covered,0.277963280677795,-8.98924160003662,100.0,411.495483398438
arenacam6_1769615363223172635.png,1769615363223172635,1769615363.2231727,42.299660778589256,-83.69749243815153,235.04078674316406,0.7271313707910766,0.6864734029885335,0.003758140219344358,0.004484750040277775,-0.008140000000000001,0.030840000000000006,0.010970000000000002,1.4812,1.3028,-5.066,7.373557135341126,16.49420489832998,20.6299991607666,20.5,20.899999618530273,21.279998779296875,16.75174952713474,16.64618901,16.970992388243065,17.279555210377808,16.912121533938905,0.02533717982679111,2.0,31.774999618530273,0.0,0.0,0.0,0.0,0.0,snow covered,0.277963280677795,-8.98924160003662,100.0,411.495483398438
arenacam6_1769615363243875302.png,1769615363243875302,1769615363.2438753,42.299662104771066,-83.69749236124187,235.04360961914062,0.7270825916635179,0.686527521039535,0.003632469182727446,0.004203917555032792,0.03407,0.007240000000000001,-0.006550000000000001,0.5673,0.3397,-6.1948,7.397480626306208,16.54772031220941,20.779998779296875,20.729999542236328,20.93000030517578,21.309999465942383,16.873550600377808,16.83295075889168,16.995353222405548,17.30391604454029,17.00144265655383,0.027419024239227104,2.299999952316284,31.774999618530273,0.0,0.0,0.0,0.0,0.0,snow covered,0.277963280677795,-8.98924160003662,100.0,411.495483398438
arenacam6_1769615363264515401.png,1769615363264515401,1769615363.2645154,42.2996634264885,-83.69749229373599,235.04698181152344,0.7270900081972563,0.6865204119270152,0.0038687552962178183,0.003857035096163235,-0.0029800000000000004,0.06424,-0.004020000000000001,0.5457000000000001,-1.2857,-8.6773,7.399271663642048,16.551726755267442,21.0,21.25,20.959999084472656,21.049999237060547,17.05219362,17.255195925000002,17.019712507783357,17.092793461486128,17.10497387856737,0.03342534174712999,2.700000047683716,31.75,0.0,0.0,0.0,0.0,0.0,snow covered,0.277963280677795,-8.98924160003662,100.0,411.495483398438
arenacam6_1769615363285306189.png,1769615363285306189,1769615363.2853062,42.29966476201768,-83.69749222852852,235.04847717285156,0.727089710955017,0.6865188451686585,0.004316752600502048,0.003713906114494599,-0.00954,0.022850000000000006,-0.0007600000000000002,2.8715,3.3368,-9.872300000000001,7.454933006297821,16.67623783910785,20.78999900817871,20.670000076293945,20.889999389648438,21.06999969482422,16.88167087843197,16.78423063935139,16.962872110188904,17.109034017594453,16.934451911391676,0.01548395236234179,2.9000000953674316,31.600000381469727,0.0,0.0,0.0,0.0,0.0,snow covered,0.277963280677795,-8.98924160003662,100.0,411.495483398438
arenacam6_1769615363306254925.png,1769615363306254925,1769615363.3062549,42.29966743376998,-83.69749206857455,235.0509033203125,0.7270116851440054,0.6866049745703279,0.004146406937540719,0.003228911404967496,0.04886000000000001,0.03681,-0.009400000000000002,0.29510000000000003,-0.19390000000000002,-10.1508,7.465509622939105,16.699897095937402,21.03999900817871,21.100000381469727,20.979999542236328,20.93000030517578,17.08467318343197,17.133394851756936,17.03595306389168,16.995353222405548,17.062343580371532,0.02170351603677265,3.0,31.75,0.0,0.0,0.0,0.0,0.0,snow covered,0.277963280677795,-8.98924160003662,100.0,411.495483398438
arenacam6_1769615363327123360.png,1769615363327123360,1769615363.3271234,42.29966878191072,-83.69749199380966,235.05181884765625,0.7269212490900888,0.6866995838960079,0.00459579321499298,0.0028386234480552285,-0.020310000000000005,0.06228000000000001,-0.01811,1.6347,-1.5215,-8.7674,7.48560867879151,16.74485747793588,21.020000457763672,21.0,21.059999465942383,20.959999084472656,17.068434176108322,17.05219362,17.100913739540292,17.019712507783357,17.06031351085799,0.018838979868164064,3.0,31.450000762939453,0.0,0.0,0.0,0.0,0.0,snow covered,0.277963280677795,-8.98924160003662,100.0,411.495483398438
arenacam6_1769615363348446141.png,1769615363348446141,1769615363.3484461,42.299670129078535,-83.69749190721681,235.0530242919922,0.7268976251407488,0.6867216174383145,0.00498457999554687,0.002901149757013799,-0.023620000000000006,0.01846,-0.0025400000000000006,0.7712,2.0749,-9.653400000000001,7.512591957054511,16.80521745241352,21.079999923706055,20.93000030517578,21.15999984741211,21.029998779296875,17.117154295648614,16.995353222405548,17.182114971297228,17.07655290537781,17.092793848682298,0.017112328185165986,2.799999952316284,31.55000114440918,0.0,0.0,0.0,0.0,0.0,snow covered,0.277963280677795,-8.98924160003662,100.0,411.495483398438
arenacam6_1769615363369248940.png,1769615363369248940,1769615363.369249,42.29967147725744,-83.6974918321624,235.0541534423828,0.7267349677366537,0.6868904836520106,0.005486699020598373,0.002765189138121612,-0.03930000000000001,0.04843,-0.022070000000000003,0.3537,-1.7927000000000002,-10.408800000000001,7.52264075371465,16.82769600761445,21.09000015258789,21.329999923706055,21.170000076293945,21.100000381469727,17.125274573702775,17.320156600648613,17.190235249351385,17.133394851756936,17.192265318864926,0.021664838198022562,2.700000047683716,31.774999618530273,0.0,0.0,0.0,0.0,0.0,snow covered,0.277963280677795,-8.98924160003662,100.0,411.495483398438
arenacam6_1769615363390239523.png,1769615363390239523,1769615363.3902395,42.299672834428705,-83.69749176026002,235.05531311035156,0.7267172268363885,0.6869002615471629,0.006424585566293046,0.002971128736624445,-0.08163000000000001,0.046130000000000004,-0.0036200000000000004,1.3767,0.28950000000000004,-10.363900000000001,7.542077501633844,16.87117484650481,21.329999923706055,21.389999389648438,21.170000076293945,21.119998931884766,17.320156600648613,17.368876720188904,17.190235249351385,17.14963385908058,17.25722560731737,0.02288226897799809,2.5,31.950000762939453,0.0,0.0,0.0,0.0,0.0,snow covered,0.277963280677795,-8.98924160003662,100.0,411.495483398438
arenacam6_1769615363410643764.png,1769615363410643764,1769615363.4106438,42.29967419200358,-83.69749168718444,235.0579833984375,0.7265408089206188,0.6870743253411808,0.007544656400600997,0.0032253045950874715,-0.07126000000000002,0.03851,-0.014570000000000001,0.768,-1.8566,-12.858,7.566014847123913,16.92472125212537,21.309999465942383,21.43000030517578,21.09000015258789,21.279998779296875,17.30391604454029,17.401357832405548,17.125274573702775,17.279555210377808,17.277525915256604,0.020845522822831117,2.4000000953674316,32.57500076293945,0.0,0.0,0.0,0.0,0.0,snow covered,0.277963280677795,-8.98924160003662,100.0,411.495483398438
arenacam6_1769615363430312277.png,1769615363430312277,1769615363.4303122,42.29967555173765,-83.69749160683835,235.06077575683594,0.7265281551527428,0.6870822288924694,0.007942908351672764,0.0034293902410527984,-0.08437000000000001,0.029830000000000002,-0.0030600000000000007,1.6949,-0.5587,-14.0546,7.589322736274611,16.97685960168213,21.309999465942383,21.299999237060547,21.229999542236328,21.18000030517578,17.30391604454029,17.29579576648613,17.23895536889168,17.19835552740555,17.259255676830914,0.016634176271376155,2.299999952316284,32.150001525878906,0.0,0.0,0.0,0.0,0.0,snow covered,0.277963280677795,-8.98924160003662,100.0,411.495483398438
arenacam6_1769615363450998230.png,1769615363450998230,1769615363.4509983,42.299676922691134,-83.69749154661831,235.0647735595703,0.726448985531153,0.6871587944329827,0.008410936416025007,0.003730791172679562,-0.021550000000000003,0.0037200000000000006,-0.022180000000000002,1.7002000000000002,-1.6386,-11.6377,7.637982673927709,17.08570896261585,21.389999389648438,21.399999618530273,21.260000228881836,21.299999237060547,17.368876720188904,17.376996998243065,17.263316203054163,17.29579576648613,17.326246421993062,0.01407828378111299,2.299999952316284,32.60000228881836,0.0,0.0,0.0,0.0,0.0,snow covered,0.277963280677795,-8.98924160003662,100.0,411.495483398438
arenacam6_1769615363471458791.png,1769615363471458791,1769615363.471459,42.299678297399886,-83.69749147560489,235.07058715820312,0.7264373927389044,0.6871667947537012,0.00858350216447731,0.004102939095318719,-0.032650000000000005,-0.01682,0.0030400000000000006,1.6588,0.8748,-12.2331,7.667214760117512,17.151099385497268,21.35999870300293,21.559999465942383,21.459999084472656,21.270000457763672,17.34451588602642,17.506918349540292,17.425717117783357,17.27143648110832,17.387146958614597,0.013762824633674934,2.299999952316284,32.17499923706055,0.0,0.0,0.0,0.0,0.0,snow covered,0.277963280677795,-8.98924160003662,100.0,411.495483398438
arenacam6_1769615363492087630.png,1769615363492087630,1769615363.4920876,42.29967967412486,-83.69749140077447,235.07672119140625,0.7263879356712423,0.6872227474203987,0.008154521307655507,0.004355011076129412,0.019160000000000003,-0.05571000000000001,-0.01665,1.8245,0.1879,-12.671100000000001,7.7043768032952284,17.234228646363228,21.510000228881836,21.44999885559082,21.40999984741211,21.549999237060547,17.46631850805416,17.417596839729196,17.385117276297226,17.49879807148613,17.44195767389168,0.012053282557109753,2.5,32.375,0.0,0.0,0.0,0.0,0.0,snow covered,0.277963280677795,-8.98924160003662,100.0,411.495483398438
arenacam6_1769615363512870189.png,1769615363512870189,1769615363.51287,42.29968106071467,-83.69749133282107,235.0834197998047,0.7263813673233036,0.6872370295277059,0.007427796636247466,0.004494695606330828,0.054900000000000004,-0.062090000000000006,0.004920000000000001,1.2416,1.8834000000000002,-11.143,7.7250325558231525,17.280434325423045,21.529998779296875,21.3799991607666,21.579999923706055,21.489999771118164,17.48255751537781,17.360756442134743,17.523158905648614,17.45007795194584,17.454137703776752,0.010052026186526694,2.6000001430511475,32.0,0.0,0.0,0.0,0.0,0.0,snow covered,0.277963280677795,-8.98924160003662,100.0,411.495483398438
arenacam6_1769615363533530788.png,1769615363533530788,1769615363.533531,42.299682451169936,-83.69749125771678,235.09104919433594,0.7263307679409446,0.6873017556321495,0.0063989011132786905,0.00435503293040562,0.07589000000000001,-0.06706000000000001,-0.01832,1.5835000000000001,-1.9236000000000002,-10.0447,7.7534723685595,17.344052480125487,21.639999389648438,21.579999923706055,21.670000076293945,21.56999969482422,17.571879025188903,17.523158905648614,17.59623985935139,17.515038627594453,17.55157910444584,0.011965290381711877,2.700000047683716,32.10000228881836,0.0,0.0,0.0,0.0,0.0,snow covered,0.277963280677795,-8.98924160003662,100.0,411.495483398438
arenacam6_1769615363554154704.png,1769615363554154704,1769615363.5541546,42.299683840435954,-83.6974911812823,235.0988006591797,0.7263728961420117,0.6872603795292845,0.005772107559756294,0.00471903102856868,0.004200000000000001,-0.06774000000000001,0.016330000000000004,0.9688,0.8201,-9.2749,7.77014494309872,17.381348029015253,21.600000381469727,21.559999465942383,21.719999313354492,21.799999237060547,17.539399461756936,17.506918349540292,17.63683970083752,17.70180037648613,17.59623947215522,0.012363335846059812,2.700000047683716,32.04999923706055,0.0,0.0,0.0,0.0,0.0,snow covered,0.277963280677795,-8.98924160003662,100.0,411.495483398438
arenacam6_1769615363575115181.png,1769615363575115181,1769615363.5751152,42.299685240148435,-83.69749111393654,235.10565185546875,0.7263705963514734,0.6872679944951918,0.004980111297768282,0.004864050783422792,0.05567000000000001,-0.062130000000000005,-0.010360000000000001,0.9438000000000001,0.5522,-8.1635,7.790129444043554,17.42605215855879,21.719999313354492,21.709999084472656,21.809999465942383,21.60999870300293,17.63683970083752,17.628719422783355,17.70992065454029,17.54751819102642,17.630749492296896,0.011746626939686389,2.700000047683716,32.0,0.0,0.0,0.0,0.0,0.0,snow covered,0.277963280677795,-8.98924160003662,100.0,411.495483398438
arenacam6_1769615363595958665.png,1769615363595958665,1769615363.5959587,42.29968663640757,-83.69749104129959,235.1117401123047,0.7263320141612035,0.6873085785869332,0.004683147347540234,0.005176015481045945,-0.027990000000000004,-0.04023000000000001,-0.0002800000000000001,-0.4036,-1.6203,-7.915900000000001,7.790897011810281,17.427769161598892,21.75,21.85999870300293,21.809999465942383,21.989999771118164,17.661200535000003,17.75052049602642,17.70992065454029,17.85608256194584,17.74443106187814,0.018169961820299597,2.700000047683716,32.025001525878906,0.0,0.0,0.0,0.0,0.0,snow covered,0.277963280677795,-8.98924160003662,100.0,411.495483398438
arenacam6_1769615363616586190.png,1769615363616586190,1769615363.6165862,42.29968803460681,-83.69749095563618,235.11746215820312,0.7264281952320658,0.687201970131724,0.00496868295542038,0.005553522184084625,-0.04453000000000001,-0.007110000000000001,0.00973,0.8533000000000001,1.0109000000000001,-6.7441,7.801659318978523,17.451843796995817,21.809999465942383,21.8799991607666,21.939998626708984,21.93000030517578,17.70992065454029,17.766761052134743,17.815481171675035,17.807362442405548,17.774881330188904,0.018510223730554783,2.700000047683716,31.899999618530273,0.0,0.0,0.0,0.0,0.0,snow covered,0.277963280677795,-8.98924160003662,100.0,411.495483398438
arenacam6_1769615363637270244.png,1769615363637270244,1769615363.6372702,42.29968944050525,-83.69749089488428,235.1221466064453,0.7263445260857326,0.6872857045990824,0.005283326021868928,0.005837477638660869,-0.04957000000000001,-0.0027100000000000006,-0.016900000000000002,1.2478,-1.1165,-8.6921,7.821900665155786,17.497122473913585,21.899999618530273,21.889999389648438,22.020000457763672,22.06999969482422,17.783001608243065,17.774881330188904,17.880443396108323,17.921043237594454,17.839842393033685,0.019587216105451628,2.700000047683716,31.850000381469727,0.0,0.0,0.0,0.0,0.0,snow covered,0.277963280677795,-8.98924160003662,100.0,411.495483398438
arenacam6_1769615363658790488.png,1769615363658790488,1769615363.6587903,42.29969084089587,-83.69749082516206,235.12608337402344,0.72637658781201,0.6872427720652461,0.005958410915626477,0.006238770873987196,-0.07775000000000001,0.046860000000000006,0.006410000000000002,-0.7409,-0.3206,-9.014000000000001,7.811559347655882,17.47398956714535,21.959999084472656,22.18000030517578,22.06999969482422,22.35999870300293,17.831721727783357,18.010364747405546,17.921043237594454,18.15652510602642,17.979913704702447,0.02895298383995482,2.6000001430511475,31.524999618530273,0.0,0.0,0.0,0.0,0.0,snow covered,0.277963280677795,-8.98924160003662,100.0,411.495483398438
arenacam6_1769615363700433319.png,1769615363700433319,1769615363.7004335,42.29969365995271,-83.69749068960446,235.13121032714844,0.726377873120943,0.6872261188363986,0.007681434553578564,0.006036770043219112,-0.0134,0.04014000000000001,-0.013580000000000002,1.548,-0.1631,-7.7757000000000005,7.867396847064747,17.598894703073015,22.18000030517578,22.76999855041504,22.18000030517578,22.260000228881836,18.010364747405546,18.489448762323647,18.010364747405546,18.075325423054164,18.146375920047227,0.03110884099321387,2.4000000953674316,31.649999618530273,0.0,0.0,0.0,0.0,0.0,snow covered,0.277963280677795,-8.98924160003662,100.0,411.495483398438
arenacam6_1769615363720869886.png,1769615363720869886,1769615363.7208698,42.299695071641835,-83.69749061932141,235.133056640625,0.7265244234933438,0.6870652338037446,0.00846174514863066,0.005659101952615258,-0.03517000000000001,0.06431,0.01024,1.0550000000000002,-0.6087,-11.9161,7.883021484630446,17.633846079829233,22.329999923706055,23.15999984741211,22.260000228881836,22.03999900817871,18.132165820648613,18.80613341129723,18.075325423054164,17.896682403431967,18.227576764607992,0.033669948239930914,2.700000047683716,31.399999618530273,0.0,0.0,0.0,0.0,0.0,snow covered,0.277963280677795,-8.98924160003662,100.0,411.495483398438
arenacam6_1769615363740510402.png,1769615363740510402,1769615363.7405105,42.299696487860714,-83.69749054476019,235.1344451904297,0.7265609303725252,0.6870205945415166,0.009037082408467834,0.0054998430499584635,-0.021560000000000003,0.03415000000000001,0.0048200000000000005,1.9657,0.3239,-10.1758,7.920744024621029,17.718229138435767,22.329999923706055,23.579999923706055,22.19999885559082,22.10999870300293,18.132165820648613,19.14717734564861,18.026603754729194,17.953522801026423,18.31486743051321,0.03367369771639137,2.6000001430511475,31.450000762939453,0.0,0.0,0.0,0.0,0.0,snow covered,0.277963280677795,-8.98924160003662,100.0,411.495483398438
arenacam6_1769615363761151472.png,1769615363761151472,1769615363.7611516,42.29969791225493,-83.6974904854223,235.13702392578125,0.7266582616261474,0.6869145774596955,0.009196039362310175,0.005618446749794964,-0.021990000000000003,-0.0034400000000000008,0.013590000000000001,1.6746,0.6941,-13.051,7.951723777832501,17.787528987584636,22.329999923706055,24.239999771118164,22.299999237060547,22.1299991607666,18.132165820648613,19.68310330694584,18.107804986486133,17.96976335713474,18.47320936780383,0.03854837738832554,2.5,31.67500114440918,0.0,0.0,0.0,0.0,0.0,snow covered,0.277963280677795,-8.98924160003662,100.0,411.495483398438
arenacam6_1769615363781892990.png,1769615363781892990,1769615363.7818928,42.29969934166436,-83.69749041165703,235.1413116455078,0.7266934757051925,0.6868772970487989,0.0090434843534835,0.0058640052175454845,-0.0012700000000000003,-0.03855,0.00136,2.3418,0.9851000000000001,-13.0183,7.993959022820778,17.882006696508714,22.350000381469727,23.75,22.26999855041504,22.28999900817871,18.148406376756938,19.285218975,18.083444152323647,18.09968470843197,18.404188553128137,0.029201524497883852,2.799999952316284,31.700000762939453,0.0,0.0,0.0,0.0,0.0,snow covered,0.270190417766571,-7.35301876068115,100.0,458.024688720703
arenacam6_1769615363802619740.png,1769615363802619740,1769615363.8026197,42.29970077291495,-83.69749033649559,235.145263671875,0.7267322971352275,0.6868401630871567,0.008499089486488465,0.006206782488868656,0.018890000000000004,-0.05876000000000001,0.0018200000000000002,0.9470000000000001,0.5963,-10.468,8.0207587414472,17.9419560590929,22.579999923706055,22.549999237060547,22.35999870300293,22.28999900817871,18.33516812564861,18.31080729148613,18.15652510602642,18.09968470843197,18.225546307898284,0.015805982796489083,3.1000001430511475,31.524999618530273,0.0,0.0,0.0,0.0,0.0,snow covered,0.270190417766571,-7.35301876068115,100.0,458.024688720703
arenacam6_1769615363823349101.png,1769615363823349101,1769615363.823349,42.29970221479834,-83.69749027313702,235.15036010742188,0.7267341619130452,0.6868366441300688,0.00824532062608489,0.0067005131491536885,-0.04190000000000001,-0.06227000000000001,0.0035500000000000006,1.2279,-2.0075000000000003,-9.7809,8.041063552559507,17.987376703262466,22.369998931884766,22.85999870300293,22.479999542236328,22.35999870300293,18.164645384080583,18.56252971602642,18.25396689389168,18.15652510602642,18.284416775006278,0.016513807246274884,3.1000001430511475,31.399999618530273,0.0,0.0,0.0,0.0,0.0,snow covered,0.270190417766571,-7.35301876068115,100.0,458.024688720703
arenacam6_1769615363844030646.png,1769615363844030646,1769615363.8440306,42.29970365934084,-83.69749019694707,235.15646362304688,0.7268665255887595,0.6866941474472912,0.007870735929145781,0.00736568775449266,0.00442,-0.06953000000000001,0.017620000000000004,1.877,3.9594,-9.8756,8.071486704273402,18.055431468257346,22.5,22.75,22.439998626708984,22.6299991607666,18.27020745,18.473209755000003,18.22148578167503,18.375767967134742,18.33516773845244,0.015493192211268368,3.799999952316284,31.350000381469727,0.0,0.0,0.0,0.0,0.0,snow covered,0.270190417766571,-7.35301876068115,100.0,458.024688720703
arenacam6_1769615363864595431.png,1769615363864595431,1769615363.8645954,42.29970510547852,-83.69749010633599,235.16265869140625,0.7268975958914358,0.6866733837804682,0.006819887838901898,0.007282734692234617,0.08749000000000001,-0.06724000000000001,-0.0035100000000000005,0.5118,0.2545,-8.558200000000001,8.09229446772931,18.101977186642404,22.489999771118164,22.529998779296875,22.529998779296875,22.719999313354492,18.262087171945836,18.294566735377806,18.294566735377806,18.448848920837516,18.325017390884742,0.01232131727615484,4.099999904632568,31.075000762939453,0.0,0.0,0.0,0.0,0.0,snow covered,0.270190417766571,-7.35301876068115,100.0,458.024688720703
arenacam6_1769615363885350296.png,1769615363885350296,1769615363.8853505,42.299706559048936,-83.69749003577338,235.1677703857422,0.7269223749415284,0.6866566591711696,0.006045213133182707,0.007067434006102351,0.05686,-0.028290000000000006,0.007070000000000001,-0.6823,-1.4038000000000002,-7.7396,8.082526879312285,18.080127677408825,22.559999465942383,22.60999870300293,22.549999237060547,22.850000381469727,18.318927569540293,18.359527411026423,18.31080729148613,18.55441098675694,18.385918314702444,0.016913079528509366,4.599999904632568,31.600000381469727,0.0,0.0,0.0,0.0,0.0,snow covered,0.270190417766571,-7.35301876068115,100.0,458.024688720703
arenacam6_1769615363906112685.png,1769615363906112685,1769615363.9061127,42.299709464271295,-83.69748985508348,235.17715454101562,0.7270510043953133,0.686522986646081,0.005780765516497677,0.007043334746700657,0.014750000000000001,-0.01683,0.018690000000000002,1.4524000000000001,1.8805,-8.398200000000001,8.098866078827294,18.116677486371927,22.739999771118164,22.899999618530273,22.75,22.809999465942383,18.46508947694584,18.595010828243066,18.473209755000003,18.52192987454029,18.5138099836823,0.021920823926413216,5.599999904632568,31.649999618530273,0.0,0.0,0.0,0.0,0.0,snow covered,0.270190417766571,-7.35301876068115,100.0,458.024688720703
arenacam6_1769615363927026882.png,1769615363927026882,1769615363.927027,42.299710923737166,-83.6974897816666,235.1808319091797,0.727037469313503,0.68654660667121,0.005191476986510038,0.006582070279356767,0.08678000000000001,-0.00048,-0.010360000000000001,1.2008,0.47800000000000004,-9.6508,8.119646144440871,18.163161246345563,22.68000030517578,23.209999084472656,22.809999465942383,22.739999771118164,18.416369357405546,18.846733252783356,18.52192987454029,18.46508947694584,18.56253049041876,0.021987870869865717,6.099999904632568,31.5,0.0,0.0,0.0,0.0,0.0,snow covered,0.270190417766571,-7.35301876068115,100.0,458.024688720703
arenacam6_1769615363948452268.png,1769615363948452268,1769615363.9484522,42.299712380262385,-83.69748969314591,235.1846923828125,0.7270964447061701,0.6864876660276157,0.005001423635314098,0.006358478530598202,0.00632,0.020050000000000005,0.01195,-0.4721,-1.5208000000000002,-10.0425,8.114606624264585,18.151888142082424,22.90999984741211,23.209999084472656,22.959999084472656,22.739999771118164,18.603131106297226,18.846733252783356,18.643730947783357,18.46508947694584,18.63967119595244,0.02687230386458621,7.0,31.725000381469727,0.0,0.0,0.0,0.0,0.0,snow covered,0.270190417766571,-7.35301876068115,100.0,458.024688720703
arenacam6_1769615363969251714.png,1769615363969251714,1769615363.9692519,42.299713840805026,-83.69748959334862,235.1884765625,0.7271426828201589,0.6864380528115777,0.005264817440920924,0.006212903561561976,-0.0037700000000000003,0.03234,0.00436,1.4367,2.1853000000000002,-9.715900000000001,8.133481322750953,18.194109710114517,23.010000228881836,23.010000228881836,22.8799991607666,22.850000381469727,18.684332338054162,18.684332338054162,18.578770272134744,18.55441098675694,18.62546148375,0.023708319918269247,7.400000095367432,31.25,0.0,0.0,0.0,0.0,0.0,snow covered,0.270190417766571,-7.35301876068115,100.0,458.024688720703
arenacam6_1769615363990318173.png,1769615363990318173,1769615363.990318,42.29971530536678,-83.69748951448962,235.19227600097656,0.7271689882419147,0.686412316336124,0.005206383222634075,0.006023960080050001,0.018830000000000003,0.014970000000000002,0.0011400000000000002,0.16490000000000002,0.1217,-10.8893,8.144056999214937,18.217766863823865,23.60999870300293,23.279998779296875,22.869998931884766,22.8799991607666,19.17153663102642,18.90357365037781,18.570649994080583,18.578770272134744,18.806132636904888,0.03229626207641161,8.199999809265137,31.475000381469727,0.0,0.0,0.0,0.0,0.0,snow covered,0.270190417766571,-7.35301876068115,100.0,458.024688720703
arenacam6_1769615364011082919.png,1769615364011082919,1769615364.0110831,42.29971677171403,-83.69748942942775,235.19757080078125,0.7271814244191616,0.6863903544293333,0.005855616713884624,0.006416313504932754,-0.08310000000000001,-0.00117,0.0066500000000000005,1.3973,-0.27190000000000003,-12.0234,8.171626885356064,18.279439044928395,23.719999313354492,23.5,22.979999542236328,22.81999969482422,19.260858140837517,19.08221667,18.659971503891676,18.530050152594452,18.88327411683091,0.0330335668626576,8.90000057220459,31.05000114440918,0.0,0.0,0.0,0.0,0.0,snow covered,0.270190417766571,-7.35301876068115,100.0,458.024688720703
arenacam6_1769615364031149753.png,1769615364031149753,1769615364.0311499,42.29971823727831,-83.69748933455136,235.20260620117188,0.727241896251087,0.6863185906800529,0.006161234958300215,0.006932215220105246,-0.04766000000000001,-0.016150000000000005,0.0038300000000000005,1.1625,0.5479,-10.7932,8.195326151452399,18.33245288122993,23.479999542236328,23.65999984741211,22.939998626708984,23.26999855041504,19.065976113891676,19.212138021297225,18.627490391675032,18.895453372323647,18.950264474796896,0.03370043264638773,9.40000057220459,30.0,0.0,0.0,0.0,0.0,0.0,snow covered,0.270190417766571,-7.35301876068115,100.0,458.024688720703
arenacam6_1769615364050981624.png,1769615364050981624,1769615364.0509815,42.29971971199546,-83.6974892538912,235.2078857421875,0.7273427517090234,0.6862074507247896,0.006186405150714058,0.00732014326652595,-0.016840000000000004,-0.032010000000000004,0.02228,0.2707,2.0827,-9.4468,8.207959053811972,18.360711925834156,23.579999923706055,23.729999542236328,23.010000228881836,23.059999465942383,19.14717734564861,19.26897841889168,18.684332338054162,18.724932179540293,18.956355070533686,0.03244117913867158,10.0,29.649999618530273,0.0,0.0,0.0,0.0,0.0,snow covered,0.270190417766571,-7.35301876068115,100.0,458.024688720703
arenacam6_1769615364071636079.png,1769615364071636079,1769615364.071636,42.299721190209354,-83.69748917078586,235.21392822265625,0.7273140888782034,0.6862390341066782,0.006030216855913595,0.007337620341271451,-0.00502,-0.02091,-0.013850000000000001,1.546,-4.0343,-10.0883,8.230241940634114,18.410557406682077,23.729999542236328,23.689998626708984,23.03999900817871,23.28999900817871,19.26897841889168,19.236497306675037,18.70869162343197,18.911693928431973,19.031465319357665,0.033725644420208055,10.5,29.125,0.0,0.0,0.0,0.0,0.0,snow covered,0.270190417766571,-7.35301876068115,100.0,458.024688720703
arenacam6_1769615364092260282.png,1769615364092260282,1769615364.0922604,42.29972266710488,-83.69748907802547,235.22023010253906,0.7275054210199905,0.6860285837129009,0.006098128178233927,0.007966024612059794,-0.03987,-0.031080000000000007,0.041890000000000004,0.3133,2.3303000000000003,-9.6776,8.242521396984513,18.438025813770537,23.350000381469727,23.60999870300293,23.19999885559082,23.5,18.960415596756935,19.17153663102642,18.838612974729198,19.08221667,19.01319546812814,0.031194752636045948,11.0,29.075000762939453,0.0,0.0,0.0,0.0,0.0,snow covered,0.270190417766571,-7.35301876068115,100.0,458.024688720703
arenacam6_1769615364113036538.png,1769615364113036538,1769615364.1130366,42.29972415153344,-83.69748900069183,235.2251739501953,0.7277151019194237,0.6858134709234177,0.005597909757621277,0.007699152208066612,0.07925,-0.018690000000000002,0.017870000000000004,0.3609,1.7959,-7.876200000000001,8.25401627999067,18.46373917736233,23.93000030517578,23.529998779296875,23.439998626708984,23.989999771118164,19.431380882405552,19.106575955377807,19.033495001675035,19.48010100194584,19.262888210351058,0.043282079827499494,11.5,28.975000381469727,0.0,0.0,0.0,0.0,0.0,snow covered,0.270190417766571,-7.35301876068115,100.0,458.024688720703
arenacam6_1769615364133709356.png,1769615364133709356,1769615364.1337094,42.29972563516353,-83.69748891492245,235.2296142578125,0.7277978511347474,0.6857347473099747,0.0052896649411608,0.00708263087977871,0.048620000000000003,0.023270000000000002,0.015700000000000002,0.3693,-2.2499000000000002,-6.807,8.259828885611352,18.476741627379457,23.350000381469727,23.68000030517578,23.28999900817871,24.239999771118164,18.960415596756935,19.22837857740555,18.911693928431973,19.68310330694584,19.195897852385073,0.03892224286667222,11.800000190734863,28.850000381469727,0.0,0.0,0.0,0.0,0.0,snow covered,0.270190417766571,-7.35301876068115,100.0,458.024688720703
arenacam6_1769615364154354038.png,1769615364154354038,1769615364.1543539,42.29972712050355,-83.69748881992619,235.23399353027344,0.728002482457654,0.685517655928986,0.0054020532632660274,0.0069818884023418746,-0.007360000000000001,0.005890000000000001,0.030280000000000005,0.9439000000000001,0.6627000000000001,-6.3901,8.278026122322961,18.517447754069128,23.51999855041504,23.850000381469727,23.5,23.670000076293945,19.098455677323646,19.366420206756935,19.08221667,19.220258299351386,19.19183771335799,0.03641916360426446,12.300000190734863,28.825000762939453,0.0,0.0,0.0,0.0,0.0,snow covered,0.270190417766571,-7.35301876068115,100.0,458.024688720703
arenacam6_1769615364175320871.png,1769615364175320871,1769615364.1753209,42.29972861068165,-83.69748873443439,235.23655700683594,0.7281457479176418,0.6853741896175312,0.005021159957129549,0.006385761368530417,0.10557000000000001,0.01429,0.01667,0.6885,4.2843,-9.345600000000001,8.29380810159066,18.552751094772212,23.850000381469727,23.529998779296875,23.559999465942383,23.44999885559082,19.366420206756935,19.106575955377807,19.130936789540293,19.041615279729196,19.16138705785106,0.032805698732752776,12.699999809265137,28.92500114440918,0.0,0.0,0.0,0.0,0.0,snow covered,0.270190417766571,-7.35301876068115,100.0,458.024688720703
arenacam6_1769615364196126791.png,1769615364196126791,1769615364.1961267,42.29973010340362,-83.69748864317039,235.23974609375,0.7281441445976169,0.6853858526260378,0.004602726972357442,0.005581452562011408,0.05562,0.022510000000000002,-0.0023800000000000006,0.36300000000000004,-3.1657,-11.1943,8.310974119288499,18.591150446401215,23.40999984741211,23.600000381469727,23.439998626708984,23.619998931884766,19.009135716297227,19.163417901756937,19.033495001675035,19.17965690908058,19.096426382202445,0.027178303852575105,13.40000057220459,28.55000114440918,0.0,0.0,0.0,0.0,0.0,snow covered,0.270190417766571,-7.35301876068115,100.0,458.024688720703
arenacam6_1769615364216632557.png,1769615364216632557,1769615364.2166326,42.29973159198296,-83.69748853635203,235.2415771484375,0.7282301179827498,0.6852952183642236,0.005062132228454856,0.005072846071280051,0.005640000000000001,0.08053000000000002,0.009970000000000001,0.0378,1.4274,-7.316000000000001,8.30262010163078,18.572463010141956,23.809999465942383,23.779998779296875,23.489999771118164,23.459999084472656,19.33393909454029,19.309578260377805,19.07409639194584,19.049735557783357,19.191837326161824,0.03334906714750994,14.0,28.30000114440918,0.0,0.0,0.0,0.0,0.0,snow covered,0.270190417766571,-7.35301876068115,100.0,458.024688720703
arenacam6_1769615364237337962.png,1769615364237337962,1769615364.2373378,42.29973309029536,-83.6974884506773,235.24334716796875,0.7281168360291119,0.6854168356825711,0.005351925513863766,0.004581631493362279,0.013960000000000002,0.03389,-0.025370000000000004,2.1259,0.9361,-9.5197,8.336908516267567,18.64916413637957,23.59000015258789,23.90999984741211,23.469999313354492,23.3799991607666,19.155297623702776,19.415140326297227,19.05785583583752,18.98477488213474,19.153267166993064,0.027030864596774156,14.699999809265137,28.475000381469727,0.0,0.0,0.0,0.0,0.0,snow covered,0.270190417766571,-7.35301876068115,100.0,458.024688720703
arenacam6_1769615364257935709.png,1769615364257935709,1769615364.2579355,42.29973458804432,-83.69748835734866,235.2465057373047,0.7279978581351184,0.6855409225514653,0.0056330484892490925,0.004585937492331304,-0.031000000000000003,0.02304,-0.013320000000000002,-0.8785000000000001,-0.6036,-13.545200000000001,8.339028465376773,18.65390633533992,23.709999084472656,23.799999237060547,23.439998626708984,23.59000015258789,19.252737862783356,19.32581881648613,19.033495001675035,19.155297623702776,19.191837326161824,0.02883744461624066,15.5,28.575000762939453,0.0,0.0,0.0,0.0,0.0,snow covered,0.270190417766571,-7.35301876068115,100.0,458.024688720703
arenacam6_1769615364279922422.png,1769615364279922422,1769615364.2799225,42.299736085595995,-83.6974882534496,235.24874877929688,0.727969828173387,0.6855667630414903,0.00627059736390049,0.00433846640210687,-0.019340000000000003,0.06735000000000001,-0.006260000000000001,0.7113,1.242,-10.3475,8.337269626023748,18.649971917237565,23.76999855041504,23.889999389648438,23.510000228881836,23.579999923706055,19.301457982323647,19.398899770188905,19.090336948054162,19.14717734564861,19.234468011553833,0.03134032034525679,16.399999618530273,28.649999618530273,0.0,0.0,0.0,0.0,0.0,snow covered,0.270190417766571,-7.35301876068115,100.0,458.024688720703
arenacam6_1769615364300458704.png,1769615364300458704,1769615364.3004587,42.2997375894761,-83.69748816966425,235.25184631347656,0.727732520467943,0.685814875242366,0.006748118003258566,0.004218821291185039,-0.03318000000000001,0.026460000000000004,-0.032830000000000005,1.9559000000000002,-1.1451,-10.217500000000001,8.373129781259378,18.730188932890353,23.85999870300293,23.939998626708984,23.40999984741211,23.76999855041504,19.374538936026422,19.439499611675036,19.009135716297227,19.301457982323647,19.281158061580584,0.029416100962159776,17.5,28.67500114440918,0.0,0.0,0.0,0.0,0.0,snow covered,0.270190417766571,-7.35301876068115,100.0,458.024688720703
arenacam6_1769615364320907639.png,1769615364320907639,1769615364.3209076,42.29973909425845,-83.69748807397434,235.2564697265625,0.7275684247959912,0.6859850753379493,0.007010989123668139,0.0044169769046465005,-0.0079,0.004900000000000001,-0.026490000000000003,-0.3613,-0.2984,-13.1033,8.374734584099974,18.733778780556598,23.84000015258789,24.119998931884766,23.549999237060547,23.760000228881836,19.358299928702774,19.58566151908058,19.122816511486132,19.29333925305416,19.34002930308091,0.032361358038108565,18.700000762939453,28.475000381469727,0.0,0.0,0.0,0.0,0.0,snow covered,0.270190417766571,-7.35301876068115,100.0,458.024688720703
arenacam6_1769615364340481861.png,1769615364340481861,1769615364.3404818,42.29974059514913,-83.69748798146148,235.26040649414062,0.7274568051256702,0.686102164206542,0.007158886158841218,0.004378047100744803,-0.014830000000000003,0.026260000000000006,-0.03449000000000001,-0.2614,-1.2229,-11.9746,8.371419134424684,18.726362318559953,23.760000228881836,24.6299991607666,23.8799991607666,23.670000076293945,19.29333925305416,19.999786407134746,19.390779492134744,19.220258299351386,19.476040862918758,0.04003332476461741,20.0,28.725000381469727,0.0,0.0,0.0,0.0,0.0,snow covered,0.270190417766571,-7.35301876068115,100.0,458.024688720703
arenacam6_1769615364361215939.png,1769615364361215939,1769615364.361216,42.299742105050896,-83.69748789460074,235.2653350830078,0.7272855360403113,0.6862835248473427,0.007171342915357292,0.004386847439130931,0.01913,-0.014580000000000003,-0.019610000000000002,1.0184,0.8832000000000001,-9.032300000000001,8.407695459376306,18.807510280897237,23.969999313354492,24.420000076293945,23.889999389648438,23.78999900817871,19.463860445837515,19.82926521435139,19.398899770188905,19.31769853843197,19.502430992202445,0.036949107081495965,21.5,28.524999618530273,0.0,0.0,0.0,0.0,0.0,snow covered,0.270190417766571,-7.35301876068115,100.0,458.024688720703
arenacam6_1769615364381895734.png,1769615364381895734,1769615364.3818958,42.299743611497405,-83.69748779631334,235.27029418945312,0.7270773244618401,0.6865077072090358,0.006901975385793907,0.004253813792197796,0.02883,-0.011980000000000001,-0.030680000000000006,0.08750000000000001,-0.4536,-10.520000000000001,8.410242640647631,18.813208172570313,23.899999618530273,24.53999900817871,23.760000228881836,23.869998931884766,19.407020048243066,19.92670545343197,19.29333925305416,19.382659214080583,19.50243099220244,0.0366350498708145,22.700000762939453,28.350000381469727,0.0,0.0,0.0,0.0,0.0,snow covered,0.270190417766571,-7.35301876068115,100.0,458.024688720703
arenacam6_1769615364402650772.png,1769615364402650772,1769615364.4026508,42.29974511820287,-83.6974877044358,235.27597045898438,0.7269021804071409,0.6866966380321001,0.006575006610505337,0.004209123760024802,0.027480000000000004,-0.02934,-0.025000000000000005,0.7256,0.7874,-10.8926,8.426475454390502,18.849520002944292,23.889999389648438,24.399999618530273,23.850000381469727,23.809999465942383,19.398899770188905,19.813024658243066,19.366420206756935,19.33393909454029,19.4780709324323,0.033345726012642636,23.80000114440918,28.524999618530273,0.0,0.0,0.0,0.0,0.0,snow covered,0.270190417766571,-7.35301876068115,100.0,458.024688720703
arenacam6_1769615364423258458.png,1769615364423258458,1769615364.4232583,42.29974663307153,-83.69748761606105,235.28140258789062,0.7266800472552043,0.6869370482918244,0.006160061429345816,0.003956545017568435,0.05167,-0.015850000000000003,-0.03883,0.35860000000000003,0.24020000000000002,-8.993500000000001,8.435225610060773,18.869093576169345,24.029998779296875,24.09000015258789,23.939998626708984,23.85999870300293,19.51258056537781,19.561302233702776,19.439499611675036,19.374538936026422,19.471980336695513,0.031951018637566234,24.399999618530273,28.625,0.0,0.0,0.0,0.0,0.0,snow covered,0.270190417766571,-7.35301876068115,100.0,458.024688720703
arenacam6_1769615364443936716.png,1769615364443936716,1769615364.4439368,42.299748144622015,-83.69748751957283,235.2866973876953,0.7264554503239288,0.6871783560811435,0.005859376409321608,0.003748777983421227,0.02628,-0.00576,-0.034210000000000004,0.7501,-1.0312000000000001,-9.2498,8.4433049648562,18.88716660808543,24.15999984741211,24.170000076293945,23.75,23.90999984741211,19.618142631297225,19.626262909351386,19.285218975,19.415140326297227,19.48619121048646,0.03171595903350549,24.600000381469727,28.649999618530273,0.0,0.0,0.0,0.0,0.0,snow covered,0.270190417766571,-7.35301876068115,100.0,458.024688720703
arenacam6_1769615364464680225.png,1769615364464680225,1769615364.4646802,42.299749658572715,-83.69748742583279,235.29241943359375,0.7261636282727039,0.6874874517000493,0.00567838399798167,0.0038916171402132486,0.00027000000000000006,-0.027570000000000004,-0.042300000000000004,0.16770000000000002,0.8035,-10.7749,8.45115295721584,18.9047220961144,24.119998931884766,24.0,24.029998779296875,23.8799991607666,19.58566151908058,19.48822128,19.51258056537781,19.390779492134744,19.494310714148284,0.031187372923882566,24.5,28.899999618530273,0.0,0.0,0.0,0.0,0.0,snow covered,0.270190417766571,-7.35301876068115,100.0,458.024688720703
arenacam6_1769615364485346763.png,1769615364485346763,1769615364.4853468,42.29975117739151,-83.69748734166512,235.2978515625,0.7258519035053198,0.6878156105293252,0.005767492120046762,0.003928883368134849,-0.022330000000000003,0.018330000000000003,-0.047900000000000005,-0.049800000000000004,-1.7678,-9.1263,8.446407889966014,18.894107665380577,24.079999923706055,23.989999771118164,24.059999465942383,24.059999465942383,19.553181955648615,19.48010100194584,19.53694139954029,19.53694139954029,19.526791439168758,0.03348577159573608,24.200000762939453,28.67500114440918,0.0,0.0,0.0,0.0,0.0,snow covered,0.270190417766571,-7.35301876068115,100.0,458.024688720703
arenacam6_1769615364506278652.png,1769615364506278652,1769615364.5062788,42.299754207214484,-83.69748715913794,235.3075714111328,0.7256062752799906,0.6880693798277614,0.00625586540790901,0.004114117856402583,-0.04494000000000001,0.028210000000000002,-0.03606000000000001,0.7327,0.9973000000000001,-7.4918000000000005,8.452971833194548,18.90879081254621,23.989999771118164,24.01999855041504,23.899999618530273,24.149999618530273,19.48010100194584,19.504460287323646,19.407020048243066,19.610022353243064,19.500400922688904,0.031287569681618776,23.30000114440918,28.575000762939453,0.0,0.0,0.0,0.0,0.0,snow covered,0.270190417766571,-7.35301876068115,100.0,458.024688720703
arenacam6_1769615364526816147.png,1769615364526816147,1769615364.5268164,42.29975572879601,-83.69748708682171,235.31202697753906,0.7251796013242986,0.6885148346169739,0.0065641900843881225,0.004333560202476167,-0.04684000000000001,0.015100000000000002,-0.06778,-0.1593,-2.1101,-9.7744,8.455585246696272,18.91463686174476,24.029998779296875,24.329999923706055,24.049999237060547,24.209999084472656,19.51258056537781,19.756184260648617,19.528821121486132,19.658742472783356,19.61408210507398,0.03697904688531775,23.0,28.975000381469727,0.0,0.0,0.0,0.0,0.0,snow covered,0.270190417766571,-7.35301876068115,100.0,458.024688720703
arenacam6_1769615364548384912.png,1769615364548384912,1769615364.548385,42.29975724865554,-83.69748700355709,235.31588745117188,0.7248146619848841,0.6888858005467696,0.007550010823347331,0.004801761483277572,-0.10430000000000002,0.04186000000000001,-0.04791,0.5647,0.2376,-8.9466,8.46536847152985,18.936521348703984,24.1299991607666,23.90999984741211,23.809999465942383,24.01999855041504,19.593781797134746,19.415140326297227,19.33393909454029,19.504460287323646,19.461830376323977,0.027740524140984615,22.399999618530273,28.825000762939453,0.0,0.0,0.0,0.0,0.0,snow covered,0.270190417766571,-7.35301876068115,100.0,458.024688720703
arenacam6_1769615364569285683.png,1769615364569285683,1769615364.5692856,42.29975876767509,-83.6974869263266,235.32000732421875,0.7245076817108408,0.6892039124921341,0.007879002079170198,0.004950502373946651,-0.01238,-0.00708,-0.0432,1.3357,0.9759000000000001,-10.5784,8.489733641385902,18.99102477176178,24.1299991607666,24.149999618530273,23.920000076293945,24.149999618530273,19.593781797134746,19.610022353243064,19.423260604351388,19.610022353243064,19.559271776993064,0.029921871624127707,22.0,28.899999618530273,0.0,0.0,0.0,0.0,0.0,snow covered,0.270190417766571,-7.35301876068115,100.0,458.024688720703
arenacam6_1769615364590091705.png,1769615364590091705,1769615364.5900917,42.29976029511087,-83.69748685675418,235.3242950439453,0.7241373212366974,0.6895888421729175,0.008167666817292384,0.005065368843143783,-0.044820000000000006,0.021190000000000004,-0.051550000000000006,-0.18810000000000002,-2.9877000000000002,-10.8306,8.48838165483814,18.98800045897363,24.09000015258789,24.299999237060547,23.719999313354492,24.119998931884766,19.561302233702776,19.73182342648613,19.260858140837517,19.58566151908058,19.534911330026752,0.028802973342812115,21.899999618530273,28.700000762939453,0.0,0.0,0.0,0.0,0.0,snow covered,0.270190417766571,-7.35301876068115,100.0,458.024688720703
arenacam6_1769615364610666969.png,1769615364610666969,1769615364.610667,42.29976182052545,-83.69748677223727,235.3283233642578,0.7239410976734719,0.6897890569653488,0.00858838924206192,0.005155924787104973,-0.01264,0.023330000000000004,-0.027530000000000006,0.9076000000000001,2.8678000000000003,-9.350900000000001,8.497273964500677,19.007892022150145,24.299999237060547,24.149999618530273,23.899999618530273,24.029998779296875,19.73182342648613,19.610022353243064,19.407020048243066,19.51258056537781,19.565361598337518,0.029328321916904102,21.80000114440918,28.850000381469727,0.0,0.0,0.0,0.0,0.0,snow covered,0.270190417766571,-7.35301876068115,100.0,458.024688720703
arenacam6_1769615364630212292.png,1769615364630212292,1769615364.6302123,42.29976334396949,-83.69748670925347,235.3330078125,0.7235722723791366,0.6901805757441379,0.008327279789299091,0.004959427476409961,0.030040000000000004,-0.013000000000000003,-0.05789000000000001,0.9667,-1.9522000000000002,-11.181700000000001,8.52112636873029,19.061248419267535,24.35999870300293,24.369998931884766,23.939998626708984,23.969999313354492,19.780543546026422,19.78866382408058,19.439499611675036,19.463860445837515,19.618141856904888,0.029216000200408297,21.700000762939453,28.950000762939453,0.0,0.0,0.0,0.0,0.0,snow covered,0.270190417766571,-7.35301876068115,100.0,458.024688720703
arenacam6_1769615364650992183.png,1769615364650992183,1769615364.6509922,42.29976487934854,-83.69748664498485,235.33831787109375,0.7232657057140771,0.6904986005396534,0.008379637190960451,0.005308791881971141,-0.026230000000000003,-0.02045,-0.02552,1.3842,1.0589,-11.197700000000001,8.533953944949543,19.089942937615433,24.059999465942383,24.229999542236328,24.049999237060547,24.119998931884766,19.53694139954029,19.67498302889168,19.528821121486132,19.58566151908058,19.581601767249673,0.02575486114552283,21.700000762939453,29.05000114440918,0.0,0.0,0.0,0.0,0.0,snow covered,0.270190417766571,-7.35301876068115,100.0,458.024688720703
arenacam6_1769615364671767467.png,1769615364671767467,1769615364.6717675,42.29976640949843,-83.69748656573269,235.34349060058594,0.723033119202386,0.6907483167612422,0.007865455600892983,0.005292072955776178,0.06208000000000001,-0.030740000000000003,-0.03776000000000001,-0.4505,1.4122000000000001,-8.6301,8.535876949788314,19.09424458405947,24.09000015258789,24.18000030517578,23.94999885559082,24.399999618530273,19.561302233702776,19.63438318740555,19.447619889729197,19.813024658243066,19.614082492270146,0.027224848090856336,21.399999618530273,29.100000381469727,0.0,0.0,0.0,0.0,0.0,snow covered,0.270190417766571,-7.35301876068115,100.0,458.024688720703
arenacam6_1769615364692181784.png,1769615364692181784,1769615364.6921818,42.29976793899366,-83.69748650724043,235.348876953125,0.722797115874419,0.6910016235758916,0.0075164952786758435,0.004958608456919853,0.025030000000000004,0.0013800000000000002,-0.03227000000000001,0.013300000000000001,-3.585,-9.1104,8.526568581843609,19.073422323469245,24.139999389648438,24.489999771118164,24.029998779296875,24.5,19.601902075188907,19.88610561194584,19.51258056537781,19.89422589,19.72370353562814,0.03409357802342289,21.399999618530273,29.375,0.0,0.0,0.0,0.0,0.0,snow covered,0.270190417766571,-7.35301876068115,100.0,458.024688720703
arenacam6_1769615364712867511.png,1769615364712867511,1769615364.7128675,42.299769475829955,-83.6974864464823,235.3541717529297,0.7226349415180703,0.691167073161423,0.007585692124264109,0.005410688462956416,-0.036390000000000006,-0.032740000000000005,-0.020040000000000002,0.9199,2.2534,-10.3781,8.543456880066504,19.111200433295966,24.299999237060547,24.59000015258789,24.029998779296875,24.25,19.73182342648613,19.967306843702776,19.51258056537781,19.691223585,19.725733605141677,0.03215565521331968,21.200000762939453,29.25,0.0,0.0,0.0,0.0,0.0,snow covered,0.270190417766571,-7.35301876068115,100.0,458.024688720703
arenacam6_1769615364733752030.png,1769615364733752030,1769615364.733752,42.29977100917531,-83.69748637088865,235.359375,0.7224898974403945,0.6913274904066082,0.00692927273896039,0.005160841402170231,0.08677,-0.024270000000000003,-0.029410000000000006,0.6493,0.6797000000000001,-10.4765,8.55139606856916,19.128959921625096,24.35999870300293,24.51999855041504,24.100000381469727,24.51999855041504,19.780543546026422,19.910464897323646,19.569422511756937,19.910464897323646,19.792723963107665,0.03469943186676817,20.899999618530273,29.375,0.0,0.0,0.0,0.0,0.0,snow covered,0.270190417766571,-7.35301876068115,100.0,458.024688720703
arenacam6_1769615364754563302.png,1769615364754563302,1769615364.7545633,42.299772542365424,-83.69748631798065,235.36410522460938,0.7222676096506838,0.6915655351249046,0.006480105475058229,0.004961744645206034,0.026840000000000003,-0.013540000000000002,-0.024860000000000004,-0.4404,-2.0316,-8.4998,8.547342272044025,19.11989182202616,24.28999900817871,24.799999237060547,24.239999771118164,24.19999885559082,19.72370314843197,20.13782803648613,19.68310330694584,19.650622194729195,19.79881417164828,0.03550869199165654,20.600000381469727,29.225000381469727,0.0,0.0,0.0,0.0,0.0,snow covered,0.270190417766571,-7.35301876068115,100.0,458.024688720703
arenacam6_1769615364775053360.png,1769615364775053360,1769615364.7750533,42.29977408475094,-83.69748626050814,235.36936950683594,0.7221876393903041,0.6916502002449143,0.006224640073233437,0.0051252189210293135,0.0036400000000000004,-0.039130000000000005,-0.013200000000000002,1.9231,0.7688,-9.950000000000001,8.572166024166417,19.175421066098828,24.34000015258789,25.049999237060547,24.170000076293945,23.969999313354492,19.764304538702774,20.34083034148613,19.626262909351386,19.463860445837515,19.798814558844448,0.03251002888524563,20.200000762939453,29.600000381469727,0.0,0.0,0.0,0.0,0.0,snow covered,0.270190417766571,-7.35301876068115,100.0,458.024688720703
arenacam6_1769615364795992225.png,1769615364795992225,1769615364.7959924,42.29977562393098,-83.69748618661627,235.37481689453125,0.7220507541899259,0.6917991575248538,0.005334103401116417,0.005308612113183696,0.06844,-0.06678,-0.023570000000000004,-0.32730000000000004,2.2286,-11.4831,8.581561358573708,19.196437865447873,24.189998626708984,25.260000228881836,24.100000381469727,24.619998931884766,19.642501916675034,20.511353083054164,19.569422511756937,19.99166612908058,19.92873591014168,0.038147600603124755,19.399999618530273,29.25,0.0,0.0,0.0,0.0,0.0,snow covered,0.270190417766571,-7.35301876068115,100.0,458.024688720703
arenacam6_1769615364816993522.png,1769615364816993522,1769615364.8169935,42.29977716432763,-83.69748612752258,235.3792266845703,0.7218914288377559,0.6919721472702474,0.004567922565904121,0.005142611809024041,0.05246000000000001,-0.04057,-0.023610000000000006,0.47100000000000003,-2.1715,-9.030800000000001,8.584583702002236,19.203198666356883,23.989999771118164,25.5,24.229999542236328,24.01999855041504,19.48010100194584,20.706235109999998,19.67498302889168,19.504460287323646,19.84144485704029,0.03323645199805099,19.0,29.450000762939453,0.0,0.0,0.0,0.0,0.0,snow covered,0.270190417766571,-7.35301876068115,100.0,458.024688720703
arenacam6_1769615364838423160.png,1769615364838423160,1769615364.838423,42.299778710735005,-83.69748606755378,235.3847198486328,0.7217743341418774,0.6920938916890681,0.004031795350688856,0.005621413254670852,-0.007410000000000001,-0.07971000000000002,-0.016970000000000002,0.7023,0.9027000000000001,-9.256400000000001,8.598391068493635,19.234084916756153,23.94999885559082,25.51999855041504,24.329999923706055,23.93000030517578,19.447619889729197,20.72247411732365,19.756184260648617,19.431380882405552,19.839414787526753,0.03147172706112235,18.600000381469727,29.274999618530273,0.0,0.0,0.0,0.0,0.0,snow covered,0.270190417766571,-7.35301876068115,100.0,458.024688720703
arenacam6_1769615364858895304.png,1769615364858895304,1769615364.8588953,42.29978025623242,-83.69748599073392,235.38987731933594,0.7216012354878183,0.6922764299916465,0.0031524199149655166,0.005921458363874925,0.05935000000000001,-0.09457000000000002,-0.03191000000000001,0.1237,1.5667,-11.3674,8.607501784704086,19.25446504227596,24.059999465942383,25.559999465942383,24.209999084472656,24.149999618530273,19.53694139954029,20.754955229540293,19.658742472783356,19.610022353243064,19.890165363776752,0.033015735316718496,18.30000114440918,29.350000381469727,0.0,0.0,0.0,0.0,0.0,snow covered,0.270190417766571,-7.35301876068115,100.0,458.024688720703
arenacam6_1769615364879876683.png,1769615364879876683,1769615364.8798766,42.29978179969084,-83.69748593109937,235.39498901367188,0.7213978702316737,0.6924893839738421,0.0024322310468956805,0.006135972691312004,0.01725,-0.04990000000000001,-0.026520000000000005,-0.6768000000000001,-1.143,-10.036200000000001,8.594279865839693,19.224888403091445,24.34000015258789,24.529998779296875,24.350000381469727,23.90999984741211,19.764304538702774,19.91858517537781,19.772424816756935,19.415140326297227,19.717613714283686,0.025629553777436205,18.0,29.274999618530273,0.0,0.0,0.0,0.0,0.0,snow covered,0.270190417766571,-7.35301876068115,100.0,458.024688720703
arenacam6_1769615364900868841.png,1769615364900868841,1769615364.900869,42.29978335116338,-83.6974858700797,235.4001922607422,0.7210891622833508,0.6928076116053549,0.0019667565316745603,0.00664569092904405,-0.0158,-0.07999,-0.04863,0.9985,-1.9043,-8.0317,8.630764465679817,19.306502263857812,24.100000381469727,24.65999984741211,24.399999618530273,24.10999870300293,19.569422511756937,20.024147241297225,19.813024658243066,19.57754124102642,19.74603391308091,0.022765990608558426,17.899999618530273,29.274999618530273,0.0,0.0,0.0,0.0,0.0,snow covered,0.270190417766571,-7.35301876068115,100.0,458.024688720703
arenacam6_1769615364921016987.png,1769615364921016987,1769615364.9210172,42.299784900236155,-83.69748580853356,235.4043731689453,0.7208842139351657,0.6930127222394177,0.0018880680289960973,0.007466733724202486,-0.05558000000000001,-0.03950000000000001,-0.014950000000000001,-1.3701,1.1741000000000001,-10.592600000000001,8.610283373131281,19.26068728869229,24.06999969482422,24.459999084472656,24.219999313354492,24.489999771118164,19.54506167759445,19.861744777783354,19.666862750837517,19.88610561194584,19.73994370454029,0.02488262275715198,18.0,29.399999618530273,0.0,0.0,0.0,0.0,0.0,snow covered,0.270190417766571,-7.35301876068115,100.0,458.024688720703
arenacam6_1769615364940637289.png,1769615364940637289,1769615364.940637,42.29978644645612,-83.69748573483305,235.4088134765625,0.7205862485450678,0.6933224998976361,0.0016812482631750922,0.007519504486068427,0.0239,-0.01683,-0.05813000000000001,0.8463,-0.023100000000000002,-9.8376,8.613450717074796,19.267772447053297,24.189998626708984,24.35999870300293,24.260000228881836,24.439998626708984,19.642501916675034,19.780543546026422,19.69934386305416,19.845504221675036,19.741973386857662,0.024611093010748486,18.100000381469727,29.375,0.0,0.0,0.0,0.0,0.0,snow covered,0.270190417766571,-7.35301876068115,100.0,458.024688720703
arenacam6_1769615364961213053.png,1769615364961213053,1769615364.9612129,42.29978799820859,-83.69748568438291,235.41355895996094,0.7202216779926803,0.6936983426069163,0.0016422791686937607,0.007787614073469857,-0.033240000000000006,-0.004300000000000001,-0.04633000000000001,-0.3023,-1.5994000000000002,-8.8626,8.614417523280624,19.26993513452736,24.170000076293945,24.489999771118164,24.459999084472656,24.44999885559082,19.626262909351386,19.88610561194584,19.861744777783354,19.853624499729197,19.806934449702442,0.027867209278400886,18.399999618530273,29.649999618530273,0.0,0.0,0.0,0.0,0.0,snow covered,0.270190417766571,-7.35301876068115,100.0,458.024688720703
arenacam6_1769615364982058859.png,1769615364982058859,1769615364.9820588,42.29978954612803,-83.69748562683256,235.41761779785156,0.7199203686561233,0.6940065420135232,0.0017999334630021658,0.008145101349417374,-0.032470000000000006,-0.0061400000000000005,-0.04496,-0.1711,0.9782000000000001,-8.695500000000001,8.614620271661964,19.270388670491517,24.18000030517578,24.420000076293945,24.51999855041504,24.439998626708984,19.63438318740555,19.82926521435139,19.910464897323646,19.845504221675036,19.80490438018891,0.027737671452153324,18.899999618530273,29.575000762939453,0.0,0.0,0.0,0.0,0.0,snow covered,0.270190417766571,-7.35301876068115,100.0,458.024688720703
arenacam6_1769615365002715399.png,1769615365002715399,1769615365.0027153,42.29979109411489,-83.69748556015213,235.42169189453125,0.7195174009588362,0.6944246528531781,0.0018193834239586633,0.008111785940291742,0.009000000000000001,0.014260000000000002,-0.05801000000000001,-0.7441,-0.5244,-8.825000000000001,8.606807893913732,19.252912850211384,24.299999237060547,24.65999984741211,24.619998931884766,24.469999313354492,19.73182342648613,20.024147241297225,19.99166612908058,19.869865055837515,19.904375463175363,0.03383709353656717,19.399999618530273,29.625,0.0,0.0,0.0,0.0,0.0,snow covered,0.270190417766571,-7.35301876068115,100.0,458.024688720703
arenacam6_1769615365023321797.png,1769615365023321797,1769615365.0233219,42.29979264467645,-83.69748551529955,235.42567443847656,0.7190917552137458,0.6948644126548671,0.002099131668231652,0.008129529854830562,-0.03946,0.012110000000000003,-0.05985000000000001,0.7292000000000001,-2.3198000000000003,-10.2513,8.617383670630593,19.2765702281804,24.209999084472656,24.43000030517578,24.44999885559082,24.81999969482422,19.658742472783356,19.83738549240555,19.853624499729197,20.154068592594456,19.87595526437814,0.031093966878065142,20.0,29.80000114440918,0.0,0.0,0.0,0.0,0.0,snow covered,0.270190417766571,-7.35301876068115,100.0,458.024688720703
arenacam6_1769615365044035242.png,1769615365044035242,1769615365.0440354,42.299794192877556,-83.69748546698075,235.4292755126953,0.7187317552425551,0.6952325610166736,0.002509823930328494,0.008369641090969283,-0.033060000000000006,0.02024,-0.05330000000000001,-0.1368,2.1234,-10.652700000000001,8.615074261353472,19.271404218192036,24.229999542236328,24.549999237060547,24.53999900817871,24.829999923706055,19.67498302889168,19.93482573148613,19.92670545343197,20.162188870648613,19.9246757711146,0.03389849258134922,20.30000114440918,29.625,0.0,0.0,0.0,0.0,0.0,snow covered,0.270190417766571,-7.35301876068115,100.0,458.024688720703
arenacam6_1769615365064697604.png,1769615365064697604,1769615365.0646975,42.299795739587154,-83.697485407183,235.4327850341797,0.7182310830143491,0.695751960794029,0.0026190241515430973,0.008152371176081585,0.014780000000000003,0.028470000000000002,-0.07654000000000001,0.47390000000000004,-0.5257000000000001,-9.4456,8.622735510164548,19.288541972107485,24.229999542236328,24.51999855041504,24.68000030517578,24.760000228881836,19.67498302889168,19.910464897323646,20.04038779740555,20.10534847305416,19.932796049168758,0.03340086969730047,20.600000381469727,29.524999618530273,0.0,0.0,0.0,0.0,0.0,snow covered,0.270190417766571,-7.35301876068115,100.0,458.024688720703
arenacam6_1769615365085412331.png,1769615365085412331,1769615365.0854123,42.299797291405135,-83.69748536735781,235.4367218017578,0.7177570928145219,0.6962409946575321,0.0029506294607208874,0.008032861166585784,-0.028030000000000006,0.037570000000000006,-0.061840000000000006,-0.19190000000000002,-1.6019,-8.4938,8.619561544207476,19.281442000699474,24.26999855041504,24.670000076293945,24.78999900817871,25.010000228881836,19.707462592323647,20.03226751935139,20.12970775843197,20.30835077805416,20.044447162040292,0.0395719968098412,20.700000762939453,29.450000762939453,0.0,0.0,0.0,0.0,0.0,snow covered,0.270190417766571,-7.35301876068115,100.0,458.024688720703
arenacam6_1769615365107177710.png,1769615365107177710,1769615365.1071777,42.29980039559227,-83.69748526334412,235.44281005859375,0.7173097919275793,0.6966989578140562,0.00345361415954076,0.008080664258465136,-0.03356,0.03739000000000001,-0.06664,0.30670000000000003,1.2737,-9.0014,8.625789708024715,19.295374029468807,24.309999465942383,24.559999465942383,24.59000015258789,25.299999237060547,19.73994370454029,19.94294600954029,19.967306843702776,20.54383264648613,20.048507301067374,0.039031804744927304,20.30000114440918,29.450000762939453,0.0,0.0,0.0,0.0,0.0,snow covered,0.270190417766571,-7.35301876068115,100.0,458.024688720703
arenacam6_1769615365128017862.png,1769615365128017862,1769615365.128018,42.29980194931949,-83.6974852256362,235.44580078125,0.7168113454917663,0.6972150328282654,0.0035644756115269707,0.00774515888666844,0.03305,0.030020000000000005,-0.07287,0.04,0.991,-9.0882,8.631724415109447,19.30864961313493,24.510000228881836,24.59000015258789,24.65999984741211,25.599998474121094,19.902346168054162,19.967306843702776,20.024147241297225,20.78743479297226,20.170308761506607,0.04462555205235717,19.700000762939453,29.649999618530273,0.0,0.0,0.0,0.0,0.0,snow covered,0.270190417766571,-7.35301876068115,100.0,458.024688720703
arenacam6_1769615365148514727.png,1769615365148514727,1769615365.1485147,42.299803502701224,-83.69748518046087,235.44735717773438,0.7162787677344784,0.6977660907588296,0.003759589624002046,0.00728525674063213,0.00444,0.047920000000000004,-0.07326,-0.0334,-1.8913,-8.1218,8.63444007355432,19.3147243781366,24.219999313354492,24.69999885559082,24.76999855041504,26.219999313354492,19.666862750837517,20.056626804729195,20.113467202323648,21.290881190837517,20.28195948718197,0.0500776034961306,19.0,29.5,0.0,0.0,0.0,0.0,0.0,snow covered,0.270190417766571,-7.35301876068115,100.0,458.024688720703
arenacam6_1769615365169323602.png,1769615365169323602,1769615365.1693234,42.299805056930325,-83.69748512140806,235.4488983154297,0.7158036377437994,0.6982549999869156,0.0042204362838595515,0.006877143563268336,0.006960000000000001,0.06607,-0.06588000000000001,0.0679,0.9491,-7.1221000000000005,8.633819395672484,19.31333595895561,24.439998626708984,24.81999969482422,24.51999855041504,26.53999900817871,19.845504221675036,20.154068592594456,19.910464897323646,21.550723893431968,20.365190401256275,0.054462597478553164,17.899999618530273,29.450000762939453,0.0,0.0,0.0,0.0,0.0,snow covered,0.270190417766571,-7.35301876068115,100.0,458.024688720703
arenacam6_1769615365190136051.png,1769615365190136051,1769615365.190136,42.29980661555339,-83.69748508170525,235.45008850097656,0.7153531353754934,0.6987280283230964,0.004032005207304255,0.005725126913653178,0.12894,0.07264000000000001,-0.06892000000000001,1.1447,2.7892,-8.309700000000001,8.64811622375128,19.34531710555819,24.299999237060547,24.969999313354492,24.389999389648438,26.459999084472656,19.73182342648613,20.27586966583752,19.804904380188905,21.485763217783358,20.324590172573977,0.050620677948692114,16.600000381469727,29.625,0.0,0.0,0.0,0.0,0.0,snow covered,0.270190417766571,-7.35301876068115,100.0,458.024688720703
arenacam6_1769615365210617982.png,1769615365210617982,1769615365.2106178,42.299808176892185,-83.69748503635158,235.45147705078125,0.7147371343855657,0.6993691999304247,0.003477232129627422,0.004632469719717028,0.08806000000000001,0.023160000000000004,-0.09009000000000002,1.3481,-3.9107000000000003,-12.700600000000001,8.681461584837484,19.419908677586363,24.3799991607666,24.85999870300293,24.670000076293945,25.35999870300293,19.796784102134744,20.18654815602642,20.03226751935139,20.59255276602642,20.15203813588474,0.03769994341648838,15.100000381469727,29.399999618530273,0.0,0.0,0.0,0.0,0.0,snow covered,0.270190417766571,-7.35301876068115,100.0,458.024688720703
arenacam6_1769615365230223238.png,1769615365230223238,1769615365.2302234,42.29980973958151,-83.69748496947503,235.45187377929688,0.7143585200841467,0.6997607955611763,0.003326540622019967,0.003958270615752929,0.07189000000000001,0.05149000000000001,-0.05013000000000001,0.34290000000000004,2.1192,-10.9954,8.6809525961088,19.418770100339618,24.53999900817871,24.799999237060547,25.06999969482422,24.76999855041504,19.92670545343197,20.13782803648613,20.357070897594454,20.113467202323648,20.13376789745905,0.03681993212880816,13.40000057220459,29.524999618530273,0.0,0.0,0.0,0.0,0.0,snow covered,0.270190417766571,-7.35301876068115,100.0,458.024688720703
arenacam6_1769615365251125366.png,1769615365251125366,1769615365.2511253,42.29981130654189,-83.69748493900894,235.4536895751953,0.7135473484133815,0.7005972882834854,0.0026365918226070317,0.002582557960724457,0.06601,0.021630000000000003,-0.08112000000000001,1.1158000000000001,-4.0786,-9.3162,8.72084828645667,19.508014365906384,24.549999237060547,24.760000228881836,24.69999885559082,24.799999237060547,19.93482573148613,20.10534847305416,20.056626804729195,20.13782803648613,20.058657261438903,0.02822649631091427,11.5,29.475000381469727,0.0,0.0,0.0,0.0,0.0,snow covered,0.270190417766571,-7.35301876068115,100.0,458.024688720703
arenacam6_1769615365271765955.png,1769615365271765955,1769615365.271766,42.29981287886998,-83.69748491147912,235.45547485351562,0.7132179047839315,0.7009318982459302,0.0027223465359659323,0.0026987305004872943,-0.031100000000000003,-0.009440000000000002,-0.04105,0.9904000000000001,-1.6806,-11.8848,8.73705856897292,19.544275795278285,24.459999084472656,24.719999313354492,24.649999618530273,24.559999465942383,19.861744777783354,20.07286736083752,20.016026963243064,19.94294600954029,19.97339627785106,0.021956325579300585,9.40000057220459,29.399999618530273,0.0,0.0,0.0,0.0,0.0,snow covered,0.270190417766571,-7.35301876068115,100.0,458.024688720703
arenacam6_1769615365292356390.png,1769615365292356390,1769615365.2923563,42.29981444965519,-83.69748487610167,235.45755004882812,0.7128670862135263,0.7012877165802698,0.0028115006769732433,0.002855071104403269,-0.016530000000000003,0.010730000000000002,-0.049580000000000006,-0.0213,-1.1716,-11.9959,8.735262740923426,19.54025863568125,24.51999855041504,24.81999969482422,24.51999855041504,24.68000030517578,19.910464897323646,20.154068592594456,19.910464897323646,20.04038779740555,20.003846546161824,0.023724758158218236,7.300000190734863,29.350000381469727,0.0,0.0,0.0,0.0,0.0,snow covered,0.270190417766571,-7.35301876068115,100.0,458.024688720703
arenacam6_1769615365312968078.png,1769615365312968078,1769615365.3129683,42.29981602562152,-83.69748486609656,235.4605255126953,0.712576872679622,0.7015808131525164,0.0030291929482772688,0.0030638421084639594,-0.03148,0.0015600000000000002,-0.03812000000000001,1.4078000000000002,-1.6131,-9.387,8.758406225473902,19.59202922201159,24.44999885559082,24.559999465942383,24.59000015258789,24.670000076293945,19.853624499729197,19.94294600954029,19.967306843702776,20.03226751935139,19.949036218080913,0.01822205306167198,5.099999904632568,29.5,0.0,0.0,0.0,0.0,0.0,snow covered,0.270190417766571,-7.35301876068115,100.0,458.024688720703
arenacam6_1769615365333820112.png,1769615365333820112,1769615365.33382,42.299817606567636,-83.69748486251737,235.4639434814453,0.712388906828498,0.7017679820524116,0.0030797963586980245,0.00377619493306666,-0.06748000000000001,-0.05534,-0.022140000000000003,0.1366,-2.5315000000000003,-10.6879,8.780019428463595,19.640376660307354,24.40999984741211,24.670000076293945,24.6299991607666,24.739999771118164,19.821144936297227,20.03226751935139,19.999786407134746,20.08910791694584,19.9855766949323,0.017576039431187917,2.700000047683716,29.575000762939453,0.0,0.0,0.0,0.0,0.0,snow covered,0.270190417766571,-7.35301876068115,100.0,458.024688720703
arenacam6_1769615365354400757.png,1769615365354400757,1769615365.3544009,42.29981918333693,-83.69748485074768,235.46780395507812,0.7122958132907,0.7018572605207313,0.0032657281170458147,0.004516109248011516,-0.05349,-0.03338000000000001,-0.010890000000000002,-0.4647,0.7952,-11.3065,8.770924117506933,19.62003099541596,24.559999465942383,24.59000015258789,24.60999870300293,24.59000015258789,19.94294600954029,19.967306843702776,19.98354585102642,19.967306843702776,19.965276386993065,0.01759657727644613,0.4000000059604645,29.649999618530273,0.0,0.0,0.0,0.0,0.0,snow covered,0.270190417766571,-7.35301876068115,100.0,458.024688720703
arenacam6_1769615365375100655.png,1769615365375100655,1769615365.3751006,42.29982076687327,-83.69748486565236,235.47232055664062,0.7122047596520619,0.7019467026006605,0.0032559949047966117,0.004960396575704611,-0.03728000000000001,-0.042570000000000004,-0.012580000000000001,1.5034,-2.4207,-10.7676,8.7957334827138,19.675528056821808,24.619998931884766,24.579999923706055,24.729999542236328,24.69999885559082,19.99166612908058,19.959186565648615,20.08098763889168,20.056626804729195,20.022116784587517,0.01761521859869687,-2.200000047683716,29.475000381469727,0.0,0.0,0.0,0.0,0.0,snow covered,0.270190417766571,-7.35301876068115,100.0,458.024688720703
arenacam6_1769615365395829416.png,1769615365395829416,1769615365.3958294,42.29982235252443,-83.69748487601079,235.47705078125,0.7122410780621483,0.7019042742438346,0.0032698262938702346,0.005687244949220636,-0.04803000000000001,-0.04633000000000001,0.009760000000000001,0.2111,-0.30310000000000004,-10.1895,8.804570984563012,19.695297018208386,24.670000076293945,24.60999870300293,24.760000228881836,24.649999618530273,20.03226751935139,19.98354585102642,20.10534847305416,20.016026963243064,20.03429720166876,0.01721224021891964,-5.599999904632568,29.5,0.0,0.0,0.0,0.0,0.0,snow covered,0.270190417766571,-7.35301876068115,100.0,458.024688720703
arenacam6_1769615365416868889.png,1769615365416868889,1769615365.416869,42.299823938598685,-83.69748488756642,235.48214721679688,0.7123175896730803,0.7018204672876016,0.003297535382555883,0.006388223457746671,-0.06058000000000001,-0.053410000000000006,0.009380000000000001,0.5031,-1.2605,-11.229000000000001,8.813353206038903,19.714942320716663,24.670000076293945,24.6299991607666,24.84000015258789,24.760000228881836,20.03226751935139,19.999786407134746,20.170309148702774,20.10534847305416,20.07692788706077,0.018360975165711155,-7.599999904632568,29.399999618530273,0.0,0.0,0.0,0.0,0.0,snow covered,0.270190417766571,-7.35301876068115,100.0,458.024688720703
arenacam6_1769615365437314379.png,1769615365437314379,1769615365.4373143,42.29982552553696,-83.69748491110109,235.48751831054688,0.71246983653025,0.7016569759615766,0.003448701561725267,0.0072337111189515494,-0.06758000000000002,-0.04734000000000001,0.028970000000000003,-0.2696,0.4489,-10.033000000000001,8.814491438206083,19.717488477780716,24.619998931884766,24.529998779296875,24.689998626708984,24.76999855041504,19.99166612908058,19.91858517537781,20.048506526675034,20.113467202323648,20.01805625836427,0.015243715289716383,-9.90000057220459,29.524999618530273,0.0,0.0,0.0,0.0,0.0,snow covered,0.270190417766571,-7.35301876068115,100.0,458.024688720703
arenacam6_1769615365458867441.png,1769615365458867441,1769615365.4588675,42.299827111412725,-83.69748493478053,235.49281311035156,0.7126492780986057,0.7014651480086391,0.0038219611870343806,0.00794009870459891,-0.08856000000000001,-0.016430000000000004,0.02299,-0.4315,-1.8117,-9.4071,8.803836167117474,19.693653275671764,24.889999389648438,25.0,24.94999885559082,24.689998626708984,20.210908990188905,20.3002305,20.259629109729193,20.048506526675034,20.204818781648285,0.025955849776637493,-11.600000381469727,29.774999618530273,0.0,0.0,0.0,0.0,0.0,snow covered,0.270190417766571,-7.35301876068115,100.0,458.024688720703
arenacam6_1769615365479886963.png,1769615365479886963,1769615365.4798868,42.29982869983188,-83.69748495726415,235.498046875,0.7128595284802683,0.7012349784559796,0.004847672434786109,0.008791912004567796,-0.14437,0.026160000000000003,0.039950000000000006,0.53,-0.25720000000000004,-8.0182,8.80870239007872,19.704538724462694,24.69999885559082,24.56999969482422,24.81999969482422,24.94999885559082,20.056626804729195,19.951066287594454,20.154068592594456,20.259629109729193,20.105347698661824,0.02034094681452936,-13.5,29.75,0.0,0.0,0.0,0.0,0.0,snow covered,0.270190417766571,-7.35301876068115,100.0,458.024688720703
arenacam6_1769615365500563528.png,1769615365500563528,1769615365.5005634,42.299830289313505,-83.69748498543504,235.50294494628906,0.7131714381271628,0.7008999975034712,0.005592184564135776,0.009717037154873332,-0.09763000000000002,-0.032540000000000006,0.043370000000000006,1.0328,3.0699,-9.5487,8.834164886184888,19.761496800502425,24.94999885559082,24.850000381469727,24.959999084472656,24.959999084472656,20.259629109729193,20.178429426756935,20.267749387783354,20.267749387783354,20.24338932801321,0.024385426487457767,-15.300000190734863,29.575000762939453,0.0,0.0,0.0,0.0,0.0,snow covered,0.270190417766571,-7.35301876068115,100.0,458.024688720703
arenacam6_1769615365520971325.png,1769615365520971325,1769615365.5209713,42.29983187835961,-83.69748500734975,235.50796508789062,0.7135466448204648,0.7005000372542994,0.006431651761880051,0.010465052689618535,-0.10052000000000003,0.03501,0.05319,-0.8899,-0.0218,-9.3889,8.812569070386607,19.713188256310616,24.90999984741211,25.010000228881836,25.0,25.35999870300293,20.227149546297223,20.30835077805416,20.3002305,20.59255276602642,20.35707089759445,0.032662531951304925,-16.600000381469727,29.125,0.0,0.0,0.0,0.0,0.0,snow covered,0.270190417766571,-7.35301876068115,100.0,458.024688720703
arenacam6_1769615365540760686.png,1769615365540760686,1769615365.5407605,42.29983346967279,-83.69748501883907,235.51170349121094,0.7139352617945885,0.7001011460575763,0.006972301005873526,0.010306030945225388,0.00833,0.04116000000000001,0.049330000000000006,1.9962000000000002,2.6023,-6.0002,8.835337985986834,19.76412095437339,25.029998779296875,25.0,25.03999900817871,25.549999237060547,20.32458978537781,20.3002305,20.332710063431968,20.74683495148613,20.426091325073976,0.03349353974450893,-17.80000114440918,29.524999618530273,0.0,0.0,0.0,0.0,0.0,snow covered,0.270190417766571,-7.35301876068115,100.0,458.024688720703
arenacam6_1769615365561255621.png,1769615365561255621,1769615365.5612557,42.29983506199549,-83.69748504287976,235.515625,0.7142467735549547,0.6997865034415552,0.00693973223157878,0.010111191024472705,0.00185,0.007140000000000001,0.05192000000000001,0.7071000000000001,-1.3151000000000002,-9.2039,8.857372198479984,19.81341016566782,25.049999237060547,25.09000015258789,25.049999237060547,25.119998931884766,20.34083034148613,20.373311453702776,20.34083034148613,20.397670739080585,20.363160718938904,0.027746387354544315,-18.600000381469727,29.600000381469727,0.0,0.0,0.0,0.0,0.0,snow covered,0.270190417766571,-7.35301876068115,100.0,458.024688720703
arenacam6_1769615365581964784.png,1769615365581964784,1769615365.5819647,42.29983665779465,-83.69748505478788,235.51869201660156,0.7147409146440299,0.6992818237485439,0.00699282518448828,0.010072552043290927,0.010460000000000002,0.020510000000000004,0.07308000000000002,-0.41700000000000004,2.5342000000000002,-11.7324,8.850578183548087,19.79821236190606,25.119998931884766,25.189998626708984,25.149999618530273,24.969999313354492,20.397670739080585,20.454511136675034,20.422031573243064,20.27586966583752,20.38752077870905,0.02976573874603364,-19.200000762939453,29.399999618530273,0.0,0.0,0.0,0.0,0.0,snow covered,0.270190417766571,-7.35301876068115,100.0,458.024688720703
arenacam6_1769615365603009862.png,1769615365603009862,1769615365.6030097,42.29983825392216,-83.69748505218924,235.52166748046875,0.7151872376557917,0.6988334011940543,0.00699822256637591,0.00949301589271354,0.046450000000000005,0.04574,0.058980000000000005,0.9146000000000001,0.863,-8.8359,8.864814470855618,19.83005808243577,25.26999855041504,25.329999923706055,25.079999923706055,25.09000015258789,20.519471812323648,20.568193480648613,20.365191175648615,20.373311453702776,20.456541980580916,0.03159264060351122,-19.600000381469727,29.55000114440918,0.0,0.0,0.0,0.0,0.0,snow covered,0.270190417766571,-7.35301876068115,100.0,458.024688720703
arenacam6_1769615365623353478.png,1769615365623353478,1769615365.6233535,42.29983985172326,-83.69748506246125,235.52484130859375,0.7156936348660764,0.698321866329396,0.006809260698719109,0.009100878372398044,0.0409,0.0008700000000000001,0.07458000000000001,1.3675000000000002,1.06,-8.3876,8.89419137342442,19.895772450868023,25.189998626708984,25.189998626708984,25.219999313354492,25.1299991607666,20.454511136675034,20.454511136675034,20.47887197083752,20.405791017134746,20.448421315330584,0.027777200700666957,-19.600000381469727,29.700000762939453,0.0,0.0,0.0,0.0,0.0,snow covered,0.270190417766571,-7.35301876068115,100.0,458.024688720703
arenacam6_1769615365643959061.png,1769615365643959061,1769615365.643959,42.29984145497486,-83.69748505873343,235.52757263183594,0.7161607490553534,0.697848310551843,0.006576034323484524,0.008847188535912775,0.023580000000000004,0.008190000000000001,0.06636000000000002,0.1321,0.013600000000000001,-10.6152,8.898285741466594,19.904931306516286,25.299999237060547,25.09000015258789,25.26999855041504,25.189998626708984,20.54383264648613,20.373311453702776,20.519471812323648,20.454511136675034,20.472781762296897,0.028528129388455312,-19.600000381469727,29.524999618530273,0.0,0.0,0.0,0.0,0.0,snow covered,0.270190417766571,-7.35301876068115,100.0,458.024688720703
arenacam6_1769615365664840178.png,1769615365664840178,1769615365.6648402,42.29984305672697,-83.69748505571484,235.53073120117188,0.7167121261521632,0.6972844370061962,0.006647511835067952,0.008599576838455763,0.01818,0.036390000000000006,0.07787000000000002,0.6332,1.8911,-8.729700000000001,8.903212570834663,19.91595232820289,25.19999885559082,25.15999984741211,25.34000015258789,25.229999542236328,20.462631414729195,20.430151851297225,20.576313758702774,20.486992248891678,20.48902231840522,0.028774420663319505,-19.399999618530273,29.649999618530273,0.0,0.0,0.0,0.0,0.0,snow covered,0.270190417766571,-7.35301876068115,100.0,458.024688720703
arenacam6_1769615365685855082.png,1769615365685855082,1769615365.685855,42.29984466222273,-83.69748505329174,235.53335571289062,0.7172088025642027,0.6967772640966022,0.006557184532084988,0.00836547030887198,0.020550000000000002,0.00037000000000000005,0.06962000000000002,1.06,1.1115000000000002,-9.1906,8.928573575549084,19.97268337408877,25.189998626708984,25.10999870300293,25.229999542236328,25.15999984741211,20.454511136675034,20.38955046102642,20.486992248891678,20.430151851297225,20.44030142447259,0.02341288056418479,-18.700000762939453,29.42500114440918,0.0,0.0,0.0,0.0,0.0,snow covered,0.270190417766571,-7.35301876068115,100.0,458.024688720703
arenacam6_1769615365706335944.png,1769615365706335944,1769615365.706336,42.29984787818668,-83.69748501900749,235.53822326660156,0.7176987380353591,0.6962745289931516,0.006491521243356411,0.00825601900220919,0.008700000000000001,0.006950000000000001,0.07192000000000001,-0.44770000000000004,0.6592,-11.0845,8.924618206015364,19.96383544976401,25.350000381469727,25.15999984741211,25.260000228881836,25.18000030517578,20.584434036756935,20.430151851297225,20.511353083054164,20.44639240740555,20.493082844628468,0.026510306408617255,-18.0,29.725000381469727,0.0,0.0,0.0,0.0,0.0,snow covered,0.270190417766571,-7.35301876068115,100.0,458.024688720703
arenacam6_1769615365727121721.png,1769615365727121721,1769615365.7271216,42.29984948945918,-83.69748500353752,235.5408172607422,0.7182452320543158,0.6957118124246299,0.006692831164943135,0.008004167356841245,0.0028500000000000005,0.02782,0.07565000000000001,1.5,1.2252,-9.4893,8.940863428530072,20.00017503781606,25.25,25.149999618530273,25.26999855041504,25.170000076293945,20.503232805,20.422031573243064,20.519471812323648,20.43827212935139,20.470752079979526,0.023528646188031122,-16.899999618530273,29.575000762939453,0.0,0.0,0.0,0.0,0.0,snow covered,0.270190417766571,-7.35301876068115,100.0,458.024688720703
arenacam6_1769615365748698570.png,1769615365748698570,1769615365.7486987,42.29985110160542,-83.6974849710432,235.54335021972656,0.7187112559430193,0.6952310631274533,0.006696379157317228,0.007940903579587958,0.006910000000000001,0.0034500000000000004,0.06973000000000001,0.0506,1.9965000000000002,-9.7254,8.955259042589189,20.03237716272946,25.34000015258789,25.079999923706055,25.309999465942383,25.239999771118164,20.576313758702774,20.365191175648615,20.551952924540288,20.49511252694584,20.497142596459376,0.023200713023445813,-15.800000190734863,29.575000762939453,0.0,0.0,0.0,0.0,0.0,snow covered,0.270190417766571,-7.35301876068115,100.0,458.024688720703
arenacam6_1769615365769856188.png,1769615365769856188,1769615365.7698562,42.299852718054964,-83.6974849445668,235.54632568359375,0.7191716597388125,0.6947564382705821,0.006850588550167161,0.007660597014137773,0.006010000000000001,0.037410000000000006,0.06034000000000001,0.33080000000000004,-0.006900000000000001,-10.897,8.951869978775857,20.024796030322868,25.399999618530273,25.229999542236328,25.309999465942383,25.010000228881836,20.625033878243066,20.486992248891678,20.551952924540288,20.30835077805416,20.493082457432298,0.02338532819012585,-14.600000381469727,29.950000762939453,0.0,0.0,0.0,0.0,0.0,snow covered,0.270190417766571,-7.35301876068115,100.0,458.024688720703
arenacam6_1769615365790802142.png,1769615365790802142,1769615365.7908022,42.299854332150154,-83.6974849167279,235.55026245117188,0.7198294445523322,0.6940689139696337,0.007202633687338036,0.007876260817177464,-0.030310000000000004,0.011200000000000002,0.06448000000000001,0.5397000000000001,1.4068,-12.866900000000001,8.975042146581396,20.07663077937379,25.309999465942383,25.049999237060547,25.350000381469727,25.03999900817871,20.551952924540288,20.34083034148613,20.584434036756935,20.332710063431968,20.452481841553826,0.018720823544066758,-13.40000057220459,29.899999618530273,0.0,0.0,0.0,0.0,0.0,snow covered,0.270190417766571,-7.35301876068115,100.0,458.024688720703
arenacam6_1769615365811120360.png,1769615365811120360,1769615365.8111203,42.29985595153473,-83.69748487253935,235.55531311035156,0.7202828726030507,0.6935976810281108,0.0071585770813689005,0.007974652424678924,0.007660000000000001,-0.023430000000000003,0.06038000000000001,0.096,2.2768,-10.1645,8.989828329293791,20.109706582930457,25.420000076293945,25.10999870300293,25.3799991607666,25.119998931884766,20.641274434351388,20.38955046102642,20.608793322134744,20.397670739080585,20.509322239148283,0.01987177955928148,-12.199999809265137,30.274999618530273,0.0,0.0,0.0,0.0,0.0,snow covered,0.270190417766571,-7.35301876068115,100.0,458.024688720703
arenacam6_1769615365831695698.png,1769615365831695698,1769615365.8316956,42.29985756999824,-83.6974848345823,235.56011962890625,0.720614479020995,0.6932550058862207,0.0071644713703728075,0.007806394108632043,0.0013700000000000001,0.014960000000000003,0.04957000000000001,0.8453,-0.8041,-9.688,8.996787763674575,20.125274420074206,25.3799991607666,25.189998626708984,25.420000076293945,25.34000015258789,20.608793322134744,20.454511136675034,20.641274434351388,20.576313758702774,20.570223162965988,0.02210895283236299,-11.199999809265137,30.649999618530273,0.0,0.0,0.0,0.0,0.0,snow covered,0.270190417766571,-7.35301876068115,100.0,458.024688720703
arenacam6_1769615365851203166.png,1769615365851203166,1769615365.851203,42.29985919209588,-83.69748479619953,235.5655975341797,0.7210063457121576,0.6928435888033063,0.007179141993356631,0.008128395733156922,-0.021550000000000003,-0.035120000000000005,0.05781000000000001,0.8572000000000001,1.4118000000000002,-10.9557,9.020758174592467,20.178894791072874,25.35999870300293,25.03999900817871,25.369998931884766,25.31999969482422,20.59255276602642,20.332710063431968,20.600673044080583,20.560073202594452,20.521502269033356,0.01697850558753348,-10.300000190734863,30.850000381469727,0.0,0.0,0.0,0.0,0.0,snow covered,0.270190417766571,-7.35301876068115,100.0,458.024688720703
arenacam6_1769615365871853932.png,1769615365871853932,1769615365.8718538,42.29986081642028,-83.69748474186714,235.57113647460938,0.7213321075324157,0.6925063664491274,0.006971391442599131,0.00814387939648162,0.018760000000000002,-0.0019300000000000003,0.042730000000000004,-0.0173,0.5326000000000001,-10.0899,9.017939784140763,20.17259022073584,25.3799991607666,25.329999923706055,25.529998779296875,25.44999885559082,20.608793322134744,20.568193480648613,20.73059439537781,20.665633719729193,20.643303729472592,0.02333431173617426,-9.600000381469727,30.700000762939453,0.0,0.0,0.0,0.0,0.0,snow covered,0.270190417766571,-7.35301876068115,100.0,458.024688720703
arenacam6_1769615365892232125.png,1769615365892232125,1769615365.8922322,42.299862445558446,-83.69748469670795,235.57627868652344,0.721596767461793,0.6922302462384511,0.006876598424512634,0.008252501163435885,-0.009040000000000001,-0.026500000000000003,0.04492000000000001,0.8532000000000001,0.1348,-8.870800000000001,9.036615430129899,20.214366520274776,25.3799991607666,25.309999465942383,25.51999855041504,25.619998931884766,20.608793322134744,20.551952924540288,20.72247411732365,20.803675349080585,20.671723928269817,0.02262536436827324,-9.0,30.649999618530273,0.0,0.0,0.0,0.0,0.0,snow covered,0.270190417766571,-7.35301876068115,100.0,458.024688720703
arenacam6_1769615365913098180.png,1769615365913098180,1769615365.9130983,42.29986407237673,-83.69748464989502,235.58160400390625,0.7219104989960436,0.6919022482395375,0.006796527768719699,0.008385554880003707,0.0031400000000000004,-0.010690000000000002,0.03975000000000001,0.21300000000000002,1.8551000000000002,-8.1342,9.043428625143333,20.229607228728128,25.56999969482422,25.299999237060547,25.649999618530273,25.829999923706055,20.763075507594454,20.54383264648613,20.828036183243064,20.974198090648613,20.77728560699307,0.027073109827222983,-8.600000381469727,30.55000114440918,0.0,0.0,0.0,0.0,0.0,snow covered,0.270190417766571,-7.35301876068115,100.0,458.024688720703
arenacam6_1769615365933798256.png,1769615365933798256,1769615365.933798,42.299865701279586,-83.69748459088221,235.5858154296875,0.7220886742727768,0.6917202119297973,0.006580212049598318,0.008233814678650366,0.028350000000000004,-0.00286,0.024840000000000004,0.0456,-0.378,-8.781,9.043932549217251,20.230734476646038,25.3799991607666,25.479999542236328,25.639999389648438,25.829999923706055,20.608793322134744,20.68999455389168,20.819915905188903,20.974198090648613,20.773225467965986,0.02681519012303724,-8.300000190734863,30.450000762939453,0.0,0.0,0.0,0.0,0.0,snow covered,0.270190417766571,-7.35301876068115,100.0,458.024688720703
arenacam6_1769615365954441085.png,1769615365954441085,1769615365.954441,42.2998673317223,-83.69748453208037,235.59005737304688,0.7223443782201501,0.6914557841470315,0.006586445214342332,0.008007281860708461,0.012010000000000002,0.02024,0.04209,0.8555,0.44070000000000004,-8.8178,9.053466532103425,20.252061424323436,25.489999771118164,25.599998474121094,25.60999870300293,25.84000015258789,20.69811483194584,20.78743479297226,20.795555071026424,20.982318368702774,20.815855766161825,0.027838861932408105,-8.100000381469727,30.399999618530273,0.0,0.0,0.0,0.0,0.0,snow covered,0.270190417766571,-7.35301876068115,100.0,458.024688720703
arenacam6_1769615365975275374.png,1769615365975275374,1769615365.9752753,42.299868961785855,-83.69748447576923,235.59393310546875,0.7225823949247066,0.6912144844838947,0.006311902723719596,0.007574884061515708,0.06989000000000001,0.014140000000000002,0.028210000000000002,0.2348,2.2622,-8.4159,9.063899788820459,20.27539999360404,25.639999389648438,25.479999542236328,25.65999984741211,25.65999984741211,20.819915905188903,20.68999455389168,20.83615646129723,20.83615646129723,20.79555584541876,0.025654529724632127,-7.800000190734863,30.600000381469727,0.0,0.0,0.0,0.0,0.0,snow covered,0.270190417766571,-7.35301876068115,100.0,458.024688720703
arenacam6_1769615365996888022.png,1769615365996888022,1769615365.9968882,42.29987059611036,-83.69748441697533,235.5970916748047,0.7227832353661456,0.6910106470488903,0.0061532628753641835,0.007128653078085839,0.01717,0.010690000000000002,0.03533000000000001,0.20980000000000001,-2.0734,-9.6343,9.074141089554718,20.29830916886853,25.549999237060547,25.549999237060547,25.709999084472656,25.65999984741211,20.74683495148613,20.74683495148613,20.87675630278336,20.83615646129723,20.801645666763214,0.024796966767392074,-7.200000286102295,30.80000114440918,0.0,0.0,0.0,0.0,0.0,snow covered,0.270190417766571,-7.35301876068115,100.0,458.024688720703
arenacam6_1769615366017736378.png,1769615366017736378,1769615366.0177364,42.29987222953572,-83.69748434307402,235.60008239746094,0.7230747514386452,0.6907054206240137,0.006404744989902667,0.006921343378274328,0.00559,0.03449000000000001,0.04034000000000001,0.6784,1.8248,-9.1437,9.080665039922595,20.31290285440445,25.65999984741211,25.510000228881836,25.739999771118164,25.670000076293945,20.83615646129723,20.714355388054162,20.90111713694584,20.84427673935139,20.823976431412156,0.025160046334632615,-6.800000190734863,30.875,0.0,0.0,0.0,0.0,0.0,snow covered,0.270190417766571,-7.35301876068115,100.0,458.024688720703
arenacam6_1769615366038233345.png,1769615366038233345,1769615366.0382333,42.29987386578255,-83.69748429002169,235.6033172607422,0.7232656192305194,0.690508957606454,0.006454913412367798,0.0065236184116000285,0.02579,0.032720000000000006,0.023230000000000004,1.0439,-0.5237,-9.857800000000001,9.097827020485868,20.351293175205658,25.599998474121094,25.549999237060547,25.68000030517578,25.68000030517578,20.78743479297226,20.74683495148613,20.852397017405547,20.852397017405547,20.80976594481737,0.02252794285182226,-6.099999904632568,30.975000381469727,0.0,0.0,0.0,0.0,0.0,snow covered,0.270190417766571,-7.35301876068115,100.0,458.024688720703
arenacam6_1769615366058889298.png,1769615366058889298,1769615366.0588892,42.29987550450913,-83.69748422807021,235.6064453125,0.7235146590239846,0.6902459805874399,0.006683552711369499,0.006508039908080987,-0.028550000000000006,0.02185,0.044340000000000004,-0.4339,0.3342,-10.411900000000001,9.099155246602253,20.354264337334445,25.719999313354492,25.60999870300293,25.65999984741211,25.68000030517578,20.884876580837517,20.795555071026424,20.83615646129723,20.852397017405547,20.84224628264168,0.023974432935518125,-5.099999904632568,32.10000228881836,0.0,0.0,0.0,0.0,0.0,snow covered,0.270190417766571,-7.35301876068115,100.0,458.024688720703
arenacam6_1769615366080325229.png,1769615366080325229,1769615366.0803251,42.29987714326264,-83.69748415900129,235.60931396484375,0.7237317165322579,0.6900190497854807,0.0069835103873296216,0.0061109738245230675,0.028050000000000005,0.05739000000000001,0.02176,0.3204,2.5100000000000002,-8.8589,9.099166572199481,20.35428967201591,25.81999969482422,25.599998474121094,25.729999542236328,25.6299991607666,20.966077812594452,20.78743479297226,20.892996858891678,20.811795627134742,20.864576272898283,0.025070223972686274,-4.300000190734863,33.20000076293945,0.0,0.0,0.0,0.0,0.0,snow covered,0.270190417766571,-7.35301876068115,100.0,458.024688720703
arenacam6_1769615366100555104.png,1769615366100555104,1769615366.100555,42.29987878432131,-83.69748410342291,235.61288452148438,0.723869479009013,0.6898771726523106,0.007056932049209725,0.005715218502119515,0.01131,0.014190000000000001,0.02263,0.9347000000000001,-1.749,-11.295900000000001,9.12414900232635,20.410173869263907,25.809999465942383,25.670000076293945,25.719999313354492,25.760000228881836,20.95795753454029,20.84427673935139,20.884876580837517,20.917357693054164,20.901117136945842,0.024053850340846745,-3.299999952316284,34.150001525878906,0.0,0.0,0.0,0.0,0.0,snow covered,0.270190417766571,-7.35301876068115,100.0,458.024688720703
arenacam6_1769615366121081724.png,1769615366121081724,1769615366.1210816,42.29988042533871,-83.69748404221954,235.61708068847656,0.7241231860945411,0.6896065690012294,0.0075217574880964274,0.00564043570425032,-0.030530000000000005,0.05092000000000001,0.037720000000000004,-0.5026,1.1173,-11.3064,9.113447348556111,20.386234911879107,25.829999923706055,25.729999542236328,25.76999855041504,25.779998779296875,20.974198090648613,20.892996858891678,20.925476422323648,20.93359670037781,20.931567018060438,0.026750015809126393,-2.4000000953674316,34.400001525878906,0.0,0.0,0.0,0.0,0.0,snow covered,0.270190417766571,-7.35301876068115,100.0,458.024688720703
arenacam6_1769615366140663756.png,1769615366140663756,1769615366.1406639,42.299882072170675,-83.69748397797265,235.62042236328125,0.7243651830896269,0.689346133123779,0.008262382817475055,0.0053594127478815146,-0.04261,0.01742,0.027030000000000005,1.3575000000000002,-0.7853,-10.175,9.138142266968552,20.441475962672634,25.779998779296875,25.829999923706055,25.93000030517578,25.889999389648438,20.93359670037781,20.974198090648613,21.05539932240555,21.022918210188905,20.996528080905218,0.02715323097246711,-1.5,34.32500076293945,0.0,0.0,0.0,0.0,0.0,snow covered,0.270190417766571,-7.35301876068115,100.0,458.024688720703
arenacam6_1769615366161369382.png,1769615366161369382,1769615366.1613693,42.29988371659925,-83.69748391932606,235.6248016357422,0.7244956490619209,0.689198916819374,0.008946438014868198,0.005555969059833161,-0.06397,0.03725,0.01835,0.2046,0.1884,-11.2539,9.154732338757118,20.47858695785935,25.8799991607666,25.90999984741211,25.920000076293945,25.90999984741211,21.014797932134744,21.039158766297227,21.047279044351388,21.039158766297227,21.035098627270145,0.02717529635008413,-0.699999988079071,34.79999923706055,0.0,0.0,0.0,0.0,0.0,snow covered,0.270190417766571,-7.35301876068115,100.0,458.024688720703
arenacam6_1769615366182018737.png,1769615366182018737,1769615366.1820188,42.29988536547766,-83.69748385409551,235.6295623779297,0.7246470332144269,0.6890336672234736,0.009443888417349066,0.005485950935024982,-0.0074600000000000005,0.038020000000000005,0.019650000000000004,1.6440000000000001,2.2462,-9.834900000000001,9.174181334372655,20.52209319411157,25.939998626708984,25.93000030517578,26.01999855041504,26.03999900817871,21.063518051675032,21.05539932240555,21.12847872732365,21.144719283431968,21.09802884620905,0.028064176819094417,-0.30000001192092896,34.54999923706055,0.0,0.0,0.0,0.0,0.0,snow covered,0.270190417766571,-7.35301876068115,100.0,458.024688720703
arenacam6_1769615366202682647.png,1769615366202682647,1769615366.2026827,42.299887020191754,-83.69748379141225,235.63389587402344,0.724663580486403,0.6890146166754029,0.009565507285037439,0.00548217061520189,-0.020360000000000003,-0.010060000000000001,0.0038500000000000006,1.5325,-1.4225,-10.007900000000001,9.213885648419366,20.610909362375217,25.869998931884766,25.899999618530273,26.01999855041504,26.079999923706055,21.006677654080583,21.031038488243063,21.12847872732365,21.17720039564861,21.085848816323978,0.023043110112150236,0.10000000149011612,34.54999923706055,0.0,0.0,0.0,0.0,0.0,snow covered,0.270190417766571,-7.35301876068115,100.0,458.024688720703
arenacam6_1769615366224379726.png,1769615366224379726,1769615366.2243795,42.299888675367306,-83.6974837278293,235.63894653320312,0.7248041874951986,0.6888608093929325,0.009807404664581442,0.005787044641626102,-0.0342,-0.0049900000000000005,0.017890000000000003,0.4766,1.2885,-10.2516,9.224117837581737,20.633798155600093,25.889999389648438,26.01999855041504,25.989999771118164,26.1299991607666,21.022918210188905,21.12847872732365,21.104119441945837,21.217800237134743,21.118329154148284,0.02348239499554703,0.20000000298023224,34.625,0.0,0.0,0.0,0.0,0.0,snow covered,0.270190417766571,-7.35301876068115,100.0,458.024688720703
arenacam6_1769615366244233805.png,1769615366244233805,1769615366.2442338,42.29989033818143,-83.69748365799211,235.64413452148438,0.7248308856729744,0.6888321174143847,0.009810832321661528,0.005852244193744908,0.0025800000000000003,-0.011530000000000002,0.0002800000000000001,1.4460000000000002,0.8372,-9.6569,9.250583495990394,20.693000245520754,26.029998779296875,25.979999542236328,26.099998474121094,26.09000015258789,21.136599005377807,21.09599916389168,21.19343940297226,21.185320673702773,21.15283956148613,0.022221974122138863,0.10000000149011612,34.75,0.0,0.0,0.0,0.0,0.0,snow covered,0.270190417766571,-7.35301876068115,100.0,458.024688720703
arenacam6_1769615366264886403.png,1769615366264886403,1769615366.2648866,42.29989200336759,-83.69748359524117,235.64913940429688,0.7249019771666885,0.6887586672157557,0.00972401564309569,0.005836553330005305,0.0016100000000000003,-0.00116,0.014640000000000002,0.5546,-0.7634000000000001,-9.3232,9.26193458985024,20.7183919614196,26.1299991607666,26.209999084472656,25.979999542236328,26.25,21.217800237134743,21.282760912783356,21.09599916389168,21.315242025000003,21.227950584702445,0.02459450638021097,0.0,34.70000076293945,0.0,0.0,0.0,0.0,0.0,snow covered,0.270190417766571,-7.35301876068115,100.0,458.024688720703
arenacam6_1769615366285846304.png,1769615366285846304,1769615366.2858462,42.299895342433544,-83.69748345473636,235.65931701660156,0.7249866145023902,0.6886694145805626,0.009755669258496054,0.005802855413190156,0.0091,0.013110000000000002,0.010490000000000001,0.8733000000000001,1.8958000000000002,-9.8472,9.27387561428677,20.745103316622647,26.059999465942383,26.119998931884766,26.1299991607666,26.35999870300293,21.160959839540293,21.20967995908058,21.217800237134743,21.404561986026422,21.248250505445508,0.024253780814853767,-0.20000000298023224,35.10000228881836,0.0,0.0,0.0,0.0,0.0,snow covered,0.270190417766571,-7.35301876068115,100.0,458.024688720703
arenacam6_1769615366306436614.png,1769615366306436614,1769615366.3064365,42.29989701350271,-83.69748339172898,235.66424560546875,0.7250046658029787,0.6886539021404107,0.009568279207226263,0.00569961961092101,0.013000000000000003,-0.013890000000000003,0.0018400000000000003,1.3034000000000001,-1.5192,-9.6925,9.304667413215778,20.813982723318905,26.170000076293945,26.1299991607666,26.209999084472656,26.170000076293945,21.25028134935139,21.217800237134743,21.282760912783356,21.25028134935139,21.250280962155223,0.020961785384183716,-0.30000001192092896,35.04999923706055,0.0,0.0,0.0,0.0,0.0,snow covered,0.270190417766571,-7.35301876068115,100.0,458.024688720703
arenacam6_1769615366327170860.png,1769615366327170860,1769615366.3271708,42.29989868930174,-83.69748332256857,235.66903686523438,0.7251289747104613,0.6885203363646208,0.009734933202480502,0.0057399933142551094,-0.014120000000000002,0.022090000000000005,0.019500000000000003,-0.1807,1.0484,-8.8566,9.301389160085385,20.806649467761403,26.279998779296875,26.369998931884766,26.260000228881836,26.329999923706055,21.33960131037781,21.412682264080583,21.323362303054164,21.380202700648614,21.36396214454029,0.026785315802162646,-0.30000001192092896,35.0,0.0,0.0,0.0,0.0,0.0,snow covered,0.270190417766571,-7.35301876068115,100.0,458.024688720703
arenacam6_1769615366348749357.png,1769615366348749357,1769615366.3487494,42.29990037010278,-83.6974832539187,235.67361450195312,0.7251536713040094,0.6884932034740382,0.009886531318163472,0.005614112830014602,0.0005700000000000001,0.010780000000000001,-0.0007000000000000001,1.6616000000000002,0.12490000000000001,-9.4299,9.32895967242646,20.86832304963765,26.35999870300293,26.25,26.299999237060547,26.349998474121094,21.404561986026422,21.315242025000003,21.35584186648613,21.396441707972258,21.368021896371204,0.02394532831147788,-0.30000001192092896,34.60000228881836,0.0,0.0,0.0,0.0,0.0,snow covered,0.270190417766571,-7.35301876068115,100.0,458.024688720703
arenacam6_1769615366369384622.png,1769615366369384622,1769615366.3693848,42.2999020502579,-83.6974831838307,235.67837524414062,0.7252164349920073,0.6884231462457207,0.010143538566677148,0.0056393932273886204,-0.029140000000000003,0.024730000000000005,0.012810000000000002,1.1062,-1.0787,-10.2702,9.347070274781377,20.908835380469455,26.389999389648438,26.619998931884766,26.1299991607666,26.469999313354492,21.4289228201889,21.61568456908058,21.217800237134743,21.49388349583752,21.439072780560437,0.025359489921005684,-0.10000000149011612,34.92499923706055,0.0,0.0,0.0,0.0,0.0,snow covered,0.270190417766571,-7.35301876068115,100.0,458.024688720703
arenacam6_1769615366390959700.png,1769615366390959700,1769615366.3909595,42.299903736549155,-83.69748311184091,235.68365478515625,0.725299730328875,0.6883345453397063,0.010098920598763907,0.005819508534287975,0.038520000000000006,-0.01271,-0.007560000000000001,1.362,1.4948000000000001,-11.7079,9.388637072826121,21.001817813687666,26.5,26.68000030517578,26.389999389648438,26.369998931884766,21.51824433,21.664406237405547,21.4289228201889,21.412682264080583,21.50606391291876,0.024009640675125603,-0.10000000149011612,34.57500076293945,0.0,0.0,0.0,0.0,0.0,snow covered,0.270190417766571,-7.35301876068115,100.0,458.024688720703
arenacam6_1769615366410831489.png,1769615366410831489,1769615366.4108317,42.29990542983533,-83.6974830383288,235.69004821777344,0.7252744755876895,0.6883640400469551,0.009888170677673482,0.005840163686480779,0.026120000000000004,-0.03331,-0.008150000000000001,1.5731000000000002,-1.4741,-12.0578,9.403734235088619,21.035589259839135,26.69999885559082,27.059999465942383,26.35999870300293,26.439998626708984,21.680645244729195,21.972969059540294,21.404561986026422,21.469522661675033,21.631924737992733,0.028348883921788397,0.0,34.57500076293945,0.0,0.0,0.0,0.0,0.0,snow covered,0.270190417766571,-7.35301876068115,100.0,458.024688720703
arenacam6_1769615366431334594.png,1769615366431334594,1769615366.4313347,42.29990712548118,-83.69748295053203,235.69625854492188,0.7253482062765676,0.6882921942341531,0.00930898443173841,0.0060973614416838535,0.028690000000000007,-0.04897000000000001,-0.0032600000000000003,2.6483000000000003,1.5236,-10.5319,9.444675093116324,21.12717150279563,26.56999969482422,26.899999618530273,26.59000015258789,26.309999465942383,21.575084727594454,21.843047708243066,21.591325283702773,21.36396214454029,21.593354966020147,0.022065588058620637,0.20000000298023224,34.625,0.0,0.0,0.0,0.0,0.0,snow covered,0.270190417766571,-7.35301876068115,100.0,458.024688720703
arenacam6_1769615366451037397.png,1769615366451037397,1769615366.4510374,42.299908824327886,-83.69748287602478,235.70309448242188,0.7252637094661704,0.6883874074255152,0.008616897179306577,0.0064092208847163126,0.015510000000000001,-0.06632000000000002,-0.00867,0.49470000000000003,-1.1618000000000002,-10.5489,9.464589266460784,21.171718313716788,26.389999389648438,26.69999885559082,26.439998626708984,26.510000228881836,21.4289228201889,21.680645244729195,21.469522661675033,21.526364608054163,21.526363833661822,0.01675090867401469,0.20000000298023224,34.85000228881836,0.0,0.0,0.0,0.0,0.0,snow covered,0.270190417766571,-7.35301876068115,100.0,458.024688720703
arenacam6_1769615366471689577.png,1769615366471689577,1769615366.4716895,42.29991052802761,-83.6974827933581,235.71018981933594,0.7253258241011937,0.6883221362798865,0.008316350409190631,0.0067767185930383755,0.00033000000000000005,-0.028640000000000006,0.007040000000000001,0.5119,2.0239000000000003,-9.2864,9.46639958445647,21.175767886454057,26.65999984741211,26.65999984741211,26.549999237060547,26.549999237060547,21.64816568129723,21.64816568129723,21.558844171486133,21.558844171486133,21.60350492639168,0.02019936383092115,0.30000001192092896,34.85000228881836,0.0,0.0,0.0,0.0,0.0,snow covered,0.270190417766571,-7.35301876068115,100.0,458.024688720703
arenacam6_1769615366492583527.png,1769615366492583527,1769615366.4925835,42.299912237910846,-83.69748271383575,235.7171173095703,0.7252326893810712,0.6884239382141983,0.007827355235399373,0.006982840165066207,0.01821,-0.047130000000000005,-0.01447,0.7942,-0.029900000000000003,-8.615400000000001,9.4941329831254,21.237805835272535,26.459999084472656,26.729999542236328,26.69999885559082,26.849998474121094,21.485763217783358,21.705006078891678,21.680645244729195,21.80244631797226,21.668465214844126,0.02027796011094213,0.30000001192092896,34.525001525878906,0.0,0.0,0.0,0.0,0.0,snow covered,0.270190417766571,-7.35301876068115,100.0,458.024688720703
arenacam6_1769615366513418732.png,1769615366513418732,1769615366.5134187,42.29991394675047,-83.69748263476885,235.72352600097656,0.725232246303104,0.6884248163150753,0.0076183905216001884,0.007170866723684015,-0.0050100000000000006,-0.02324,-0.0005000000000000001,0.48460000000000003,-0.8537,-7.6021,9.50397355431914,21.25981860259866,26.68000030517578,26.469999313354492,26.959999084472656,27.010000228881836,21.664406237405547,21.49388349583752,21.891767827783358,21.932369218054163,21.745606694770146,0.022850058189683064,0.30000001192092896,34.900001525878906,0.0,0.0,0.0,0.0,0.0,snow covered,0.270190417766571,-7.35301876068115,100.0,458.024688720703
arenacam6_1769615366533902157.png,1769615366533902157,1769615366.5339022,42.299915657717996,-83.69748255215507,235.72833251953125,0.7252297884066238,0.6884269686668849,0.007653302232461997,0.007175638281456877,-0.00027000000000000006,0.008530000000000001,0.005560000000000001,0.43410000000000004,1.3705,-6.720000000000001,9.506149532271216,21.264686134718776,26.799999237060547,26.94999885559082,27.0,26.920000076293945,21.76184647648613,21.883647549729197,21.924248940000002,21.859288264351388,21.85725780764168,0.027866466928727195,0.4000000059604645,34.47500228881836,0.0,0.0,0.0,0.0,0.0,snow covered,0.270190417766571,-7.35301876068115,100.0,458.024688720703
arenacam6_1769615366554704976.png,1769615366554704976,1769615366.554705,42.29991737425838,-83.69748247094199,235.7335205078125,0.7251814011245155,0.6884809833201434,0.00749001663673954,0.007054836666748405,0.023480000000000004,-0.015330000000000002,-0.0166,2.286,-0.3695,-9.149600000000001,9.545826604722857,21.35344136516875,26.779998779296875,26.869998931884766,27.079999923706055,26.920000076293945,21.74560592037781,21.818686874080583,21.989209615648612,21.859288264351388,21.853197668614598,0.02340401694038136,0.4000000059604645,34.92499923706055,0.0,0.0,0.0,0.0,0.0,snow covered,0.270190417766571,-7.35301876068115,100.0,458.024688720703
arenacam6_1769615366575126093.png,1769615366575126093,1769615366.575126,42.299919089596855,-83.69748239101244,235.73818969726562,0.7251608026535271,0.6885021769544397,0.0073395565654746815,0.007259031155178554,-0.013740000000000002,-0.012150000000000001,0.007100000000000001,-0.49620000000000003,-0.2492,-11.5123,9.549759135516151,21.3622382006015,26.94999885559082,26.979999542236328,26.979999542236328,26.939998626708984,21.883647549729197,21.908008383891676,21.908008383891676,21.875527271675033,21.893797897296892,0.02488314621828463,0.5,34.79999923706055,0.0,0.0,0.0,0.0,0.0,snow covered,0.270190417766571,-7.35301876068115,100.0,458.024688720703
arenacam6_1769615366596096017.png,1769615366596096017,1769615366.596096,42.29992081275138,-83.69748230750577,235.74269104003906,0.7251694684297258,0.688492250783766,0.00755403861975089,0.007113309256884952,-0.0017400000000000002,0.02142,-0.003,2.041,0.3014,-8.9039,9.571007098873793,21.409768619754743,26.899999618530273,26.8799991607666,27.01999855041504,26.920000076293945,21.843047708243066,21.82680715213474,21.940487947323646,21.859288264351388,21.867407768013212,0.021375249606210428,0.699999988079071,34.775001525878906,0.0,0.0,0.0,0.0,0.0,snow covered,0.270190417766571,-7.35301876068115,100.0,458.024688720703
arenacam6_1769615366637328769.png,1769615366637328769,1769615366.6373289,42.299924264465766,-83.69748215556524,235.75123596191406,0.7251204990392832,0.6885313732270543,0.008222925144641726,0.007562635595707416,-0.057530000000000005,0.012850000000000002,0.00068,0.9101,1.024,-10.1157,9.609444517864297,21.49575081979136,27.219999313354492,26.979999542236328,26.939998626708984,27.029998779296875,22.102890410837517,21.908008383891676,21.875527271675033,21.948608225377807,21.95875857294551,0.021539501319853972,1.399999976158142,34.95000076293945,0.0,0.0,0.0,0.0,0.0,snow covered,0.270190417766571,-7.35301876068115,100.0,458.024688720703
arenacam6_1769615366658968037.png,1769615366658968037,1769615366.658968,42.29992599786432,-83.69748207295542,235.75592041015625,0.725106285281389,0.688544632708355,0.008296457489711783,0.0076375786125487425,0.0036000000000000008,-0.0076700000000000015,-0.0011800000000000003,0.3457,1.0348,-11.0694,9.62799828226287,21.537254477525106,26.979999542236328,27.03999900817871,27.189998626708984,27.06999969482422,21.908008383891676,21.95672850343197,22.078529576675038,21.98108933759445,21.981088950398284,0.020607755428452355,1.8000000715255737,35.47500228881836,0.0,0.0,0.0,0.0,0.0,snow covered,0.270190417766571,-7.35301876068115,100.0,458.024688720703
arenacam6_1769615366700604284.png,1769615366700604284,1769615366.7006042,42.29992946872315,-83.6974819233064,235.76416015625,0.7250629816879798,0.6885824517522483,0.009068594656601902,0.007459243631428396,-0.009110000000000002,0.0004900000000000001,0.00931,2.9898000000000002,3.0637000000000003,-8.4641,9.68042330807756,21.654526114771016,27.19999885559082,27.279998779296875,27.349998474121094,27.559999465942383,22.086649854729195,22.151610530377805,22.20845092797226,22.37897366954029,22.206421245654887,0.02548636381875895,3.0,36.32500076293945,0.0,0.0,0.0,0.0,0.0,snow covered,0.270190417766571,-7.35301876068115,100.0,458.024688720703
arenacam6_1769615366720996304.png,1769615366720996304,1769615366.7209964,42.29993121169066,-83.69748184044809,235.76828002929688,0.7249794833627462,0.6886797993656266,0.00877609403391554,0.0069182962001757865,0.01781,0.06290000000000001,-0.004210000000000001,-0.6011000000000001,-1.7147000000000001,-9.7395,9.675348030661347,21.643173023707593,27.28999900817871,27.3799991607666,27.489999771118164,27.889999389648438,22.15973080843197,22.23281176213474,22.32213327194584,22.646936650188906,22.340403123175363,0.03221478194089357,3.9000000953674316,36.79999923706055,0.0,0.0,0.0,0.0,0.0,snow covered,0.270190417766571,-7.35301876068115,100.0,458.024688720703
arenacam6_1769615366740731363.png,1769615366740731363,1769615366.7407315,42.29993295750118,-83.69748176291924,235.77188110351562,0.7249617089344038,0.6886993538232679,0.009007016365206061,0.006526429231891829,0.019760000000000003,0.019910000000000004,0.0027500000000000003,2.9493,1.8231000000000002,-8.539,9.721845549095272,21.74718518259318,27.260000228881836,27.25,27.420000076293945,27.510000228881836,22.13537152305416,22.127251245,22.26529287435139,22.338373828054163,22.216572367614926,0.02158381331104176,4.5,37.20000076293945,0.0,0.0,0.0,0.0,0.0,snow covered,0.270190417766571,-7.35301876068115,100.0,458.024688720703
arenacam6_1769615366761568398.png,1769615366761568398,1769615366.7615685,42.29993470487696,-83.69748167981429,235.77574157714844,0.7248991179731222,0.688776698004905,0.008512621721346682,0.005955192581159477,0.08631000000000001,0.022550000000000004,-0.016180000000000003,0.5647,0.232,-11.1536,9.739224559237972,21.78606098554179,27.44999885559082,27.639999389648438,27.31999969482422,27.479999542236328,22.289652159729197,22.443934345188907,22.184091642594453,22.314012993891676,22.30792278535106,0.023953930917369592,5.0,37.70000076293945,0.0,0.0,0.0,0.0,0.0,snow covered,0.270190417766571,-7.35301876068115,100.0,458.024688720703
arenacam6_1769615366782196254.png,1769615366782196254,1769615366.7821963,42.29993646058795,-83.69748159702795,235.7801055908203,0.7248095159412274,0.6888775184540912,0.008240622233568163,0.005569767928797826,0.034980000000000004,-0.00562,-0.005300000000000001,1.1700000000000002,0.0693,-12.491100000000001,9.764240921951812,21.842021087950886,27.599998474121094,27.299999237060547,27.439998626708984,27.40999984741211,22.41145323297226,22.16785108648613,22.281531881675036,22.257172596297227,22.279502199357662,0.020029332892097202,5.5,37.525001525878906,0.0,0.0,0.0,0.0,0.0,snow covered,0.270190417766571,-7.35301876068115,100.0,458.024688720703
arenacam6_1769615366802914821.png,1769615366802914821,1769615366.8029149,42.29993821843758,-83.69748150627677,235.78421020507812,0.7247868910095248,0.688909356013908,0.007809247492831727,0.005184348642378525,0.06301000000000001,-0.0020800000000000003,-0.006620000000000001,1.3979000000000001,0.9789,-10.2637,9.791096426312174,21.902095239874757,27.40999984741211,27.489999771118164,27.44999885559082,27.579999923706055,22.257172596297227,22.32213327194584,22.289652159729197,22.395214225648612,22.31604306340522,0.01889991888889397,5.599999904632568,37.525001525878906,0.0,0.0,0.0,0.0,0.0,snow covered,0.270190417766571,-7.35301876068115,100.0,458.024688720703
arenacam6_1769615366823451669.png,1769615366823451669,1769615366.8234518,42.29993998015932,-83.69748142451519,235.78924560546875,0.7246527107156019,0.6890558775221463,0.007470630885173954,0.00496348455149057,0.034260000000000006,-0.021710000000000004,-0.022450000000000005,0.8712000000000001,-0.1757,-8.9938,9.816460460589852,21.958833062711864,27.579999923706055,27.56999969482422,27.719999313354492,27.69999885559082,22.395214225648612,22.38709394759445,22.508895020837517,22.492654464729195,22.445964414702445,0.02218384513418314,5.700000286102295,37.22500228881836,0.0,0.0,0.0,0.0,0.0,snow covered,0.270190417766571,-7.35301876068115,100.0,458.024688720703
arenacam6_1769615366844120493.png,1769615366844120493,1769615366.8441205,42.299941749504576,-83.69748134236217,235.79443359375,0.7245132218656598,0.6892050842244389,0.007342381014975906,0.004799235569995298,0.009250000000000001,0.013970000000000002,-0.01997,1.1824000000000001,-1.2218,-9.7407,9.828136179312972,21.984950944952363,27.599998474121094,27.75,27.849998474121094,27.869998931884766,22.41145323297226,22.533255855,22.614455537972262,22.63069609408058,22.547465180006274,0.025586331143625372,5.700000286102295,37.525001525878906,0.0,0.0,0.0,0.0,0.0,snow covered,0.270190417766571,-7.35301876068115,100.0,458.024688720703
arenacam6_1769615366864797406.png,1769615366864797406,1769615366.8647974,42.29994352298806,-83.69748126113649,235.7998809814453,0.7244044597529056,0.6893171030329391,0.007469621818879994,0.004931014729236947,-0.017530000000000004,-0.0009500000000000001,-0.017120000000000003,1.0313,0.7116,-8.911800000000001,9.856993566871072,22.049503189476578,27.78999900817871,27.760000228881836,27.75,27.939998626708984,22.56573541843197,22.54137613305416,22.533255855,22.687536491675036,22.58197597454029,0.024148969729070362,5.5,37.47500228881836,0.0,0.0,0.0,0.0,0.0,snow covered,0.270190417766571,-7.35301876068115,100.0,458.024688720703
arenacam6_1769615366885784802.png,1769615366885784802,1769615366.8857849,42.29994708019182,-83.69748111082515,235.8096160888672,0.7242139079681693,0.6895159954339275,0.007564799297544344,0.004968033596925338,-0.013740000000000002,0.009850000000000003,-0.02552,1.8561,-1.0547,-9.7293,9.884540532406676,22.111124098561792,27.639999389648438,27.84000015258789,27.889999389648438,27.93000030517578,22.443934345188907,22.606336808702775,22.646936650188906,22.67941776240555,22.594156391621535,0.02184566876412954,5.099999904632568,37.42499923706055,0.0,0.0,0.0,0.0,0.0,snow covered,0.270190417766571,-7.35301876068115,100.0,458.024688720703
arenacam6_1769615366906655677.png,1769615366906655677,1769615366.9066558,42.29994886204651,-83.6974810324943,235.81472778320312,0.7240680337777271,0.6896625122302171,0.007801845426232066,0.005498444644357708,-0.06722,-0.032510000000000004,-0.016530000000000003,1.2042000000000002,-0.9933000000000001,-11.188,9.91464178016138,22.1784587837142,27.799999237060547,27.869998931884766,27.889999389648438,27.920000076293945,22.57385569648613,22.63069609408058,22.646936650188906,22.671297484351385,22.63069648127675,0.020390853213598112,5.0,37.275001525878906,0.0,0.0,0.0,0.0,0.0,snow covered,0.270190417766571,-7.35301876068115,100.0,458.024688720703
arenacam6_1769615366927322713.png,1769615366927322713,1769615366.9273226,42.29995064966457,-83.69748095851828,235.8199005126953,0.7239591441445777,0.6897736863078143,0.007957782804729377,0.005665066602641893,0.0031500000000000005,0.025300000000000003,-0.015550000000000001,0.5034000000000001,2.5988,-10.0432,9.917819064619332,22.18556617840957,28.09000015258789,27.889999389648438,27.849998474121094,28.059999465942383,22.809339113702777,22.646936650188906,22.614455537972262,22.78497827954029,22.713927395351057,0.023815539017240636,4.800000190734863,37.22500228881836,0.0,0.0,0.0,0.0,0.0,snow covered,0.270190417766571,-7.35301876068115,100.0,458.024688720703
arenacam6_1769615366948649497.png,1769615366948649497,1769615366.9486494,42.29995244660212,-83.69748089123414,235.82542419433594,0.7237611738799616,0.6899857873357588,0.007735715640452277,0.005434626213756697,0.032880000000000006,-0.005830000000000001,-0.03255000000000001,1.6397000000000002,-1.7791000000000001,-9.3796,9.953793094659996,22.266037925168735,27.939998626708984,28.010000228881836,27.959999084472656,27.920000076293945,22.687536491675036,22.74437843805416,22.703777047783355,22.671297484351385,22.701747365465984,0.019568341784091642,4.700000286102295,36.97500228881836,0.0,0.0,0.0,0.0,0.0,snow covered,0.270190417766571,-7.35301876068115,100.0,458.024688720703
arenacam6_1769615366969711266.png,1769615366969711266,1769615366.9697113,42.29995424011714,-83.69748080951844,235.8313446044922,0.7236719958784704,0.6900765288697601,0.007806902626563254,0.005681457182208824,-0.043100000000000006,-0.01692,-0.005870000000000001,0.5437000000000001,-1.3099,-11.218200000000001,9.973938578922464,22.31110216473482,28.119998931884766,28.15999984741211,28.18000030517578,28.19999885559082,22.833698399080582,22.866179511297226,22.88242006740555,22.898659074729196,22.870239263128138,0.025060935773809353,4.700000286102295,36.70000076293945,0.0,0.0,0.0,0.0,0.0,snow covered,0.270190417766571,-7.35301876068115,100.0,458.024688720703
arenacam6_1769615366990537394.png,1769615366990537394,1769615366.9905374,42.299956040073425,-83.69748073921434,235.83700561523438,0.7236284933367297,0.6901226341819686,0.007761197174147699,0.005684825360504219,0.034280000000000005,-0.01259,-0.013600000000000001,1.328,3.5818000000000003,-9.6732,9.9961864680198,22.360869357772213,28.010000228881836,28.34000015258789,28.19999885559082,28.010000228881836,22.74437843805416,23.012341418702775,22.898659074729196,22.74437843805416,22.84993934238507,0.021871689190065692,4.400000095367432,36.70000076293945,0.0,0.0,0.0,0.0,0.0,snow covered,0.270190417766571,-7.35301876068115,100.0,458.024688720703
arenacam6_1769615367010643458.png,1769615367010643458,1769615367.0106435,42.29995784954908,-83.6974806759054,235.84271240234375,0.7234123308442479,0.6903537216641643,0.0074739604766553905,0.0055207319916486895,-0.027970000000000002,-0.018390000000000004,-0.006670000000000001,0.6462,-1.9752,-9.3782,10.032421128139434,22.44192411838023,28.19999885559082,28.279998779296875,28.34000015258789,28.439998626708984,22.898659074729196,22.96361975037781,23.012341418702775,23.093541101675036,22.992040336371204,0.024512881118799578,4.400000095367432,36.275001525878906,0.0,0.0,0.0,0.0,0.0,snow covered,0.270190417766571,-7.35301876068115,100.0,458.024688720703
arenacam6_1769615367030422147.png,1769615367030422147,1769615367.0304222,42.29995965944079,-83.69748059019524,235.84852600097656,0.7234148678166018,0.6903490085028794,0.007540833570901038,0.0056843038303657336,-0.03284,-0.012930000000000002,0.0008600000000000002,1.4460000000000002,1.2297,-9.7232,10.052644702139029,22.48716304000288,28.28999900817871,28.40999984741211,28.239999771118164,28.209999084472656,22.97174002843197,23.069181816297224,22.93114018694584,22.906779352783357,22.9697103461146,0.021458789855052233,4.099999904632568,36.025001525878906,0.0,0.0,0.0,0.0,0.0,snow covered,0.270190417766571,-7.35301876068115,100.0,458.024688720703
arenacam6_1769615367051268865.png,1769615367051268865,1769615367.0512688,42.299961472904904,-83.69748052739956,235.85433959960938,0.7232316642168108,0.6905446030368748,0.0072427039965286405,0.005626218058850574,0.0040100000000000005,-0.014240000000000001,-0.023720000000000005,1.4814,-1.9207,-10.7505,10.088228501931669,22.56676186511103,28.279998779296875,28.309999465942383,28.51999855041504,28.599998474121094,22.96361975037781,22.987980584540292,23.158501777323647,23.22346245297226,23.0833911413035,0.02289337208769849,3.9000000953674316,35.625,0.0,0.0,0.0,0.0,0.0,snow covered,0.270190417766571,-7.35301876068115,100.0,458.024688720703
arenacam6_1769615367071924325.png,1769615367071924325,1769615367.0719242,42.29996329790939,-83.69748046104883,235.86080932617188,0.7232212208560737,0.6905541726165692,0.00729530489866588,0.005725287043578047,-0.00877,0.00017,-0.00025000000000000006,1.8037,0.0006000000000000001,-9.133600000000001,10.11402385792188,22.62446452873977,28.469999313354492,28.309999465942383,28.439998626708984,28.420000076293945,23.117901935837516,22.987980584540292,23.093541101675036,23.07730209435139,23.069181429101057,0.019656460810215572,3.5,35.35000228881836,0.0,0.0,0.0,0.0,0.0,snow covered,0.270190417766571,-7.35301876068115,100.0,458.024688720703
arenacam6_1769615367092590368.png,1769615367092590368,1769615367.0925903,42.29996512278476,-83.69748039245455,235.86729431152344,0.7231255762235889,0.6906536199190932,0.007224924080640019,0.005897353303311006,-0.00553,-0.009390000000000003,-0.018240000000000003,0.23720000000000002,0.234,-8.8956,10.132155240924359,22.665023344633337,28.549999237060547,28.599998474121094,28.489999771118164,28.649999618530273,23.18286261148613,23.22346245297226,23.13414249194584,23.264063843243065,23.201132849911822,0.023653604813313654,3.0,35.17499923706055,0.0,0.0,0.0,0.0,0.0,snow covered,0.270190417766571,-7.35301876068115,100.0,458.024688720703
arenacam6_1769615367113285311.png,1769615367113285311,1769615367.1132853,42.299966950631585,-83.69748033012479,235.87265014648438,0.7230587908974799,0.6907192758400115,0.007443497671322659,0.00612055809069315,-0.04403000000000001,-0.013660000000000002,-0.0019300000000000003,1.8102,-0.2061,-9.9176,10.16321877003854,22.734510595450015,28.5,28.459999084472656,28.549999237060547,28.56999969482422,23.142262770000002,23.109781657783355,23.18286261148613,23.199103167594455,23.158502551715987,0.01864970677445892,2.6000001430511475,34.650001525878906,0.0,0.0,0.0,0.0,0.0,snow covered,0.270190417766571,-7.35301876068115,100.0,458.024688720703
arenacam6_1769615367133821227.png,1769615367133821227,1769615367.1338212,42.29996878844721,-83.69748026752727,235.87901306152344,0.7229913070108839,0.6907867833099111,0.007552303492610915,0.006336616052376755,-0.01999,-0.00198,-0.012920000000000001,1.4793,-0.7782,-11.0751,10.185561875133637,22.784490780961438,28.60999870300293,28.599998474121094,28.649999618530273,28.619998931884766,23.23158273102642,23.22346245297226,23.264063843243065,23.239703009080582,23.239703009080582,0.019979038921489375,1.899999976158142,34.375,0.0,0.0,0.0,0.0,0.0,snow covered,0.270190417766571,-7.35301876068115,100.0,458.024688720703
arenacam6_1769615367154543205.png,1769615367154543205,1769615367.1545432,42.299970627008285,-83.6974802090857,235.88502502441406,0.7229784639606599,0.6907929790929166,0.007839359201479596,0.006763514791021225,-0.05575000000000001,-0.007380000000000001,0.0023500000000000005,0.8818,-0.3614,-9.2834,10.207634518571854,22.833865959974126,28.60999870300293,28.76999855041504,28.719999313354492,28.760000228881836,23.23158273102642,23.36150408232365,23.32090424083752,23.35338535305416,23.31684410181044,0.021151833976906637,1.3000000715255737,34.125,0.0,0.0,0.0,0.0,0.0,snow covered,0.270190417766571,-7.35301876068115,100.0,458.024688720703
arenacam6_1769615367175372768.png,1769615367175372768,1769615367.1753728,42.29997246634136,-83.69748015251797,235.89024353027344,0.7229737336485544,0.6907899015342415,0.008228555358996104,0.007112191595165221,-0.04997000000000001,0.008520000000000002,-0.0013900000000000002,1.1441000000000001,-0.2175,-8.1439,10.228068869451066,22.87957637682987,28.689998626708984,28.68000030517578,29.010000228881836,28.899999618530273,23.296543406675035,23.28842467740555,23.55638765805416,23.467066148243067,23.402105472594453,0.02283823297942471,0.4000000059604645,33.82500076293945,0.0,0.0,0.0,0.0,0.0,snow covered,0.270190417766571,-7.35301876068115,100.0,458.024688720703
arenacam6_1769615367195990309.png,1769615367195990309,1769615367.1959903,42.299974316745434,-83.69748009472721,235.89532470703125,0.7230128172317483,0.6907401230537544,0.008634099158723867,0.007483371834389054,-0.054720000000000005,-0.004700000000000001,0.011210000000000001,1.2402,1.0842,-8.1411,10.255542165361929,22.941032491384714,28.78999900817871,28.760000228881836,28.799999237060547,29.06999969482422,23.37774463843197,23.35338535305416,23.38586491648613,23.605107777594455,23.430525671391678,0.021337016116898314,-0.30000001192092896,33.85000228881836,0.0,0.0,0.0,0.0,0.0,snow covered,0.270190417766571,-7.35301876068115,100.0,458.024688720703
arenacam6_1769615367217686545.png,1769615367217686545,1769615367.2176864,42.29997616637978,-83.69748003451399,235.901123046875,0.7230364299684648,0.690713363390428,0.00866285270499987,0.007637116952830756,-0.00037000000000000005,-0.012980000000000002,-0.006980000000000001,1.1057000000000001,0.0392,-11.402000000000001,10.27786114561831,22.990958711079426,28.869998931884766,28.920000076293945,28.799999237060547,28.94999885559082,23.442705314080584,23.48330670435139,23.38586491648613,23.507665989729194,23.454885731161824,0.020178672229915748,-1.0,34.025001525878906,0.0,0.0,0.0,0.0,0.0,snow covered,0.270190417766571,-7.35301876068115,100.0,458.024688720703
arenacam6_1769615367238560733.png,1769615367238560733,1769615367.2385607,42.29997801740382,-83.69747997686127,235.90631103515625,0.7230445016961868,0.6907010348547301,0.008751170745011146,0.007883275214619647,-0.029110000000000004,-0.013800000000000002,0.008100000000000001,0.4723,0.0213,-11.7712,10.293549026733968,23.026051559862285,28.920000076293945,29.17999839782715,28.76999855041504,28.989999771118164,23.48330670435139,23.694427738620874,23.36150408232365,23.54014710194584,23.519846406810437,0.02144505086616358,-1.399999976158142,34.17499923706055,0.0,0.0,0.0,0.0,0.0,snow covered,0.270190417766571,-7.35301876068115,100.0,458.024688720703
arenacam6_1769615367259048309.png,1769615367259048309,1769615367.2590482,42.29997988194753,-83.69747991178153,235.91282653808594,0.7231333240890899,0.6906076832824466,0.00869825550454238,0.007972686767494677,0.008780000000000001,-0.030820000000000004,0.014240000000000001,2.3345000000000002,2.3644000000000003,-9.4799,10.336377382045777,23.121856020993484,28.969999313354492,28.939998626708984,28.920000076293945,28.989999771118164,23.52390654583752,23.499545711675033,23.48330670435139,23.54014710194584,23.511726515952446,0.01686155707418038,-1.899999976158142,34.04999923706055,0.0,0.0,0.0,0.0,0.0,snow covered,0.270190417766571,-7.35301876068115,100.0,458.024688720703
arenacam6_1769615367300657863.png,1769615367300657863,1769615367.300658,42.299983610756705,-83.69747979027392,235.92510986328125,0.7232813472474795,0.6904630036610664,0.007853291112850961,0.007953560077478742,-0.0006900000000000001,-0.00825,0.020030000000000003,1.4887000000000001,-1.0379,-9.5816,10.378373425152772,23.21579864966124,29.25,29.099998474121094,29.149999618530273,29.229999542236328,23.751269685,23.62946706297226,23.670068453243065,23.73502912889168,23.696458582526752,0.020704001620574185,-2.4000000953674316,34.29999923706055,0.0,0.0,0.0,0.0,0.0,snow covered,0.270190417766571,-7.35301876068115,100.0,458.024688720703
arenacam6_1769615367321014924.png,1769615367321014924,1769615367.3210151,42.29998548830476,-83.69747971894459,235.93081665039062,0.7234702103222552,0.6902705310270859,0.007192632555174212,0.00810646709628328,0.04190000000000001,-0.05081000000000001,0.00824,1.6714,-0.5133,-10.3007,10.426572013167501,23.323615999134912,29.06999969482422,29.10999870300293,29.219999313354492,29.299999237060547,23.605107777594455,23.63758734102642,23.726908850837518,23.79186952648613,23.690368373986132,0.01572450750624703,-2.4000000953674316,34.54999923706055,0.0,0.0,0.0,0.0,0.0,snow covered,0.270190417766571,-7.35301876068115,100.0,458.024688720703
arenacam6_1769615367340904033.png,1769615367340904033,1769615367.340904,42.299987364544705,-83.69747966298704,235.93707275390625,0.7236301148437275,0.6901008957036021,0.007083036740106478,0.008369063918854619,-0.025350000000000004,-0.010560000000000002,0.031160000000000004,0.0125,-0.2258,-10.2453,10.424970023951882,23.320032445378924,29.279998779296875,29.029998779296875,29.31999969482422,29.28999900817871,23.77562897037781,23.572626665377808,23.808110082594453,23.78374924843197,23.735028741695512,0.01779569978251994,-2.299999952316284,34.67499923706055,0.0,0.0,0.0,0.0,0.0,snow covered,0.270190417766571,-7.35301876068115,100.0,458.024688720703
arenacam6_1769615367361454184.png,1769615367361454184,1769615367.361454,42.29998924312894,-83.69747959520781,235.94241333007812,0.7237660351408616,0.6899557859087415,0.00711777145681394,0.008548520165299875,-0.009130000000000001,-0.010290000000000002,0.012950000000000003,1.2768000000000002,0.6947,-8.6981,10.449699329244703,23.375350417560647,29.219999313354492,29.299999237060547,29.399999618530273,29.25,23.726908850837518,23.79186952648613,23.873070758243063,23.751269685,23.785779705141678,0.01755820897866404,-2.200000047683716,35.07500076293945,0.0,0.0,0.0,0.0,0.0,snow covered,0.270190417766571,-7.35301876068115,100.0,458.024688720703
arenacam6_1769615367382534214.png,1769615367382534214,1769615367.382534,42.29999113076827,-83.69747952865575,235.94786071777344,0.7239138771266374,0.689794267882288,0.00729935987596404,0.008904259970328034,-0.048560000000000006,-0.019600000000000003,0.026910000000000007,0.5348,0.26890000000000003,-9.400500000000001,10.470942189014615,23.422869420294354,29.35999870300293,29.19999885559082,29.459999084472656,29.279998779296875,23.84058964602642,23.710668294729196,23.92179087778336,23.77562897037781,23.8121694472292,0.016620509637369264,-1.899999976158142,34.85000228881836,0.0,0.0,0.0,0.0,0.0,snow covered,0.270190417766571,-7.35301876068115,100.0,458.024688720703
arenacam6_1769615367403015681.png,1769615367403015681,1769615367.4030156,42.29999301450396,-83.6974794607619,235.9535675048828,0.7240637685856143,0.6896310977047984,0.00759053489406966,0.009109987930571415,-0.031360000000000006,0.007450000000000001,0.02085,0.8037000000000001,0.7182000000000001,-10.3558,10.4787029011111,23.440229667611465,29.439998626708984,29.389999389648438,29.59000015258789,29.42999839782715,23.905550321675033,23.864950480188906,24.027352943702773,23.897430043620872,23.923820947296896,0.020630825147316414,-1.8000000715255737,35.42499923706055,0.0,0.0,0.0,0.0,0.0,snow covered,0.270190417766571,-7.35301876068115,100.0,458.024688720703
arenacam6_1769615367423691557.png,1769615367423691557,1769615367.4236915,42.299994901339886,-83.69747939438702,235.95851135253906,0.7241665722929943,0.6895171419241706,0.008027522186248285,0.00918942074821944,-0.04113000000000001,0.03454000000000001,0.015410000000000002,1.207,-0.6452,-9.503,10.495420727279054,23.477626441679607,29.53999900817871,29.42999839782715,29.5,29.479999542236328,23.98675155343197,23.897430043620872,23.95427199,23.93803143389168,23.94412125523613,0.019869760459616085,-1.5,35.400001525878906,0.0,0.0,0.0,0.0,0.0,snow covered,0.270190417766571,-7.35301876068115,100.0,458.024688720703
arenacam6_1769615367444345430.png,1769615367444345430,1769615367.4443452,42.299996795957966,-83.69747932467645,235.96363830566406,0.7243114145652249,0.689358194403197,0.008447408633430117,0.009321793125081367,-0.02833,0.029640000000000003,0.019500000000000003,0.4713,1.7623,-9.5225,10.510495506006805,23.511347817206865,29.59000015258789,29.719999313354492,29.67999839782715,29.6299991607666,24.027352943702773,24.132913460837518,24.100432348620874,24.059832507134743,24.080132815073977,0.024191934987701773,-1.3000000715255737,35.525001525878906,0.0,0.0,0.0,0.0,0.0,snow covered,0.270190417766571,-7.35301876068115,100.0,458.024688720703
arenacam6_1769615367465017979.png,1769615367465017979,1769615367.4650178,42.299998688410966,-83.69747924901826,235.96890258789062,0.7244012911251185,0.689262753889,0.008751337885312327,0.009112606807617196,-0.0013000000000000002,0.03721000000000001,0.009770000000000003,0.9682000000000001,0.307,-9.4802,10.529045923542283,23.552843988208675,29.69999885559082,29.559999465942383,29.670000076293945,29.65999984741211,24.116672904729196,24.002992109540294,24.092313619351387,24.08419334129723,24.074042993729527,0.022128920217948274,-1.0,35.25,0.0,0.0,0.0,0.0,0.0,snow covered,0.270190417766571,-7.35301876068115,100.0,458.024688720703
arenacam6_1769615367506565664.png,1769615367506565664,1769615367.5065656,42.30000439108052,-83.69747902553621,235.98387145996094,0.724633058051779,0.6890146867841608,0.009510213776677944,0.008674584034611452,0.006010000000000001,0.042800000000000005,0.015490000000000002,1.673,1.6029,-10.8457,10.569323147266362,23.642941721046018,29.760000228881836,30.06999969482422,29.869998931884766,29.85999870300293,24.165394573054165,24.41711699759445,24.254714534080584,24.246594256026423,24.27095509018891,0.02656240397462295,-0.699999988079071,35.07500076293945,0.0,0.0,0.0,0.0,0.0,snow covered,0.270190417766571,-7.35301876068115,100.0,458.024688720703
arenacam6_1769615367527266396.png,1769615367527266396,1769615367.5272663,42.30000629521263,-83.69747894813051,235.98861694335938,0.7247604055849036,0.688885462348739,0.009553317165242367,0.008240654835039692,0.031830000000000004,0.04406000000000001,0.020720000000000002,0.3521,0.3715,-9.333300000000001,10.583159560325692,23.673892946874954,29.849998474121094,30.09000015258789,29.889999389648438,30.149999618530273,24.23847397797226,24.433357553702773,24.270955090188902,24.48207767324307,24.35621607377675,0.028821754344879102,-0.6000000238418579,35.0,0.0,0.0,0.0,0.0,0.0,snow covered,0.270190417766571,-7.35301876068115,100.0,458.024688720703
arenacam6_1769615367548731488.png,1769615367548731488,1769615367.5487313,42.30000820907306,-83.69747887110131,235.9932861328125,0.7248598113610351,0.6887831749136217,0.009846514375575693,0.007683617911333434,0.012810000000000002,0.06348000000000001,0.00928,1.1868,-0.5741,-8.036900000000001,10.600933851558766,23.71365296990587,29.76999855041504,30.260000228881836,29.939998626708984,30.059999465942383,24.17351330232365,24.57139918305416,24.311554931675033,24.408996719540294,24.366366034148285,0.027524779293630994,-0.6000000238418579,35.17499923706055,0.0,0.0,0.0,0.0,0.0,snow covered,0.270190417766571,-7.35301876068115,100.0,458.024688720703
arenacam6_1769615367570121463.png,1769615367570121463,1769615367.5701215,42.300010118716116,-83.69747878133057,235.99853515625,0.7249947301486904,0.6886381187813135,0.010202646148657256,0.007489234241637262,-0.010960000000000001,0.03602,0.026590000000000003,0.8466,2.0688,-9.677100000000001,10.624459529859482,23.76627850072387,29.959999084472656,30.119998931884766,30.010000228881836,30.189998626708984,24.32779548778336,24.457716839080582,24.368396878054163,24.514557236675035,24.417116610398285,0.027384939954086234,-0.6000000238418579,35.025001525878906,0.0,0.0,0.0,0.0,0.0,snow covered,0.270190417766571,-7.35301876068115,100.0,458.024688720703
arenacam6_1769615367590305395.png,1769615367590305395,1769615367.5903053,42.30001203462516,-83.69747870430679,236.0028839111328,0.7250713323596176,0.6885606522412157,0.010395101101587326,0.0069089108033340025,0.03356,0.04973,0.0028400000000000005,1.6234000000000002,-0.42660000000000003,-10.0942,10.64973375603441,23.822815428223613,30.059999465942383,30.260000228881836,30.149999618530273,29.959999084472656,24.408996719540294,24.57139918305416,24.48207767324307,24.32779548778336,24.44756726590522,0.026224937164288524,-0.6000000238418579,34.92499923706055,0.0,0.0,0.0,0.0,0.0,snow covered,0.270190417766571,-7.35301876068115,100.0,458.024688720703
arenacam6_1769615367610852244.png,1769615367610852244,1769615367.6108522,42.30001395703525,-83.69747862407124,236.0076904296875,0.7251576179919175,0.688464814087383,0.010855741630670386,0.0066919134454920945,-0.030560000000000004,0.05351,0.020010000000000003,0.4451,-1.1502000000000001,-9.2981,10.661454616756751,23.84903429040785,30.119998931884766,30.439998626708984,30.15999984741211,30.149999618530273,24.457716839080582,24.717559541675033,24.49019795129723,24.48207767324307,24.53688800132398,0.028841994293780975,-0.6000000238418579,34.95000076293945,0.0,0.0,0.0,0.0,0.0,snow covered,0.270190417766571,-7.35301876068115,100.0,458.024688720703
arenacam6_1769615367630396610.png,1769615367630396610,1769615367.6303966,42.300015882470504,-83.69747853342992,236.01290893554688,0.7252865105791667,0.6883204161126737,0.0114270199797482,0.006626126225379759,-0.025660000000000002,0.032290000000000006,0.018390000000000004,2.1458,2.6414,-10.5283,10.696905609747986,23.928336034669663,30.189998626708984,30.25,30.03999900817871,30.029998779296875,24.514557236675035,24.563278905000004,24.39275616343197,24.384635885377808,24.463807047621202,0.022378113220062525,-0.5,34.625,0.0,0.0,0.0,0.0,0.0,snow covered,0.270190417766571,-7.35301876068115,100.0,458.024688720703
arenacam6_1769615367651109095.png,1769615367651109095,1769615367.6511092,42.300017810749765,-83.69747845284627,236.01788330078125,0.7253661695453156,0.6882362506624529,0.011540179572841518,0.00645039600894201,-0.015350000000000003,0.00801,0.012090000000000002,0.4802,-1.0592000000000001,-10.9524,10.73192154456794,24.00666457990581,30.229999542236328,30.309999465942383,30.10999870300293,30.229999542236328,24.54703834889168,24.611999024540292,24.44959656102642,24.54703834889168,24.538918070837518,0.022171072085424903,-0.4000000059604645,34.70000076293945,0.0,0.0,0.0,0.0,0.0,snow covered,0.270190417766571,-7.35301876068115,100.0,458.024688720703
arenacam6_1769615367671891318.png,1769615367671891318,1769615367.6718912,42.30001974802205,-83.6974783662991,236.0237579345703,0.725486521989062,0.6881044009036615,0.011809529688500086,0.006494218795483893,-0.01837,0.0035100000000000005,0.01861,2.0599000000000003,0.9027000000000001,-10.0844,10.760785953566847,24.071232530971823,30.229999542236328,30.189998626708984,30.149999618530273,30.25,24.54703834889168,24.514557236675035,24.48207767324307,24.563278905000004,24.526738040952445,0.01892323167891527,-0.10000000149011612,34.29999923706055,0.0,0.0,0.0,0.0,0.0,snow covered,0.270190417766571,-7.35301876068115,100.0,458.024688720703
arenacam6_1769615367692480044.png,1769615367692480044,1769615367.69248,42.30002168601158,-83.69747827889165,236.02999877929688,0.7255334406650199,0.6880547313408778,0.011763197869587086,0.006598509838701509,-0.0033200000000000005,-0.016730000000000002,0.005370000000000001,1.6876,0.4575,-11.5816,10.793267097359664,24.143890900767726,30.229999542236328,30.149999618530273,30.229999542236328,30.309999465942383,24.54703834889168,24.48207767324307,24.54703834889168,24.611999024540292,24.54703834889168,0.016697700042669322,0.5,34.60000228881836,0.0,0.0,0.0,0.0,0.0,snow covered,0.270190417766571,-7.35301876068115,100.0,458.024688720703
arenacam6_1769615367713181546.png,1769615367713181546,1769615367.7131815,42.30002362768726,-83.697478193192,236.03599548339844,0.7256233253415897,0.6879607446961009,0.011654469164898072,0.006706476413460806,-0.0024300000000000007,-0.0018900000000000002,0.013920000000000002,1.0065,-0.3703,-11.07,10.804858628778181,24.169820461059064,30.229999542236328,30.26999855041504,30.260000228881836,30.35999870300293,24.54703834889168,24.57951791232365,24.57139918305416,24.652598866026423,24.58763857757398,0.01728676955578046,0.9000000357627869,34.54999923706055,0.0,0.0,0.0,0.0,0.0,snow covered,0.270190417766571,-7.35301876068115,100.0,458.024688720703
arenacam6_1769615367733971729.png,1769615367733971729,1769615367.7339716,42.30002557767041,-83.697478100457,236.04306030273438,0.7256873312613155,0.6878911606382286,0.011579888818666749,0.0070394983889362885,-0.013090000000000001,-0.030500000000000003,0.008060000000000001,1.0212,2.3408,-9.565100000000001,10.832969444483092,24.23270266914201,30.510000228881836,30.25,30.35999870300293,30.399999618530273,24.774401488054163,24.563278905000004,24.652598866026423,24.685079978243067,24.668839809330915,0.01799787444857658,1.600000023841858,34.67499923706055,0.0,0.0,0.0,0.0,0.0,snow covered,0.270190417766571,-7.35301876068115,100.0,458.024688720703
arenacam6_1769615367754614683.png,1769615367754614683,1769615367.7546148,42.300027528124346,-83.69747800976383,236.05038452148438,0.7257021236772516,0.6878823752109825,0.011093209922210898,0.0071558548088958085,0.027290000000000005,-0.06214000000000001,0.0009700000000000002,1.1941000000000002,0.19870000000000002,-10.812700000000001,10.862182194480269,24.298049838120694,30.28999900817871,30.3799991607666,30.34000015258789,30.51999855041504,24.595758468431967,24.66883942213474,24.63635985870277,24.782520217323647,24.670869491648283,0.015343603952226666,2.200000047683716,34.70000076293945,0.0,0.0,0.0,0.0,0.0,snow covered,0.270190417766571,-7.35301876068115,100.0,458.024688720703
arenacam6_1769615367775721876.png,1769615367775721876,1769615367.775722,42.30002948215265,-83.69747791460678,236.05752563476562,0.7257382343976853,0.6878503344500614,0.010634316490036672,0.007269377075015419,0.027000000000000003,-0.04205000000000001,0.005190000000000001,0.4587,1.1039,-10.2436,10.870994877063293,24.317763280297964,30.42999839782715,30.389999389648438,30.420000076293945,30.639999389648438,24.709439263620872,24.676959700188903,24.70132053435139,24.879962005188904,24.741920375837516,0.01744227421948797,3.299999952316284,34.775001525878906,0.0,0.0,0.0,0.0,0.0,snow covered,0.270190417766571,-7.35301876068115,100.0,458.024688720703
arenacam6_1769615367796196701.png,1769615367796196701,1769615367.7961967,42.30003144333167,-83.69747781395083,236.0652618408203,0.7257288395216888,0.6878689603875425,0.010091895163784528,0.0072179272556269205,0.040420000000000005,-0.04976000000000001,-0.00534,1.6657000000000002,0.30860000000000004,-9.873800000000001,10.896654213276568,24.375161675846886,30.459999084472656,30.599998474121094,30.599998474121094,30.489999771118164,24.73380009778336,24.84748089297226,24.84748089297226,24.758160931945838,24.796730703918428,0.01729502489779463,4.0,34.5,0.0,0.0,0.0,0.0,0.0,snow covered,0.270190417766571,-7.35301876068115,100.0,458.024688720703
arenacam6_1769615367816784848.png,1769615367816784848,1769615367.8167849,42.30003340588582,-83.69747770997627,236.07351684570312,0.7256917135191324,0.6879175924587364,0.009447677693323555,0.007187788369488272,0.04909000000000001,-0.04406000000000001,-0.00506,0.48100000000000004,0.5094000000000001,-10.5908,10.91247333377072,24.410548099245077,30.51999855041504,30.559999465942383,30.60999870300293,30.56999969482422,24.782520217323647,24.815001329540294,24.85560117102642,24.82312160759445,24.819061081371203,0.016735100763213093,4.400000095367432,34.67499923706055,0.0,0.0,0.0,0.0,0.0,snow covered,0.270190417766571,-7.35301876068115,100.0,458.024688720703
arenacam6_1769615367837497290.png,1769615367837497290,1769615367.8374972,42.300035371350155,-83.69747760974158,236.08119201660156,0.7256562654333052,0.6879634782028708,0.008830251729695386,0.0071598708638445545,0.04343,-0.04639,-0.010390000000000002,1.076,0.2257,-10.361600000000001,10.932485033342733,24.455313070485694,30.420000076293945,30.459999084472656,30.649999618530273,30.65999984741211,24.70132053435139,24.73380009778336,24.88808228324307,24.896202561297226,24.804851369168762,0.014292939030288457,4.700000286102295,34.29999923706055,0.0,0.0,0.0,0.0,0.0,snow covered,0.270190417766571,-7.35301876068115,100.0,458.024688720703
arenacam6_1769615367859127960.png,1769615367859127960,1769615367.859128,42.30003734480092,-83.69747750796748,236.08949279785156,0.7255875799781765,0.6880393693326201,0.008447321977315807,0.007289223634583373,0.0033900000000000007,-0.035410000000000004,-0.010160000000000002,1.0632000000000001,-1.1128,-9.7232,10.949404948135305,24.49316190468179,30.60999870300293,30.65999984741211,30.67999839782715,30.649999618530273,24.85560117102642,24.896202561297226,24.912441568620874,24.88808228324307,24.8880818960469,0.016123683536735184,4.800000190734863,33.57500076293945,0.0,0.0,0.0,0.0,0.0,snow covered,0.270190417766571,-7.35301876068115,100.0,458.024688720703
arenacam6_1769615367900869101.png,1769615367900869101,1769615367.9008691,42.300041289924366,-83.69747730287062,236.10531616210938,0.7254029265798319,0.6882366343705916,0.007902213588777707,0.0076474989410381085,0.014180000000000002,-0.023160000000000004,-0.013330000000000003,0.8389000000000001,-1.0235,-8.8667,10.975815721946212,24.552241221050362,30.75,30.829999923706055,30.899999618530273,30.889999389648438,24.969283515,25.034244190648614,25.091084588243067,25.082964310188903,25.044394151020146,0.02004513256198487,4.5,33.70000076293945,0.0,0.0,0.0,0.0,0.0,snow covered,0.270190417766571,-7.35301876068115,100.0,458.024688720703
arenacam6_1769615367921141276.png,1769615367921141276,1769615367.9211411,42.30004327090628,-83.69747720535968,236.11276245117188,0.7253122469998602,0.688328595864091,0.00801088838827965,0.007855834456817715,-0.03898000000000001,-0.010660000000000003,-0.00956,0.8775000000000001,-1.1051,-8.8027,10.99970499660717,24.605680095110444,30.829999923706055,30.829999923706055,30.959999084472656,31.059999465942383,25.034244190648614,25.034244190648614,25.13980470778336,25.22100593954029,25.10732475715522,0.020387352030333043,4.400000095367432,33.04999923706055,0.0,0.0,0.0,0.0,0.0,snow covered,0.270190417766571,-7.35301876068115,100.0,458.024688720703
arenacam6_1769615367940851598.png,1769615367940851598,1769615367.9408517,42.300045252204406,-83.69747710131134,236.12014770507812,0.7252248684508457,0.6884157736328107,0.008214904727623923,0.008070200388378156,-0.016810000000000002,0.00877,-0.015120000000000001,0.5940000000000001,1.2988,-8.226,11.006852295529866,24.62166817396258,30.869998931884766,30.90999984741211,30.959999084472656,31.01999855041504,25.06672375408058,25.099204866297228,25.13980470778336,25.188524827323647,25.123564538871204,0.020384336323701256,4.200000286102295,32.70000076293945,0.0,0.0,0.0,0.0,0.0,snow covered,0.270190417766571,-7.35301876068115,100.0,458.024688720703
arenacam6_1769615367961526780.png,1769615367961526780,1769615367.9615269,42.30004723437976,-83.69747701126576,236.12649536132812,0.7250517035626065,0.6885944955399023,0.00839940570607808,0.008191328152036116,-0.034260000000000006,0.004090000000000001,-0.023100000000000006,1.0695000000000001,-1.7133,-9.336,11.034198592895114,24.6828402003908,30.76999855041504,30.989999771118164,31.03999900817871,30.959999084472656,24.98552252232365,25.16416554194584,25.204765383431972,25.13980470778336,25.123564538871204,0.017855495352330893,4.0,32.25,0.0,0.0,0.0,0.0,0.0,snow covered,0.270190417766571,-7.35301876068115,100.0,458.024688720703
arenacam6_1769615367982321447.png,1769615367982321447,1769615367.9823215,42.300049224674225,-83.69747692161536,236.1328125,0.7249808314598306,0.6886593438442692,0.008838139974562325,0.008543385370177405,-0.054700000000000006,0.011100000000000002,-0.008820000000000001,-0.10260000000000001,0.1752,-9.4974,11.04109165200009,24.698259560025082,31.06999969482422,31.189998626708984,31.03999900817871,31.099998474121094,25.22912621759445,25.326566456675035,25.204765383431972,25.25348550297226,25.253485890168427,0.022480382829970592,3.9000000953674316,31.17500114440918,0.0,0.0,0.0,0.0,0.0,snow covered,0.270190417766571,-7.35301876068115,100.0,458.024688720703
arenacam6_1769615368003078895.png,1769615368003078895,1769615368.003079,42.300051212991704,-83.69747682260812,236.138916015625,0.7248699721953372,0.6887693148566043,0.009270559655721482,0.008626183696440177,-0.027110000000000002,0.015270000000000002,-0.01786,2.0727,0.9645,-9.0571,11.072579088114688,24.76869506536727,31.01999855041504,31.34000015258789,31.229999542236328,31.139999389648438,25.188524827323647,25.448369078702775,25.35904756889168,25.285966615188908,25.320477022526752,0.022277393124800003,3.9000000953674316,30.625,0.0,0.0,0.0,0.0,0.0,snow covered,0.270190417766571,-7.35301876068115,100.0,458.024688720703
arenacam6_1769615368023618564.png,1769615368023618564,1769615368.0236185,42.30005320505645,-83.69747673688573,236.14434814453125,0.724756957651356,0.6888877393777185,0.009332032269908839,0.008599304897522716,-0.0023600000000000006,0.0030800000000000003,-0.015100000000000002,1.2568000000000001,-0.9376000000000001,-9.4686,11.096844032696998,24.822974290501225,31.1299991607666,31.25,31.170000076293945,31.28999900817871,25.277846337134743,25.375288125,25.310327449351387,25.40776768843197,25.342807399979527,0.02094161253179164,3.9000000953674316,29.475000381469727,0.0,0.0,0.0,0.0,0.0,snow covered,0.270190417766571,-7.35301876068115,100.0,458.024688720703
arenacam6_1769615368044287021.png,1769615368044287021,1769615368.044287,42.30005520470682,-83.69747664693428,236.14981079101562,0.7247157689158297,0.6889307968565911,0.00944438406791157,0.008497943095723584,0.006820000000000001,0.03357000000000001,-0.005710000000000001,0.7949,0.6714,-9.9406,11.103352082727138,24.837532407935647,31.239999771118164,31.349998474121094,31.099998474121094,31.209999084472656,25.36716784694584,25.456487807972263,25.25348550297226,25.342807012783357,25.35498704266843,0.020833576630481004,3.9000000953674316,28.25,0.0,0.0,0.0,0.0,0.0,snow covered,0.270190417766571,-7.35301876068115,100.0,458.024688720703
arenacam6_1769615368065117294.png,1769615368065117294,1769615368.0651171,42.30005720644331,-83.69747655115356,236.15553283691406,0.724631787543235,0.6890257583737749,0.00920236940634464,0.008221506957321554,0.04515,0.00027000000000000006,-0.010820000000000001,1.1740000000000002,0.9508000000000001,-9.8039,11.131697587559447,24.900939601515233,31.189998626708984,31.279998779296875,31.19999885559082,31.35999870300293,25.326566456675035,25.399647410377806,25.334686734729196,25.464608086026423,25.381377171952117,0.01929395348630334,3.9000000953674316,27.30000114440918,0.0,0.0,0.0,0.0,0.0,snow covered,0.270190417766571,-7.35301876068115,100.0,458.024688720703
arenacam6_1769615368085988853.png,1769615368085988853,1769615368.0859888,42.30006121812401,-83.69747637176211,236.16604614257812,0.7245846787407174,0.6890842517201783,0.008858919908965202,0.007839445356630698,0.050120000000000005,0.006280000000000001,-0.00892,0.5285000000000001,-0.5656,-9.1158,11.147537239607818,24.936371952768315,31.309999465942383,31.25,31.31999969482422,31.35999870300293,25.424008244540293,25.375288125,25.432128522594454,25.464608086026423,25.424008244540296,0.0195552220946819,3.9000000953674316,26.450000762939453,0.0,0.0,0.0,0.0,0.0,snow covered,0.270190417766571,-7.35301876068115,100.0,458.024688720703
arenacam6_1769615368106611923.png,1769615368106611923,1769615368.106612,42.300063230217916,-83.69747627640696,236.17176818847656,0.7245404556870877,0.6891372547509578,0.008651738463760108,0.007491302197580884,0.036210000000000006,0.007440000000000001,-0.005920000000000001,1.2919,-0.0039000000000000003,-9.7463,11.167650262458084,24.981363578102986,31.25,31.209999084472656,31.35999870300293,31.35999870300293,25.375288125,25.342807012783357,25.464608086026423,25.464608086026423,25.41182782745905,0.01723141525122272,3.799999952316284,26.0,0.0,0.0,0.0,0.0,0.0,snow covered,0.270190417766571,-7.35301876068115,100.0,458.024688720703
arenacam6_1769615368127296065.png,1769615368127296065,1769615368.127296,42.300065242392186,-83.69747619108364,236.17694091796875,0.7245376601472521,0.6891462196951808,0.00836551534593909,0.007258447573942377,0.03688,-0.006360000000000001,0.0015300000000000003,0.9488000000000001,0.20090000000000002,-11.016,11.18657243773242,25.02369134886116,31.28999900817871,31.469999313354492,31.389999389648438,31.349998474121094,25.40776768843197,25.553929595837516,25.488968920188906,25.456487807972263,25.476788503107667,0.01810672725817198,3.700000047683716,25.725000381469727,0.0,0.0,0.0,0.0,0.0,snow covered,0.270190417766571,-7.35301876068115,100.0,458.024688720703
arenacam6_1769615368148831332.png,1769615368148831332,1769615368.1488311,42.300067259691474,-83.69747610153395,236.18284606933594,0.7245242047356641,0.6891623537868009,0.008289718659258266,0.007155937376767631,0.00055,0.009430000000000001,-0.004190000000000001,0.2482,-0.3441,-9.8236,11.192947553230766,25.03795209972403,31.420000076293945,31.469999313354492,31.3799991607666,31.399999618530273,25.513329754351386,25.553929595837516,25.48084864213474,25.497089198243067,25.511299297641678,0.01890518825311054,3.5,25.05000114440918,0.0,0.0,0.0,0.0,0.0,snow covered,0.270190417766571,-7.35301876068115,100.0,458.024688720703
arenacam6_1769615368169798994.png,1769615368169798994,1769615368.1697989,42.300069278396094,-83.69747601055516,236.18882751464844,0.7245142802223623,0.6891724248784737,0.00835631213346098,0.0071132684839616475,-0.0006100000000000001,0.010940000000000002,-0.0012100000000000001,0.42600000000000005,0.657,-9.6761,11.201869109313972,25.057909085388797,31.69999885559082,31.51999855041504,31.389999389648438,31.399999618530273,25.740691344729196,25.594529437323647,25.488968920188906,25.497089198243067,25.580319725121207,0.02084813373503004,3.4000000953674316,24.899999618530273,0.0,0.0,0.0,0.0,0.0,snow covered,0.270190417766571,-7.35301876068115,100.0,458.024688720703
arenacam6_1769615368190420809.png,1769615368190420809,1769615368.1904206,42.30007129871414,-83.69747592804868,236.19439697265625,0.7244331807661171,0.6892552191207303,0.008548197490233913,0.007123049879672292,-0.020300000000000002,0.012730000000000002,-0.013760000000000003,1.8675000000000002,-0.7492000000000001,-10.0197,11.231946790382366,25.125191053277934,31.329999923706055,31.619998931884766,31.529998779296875,31.469999313354492,25.44024880064861,25.675730669080583,25.602649715377808,25.553929595837516,25.56813969523613,0.017629662636949678,3.1000001430511475,24.05000114440918,0.0,0.0,0.0,0.0,0.0,snow covered,0.270190417766571,-7.35301876068115,100.0,458.024688720703
arenacam6_1769615368210794037.png,1769615368210794037,1769615368.210794,42.300073324112695,-83.69747583844607,236.20089721679688,0.724446226773791,0.689231818215236,0.008879670934237673,0.007636538288821595,-0.03223,0.004470000000000001,-0.00135,0.521,1.5076,-10.2705,11.243581350760618,25.151216866770458,31.65999984741211,31.40999984741211,31.529998779296875,31.459999084472656,25.708211781297226,25.505209476297228,25.602649715377808,25.545809317783355,25.590470072688902,0.017464491211110385,3.0,22.649999618530273,0.0,0.0,0.0,0.0,0.0,snow covered,0.270190417766571,-7.35301876068115,100.0,458.024688720703
arenacam6_1769615368230475623.png,1769615368230475623,1769615368.2304754,42.300075353926196,-83.69747575349305,236.2072296142578,0.724396446908512,0.6892825844087045,0.008988085011553005,0.007649893136855892,-0.016760000000000004,0.014070000000000003,-0.014110000000000001,1.1509,0.38370000000000004,-9.7188,11.254937292664318,25.176619427452522,31.349998474121094,31.439998626708984,31.510000228881836,31.510000228881836,25.456487807972263,25.529568761675037,25.58641070805416,25.58641070805416,25.539719496438906,0.014422113740594598,2.6000001430511475,20.575000762939453,0.0,0.0,0.0,0.0,0.0,snow covered,0.270190417766571,-7.35301876068115,100.0,458.024688720703
arenacam6_1769615368251143757.png,1769615368251143757,1769615368.2511437,42.30007738124299,-83.69747566996325,236.2136993408203,0.7243755004002931,0.6893026345115776,0.008779031869777786,0.008058602524799797,-0.014300000000000002,-0.04395,0.0010700000000000002,-0.525,0.0297,-10.8579,11.27528453827872,25.222134995057203,31.599998474121094,31.670000076293945,31.579999923706055,31.670000076293945,25.65949011297226,25.716332059351387,25.643251105648613,25.716332059351387,25.683851334330914,0.018305997464694933,2.5,18.25,0.0,0.0,0.0,0.0,0.0,snow covered,0.270190417766571,-7.35301876068115,100.0,458.024688720703
arenacam6_1769615368272086212.png,1769615368272086212,1769615368.2720864,42.30007941396959,-83.69747557594775,236.22071838378906,0.7243946200093996,0.6892840666925979,0.008758181761155951,0.007950104237674558,0.02074,-0.013260000000000003,0.0032600000000000003,1.1245,1.6742000000000001,-8.8896,11.285696460136693,25.245425839538175,31.639999389648438,31.579999923706055,31.69999885559082,31.729999542236328,25.691971225188905,25.643251105648613,25.740691344729196,25.76505217889168,25.710241463614597,0.018411874968195244,2.299999952316284,15.850000381469727,0.0,0.0,0.0,0.0,0.0,snow covered,0.270190417766571,-7.35301876068115,100.0,458.024688720703
arenacam6_1769615368292567018.png,1769615368292567018,1769615368.292567,42.30008144891678,-83.69747548905771,236.227783203125,0.7243379803113269,0.6893516124923385,0.00839485412964872,0.007640095343804253,0.04508000000000001,-0.009530000000000002,-0.0076500000000000005,1.8153000000000001,-0.8141,-9.721400000000001,11.310998877880287,25.302025829885533,31.619998931884766,31.69999885559082,31.67999839782715,31.739999771118164,25.675730669080583,25.740691344729196,25.72445078862087,25.77317245694584,25.728511314844123,0.016855784110964195,2.200000047683716,13.875,0.0,0.0,0.0,0.0,0.0,snow covered,0.270190417766571,-7.35301876068115,100.0,458.024688720703
arenacam6_1769615368313203424.png,1769615368313203424,1769615368.3132036,42.300083480951095,-83.69747539528136,236.23411560058594,0.7244118794608784,0.6892794304801615,0.00800627948256092,0.007562744326580309,0.04519000000000001,-0.0028300000000000005,0.009580000000000002,-0.9439000000000001,2.244,-10.126100000000001,11.30362160549753,25.285523314201644,31.76999855041504,31.689998626708984,31.779998779296875,31.69999885559082,25.797531742323645,25.732571066675035,25.805652020377806,25.740691344729196,25.76911154352642,0.019125102665095692,2.200000047683716,11.850000381469727,0.0,0.0,0.0,0.0,0.0,snow covered,0.270190417766571,-7.35301876068115,100.0,458.024688720703
arenacam6_1769615368333883366.png,1769615368333883366,1769615368.3338833,42.30008551944827,-83.69747530035339,236.24082946777344,0.7243744078693087,0.6893299049125925,0.007546000301477147,0.00700409142108191,0.06681000000000001,0.01195,-0.006850000000000001,0.5185000000000001,-0.6459,-9.2188,11.310369697067166,25.300618390157428,31.76999855041504,31.78999900817871,31.809999465942383,31.729999542236328,25.797531742323645,25.81377229843197,25.830012854540293,25.76505217889168,25.801592268546894,0.019800855088362483,2.200000047683716,10.449999809265137,0.0,0.0,0.0,0.0,0.0,snow covered,0.270190417766571,-7.35301876068115,100.0,458.024688720703
arenacam6_1769615368354631946.png,1769615368354631946,1769615368.354632,42.30008755946146,-83.69747520526595,236.2473602294922,0.7244057799039478,0.6893032835774543,0.007224423575994107,0.006712450751201797,0.04294,-0.00642,0.006850000000000001,0.4055,0.9592,-8.764100000000001,11.325115267282676,25.33360334599531,31.719999313354492,31.899999618530273,31.829999923706055,31.849998474121094,25.756931900837518,25.903093808243067,25.846253410648615,25.862492417972263,25.842192884425366,0.020075688858152578,2.200000047683716,8.90000057220459,0.0,0.0,0.0,0.0,0.0,snow covered,0.270190417766571,-7.35301876068115,100.0,458.024688720703
arenacam6_1769615368375506581.png,1769615368375506581,1769615368.3755066,42.30008959697615,-83.69747511160234,236.25340270996094,0.7243611785832796,0.6893560897941124,0.006986433056384219,0.006344618062754351,0.037500000000000006,0.01632,-0.01068,0.164,-0.023,-9.6041,11.325351464556732,25.33413170512554,31.729999542236328,31.76999855041504,31.849998474121094,31.69999885559082,25.76505217889168,25.797531742323645,25.862492417972263,25.740691344729196,25.791441920979196,0.018051150170705653,2.200000047683716,7.050000190734863,0.0,0.0,0.0,0.0,0.0,snow covered,0.270190417766571,-7.35301876068115,100.0,458.024688720703
arenacam6_1769615368396580059.png,1769615368396580059,1769615368.39658,42.300091639459204,-83.69747501976421,236.25982666015625,0.7243114239254775,0.6894097985700577,0.007012734415140634,0.0061573015731301636,0.0025200000000000005,0.016460000000000002,-0.007050000000000001,0.6842,-0.7418,-10.6094,11.332961846799078,25.35115567357873,31.76999855041504,31.779998779296875,31.849998474121094,31.779998779296875,25.797531742323645,25.805652020377806,25.862492417972263,25.805652020377806,25.81783205026288,0.018408485305091,2.200000047683716,5.025000095367432,0.0,0.0,0.0,0.0,0.0,snow covered,0.270190417766571,-7.35301876068115,100.0,458.024688720703
arenacam6_1769615368416808662.png,1769615368416808662,1769615368.4168086,42.30009368240386,-83.69747492058228,236.26600646972656,0.7243134120586326,0.6894070946228663,0.007029162886998148,0.006207242926421193,0.00075,-0.00068,-0.0021900000000000005,-0.022600000000000002,0.9162,-9.7226,11.343701751057107,25.375180195009687,31.84000015258789,31.76999855041504,31.84000015258789,31.760000228881836,25.854373688702776,25.797531742323645,25.854373688702776,25.789413013054162,25.82392303319584,0.017684321243732606,2.200000047683716,3.075000047683716,0.0,0.0,0.0,0.0,0.0,snow covered,0.270190417766571,-7.35301876068115,100.0,458.024688720703
arenacam6_1769615368438447126.png,1769615368438447126,1769615368.438447,42.30009572445607,-83.69747482924632,236.2723846435547,0.724232344526977,0.6894919570887621,0.007053424295873365,0.00621300704723944,-0.007660000000000001,-0.00529,-0.009190000000000002,0.42010000000000003,-0.2999,-10.3611,11.34800485124791,25.384805971950502,31.689998626708984,31.869998931884766,31.799999237060547,31.889999389648438,25.732571066675035,25.87873297408058,25.821892576486132,25.894973530188906,25.832042536857664,0.017618277854924126,2.200000047683716,0.0,0.0,0.0,0.0,0.0,0.0,snow covered,0.270190417766571,-7.35301876068115,100.0,458.024688720703
arenacam6_1769615368459151915.png,1769615368459151915,1769615368.459152,42.30009777266488,-83.69747473678956,236.27926635742188,0.7242023945328108,0.68952117528156,0.007063885261961681,0.006445317392118233,-0.019960000000000002,-0.026910000000000007,-0.008830000000000003,0.6303000000000001,0.053500000000000006,-10.705200000000001,11.365858916570716,25.4247444448337,31.779998779296875,31.899999618530273,31.799999237060547,31.94999885559082,25.805652020377806,25.903093808243067,25.821892576486132,25.943693649729195,25.868583013709053,0.017456953002551862,2.299999952316284,0.0,0.0,0.0,0.0,0.0,0.0,snow covered,0.270190417766571,-7.35301876068115,100.0,458.024688720703
arenacam6_1769615368480764638.png,1769615368480764638,1769615368.4807646,42.300099815874006,-83.69747464100566,236.28611755371094,0.7240799619443616,0.6896484079442441,0.006978713076172965,0.006676802709494153,0.0016600000000000002,-0.026330000000000003,-0.016560000000000002,0.23140000000000002,0.49300000000000005,-8.4548,11.360910307432171,25.413674703107322,31.799999237060547,31.829999923706055,31.69999885559082,31.709999084472656,25.821892576486132,25.846253410648615,25.740691344729196,25.748811622783357,25.789412238661825,0.01478485657599771,2.299999952316284,0.0,0.0,0.0,0.0,0.0,0.0,snow covered,0.270190417766571,-7.35301876068115,100.0,458.024688720703
arenacam6_1769615368500787357.png,1769615368500787357,1769615368.5007875,42.30010186016754,-83.6974745479067,236.2924346923828,0.7240198999954591,0.6897119445904365,0.006997239206699039,0.006607309840486334,0.007600000000000001,0.012420000000000002,-0.01742,0.4723,-0.6609,-8.7642,11.365566570578824,25.424090484390597,31.76999855041504,31.889999389648438,31.869998931884766,31.799999237060547,25.797531742323645,25.894973530188906,25.87873297408058,25.821892576486132,25.848282705769815,0.01668465668967219,2.4000000953674316,0.0,0.0,0.0,0.0,0.0,0.0,snow covered,0.270190417766571,-7.35301876068115,100.0,458.024688720703
arenacam6_1769615368521110818.png,1769615368521110818,1769615368.5211108,42.3001039083377,-83.69747445085875,236.2991943359375,0.7239166590062026,0.6898221406249128,0.006614990777445094,0.006806395079253941,0.028650000000000005,-0.019770000000000003,-0.014310000000000002,-0.2559,1.2318,-10.6218,11.364658082946322,25.42205825206595,31.989999771118164,31.849998474121094,31.729999542236328,31.65999984741211,25.976174761945842,25.862492417972263,25.76505217889168,25.708211781297226,25.82798278502675,0.01596741416198334,2.4000000953674316,0.0,0.0,0.0,0.0,0.0,0.0,snow covered,0.270190417766571,-7.35301876068115,100.0,458.024688720703
arenacam6_1769615368540910168.png,1769615368540910168,1769615368.54091,42.30010595555316,-83.69747435373151,236.30569458007812,0.7237797470313723,0.689972752483342,0.006221760475720105,0.00646284104294529,0.060500000000000005,0.00987,-0.021040000000000003,-0.8125,0.2735,-8.9528,11.349252398283653,25.387596659816637,31.849998474121094,31.829999923706055,31.760000228881836,31.94999885559082,25.862492417972263,25.846253410648615,25.789413013054162,25.943693649729195,25.86046312285106,0.018625885284481142,2.4000000953674316,0.0,0.0,0.0,0.0,0.0,0.0,snow covered,0.270190417766571,-7.35301876068115,100.0,458.024688720703
arenacam6_1769615368561529591.png,1769615368561529591,1769615368.5615296,42.3001079997249,-83.69747425658478,236.31190490722656,0.7236799512588685,0.6900815949436087,0.006069103186544514,0.006155197198937234,0.017490000000000002,-0.005330000000000001,-0.012240000000000003,1.1595,-1.2587000000000002,-9.131300000000001,11.364953949724642,25.42272008829704,31.729999542236328,31.69999885559082,31.739999771118164,31.829999923706055,25.76505217889168,25.740691344729196,25.77317245694584,25.846253410648615,25.781292347803834,0.01410440182094664,2.4000000953674316,0.0,0.0,0.0,0.0,0.0,0.0,snow covered,0.270190417766571,-7.35301876068115,100.0,458.024688720703
arenacam6_1769615368582148231.png,1769615368582148231,1769615368.5821483,42.300110042328974,-83.69747416114281,236.31723022460938,0.7236026771040642,0.690166355743509,0.005806398002297242,0.005987723256317025,0.04197000000000001,0.014130000000000002,-0.014790000000000001,-0.7458,0.2529,-10.9427,11.34657100652254,25.381598547330533,31.719999313354492,31.799999237060547,31.76999855041504,31.889999389648438,25.756931900837518,25.821892576486132,25.797531742323645,25.894973530188906,25.81783243745905,0.017187014021794008,2.4000000953674316,0.0,0.0,0.0,0.0,0.0,0.0,snow covered,0.270190417766571,-7.35301876068115,100.0,458.024688720703
arenacam6_1769615368602974282.png,1769615368602974282,1769615368.6029742,42.300112082548424,-83.69747406672505,236.32301330566406,0.7235233940509365,0.6902509987209745,0.005808874686613303,0.005806375856383802,-0.0019100000000000002,0.01606,-0.0062900000000000005,0.10450000000000001,-1.2092,-9.9589,11.342573591207573,25.372656569115872,31.76999855041504,31.899999618530273,31.729999542236328,31.599998474121094,25.797531742323645,25.903093808243067,25.76505217889168,25.65949011297226,25.781291960607664,0.016105345152907312,2.4000000953674316,0.0,0.0,0.0,0.0,0.0,0.0,snow covered,0.270190417766571,-7.35301876068115,100.0,458.024688720703
arenacam6_1769615368623599777.png,1769615368623599777,1769615368.6235998,42.30011412435884,-83.69747397481665,236.3289794921875,0.7234628136748004,0.6903123067028218,0.005958921227586893,0.005913349488552313,-0.027750000000000004,0.012720000000000002,-0.0055000000000000005,-0.2354,-0.552,-10.207600000000001,11.33992492668195,25.366731665491923,31.760000228881836,31.76999855041504,31.809999465942383,31.869998931884766,25.789413013054162,25.797531742323645,25.830012854540293,25.87873297408058,25.82392264599967,0.01802325134103478,2.4000000953674316,0.0,0.0,0.0,0.0,0.0,0.0,snow covered,0.270190417766571,-7.35301876068115,100.0,458.024688720703
arenacam6_1769615368644407097.png,1769615368644407097,1769615368.644407,42.300116165204486,-83.69747389012285,236.3349609375,0.7234189841549155,0.6903543734671324,0.006112386716738737,0.006200897330098186,-0.022340000000000006,-0.013720000000000001,-0.007060000000000001,0.5347000000000001,0.9189,-10.6554,11.347339866159535,25.383318440206914,31.56999969482422,31.67999839782715,31.6299991607666,31.639999389648438,25.635130827594452,25.72445078862087,25.683850947134744,25.691971225188905,25.683850947134744,0.011839764278093348,2.299999952316284,0.0,0.0,0.0,0.0,0.0,0.0,snow covered,0.270190417766571,-7.35301876068115,100.0,458.024688720703
arenacam6_1769615368665068401.png,1769615368665068401,1769615368.6650684,42.3001182064876,-83.69747380424539,236.34104919433594,0.723365928290326,0.6904081153643035,0.006006410631872318,0.006503157625856789,-0.020010000000000003,-0.016030000000000003,-0.010380000000000002,-0.6647000000000001,-1.7603,-10.3909,11.336676075083663,25.35946417939765,31.69999885559082,31.67999839782715,31.760000228881836,31.779998779296875,25.740691344729196,25.72445078862087,25.789413013054162,25.805652020377806,25.76505179169551,0.015993540298353856,2.299999952316284,0.0,0.0,0.0,0.0,0.0,0.0,snow covered,0.270190417766571,-7.35301876068115,100.0,458.024688720703
arenacam6_1769615368686366276.png,1769615368686366276,1769615368.6863663,42.30012228578475,-83.69747364075317,236.35348510742188,0.7233386135352635,0.6904313400590186,0.0062025987351463936,0.006880596058579541,-0.03786,-0.014840000000000002,0.0012900000000000001,-0.1534,0.367,-7.9747,11.333117382870823,25.35150359843906,31.599998474121094,31.59000015258789,31.59000015258789,31.76999855041504,25.65949011297226,25.651371383702777,25.651371383702777,25.797531742323645,25.689941155675363,0.013349802149689548,2.299999952316284,1.0500000715255737,0.0,0.0,0.0,0.0,0.0,snow covered,0.270190417766571,-7.35301876068115,100.0,458.024688720703
arenacam6_1769615368707683184.png,1769615368707683184,1769615368.707683,42.30012432344296,-83.69747356377933,236.35986328125,0.7232869131578953,0.6904841950727956,0.0060758626442503245,0.007120498741304882,-0.0016100000000000003,-0.016110000000000003,-0.010350000000000002,-1.0454,0.6576000000000001,-9.0541,11.315994321259234,25.31320033699763,31.689998626708984,31.670000076293945,31.729999542236328,31.599998474121094,25.732571066675035,25.716332059351387,25.76505217889168,25.65949011297226,25.71836135447259,0.016005918338297932,2.299999952316284,2.549999952316284,0.0,0.0,0.0,0.0,0.0,snow covered,0.270190417766571,-7.35301876068115,100.0,458.024688720703
arenacam6_1769615368728669990.png,1769615368728669990,1769615368.72867,42.300126360530314,-83.69747348322846,236.36624145507812,0.7232133658122217,0.6905609781393077,0.00598083473997185,0.007224444452935626,-0.00487,-0.03236000000000001,-0.011480000000000002,0.298,-1.3036,-10.5214,11.321697858523176,25.325958807644835,31.559999465942383,31.44999885559082,31.739999771118164,31.489999771118164,25.62701054954029,25.537689039729198,25.77317245694584,25.57017015194584,25.627010549540294,0.011887081716510773,2.299999952316284,3.8500001430511475,0.0,0.0,0.0,0.0,0.0,snow covered,0.270190417766571,-7.35301876068115,100.0,458.024688720703
arenacam6_1769615368749085509.png,1769615368749085509,1769615368.7490854,42.300128394564084,-83.69747340523614,236.37228393554688,0.7232635365808946,0.6905073307919608,0.005699023199980618,0.007550093352048125,0.003920000000000001,-0.042260000000000006,0.01037,-1.6725,1.3596000000000001,-9.8459,11.302394563478163,25.282778494826843,31.619998931884766,31.69999885559082,31.599998474121094,31.639999389648438,25.675730669080583,25.740691344729196,25.65949011297226,25.691971225188905,25.691970837992738,0.016184627146483145,2.299999952316284,5.150000095367432,0.0,0.0,0.0,0.0,0.0,snow covered,0.270190417766571,-7.35301876068115,100.0,458.024688720703
arenacam6_1769615368790483050.png,1769615368790483050,1769615368.790483,42.30013246906248,-83.69747325502816,236.3848419189453,0.7231933465888446,0.6905756611489966,0.005439898819172293,0.008188234186356556,-0.024420000000000004,-0.06192000000000001,0.00632,-0.5789000000000001,1.1289,-10.708,11.307276637575859,25.293699401658944,31.439998626708984,31.510000228881836,31.59000015258789,31.459999084472656,25.529568761675037,25.58641070805416,25.651371383702777,25.545809317783355,25.578290042803832,0.011251443951540851,2.299999952316284,6.700000286102295,0.0,0.0,0.0,0.0,0.0,snow covered,0.270190417766571,-7.35301876068115,100.0,458.024688720703
arenacam6_1769615368810967242.png,1769615368810967242,1769615368.8109672,42.300134499589156,-83.69747318489632,236.39073181152344,0.7231146458434675,0.6906544332345259,0.004932785063354227,0.008793773461426633,-0.017770000000000005,-0.06557,-0.018220000000000004,-0.0988,-2.1662,-10.7286,11.298952948643294,25.27507980893813,31.459999084472656,31.510000228881836,31.510000228881836,31.439998626708984,25.545809317783355,25.58641070805416,25.58641070805416,25.529568761675037,25.562049873891677,0.011353873741362602,2.299999952316284,7.550000190734863,0.0,0.0,0.0,0.0,0.0,snow covered,0.270190417766571,-7.35301876068115,100.0,458.024688720703
arenacam6_1769615368830472545.png,1769615368830472545,1769615368.8304725,42.30013652667247,-83.69747310604872,236.396240234375,0.7231349487783862,0.6906285605485868,0.004866896894813242,0.0091842541604102,-0.04735000000000001,-0.06353,0.005960000000000001,-1.2236,-0.1829,-9.2921,11.287032502096606,25.248414485239984,31.329999923706055,31.399999618530273,31.510000228881836,31.439998626708984,25.44024880064861,25.497089198243067,25.58641070805416,25.529568761675037,25.51332936715522,0.010492337333502752,2.299999952316284,8.850000381469727,0.0,0.0,0.0,0.0,0.0,snow covered,0.270190417766571,-7.35301876068115,100.0,458.024688720703
arenacam6_1769615368851159507.png,1769615368851159507,1769615368.8511596,42.300138557455945,-83.69747303269573,236.4026336669922,0.7231130952048895,0.6906407474214862,0.004695324951629222,0.010038100811109616,-0.029660000000000006,-0.053700000000000005,-0.01641,-0.6165,-0.0563,-9.2207,11.272258872764006,25.215366762840716,31.510000228881836,31.469999313354492,31.489999771118164,31.3799991607666,25.58641070805416,25.553929595837516,25.57017015194584,25.48084864213474,25.547839774493067,0.013185333165262858,2.299999952316284,10.850000381469727,0.0,0.0,0.0,0.0,0.0,snow covered,0.270190417766571,-7.35301876068115,100.0,458.024688720703
arenacam6_1769615368871926448.png,1769615368871926448,1769615368.8719265,42.30014057886905,-83.69747296377487,236.40798950195312,0.7231109854878734,0.6906339797794282,0.0047967073280673215,0.0105924614511343,-0.051730000000000005,-0.02136,0.008430000000000002,-1.2796,-0.2376,-9.4442,11.245890673063974,25.156382682203727,31.44999885559082,31.399999618530273,31.459999084472656,31.420000076293945,25.537689039729198,25.497089198243067,25.545809317783355,25.513329754351386,25.52347932752675,0.014592584711422647,2.299999952316284,12.850000381469727,0.0,0.0,0.0,0.0,0.0,snow covered,0.270190417766571,-7.35301876068115,100.0,458.024688720703
arenacam6_1769615368892650704.png,1769615368892650704,1769615368.8926508,42.30014260393189,-83.69747289144435,236.41302490234375,0.7230774931700846,0.6906585472732114,0.005012095026640941,0.011161937679777665,-0.05649000000000001,-0.03459,-0.007940000000000001,-0.7557,0.27990000000000004,-8.6966,11.24011714938945,25.143467656155238,31.44999885559082,31.35999870300293,31.510000228881836,31.420000076293945,25.537689039729198,25.464608086026423,25.58641070805416,25.513329754351386,25.52550939704029,0.015194473018184834,2.299999952316284,14.375,0.0,0.0,0.0,0.0,0.0,snow covered,0.270190417766571,-7.35301876068115,100.0,458.024688720703
arenacam6_1769615368913220522.png,1769615368913220522,1769615368.9132206,42.300144625606414,-83.6974728201857,236.4184112548828,0.7230618197243692,0.6906694754238744,0.005335457673741889,0.011349602019707876,-0.029520000000000005,0.019960000000000002,-0.0033300000000000005,-0.5676,-0.44520000000000004,-8.7141,11.216949133512822,25.091642194720173,31.510000228881836,31.439998626708984,31.510000228881836,31.559999465942383,25.58641070805416,25.529568761675037,25.58641070805416,25.62701054954029,25.58235018183091,0.019556630981052096,2.299999952316284,16.075000762939453,0.0,0.0,0.0,0.0,0.0,snow covered,0.270190417766571,-7.35301876068115,100.0,458.024688720703
arenacam6_1769615368934023131.png,1769615368934023131,1769615368.9340231,42.30014663976617,-83.69747275282657,236.4224090576172,0.7230359539021012,0.6906901378935478,0.005730227806262204,0.011545876786069074,-0.04426,0.022650000000000003,-0.00012,-0.5554,0.3885,-9.2971,11.204621234442989,25.064065424174903,31.439998626708984,31.5,31.40999984741211,31.399999618530273,25.529568761675037,25.578290430000003,25.505209476297228,25.497089198243067,25.527539466553833,0.018491574871644656,2.299999952316284,16.450000762939453,0.0,0.0,0.0,0.0,0.0,snow covered,0.270190417766571,-7.35301876068115,100.0,458.024688720703
arenacam6_1769615368954652292.png,1769615368954652292,1769615368.9546523,42.3001486532803,-83.69747268221738,236.4266815185547,0.7230007417708154,0.6907230201624488,0.0060655776417186036,0.011612303147455065,-0.022160000000000003,0.022520000000000002,-0.006020000000000001,-0.8734000000000001,1.1902000000000001,-10.5211,11.192291461337831,25.03648446152505,31.399999618530273,31.389999389648438,31.439998626708984,31.420000076293945,25.497089198243067,25.488968920188906,25.529568761675037,25.513329754351386,25.5072391586146,0.01880274755878705,2.299999952316284,17.274999618530273,0.0,0.0,0.0,0.0,0.0,snow covered,0.270190417766571,-7.35301876068115,100.0,458.024688720703
arenacam6_1769615368975522847.png,1769615368975522847,1769615368.9755228,42.30015066691939,-83.69747260880781,236.43153381347656,0.7229525730330764,0.6907772263418973,0.00622246880976215,0.01129962805409772,0.024280000000000003,0.04123000000000001,-0.009760000000000001,-0.9984000000000001,0.10600000000000001,-9.3557,11.17364406651544,24.99477135815105,31.28999900817871,31.529998779296875,31.3799991607666,31.459999084472656,25.40776768843197,25.602649715377808,25.48084864213474,25.545809317783355,25.50926884093197,0.020584204408540772,2.299999952316284,18.149999618530273,0.0,0.0,0.0,0.0,0.0,snow covered,0.270190417766571,-7.35301876068115,100.0,458.024688720703
arenacam6_1769615368996103655.png,1769615368996103655,1769615368.9961038,42.30015267700783,-83.69747254096166,236.43556213378906,0.722875400477981,0.6908572515872491,0.0066634629309454685,0.011091058329973553,-0.035960000000000006,0.026670000000000003,-0.007640000000000001,0.4172,-0.40130000000000005,-8.646700000000001,11.181655771166382,25.012693060752927,31.34000015258789,31.309999465942383,31.579999923706055,31.489999771118164,25.448369078702775,25.424008244540293,25.643251105648613,25.57017015194584,25.521449645209383,0.020339936336353143,2.4000000953674316,18.649999618530273,0.0,0.0,0.0,0.0,0.0,snow covered,0.270190417766571,-7.35301876068115,100.0,458.024688720703
arenacam6_1769615369016920850.png,1769615369016920850,1769615369.0169208,42.300154683463646,-83.69747246124915,236.4398956298828,0.7228210865954887,0.6909149080727891,0.006861730612375773,0.010917107157558692,0.016730000000000002,0.023780000000000003,-0.006540000000000001,-0.6206,2.2346,-9.0992,11.174886741656136,24.99755114788028,31.399999618530273,31.28999900817871,31.399999618530273,31.479999542236328,25.497089198243067,25.40776768843197,25.497089198243067,25.562049873891677,25.490998989702447,0.019739847271560047,2.4000000953674316,18.5,0.0,0.0,0.0,0.0,0.0,snow covered,0.270190417766571,-7.35301876068115,100.0,458.024688720703
arenacam6_1769615369038436949.png,1769615369038436949,1769615369.038437,42.30015669598261,-83.6974723865598,236.44442749023438,0.7227746406280325,0.6909675211838928,0.006945591298859337,0.01060482416234793,0.017230000000000002,0.00464,-0.007690000000000001,-0.9658,0.8561000000000001,-8.826500000000001,11.174885308548356,24.997547942104163,31.260000228881836,31.369998931884766,31.42999839782715,31.510000228881836,25.383408403054162,25.47272836408058,25.521448483620873,25.58641070805416,25.490998989702444,0.019739978046692568,2.4000000953674316,18.625,0.0,0.0,0.0,0.0,0.0,snow covered,0.270190417766571,-7.35301876068115,100.0,458.024688720703
arenacam6_1769615369060260551.png,1769615369060260551,1769615369.0602605,42.30015870633436,-83.6974723160998,236.44786071777344,0.7226946058283847,0.6910542115495616,0.007123357176660914,0.010287914691670244,-0.00014000000000000004,0.012140000000000001,-0.015920000000000004,0.7763,-1.7479,-9.2482,11.183277685023256,25.016321184735926,31.399999618530273,31.28999900817871,31.399999618530273,31.42999839782715,25.497089198243067,25.40776768843197,25.497089198243067,25.521448483620873,25.480848642134745,0.018568975588715172,2.4000000953674316,18.625,0.0,0.0,0.0,0.0,0.0,snow covered,0.270190417766571,-7.35301876068115,100.0,458.024688720703
arenacam6_1769615369080166513.png,1769615369080166513,1769615369.0801663,42.30016071092398,-83.69747223274538,236.45059204101562,0.7226814527399568,0.691067431560786,0.007342294272033461,0.010169248569428005,0.00493,0.02024,0.0011200000000000003,-0.1321,2.1182000000000003,-9.783100000000001,11.177340072003568,25.003039100667664,31.309999465942383,31.25,31.389999389648438,31.299999237060547,25.424008244540293,25.375288125,25.488968920188906,25.41588796648613,25.426038314053834,0.016917911925949613,2.4000000953674316,18.55000114440918,0.0,0.0,0.0,0.0,0.0,snow covered,0.270190417766571,-7.35301876068115,100.0,458.024688720703
arenacam6_1769615369100922707.png,1769615369100922707,1769615369.1009226,42.3001627242175,-83.6974721566335,236.45448303222656,0.7225865687657432,0.6911725581745931,0.007275012190940772,0.0098091622149938,0.028660000000000005,0.01984,-0.019450000000000002,0.6982,-0.4118,-10.553700000000001,11.185705501958397,25.021752065550817,31.349998474121094,31.35999870300293,31.279998779296875,31.34000015258789,25.456487807972263,25.464608086026423,25.399647410377806,25.448369078702775,25.442278095769815,0.016806418236313878,2.4000000953674316,18.899999618530273,0.0,0.0,0.0,0.0,0.0,snow covered,0.270190417766571,-7.35301876068115,100.0,458.024688720703
arenacam6_1769615369121217772.png,1769615369121217772,1769615369.1212177,42.30016473041385,-83.69747207838559,236.45741271972656,0.7225337417861326,0.691230395431567,0.007237546916011714,0.009651441689644285,0.021120000000000003,0.0073500000000000015,-0.0044,-0.0482,1.0756000000000001,-10.2345,11.175225148179146,24.99830814296786,31.420000076293945,31.26999855041504,31.349998474121094,31.279998779296875,25.513329754351386,25.391527132323645,25.456487807972263,25.399647410377806,25.440248026256278,0.017678791731061048,2.4000000953674316,19.200000762939453,0.0,0.0,0.0,0.0,0.0,snow covered,0.270190417766571,-7.35301876068115,100.0,458.024688720703
arenacam6_1769615369140926776.png,1769615369140926776,1769615369.1409268,42.30016673955344,-83.69747199611581,236.4602508544922,0.7224435819599897,0.6913269267175642,0.0071271155893832434,0.00956846400646346,0.009320000000000002,-0.01998,-0.013210000000000001,-0.16670000000000001,0.7536,-10.087,11.184111634028852,25.018186678624502,31.229999542236328,31.309999465942383,31.229999542236328,31.349998474121094,25.35904756889168,25.424008244540293,25.35904756889168,25.456487807972263,25.39964779757398,0.015247352809762084,2.4000000953674316,19.625,0.0,0.0,0.0,0.0,0.0,snow covered,0.270190417766571,-7.35301876068115,100.0,458.024688720703
arenacam6_1769615369161682566.png,1769615369161682566,1769615369.1616826,42.300168750467165,-83.69747191390714,236.46463012695312,0.722394678586518,0.6913816454653048,0.007004290617703406,0.009396200110222885,0.021480000000000003,-0.006910000000000001,-0.011790000000000002,0.0869,-0.5691,-10.5089,11.178494149648465,25.005620703114637,31.28999900817871,31.309999465942383,31.279998779296875,31.28999900817871,25.40776768843197,25.424008244540293,25.399647410377806,25.40776768843197,25.409797757945512,0.016163448195490364,2.4000000953674316,20.075000762939453,0.0,0.0,0.0,0.0,0.0,snow covered,0.270190417766571,-7.35301876068115,100.0,458.024688720703
arenacam6_1769615369182395437.png,1769615369182395437,1769615369.1823955,42.30017075750128,-83.69747183824803,236.4681854248047,0.7223155775280389,0.6914626430076272,0.007032153766638497,0.009495714751648397,-0.017370000000000003,-0.01101,-0.0032800000000000004,-0.3926,0.25520000000000004,-11.217600000000001,11.174182232739659,24.995975203704653,31.189998626708984,31.25,31.279998779296875,31.34000015258789,25.326566456675035,25.375288125,25.399647410377806,25.448369078702775,25.387467767688904,0.01566222404982334,2.4000000953674316,20.225000381469727,0.0,0.0,0.0,0.0,0.0,snow covered,0.270190417766571,-7.35301876068115,100.0,458.024688720703
arenacam6_1769615369202950980.png,1769615369202950980,1769615369.202951,42.3001727637809,-83.6974717546968,236.47190856933594,0.7222984491747083,0.6914817573634007,0.006928346703290048,0.009483014573094401,0.020410000000000005,-0.016720000000000002,-0.007370000000000001,0.45,0.8398,-10.7155,11.178485003859155,25.0056002445327,31.26999855041504,31.25,31.3799991607666,31.26999855041504,25.391527132323645,25.375288125,25.48084864213474,25.391527132323645,25.40979775794551,0.016164279579778625,2.5,20.700000762939453,0.0,0.0,0.0,0.0,0.0,snow covered,0.270190417766571,-7.35301876068115,100.0,458.024688720703
arenacam6_1769615369223662376.png,1769615369223662376,1769615369.2236624,42.3001747755316,-83.69747167855093,236.47718811035156,0.7222205953954071,0.6915646630864766,0.006763844277098128,0.009485713857535794,0.0029900000000000005,-0.007930000000000001,-0.008990000000000001,-0.9865,-0.9862000000000001,-10.5647,11.166424059012929,24.978620634568383,31.229999542236328,31.31999969482422,31.420000076293945,31.25,25.35904756889168,25.432128522594454,25.513329754351386,25.375288125,25.41994849270938,0.017668223742116317,2.5,21.25,0.0,0.0,0.0,0.0,0.0,snow covered,0.270190417766571,-7.35301876068115,100.0,458.024688720703
arenacam6_1769615369244655580.png,1769615369244655580,1769615369.2446556,42.30017678003,-83.69747160676287,236.48199462890625,0.7222137453550471,0.6915698721290053,0.006858154086541479,0.009559482529496377,-0.016050000000000002,-0.00423,-0.00103,0.7504000000000001,-0.49250000000000005,-11.5473,11.168957077139428,24.984286844136275,31.19999885559082,31.15999984741211,31.25,31.34000015258789,25.334686734729196,25.302207171297226,25.375288125,25.448369078702775,25.365137777432302,0.015243618345880948,2.5,21.625,0.0,0.0,0.0,0.0,0.0,snow covered,0.270190417766571,-7.35301876068115,100.0,458.024688720703
arenacam6_1769615369265130179.png,1769615369265130179,1769615369.2651303,42.30017878857026,-83.6974715272824,236.48707580566406,0.7222658655460762,0.6915176381305557,0.006623922794178002,0.009565524979412668,0.040330000000000005,-0.004000000000000001,0.007380000000000001,-1.1600000000000001,2.9588,-9.2725,11.156799744245612,24.957091619892783,31.349998474121094,31.309999465942383,31.369998931884766,31.389999389648438,25.456487807972263,25.424008244540293,25.47272836408058,25.488968920188906,25.46054833419551,0.020172892016849988,2.5,21.950000762939453,0.0,0.0,0.0,0.0,0.0,snow covered,0.270190417766571,-7.35301876068115,100.0,458.024688720703
arenacam6_1769615369285936476.png,1769615369285936476,1769615369.2859364,42.300182800002304,-83.69747138192649,236.49781799316406,0.7221504130039331,0.6916473277108127,0.006464216131873177,0.008998276420548219,0.03409,0.026750000000000003,-0.01932,0.0689,-2.3319,-8.133600000000001,11.153960813904028,24.95074110305448,31.28999900817871,31.139999389648438,31.309999465942383,31.3799991607666,25.40776768843197,25.285966615188908,25.424008244540293,25.48084864213474,25.39964779757398,0.017991717867833004,2.4000000953674316,21.950000762939453,0.0,0.0,0.0,0.0,0.0,snow covered,0.270190417766571,-7.35301876068115,100.0,458.024688720703
arenacam6_1769615369306627687.png,1769615369306627687,1769615369.3066275,42.30018479903908,-83.69747128762882,236.5025634765625,0.7222094997543586,0.6915869501387286,0.006470742121320877,0.008891476748552372,0.020120000000000002,0.011230000000000002,0.013990000000000002,-0.9091,2.4982,-8.695400000000001,11.142106863107678,24.924224526360092,31.44999885559082,31.28999900817871,31.399999618530273,31.35999870300293,25.537689039729198,25.40776768843197,25.497089198243067,25.464608086026423,25.476788503107663,0.02216975602041998,2.4000000953674316,21.575000762939453,0.0,0.0,0.0,0.0,0.0,snow covered,0.270190417766571,-7.35301876068115,100.0,458.024688720703
arenacam6_1769615369328275967.png,1769615369328275967,1769615369.328276,42.300186805409815,-83.69747121215728,236.508056640625,0.7221606999287504,0.691651006361888,0.006135904777369661,0.008072146527875678,0.09274,0.026730000000000004,-0.017310000000000002,0.3588,0.40440000000000004,-9.8635,11.148550303575913,24.938638116081105,31.34000015258789,31.229999542236328,31.489999771118164,31.28999900817871,25.448369078702775,25.35904756889168,25.57017015194584,25.40776768843197,25.446338621993068,0.020357988417362048,2.4000000953674316,21.80000114440918,0.0,0.0,0.0,0.0,0.0,snow covered,0.270190417766571,-7.35301876068115,100.0,458.024688720703
arenacam6_1769615369349020160.png,1769615369349020160,1769615369.3490202,42.300188804294585,-83.69747112796153,236.51199340820312,0.7220994959231006,0.6917234449644424,0.005901562984475337,0.007494346433704867,0.04642000000000001,0.02212,-0.0018000000000000004,-1.0093,-0.3093,-9.428700000000001,11.139239072043894,24.91780944981787,31.35999870300293,31.329999923706055,31.439998626708984,31.399999618530273,25.464608086026423,25.44024880064861,25.529568761675037,25.497089198243067,25.482878711648283,0.022677324945774596,2.299999952316284,21.600000381469727,0.0,0.0,0.0,0.0,0.0,snow covered,0.270190417766571,-7.35301876068115,100.0,458.024688720703
arenacam6_1769615369370794290.png,1769615369370794290,1769615369.3707943,42.3001908078922,-83.69747104236751,236.5161590576172,0.7221138597309751,0.6917160335242424,0.005879055809654142,0.006777850153967817,0.05621000000000001,0.038810000000000004,-0.0075200000000000015,1.1023,0.517,-9.0296,11.149669949388814,24.941142696585814,31.19999885559082,31.349998474121094,31.35999870300293,31.3799991607666,25.334686734729196,25.456487807972263,25.464608086026423,25.48084864213474,25.434157817715654,0.01976714247328086,2.200000047683716,21.475000381469727,0.0,0.0,0.0,0.0,0.0,snow covered,0.270190417766571,-7.35301876068115,100.0,458.024688720703
arenacam6_1769615369390446957.png,1769615369390446957,1769615369.390447,42.30019281492427,-83.69747096321703,236.52139282226562,0.7220230129094632,0.6918171036081475,0.005665501800403083,0.006306034706864215,0.04611000000000001,0.01948,-0.00999,0.1423,-0.0733,-10.8774,11.154594174295296,24.95215789224812,31.28999900817871,31.31999969482422,31.399999618530273,31.28999900817871,25.40776768843197,25.432128522594454,25.497089198243067,25.40776768843197,25.436188274425366,0.019398337581360798,2.200000047683716,21.725000381469727,0.0,0.0,0.0,0.0,0.0,snow covered,0.270190417766571,-7.35301876068115,100.0,458.024688720703
arenacam6_1769615369410968176.png,1769615369410968176,1769615369.410968,42.3001948181244,-83.69747088214717,236.52549743652344,0.7219538741617655,0.6918915820982668,0.005695991731169244,0.006016467615924742,-0.0008300000000000001,0.0016300000000000002,-0.00816,0.19090000000000001,0.6169,-9.2039,11.160359872199429,24.965055412517792,31.28999900817871,31.26999855041504,31.35999870300293,31.349998474121094,25.40776768843197,25.391527132323645,25.464608086026423,25.456487807972263,25.43009767868858,0.018627728177907792,2.1000001430511475,21.67500114440918,0.0,0.0,0.0,0.0,0.0,snow covered,0.270190417766571,-7.35301876068115,100.0,458.024688720703
arenacam6_1769615369430797276.png,1769615369430797276,1769615369.4307973,42.30019682174886,-83.69747079929303,236.5297088623047,0.7219002913945242,0.6919490406683786,0.005644428393779015,0.00588513642318386,0.017020000000000004,-0.0069900000000000006,-0.007790000000000001,0.38,0.5353,-10.0852,11.165798703056707,24.977221750815673,31.19999885559082,31.15999984741211,31.31999969482422,31.279998779296875,25.334686734729196,25.302207171297226,25.432128522594454,25.399647410377806,25.367167459749673,0.015612052966670164,2.1000001430511475,21.825000762939453,0.0,0.0,0.0,0.0,0.0,snow covered,0.270190417766571,-7.35301876068115,100.0,458.024688720703
arenacam6_1769615369451538448.png,1769615369451538448,1769615369.4515383,42.30019883186854,-83.69747072379306,236.5350341796875,0.7218286304501232,0.6920249869253488,0.005491816441220977,0.005889455462632783,0.00286,-0.012860000000000002,-0.012430000000000002,0.0623,-1.4028,-10.417200000000001,11.170939871036225,24.988722235115777,31.279998779296875,31.209999084472656,31.25,31.34000015258789,25.399647410377806,25.342807012783357,25.375288125,25.448369078702775,25.391527906715986,0.016119498540592057,2.1000001430511475,21.5,0.0,0.0,0.0,0.0,0.0,snow covered,0.270190417766571,-7.35301876068115,100.0,458.024688720703
arenacam6_1769615369472100649.png,1769615369472100649,1769615369.4721005,42.30020083804966,-83.69747064864245,236.53929138183594,0.7218085012774266,0.6920430068582641,0.005629945802449771,0.006104740163962784,-0.030030000000000005,-0.006450000000000001,0.00013000000000000002,0.33380000000000004,0.1834,-9.5446,11.174069464574751,24.995722948085845,31.25,31.260000228881836,31.26999855041504,31.28999900817871,25.375288125,25.383408403054162,25.391527132323645,25.40776768843197,25.389497837202445,0.015753690738789156,2.1000001430511475,21.5,0.0,0.0,0.0,0.0,0.0,snow covered,0.270190417766571,-7.35301876068115,100.0,458.024688720703
arenacam6_1769615369492707726.png,1769615369492707726,1769615369.4927077,42.30020284420293,-83.69747057124947,236.5437774658203,0.7217343500023766,0.6921189686910048,0.00556460838588131,0.006316354823676886,-0.006980000000000001,-0.018740000000000003,-0.014530000000000003,0.0439,-0.1663,-10.3489,11.175467578988078,24.998850446141592,31.229999542236328,31.279998779296875,31.260000228881836,31.309999465942383,25.35904756889168,25.399647410377806,25.383408403054162,25.424008244540293,25.391527906715986,0.015707820702411574,2.1000001430511475,21.42500114440918,0.0,0.0,0.0,0.0,0.0,snow covered,0.270190417766571,-7.35301876068115,100.0,458.024688720703
arenacam6_1769615369513433634.png,1769615369513433634,1769615369.5134337,42.300204855269016,-83.69747050253099,236.54916381835938,0.7217099301630101,0.6921412749640171,0.005662397038161804,0.006570346647638697,-0.032830000000000005,-0.0013000000000000002,-0.0011200000000000003,0.027600000000000003,-1.1263,-9.998700000000001,11.17084593302881,24.988512101429468,31.34000015258789,31.279998779296875,31.25,31.349998474121094,25.448369078702775,25.399647410377806,25.375288125,25.456487807972263,25.41994810551321,0.01726537387790538,2.1000001430511475,21.625,0.0,0.0,0.0,0.0,0.0,snow covered,0.270190417766571,-7.35301876068115,100.0,458.024688720703
arenacam6_1769615369534111523.png,1769615369534111523,1769615369.5341115,42.30020686249565,-83.69747043225927,236.55389404296875,0.7216951602173581,0.6921520386021234,0.00571506210776025,0.006999231591464026,-0.029760000000000005,-0.02568,0.0012900000000000001,0.060700000000000004,1.2271,-10.3541,11.176987864958399,25.002251234640042,31.329999923706055,31.26999855041504,31.1299991607666,31.3799991607666,25.44024880064861,25.391527132323645,25.277846337134743,25.48084864213474,25.397617728060435,0.01581323576465076,2.1000001430511475,21.850000381469727,0.0,0.0,0.0,0.0,0.0,snow covered,0.270190417766571,-7.35301876068115,100.0,458.024688720703
arenacam6_1769615369554990491.png,1769615369554990491,1769615369.5549905,42.30020886632985,-83.69747035966176,236.55926513671875,0.7216794119843734,0.692169662470308,0.0054555957518067555,0.007086688127863525,0.024800000000000003,-0.023160000000000004,-0.007050000000000001,-0.1313,0.49510000000000004,-10.696900000000001,11.175585716059103,24.99911471168125,31.28999900817871,31.279998779296875,31.25,31.309999465942383,25.40776768843197,25.399647410377806,25.375288125,25.424008244540293,25.401677867087518,0.016103096451578022,2.1000001430511475,21.950000762939453,0.0,0.0,0.0,0.0,0.0,snow covered,0.270190417766571,-7.35301876068115,100.0,458.024688720703
arenacam6_1769615369575782837.png,1769615369575782837,1769615369.575783,42.30021087800708,-83.697470291359,236.56541442871094,0.7216089192353764,0.6922442532667599,0.005189887803244317,0.007178200588435779,0.0023500000000000005,-0.020370000000000003,-0.006310000000000001,-0.07060000000000001,-1.0182,-11.043700000000001,11.173010754991996,24.993354678271796,31.25,31.299999237060547,31.260000228881836,31.35999870300293,25.375288125,25.41588796648613,25.383408403054162,25.464608086026423,25.40979814514168,0.016662167693395773,2.1000001430511475,21.850000381469727,0.0,0.0,0.0,0.0,0.0,snow covered,0.270190417766571,-7.35301876068115,100.0,458.024688720703
arenacam6_1769615369596528990.png,1769615369596528990,1769615369.596529,42.300212883371465,-83.69747021462696,236.5713653564453,0.7216213276096949,0.69223222432348,0.005012139233332517,0.007217035907802792,0.018150000000000003,-0.011400000000000002,-0.00205,0.47940000000000005,2.096,-9.6526,11.176564968399182,25.00130524041087,31.279998779296875,31.34000015258789,31.349998474121094,31.25,25.399647410377806,25.448369078702775,25.456487807972263,25.375288125,25.41994810551321,0.016744840362401096,2.1000001430511475,21.825000762939453,0.0,0.0,0.0,0.0,0.0,snow covered,0.270190417766571,-7.35301876068115,100.0,458.024688720703
arenacam6_1769615369617224440.png,1769615369617224440,1769615369.6172245,42.3002148869813,-83.69747014333358,236.57749938964844,0.7215349997183216,0.6923274735945876,0.004545072140779153,0.007018248132700431,0.044750000000000005,-0.0035900000000000003,-0.013360000000000002,-0.3171,-0.4383,-9.882100000000001,11.168192285163224,24.982576050373023,31.25,31.279998779296875,31.399999618530273,31.279998779296875,25.375288125,25.399647410377806,25.497089198243067,25.399647410377806,25.41791803599967,0.01742582449259255,2.1000001430511475,21.850000381469727,0.0,0.0,0.0,0.0,0.0,snow covered,0.270190417766571,-7.35301876068115,100.0,458.024688720703
arenacam6_1769615369638956472.png,1769615369638956472,1769615369.6389565,42.30021689689611,-83.6974700713173,236.5836944580078,0.7214879115213817,0.692378042845719,0.004369126637112595,0.006982123321421908,0.00799,-0.004220000000000001,-0.0037800000000000004,-0.6492,-0.5176000000000001,-9.4609,11.161136703187765,24.96679313682884,31.25,31.229999542236328,31.25,31.28999900817871,25.375288125,25.35904756889168,25.375288125,25.40776768843197,25.379347876830913,0.016524138191921306,2.1000001430511475,21.850000381469727,0.0,0.0,0.0,0.0,0.0,snow covered,0.270190417766571,-7.35301876068115,100.0,458.024688720703
arenacam6_1769615369660489038.png,1769615369660489038,1769615369.6604888,42.30021890057393,-83.69746999309619,236.58937072753906,0.721486027540212,0.6923815376435697,0.00427168570256861,0.006889927127999452,0.020720000000000002,-0.00979,1e-05,0.13520000000000001,1.8615000000000002,-9.0197,11.16536559611557,24.976252916574765,31.28999900817871,31.31999969482422,31.439998626708984,31.349998474121094,25.40776768843197,25.432128522594454,25.529568761675037,25.456487807972263,25.456488195168433,0.019227675192021038,2.0,21.5,0.0,0.0,0.0,0.0,0.0,snow covered,0.270190417766571,-7.35301876068115,100.0,458.024688720703
arenacam6_1769615369680352754.png,1769615369680352754,1769615369.6803527,42.300220903688874,-83.69746992481565,236.5950164794922,0.7214031977483844,0.6924717766066663,0.0040219732593102,0.006639925655762131,0.025540000000000004,-0.010590000000000002,-0.013700000000000002,0.0728,-2.0114,-9.9532,11.167118809315594,24.98017474931043,31.31999969482422,31.309999465942383,31.31999969482422,31.399999618530273,25.432128522594454,25.424008244540293,25.432128522594454,25.497089198243067,25.446338621993064,0.018661353547797088,2.0,21.55000114440918,0.0,0.0,0.0,0.0,0.0,snow covered,0.270190417766571,-7.35301876068115,100.0,458.024688720703
arenacam6_1769615369700743308.png,1769615369700743308,1769615369.7007434,42.300222912783056,-83.6974698530288,236.6005096435547,0.7214279625265988,0.6924450946194622,0.004258039825517149,0.006584445231674435,0.0023300000000000005,0.0037100000000000006,0.0043100000000000005,0.4466,2.0566,-8.594100000000001,11.15957131050572,24.963291447322668,31.3799991607666,31.44999885559082,31.42999839782715,31.279998779296875,25.48084864213474,25.537689039729198,25.521448483620873,25.399647410377806,25.484908393965654,0.020895359401771913,1.8000000715255737,21.625,0.0,0.0,0.0,0.0,0.0,snow covered,0.270190417766571,-7.35301876068115,100.0,458.024688720703
arenacam6_1769615369720552216.png,1769615369720552216,1769615369.7205522,42.300224918734536,-83.69746977600529,236.6053009033203,0.7214115040446909,0.6924643182296423,0.004180734006822812,0.006413366814529615,0.035440000000000006,0.012620000000000003,-0.005040000000000001,1.1935,1.2428000000000001,-9.3195,11.176332663540709,25.000785588380754,31.670000076293945,31.099998474121094,31.479999542236328,31.279998779296875,25.716332059351387,25.25348550297226,25.562049873891677,25.399647410377806,25.482878711648283,0.01928311898693231,1.7000000476837158,21.42500114440918,0.0,0.0,0.0,0.0,0.0,snow covered,0.270190417766571,-7.35301876068115,100.0,458.024688720703
arenacam6_1769615369741320424.png,1769615369741320424,1769615369.7413204,42.30022692029147,-83.69746971277824,236.61041259765625,0.7214159421969428,0.6924639781184708,0.003992383252900786,0.006061206843605405,0.028190000000000003,0.057670000000000006,0.010050000000000002,-1.8201,0.1917,-8.876900000000001,11.136452908612794,24.911576969392307,31.510000228881836,31.579999923706055,31.420000076293945,31.28999900817871,25.58641070805416,25.643251105648613,25.513329754351386,25.40776768843197,25.537689814121535,0.025133408675753588,1.399999976158142,21.600000381469727,0.0,0.0,0.0,0.0,0.0,snow covered,0.270190417766571,-7.35301876068115,100.0,458.024688720703
arenacam6_1769615369761991899.png,1769615369761991899,1769615369.761992,42.300228931027355,-83.6974696436928,236.6152801513672,0.7214164726201624,0.6924633011075755,0.0043968499356350915,0.0057894181162761816,-0.022450000000000005,0.03173,-0.00816,1.9747000000000001,-1.1995,-8.2946,11.169025119062818,24.984439049836382,31.170000076293945,31.279998779296875,31.399999618530273,31.399999618530273,25.310327449351387,25.399647410377806,25.497089198243067,25.497089198243067,25.426038314053834,0.01767497214312456,1.3000000715255737,21.649999618530273,0.0,0.0,0.0,0.0,0.0,snow covered,0.270190417766571,-7.35301876068115,100.0,458.024688720703
arenacam6_1769615369782619225.png,1769615369782619225,1769615369.7826192,42.30023093793888,-83.6974695766484,236.6195068359375,0.7214509966715776,0.6924250472314645,0.0044566799278602355,0.006012601110353032,-0.011490000000000002,-0.004720000000000001,0.016800000000000002,-1.6186,1.5379,-10.5707,11.16251968218675,24.96988677787083,31.439998626708984,31.309999465942383,31.399999618530273,31.399999618530273,25.529568761675037,25.424008244540293,25.497089198243067,25.497089198243067,25.486938850675365,0.02070702512206682,1.2000000476837158,21.600000381469727,0.0,0.0,0.0,0.0,0.0,snow covered,0.270190417766571,-7.35301876068115,100.0,458.024688720703
arenacam6_1769615369803422240.png,1769615369803422240,1769615369.8034222,42.30023293386796,-83.69746950463824,236.6240234375,0.7214795308637023,0.6923951640710787,0.004923878087572246,0.0056549748235411425,-0.021280000000000004,0.06791000000000001,-0.00581,0.9516,-2.354,-9.6455,11.156715999226778,24.95690428731035,31.349998474121094,31.35999870300293,31.5,31.309999465942383,25.456487807972263,25.464608086026423,25.578290430000003,25.424008244540293,25.480848642134745,0.020993964186928428,0.9000000357627869,21.600000381469727,0.0,0.0,0.0,0.0,0.0,snow covered,0.270190417766571,-7.35301876068115,100.0,458.024688720703
arenacam6_1769615369823935171.png,1769615369823935171,1769615369.8239353,42.30023494544321,-83.69746944317178,236.62855529785156,0.721498208191197,0.6923698163426106,0.005372913819605317,0.005958589739095894,-0.04777000000000001,0.020300000000000002,0.011290000000000001,0.021500000000000002,1.3618000000000001,-9.0508,11.16700707370712,24.979924803458406,31.35999870300293,31.279998779296875,31.389999389648438,31.399999618530273,25.464608086026423,25.399647410377806,25.488968920188906,25.497089198243067,25.462578403709053,0.01932165945446819,0.800000011920929,21.80000114440918,0.0,0.0,0.0,0.0,0.0,snow covered,0.270190417766571,-7.35301876068115,100.0,458.024688720703
arenacam6_1769615369844754425.png,1769615369844754425,1769615369.8447545,42.30023695308393,-83.69746937719178,236.63360595703125,0.7215444722271194,0.692319582434275,0.005566183131346575,0.006015644759028843,-0.01485,0.006820000000000001,0.0006900000000000001,0.2697,0.4823,-11.0012,11.173184921736304,24.99374427882881,31.35999870300293,31.34000015258789,31.35999870300293,31.349998474121094,25.464608086026423,25.448369078702775,25.464608086026423,25.456487807972263,25.458518264681974,0.018595612592822074,0.699999988079071,21.899999618530273,0.0,0.0,0.0,0.0,0.0,snow covered,0.270190417766571,-7.35301876068115,100.0,458.024688720703
arenacam6_1769615369865653634.png,1769615369865653634,1769615369.8656538,42.30023896110511,-83.69746931872571,236.63905334472656,0.7215261607912129,0.6923363608168368,0.00572087887836118,0.00613468252238953,-0.023970000000000005,-0.0008700000000000001,0.0048000000000000004,0.4278,-0.6086,-10.968200000000001,11.177781650391674,25.004026885027155,31.34000015258789,31.260000228881836,31.34000015258789,31.34000015258789,25.448369078702775,25.383408403054162,25.448369078702775,25.448369078702775,25.43212890979062,0.017121323166542423,0.699999988079071,21.75,0.0,0.0,0.0,0.0,0.0,snow covered,0.270190417766571,-7.35301876068115,100.0,458.024688720703
arenacam6_1769615369886523429.png,1769615369886523429,1769615369.8865235,42.30024298394607,-83.69746918538073,236.65011596679688,0.7215688789363021,0.692289091909855,0.005808147619294814,0.006358584313302573,-0.018130000000000004,-0.015150000000000002,0.00335,0.2068,1.2073,-9.8792,11.18385828394563,25.01761994968934,31.349998474121094,31.25,31.25,31.309999465942383,25.456487807972263,25.375288125,25.375288125,25.424008244540293,25.407768075628137,0.01559493375962176,0.699999988079071,21.75,0.0,0.0,0.0,0.0,0.0,snow covered,0.270190417766571,-7.35301876068115,100.0,458.024688720703
arenacam6_1769615369907672347.png,1769615369907672347,1769615369.9076724,42.30024499400554,-83.69746912257409,236.6563262939453,0.7215490836127822,0.6923107755685013,0.005629501606954701,0.0064045828085437535,0.014920000000000001,-0.017720000000000003,-0.00408,-0.48900000000000005,0.3578,-10.1904,11.179541366114623,25.007963263516448,31.439998626708984,31.349998474121094,31.349998474121094,31.35999870300293,25.529568761675037,25.456487807972263,25.456487807972263,25.464608086026423,25.476788115911496,0.01874702259655853,0.9000000357627869,21.5,0.0,0.0,0.0,0.0,0.0,snow covered,0.270190417766571,-7.35301876068115,100.0,458.024688720703
arenacam6_1769615369928538567.png,1769615369928538567,1769615369.9285386,42.30024700713443,-83.69746905165754,236.66192626953125,0.7215417296310579,0.692319599465941,0.005428782909980453,0.006452357124062501,0.00928,-0.03372000000000001,0.0012900000000000001,0.42400000000000004,0.6259,-10.259,11.188812873031155,25.028703068198315,31.510000228881836,31.31999969482422,31.439998626708984,31.399999618530273,25.58641070805416,25.432128522594454,25.529568761675037,25.497089198243067,25.511299297641678,0.019281711406635125,1.0,21.700000762939453,0.0,0.0,0.0,0.0,0.0,snow covered,0.270190417766571,-7.35301876068115,100.0,458.024688720703
arenacam6_1769615369949091915.png,1769615369949091915,1769615369.949092,42.30024901671548,-83.69746897690537,236.66806030273438,0.7215523286105461,0.6923115148408895,0.005117408727586839,0.006388710615308515,0.03072,-0.019110000000000002,-0.0029000000000000007,-0.19010000000000002,0.6661,-9.880700000000001,11.186291362837565,25.023062601185863,31.31999969482422,31.420000076293945,31.399999618530273,31.399999618530273,25.432128522594454,25.513329754351386,25.497089198243067,25.497089198243067,25.484909168357994,0.01845683618080561,1.100000023841858,21.80000114440918,0.0,0.0,0.0,0.0,0.0,snow covered,0.270190417766571,-7.35301876068115,100.0,458.024688720703
arenacam6_1769615369970728415.png,1769615369970728415,1769615369.9707284,42.30025102886863,-83.69746890301987,236.6742401123047,0.7215263019453031,0.6923457485068282,0.004556391447513162,0.00603319340251654,0.05302000000000001,-0.015260000000000003,-0.0021300000000000004,-0.0315,0.49410000000000004,-9.158100000000001,11.183607826907068,25.017059692321496,31.349998474121094,31.35999870300293,31.19999885559082,31.510000228881836,25.456487807972263,25.464608086026423,25.334686734729196,25.58641070805416,25.460548334195508,0.017727448682153975,1.2000000476837158,21.67500114440918,0.0,0.0,0.0,0.0,0.0,snow covered,0.270190417766571,-7.35301876068115,100.0,458.024688720703
arenacam6_1769615369990810274.png,1769615369990810274,1769615369.9908104,42.30025304345715,-83.69746882569443,236.6798095703125,0.7215264515685927,0.6923480114822607,0.00442975989373463,0.005847042900357231,0.04453000000000001,0.0075200000000000015,-0.00030000000000000003,0.4812,0.7117,-8.5259,11.188599937171801,25.02822674345709,31.34000015258789,31.40999984741211,31.599998474121094,31.510000228881836,25.448369078702775,25.505209476297228,25.65949011297226,25.58641070805416,25.549869844006608,0.020842191734014345,1.2000000476837158,21.975000381469727,0.0,0.0,0.0,0.0,0.0,snow covered,0.270190417766571,-7.35301876068115,100.0,458.024688720703
arenacam6_1769615370010991584.png,1769615370010991584,1769615370.0109916,42.30025505404435,-83.69746875406096,236.6868896484375,0.7213981621591752,0.6924856311350399,0.00386213355306882,0.00578154212022657,0.004510000000000001,-0.00099,-0.01574,0.2907,-1.7325000000000002,-12.980500000000001,11.184060940198611,25.018073279567883,31.299999237060547,31.349998474121094,31.309999465942383,31.25,25.41588796648613,25.456487807972263,25.424008244540293,25.375288125,25.41791803599967,0.0159822362003527,1.2000000476837158,21.950000762939453,0.0,0.0,0.0,0.0,0.0,snow covered,0.270190417766571,-7.35301876068115,100.0,458.024688720703
arenacam6_1769615370030755094.png,1769615370030755094,1769615370.030755,42.300257065979764,-83.69746866534348,236.69284057617188,0.7214630163134793,0.6924168210856119,0.0037832662283973913,0.005979035557460213,-0.01742,-0.03892,0.01861,-0.1463,2.1104000000000003,-10.8251,11.182667547772681,25.014956344314623,31.349998474121094,31.309999465942383,31.559999465942383,31.279998779296875,25.456487807972263,25.424008244540293,25.62701054954029,25.399647410377806,25.476788503107663,0.018462241246245674,1.2000000476837158,22.0,0.0,0.0,0.0,0.0,0.0,snow covered,0.270190417766571,-7.35301876068115,100.0,458.024688720703
arenacam6_1769615370051396531.png,1769615370051396531,1769615370.0513966,42.30025908114712,-83.69746859450531,236.6993408203125,0.7213146387925503,0.6925766804426599,0.0032776627202146537,0.005656014293733801,0.014140000000000002,-0.03207,-0.02756,0.0792,-2.8388,-8.8556,11.19458882488673,25.04162352594212,31.35999870300293,31.399999618530273,31.31999969482422,31.349998474121094,25.464608086026423,25.497089198243067,25.432128522594454,25.456487807972263,25.462578403709053,0.016810207107012802,1.2000000476837158,22.0,0.0,0.0,0.0,0.0,0.0,snow covered,0.270190417766571,-7.35301876068115,100.0,458.024688720703
arenacam6_1769615370072052634.png,1769615370072052634,1769615370.0720527,42.30026109256086,-83.69746852664026,236.70626831054688,0.7213437105736211,0.6925411602961388,0.0034657992496762834,0.006162852190240144,-0.05689000000000001,-0.023530000000000002,0.012780000000000001,-0.6980000000000001,0.2988,-10.605500000000001,11.179177395684759,25.007149083503066,31.35999870300293,31.35999870300293,31.469999313354492,31.35999870300293,25.464608086026423,25.464608086026423,25.553929595837516,25.464608086026423,25.4869384634792,0.019186088681042185,1.2000000476837158,22.17500114440918,0.0,0.0,0.0,0.0,0.0,snow covered,0.270190417766571,-7.35301876068115,100.0,458.024688720703
arenacam6_1769615370092655428.png,1769615370092655428,1769615370.0926554,42.30026310791579,-83.69746844750622,236.7129364013672,0.7213084060825677,0.6925769315965995,0.0034548740323325027,0.006280205433387081,0.005790000000000001,-0.018170000000000006,-0.017750000000000002,0.7719,0.2097,-9.695400000000001,11.188450330192797,25.027892081621477,31.309999465942383,31.31999969482422,31.399999618530273,31.3799991607666,25.424008244540293,25.432128522594454,25.497089198243067,25.48084864213474,25.45851865187814,0.01720586651294065,1.2000000476837158,21.899999618530273,0.0,0.0,0.0,0.0,0.0,snow covered,0.270190417766571,-7.35301876068115,100.0,458.024688720703
arenacam6_1769615370113535696.png,1769615370113535696,1769615370.1135356,42.30026511888991,-83.69746837875311,236.71902465820312,0.7212643119729342,0.6926211072723849,0.0035629397329691665,0.006410888818598125,-0.022210000000000004,0.007810000000000001,-0.00032,-1.1171,-1.0975000000000001,-8.376100000000001,11.17238147575653,24.991947018378816,31.26999855041504,31.3799991607666,31.469999313354492,31.5,25.391527132323645,25.48084864213474,25.553929595837516,25.578290430000003,25.501148950073976,0.020374640331971634,1.2000000476837158,22.399999618530273,0.0,0.0,0.0,0.0,0.0,snow covered,0.270190417766571,-7.35301876068115,100.0,458.024688720703
arenacam6_1769615370134274872.png,1769615370134274872,1769615370.1342747,42.30026713077412,-83.69746831657703,236.72508239746094,0.7212848270056089,0.6925946275276612,0.003924079069395743,0.0067440236332940925,-0.05608000000000001,-0.004750000000000001,0.0022500000000000003,0.4133,-0.1254,-8.801300000000001,11.18055199109197,25.010223970953273,31.349998474121094,31.31999969482422,31.31999969482422,31.459999084472656,25.456487807972263,25.432128522594454,25.432128522594454,25.545809317783355,25.46663854273613,0.0182491197325116,1.2000000476837158,22.475000381469727,0.0,0.0,0.0,0.0,0.0,snow covered,0.270190417766571,-7.35301876068115,100.0,458.024688720703
arenacam6_1769615370155169837.png,1769615370155169837,1769615370.1551697,42.30026913973531,-83.69746824584901,236.73135375976562,0.7212779862629978,0.6925999156848597,0.004069533627801564,0.006845598715377844,-0.0012500000000000002,0.011550000000000003,0.00029,-0.20500000000000002,1.1329,-9.7264,11.174782170602876,24.9973172287084,31.3799991607666,31.399999618530273,31.35999870300293,31.51999855041504,25.48084864213474,25.497089198243067,25.464608086026423,25.594529437323647,25.509268840931966,0.020480262243326268,1.3000000715255737,22.774999618530273,0.0,0.0,0.0,0.0,0.0,snow covered,0.270190417766571,-7.35301876068115,100.0,458.024688720703
arenacam6_1769615370177807073.png,1769615370177807073,1769615370.177807,42.30027115171525,-83.69746818238168,236.7366485595703,0.721252881773882,0.6926255904477416,0.004177640757469677,0.006827833293886009,-0.012990000000000002,0.007360000000000001,-0.00305,-0.4092,-1.1460000000000001,-9.419400000000001,11.173752443503473,24.99501379097066,31.420000076293945,31.40999984741211,31.369998931884766,31.459999084472656,25.513329754351386,25.505209476297228,25.47272836408058,25.545809317783355,25.509269228128137,0.020574321000904963,1.399999976158142,23.075000762939453,0.0,0.0,0.0,0.0,0.0,snow covered,0.270190417766571,-7.35301876068115,100.0,458.024688720703
arenacam6_1769615370197363673.png,1769615370197363673,1769615370.1973636,42.30027316154995,-83.69746811528329,236.7421875,0.7212794169413353,0.6925971414821197,0.004400628915663299,0.006770286013965122,-0.00305,0.02025,0.00267,0.0834,1.4984000000000002,-9.3949,11.169871130287271,24.98633152618481,31.399999618530273,31.469999313354492,31.459999084472656,31.3799991607666,25.497089198243067,25.553929595837516,25.545809317783355,25.48084864213474,25.519419188499672,0.021335171261783876,1.5,23.375,0.0,0.0,0.0,0.0,0.0,snow covered,0.270190417766571,-7.35301876068115,100.0,458.024688720703
arenacam6_1769615370217919188.png,1769615370217919188,1769615370.2179193,42.300275173498775,-83.69746804885851,236.747802734375,0.7212456114149158,0.6926361612091774,0.004272647250726765,0.006454508936344703,0.03883,0.00444,-0.007790000000000001,0.4055,0.3583,-10.080300000000001,11.180178764996116,25.009389086570412,31.399999618530273,31.399999618530273,31.489999771118164,31.469999313354492,25.497089198243067,25.497089198243067,25.57017015194584,25.553929595837516,25.529569536067374,0.020799406482755297,1.600000023841858,23.600000381469727,0.0,0.0,0.0,0.0,0.0,snow covered,0.270190417766571,-7.35301876068115,100.0,458.024688720703
arenacam6_1769615370238713546.png,1769615370238713546,1769615370.2387135,42.30027718396196,-83.69746798007553,236.752685546875,0.7212576927410494,0.6926275058991896,0.0041520410213572315,0.006102400272284918,0.030430000000000006,0.03203,0.004030000000000001,-0.32030000000000003,-0.47290000000000004,-9.5092,11.16844530563541,24.983142041988078,31.44999885559082,31.399999618530273,31.399999618530273,31.459999084472656,25.537689039729198,25.497089198243067,25.497089198243067,25.545809317783355,25.51941918849967,0.02146556048115537,1.7000000476837158,24.450000762939453,0.0,0.0,0.0,0.0,0.0,snow covered,0.270190417766571,-7.35301876068115,100.0,458.024688720703
arenacam6_1769615370259265612.png,1769615370259265612,1769615370.2592654,42.30027919411681,-83.69746791089612,236.75779724121094,0.7212401770971997,0.6926481316859833,0.004197738878749997,0.005792374385544126,0.018920000000000003,0.025710000000000004,-0.0024000000000000002,0.203,1.0007000000000001,-9.0708,11.171980415651186,24.991049870986764,31.469999313354492,31.25,31.469999313354492,31.420000076293945,25.553929595837516,25.375288125,25.553929595837516,25.513329754351386,25.499119267756605,0.02033005413508784,1.8000000715255737,24.325000762939453,0.0,0.0,0.0,0.0,0.0,snow covered,0.270190417766571,-7.35301876068115,100.0,458.024688720703
arenacam6_1769615370300980081.png,1769615370300980081,1769615370.3009799,42.300283215331014,-83.69746777234455,236.7678985595703,0.7212194296405702,0.6926747077502211,0.004212660626512429,0.005151411701837342,-0.0005200000000000001,0.029170000000000005,0.0006500000000000001,0.0251,0.792,-9.846300000000001,11.17372798574353,24.994959080429137,31.44999885559082,31.34000015258789,31.469999313354492,31.35999870300293,25.537689039729198,25.448369078702775,25.553929595837516,25.464608086026423,25.501148950073976,0.020251678269046725,1.8000000715255737,24.05000114440918,0.0,0.0,0.0,0.0,0.0,snow covered,0.270190417766571,-7.35301876068115,100.0,458.024688720703
arenacam6_1769615370320652704.png,1769615370320652704,1769615370.3206527,42.30028522670607,-83.69746770156735,236.77325439453125,0.7212103708914557,0.692684856535757,0.004203940142816749,0.005061356727419306,0.014330000000000002,0.011270000000000002,-0.00267,0.7546,1.0058,-9.730500000000001,11.181322674550652,25.011947943609336,31.459999084472656,31.53999900817871,31.59000015258789,31.459999084472656,25.545809317783355,25.610769993431973,25.651371383702777,25.545809317783355,25.588440003175364,0.02304866701569019,1.8000000715255737,24.0,0.0,0.0,0.0,0.0,0.0,snow covered,0.270190417766571,-7.35301876068115,100.0,458.024688720703
arenacam6_1769615370341564139.png,1769615370341564139,1769615370.3415642,42.30028723718789,-83.69746763878669,236.77879333496094,0.7211759152257915,0.692720340213432,0.004297704994449054,0.005035800294856174,-0.01536,0.010290000000000002,-0.0022500000000000003,0.5233,-0.1849,-9.9802,11.189020352413198,25.029167187127182,31.42999839782715,31.329999923706055,31.489999771118164,31.420000076293945,25.521448483620873,25.44024880064861,25.57017015194584,25.513329754351386,25.511299297641678,0.01926281074036143,1.899999976158142,23.825000762939453,0.0,0.0,0.0,0.0,0.0,snow covered,0.270190417766571,-7.35301876068115,100.0,458.024688720703
arenacam6_1769615370362315141.png,1769615370362315141,1769615370.3623152,42.30028925066423,-83.69746757177131,236.7837677001953,0.7211697272687414,0.6927255177862003,0.00439208400668026,0.005127482525393085,-0.01297,0.009190000000000002,-0.00151,-0.0239,0.0051,-10.2882,11.185958953525601,25.02231902149956,31.25,31.459999084472656,31.59000015258789,31.44999885559082,25.375288125,25.545809317783355,25.651371383702777,25.537689039729198,25.527539466553833,0.02019079225311534,1.899999976158142,23.850000381469727,0.0,0.0,0.0,0.0,0.0,snow covered,0.270190417766571,-7.35301876068115,100.0,458.024688720703
arenacam6_1769615370382973351.png,1769615370382973351,1769615370.3829734,42.300291263022864,-83.69746750784284,236.78958129882812,0.7211651932089099,0.6927269893807904,0.004663284712195248,0.005323162882645355,-0.042300000000000004,0.017670000000000005,-0.0004500000000000001,0.17850000000000002,-0.497,-9.4407,11.187225892495528,25.025153087958948,31.559999465942383,31.439998626708984,31.3799991607666,31.42999839782715,25.62701054954029,25.529568761675037,25.48084864213474,25.521448483620873,25.539719109242736,0.02056195298686804,2.0,23.80000114440918,0.0,0.0,0.0,0.0,0.0,snow covered,0.270190417766571,-7.35301876068115,100.0,458.024688720703
arenacam6_1769615370403537609.png,1769615370403537609,1769615370.4035378,42.30029327602374,-83.69746744225546,236.795166015625,0.7211630629458079,0.6927267892202061,0.004849896363882782,0.005469062492276455,-0.008760000000000002,0.015950000000000002,0.0018600000000000003,-0.4006,1.2969000000000002,-9.5753,11.183455020779894,25.016717874183378,31.510000228881836,31.399999618530273,31.529998779296875,31.399999618530273,25.58641070805416,25.497089198243067,25.602649715377808,25.497089198243067,25.545809704979526,0.021149530224432722,2.0,23.450000762939453,0.0,0.0,0.0,0.0,0.0,snow covered,0.270190417766571,-7.35301876068115,100.0,458.024688720703
arenacam6_1769615370423960371.png,1769615370423960371,1769615370.4239602,42.30029529084152,-83.69746738135413,236.80043029785156,0.7210984165302686,0.6927912438488808,0.005014556565985169,0.005676296883242388,-0.041400000000000006,-0.013410000000000002,-0.0073100000000000005,-0.1311,-1.7054,-10.4098,11.191873599640418,25.03554972997964,31.35999870300293,31.399999618530273,31.389999389648438,31.459999084472656,25.464608086026423,25.497089198243067,25.488968920188906,25.545809317783355,25.499118880560438,0.0185164358514438,2.1000001430511475,22.774999618530273,0.0,0.0,0.0,0.0,0.0,snow covered,0.270190417766571,-7.35301876068115,100.0,458.024688720703
arenacam6_1769615370444767152.png,1769615370444767152,1769615370.4447672,42.30029730245704,-83.69746732065029,236.8065185546875,0.7211566210887327,0.692726519607189,0.0053748321689627435,0.005848766703174616,-0.028790000000000007,0.020940000000000004,0.0076700000000000015,-0.1419,1.1715,-10.2288,11.178938824718795,25.006615414566465,31.5,31.53999900817871,31.439998626708984,31.489999771118164,25.578290430000003,25.610769993431973,25.529568761675037,25.57017015194584,25.572199834263213,0.02261739185092967,2.1000001430511475,21.075000762939453,0.0,0.0,0.0,0.0,0.0,snow covered,0.270190417766571,-7.35301876068115,100.0,458.024688720703
arenacam6_1769615370465283274.png,1769615370465283274,1769615370.4652834,42.30029931709,-83.69746725357984,236.8124237060547,0.7210638019792104,0.6928228821450914,0.0054557143831750685,0.0058036740108185535,0.00255,0.0014800000000000002,-0.013810000000000001,0.6634,0.3377,-9.9542,11.194976677682925,25.042491129376046,31.510000228881836,31.549999237060547,31.420000076293945,31.3799991607666,25.58641070805416,25.61889027148613,25.513329754351386,25.48084864213474,25.549869844006604,0.02026071256287194,2.1000001430511475,18.350000381469727,0.0,0.0,0.0,0.0,0.0,snow covered,0.270190417766571,-7.35301876068115,100.0,458.024688720703
arenacam6_1769615370485921613.png,1769615370485921613,1769615370.4859216,42.300303341472485,-83.69746712860297,236.82464599609375,0.721041494844962,0.692846481528403,0.005480630723939657,0.00573397177555507,0.004510000000000001,0.020440000000000003,-0.007250000000000001,-0.44830000000000003,-0.1792,-10.834200000000001,11.183607201054107,25.017058292325977,31.579999923706055,31.349998474121094,31.420000076293945,31.510000228881836,25.643251105648613,25.456487807972263,25.513329754351386,25.58641070805416,25.549869844006604,0.02129792981471638,2.200000047683716,15.125,0.0,0.0,0.0,0.0,0.0,snow covered,0.270190417766571,-7.35301876068115,100.0,458.024688720703
arenacam6_1769615370506730928.png,1769615370506730928,1769615370.506731,42.30030535570988,-83.69746706014922,236.83087158203125,0.720996121246653,0.6928931356511994,0.005642261589396483,0.005644519367215347,-0.0013000000000000002,0.023790000000000002,-0.0015400000000000001,0.1835,1.0571000000000002,-10.1366,11.181752154905341,25.012908665393955,31.599998474121094,31.670000076293945,31.420000076293945,31.479999542236328,25.65949011297226,25.716332059351387,25.513329754351386,25.562049873891677,25.61280045014168,0.023983287700470143,2.299999952316284,11.574999809265137,0.0,0.0,0.0,0.0,0.0,snow covered,0.270190417766571,-7.35301876068115,100.0,458.024688720703
arenacam6_1769615370528331578.png,1769615370528331578,1769615370.5283315,42.300307369714844,-83.69746699527728,236.837158203125,0.7209135268090286,0.692981478902605,0.005550519971554219,0.005435852258099575,0.023220000000000005,0.005510000000000001,-0.014700000000000003,0.8460000000000001,0.015300000000000001,-10.213700000000001,11.197296023227764,25.047679366199116,31.489999771118164,31.529998779296875,31.619998931884766,31.44999885559082,25.57017015194584,25.602649715377808,25.675730669080583,25.537689039729198,25.59655989403336,0.02191342837831659,2.299999952316284,8.074999809265137,0.0,0.0,0.0,0.0,0.0,snow covered,0.270190417766571,-7.35301876068115,100.0,458.024688720703
arenacam6_1769615370549029906.png,1769615370549029906,1769615370.5490298,42.30030938206816,-83.69746692470673,236.843994140625,0.7208535232945252,0.6930467527687724,0.005363572748962019,0.00525628365824557,0.027010000000000003,0.007140000000000001,-0.006710000000000001,-0.6568,0.28340000000000004,-10.010100000000001,11.188367933997403,25.027707766276155,31.549999237060547,31.35999870300293,31.439998626708984,31.529998779296875,25.61889027148613,25.464608086026423,25.529568761675037,25.602649715377808,25.55392920864135,0.021025554848225346,2.4000000953674316,4.400000095367432,0.0,0.0,0.0,0.0,0.0,snow covered,0.270190417766571,-7.35301876068115,100.0,458.024688720703
arenacam6_1769615370570049479.png,1769615370570049479,1769615370.5700495,42.30031139963029,-83.69746685566744,236.85061645507812,0.7207977612123455,0.6931094720669041,0.005173781841345038,0.004804075755623262,0.05473,0.028050000000000005,-0.011630000000000001,-0.152,1.0605,-8.6959,11.184173479493039,25.01832502321716,31.35999870300293,31.529998779296875,31.479999542236328,31.469999313354492,25.464608086026423,25.602649715377808,25.562049873891677,25.553929595837516,25.545809317783355,0.021083917251722005,2.4000000953674316,0.0,0.0,0.0,0.0,0.0,0.0,snow covered,0.270190417766571,-7.35301876068115,100.0,458.024688720703
arenacam6_1769615370590772515.png,1769615370590772515,1769615370.5907724,42.30031341192276,-83.69746678492244,236.85678100585938,0.7206592214268569,0.6932559155337636,0.005009089137878422,0.004629381804145236,0.00875,-0.011450000000000002,-0.01785,0.16290000000000002,-1.0232,-9.598600000000001,11.19984488179083,25.05338100987318,31.479999542236328,31.579999923706055,31.510000228881836,31.399999618530273,25.562049873891677,25.643251105648613,25.58641070805416,25.497089198243067,25.572200221459376,0.02070855072940994,2.5,0.0,0.0,0.0,0.0,0.0,0.0,snow covered,0.270190417766571,-7.35301876068115,100.0,458.024688720703
arenacam6_1769615370611046538.png,1769615370611046538,1769615370.6110466,42.30031542655831,-83.69746671153587,236.8631591796875,0.7205349586301534,0.6933885560708015,0.00490287137063622,0.004200661164067781,0.0483,0.01565,-0.029390000000000003,0.2983,0.49470000000000003,-9.3673,11.188595960169069,25.0282178471406,31.479999542236328,31.599998474121094,31.59000015258789,31.439998626708984,25.562049873891677,25.65949011297226,25.651371383702777,25.529568761675037,25.600620033060437,0.022870273441591978,2.4000000953674316,0.0,0.0,0.0,0.0,0.0,0.0,snow covered,0.270190417766571,-7.35301876068115,100.0,458.024688720703
arenacam6_1769615370630810620.png,1769615370630810620,1769615370.6308107,42.300317443275645,-83.69746664975933,236.8697509765625,0.7204455762245313,0.6934828812879534,0.004809070754056737,0.004066681391973627,0.032400000000000005,0.005230000000000001,-0.025920000000000002,0.6951,-1.491,-9.691500000000001,11.19543477376619,25.043515862828542,31.399999618530273,31.35999870300293,31.34000015258789,31.489999771118164,25.497089198243067,25.464608086026423,25.448369078702775,25.57017015194584,25.495059128729526,0.01803034639282411,2.4000000953674316,0.0,0.0,0.0,0.0,0.0,0.0,snow covered,0.270190417766571,-7.35301876068115,100.0,458.024688720703
arenacam6_1769615370651362704.png,1769615370651362704,1769615370.651363,42.30031945685993,-83.6974665796211,236.8758087158203,0.7203446763387689,0.6935885469629811,0.004738731176654403,0.004002401655248719,0.020940000000000004,0.021120000000000003,-0.011080000000000001,-0.15960000000000002,0.9641000000000001,-10.3587,11.188305020126728,25.027567031722285,31.3799991607666,31.65999984741211,31.459999084472656,31.439998626708984,25.48084864213474,25.708211781297226,25.545809317783355,25.529568761675037,25.56610962572259,0.021517976290612077,2.200000047683716,0.0,0.0,0.0,0.0,0.0,0.0,snow covered,0.270190417766571,-7.35301876068115,100.0,458.024688720703
arenacam6_1769615370672183524.png,1769615370672183524,1769615370.6721835,42.30032147217027,-83.69746651032087,236.88230895996094,0.7201727265798523,0.6937695160786809,0.0045508887897023195,0.0037936607278809815,0.023540000000000002,0.015040000000000003,-0.021130000000000003,0.521,-0.1115,-9.3957,11.192034787163001,25.035910296796406,31.529998779296875,31.510000228881836,31.42999839782715,31.389999389648438,25.602649715377808,25.58641070805416,25.521448483620873,25.488968920188906,25.549869456810438,0.020528878475802745,2.1000001430511475,0.0,0.0,0.0,0.0,0.0,0.0,snow covered,0.270190417766571,-7.35301876068115,100.0,458.024688720703
arenacam6_1769615370692750786.png,1769615370692750786,1769615370.692751,42.30032348673858,-83.69746644184112,236.8888702392578,0.720075363889561,0.6938737104359819,0.004185870362188968,0.003636313301992985,0.03773000000000001,-0.012580000000000001,-0.015370000000000002,-0.5338,-0.8797,-9.407200000000001,11.190638403272125,25.03278666981555,31.31999969482422,31.469999313354492,31.399999618530273,31.399999618530273,25.432128522594454,25.553929595837516,25.497089198243067,25.497089198243067,25.495059128729523,0.01846667991907504,1.899999976158142,0.0,0.0,0.0,0.0,0.0,0.0,snow covered,0.270190417766571,-7.35301876068115,100.0,458.024688720703
arenacam6_1769615370713510360.png,1769615370713510360,1769615370.7135105,42.300325498187,-83.69746637938096,236.8949432373047,0.7199558547612509,0.6939969200660965,0.0042313763178452694,0.0037333079467973397,-0.02161,0.012550000000000002,-0.01606,-1.6424,-0.5082,-9.241900000000001,11.163172762388893,24.971347679098212,31.510000228881836,31.439998626708984,31.309999465942383,31.28999900817871,25.58641070805416,25.529568761675037,25.424008244540293,25.40776768843197,25.486938850675365,0.02064731059784646,1.8000000715255737,0.0,0.0,0.0,0.0,0.0,0.0,snow covered,0.270190417766571,-7.35301876068115,100.0,458.024688720703
arenacam6_1769615370734340614.png,1769615370734340614,1769615370.7343407,42.3003275110981,-83.6974663224381,236.9014129638672,0.7198677429101195,0.694085970183855,0.004439840717852252,0.0039225662297895664,-0.033490000000000006,-0.025650000000000006,-0.013120000000000001,0.5983,-0.43010000000000004,-10.139800000000001,11.17711547395568,25.00253668831042,31.1299991607666,31.439998626708984,31.25,31.28999900817871,25.277846337134743,25.529568761675037,25.375288125,25.40776768843197,25.39761772806044,0.01580163823676068,1.600000023841858,0.0,0.0,0.0,0.0,0.0,0.0,snow covered,0.270190417766571,-7.35301876068115,100.0,458.024688720703
arenacam6_1769615370754974403.png,1769615370754974403,1769615370.7549744,42.300329518790534,-83.69746626446037,236.90798950195312,0.7197990837655261,0.6941548283777171,0.004533489709204943,0.004219090099455537,-0.025900000000000006,-0.013100000000000002,-0.012360000000000001,-0.8061,-0.8286,-10.6029,11.16640517483827,24.97857839180272,31.28999900817871,31.34000015258789,31.19999885559082,31.369998931884766,25.40776768843197,25.448369078702775,25.334686734729196,25.47272836408058,25.41588796648613,0.017507384440538214,1.399999976158142,0.0,0.0,0.0,0.0,0.0,0.0,snow covered,0.270190417766571,-7.35301876068115,100.0,458.024688720703
arenacam6_1769615370775671821.png,1769615370775671821,1769615370.7756717,42.30033152749575,-83.69746621164376,236.9142303466797,0.7197231328821729,0.6942289319327327,0.0049091487380062354,0.004549980271960616,-0.056810000000000006,0.009110000000000002,-0.00423,-0.4914,-0.1831,-10.116800000000001,11.146406566754058,24.933842705434824,31.19999885559082,31.279998779296875,31.279998779296875,31.35999870300293,25.334686734729196,25.399647410377806,25.399647410377806,25.464608086026423,25.39964741037781,0.01868162522904882,1.0,0.0,0.0,0.0,0.0,0.0,0.0,snow covered,0.270190417766571,-7.35301876068115,100.0,458.024688720703
arenacam6_1769615370796485170.png,1769615370796485170,1769615370.7964852,42.300333535642764,-83.69746616416991,236.92062377929688,0.7196615321761239,0.694287596504427,0.005347044470661905,0.004839582776307267,-0.05497000000000001,0.01781,-0.015220000000000003,0.8121,-1.1612,-9.5188,11.14954829912962,24.940870572255015,31.15999984741211,31.34000015258789,31.25,31.26999855041504,25.302207171297226,25.448369078702775,25.375288125,25.391527132323645,25.379347876830913,0.01758067358978532,0.9000000357627869,0.0,0.0,0.0,0.0,0.0,0.0,snow covered,0.270190417766571,-7.35301876068115,100.0,458.024688720703
arenacam6_1769615370817210266.png,1769615370817210266,1769615370.8172104,42.30033554150001,-83.69746611321091,236.92727661132812,0.7196116423173822,0.6943333316565209,0.005615557886459829,0.005364168310131634,-0.04093000000000001,-0.004790000000000001,-0.0010400000000000001,-1.2478,1.333,-10.6111,11.13511664969677,24.908587838372693,31.170000076293945,31.1299991607666,31.25,31.349998474121094,25.310327449351387,25.277846337134743,25.375288125,25.456487807972263,25.3549874298646,0.01792151343097061,0.699999988079071,0.0,0.0,0.0,0.0,0.0,0.0,snow covered,0.270190417766571,-7.35301876068115,100.0,458.024688720703
arenacam6_1769615370838712689.png,1769615370838712689,1769615370.8387127,42.30033754664204,-83.6974660667963,236.93373107910156,0.7195527654849943,0.6943930859399569,0.005656670676807752,0.005482878672256438,-0.013510000000000003,-0.0011900000000000003,-0.009810000000000001,-0.318,-0.5657,-10.2341,11.124808738757642,24.88552966007652,31.119998931884766,31.15999984741211,31.1299991607666,31.209999084472656,25.269726059080583,25.302207171297226,25.277846337134743,25.342807012783357,25.298146645073977,0.016580598871456253,0.6000000238418579,0.0,0.0,0.0,0.0,0.0,0.0,snow covered,0.270190417766571,-7.35301876068115,100.0,458.024688720703
arenacam6_1769615370860477810.png,1769615370860477810,1769615370.8604777,42.30033954871972,-83.69746601725537,236.9403839111328,0.7195322952877529,0.6944132062610067,0.005704050757551511,0.005571248800922154,-0.0062900000000000005,0.008600000000000002,0.0005600000000000002,-0.6517000000000001,0.6029,-8.9472,11.110314649174283,24.853107251323923,31.209999084472656,31.119998931884766,31.25,31.139999389648438,25.342807012783357,25.269726059080583,25.375288125,25.285966615188908,25.31844695301321,0.018723602525173168,0.5,0.0,0.0,0.0,0.0,0.0,0.0,snow covered,0.270190417766571,-7.35301876068115,100.0,458.024688720703
arenacam6_1769615370921507279.png,1769615370921507279,1769615370.9215074,42.30034554449725,-83.69746586045903,236.9599609375,0.7193859796932348,0.6945758056120239,0.005054976504612165,0.0047654686811094416,0.03436,0.018550000000000004,-0.0091,-0.47300000000000003,0.878,-9.2751,11.067247202699638,24.756767957606932,31.0,31.059999465942383,31.059999465942383,31.15999984741211,25.172285820000003,25.22100593954029,25.22100593954029,25.302207171297226,25.22912621759445,0.019079964751310737,0.30000001192092896,0.0,0.0,0.0,0.0,0.0,0.0,snow covered,0.270190417766571,-7.35301876068115,100.0,458.024688720703
arenacam6_1769615370941208890.png,1769615370941208890,1769615370.9412088,42.3003475405408,-83.69746580857988,236.96604919433594,0.7192835566822824,0.6946840790782508,0.004954148665394332,0.004544422151357033,0.016900000000000002,0.009980000000000001,-0.01675,-0.4834,-1.0449,-9.2184,11.061044584024245,24.742893071787197,30.959999084472656,31.049999237060547,31.099998474121094,30.939998626708984,25.13980470778336,25.212885661486133,25.25348550297226,25.123564151675033,25.182435005979194,0.01776437108291025,0.10000000149011612,0.0,0.0,0.0,0.0,0.0,0.0,snow covered,0.270190417766571,-7.35301876068115,100.0,458.024688720703
arenacam6_1769615370961865231.png,1769615370961865231,1769615370.9618652,42.30034953164607,-83.69746576095349,236.9720458984375,0.7191975066793492,0.6947705632321285,0.005128748694594872,0.004744132075077184,-0.04585,-0.0015900000000000003,-0.00491,-0.542,-1.5421,-11.6019,11.050196555518715,24.718626682902038,30.869998931884766,30.94999885559082,31.079999923706055,31.059999465942383,25.06672375408058,25.131684429729198,25.237246495648613,25.22100593954029,25.16416515474967,0.018024402308556016,-0.20000000298023224,0.0,0.0,0.0,0.0,0.0,0.0,snow covered,0.270190417766571,-7.35301876068115,100.0,458.024688720703
arenacam6_1769615370982573083.png,1769615370982573083,1769615370.982573,42.30035152063979,-83.69746571342164,236.9785614013672,0.7192262415095972,0.694738132235394,0.005328571335385097,0.004914007486597489,-0.00613,0.012620000000000003,-0.0008700000000000001,0.5819,2.6667,-10.2277,11.04444741188004,24.705766193530938,30.869998931884766,30.829999923706055,31.079999923706055,30.90999984741211,25.06672375408058,25.034244190648614,25.237246495648613,25.099204866297228,25.10935482666876,0.016335807194819953,-0.5,0.0,0.0,0.0,0.0,0.0,0.0,snow covered,0.270190417766571,-7.35301876068115,100.0,458.024688720703
arenacam6_1769615371003219860.png,1769615371003219860,1769615371.00322,42.30035351322249,-83.69746566405794,236.98458862304688,0.7190580621066694,0.6949118430986352,0.005181641271369037,0.005117053292029113,-0.022760000000000002,-0.015940000000000003,-0.023540000000000002,-0.8480000000000001,-3.2731000000000003,-9.8796,11.037199367114654,24.689552752273457,30.829999923706055,30.90999984741211,30.90999984741211,30.969999313354492,25.034244190648614,25.099204866297228,25.099204866297228,25.147924985837516,25.09514472727015,0.01642767607280148,-0.800000011920929,0.0,0.0,0.0,0.0,0.0,0.0,snow covered,0.270190417766571,-7.35301876068115,100.0,458.024688720703
arenacam6_1769615371023985596.png,1769615371023985596,1769615371.0239856,42.300355499551,-83.69746562192375,236.99111938476562,0.7190820901397655,0.6948783903576723,0.005600469443359409,0.005796981643106431,-0.07774,-0.011430000000000003,0.0069900000000000006,-1.0206,1.088,-9.0954,11.018412074547964,24.647526706039326,30.729999542236328,30.799999237060547,30.8799991607666,30.92999839782715,24.95304295889168,25.00988335648613,25.07484403213474,25.115443873620872,25.038303555283356,0.01585460699179522,-1.2000000476837158,0.0,0.0,0.0,0.0,0.0,0.0,snow covered,0.270190417766571,-7.35301876068115,100.0,458.024688720703
arenacam6_1769615371044559006.png,1769615371044559006,1769615371.044559,42.300357485315615,-83.69746557715077,236.99771118164062,0.7189912604278996,0.694968377434286,0.005588220165546989,0.006268459941444982,-0.024830000000000005,-0.050140000000000004,-0.01666,0.1374,0.46540000000000004,-10.7879,11.022021199898447,24.655600102900834,30.67999839782715,30.639999389648438,30.799999237060547,30.809999465942383,24.912441568620874,24.879962005188904,25.00988335648613,25.018003634540293,24.95507264120905,0.012146227918134564,-1.5,0.0,0.0,0.0,0.0,0.0,0.0,snow covered,0.270190417766571,-7.35301876068115,100.0,458.024688720703
arenacam6_1769615371065259744.png,1769615371065259744,1769615371.0652597,42.30035947243617,-83.69746554544854,237.00477600097656,0.7189653247915769,0.6949900865174636,0.005660820245878232,0.006752518340193263,-0.046680000000000006,-0.01922,0.003910000000000001,-1.6214000000000002,-0.736,-9.6654,10.994309552345259,24.593610810023204,30.65999984741211,30.760000228881836,30.809999465942383,30.84000015258789,24.896202561297226,24.97740379305416,25.018003634540293,25.042364468702775,24.98349361439861,0.015853011881301678,-1.7000000476837158,0.25,0.0,0.0,0.0,0.0,0.0,snow covered,0.270190417766571,-7.35301876068115,100.0,458.024688720703
arenacam6_1769615371086016461.png,1769615371086016461,1769615371.0860164,42.30036343149768,-83.69746546359104,237.01727294921875,0.7189587831106597,0.6949919921118508,0.005907100407511536,0.007035996959628567,-0.029540000000000004,-0.00012,-0.00903,-0.42850000000000005,0.2816,-7.7945,10.978878205661257,24.559091813371893,30.760000228881836,30.65999984741211,30.75,30.75,24.97740379305416,24.896202561297226,24.969283515,24.969283515,24.953043346087846,0.016040965020597975,-1.8000000715255737,2.1000001430511475,0.0,0.0,0.0,0.0,0.0,snow covered,0.270190417766571,-7.35301876068115,100.0,458.024688720703
arenacam6_1769615371106736141.png,1769615371106736141,1769615371.1067362,42.30036540793065,-83.69746542573604,237.0241241455078,0.7188825465836766,0.6950673787335763,0.005962344752181122,0.007326232514702193,-0.025350000000000004,-0.019510000000000003,-0.00288,-0.5089,0.20470000000000002,-10.365400000000001,10.969803749096847,24.538792798504705,30.60999870300293,30.60999870300293,30.689998626708984,30.829999923706055,24.85560117102642,24.85560117102642,24.92056184667503,25.034244190648614,24.91650209484412,0.01539233406634538,-1.7000000476837158,3.1500000953674316,0.0,0.0,0.0,0.0,0.0,snow covered,0.270190417766571,-7.35301876068115,100.0,458.024688720703
arenacam6_1769615371128340778.png,1769615371128340778,1769615371.1283407,42.3003673801606,-83.69746538630964,237.0301971435547,0.7188910853088496,0.6950565592268945,0.006008516281072956,0.007475605074874094,-0.013700000000000002,0.0023100000000000004,-0.0013400000000000003,-1.1434,-0.23650000000000002,-10.828700000000001,10.946450182947494,24.48655227224257,30.729999542236328,30.760000228881836,30.719999313354492,30.6299991607666,24.95304295889168,24.97740379305416,24.944922680837518,24.871841727134743,24.936802789979524,0.01838766489994382,-1.600000023841858,3.825000047683716,0.0,0.0,0.0,0.0,0.0,snow covered,0.270190417766571,-7.35301876068115,100.0,458.024688720703
arenacam6_1769615371149346575.png,1769615371149346575,1769615371.1493466,42.300369350878675,-83.69746534500929,237.03622436523438,0.7188615819192335,0.6950855961076148,0.00618108456197911,0.00747223647486415,-0.0058400000000000014,0.013510000000000003,-0.006120000000000001,-0.41340000000000005,0.6976,-8.8186,10.935255573634997,24.46151060288707,30.829999923706055,30.529998779296875,30.67999839782715,30.67999839782715,25.034244190648614,24.790640495377808,24.912441568620874,24.912441568620874,24.912441955817044,0.01843432158587756,-1.5,5.150000095367432,0.0,0.0,0.0,0.0,0.0,snow covered,0.270190417766571,-7.35301876068115,100.0,458.024688720703
arenacam6_1769615371170835511.png,1769615371170835511,1769615371.1708355,42.30037131951061,-83.69746530734673,237.0428009033203,0.7188623143706931,0.6950869928801008,0.006104217500912856,0.007333746328503155,0.006310000000000001,0.008650000000000001,-0.0035000000000000005,-1.1560000000000001,-0.43520000000000003,-10.3285,10.914268463504724,24.41456369675226,30.67999839782715,30.510000228881836,30.760000228881836,30.56999969482422,24.912441568620874,24.774401488054163,24.97740379305416,24.82312160759445,24.87184211433091,0.01872973948084433,-1.399999976158142,5.599999904632568,0.0,0.0,0.0,0.0,0.0,snow covered,0.270190417766571,-7.35301876068115,100.0,458.024688720703
arenacam6_1769615371190361801.png,1769615371190361801,1769615371.1903617,42.300373284824985,-83.69746526804104,237.04881286621094,0.7188687906455017,0.6950803976261055,0.006158837437874003,0.007278144902564865,0.00041000000000000005,0.015560000000000001,0.0019400000000000003,-1.0138,-0.5452,-10.6712,10.904245874491094,24.39214376648411,30.59000015258789,30.510000228881836,30.67999839782715,30.56999969482422,24.839362163702774,24.774401488054163,24.912441568620874,24.82312160759445,24.83733170699307,0.018251283887587875,-1.5,6.150000095367432,0.0,0.0,0.0,0.0,0.0,snow covered,0.270190417766571,-7.35301876068115,100.0,458.024688720703
arenacam6_1769615371210021112.png,1769615371210021112,1769615371.210021,42.30037524897748,-83.69746522659716,237.05494689941406,0.718944511366778,0.6950005289535472,0.006286099472728277,0.007317054277065877,-0.012280000000000001,-0.0026500000000000004,0.012720000000000002,0.1446,0.8214,-9.5813,10.904929174517747,24.39367226764573,30.599998474121094,30.389999389648438,30.729999542236328,30.529998779296875,24.84748089297226,24.676959700188903,24.95304295889168,24.790640495377808,24.817031011857658,0.01735526900447232,-1.5,7.200000286102295,0.0,0.0,0.0,0.0,0.0,snow covered,0.270190417766571,-7.35301876068115,100.0,458.024688720703
arenacam6_1769615371230759090.png,1769615371230759090,1769615371.2307591,42.30037721113251,-83.69746519070114,237.06126403808594,0.7189741525480443,0.6949719851788716,0.006221844291575858,0.007169130907664529,0.021230000000000002,0.006680000000000001,0.0013400000000000003,-0.9655,0.5968,-9.395900000000001,10.886325601847684,24.352057191797158,30.459999084472656,30.529998779296875,30.51999855041504,30.549999237060547,24.73380009778336,24.790640495377808,24.782520217323647,24.806881051486133,24.778460465492735,0.01750994876273567,-1.600000023841858,8.475000381469727,0.0,0.0,0.0,0.0,0.0,snow covered,0.270190417766571,-7.35301876068115,100.0,458.024688720703
arenacam6_1769615371251421757.png,1769615371251421757,1769615371.2514217,42.30037916918876,-83.69746514496222,237.0670623779297,0.719040449374064,0.6949063208913735,0.006206818990877526,0.006892949091223311,0.019960000000000002,0.018220000000000004,0.0035800000000000007,-0.47000000000000003,1.9487,-9.4716,10.866397692340813,24.30747965390486,30.489999771118164,30.209999084472656,30.549999237060547,30.42999839782715,24.758160931945838,24.530797792783357,24.806881051486133,24.709439263620872,24.70131975995905,0.016202424589540704,-1.7000000476837158,10.375,0.0,0.0,0.0,0.0,0.0,snow covered,0.270190417766571,-7.35301876068115,100.0,458.024688720703
arenacam6_1769615371272143128.png,1769615371272143128,1769615371.2721431,42.30038112580549,-83.69746509311867,237.0726318359375,0.7190546193441423,0.6949003400945991,0.005817415464970495,0.006334778099445906,0.07718000000000001,0.0027800000000000004,-0.00022000000000000003,-0.6759000000000001,0.8877,-9.08,10.856416655965688,24.28515267439589,30.56999969482422,30.279998779296875,30.619998931884766,30.439998626708984,24.82312160759445,24.58763819037781,24.863721449080582,24.717559541675033,24.74801019718197,0.01905927992266965,-2.1000001430511475,12.0,0.0,0.0,0.0,0.0,0.0,snow covered,0.270190417766571,-7.35301876068115,100.0,458.024688720703
arenacam6_1769615371292820686.png,1769615371292820686,1769615371.2928207,42.300383080440255,-83.69746505052174,237.07846069335938,0.7190284400360755,0.6949343041802192,0.005577662490690642,0.005771046177465674,0.04773000000000001,0.03196,-0.00335,-1.0403,-0.8561000000000001,-9.5858,10.834232368215702,24.235527753756433,30.510000228881836,30.26999855041504,30.459999084472656,30.42999839782715,24.774401488054163,24.57951791232365,24.73380009778336,24.709439263620872,24.69928969044551,0.019135623593639156,-2.200000047683716,13.40000057220459,0.0,0.0,0.0,0.0,0.0,snow covered,0.270190417766571,-7.35301876068115,100.0,458.024688720703
arenacam6_1769615371313832975.png,1769615371313832975,1769615371.313833,42.30038503077049,-83.6974649972485,237.08372497558594,0.71902492063067,0.6949419355735792,0.005522707433989437,0.005326292885728428,0.04388000000000001,0.017910000000000002,-0.0021900000000000005,-0.8454,2.0888,-9.395900000000001,10.823141527716013,24.21071820900906,30.760000228881836,30.239999771118164,30.489999771118164,30.309999465942383,24.97740379305416,24.55515862694584,24.758160931945838,24.611999024540292,24.725680594121535,0.021270016885366623,-2.5,14.75,0.0,0.0,0.0,0.0,0.0,snow covered,0.270190417766571,-7.35301876068115,100.0,458.024688720703
arenacam6_1769615371334166308.png,1769615371334166308,1769615371.3341663,42.300386982276514,-83.6974649483444,237.0894317626953,0.71897247784178,0.6950025574767735,0.0053104133258592605,0.004671265043229419,0.05169000000000001,0.03212,-0.01093,0.2631,-2.0632,-10.6689,10.818358073508419,24.200017908953924,30.420000076293945,30.42999839782715,30.44999885559082,30.349998474121094,24.70132053435139,24.709439263620872,24.725679819729198,24.64447858797226,24.69522955141843,0.020463275867299152,-2.799999952316284,15.65000057220459,0.0,0.0,0.0,0.0,0.0,snow covered,0.270190417766571,-7.35301876068115,100.0,458.024688720703
arenacam6_1769615371355094405.png,1769615371355094405,1769615371.3550944,42.30038893331924,-83.69746490282049,237.09523010253906,0.7189500379258634,0.6950233266083039,0.00555136901499768,0.004754023431355933,-0.03565000000000001,0.007840000000000001,0.0017500000000000003,-0.42310000000000003,-0.6554,-11.023200000000001,10.814195706137166,24.190706942886475,30.28999900817871,30.219999313354492,30.469999313354492,30.389999389648438,24.595758468431967,24.538918070837518,24.741920375837516,24.676959700188903,24.638389153823976,0.018506371558072478,-2.9000000953674316,16.200000762939453,0.0,0.0,0.0,0.0,0.0,snow covered,0.270190417766571,-7.35301876068115,100.0,458.024688720703
arenacam6_1769615371375865154.png,1769615371375865154,1769615371.375865,42.30039088000916,-83.69746485729543,237.10084533691406,0.7189427094382406,0.6950273994072266,0.0058443244612621376,0.004913093772836244,-0.031230000000000004,0.022810000000000004,-0.00483,0.34500000000000003,0.5054000000000001,-10.3278,10.807982897920885,24.176809263675146,30.209999084472656,30.229999542236328,30.369998931884766,30.299999237060547,24.530797792783357,24.54703834889168,24.660719144080584,24.60387874648613,24.58560850806044,0.01690873431340255,-3.299999952316284,16.30000114440918,0.0,0.0,0.0,0.0,0.0,snow covered,0.270190417766571,-7.35301876068115,100.0,458.024688720703
arenacam6_1769615371396521185.png,1769615371396521185,1769615371.3965213,42.30039282873038,-83.69746481404246,237.107177734375,0.7189459396200067,0.6950208630225674,0.006020312063991013,0.005147009804095612,-0.029200000000000007,0.00037000000000000005,0.0004300000000000001,-0.2931,-0.0371,-10.2782,10.803417834703534,24.166597491161724,30.479999542236328,30.079999923706055,30.399999618530273,30.389999389648438,24.750040653891677,24.425237275648612,24.685079978243067,24.676959700188903,24.634329401993064,0.019354479297402128,-3.299999952316284,17.0,0.0,0.0,0.0,0.0,0.0,snow covered,0.270190417766571,-7.35301876068115,100.0,458.024688720703
arenacam6_1769615371417163800.png,1769615371417163800,1769615371.4171638,42.30039477671304,-83.6974647719573,237.11375427246094,0.718965843184393,0.6949970557515325,0.0061113003912113386,0.005464507149246499,-0.031330000000000004,-0.0029200000000000007,0.009140000000000002,-0.3411,-0.18580000000000002,-10.4213,10.795847531907729,24.149663178025676,30.10999870300293,30.119998931884766,30.26999855041504,30.09000015258789,24.44959656102642,24.457716839080582,24.57951791232365,24.433357553702773,24.480047216533357,0.013680689294594591,-3.4000000953674316,17.375,0.0,0.0,0.0,0.0,0.0,snow covered,0.270190417766571,-7.35301876068115,100.0,458.024688720703
arenacam6_1769615371438683726.png,1769615371438683726,1769615371.4386837,42.30039672020809,-83.6974647321447,237.12017822265625,0.7190099321383272,0.6949450103871333,0.006302398184334477,0.00603571052910444,-0.06194,-0.03488,0.0030300000000000006,-0.682,0.0688,-10.0761,10.789927477943941,24.13642037251192,30.34000015258789,30.029998779296875,30.349998474121094,30.26999855041504,24.63635985870277,24.384635885377808,24.64447858797226,24.57951791232365,24.561248061094123,0.017601105798854173,-3.200000047683716,18.575000762939453,0.0,0.0,0.0,0.0,0.0,snow covered,0.270190417766571,-7.35301876068115,100.0,458.024688720703
arenacam6_1769615371460543200.png,1769615371460543200,1769615371.4605432,42.300398663417894,-83.69746468396076,237.12701416015625,0.7190664739093504,0.6948859960398627,0.006187529315175112,0.006210723648274972,0.022700000000000005,-0.021640000000000003,0.009880000000000002,-0.8677,2.2459000000000002,-9.3385,10.774204096489736,24.101248111601752,30.44999885559082,30.10999870300293,30.25,30.309999465942383,24.725679819729198,24.44959656102642,24.563278905000004,24.611999024540292,24.58763857757398,0.020181131853420135,-3.299999952316284,19.92500114440918,0.0,0.0,0.0,0.0,0.0,snow covered,0.270190417766571,-7.35301876068115,100.0,458.024688720703
arenacam6_1769615371480283699.png,1769615371480283699,1769615371.4802837,42.30040060817433,-83.69746464984726,237.1339569091797,0.7190743607379422,0.6948825490051084,0.00583787316451273,0.006018808386873036,0.03454000000000001,-0.013710000000000003,-0.00102,-0.2917,-1.365,-9.5974,10.766481600753778,24.083973351990156,30.029998779296875,30.059999465942383,30.28999900817871,30.10999870300293,24.384635885377808,24.408996719540294,24.595758468431967,24.44959656102642,24.459746908594123,0.015602639610665213,-3.1000001430511475,21.325000762939453,0.0,0.0,0.0,0.0,0.0,snow covered,0.270190417766571,-7.35301876068115,100.0,458.024688720703
arenacam6_1769615371500664873.png,1769615371500664873,1769615371.500665,42.30040254872809,-83.69746460440597,237.140380859375,0.7192035833390475,0.6947500850436693,0.005680438338879644,0.006021433746738342,0.004810000000000001,-0.024850000000000004,0.0202,1.2334,-0.5023,-10.5439,10.779151739084673,24.11231569122807,29.92999839782715,30.029998779296875,30.09000015258789,30.299999237060547,24.303434653620872,24.384635885377808,24.433357553702773,24.60387874648613,24.431326709796895,0.01323021076258058,-3.0,21.92500114440918,0.0,0.0,0.0,0.0,0.0,snow covered,0.270190417766571,-7.35301876068115,100.0,458.024688720703
arenacam6_1769615371520436811.png,1769615371520436811,1769615371.5204368,42.300404490177215,-83.69746455403616,237.14749145507812,0.7193226016933401,0.6946287252256863,0.005148045544156415,0.006279045432048827,0.02985,-0.05314000000000001,0.020690000000000004,-1.3916000000000002,3.2830000000000004,-10.8162,10.765144858048057,24.080983138762022,30.78999900817871,30.1299991607666,30.149999618530273,30.119998931884766,25.001763078431967,24.465837117134743,24.48207767324307,24.457716839080582,24.601848676972587,0.02162974556350866,-3.0,22.325000762939453,0.0,0.0,0.0,0.0,0.0,snow covered,0.270190417766571,-7.35301876068115,100.0,458.024688720703
arenacam6_1769615371541199142.png,1769615371541199142,1769615371.5411992,42.30040643111372,-83.6974645088398,237.154052734375,0.7193258320687075,0.694640634089812,0.0040570482559182,0.005317626295138066,0.09027000000000002,-0.0021400000000000004,-0.008150000000000001,0.9856,-2.9406000000000003,-9.4824,10.752562032655309,24.052836113327967,30.079999923706055,30.029998779296875,30.229999542236328,30.149999618530273,24.425237275648612,24.384635885377808,24.54703834889168,24.48207767324307,24.45974729579029,0.016917388891069238,-3.1000001430511475,22.42500114440918,0.0,0.0,0.0,0.0,0.0,snow covered,0.270190417766571,-7.35301876068115,100.0,458.024688720703
arenacam6_1769615371561838645.png,1769615371561838645,1769615371.5618386,42.30040836847721,-83.69746446042082,237.1606903076172,0.7195271713565627,0.6944329611855092,0.0036256439183969323,0.0055106083988240686,0.010890000000000002,-0.049510000000000005,0.028020000000000003,-0.139,0.9016000000000001,-9.4062,10.758290163417861,24.06564959815595,30.369998931884766,30.09000015258789,30.309999465942383,30.15999984741211,24.660719144080584,24.433357553702773,24.611999024540292,24.49019795129723,24.54906841840522,0.020087503488221324,-2.799999952316284,22.600000381469727,0.0,0.0,0.0,0.0,0.0,snow covered,0.270190417766571,-7.35301876068115,100.0,458.024688720703
arenacam6_1769615371582668419.png,1769615371582668419,1769615371.5826685,42.300410307604245,-83.69746441136817,237.16738891601562,0.7195748679716101,0.6943887583625451,0.003016399462324796,0.005211811359491571,0.07645000000000002,-0.0015300000000000003,0.008760000000000002,-0.7107,1.495,-9.444600000000001,10.741961112236398,24.02912249040609,29.979999542236328,30.079999923706055,30.299999237060547,30.06999969482422,24.344036043891677,24.425237275648612,24.60387874648613,24.41711699759445,24.447567265905217,0.017414068102828056,-3.0,22.274999618530273,0.0,0.0,0.0,0.0,0.0,snow covered,0.270190417766571,-7.35301876068115,100.0,458.024688720703
arenacam6_1769615371603407776.png,1769615371603407776,1769615371.6034079,42.30041224877754,-83.69746437457533,237.1739501953125,0.7196208983460033,0.6943408689047917,0.0027713465685253176,0.005370295189935206,-0.027870000000000002,-0.035780000000000006,0.007370000000000001,-0.37320000000000003,-3.3366000000000002,-9.6803,10.7461464301192,24.038484795390847,29.899999618530273,29.90999984741211,30.439998626708984,30.15999984741211,24.279075368243063,24.287195646297228,24.717559541675033,24.49019795129723,24.44350712687814,0.016848912688746123,-2.9000000953674316,22.05000114440918,0.0,0.0,0.0,0.0,0.0,snow covered,0.270190417766571,-7.35301876068115,100.0,458.024688720703
arenacam6_1769615371624031280.png,1769615371624031280,1769615371.6240313,42.30041418209217,-83.69746432823679,237.1803741455078,0.719830350644008,0.6941169184175032,0.0031389021873322737,0.006009754684849691,-0.07265,-0.0019500000000000003,0.035250000000000004,-1.1447,1.5421,-7.3405000000000005,10.728858270410585,23.999812219412256,30.03999900817871,30.01999855041504,30.189998626708984,30.149999618530273,24.39275616343197,24.376515607323647,24.514557236675035,24.48207767324307,24.44147667016843,0.018402829435429268,-2.9000000953674316,21.825000762939453,0.0,0.0,0.0,0.0,0.0,snow covered,0.270190417766571,-7.35301876068115,100.0,458.024688720703
arenacam6_1769615371644699731.png,1769615371644699731,1769615371.6446996,42.300416116610336,-83.6974642854586,237.18621826171875,0.7199062591340494,0.6940363186261485,0.0033614010668587876,0.006104708866932842,-0.004480000000000001,0.0004000000000000001,-0.00222,-0.8666,0.7979,-7.6450000000000005,10.71484266596529,23.968460153204397,30.229999542236328,30.170000076293945,30.260000228881836,30.279998779296875,24.54703834889168,24.498318229351387,24.57139918305416,24.58763819037781,24.551098487918757,0.024308542600992505,-3.0,22.075000762939453,0.0,0.0,0.0,0.0,0.0,snow covered,0.270190417766571,-7.35301876068115,100.0,458.024688720703
arenacam6_1769615371665220204.png,1769615371665220204,1769615371.66522,42.30041805286049,-83.69746425913023,237.19247436523438,0.7199310346743892,0.6940058019812737,0.003829409852596567,0.006370851526533482,-0.08149,0.009060000000000002,0.017670000000000005,-0.6827000000000001,-1.6887,-10.4381,10.707474894930943,23.951978891466826,30.189998626708984,30.03999900817871,30.189998626708984,30.15999984741211,24.514557236675035,24.39275616343197,24.514557236675035,24.49019795129723,24.478017147019816,0.02196220437303397,-3.0,22.0,0.0,0.0,0.0,0.0,0.0,snow covered,0.270190417766571,-7.35301876068115,100.0,458.024688720703
arenacam6_1769615371685999842.png,1769615371685999842,1769615371.6859999,42.30042190982402,-83.69746417709626,237.20277404785156,0.7200752071934551,0.6938505799872118,0.004655786341256085,0.006433684034616841,-0.04109,0.06666000000000001,0.007770000000000002,0.5349,0.6115,-9.5581,10.695638277491595,23.925501088452048,30.25,30.119998931884766,30.3799991607666,30.209999084472656,24.563278905000004,24.457716839080582,24.66883942213474,24.530797792783357,24.555158239749673,0.026317407061603286,-3.0,22.399999618530273,0.0,0.0,0.0,0.0,0.0,snow covered,0.270190417766571,-7.35301876068115,100.0,458.024688720703
arenacam6_1769615371706805198.png,1769615371706805198,1769615371.7068052,42.30042383576966,-83.69746413882854,237.2078399658203,0.7201431339752237,0.6937752969219915,0.005214001944620226,0.006520594517924068,-0.050120000000000005,0.038110000000000005,0.0234,-0.3317,0.8737,-9.171700000000001,10.700450434192375,23.93626559426229,30.170000076293945,30.229999542236328,30.139999389648438,30.170000076293945,24.498318229351387,24.54703834889168,24.473957395188904,24.498318229351387,24.504408050695837,0.02373563470860439,-2.9000000953674316,22.0,0.0,0.0,0.0,0.0,0.0,snow covered,0.270190417766571,-7.35301876068115,100.0,458.024688720703
arenacam6_1769615371728477308.png,1769615371728477308,1769615371.7284772,42.30042576420481,-83.69746410040958,237.2130584716797,0.7202744399305894,0.6936398269932001,0.005545192547169725,0.0061459280124135695,0.02186,0.05355000000000001,0.008280000000000001,0.35900000000000004,0.21960000000000002,-10.118500000000001,10.696886401834355,23.928293067719345,30.229999542236328,30.06999969482422,30.170000076293945,30.229999542236328,24.54703834889168,24.41711699759445,24.498318229351387,24.54703834889168,24.5023779811823,0.023991887421231397,-2.9000000953674316,22.0,0.0,0.0,0.0,0.0,0.0,snow covered,0.270190417766571,-7.35301876068115,100.0,458.024688720703
arenacam6_1769615371749111779.png,1769615371749111779,1769615371.749112,42.300427689418335,-83.69746405086714,237.21896362304688,0.7202850764788137,0.6936260627698372,0.005775280229575015,0.006240175205315025,-0.033530000000000004,0.0016100000000000003,0.015400000000000002,-1.7787000000000002,1.286,-11.819700000000001,10.689328787453949,23.91138713780724,30.34000015258789,30.079999923706055,30.28999900817871,30.369998931884766,24.63635985870277,24.425237275648612,24.595758468431967,24.660719144080584,24.579518686715986,0.027941981996198687,-2.9000000953674316,22.125,0.0,0.0,0.0,0.0,0.0,snow covered,0.270190417766571,-7.35301876068115,100.0,458.024688720703
arenacam6_1769615371770152739.png,1769615371770152739,1769615371.7701528,42.30042962495868,-83.69746401324298,237.22369384765625,0.7204446758178762,0.693465069562471,0.006069542978320671,0.00536908096667244,0.06666000000000001,0.08793000000000001,0.00619,0.9404,0.8437,-7.1683,10.685044488158704,23.901803417341732,30.0,30.15999984741211,30.260000228881836,30.25,24.360276600000002,24.49019795129723,24.57139918305416,24.563278905000004,24.49628815983785,0.024871961839699284,-2.5,21.774999618530273,0.0,0.0,0.0,0.0,0.0,snow covered,0.270190417766571,-7.35301876068115,100.0,458.024688720703
arenacam6_1769615371790591228.png,1769615371790591228,1769615371.7905912,42.30043155210225,-83.69746395767751,237.22816467285156,0.7204537794989008,0.6934576454415541,0.006218509249854798,0.004916881848748344,-0.0019000000000000002,0.0023500000000000005,0.014410000000000001,1.3575000000000002,0.19840000000000002,-6.9675,10.72553017181608,23.992367462542266,30.189998626708984,29.889999389648438,30.479999542236328,30.229999542236328,24.514557236675035,24.270955090188902,24.750040653891677,24.54703834889168,24.52064783241182,0.022018684512661202,-2.200000047683716,21.325000762939453,0.0,0.0,0.0,0.0,0.0,snow covered,0.270190417766571,-7.35301876068115,100.0,458.024688720703
arenacam6_1769615371811120775.png,1769615371811120775,1769615371.811121,42.30043348349112,-83.69746391186308,237.2337188720703,0.7205492779096977,0.6933623693697444,0.005864151443972317,0.00479317990789638,0.0297,-0.0034700000000000004,0.006590000000000001,-1.7878,-0.7044,-14.145700000000001,10.710434845875666,23.958600124133113,29.889999389648438,30.09000015258789,29.959999084472656,30.06999969482422,24.270955090188902,24.433357553702773,24.32779548778336,24.41711699759445,24.36230628231737,0.016850156356907085,-2.4000000953674316,20.475000381469727,0.0,0.0,0.0,0.0,0.0,snow covered,0.270190417766571,-7.35301876068115,100.0,458.024688720703
arenacam6_1769615371830964037.png,1769615371830964037,1769615371.8309639,42.300435422210995,-83.69746386740124,237.23793029785156,0.7206935359362453,0.6932093919843356,0.006137488447062202,0.004888492608351835,-0.032290000000000006,-0.014840000000000002,0.024250000000000004,0.228,2.9138,-9.1305,10.722355172351442,23.985265179239835,30.3799991607666,30.03999900817871,30.439998626708984,30.119998931884766,24.66883942213474,24.39275616343197,24.717559541675033,24.457716839080582,24.55921799158058,0.023929391985106095,-2.0,18.825000762939453,0.0,0.0,0.0,0.0,0.0,snow covered,0.270190417766571,-7.35301876068115,100.0,458.024688720703
arenacam6_1769615371851572107.png,1769615371851572107,1769615371.8515723,42.300437354852676,-83.69746381389545,237.24322509765625,0.7207392582836453,0.6931686103784269,0.005811110769724976,0.004293034638032778,0.09157000000000001,0.00032,-0.009620000000000002,1.4259000000000002,-1.1135000000000002,-7.0583,10.741630055174108,24.02838193562117,30.079999923706055,30.06999969482422,30.119998931884766,29.939998626708984,24.425237275648612,24.41711699759445,24.457716839080582,24.311554931675033,24.40290651099967,0.015586758042300086,-2.200000047683716,16.67500114440918,0.0,0.0,0.0,0.0,0.0,snow covered,0.270190417766571,-7.35301876068115,100.0,458.024688720703
arenacam6_1769615371872181875.png,1769615371872181875,1769615371.8721817,42.30043929167978,-83.69746377440579,237.24822998046875,0.7208549711298963,0.6930464383710788,0.005632140621665832,0.004798317465156999,-0.06715000000000002,-0.06357,0.030560000000000004,-0.8377,-2.1735,-10.9756,10.740324504125693,24.02546149625893,30.149999618530273,30.029998779296875,30.1299991607666,30.059999465942383,24.48207767324307,24.384635885377808,24.465837117134743,24.408996719540294,24.435386848823978,0.017062121892179986,-2.0,14.824999809265137,0.0,0.0,0.0,0.0,0.0,snow covered,0.270190417766571,-7.35301876068115,100.0,458.024688720703
arenacam6_1769615371892871349.png,1769615371892871349,1769615371.8928714,42.30044122735309,-83.6974637083378,237.25328063964844,0.7210390041314123,0.6928518378613987,0.005841949053447548,0.004995690594896195,-0.0024400000000000003,0.014530000000000003,0.019240000000000004,0.8438,2.5839000000000003,-11.3705,10.736215925038655,24.01627085135597,30.03999900817871,30.119998931884766,30.10999870300293,29.90999984741211,24.39275616343197,24.457716839080582,24.44959656102642,24.287195646297228,24.39681630245905,0.015845318095319364,-2.200000047683716,13.550000190734863,0.0,0.0,0.0,0.0,0.0,snow covered,0.270190417766571,-7.35301876068115,100.0,458.024688720703
arenacam6_1769615371913684001.png,1769615371913684001,1769615371.913684,42.30044316159089,-83.69746365878932,237.25875854492188,0.7211013618230804,0.6927862482926187,0.0056186247131199095,0.005335842001973641,-0.0177,-0.047450000000000006,0.00854,0.29350000000000004,-0.8595,-11.3939,10.753367515215727,24.05463792948667,30.049999237060547,29.84000015258789,30.059999465942383,30.0,24.40087644148613,24.230355248702775,24.408996719540294,24.360276600000002,24.3501262524323,0.012284047833595296,-2.200000047683716,13.02500057220459,0.0,0.0,0.0,0.0,0.0,snow covered,0.270190417766571,-7.35301876068115,100.0,458.024688720703
arenacam6_1769615371934357837.png,1769615371934357837,1769615371.9343576,42.30044509802424,-83.69746361734445,237.2652587890625,0.7212433039045819,0.692634679600225,0.00567631252632028,0.005751231520311526,-0.04530000000000001,-0.0061600000000000005,0.023360000000000006,0.16490000000000002,-1.3036,-11.6118,10.738740114513922,24.021917311760774,30.1299991607666,29.959999084472656,30.28999900817871,29.959999084472656,24.465837117134743,24.32779548778336,24.595758468431967,24.32779548778336,24.429296640283358,0.016958651686105716,-2.299999952316284,12.725000381469727,0.0,0.0,0.0,0.0,0.0,snow covered,0.270190417766571,-7.35301876068115,100.0,458.024688720703
arenacam6_1769615371954970496.png,1769615371954970496,1769615371.9549706,42.300447039784615,-83.69746356515104,237.27183532714844,0.7214086328256476,0.6924573159056003,0.0055764922099502175,0.0064306195715685705,-0.031160000000000004,-0.043590000000000004,0.022930000000000002,0.7815000000000001,1.9021000000000001,-10.7574,10.753134645285451,24.05411701342484,30.139999389648438,30.029998779296875,30.149999618530273,30.06999969482422,24.473957395188904,24.384635885377808,24.48207767324307,24.41711699759445,24.439446987851056,0.01601929408637865,-2.299999952316284,12.574999809265137,0.0,0.0,0.0,0.0,0.0,snow covered,0.270190417766571,-7.35301876068115,100.0,458.024688720703
arenacam6_1769615371975766121.png,1769615371975766121,1769615371.975766,42.30044897492589,-83.69746351526229,237.27871704101562,0.7215024047907995,0.6923566284316662,0.0052620189496442775,0.0069921459082487175,-0.01946,-0.05215000000000001,0.010720000000000002,-0.5107,0.0183,-9.407300000000001,10.752620210045896,24.052966252660067,30.299999237060547,30.059999465942383,30.209999084472656,29.969999313354492,24.60387874648613,24.408996719540294,24.530797792783357,24.33591576583752,24.46989725616183,0.017333870555597406,-2.200000047683716,12.225000381469727,0.0,0.0,0.0,0.0,0.0,snow covered,0.270190417766571,-7.35301876068115,100.0,458.024688720703
arenacam6_1769615371996561869.png,1769615371996561869,1769615371.996562,42.30045091159136,-83.69746346917303,237.285888671875,0.7216599249854043,0.6921877835815345,0.005071889824242423,0.007569733426876368,-0.035870000000000006,-0.04725000000000001,0.021590000000000005,-0.6389,0.1943,-9.350900000000001,10.740229237546602,24.025248390637497,29.939998626708984,29.92999839782715,30.059999465942383,30.079999923706055,24.311554931675033,24.303434653620872,24.408996719540294,24.425237275648612,24.362305895121203,0.014029303631052384,-2.1000001430511475,11.050000190734863,0.0,0.0,0.0,0.0,0.0,snow covered,0.270190417766571,-7.35301876068115,100.0,458.024688720703
arenacam6_1769615372018084473.png,1769615372018084473,1769615372.0180843,42.30045285158798,-83.69746341169788,237.29327392578125,0.7217855495818412,0.6920539324491488,0.004770104692503634,0.008013806694114592,0.013950000000000002,-0.06643000000000002,0.013460000000000001,-0.1278,3.1143,-8.9825,10.746213170129284,24.038634088789003,30.03999900817871,29.920000076293945,30.01999855041504,30.03999900817871,24.39275616343197,24.29531592435139,24.376515607323647,24.39275616343197,24.364335964634744,0.013549100778468949,-2.1000001430511475,10.52500057220459,0.0,0.0,0.0,0.0,0.0,snow covered,0.270190417766571,-7.35301876068115,100.0,458.024688720703
arenacam6_1769615372038717250.png,1769615372038717250,1769615372.0387173,42.30045478640967,-83.69746336190146,237.3009490966797,0.7217552667497537,0.6920826900402062,0.004250958094582119,0.008533136643833351,-0.029390000000000003,-0.09081,-0.00062,-1.2109,-2.6441000000000003,-11.0501,10.74143153692516,24.02793786220937,30.06999969482422,29.92999839782715,30.10999870300293,30.10999870300293,24.41711699759445,24.303434653620872,24.44959656102642,24.44959656102642,24.40493619331704,0.015689999419409455,-2.1000001430511475,9.375,0.0,0.0,0.0,0.0,0.0,snow covered,0.270190417766571,-7.35301876068115,100.0,458.024688720703
arenacam6_1769615372060463399.png,1769615372060463399,1769615372.0604634,42.300456719386744,-83.69746331070934,237.30838012695312,0.7218960830326868,0.6919287576564647,0.004509196008128727,0.008961405102184367,-0.039740000000000004,-0.0029000000000000007,0.018520000000000002,-0.3357,1.6285,-8.0565,10.720132644667194,23.980293518161833,30.01999855041504,30.170000076293945,30.389999389648438,29.989999771118164,24.376515607323647,24.498318229351387,24.676959700188903,24.352156321945838,24.475987464702445,0.020670887375302188,-2.1000001430511475,8.425000190734863,0.0,0.0,0.0,0.0,0.0,snow covered,0.270190417766571,-7.35301876068115,100.0,458.024688720703
arenacam6_1769615372080588381.png,1769615372080588381,1769615372.0805883,42.30045865691744,-83.69746325930639,237.31533813476562,0.7219724207118158,0.6918492492478281,0.004413726090010957,0.008997725753746107,0.023020000000000002,-0.0021200000000000004,0.0022800000000000003,-0.0729,1.9258000000000002,-6.09,10.721850165986824,23.98413551030257,29.979999542236328,29.90999984741211,30.06999969482422,30.149999618530273,24.344036043891677,24.287195646297228,24.41711699759445,24.48207767324307,24.382606590256607,0.016613943820608938,-2.0,6.974999904632568,0.0,0.0,0.0,0.0,0.0,snow covered,0.270190417766571,-7.35301876068115,100.0,458.024688720703
arenacam6_1769615372100943908.png,1769615372100943908,1769615372.1009438,42.300460587003954,-83.69746320419937,237.32122802734375,0.7220552909529756,0.6917572368498767,0.004680551423628334,0.009283022730130477,-0.059070000000000004,-0.00023000000000000003,0.0357,-1.6737000000000002,1.4406,-8.1133,10.7165738721811,23.97233275763679,29.979999542236328,30.059999465942383,30.229999542236328,30.26999855041504,24.344036043891677,24.408996719540294,24.54703834889168,24.57951791232365,24.469897256161826,0.020755781406652192,-2.1000001430511475,5.025000095367432,0.0,0.0,0.0,0.0,0.0,snow covered,0.270190417766571,-7.35301876068115,100.0,458.024688720703
arenacam6_1769615372120552196.png,1769615372120552196,1769615372.1205523,42.300462514773365,-83.6974631471504,237.32579040527344,0.7221325387600285,0.6916766783278117,0.004838795646381725,0.009195388958223772,-0.009080000000000001,0.03475,0.02263,-1.119,3.2744,-8.2269,10.689878224923339,23.912616196460014,30.25,29.939998626708984,29.90999984741211,30.1299991607666,24.563278905000004,24.311554931675033,24.287195646297228,24.465837117134743,24.40696665002675,0.020673206541069227,-2.0,3.9000000953674316,0.0,0.0,0.0,0.0,0.0,snow covered,0.270190417766571,-7.35301876068115,100.0,458.024688720703
arenacam6_1769615372141383087.png,1769615372141383087,1769615372.1413832,42.30046444774999,-83.69746309731539,237.33009338378906,0.7220604134493387,0.691763526427455,0.004798178465834184,0.008304234909509338,0.022060000000000003,0.004510000000000001,0.010020000000000001,-0.7985,-0.3967,-9.3007,10.691647264689074,23.91657343227358,30.09000015258789,30.0,30.229999542236328,30.189998626708984,24.433357553702773,24.360276600000002,24.54703834889168,24.514557236675035,24.463807434817372,0.022880953414728802,-2.0,3.6000001430511475,0.0,0.0,0.0,0.0,0.0,snow covered,0.270190417766571,-7.35301876068115,100.0,458.024688720703
arenacam6_1769615372161800441.png,1769615372161800441,1769615372.1618004,42.30046637061599,-83.69746302589843,237.33401489257812,0.7221769019206441,0.6916475139631134,0.004957222738595536,0.007724293085147038,0.029420000000000005,0.03524000000000001,0.011480000000000002,0.6898000000000001,-1.1804000000000001,-10.1333,10.695821581065799,23.92591112754933,30.149999618530273,30.219999313354492,30.059999465942383,29.959999084472656,24.48207767324307,24.538918070837518,24.408996719540294,24.32779548778336,24.43944698785106,0.021463586383986107,-1.8000000715255737,3.424999952316284,0.0,0.0,0.0,0.0,0.0,snow covered,0.270190417766571,-7.35301876068115,100.0,458.024688720703
arenacam6_1769615372182571393.png,1769615372182571393,1769615372.1825714,42.300468298702036,-83.6974629690289,237.33790588378906,0.7222124749670609,0.6916112710940655,0.005215582862066525,0.007469162805316457,0.007430000000000001,0.04088000000000001,0.008130000000000002,-0.3496,3.0774000000000004,-9.9341,10.690256890579223,23.91346324881229,30.260000228881836,29.969999313354492,30.189998626708984,30.10999870300293,24.57139918305416,24.33591576583752,24.514557236675035,24.44959656102642,24.467867186648284,0.02318375770450279,-1.5,2.7750000953674316,0.0,0.0,0.0,0.0,0.0,snow covered,0.270190417766571,-7.35301876068115,100.0,458.024688720703
arenacam6_1769615372203251696.png,1769615372203251696,1769615372.2032516,42.3004702250244,-83.69746289997013,237.34176635742188,0.7222222744603987,0.6916084704612218,0.005054594200659829,0.006867382107093302,0.052360000000000004,0.025240000000000005,-0.008490000000000001,1.2507000000000001,-2.2427,-10.178700000000001,10.70403459773186,23.94428315305031,29.92999839782715,30.189998626708984,30.26999855041504,29.8799991607666,24.303434653620872,24.514557236675035,24.57951791232365,24.262834812134745,24.415086153688573,0.019662438738671795,-1.600000023841858,2.0,0.0,0.0,0.0,0.0,0.0,snow covered,0.270190417766571,-7.35301876068115,100.0,458.024688720703
arenacam6_1769615372223990525.png,1769615372223990525,1769615372.2239904,42.30047215043348,-83.69746283556994,237.345703125,0.7222806685956665,0.6915450373128689,0.005324683491043369,0.006909767482338561,-0.033870000000000004,0.04198,0.0105,-1.0143,0.5202,-9.330400000000001,10.68736979672747,23.907004993091547,29.979999542236328,29.85999870300293,29.889999389648438,30.15999984741211,24.344036043891677,24.246594256026423,24.270955090188902,24.49019795129723,24.33794583535106,0.018025714320302488,-1.2000000476837158,1.225000023841858,0.0,0.0,0.0,0.0,0.0,snow covered,0.270190417766571,-7.35301876068115,100.0,458.024688720703
arenacam6_1769615372244688336.png,1769615372244688336,1769615372.2446883,42.30047407838573,-83.69746277145566,237.34951782226562,0.7222957953636119,0.6915313391569751,0.005273509362843997,0.00673654680144706,0.04329000000000001,-0.01024,0.0024000000000000002,-0.1418,3.3879,-9.1698,10.693846963826882,23.921494027262906,30.0,29.76999855041504,30.119998931884766,29.849998474121094,24.360276600000002,24.17351330232365,24.457716839080582,24.23847397797226,24.307495179844125,0.01613616407659573,-1.3000000715255737,0.17499999701976776,0.0,0.0,0.0,0.0,0.0,snow covered,0.270190417766571,-7.35301876068115,100.0,458.024688720703
arenacam6_1769615372265402781.png,1769615372265402781,1769615372.2654028,42.30047600685245,-83.6974627093939,237.35337829589844,0.7221909841577896,0.6916461013417842,0.00494261172657604,0.0064361082366699825,0.01786,-0.011830000000000002,-0.019340000000000003,-0.3618,-3.3123,-10.921800000000001,10.691013606815929,23.915155977630825,29.939998626708984,30.010000228881836,29.90999984741211,29.8799991607666,24.311554931675033,24.368396878054163,24.287195646297228,24.262834812134745,24.30749556704029,0.01640547900989832,-1.2000000476837158,0.0,0.0,0.0,0.0,0.0,0.0,snow covered,0.270190417766571,-7.35301876068115,100.0,458.024688720703
arenacam6_1769615372286069331.png,1769615372286069331,1769615372.2860692,42.300479854944314,-83.69746257343388,237.36135864257812,0.7222214552750191,0.6916114266345217,0.005141356836737374,0.0065856312432891785,-0.01907,-0.004260000000000001,0.008140000000000001,-0.5356000000000001,1.2608000000000001,-10.4596,10.67853765671012,23.887248025801135,29.829999923706055,29.779998779296875,29.92999839782715,29.760000228881836,24.222234970648614,24.18163358037781,24.303434653620872,24.165394573054165,24.218174444425365,0.013853685375008013,-1.2000000476837158,0.0,0.0,0.0,0.0,0.0,0.0,snow covered,0.270190417766571,-7.35301876068115,100.0,458.024688720703
arenacam6_1769615372306834447.png,1769615372306834447,1769615372.3068345,42.30048177961093,-83.69746252206521,237.3658905029297,0.7221619795193,0.6916759853065769,0.00490490604737563,0.006507578936040817,0.028650000000000005,-0.018730000000000004,-0.01784,0.254,0.0818,-11.356900000000001,10.680038717016682,23.890605807643297,29.920000076293945,29.920000076293945,29.920000076293945,29.849998474121094,24.29531592435139,24.29531592435139,24.29531592435139,24.23847397797226,24.281105437756608,0.01634532138939645,-1.2000000476837158,0.0,0.0,0.0,0.0,0.0,0.0,snow covered,0.270190417766571,-7.35301876068115,100.0,458.024688720703
arenacam6_1769615372328506480.png,1769615372328506480,1769615372.3285065,42.3004837011184,-83.69746245689397,237.37095642089844,0.7221316826399025,0.6917063176488062,0.004855121024315513,0.006680632622073535,-0.02177,-0.01314,0.0015,-0.2417,-1.7787000000000002,-11.593900000000001,10.670730439482623,23.86978374929626,29.78999900817871,29.76999855041504,29.829999923706055,29.889999389648438,24.18975385843197,24.17351330232365,24.222234970648614,24.270955090188902,24.214114305398287,0.014425373925399627,-1.2000000476837158,0.0,0.0,0.0,0.0,0.0,0.0,snow covered,0.270190417766571,-7.35301876068115,100.0,458.024688720703
arenacam6_1769615372349314351.png,1769615372349314351,1769615372.3493142,42.300485621619366,-83.69746239622287,237.37686157226562,0.722145257007739,0.6916863781819451,0.004921004181409249,0.007208726421232818,-0.04470000000000001,-0.026690000000000002,0.0038200000000000005,-0.33630000000000004,1.4655,-11.1285,10.663350463102232,23.853275184931906,29.809999465942383,29.739999771118164,29.809999465942383,29.849998474121094,24.205994414540292,24.14915401694584,24.205994414540292,24.23847397797226,24.199904205999673,0.014531716017208887,-1.2000000476837158,0.0,0.0,0.0,0.0,0.0,0.0,snow covered,0.270190417766571,-7.35301876068115,100.0,458.024688720703
arenacam6_1769615372371401764.png,1769615372371401764,1769615372.3714018,42.30048754133878,-83.69746235180222,237.3826446533203,0.7221279924870065,0.6917050762599614,0.004515529667682511,0.007406749267214207,0.0030800000000000003,-0.025880000000000004,-0.011480000000000002,-0.31520000000000004,-2.6308000000000002,-10.5432,10.646086704725551,23.814657193268776,29.779998779296875,29.670000076293945,29.81999969482422,29.889999389648438,24.18163358037781,24.092313619351387,24.214114692594453,24.270955090188902,24.189754245628137,0.015750680319067657,-1.100000023841858,0.0,0.0,0.0,0.0,0.0,0.0,snow covered,0.270190417766571,-7.35301876068115,100.0,458.024688720703
arenacam6_1769615372390652845.png,1769615372390652845,1769615372.390653,42.300489456473166,-83.69746228617709,237.388671875,0.7221148063261529,0.6917156962397669,0.0045509077399569515,0.007674066641586355,-0.043550000000000005,-0.031790000000000006,-0.0036200000000000004,-0.6391,-1.7907000000000002,-10.5777,10.6400002383839,23.801042133250483,29.889999389648438,29.670000076293945,29.67999839782715,29.81999969482422,24.270955090188902,24.092313619351387,24.100432348620874,24.214114692594453,24.169453937688903,0.01547880980907731,-1.100000023841858,0.0,0.0,0.0,0.0,0.0,0.0,snow covered,0.270190417766571,-7.35301876068115,100.0,458.024688720703
arenacam6_1769615372411157425.png,1769615372411157425,1769615372.4111576,42.30049136995476,-83.69746222843506,237.3953094482422,0.722177983672737,0.6916481059169628,0.004229862823042732,0.007997858485613008,0.028630000000000003,-0.025350000000000004,-0.0105,-0.7266,0.029900000000000003,-10.1095,10.61910423042508,23.75429901720708,29.59000015258789,29.65999984741211,29.829999923706055,29.729999542236328,24.027352943702773,24.08419334129723,24.222234970648614,24.14103373889168,24.118703748635074,0.015340580295129977,-1.100000023841858,0.0,0.0,0.0,0.0,0.0,0.0,snow covered,0.270190417766571,-7.35301876068115,100.0,458.024688720703
arenacam6_1769615372430852872.png,1769615372430852872,1769615372.430853,42.30049328337369,-83.69746218404019,237.401611328125,0.722170352908674,0.6916544665454271,0.004196879580970894,0.008152698283665624,-0.02172,-0.019280000000000002,0.00905,-1.0321,-0.5952000000000001,-8.6788,10.603620258277495,23.71966230055126,29.670000076293945,29.56999969482422,29.65999984741211,29.8799991607666,24.092313619351387,24.011112387594455,24.08419334129723,24.262834812134745,24.11261354009445,0.01656647698285562,-1.0,0.0,0.0,0.0,0.0,0.0,0.0,snow covered,0.270190417766571,-7.35301876068115,100.0,458.024688720703
arenacam6_1769615372451873751.png,1769615372451873751,1769615372.4518738,42.300495191186144,-83.69746212012898,237.40798950195312,0.7222438492962343,0.6915769751808145,0.004115243014496154,0.008256774699927697,0.01139,-0.00824,0.006630000000000001,-1.0634000000000001,1.6557000000000002,-8.9374,10.583496289778367,23.674646190456823,29.760000228881836,29.56999969482422,29.869998931884766,29.59000015258789,24.165394573054165,24.011112387594455,24.254714534080584,24.027352943702773,24.114643609607995,0.018585174013224917,-1.0,0.0,0.0,0.0,0.0,0.0,0.0,snow covered,0.270190417766571,-7.35301876068115,100.0,458.024688720703
arenacam6_1769615372472206265.png,1769615372472206265,1769615372.4722064,42.300497097866824,-83.69746206929663,237.41400146484375,0.722226456852681,0.6915962465586708,0.004032421841339088,0.008204653683974645,0.00099,-0.014760000000000002,-0.005550000000000001,-0.5386000000000001,-1.6237000000000001,-9.4069,10.580661327644643,23.66830455026141,29.479999542236328,29.510000228881836,29.739999771118164,29.559999465942383,23.93803143389168,23.962392268054163,24.14915401694584,24.002992109540294,24.013142457107996,0.014569607472909453,-1.0,0.0,0.0,0.0,0.0,0.0,0.0,snow covered,0.270190417766571,-7.35301876068115,100.0,458.024688720703
arenacam6_1769615372492874906.png,1769615372492874906,1769615372.492875,42.30049899946592,-83.69746201109398,237.42005920410156,0.7223628917896325,0.6914538509125537,0.004047812692656938,0.008187785776679439,0.009880000000000002,0.009780000000000002,0.02125,-1.3464,1.6332,-9.1997,10.552111575482737,23.604440467660357,29.56999969482422,29.3799991607666,29.65999984741211,29.59000015258789,24.011112387594455,23.856830202134745,24.08419334129723,24.027352943702773,23.994872218682296,0.016540606059137753,-0.9000000357627869,0.0,0.0,0.0,0.0,0.0,0.0,snow covered,0.270190417766571,-7.35301876068115,100.0,458.024688720703
arenacam6_1769615372513766826.png,1769615372513766826,1769615372.513767,42.300500900304975,-83.69746195028979,237.42559814453125,0.7224057230511595,0.6914148702967917,0.003911150460563213,0.007755729332364202,0.04641000000000001,0.00833,-0.00030000000000000003,-0.42010000000000003,0.4773,-8.649600000000001,10.545481262881674,23.589608856190534,29.67999839782715,29.44999885559082,29.6299991607666,29.53999900817871,24.100432348620874,23.913670599729194,24.059832507134743,23.98675155343197,24.015171752229197,0.018040269282675457,-0.9000000357627869,0.0,0.0,0.0,0.0,0.0,0.0,snow covered,0.270190417766571,-7.35301876068115,100.0,458.024688720703
arenacam6_1769615372534378602.png,1769615372534378602,1769615372.5343785,42.300502797329145,-83.6974618978772,237.4307861328125,0.7224797304296667,0.6913428528841612,0.0037989136060660005,0.007325785942731168,0.032100000000000004,0.030600000000000002,0.015460000000000002,-0.6675,-1.0127000000000002,-9.626100000000001,10.528278952158626,23.55112831924172,29.739999771118164,29.42999839782715,29.619998931884766,29.60999870300293,24.14915401694584,23.897430043620872,24.051712229080582,24.043591951026425,24.03547206016843,0.020565627869769322,-0.9000000357627869,0.0,0.0,0.0,0.0,0.0,0.0,snow covered,0.270190417766571,-7.35301876068115,100.0,458.024688720703
arenacam6_1769615372554958991.png,1769615372554958991,1769615372.554959,42.30050469506767,-83.697461838925,237.43592834472656,0.7225867905247474,0.6912330790008386,0.003911550746542069,0.00706119146620762,0.011170000000000003,0.027080000000000003,0.013470000000000001,-0.6353,0.1165,-9.453000000000001,10.51711276110349,23.526150219822842,29.44999885559082,29.53999900817871,29.56999969482422,29.459999084472656,23.913670599729194,23.98675155343197,24.011112387594455,23.92179087778336,23.958331354634744,0.018370244633044618,-0.9000000357627869,0.0,0.0,0.0,0.0,0.0,0.0,snow covered,0.270190417766571,-7.35301876068115,100.0,458.024688720703
arenacam6_1769615372576265348.png,1769615372576265348,1769615372.5762656,42.30050658805413,-83.69746177907354,237.44076538085938,0.7226979554706296,0.6911184600696155,0.004104314111514182,0.006789249976923644,0.005180000000000001,0.04716000000000001,0.013670000000000002,-0.19460000000000002,0.0587,-9.2019,10.506425237756977,23.502242871348095,29.510000228881836,29.459999084472656,29.6299991607666,29.3799991607666,23.962392268054163,23.92179087778336,24.059832507134743,23.856830202134745,23.950211463776753,0.01906067411867244,-0.800000011920929,0.0,0.0,0.0,0.0,0.0,0.0,snow covered,0.270190417766571,-7.35301876068115,100.0,458.024688720703
arenacam6_1769615372596598495.png,1769615372596598495,1769615372.5965986,42.3005084803529,-83.69746172755357,237.44558715820312,0.7227833007720904,0.6910280556273105,0.0042898032911563785,0.006791468814879883,-0.021560000000000003,0.009240000000000002,0.01736,-0.6587000000000001,0.1159,-9.8854,10.501502151481684,23.491230222735442,29.6299991607666,29.19999885559082,29.56999969482422,29.42999839782715,24.059832507134743,23.710668294729196,24.011112387594455,23.897430043620872,23.919760808269817,0.018242151708156674,-0.800000011920929,0.0,0.0,0.0,0.0,0.0,0.0,snow covered,0.270190417766571,-7.35301876068115,100.0,458.024688720703
arenacam6_1769615372617235872.png,1769615372617235872,1769615372.617236,42.30051037011577,-83.69746167023037,237.4501953125,0.722939541629088,0.6908636361909407,0.0045617020739798005,0.0067116475133880815,-0.008400000000000001,0.034870000000000005,0.019060000000000004,-0.5743,0.7085,-8.8459,10.48534089230414,23.455078455630826,29.479999542236328,29.28999900817871,29.439998626708984,29.34000015258789,23.93803143389168,23.78374924843197,23.905550321675033,23.824350638702775,23.862920410675365,0.01738821534176659,-0.800000011920929,0.0,0.0,0.0,0.0,0.0,0.0,snow covered,0.270190417766571,-7.35301876068115,100.0,458.024688720703
arenacam6_1769615372638963417.png,1769615372638963417,1769615372.6389635,42.30051225860455,-83.69746161331851,237.4547119140625,0.722992474656271,0.690805303867874,0.004793532146991787,0.0068509698562903565,-0.03345,-0.0051,0.011230000000000002,-0.5700000000000001,-0.40290000000000004,-9.756,10.483660784119378,23.451320154428004,29.56999969482422,29.399999618530273,29.3799991607666,29.3799991607666,24.011112387594455,23.873070758243063,23.856830202134745,23.856830202134745,23.89946088752675,0.019109403229656992,-0.800000011920929,0.0,0.0,0.0,0.0,0.0,0.0,snow covered,0.270190417766571,-7.35301876068115,100.0,458.024688720703
arenacam6_1769615372659506888.png,1769615372659506888,1769615372.659507,42.30051414600116,-83.6974615578776,237.45938110351562,0.7231041691402771,0.6906852731711706,0.005045801939222154,0.006982397812009039,-0.020220000000000002,0.006740000000000001,0.0175,-0.1029,1.1772,-10.6471,10.475637733631451,23.43337307186954,29.369998931884766,29.17999839782715,29.389999389648438,29.25,23.848709924080584,23.694427738620874,23.864950480188906,23.751269685,23.78983945697259,0.015211910978832536,-0.800000011920929,0.0,0.0,0.0,0.0,0.0,0.0,snow covered,0.270190417766571,-7.35301876068115,100.0,458.024688720703
arenacam6_1769615372680618991.png,1769615372680618991,1769615372.680619,42.30051603376907,-83.69746150488771,237.4637908935547,0.7231669852677401,0.6906189405228556,0.005019053792092782,0.007056876709190503,-0.0007800000000000001,-0.007260000000000001,0.0030900000000000003,-0.2554,-0.31020000000000003,-10.249500000000001,10.470077520297917,23.420935208255223,29.299999237060547,29.1299991607666,29.34000015258789,29.17999839782715,23.79186952648613,23.653827897134743,23.824350638702775,23.694427738620874,23.741118950236128,0.013670835051371026,-0.699999988079071,0.0,0.0,0.0,0.0,0.0,0.0,snow covered,0.270190417766571,-7.35301876068115,100.0,458.024688720703
arenacam6_1769615372701022052.png,1769615372701022052,1769615372.701022,42.30051791664697,-83.69746144056553,237.46836853027344,0.7232941621817962,0.6904850169649162,0.004986233756553662,0.0071507883214146205,0.012220000000000002,-0.009570000000000002,0.0066900000000000015,-0.42550000000000004,1.4783000000000002,-9.9356,10.44799156613574,23.371530253951683,29.28999900817871,29.099998474121094,29.26999855041504,29.15999984741211,23.78374924843197,23.62946706297226,23.76750869232365,23.678188731297226,23.714728433756274,0.014684454807855959,-0.699999988079071,0.0,0.0,0.0,0.0,0.0,0.0,snow covered,0.270190417766571,-7.35301876068115,100.0,458.024688720703
arenacam6_1769615372720677185.png,1769615372720677185,1769615372.7206771,42.300519798334726,-83.69746137543555,237.4732208251953,0.7233115933147694,0.6904685436232657,0.004862205904947429,0.007063157718337549,0.029810000000000007,-0.00595,0.004620000000000001,-0.22,1.6197000000000001,-10.4231,10.446015901909297,23.367110811616982,29.209999084472656,28.989999771118164,29.19999885559082,29.17999839782715,23.718788572783353,23.54014710194584,23.710668294729196,23.694427738620874,23.666007927019816,0.012791359522899903,-0.699999988079071,0.0,0.0,0.0,0.0,0.0,0.0,snow covered,0.270190417766571,-7.35301876068115,100.0,458.024688720703
arenacam6_1769615372741244166.png,1769615372741244166,1769615372.741244,42.3005216793225,-83.69746131673723,237.47808837890625,0.7233699043269189,0.6904125710736699,0.00430867297024253,0.006920878177270626,0.027530000000000006,-0.02329,0.006240000000000001,-1.2808000000000002,0.5308,-9.854600000000001,10.425217395924445,23.32058580163923,29.17999839782715,28.989999771118164,29.25,29.139999389648438,23.694427738620874,23.54014710194584,23.751269685,23.661948175188904,23.661948175188904,0.014637812980053021,-0.699999988079071,0.0,0.0,0.0,0.0,0.0,0.0,snow covered,0.270190417766571,-7.35301876068115,100.0,458.024688720703
arenacam6_1769615372761959515.png,1769615372761959515,1769615372.7619593,42.300523556340195,-83.69746124530465,237.4829864501953,0.7234178609088782,0.6903651172763899,0.004083118073244137,0.00677727915755159,0.023760000000000003,-0.017310000000000002,0.005510000000000001,-0.42300000000000004,1.0649,-9.5878,10.414462606087938,23.29652798206235,29.1299991607666,29.059999465942383,29.149999618530273,29.059999465942383,23.653827897134743,23.59698749954029,23.670068453243065,23.59698749954029,23.629467837364597,0.014291393788748283,-0.699999988079071,0.0,0.0,0.0,0.0,0.0,0.0,snow covered,0.270190417766571,-7.35301876068115,100.0,458.024688720703
arenacam6_1769615372782636709.png,1769615372782636709,1769615372.782637,42.30052543051248,-83.69746117315904,237.48802185058594,0.7234148466410355,0.6903735100881617,0.0036859189313362805,0.006464536295015754,0.05756000000000001,-0.004920000000000001,-0.0038200000000000005,-0.1744,0.6145,-10.607700000000001,10.404526384509435,23.274301250564537,29.17999839782715,28.989999771118164,29.209999084472656,29.01999855041504,23.694427738620874,23.54014710194584,23.718788572783353,23.56450638732365,23.62946745016843,0.015260015575989772,-0.699999988079071,0.0,0.0,0.0,0.0,0.0,0.0,snow covered,0.270190417766571,-7.35301876068115,100.0,458.024688720703
arenacam6_1769615372803366651.png,1769615372803366651,1769615372.8033667,42.30052730562654,-83.69746110722734,237.49339294433594,0.723388547055911,0.6904039154642643,0.003256805943165901,0.006390361100883251,0.027840000000000004,-0.023350000000000003,-0.0015900000000000003,-0.9271,-0.5589000000000001,-11.2705,10.393828715178477,23.250371206131344,29.029998779296875,28.959999084472656,28.989999771118164,29.029998779296875,23.572626665377808,23.515786267783355,23.54014710194584,23.572626665377808,23.550296675121203,0.012899814215042094,-0.699999988079071,0.0,0.0,0.0,0.0,0.0,0.0,snow covered,0.270190417766571,-7.35301876068115,100.0,458.024688720703
arenacam6_1769615372823970973.png,1769615372823970973,1769615372.823971,42.300529175728215,-83.69746103042701,237.4989776611328,0.7234154988110734,0.6903768383005489,0.0030119672697230594,0.006384768690363286,0.01856,-0.010980000000000002,0.0011900000000000003,-0.7299,1.1395,-10.2788,10.375918664134018,23.21030749654795,29.03999900817871,29.059999465942383,29.059999465942383,28.939998626708984,23.58074694343197,23.59698749954029,23.59698749954029,23.499545711675033,23.568566913546896,0.015435358495454132,-0.699999988079071,0.0,0.0,0.0,0.0,0.0,0.0,snow covered,0.270190417766571,-7.35301876068115,100.0,458.024688720703
arenacam6_1769615372845680078.png,1769615372845680078,1769615372.8456802,42.300531045061675,-83.69746095421328,237.5050048828125,0.7233655741517084,0.6904301224158312,0.002732210312502249,0.006405249397002533,0.01195,-0.026110000000000005,-0.006710000000000001,-0.1971,-0.4244,-10.6552,10.373491051283876,23.204877072258956,28.90999984741211,28.899999618530273,29.1299991607666,29.010000228881836,23.475186426297224,23.467066148243067,23.653827897134743,23.55638765805416,23.5381170324323,0.014360772484837985,-0.699999988079071,0.0,0.0,0.0,0.0,0.0,0.0,snow covered,0.270190417766571,-7.35301876068115,100.0,458.024688720703
arenacam6_1769615372865508576.png,1769615372865508576,1769615372.8655086,42.30053291378999,-83.69746088347496,237.5112762451172,0.7233885203859941,0.6904054671666582,0.002568694412008241,0.0065376822474232455,0.00020000000000000004,-0.0088,0.005750000000000001,-1.3534000000000002,-0.2296,-9.5685,10.350507280101487,23.153463755150224,28.94999885559082,28.869998931884766,29.029998779296875,29.06999969482422,23.507665989729194,23.442705314080584,23.572626665377808,23.605107777594455,23.53202643669551,0.016350153288018497,-0.6000000238418579,0.0,0.0,0.0,0.0,0.0,0.0,snow covered,0.270190417766571,-7.35301876068115,100.0,458.024688720703
arenacam6_1769615372886163041.png,1769615372886163041,1769615372.886163,42.30053663825432,-83.69746074223812,237.52305603027344,0.7233599019811213,0.6904340234717139,0.00266895355214148,0.006647414945685282,-0.018040000000000004,0.009420000000000001,-0.007250000000000001,-1.0451000000000001,-0.5364,-8.51,10.329399611663758,23.10624716731513,28.899999618530273,29.079999923706055,29.079999923706055,29.03999900817871,23.467066148243067,23.613228055648616,23.613228055648616,23.58074694343197,23.56856730074307,0.020008447502540105,-0.6000000238418579,0.0,8.0,0.0,0.0,0.0,0.0,snow covered,0.270190417766571,-7.35301876068115,100.0,458.024688720703
arenacam6_1769615372906860885.png,1769615372906860885,1769615372.9068608,42.30053849985133,-83.69746067123275,237.5289306640625,0.7233593379285179,0.6904303985685355,0.0030195456504297745,0.0069293079145144555,-0.05285000000000001,0.0017400000000000002,0.00393,0.39480000000000004,-0.7659,-8.7888,10.330599323865986,23.10893085152878,28.849998474121094,28.719999313354492,28.899999618530273,28.989999771118164,23.42646475797226,23.32090424083752,23.467066148243067,23.54014710194584,23.43864556224967,0.014267847908639915,-0.5,0.0,84.0,0.0,0.0,0.0,0.0,snow covered,0.270190417766571,-7.35301876068115,100.0,458.024688720703
arenacam6_1769615372928633804.png,1769615372928633804,1769615372.928634,42.30054035652548,-83.69746060323921,237.534423828125,0.7234281240348096,0.6903548590235209,0.003094432706925293,0.0072348092105519205,-0.0066900000000000015,-0.008360000000000001,0.010090000000000002,-1.814,2.1551,-10.0997,10.306446101061114,23.05490154130765,28.849998474121094,28.78999900817871,28.849998474121094,28.8799991607666,23.42646475797226,23.37774463843197,23.42646475797226,23.450825592134745,23.42037493662781,0.01585230779083298,-0.5,0.0,176.0,0.0,0.0,0.0,0.0,snow covered,0.270190417766571,-7.35301876068115,100.0,458.024688720703
arenacam6_1769615372949356751.png,1769615372949356751,1769615372.9493568,42.300542210854836,-83.69746054441275,237.53953552246094,0.7233987705867083,0.6903854357076826,0.0032808687837376747,0.007169712433283035,-0.029220000000000003,0.0066500000000000005,-0.00557,-0.32580000000000003,-2.9429000000000003,-9.6358,10.299442521822813,23.039234954766325,28.719999313354492,28.81999969482422,28.829999923706055,28.920000076293945,23.32090424083752,23.402105472594453,23.410225750648614,23.48330670435139,23.404135542107998,0.01583822501303076,-0.4000000059604645,0.0,264.0,0.0,0.0,0.0,0.0,snow covered,0.270190417766571,-7.35301876068115,100.0,458.024688720703
arenacam6_1769615372990591254.png,1769615372990591254,1769615372.9905913,42.30054591430023,-83.69746040409862,237.54953002929688,0.723517734033487,0.6902560386956782,0.003814506810542476,0.007357929123816919,0.012740000000000001,0.010230000000000003,-0.009010000000000002,-0.26580000000000004,-0.183,-9.6315,10.279236455900765,22.994035197662658,28.75,28.689998626708984,28.78999900817871,28.899999618530273,23.345265075,23.296543406675035,23.37774463843197,23.467066148243067,23.371654817087517,0.016422503322220023,-0.30000001192092896,0.0,464.0,0.0,0.0,0.0,0.0,snow covered,0.270190417766571,-7.35301876068115,100.0,458.024688720703
arenacam6_1769615373010597988.png,1769615373010597988,1769615373.010598,42.300547761854304,-83.69746034273484,237.55421447753906,0.7235628772881502,0.6902073443283027,0.003978188946424625,0.007399895841945024,-0.023180000000000003,0.018510000000000002,0.01378,-1.1589,-0.9278000000000001,-10.0587,10.259251718031035,22.949330538132344,28.81999969482422,28.76999855041504,28.799999237060547,28.739999771118164,23.402105472594453,23.36150408232365,23.38586491648613,23.33714479694584,23.371654817087517,0.01840246617449011,-0.20000000298023224,0.0,588.0,0.0,0.0,0.0,0.0,snow covered,0.270190417766571,-7.35301876068115,100.0,458.024688720703
arenacam6_1769615373030961072.png,1769615373030961072,1769615373.030961,42.30054961196173,-83.69746027404537,237.55868530273438,0.723654615407651,0.6901106146181797,0.004235823158708807,0.0073071877416254006,0.011210000000000001,0.0016400000000000002,0.0029100000000000003,0.23720000000000002,1.6227,-9.3137,10.2575784067683,22.94558744123628,28.5,28.619998931884766,28.69999885559082,28.75,23.142262770000002,23.239703009080582,23.304663684729196,23.345265075,23.257973634702445,0.013614216426848343,-0.10000000149011612,0.0,708.0,0.0,0.0,0.0,0.0,snow covered,0.270190417766571,-7.35301876068115,100.0,458.024688720703
arenacam6_1769615373051653460.png,1769615373051653460,1769615373.0516534,42.300551454766804,-83.69746020667776,237.5632781982422,0.7236725592521526,0.690094925544007,0.004016271261018212,0.0071337429873292125,0.026530000000000005,-0.007130000000000001,0.006530000000000001,-1.9523000000000001,0.23750000000000002,-10.1522,10.231407824213575,22.887045418296314,28.84000015258789,28.619998931884766,28.760000228881836,28.69999885559082,23.418346028702775,23.239703009080582,23.35338535305416,23.304663684729196,23.32902451889168,0.019311321864290916,0.20000000298023224,0.0,792.0,0.0,0.0,0.0,0.0,snow covered,0.270190417766571,-7.35301876068115,100.0,458.024688720703
arenacam6_1769615373072261249.png,1769615373072261249,1769615373.0722613,42.30055329533631,-83.6974601342878,237.56759643554688,0.723698058090453,0.6900729518789699,0.00405305293526632,0.006634347221577796,0.033850000000000005,0.04088000000000001,0.00248,0.0164,0.0437,-8.927800000000001,10.216119930515351,22.85284731736701,28.729999542236328,28.60999870300293,28.689998626708984,28.619998931884766,23.32902451889168,23.23158273102642,23.296543406675035,23.239703009080582,23.27421341641843,0.01843823192794018,0.30000001192092896,0.0,908.0,0.0,0.0,0.0,0.0,snow covered,0.270190417766571,-7.35301876068115,100.0,458.024688720703
arenacam6_1769615373092938077.png,1769615373092938077,1769615373.092938,42.30055513961195,-83.69746006016192,237.5721435546875,0.7237215252676642,0.6900506937875772,0.003896636621159597,0.006481519156148821,0.019440000000000006,-0.019110000000000002,0.00202,0.2722,0.5232,-10.696900000000001,10.229168285875753,22.88203570540691,28.389999389648438,28.420000076293945,28.689998626708984,28.579999923706055,23.052941260188906,23.07730209435139,23.296543406675035,23.207223445648616,23.15850255171599,0.012082266187695572,0.6000000238418579,0.0,1048.0,0.0,0.0,0.0,0.0,snow covered,0.270190417766571,-7.35301876068115,100.0,458.024688720703
arenacam6_1769615373113921559.png,1769615373113921559,1769615373.1139216,42.30055697439326,-83.69745998678769,237.5766143798828,0.7237303565351009,0.6900444561351897,0.0036487143164955086,0.006301307047161057,0.03533000000000001,0.01289,0.0018800000000000004,-2.5549,0.7519,-10.7303,10.18355659897708,22.780005098515794,28.579999923706055,28.489999771118164,28.579999923706055,28.43000030517578,23.207223445648616,23.13414249194584,23.207223445648616,23.08542237240555,23.158502938912154,0.016615353629618832,0.800000011920929,0.0,1180.0,56.0,0.0,0.0,0.0,snow covered,0.270190417766571,-7.35301876068115,100.0,458.024688720703
arenacam6_1769615373134382874.png,1769615373134382874,1769615373.134383,42.300558806668434,-83.69745991195839,237.581298828125,0.7237290803975942,0.6900488382260487,0.00363658268517304,0.005966097225729521,0.018380000000000004,0.00858,0.0018000000000000004,-0.1549,-0.0517,-9.2673,10.171179580732302,22.752318451323315,28.369998931884766,28.35999870300293,28.5,28.349998474121094,23.03670070408058,23.02858042602642,23.142262770000002,23.020460147972262,23.057001012019814,0.013391275326439437,0.9000000357627869,0.0,1272.0,128.0,0.0,0.0,0.0,snow covered,0.270190417766571,-7.35301876068115,100.0,458.024688720703
arenacam6_1769615373155317059.png,1769615373155317059,1769615373.155317,42.30056063759395,-83.69745983769175,237.58636474609375,0.7237254798374191,0.6900522630129527,0.003605850031896288,0.006025113305792212,-0.01226,-0.010700000000000001,-0.00022000000000000003,-1.2655,-0.9962000000000001,-10.931000000000001,10.155733441915558,22.71776636555859,28.19999885559082,28.369998931884766,28.469999313354492,28.279998779296875,22.898659074729196,23.03670070408058,23.117901935837516,22.96361975037781,23.004220366256277,0.012609250226816686,1.100000023841858,0.0,1400.0,252.0,0.0,0.0,0.0,snow covered,0.270190417766571,-7.35301876068115,100.0,458.024688720703
arenacam6_1769615373176337071.png,1769615373176337071,1769615373.1763372,42.300562463236965,-83.6974597695765,237.5915985107422,0.7237542013333143,0.6900176593988806,0.003849681728380224,0.0063769679830663496,-0.04918000000000001,-0.0074600000000000005,0.004600000000000001,-1.7194,-0.2025,-11.184700000000001,10.123611791535813,22.645912160958122,28.19999885559082,28.170000076293945,28.389999389648438,28.389999389648438,22.898659074729196,22.874299789351387,23.052941260188906,23.052941260188906,22.969710346114596,0.014298306151461014,1.0,0.0,1568.0,336.0,0.0,0.0,0.0,snow covered,0.270190417766571,-7.35301876068115,100.0,458.024688720703
arenacam6_1769615373196808520.png,1769615373196808520,1769615373.1968083,42.30056428371256,-83.6974597012106,237.59716796875,0.7237816855983853,0.6899844088101446,0.004153532036075063,0.006658480524936733,-0.03758000000000001,0.00417,0.00506,-0.6793,0.3809,-8.9354,10.104776098555243,22.60377784590217,28.06999969482422,28.229999542236328,28.229999542236328,28.19999885559082,22.79309855759445,22.923019908891682,22.923019908891682,22.898659074729196,22.884449362526755,0.012417018010795457,0.9000000357627869,0.0,1656.0,340.0,0.0,0.0,0.0,snow covered,0.270190417766571,-7.35301876068115,100.0,458.024688720703
arenacam6_1769615373218254939.png,1769615373218254939,1769615373.2182548,42.300566102673855,-83.69745963979555,237.60275268554688,0.7237559730960008,0.6900056607445871,0.004405102705405407,0.007076342165403906,-0.055940000000000004,-0.017510000000000005,-0.0039700000000000004,-1.7562,-0.9622,-9.5482,10.078899424083692,22.545893277709776,28.119998931884766,27.899999618530273,28.170000076293945,28.209999084472656,22.833698399080582,22.655056928243066,22.874299789351387,22.906779352783357,22.817458617364597,0.012045002445004312,0.9000000357627869,0.0,1828.0,484.0,0.0,0.0,0.0,snow covered,0.270190417766571,-7.35301876068115,100.0,458.024688720703
arenacam6_1769615373239046206.png,1769615373239046206,1769615373.239046,42.30056791380826,-83.69745957702338,237.60836791992188,0.7237856002595325,0.689967098028486,0.0048144987756275764,0.007525230670026955,-0.05987000000000001,0.00305,0.007320000000000001,-1.8107,0.2632,-11.2512,10.03535945887871,22.448496987944143,27.779998779296875,27.779998779296875,27.959999084472656,28.010000228881836,22.557615140377806,22.557615140377806,22.703777047783355,22.74437843805416,22.64084644164828,0.008568478050331656,0.800000011920929,0.0,1988.0,604.0,0.0,0.0,0.0,snow covered,0.270190417766571,-7.35301876068115,100.0,458.024688720703
arenacam6_1769615373260781256.png,1769615373260781256,1769615373.2607813,42.30056971700462,-83.69745951353073,237.61456298828125,0.7238038213574995,0.689938551002148,0.00511398376459678,0.008165243376205682,-0.032420000000000004,-0.01685,0.0017100000000000001,-1.9798,0.36110000000000003,-9.7326,10.008141754585301,22.387612616502047,27.219999313354492,27.34000015258789,27.75,27.899999618530273,22.102890410837517,22.200332198702775,22.533255855,22.655056928243066,22.37288384819584,0.0006578981224353238,0.800000011920929,0.0,2044.0,744.0,0.0,0.0,0.0,snow covered,0.270190417766571,-7.35301876068115,100.0,458.024688720703
arenacam6_1769615373280649520.png,1769615373280649520,1769615373.2806494,42.30057151683011,-83.69745945377123,237.62037658691406,0.7237997590060075,0.6899407289456237,0.005162899301410371,0.00830926444580411,-0.027900000000000005,-0.012730000000000002,-0.00022000000000000003,-2.3813,-0.6441,-9.4852,9.965298016685066,22.291773745443493,26.44999885559082,26.849998474121094,27.599998474121094,27.75,21.477642939729197,21.80244631797226,22.41145323297226,22.533255855,22.05619958641843,0.010567761978708184,0.800000011920929,0.0,2208.0,928.0,0.0,0.0,0.0,snow covered,0.270190417766571,-7.35301876068115,100.0,458.024688720703
arenacam6_1769615373300937313.png,1769615373300937313,1769615373.3009372,42.30057330718844,-83.69745939279017,237.6266632080078,0.7238421412484303,0.689887910936269,0.005262252429311794,0.008918161035116366,-0.01831,-0.01565,0.0038700000000000006,-2.6553,1.1838,-10.1792,9.886194114099377,22.114823061593462,25.93000030517578,26.399999618530273,27.44999885559082,27.56999969482422,21.05539932240555,21.437043098243066,22.289652159729197,22.38709394759445,21.792297131993067,0.014584151485277867,0.800000011920929,0.0,2332.0,1140.0,0.0,0.0,0.0,snow covered,0.270190417766571,-7.35301876068115,100.0,458.024688720703
arenacam6_1769615373320841427.png,1769615373320841427,1769615373.3208416,42.300575086519686,-83.69745933009274,237.63302612304688,0.7238345671048914,0.6898951244548849,0.005266343766302436,0.008972309668563092,-0.00837,-0.006840000000000001,-0.00222,-1.8911,-0.1575,-9.3579,9.86780414921972,22.073685813555564,24.239999771118164,25.639999389648438,27.219999313354492,27.299999237060547,19.68310330694584,20.819915905188903,22.102890410837517,22.16785108648613,21.1934401773646,0.03987760103255615,0.699999988079071,0.0,2424.0,1212.0,0.0,0.0,0.0,snow covered,0.270190417766571,-7.35301876068115,100.0,458.024688720703
arenacam6_1769615373341306834.png,1769615373341306834,1769615373.341307,42.30057686629291,-83.69745927224682,237.6391143798828,0.7238985913180151,0.6898178587877662,0.005207042583154999,0.009748738010210235,-0.03927,-0.06067000000000001,0.010820000000000001,-3.0878,1.7016,-10.423,9.804093656557768,21.931169264100337,23.049999237060547,24.619998931884766,27.219999313354492,27.219999313354492,18.716811901486132,19.99166612908058,22.102890410837517,22.102890410837517,20.728564713060436,0.05483540510575847,0.800000011920929,0.0,2572.0,1336.0,0.0,0.0,0.0,snow covered,0.270190417766571,-7.35301876068115,100.0,458.024688720703
arenacam6_1769615373362224875.png,1769615373362224875,1769615373.3622248,42.3005786307303,-83.6974592088616,237.64544677734375,0.7238500332914437,0.6898669395982738,0.004943096091253802,0.010015026426331406,0.00816,-0.026080000000000002,-0.016180000000000003,-2.8268,0.1501,-10.9877,9.740667714701814,21.78928923772508,22.69999885559082,22.94999885559082,26.809999465942383,27.010000228881836,18.432608364729198,18.635610669729196,21.76996675454029,21.932369218054163,20.192638751763212,0.07327685031586491,0.9000000357627869,0.0,2696.0,1380.0,1.0,0.0,0.0,snow covered,0.270190417766571,-7.35301876068115,100.0,458.024688720703
arenacam6_1769615373382659745.png,1769615373382659745,1769615373.38266,42.30058038357233,-83.69745914551986,237.6522216796875,0.7238376359356623,0.6898765248022944,0.00477585301995402,0.01032707885669811,-0.014220000000000002,-0.04626,0.00461,-2.8894,1.7864,-8.3114,9.692451859546688,21.68143326269437,23.889999389648438,20.729999542236328,26.619998931884766,26.90999984741211,19.398899770188905,16.83295075889168,21.61568456908058,21.851167986297227,19.9246757711146,0.08102589299769639,1.100000023841858,0.0,2768.0,1324.0,1.0,0.0,0.0,snow covered,0.270190417766571,-7.35301876068115,100.0,458.024688720703
arenacam6_1769615373403368420.png,1769615373403368420,1769615373.4033685,42.30058213299456,-83.69745907092492,237.65818786621094,0.7238049841965197,0.6899153748519972,0.004216635618221991,0.01026354613021823,0.06505000000000001,-0.03979,-0.007850000000000001,-2.5986000000000002,2.2932,-8.0858,9.638902958892656,21.561647584865337,24.5,20.279998779296875,27.03999900817871,26.969999313354492,19.89422589,16.467545990377808,21.95672850343197,21.899888105837515,20.054597122411824,0.06989495846835703,0.800000011920929,0.0,2784.0,1096.0,1.0,0.0,0.0,snow covered,0.270190417766571,-7.35301876068115,100.0,458.024688720703
arenacam6_1769615373424073936.png,1769615373424073936,1769615373.424074,42.30058386924807,-83.69745900117522,237.66412353515625,0.7236359428289442,0.6900996564015516,0.003510747004071857,0.01005788924174039,0.05282000000000001,-0.03153,-0.027900000000000005,-2.4077,-0.8560000000000001,-9.713700000000001,9.584975205937146,21.44101443716904,24.209999084472656,21.399999618530273,26.729999542236328,26.94999885559082,19.658742472783356,17.376996998243065,21.705006078891678,21.883647549729197,20.156098274911823,0.0599279556488593,0.6000000238418579,0.0,2836.0,984.0,1.0,0.0,0.0,snow covered,0.270190417766571,-7.35301876068115,100.0,458.024688720703
arenacam6_1769615373444865714.png,1769615373444865714,1769615373.4448657,42.300585592255786,-83.69745892902407,237.6696319580078,0.723521023674559,0.6902226538911538,0.0032278097370702563,0.009979859752123793,0.02202,0.0016200000000000001,-0.008760000000000002,-2.7585,0.6257,-8.777000000000001,9.5310533062566,21.320394382897643,24.029998779296875,22.78999900817871,26.729999542236328,26.729999542236328,19.51258056537781,18.50568931843197,21.705006078891678,21.705006078891678,20.357070510398284,0.045183210741734606,0.5,0.0,2860.0,1016.0,1.0,0.0,0.0,snow covered,0.270190417766571,-7.35301876068115,100.0,458.024688720703
arenacam6_1769615373465579884.png,1769615373465579884,1769615373.4655797,42.30058731336323,-83.69745884651333,237.6746368408203,0.723400134765085,0.6903550075621319,0.002914793132623814,0.009680523577776925,0.05133000000000001,0.0009200000000000001,-0.025890000000000003,-2.4969,1.3547,-7.533600000000001,9.48561565601283,21.218753085561342,24.260000228881836,24.65999984741211,26.529998779296875,26.53999900817871,19.69934386305416,20.024147241297225,21.542603615377807,21.550723893431968,20.70420465329029,0.024249701676447022,0.30000001192092896,0.0,2924.0,1192.0,1.0,0.0,0.0,snow covered,0.270190417766571,-7.35301876068115,100.0,458.024688720703
arenacam6_1769615373486196253.png,1769615373486196253,1769615373.4861963,42.30059071769622,-83.69745870531351,237.68336486816406,0.7231900399682422,0.690580823644763,0.0026971118662140682,0.009328327418897194,0.030760000000000003,0.009470000000000001,-0.031630000000000005,-3.1852,-1.4648,-8.9587,9.43029467648477,21.095003373615842,24.51999855041504,25.899999618530273,26.369998931884766,26.420000076293945,19.910464897323646,21.031038488243063,21.412682264080583,21.453283654351388,20.95186732599967,0.006785305746629806,0.0,0.0,2952.0,1192.0,1.0,0.0,0.0,snow covered,0.270190417766571,-7.35301876068115,100.0,458.024688720703
arenacam6_1769615373506940734.png,1769615373506940734,1769615373.5069406,42.300592415048875,-83.69745862603614,237.6875,0.7230303272193399,0.6907459038273814,0.0030656716939683917,0.00937250894120709,-0.04589000000000001,0.011980000000000001,-0.020870000000000003,-1.6349,-0.457,-10.3711,9.393577441198117,21.012869121313717,24.439998626708984,25.869998931884766,26.059999465942383,26.40999984741211,19.845504221675036,21.006677654080583,21.160959839540293,21.445163376297227,20.864576272898287,0.007057239425957972,-0.10000000149011612,0.0,2968.0,1276.0,1.0,0.0,0.0,snow covered,0.270190417766571,-7.35301876068115,100.0,458.024688720703
arenacam6_1769615373528460315.png,1769615373528460315,1769615373.5284603,42.30059410034425,-83.69745856034162,237.69174194335938,0.7228561713501505,0.690926467823083,0.003329639633321786,0.009406652031011301,-0.004600000000000001,0.015540000000000003,-0.026410000000000006,-1.9737,1.5087000000000002,-10.3071,9.355613748875408,20.927946619409358,23.65999984741211,25.85999870300293,25.979999542236328,26.34000015258789,19.212138021297225,20.998557376026422,21.09599916389168,21.388322978702774,20.673754384979524,0.012146066647268977,-0.20000000298023224,0.0,3000.0,1348.0,1.0,0.0,0.0,snow covered,0.270190417766571,-7.35301876068115,100.0,458.024688720703
arenacam6_1769615373549960149.png,1769615373549960149,1769615373.5499601,42.300595777034246,-83.69745849988426,237.6960906982422,0.7226540090045432,0.6911375396506753,0.0035357319740015117,0.009358587216069287,-0.02491,0.0159,-0.028470000000000002,-1.6899000000000002,-2.0991,-10.036000000000001,9.321363998302711,20.85133198236327,21.049999237060547,25.489999771118164,25.959999084472656,26.279998779296875,17.092793461486128,20.69811483194584,21.079758607783358,21.33960131037781,20.052567052898283,0.03830762131362199,-0.20000000298023224,0.0,3024.0,1552.0,1.0,0.0,0.0,snow covered,0.270190417766571,-7.35301876068115,100.0,458.024688720703
arenacam6_1769615373570375049.png,1769615373570375049,1769615373.5703752,42.30059745298218,-83.6974584315316,237.70050048828125,0.7225502518932931,0.6912392961151651,0.004076700523428636,0.009630654598325001,-0.061090000000000005,0.025160000000000002,-0.009900000000000003,-1.7321,-0.6092000000000001,-9.4328,9.284837585488592,20.769624588482852,19.94999885559082,25.3799991607666,25.959999084472656,26.059999465942383,16.199583009729196,20.608793322134744,21.079758607783358,21.160959839540293,19.7622736947969,0.04850116040347439,-0.10000000149011612,0.0,3024.0,1368.0,1.0,0.0,0.0,snow covered,0.270190417766571,-7.35301876068115,100.0,458.024688720703
arenacam6_1769615373590560490.png,1769615373590560490,1769615373.5905604,42.30059911855149,-83.69745837542679,237.7047576904297,0.7224276656521927,0.6913578282270976,0.004691911228438183,0.01003031497306719,-0.03847000000000001,0.007420000000000001,-0.011500000000000002,-2.18,0.28040000000000004,-10.0502,9.248519174817712,20.688382482916733,21.799999237060547,25.43000030517578,25.670000076293945,25.979999542236328,17.70180037648613,20.64939471240555,20.84427673935139,21.09599916389168,20.072867748033687,0.02975170897924487,0.5,0.0,3024.0,1308.0,1.0,0.0,0.0,snow covered,0.270190417766571,-7.35301876068115,100.0,458.024688720703
arenacam6_1769615373610542123.png,1769615373610542123,1769615373.610542,42.30060077486202,-83.69745832207965,237.70933532714844,0.7223828832818149,0.6914030855014984,0.004881764170426349,0.010045480528269408,-0.028510000000000004,0.025730000000000003,-0.012290000000000002,-2.244,-0.1322,-10.068900000000001,9.205855001168368,20.592945286313572,24.85999870300293,24.779998779296875,25.59000015258789,25.829999923706055,20.18654815602642,20.12158748037781,20.779316063702773,20.974198090648613,20.515412447688902,0.0037650194057573458,1.0,0.0,3024.0,1392.0,1.0,0.0,0.0,snow covered,0.270190417766571,-7.35301876068115,100.0,458.024688720703
arenacam6_1769615373631121541.png,1769615373631121541,1769615373.6311216,42.30060243151261,-83.69745826992413,237.71380615234375,0.7223146636262104,0.6914703118640957,0.0051708527275979655,0.01017825148020507,-0.031630000000000005,0.0164,-0.008380000000000002,-1.8522,-1.1196000000000002,-10.1384,9.16947370191785,20.51156250276812,25.459999084472656,24.439998626708984,25.19999885559082,25.760000228881836,20.673753997783358,19.845504221675036,20.462631414729195,20.917357693054164,20.474811831810438,0.0017917050908588992,1.100000023841858,0.0,3024.0,1524.0,1.0,0.0,0.0,snow covered,0.270190417766571,-7.35301876068115,100.0,458.024688720703
arenacam6_1769615373651806070.png,1769615373651806070,1769615373.6518059,42.300604078360216,-83.69745821972109,237.71815490722656,0.7223799953742444,0.6913976520837719,0.005501660436371158,0.01030343188441369,-0.012290000000000002,-0.006270000000000001,0.010820000000000001,-1.7695,1.1268,-9.2692,9.129540908193025,20.422235239173308,24.51999855041504,23.60999870300293,25.299999237060547,25.639999389648438,19.910464897323646,19.17153663102642,20.54383264648613,20.819915905188903,20.111437520006273,0.01521859461156689,1.3000000715255737,0.0,3024.0,1764.0,1.0,0.0,0.0,snow covered,0.270190417766571,-7.35301876068115,100.0,458.024688720703
arenacam6_1769615373672630448.png,1769615373672630448,1769615373.6726305,42.30060571258061,-83.69745816753375,237.72259521484375,0.7223355414492668,0.691446493350206,0.005445109185062816,0.01017168515344837,0.01581,0.019550000000000005,-0.00923,-3.107,0.043300000000000005,-10.026,9.065367051995391,20.278682173290573,23.56999969482422,22.40999984741211,25.35999870300293,25.599998474121094,19.13905706759445,18.197126496297226,20.59255276602642,20.78743479297226,19.67904278072259,0.02956993888674775,1.5,0.0,3024.0,1896.0,1.0,0.0,0.0,snow covered,0.270190417766571,-7.35301876068115,100.0,458.024688720703
arenacam6_1769615373693190749.png,1769615373693190749,1769615373.6931906,42.30060735240971,-83.69745811584771,237.72698974609375,0.7222927526780472,0.691491854531005,0.0054628509409496125,0.01011690692047991,0.005920000000000001,-0.006630000000000001,-0.0036800000000000005,-1.6580000000000001,1.7144000000000001,-9.623700000000001,9.034634036952024,20.209934262619463,22.809999465942383,22.219999313354492,25.31999969482422,25.439998626708984,18.52192987454029,18.042844310837516,20.560073202594452,20.657513441675032,19.445590207411822,0.037820214814918054,1.2000000476837158,0.0,3024.0,1896.0,1.0,0.0,0.0,snow covered,0.270190417766571,-7.35301876068115,100.0,458.024688720703
arenacam6_1769615373713927667.png,1769615373713927667,1769615373.7139277,42.30060897535504,-83.69745805952063,237.7313232421875,0.722226050224118,0.6915701151265624,0.005002701794542054,0.00976120977430578,0.07045000000000001,-0.004070000000000001,-0.018800000000000004,-2.0802,1.066,-9.8353,8.991301238471362,20.113001392386128,22.549999237060547,23.85999870300293,25.149999618530273,25.31999969482422,18.31080729148613,19.374538936026422,20.422031573243064,20.560073202594452,19.666862750837517,0.02218160446791889,0.800000011920929,0.0,3024.0,1872.0,1.0,0.0,0.0,snow covered,0.270190417766571,-7.35301876068115,100.0,458.024688720703
arenacam6_1769615373734626618.png,1769615373734626618,1769615373.7346265,42.30061058847673,-83.69745799961673,237.73582458496094,0.7220597183362011,0.6917493028476764,0.004631915509884656,0.009550420132587502,0.030390000000000004,-0.011730000000000003,-0.01998,-2.5771,0.3216,-9.6784,8.950402723148551,20.02151386751992,22.799999237060547,24.81999969482422,24.889999389648438,25.28999900817871,18.513809596486134,20.154068592594456,20.210908990188905,20.53571236843197,19.853624886925367,0.008385428879427238,0.20000000298023224,0.0,3024.0,1908.0,1.0,0.0,0.0,snow covered,0.270190417766571,-7.35301876068115,100.0,458.024688720703
arenacam6_1769615373755150679.png,1769615373755150679,1769615373.7551506,42.300612202662535,-83.69745793116091,237.7404022216797,0.7219229222681814,0.6918965272318216,0.004311849128012471,0.009375386147338476,0.0374,-0.025950000000000004,-0.024110000000000003,-0.7451,1.2639,-10.4784,8.928457420537,19.97242354229604,20.1299991607666,24.439998626708984,24.76999855041504,24.93000030517578,16.34574491713474,19.845504221675036,20.113467202323648,20.24339010240555,19.137026610884746,0.04182751931142227,-1.100000023841858,0.0,3024.0,2184.0,1.0,0.0,0.0,snow covered,0.270190417766571,-7.35301876068115,100.0,458.024688720703
arenacam6_1769615373776119085.png,1769615373776119085,1769615373.776119,42.30061380590555,-83.69745787259001,237.74508666992188,0.7216616645389398,0.6921720468978799,0.0038101540983975345,0.009369213085024869,0.029150000000000006,-0.03676000000000001,-0.03721000000000001,-1.8255000000000001,-1.6654,-11.126100000000001,8.890434412631357,19.88736835499159,13.239999771118164,24.649999618530273,24.579999923706055,24.93000030517578,10.751001886945838,20.016026963243064,19.959186565648615,20.24339010240555,17.742401379560768,0.10785574728354899,-3.299999952316284,0.0,3024.0,1908.0,1.0,0.0,0.0,snow covered,0.270190417766571,-7.35301876068115,100.0,458.024688720703
arenacam6_1769615373796668787.png,1769615373796668787,1769615373.7966688,42.30061540318604,-83.69745781785261,237.7500457763672,0.7215504423688223,0.6922848250612514,0.0038445881861364473,0.009586409596334208,-0.03449000000000001,-0.007150000000000001,-0.005390000000000001,-1.1596,-0.2911,-9.2399,8.86179007796459,19.823292697002113,9.269999504089355,25.029998779296875,24.51999855041504,24.779998779296875,7.527325066715985,20.32458978537781,19.910464897323646,20.12158748037781,16.97099180744881,0.14388633276774734,-3.799999952316284,0.0,3032.0,1768.0,1.0,0.0,0.0,snow covered,0.270190417766571,-7.35301876068115,100.0,458.024688720703
arenacam6_1769615373818311769.png,1769615373818311769,1769615373.8183117,42.300617000276404,-83.69745775184316,237.75466918945312,0.7213555782278631,0.6924816704894173,0.003878807422915291,0.01001102635632556,-0.02528,-0.030310000000000004,-0.03876,-2.4878,0.9986,-8.6959,8.827949790573447,19.747594004525368,8.399999618530273,24.10999870300293,24.619998931884766,24.670000076293945,6.820877138243064,19.57754124102642,19.99166612908058,20.03226751935139,16.605588006925366,0.1591082942499212,-4.400000095367432,0.0,3032.0,1632.0,1.0,0.0,0.0,snow covered,0.270190417766571,-7.35301876068115,100.0,458.024688720703
arenacam6_1769615373838897579.png,1769615373838897579,1769615373.8388977,42.30061858420153,-83.69745770006493,237.75924682617188,0.721215420440154,0.6926249003585695,0.0038769554412367434,0.010199702893733321,-0.015170000000000001,-0.01182,-0.012420000000000002,-3.0904000000000003,-1.2271,-10.7217,8.762005506067924,19.600080596743584,9.469999313354492,23.6299991607666,24.34000015258789,24.689998626708984,7.689726755837517,19.187777187134742,19.764304538702774,20.048506526675034,16.672578752087517,0.1493617248258893,-4.400000095367432,0.0,3040.0,1608.0,1.0,0.0,0.0,snow covered,0.270190417766571,-7.35301876068115,100.0,458.024688720703
arenacam6_1769615373880557262.png,1769615373880557262,1769615373.8805573,42.300621725164945,-83.69745758850318,237.76820373535156,0.7209824560597572,0.6928607145014636,0.00413005809326986,0.01054850580449787,0.00158,0.00256,-0.016950000000000003,-2.4149000000000003,0.00030000000000000003,-8.5061,8.66597168796864,19.38525870768457,15.089999198913574,21.15999984741211,23.56999969482422,24.260000228881836,12.253218479310437,17.182114971297228,19.13905706759445,19.69934386305416,17.06843359531407,0.11951478942357793,-4.599999904632568,0.0,3040.0,1684.0,1.0,0.0,0.0,snow/ice covered,0.225122511386871,-8.10104942321777,100.0,521.708862304688
arenacam6_1769615373901027018.png,1769615373901027018,1769615373.901027,42.300623281174836,-83.69745754220395,237.7727508544922,0.7208971456185884,0.6929454547309863,0.004248327164216229,0.010763546020888078,-0.02406,0.01264,-0.009340000000000003,-3.2373000000000003,0.6102000000000001,-10.5946,8.5777238332063,19.187853551452502,18.869998931884766,22.31999969482422,22.779998779296875,24.18000030517578,15.322613114080582,18.12404554259445,18.497569040377808,19.63438318740555,17.894652721114596,0.06739684701418891,-4.200000286102295,0.0,3040.0,1532.0,1.0,0.0,0.0,snow/ice covered,0.225122511386871,-8.10104942321777,100.0,521.708862304688
arenacam6_1769615373920694971.png,1769615373920694971,1769615373.920695,42.300624823001364,-83.69745748911224,237.77735900878906,0.7207810488961816,0.6930676787324659,0.004352911650645828,0.010626589701006026,0.014330000000000002,0.023270000000000002,-0.01574,-1.7437,1.4475,-9.9199,8.549803188162159,19.12539674372746,22.53999900817871,23.119998931884766,22.84000015258789,24.029998779296875,18.302687013431967,18.77365229908058,18.546290708702777,19.51258056537781,18.783802646648283,0.0178607587417087,-4.200000286102295,0.0,3040.0,1484.0,1.0,0.0,0.0,snow/ice covered,0.225122511386871,-8.10104942321777,100.0,521.708862304688
arenacam6_1769615373941372090.png,1769615373941372090,1769615373.9413722,42.30062636824808,-83.69745743931551,237.7818603515625,0.7206440677998973,0.693210336198283,0.004135045346717753,0.010698538809631926,0.0029000000000000007,-0.031970000000000005,-0.01648,-2.4025000000000003,-0.6675,-11.4364,8.502127030937451,19.018748040585223,22.709999084472656,22.35999870300293,23.760000228881836,23.869998931884766,18.440728642783355,18.15652510602642,19.29333925305416,19.382659214080583,18.81831305398613,0.01053881076563882,-4.200000286102295,0.0,3048.0,1936.0,1.0,0.0,0.0,snow/ice covered,0.225122511386871,-8.10104942321777,100.0,521.708862304688
arenacam6_1769615373962059697.png,1769615373962059697,1769615373.9620597,42.30062789603368,-83.69745739056575,237.7869110107422,0.720572370985105,0.6932859532904678,0.00408339154768738,0.010647584538280939,0.007180000000000001,0.015440000000000002,-0.014420000000000002,-2.9358,-0.2723,-9.8566,8.434430114945824,18.867314101326915,22.0,22.40999984741211,23.53999900817871,23.850000381469727,17.86420284,18.197126496297226,19.11469623343197,19.366420206756935,18.635611444121533,0.012280638142823232,-4.5,0.0,3056.0,2052.0,1.0,0.0,0.0,snow/ice covered,0.225122511386871,-8.10104942321777,100.0,521.708862304688
arenacam6_1769615373982760081.png,1769615373982760081,1769615373.9827602,42.3006294138705,-83.69745734020951,237.79220581054688,0.7204621776643806,0.6934013799207599,0.004000395674805389,0.010619496858581302,0.017200000000000003,-0.007410000000000001,-0.013600000000000001,-2.1185,1.8671,-8.7141,8.396396479097321,18.78223513995196,21.399999618530273,23.309999465942383,23.420000076293945,23.649999618530273,17.376996998243065,18.92793448454029,19.017255994351387,19.204017743243067,18.631551305094455,0.00802267854356614,-4.900000095367432,0.0,3064.0,2052.0,1.0,0.0,0.0,snow/ice covered,0.225122511386871,-8.10104942321777,100.0,521.708862304688
arenacam6_1769615374003590985.png,1769615374003590985,1769615374.0035908,42.30063093200308,-83.69745728611238,237.7974853515625,0.7203167291633703,0.6935554540079062,0.003636432765433009,0.010555484830802807,0.024280000000000003,-0.036430000000000004,-0.026770000000000006,-2.0068,-0.5363,-9.6599,8.366035581428264,18.71431963352014,21.15999984741211,23.049999237060547,23.19999885559082,23.5,17.182114971297228,18.716811901486132,18.838612974729198,19.08221667,18.45493912937814,0.013860001817934753,-5.0,0.0,3108.0,2144.0,1.0,0.0,0.0,snow/ice covered,0.225122511386871,-8.10104942321777,100.0,521.708862304688
arenacam6_1769615374024210921.png,1769615374024210921,1769615374.024211,42.30063243636113,-83.6974572381611,237.80247497558594,0.720188928632991,0.6936894438925175,0.003428955560081479,0.01054062475951705,0.020610000000000003,-0.011610000000000002,-0.015090000000000003,-3.1983,0.8468,-10.075700000000001,8.301616557377846,18.5702181418608,20.489999771118164,21.68000030517578,23.10999870300293,23.479999542236328,16.63806873194584,17.60436013740555,18.76553202102642,19.065976113891676,18.01848425106737,0.02971068441838687,-5.300000190734863,0.0,3116.0,2244.0,1.0,0.0,0.0,snow/ice covered,0.225122511386871,-8.10104942321777,100.0,521.708862304688
arenacam6_1769615374044943271.png,1769615374044943271,1769615374.0449433,42.30063392958881,-83.69745718275874,237.807373046875,0.720050023414748,0.6938387544865917,0.002998971744710427,0.010332120856361994,0.05075,-0.028130000000000006,-0.025550000000000003,-1.0411000000000001,0.3129,-9.568100000000001,8.272242398098637,18.504509910002767,19.369998931884766,19.889999389648438,22.850000381469727,23.239999771118164,15.728617724080582,16.150862890188904,18.55441098675694,18.871094086945842,17.326246421993066,0.06367439579541533,-5.599999904632568,0.0,3116.0,2372.0,1.0,0.0,0.0,snow/ice covered,0.225122511386871,-8.10104942321777,100.0,521.708862304688
arenacam6_1769615374065767644.png,1769615374065767644,1769615374.0657678,42.30063690144075,-83.69745706916129,237.81626892089844,0.7198607208935498,0.6940399836707356,0.0024709197965947704,0.010145843301695066,0.05022000000000001,-0.0063300000000000006,-0.022350000000000005,-3.9058,0.7715000000000001,-8.786100000000001,8.207944036195446,18.360678332327044,20.489999771118164,18.959999084472656,22.739999771118164,23.18000030517578,16.63806873194584,15.395694067783356,18.46508947694584,18.822373967405547,17.330306561020144,0.05611839348510115,-5.599999904632568,0.0,3116.0,1836.0,1.0,0.0,0.0,snow/ice covered,0.225122511386871,-8.10104942321777,100.0,521.708862304688
arenacam6_1769615374086334020.png,1769615374086334020,1769615374.086334,42.3006383624795,-83.69745700660006,237.81951904296875,0.7196857920402999,0.6942311817403554,0.0021033369981688535,0.009539549684746268,0.07322000000000001,0.030080000000000006,-0.025570000000000002,-3.4287,0.0952,-8.0135,8.134015049955963,18.195303625848492,23.03999900817871,20.56999969482422,22.899999618530273,22.920000076293945,18.70869162343197,16.703029407594453,18.595010828243066,18.611251384351387,18.15449581090522,0.0022427663633652695,-6.400000095367432,0.0,3116.0,1852.0,1.0,0.0,0.0,snow/ice covered,0.225122511386871,-8.10104942321777,100.0,521.708862304688
arenacam6_1769615374108098688.png,1769615374108098688,1769615374.1080985,42.3006398248942,-83.69745694928426,237.82281494140625,0.7194742698191636,0.6944596238356965,0.0019607795993385373,0.008874754843203471,0.04390000000000001,0.04407000000000001,-0.029030000000000004,-1.6023,-2.8523,-8.4072,8.096148861682849,18.110599234652835,22.40999984741211,22.779998779296875,22.689998626708984,22.899999618530273,18.197126496297226,18.497569040377808,18.424488086675034,18.595010828243066,18.428548612898282,0.01755598332920334,-6.800000190734863,0.0,3116.0,1900.0,1.0,0.0,0.0,snow/ice covered,0.225122511386871,-8.10104942321777,100.0,521.708862304688
arenacam6_1769615374128608533.png,1769615374128608533,1769615374.1286085,42.30064127686767,-83.69745691076339,237.8253631591797,0.719498314408222,0.6944348214160749,0.002482436191738344,0.008734522259726658,-0.048040000000000006,0.052550000000000006,0.017640000000000003,-1.5491000000000001,-0.7537,-7.9892,8.065814748479827,18.042743643464465,20.889999389648438,21.739999771118164,22.029998779296875,22.68000030517578,16.962872110188904,17.653080256945838,17.88856212537781,18.416369357405546,17.730220962479525,0.01732123933923677,-7.0,0.0,3116.0,2068.0,1.0,0.0,0.0,snow/ice covered,0.225122511386871,-8.10104942321777,100.0,521.708862304688
arenacam6_1769615374149385237.png,1769615374149385237,1769615374.1493852,42.30064271411585,-83.69745685921632,237.8272247314453,0.7193436637007867,0.6945901293846166,0.0031140605636239475,0.008918984347841349,-0.04997000000000001,0.0351,-0.030790000000000005,-3.4083,1.2192,-9.2977,8.0091092926543,17.91589694111011,19.869998931884766,21.43000030517578,20.81999969482422,22.719999313354492,16.134622334080582,17.401357832405548,16.90603171259445,18.448848920837516,17.222715199979525,0.03869087567365927,-7.700000286102295,0.0,3116.0,2100.0,1.0,0.0,0.0,snow/ice covered,0.225122511386871,-8.10104942321777,100.0,521.708862304688
arenacam6_1769615374171190766.png,1769615374171190766,1769615374.1711907,42.30064415859242,-83.69745681922565,237.8290557861328,0.7192037697465427,0.6947305906006624,0.004091300687451189,0.008865964397732644,-0.055740000000000005,0.036500000000000005,-0.019540000000000005,-0.3121,-0.9552,-10.787700000000001,7.967026529779293,17.821760325524494,19.40999984741211,21.299999237060547,20.75,22.40999984741211,15.761098836297226,17.29579576648613,16.849191315,18.197126496297226,17.025803103520147,0.04466209888730068,-7.800000190734863,0.0,3116.0,1992.0,1.0,0.0,0.0,snow/ice covered,0.225122511386871,-8.10104942321777,100.0,521.708862304688
arenacam6_1769615374190888197.png,1769615374190888197,1769615374.1908882,42.300645585699705,-83.6974567789303,237.83168029785156,0.7191278540320178,0.6948028711281738,0.00444207613950782,0.009185193896796125,-0.030770000000000002,0.013010000000000002,-0.0056300000000000005,-3.854,1.6633,-10.5969,7.910414498325104,17.69512260788336,21.31999969482422,20.43000030517578,22.209999084472656,22.299999237060547,17.31203632259445,16.589348612405548,18.03472403278336,18.107804986486133,17.51097848856737,0.010406490160963901,-8.0,0.0,3116.0,1992.0,1.0,0.0,0.0,snow/ice covered,0.225122511386871,-8.10104942321777,100.0,521.708862304688
arenacam6_1769615374211298291.png,1769615374211298291,1769615374.2112982,42.30064700438606,-83.69745673033236,237.83460998535156,0.719020736452382,0.694917686924066,0.00463538308597797,0.008780784431176601,0.018750000000000003,0.03826,-0.014380000000000002,-0.3836,-1.0551000000000001,-10.6445,7.876169089408126,17.618517682860617,22.06999969482422,19.850000381469727,22.029998779296875,22.219999313354492,17.921043237594454,16.118383326756934,17.88856212537781,18.042844310837516,17.49270825014168,0.007140750146155959,-8.300000190734863,0.0,3116.0,1972.0,1.0,0.0,0.0,snow/ice covered,0.225122511386871,-8.10104942321777,100.0,521.708862304688
arenacam6_1769615374231130372.png,1769615374231130372,1769615374.2311304,42.30064842483011,-83.69745668396645,237.83766174316406,0.7190074771255149,0.6949315270845511,0.0044473484538109015,0.008868009543668282,0.00538,-0.02033,0.010890000000000002,-1.8056,0.3934,-10.6532,7.857207630891821,17.576102037847154,21.579999923706055,18.899999618530273,21.649999618530273,22.029998779296875,17.523158905648614,15.346973948243065,17.579999303243067,17.88856212537781,17.08467357062814,0.02796003722331635,-8.300000190734863,0.0,3116.0,1968.0,1.0,0.0,0.0,snow/ice covered,0.225122511386871,-8.10104942321777,100.0,521.708862304688
arenacam6_1769615374251755166.png,1769615374251755166,1769615374.2517552,42.30064983319739,-83.69745664957664,237.84152221679688,0.7191042452744392,0.6948342730941349,0.004071030417423979,0.00882292884276652,0.03896,-0.022010000000000002,0.010720000000000002,-3.8535000000000004,0.7202000000000001,-11.0402,7.791682864024787,17.42952706585161,21.420000076293945,19.34000015258789,21.869998931884766,21.729999542236328,17.393237554351387,15.704258438702775,17.758640774080583,17.644959978891677,17.125274186506605,0.017456175270590343,-8.5,0.0,3116.0,1828.0,1.0,0.0,0.0,snow/ice covered,0.225122511386871,-8.10104942321777,100.0,521.708862304688
arenacam6_1769615374272368651.png,1769615374272368651,1769615374.2723687,42.30065122907015,-83.69745660859365,237.84579467773438,0.7191206312099715,0.6948232407641046,0.0037309520164561585,0.00850069757667096,0.03875,-0.0026800000000000005,0.00442,-1.36,-1.8829,-10.822600000000001,7.748105728245724,17.33204762774199,21.239999771118164,21.189998626708984,21.420000076293945,21.729999542236328,17.247075646945838,17.206474256675033,17.393237554351387,17.644959978891677,17.372936859215983,0.0023591691156298034,-8.699999809265137,0.0,3116.0,1896.0,1.0,0.0,0.0,snow/ice covered,0.225122511386871,-8.10104942321777,100.0,521.708862304688
arenacam6_1769615374293081562.png,1769615374293081562,1769615374.2930815,42.300652625115085,-83.69745656241881,237.8500518798828,0.7192614934275703,0.6946768553867294,0.0034669447010452535,0.008657422063525932,0.005860000000000001,-0.0335,0.02833,-1.7823,2.1485000000000003,-9.8688,7.718298480306837,17.265370602537576,20.529998779296875,21.53999900817871,21.619998931884766,21.579999923706055,16.670548295377806,17.49067779343197,17.55563846908058,17.523158905648614,17.310005865884744,0.002585247914725175,-8.699999809265137,0.0,3116.0,1896.0,1.0,0.0,0.0,snow/ice covered,0.225122511386871,-8.10104942321777,100.0,521.708862304688
arenacam6_1769615374313797114.png,1769615374313797114,1769615374.3137972,42.30065401106615,-83.69745653330878,237.8546142578125,0.7192842871415415,0.6946547778478017,0.0030491494774244248,0.008692328339974586,0.024630000000000006,-0.03291000000000001,-0.00493,-2.8752,-0.6291,-9.5633,7.670630775515327,17.158740806981257,20.10999870300293,20.969999313354492,21.469999313354492,21.479999542236328,16.32950436102642,17.027832785837518,17.433837395837518,17.44195767389168,17.058283054148283,0.005854611009223985,-8.699999809265137,0.0,3116.0,1952.0,1.0,0.0,0.0,snow/ice covered,0.225122511386871,-8.10104942321777,100.0,521.708862304688
arenacam6_1769615374334546490.png,1769615374334546490,1769615374.3345463,42.30065538146338,-83.6974564893033,237.85923767089844,0.719332611489111,0.694601011191052,0.002937340388413624,0.009022268676256932,-0.023710000000000005,-0.03778000000000001,0.01574,-3.0929,-0.1875,-10.2536,7.61237319695453,17.028422099195467,20.09000015258789,20.619998931884766,21.299999237060547,21.369998931884766,16.313265353702775,16.743629249080584,17.29579576648613,17.352636164080582,16.92633163333752,0.00599529805305752,-8.90000057220459,0.0,3116.0,1992.0,1.0,0.0,0.0,snow/ice covered,0.225122511386871,-8.10104942321777,100.0,521.708862304688
arenacam6_1769615374355249510.png,1769615374355249510,1769615374.3552494,42.30065675442523,-83.69745643759087,237.86380004882812,0.719407728439837,0.6945202020308393,0.0028341297310907816,0.009283153599028086,-0.010620000000000001,-0.047510000000000004,0.010130000000000002,-1.4939,0.9453,-10.1099,7.578646222959424,16.952976881986856,20.34000015258789,20.489999771118164,21.209999084472656,21.189998626708984,16.516267658702777,16.63806873194584,17.222714812783355,17.206474256675033,16.895881365026753,0.003367875586544894,-9.0,0.0,3116.0,2024.0,1.0,0.0,0.0,snow/ice covered,0.225122511386871,-8.10104942321777,100.0,521.708862304688
arenacam6_1769615374376027010.png,1769615374376027010,1769615374.376027,42.30065811349568,-83.69745640563514,237.86846923828125,0.7194620334196824,0.6944619349403907,0.002574813296323929,0.00950650950419856,0.00867,-0.03327000000000001,0.008270000000000001,-3.2911,0.6587000000000001,-9.1567,7.52095790939716,16.823931585846886,20.260000228881836,19.809999465942383,21.049999237060547,21.139999389648438,16.451306983054163,16.08590221454029,17.092793461486128,17.165874415188906,16.69896926856737,0.0074276524866897994,-9.199999809265137,0.0,3116.0,2156.0,1.0,0.0,0.0,snow/ice covered,0.225122511386871,-8.10104942321777,100.0,521.708862304688
arenacam6_1769615374396690387.png,1769615374396690387,1769615374.3966904,42.3006594573291,-83.69745635851692,237.8725128173828,0.719537481030177,0.6943838737406163,0.00247905995859488,0.009523840792735999,-0.00019000000000000004,-0.013870000000000002,0.013010000000000002,-2.6032,-0.1592,-8.3848,7.465221396322232,16.699252350289054,20.549999237060547,19.439998626708984,20.959999084472656,21.0,16.68678885148613,15.785458121675035,17.019712507783357,17.05219362,16.636038275236128,0.0037854434274616957,-9.300000190734863,0.0,3116.0,2160.0,1.0,0.0,0.0,snow/ice covered,0.225122511386871,-8.10104942321777,100.0,521.708862304688
arenacam6_1769615374417377462.png,1769615374417377462,1769615374.4173775,42.30066080250402,-83.69745630696835,237.87664794921875,0.7195683035002948,0.6943520607683329,0.002423030096031763,0.009528967920566024,0.005940000000000001,-0.011910000000000002,0.007110000000000001,-1.724,1.1754,-9.064300000000001,7.427408082393618,16.61466623582958,19.920000076293945,18.420000076293945,20.85999870300293,20.85999870300293,16.175223724351387,14.957209894351388,16.93851127602642,16.93851127602642,16.252364042688903,0.021806167394405575,-9.300000190734863,0.0,3116.0,2244.0,1.0,0.0,0.0,snow/ice covered,0.225122511386871,-8.10104942321777,100.0,521.708862304688
arenacam6_1769615374439080882.png,1769615374439080882,1769615374.439081,42.30066213607027,-83.69745627060271,237.88059997558594,0.7196371249253465,0.6942827519300885,0.002063962610177353,0.00946619564069928,0.03534000000000001,-0.022650000000000003,0.010050000000000002,-2.5913,0.6959000000000001,-10.6491,7.381358217666581,16.51165545142708,19.209999084472656,17.479999542236328,20.649999618530273,20.770000457763672,15.598696372783357,14.193920793891678,16.767990083243063,16.86543187110832,15.856509780256605,0.03967777023313875,-9.300000190734863,0.0,3116.0,2212.0,1.0,0.0,0.0,snow/ice covered,0.225122511386871,-8.10104942321777,100.0,521.708862304688
arenacam6_1769615374460911111.png,1769615374460911111,1769615374.460911,42.300663456179215,-83.69745622011156,237.8845672607422,0.7196842248898037,0.6942364258447343,0.0017813265816458371,0.009339611913819611,0.008640000000000002,-0.010330000000000002,0.00854,-1.9749,-0.8705,-9.6226,7.333936318109213,16.405575507431223,16.5,19.459999084472656,20.479999542236328,20.350000381469727,13.39815213,15.801698677783357,16.62994845389168,16.524387936756934,15.588546799607993,0.04980189250009187,-10.0,0.0,3116.0,2092.0,1.0,0.0,0.0,snow/ice covered,0.225122511386871,-8.10104942321777,100.0,521.708862304688
arenacam6_1769615374480862217.png,1769615374480862217,1769615374.4808621,42.30066477698464,-83.69745616933986,237.8883514404297,0.7197782825463331,0.6941349551365175,0.0017956670528097912,0.009626194061583718,-0.031990000000000005,-0.016560000000000002,0.0171,-2.1319,0.9242,-10.1051,7.297089389512745,16.32315113897664,16.649999618530273,20.600000381469727,20.31999969482422,20.350000381469727,13.519953203243064,16.727390241756936,16.50002710259445,16.524387936756934,15.817939621087845,0.030950612022604202,-9.5,0.0,3116.0,1780.0,1.0,0.0,0.0,snow/ice covered,0.225122511386871,-8.10104942321777,100.0,521.708862304688
arenacam6_1769615374501543507.png,1769615374501543507,1769615374.5015435,42.30066608897092,-83.69745613229162,237.89242553710938,0.7197499185462132,0.6941625003232923,0.0018627951105247174,0.009747199188014779,-0.0015400000000000001,-0.014010000000000002,-0.007840000000000001,-2.0545,0.9745,-9.331900000000001,7.243668678914588,16.2036522146112,17.420000076293945,19.59000015258789,20.270000457763672,20.209999084472656,14.145200674351388,15.907260743702773,16.459427261108324,16.410705592783355,15.73064856798646,0.029191174949942566,-9.5,0.0,3116.0,1780.0,1.0,0.0,0.0,snow/ice covered,0.225122511386871,-8.10104942321777,100.0,521.708862304688
arenacam6_1769615374521706840.png,1769615374521706840,1769615374.5217068,42.30066738648169,-83.69745608109851,237.8961944580078,0.7198294820547062,0.6940796871746638,0.00174985934830046,0.009789923831943948,-0.0017900000000000004,-0.00455,0.017210000000000003,-3.2013000000000003,-1.5862,-10.042900000000001,7.177583970180564,16.05582468625571,19.850000381469727,19.369998931884766,20.18000030517578,20.260000228881836,16.118383326756934,15.728617724080582,16.38634630740555,16.451306983054163,16.171163585324308,0.007183617243113682,-9.40000057220459,0.0,3116.0,1864.0,1.0,0.0,0.0,snow/ice covered,0.225122511386871,-8.10104942321777,100.0,521.708862304688
arenacam6_1769615374541490242.png,1769615374541490242,1769615374.54149,42.30066868353317,-83.69745603647844,237.9001922607422,0.7198901755004959,0.6940155474448819,0.002133229421522639,0.009798186305689092,-0.029250000000000005,0.035660000000000004,0.008910000000000001,-1.4378,0.5069,-8.5436,7.135968171586857,15.962732641749504,20.209999084472656,19.35999870300293,20.020000457763672,20.09000015258789,16.410705592783355,15.720497446026421,16.256424956108322,16.313265353702775,16.175223337155217,0.013311674145938937,-9.40000057220459,0.0,3116.0,1868.0,1.0,0.0,0.0,snow/ice covered,0.225122511386871,-8.10104942321777,100.0,521.708862304688
arenacam6_1769615374562084500.png,1769615374562084500,1769615374.5620847,42.30066997205447,-83.69745600096861,237.90370178222656,0.7200261163050656,0.6938751416828116,0.002021738619554056,0.009777124641549402,0.021950000000000004,-0.02213,0.023540000000000002,-2.569,1.2287000000000001,-9.037,7.103683752160659,15.890514332558267,19.389999389648438,18.75,20.020000457763672,19.979999542236328,15.744858280188904,15.225172875,16.256424956108322,16.22394384389168,15.862599988797225,0.0017566671019482241,-9.600000381469727,0.0,3116.0,2136.0,1.0,0.0,0.0,snow/ice covered,0.225122511386871,-8.10104942321777,100.0,521.708862304688
arenacam6_1769615374582821948.png,1769615374582821948,1769615374.5828218,42.30067124483033,-83.69745595323641,237.90721130371094,0.7201341783597918,0.6937649622956459,0.0018961629183293213,0.009661615557235118,0.009840000000000002,0.0089,0.01386,-4.0096,0.3068,-10.724300000000001,7.033005366584542,15.732411024727625,19.10999870300293,18.229999542236328,19.729999542236328,19.809999465942383,15.517495141026421,14.802927708891678,16.020941538891677,16.08590221454029,15.606816650837517,0.007983161239094448,-9.300000190734863,0.0,3116.0,2204.0,1.0,0.0,0.0,snow/ice covered,0.225122511386871,-8.10104942321777,100.0,521.708862304688
arenacam6_1769615374603479177.png,1769615374603479177,1769615374.6034794,42.30067251561178,-83.69745590452254,237.91065979003906,0.7202276840381793,0.6936741424027681,0.0018908544653218565,0.009202824358632192,0.04724000000000001,0.023760000000000003,0.013460000000000001,-1.5648,0.8163,-8.6265,6.9871524827372005,15.629840874734155,19.189998626708984,18.229999542236328,19.779998779296875,19.719999313354492,15.582455816675035,14.802927708891678,16.061541380377808,16.01282126083752,15.61493654169551,0.0009535818795659134,-9.5,0.0,3084.0,2204.0,1.0,0.0,0.0,snow/ice covered,0.225122511386871,-8.10104942321777,100.0,521.708862304688
arenacam6_1769615374624188191.png,1769615374624188191,1769615374.6241882,42.30067377725879,-83.69745586706266,237.91390991210938,0.7203091701051594,0.6935942986765217,0.0015606843093897396,0.00890014439923675,0.03762,-0.010210000000000002,0.013850000000000001,-2.0559000000000003,0.3724,-9.7012,6.956761200168967,15.56185739910597,18.149999618530273,18.18000030517578,19.479999542236328,19.469999313354492,14.737967033243065,14.762327867405547,15.817939233891678,15.809818955837516,15.282013272594451,0.01798269443900671,-9.5,0.0,3084.0,2268.0,1.0,0.0,0.0,snow/ice covered,0.225122511386871,-8.10104942321777,100.0,521.708862304688
arenacam6_1769615374644756822.png,1769615374644756822,1769615374.6447568,42.300675022930555,-83.69745581308347,237.91726684570312,0.7203696266676674,0.6935361616349788,0.0012782678140886928,0.008576684132103827,0.048490000000000005,0.012920000000000001,0.005890000000000001,-3.8384,1.0821,-10.2788,6.885499038546897,15.402448219287097,17.350000381469727,17.60999870300293,19.420000076293945,19.389999389648438,14.088360276756935,14.29948131102642,15.769219114351388,15.744858280188904,14.975479745580913,0.027720818640476257,-9.5,0.0,3084.0,2328.0,1.0,0.0,0.0,snow/ice covered,0.225122511386871,-8.10104942321777,100.0,521.708862304688
arenacam6_1769615374666660711.png,1769615374666660711,1769615374.6666605,42.30067750239056,-83.69745571374445,237.92391967773438,0.7203952576177749,0.6935146206501386,0.0010048856495033583,0.008193531054781395,0.04197000000000001,-0.007160000000000001,0.0023300000000000005,-1.0402,0.0148,-9.780100000000001,6.856534878840025,15.337657131872406,16.329999923706055,16.619998931884766,19.25,19.15999984741211,13.260110500648613,13.495592369080581,15.631177485000002,15.558096531297227,14.486244221506606,0.05551127548656192,-9.5,0.0,3084.0,2300.0,1.0,0.0,0.0,snow/ice covered,0.225122511386871,-8.10104942321777,100.0,521.708862304688
arenacam6_1769615374686385272.png,1769615374686385272,1769615374.6863852,42.3006787220346,-83.69745566040741,237.92745971679688,0.7204340293888043,0.693475539467565,0.0005961213553933873,0.008132041447929153,0.029240000000000002,-0.029360000000000004,0.007580000000000002,-3.1185,0.2127,-9.8424,6.809300279353556,15.231996166897144,16.329999923706055,16.459999084472656,19.15999984741211,19.06999969482422,13.260110500648613,13.365671017783358,15.558096531297227,15.485015577594451,14.417223406830914,0.05349087218370831,-9.300000190734863,0.0,3084.0,2088.0,1.0,0.0,0.0,snow/ice covered,0.225122511386871,-8.10104942321777,100.0,521.708862304688
arenacam6_1769615374707050805.png,1769615374707050805,1769615374.7070508,42.30067994303449,-83.69745560513863,237.93081665039062,0.7204502610399011,0.6934590823817487,0.00047515410584949777,0.008105347517373868,0.0054800000000000005,-0.006430000000000001,0.0009100000000000001,-3.0774000000000004,0.1116,-9.2387,6.748519882800584,15.096034066631939,18.619998931884766,16.43000030517578,18.93000030517578,18.93000030517578,15.119610809080582,13.341311732405547,15.37133478240555,15.37133478240555,14.800898026574306,0.01955056796738407,-9.199999809265137,0.0,3084.0,2080.0,1.0,0.0,0.0,snow/ice covered,0.225122511386871,-8.10104942321777,100.0,521.708862304688
arenacam6_1769615374728649457.png,1769615374728649457,1769615374.7286494,42.30068115431944,-83.69745556554447,237.93392944335938,0.7204486944282855,0.6934623544506945,0.0004067545102745271,0.007967195682714655,0.016870000000000003,0.0039900000000000005,-0.0025700000000000007,-1.0972,-0.5464,-9.2466,6.714425683321675,15.019767388049589,19.029998779296875,15.639999389648438,18.850000381469727,18.899999618530273,15.45253446537781,12.699823705188903,15.306374106756934,15.346973948243065,14.701426556391677,0.02119479106655127,-9.300000190734863,0.0,3084.0,2084.0,1.0,0.0,0.0,snow/ice covered,0.225122511386871,-8.10104942321777,100.0,521.708862304688
arenacam6_1769615374750237401.png,1769615374750237401,1769615374.7502375,42.30068235031489,-83.6974555164088,237.9369659423828,0.7205534572260668,0.6933526091276042,0.00023701771543592834,0.00805099485212046,-0.0013700000000000001,-0.030590000000000003,0.026820000000000004,-2.3767,-0.027700000000000002,-9.5259,6.6808917201427835,14.944753924456199,17.93000030517578,16.309999465942383,18.56999969482422,18.639999389648438,14.559325562405549,13.24386994454029,15.079010967594453,15.135851365188906,14.5045144599323,0.029457792798011403,-9.199999809265137,0.0,3084.0,2068.0,1.0,0.0,0.0,snow/ice covered,0.225122511386871,-8.10104942321777,100.0,521.708862304688
arenacam6_1769615374771231960.png,1769615374771231960,1769615374.771232,42.30068354610154,-83.69745546765043,237.93983459472656,0.7206894886318506,0.6932113363669805,0.0002834149598267008,0.008038891952709078,-0.01207,0.018670000000000003,0.015400000000000002,-2.3909000000000002,-0.1515,-9.4588,6.588095894167943,14.73717522950004,17.81999969482422,17.68000030517578,18.53999900817871,18.5,14.470004052594453,14.356323257405549,15.05465013343197,15.02217057,14.725787003357993,0.0007727550201921452,-9.199999809265137,0.0,3084.0,2088.0,1.0,0.0,0.0,snow/ice covered,0.225122511386871,-8.10104942321777,100.0,521.708862304688
arenacam6_1769615374790688544.png,1769615374790688544,1769615374.7906885,42.30068473131351,-83.69745542930568,237.94248962402344,0.7207944724285249,0.6931013859590639,0.00035694707161232613,0.008103695878886374,-0.008090000000000002,-0.005280000000000001,0.016330000000000004,-1.5959,0.5766,-9.427,6.572361866758792,14.701979154227413,17.639999389648438,18.059999465942383,18.43000030517578,18.369998931884766,14.323842145188904,14.66488607954029,14.965330172405547,14.916608504080582,14.717666725303832,0.001067038043779902,-9.199999809265137,0.0,3084.0,2124.0,1.0,0.0,0.0,snow/ice covered,0.225122511386871,-8.10104942321777,100.0,521.708862304688
arenacam6_1769615374810306016.png,1769615374810306016,1769615374.810306,42.30068589970433,-83.6974553811642,237.94517517089844,0.7208464521682226,0.6930466527901291,0.00030388549392989465,0.008163155424900335,-0.0016600000000000002,-0.016440000000000003,0.01591,-2.9886,0.8277,-9.9704,6.5284452498316154,14.603740317158335,16.529998779296875,17.899999618530273,18.279998779296875,18.35999870300293,13.422511415377807,14.534964728243066,14.843527550377807,14.90848822602642,14.427372980006275,0.012076860675538113,-9.199999809265137,0.0,3084.0,2248.0,1.0,0.0,0.0,snow/ice covered,0.225122511386871,-8.10104942321777,100.0,521.708862304688
arenacam6_1769615374831086188.png,1769615374831086188,1769615374.8310862,42.300687070773854,-83.69745533564317,237.94760131835938,0.7209433394415896,0.6929470599606325,0.000419460888475861,0.0080558959332322,-0.00487,-0.0038800000000000006,0.010970000000000002,-2.311,0.5154,-9.011000000000001,6.446781566156725,14.421063556598625,16.170000076293945,17.44999885559082,18.10999870300293,18.119998931884766,13.130189149351388,14.169559959729195,14.70548592102642,14.713606199080584,14.179710307296897,0.01673616154276584,-9.199999809265137,0.0,3084.0,2300.0,1.0,0.0,0.0,snow/ice covered,0.225122511386871,-8.10104942321777,100.0,521.708862304688
arenacam6_1769615374851808076.png,1769615374851808076,1769615374.851808,42.30068822842664,-83.69745529725152,237.95005798339844,0.7210171747331505,0.6928713492585288,0.00040355061540226856,0.007960167296744657,0.009370000000000002,-0.00824,0.00562,-2.5232,0.006,-9.5547,6.401480369805097,14.319727498431815,15.920000076293945,17.329999923706055,18.010000228881836,18.049999237060547,12.927186844351388,14.072119720648613,14.624286238054161,14.65676580148613,14.070089651135074,0.017433142308335092,-9.199999809265137,0.0,3084.0,2340.0,1.0,0.0,0.0,snow/ice covered,0.225122511386871,-8.10104942321777,100.0,521.708862304688
arenacam6_1769615374872510618.png,1769615374872510618,1769615374.8725107,42.30068936948907,-83.6974552517652,237.95249938964844,0.7210775481035089,0.6928089030478835,0.0004821278798278431,0.007922186019520504,-0.004750000000000001,0.0030100000000000005,0.009130000000000001,-3.0153000000000003,-0.23470000000000002,-10.2219,6.341667834758625,14.18593044628496,15.829999923706055,16.350000381469727,17.869998931884766,17.770000457763672,12.854105890648613,13.276351056756935,14.510603894080583,14.429404211108324,13.767616263148614,0.029487962366676813,-9.0,0.0,3084.0,2384.0,1.0,0.0,0.0,snow/ice covered,0.225122511386871,-8.10104942321777,100.0,521.708862304688
arenacam6_1769615374893089624.png,1769615374893089624,1769615374.8930895,42.30069051320345,-83.6974552059948,237.954833984375,0.7211505884866026,0.6927326559430165,0.0006477036488620655,0.007929476372651626,-0.016460000000000002,-0.00461,0.011910000000000002,-1.7003000000000001,-0.10550000000000001,-9.7425,6.305526139368053,14.105083642197972,15.84999942779541,15.539999961853027,17.59000015258789,17.770000457763672,12.870345672364598,12.618623247824306,14.283242303702774,14.429404211108324,13.550403858749998,0.039324813487000246,-8.800000190734863,0.0,3084.0,2372.0,1.0,0.0,0.0,snow/ice covered,0.225122511386871,-8.10104942321777,100.0,521.708862304688
arenacam6_1769615374913840817.png,1769615374913840817,1769615374.913841,42.300691643785065,-83.69745517026534,237.95733642578125,0.7212509381469808,0.6926259378860595,0.0006635077991963756,0.008121215854600248,-0.011020000000000002,-0.013200000000000002,0.014710000000000003,-3.0580000000000003,0.6656000000000001,-10.074200000000001,6.2536377450334895,13.989012417375214,16.260000228881836,15.579999923706055,17.440000534057617,17.559999465942383,13.203270103054162,12.651103585648613,14.161441230459708,14.258881469540292,13.568674097175693,0.030047748022400435,-8.699999809265137,0.0,3084.0,2380.0,1.0,0.0,0.0,snow/ice covered,0.225122511386871,-8.10104942321777,100.0,521.708862304688
arenacam6_1769615374934569444.png,1769615374934569444,1769615374.9345694,42.30069275954467,-83.69745513093277,237.96014404296875,0.7213340503434702,0.6925378182621401,0.0007795559077883717,0.008243202313758266,-0.024380000000000006,0.00109,0.009260000000000001,-2.5116,-0.9935,-10.4579,6.199959520187796,13.86893744908889,15.9399995803833,15.34999942779541,17.270000457763672,17.389999389648438,12.943426626067373,12.464341062364598,14.023399601108322,14.120839840188903,13.388001782432298,0.03467718189818403,-8.5,0.0,3084.0,2528.0,1.0,0.0,0.0,snow/ice covered,0.225122511386871,-8.10104942321777,100.0,521.708862304688
arenacam6_1769615374955323371.png,1769615374955323371,1769615374.9553235,42.30069387635159,-83.69745508781506,237.9630126953125,0.7214387792930836,0.6924241189841099,0.0008898882773266579,0.008610184669243315,-0.030120000000000004,-0.018640000000000004,0.019820000000000004,-2.0827,1.0802,-10.767900000000001,6.159658180125529,13.778785769450002,15.119999885559082,14.969999313354492,17.209999084472656,17.329999923706055,12.27757931347292,12.155777465837517,13.974677932783356,14.072119720648613,13.120038608185602,0.0478087962384144,-8.199999809265137,0.0,3084.0,2548.0,1.0,0.0,0.0,snow/ice covered,0.225122511386871,-8.10104942321777,100.0,521.708862304688
arenacam6_1769615374976458594.png,1769615374976458594,1769615374.9764585,42.30069498227441,-83.69745505389649,237.96620178222656,0.7215447786869179,0.6923115440935148,0.0006710576020757773,0.008798178572578768,0.008310000000000001,-0.023070000000000004,0.009980000000000001,-2.4186,0.3062,-10.0615,6.114784099808774,13.67840514422624,14.329999923706055,14.65999984741211,17.139999389648438,17.10999870300293,11.636092060648613,11.904055041297227,13.917837535188903,13.89347670102642,12.837865334540291,0.06145013258660104,-7.900000095367432,0.0,3084.0,2548.0,1.0,0.0,0.0,snow/ice covered,0.225122511386871,-8.10104942321777,100.0,521.708862304688
arenacam6_1769615374997722250.png,1769615374997722250,1769615374.9977224,42.30069607282868,-83.69745501648794,237.9697265625,0.7216157476653857,0.6922338667108575,0.0005044263751424506,0.009095716238599347,-0.020890000000000002,-0.026400000000000003,0.016470000000000002,-3.0089,-0.9436,-9.914200000000001,6.058870889185037,13.553330646853578,12.889999389648438,14.779999732971191,16.959999084472656,16.959999084472656,10.466798350188904,12.001496054770147,13.771675627783356,13.771675627783356,12.50291141513144,0.07750266403822992,-7.700000286102295,0.0,3084.0,2536.0,1.0,0.0,0.0,snow/ice covered,0.225122511386871,-8.10104942321777,100.0,521.708862304688
arenacam6_1769615375018411675.png,1769615375018411675,1769615375.0184119,42.30069716318314,-83.69745496878497,237.973388671875,0.7218032624218935,0.6920337428969504,0.0004358871182643803,0.009442407085526476,-0.013930000000000001,-0.025900000000000006,0.026650000000000004,-2.4932000000000003,1.5996000000000001,-9.7583,6.007837215333978,13.439171380469189,12.219999313354492,15.229999542236328,16.8799991607666,16.69999885559082,9.922752110837518,12.36690004889168,13.706714952134744,13.560553044729195,12.389230039148284,0.078125452202117,-7.0,0.0,3084.0,2248.0,1.0,0.0,0.0,snow/ice covered,0.225122511386871,-8.10104942321777,100.0,521.708862304688
arenacam6_1769615375039084321.png,1769615375039084321,1769615375.0390842,42.300698243076674,-83.69745493348398,237.97683715820312,0.7218827743835434,0.691949536374478,0.0001048099748115934,0.009544012485975974,0.023430000000000003,-0.03731,0.010000000000000002,-2.2754000000000003,0.7356,-9.285300000000001,5.968332578336164,13.350801877783299,13.229999542236328,14.729999542236328,16.75,16.60999870300293,10.742881608891679,11.96089543889168,13.601154435,13.487472091026422,12.448100893452445,0.06761398997561444,-6.300000190734863,0.0,3084.0,2256.0,1.0,0.0,0.0,snow/ice covered,0.225122511386871,-8.10104942321777,100.0,521.708862304688
arenacam6_1769615375061401068.png,1769615375061401068,1769615375.0614011,42.30069930609101,-83.69745489053203,237.98046875,0.7220170153387483,0.6918063484411063,-0.00034802601160922094,0.009761388005982497,-0.0015300000000000003,-0.028950000000000004,0.019310000000000004,-3.5947,0.9628000000000001,-10.2003,5.871665387110402,13.134563171042743,15.65999984741211,12.519999504089355,16.5,16.479999542236328,12.716064261297227,10.166355031715984,13.39815213,13.381911573891678,12.415620749226223,0.05473668308981481,-5.599999904632568,0.0,3084.0,2260.0,1.0,0.0,0.0,snow/ice covered,0.225122511386871,-8.10104942321777,100.0,521.708862304688
arenacam6_1769615375080693929.png,1769615375080693929,1769615375.080694,42.300700368578575,-83.69745483804078,237.98399353027344,0.7220521499907,0.6917698502567301,-0.00046096544452719265,0.009744458961267402,0.01781,-0.014340000000000002,0.011050000000000003,-2.974,1.8433000000000002,-9.8488,5.843227655762841,13.070949672282131,16.579999923706055,12.529999732971191,16.420000076293945,16.40999984741211,13.463112805648613,10.174475309770145,13.333191454351388,13.325071176297227,12.573962686516843,0.03802225532389461,-5.300000190734863,0.0,3084.0,1952.0,1.0,0.0,0.0,snow/ice covered,0.225122511386871,-8.10104942321777,100.0,521.708862304688
arenacam6_1769615375101353243.png,1769615375101353243,1769615375.1013532,42.30070142001835,-83.69745479868148,237.98739624023438,0.7221426687664704,0.6916791415172276,-0.0009597770107623946,0.009434509257000524,0.02517,-0.01806,0.02228,-2.2345,-0.6188,-8.600200000000001,5.787411318337614,12.946091874442143,16.020000457763672,14.170000076293945,16.209999084472656,16.239999771118164,13.008388076108323,11.506170709351387,13.162668712783356,13.18702954694584,12.716064261297227,0.017768112213001577,-5.200000286102295,0.0,3084.0,1952.0,1.0,0.0,0.0,snow/ice covered,0.225122511386871,-8.10104942321777,100.0,521.708862304688
arenacam6_1769615375122893978.png,1769615375122893978,1769615375.122894,42.30070245642115,-83.69745475216835,237.99046325683594,0.7222225445750398,0.691594583842817,-0.0010382113664294127,0.009510511237274618,-0.0017900000000000004,-0.0020900000000000003,0.00559,-4.2809,1.3658000000000001,-9.452,5.7164995779746866,12.787466565954697,15.269999504089355,15.489999771118164,16.170000076293945,16.06999969482422,12.399380386715984,12.578022631945839,13.130189149351388,13.048987917594452,12.789145021401916,0.0001312578561642754,-4.900000095367432,0.0,3084.0,2096.0,1.0,0.0,0.0,snow/ice covered,0.225122511386871,-8.10104942321777,100.0,521.708862304688
arenacam6_1769615375142640917.png,1769615375142640917,1769615375.1426408,42.30070348779804,-83.69745469639491,237.9936065673828,0.7222223971210353,0.6915993115279876,-0.0009143864228526163,0.009185057878362364,0.019100000000000002,0.03912000000000001,-0.005260000000000001,-2.3756,0.40040000000000003,-8.4943,5.655044284690294,12.649994762195107,15.549999237060547,15.880000114440918,15.969999313354492,15.949999809265137,12.62674275148613,12.894706506527081,12.967786685837519,12.951546904121534,12.860195711993066,0.01661668275358909,-5.0,0.0,3084.0,2136.0,1.0,0.0,0.0,snow/ice covered,0.225122511386871,-8.10104942321777,100.0,521.708862304688
arenacam6_1769615375162099863.png,1769615375162099863,1769615375.1621,42.30070451043911,-83.69745465448446,237.9961700439453,0.7221667627141658,0.6916593885856674,-0.0007116630091512843,0.009052654196624472,-0.01624,0.019490000000000004,-0.0034000000000000002,-1.3436000000000001,-0.3885,-8.9503,5.629310956774316,12.59243085164674,15.319999694824219,14.799999237060547,15.809999465942383,15.84999942779541,12.439981002594452,12.01773583648613,12.837865334540291,12.870345672364598,12.541481961496368,0.00404599324392625,-5.0,0.0,3084.0,2216.0,1.0,0.0,0.0,snow/ice covered,0.225122511386871,-8.10104942321777,100.0,521.708862304688
arenacam6_1769615375183042313.png,1769615375183042313,1769615375.1830423,42.300705519089234,-83.69745460296836,237.99844360351562,0.7221661638012624,0.6916598005152376,-0.0006456338740896449,0.00907388388126607,0.005830000000000001,0.022710000000000004,-0.00204,-3.4281,1.7691000000000001,-10.624600000000001,5.572658260115664,12.465702168383133,14.519999504089355,13.889999389648438,15.739999771118164,15.809999465942383,11.790373471715984,11.278807570188903,12.781024936945839,12.837865334540291,12.172017828347753,0.02355939008235366,-5.200000286102295,0.0,3084.0,2356.0,1.0,0.0,0.0,snow/ice covered,0.225122511386871,-8.10104942321777,100.0,521.708862304688
arenacam6_1769615375203654259.png,1769615375203654259,1769615375.203654,42.30070652248531,-83.69745454616753,238.00094604492188,0.7220680840169762,0.6917658140292636,-0.0007244304854853627,0.008787251274120405,0.026350000000000005,0.025150000000000002,-0.017200000000000003,-1.7712,-0.6621,-9.988100000000001,5.531620031051416,12.373902112260154,13.84999942779541,13.619999885559082,15.589999198913574,15.639999389648438,11.246327232364598,11.059565483472921,12.659223089310435,12.699823705188903,11.916234877584214,0.03698649225796604,-5.5,0.0,3084.0,2348.0,1.0,0.0,0.0,snow/ice covered,0.225122511386871,-8.10104942321777,100.0,521.708862304688
arenacam6_1769615375224223401.png,1769615375224223401,1769615375.2242234,42.30070752028454,-83.697454499857,238.0033416748047,0.7220360844629453,0.6918009906765958,-0.0009045042091999946,0.00862924703753116,0.022680000000000002,-0.00025000000000000006,0.0016600000000000002,-1.7108,-0.6388,-8.7265,5.500750487903481,12.304848796410814,12.579999923706055,15.15999984741211,15.5,15.429999351501465,10.215075925648613,12.310059651297227,12.586142910000001,12.529301738013212,11.910145056239763,0.03207708982870086,-6.200000286102295,0.0,3084.0,2352.0,1.0,0.0,0.0,snow/ice covered,0.225122511386871,-8.10104942321777,100.0,521.708862304688
arenacam6_1769615375245076885.png,1769615375245076885,1769615375.245077,42.30070850567002,-83.69745445078706,238.0055389404297,0.7220018508412499,0.691834893918772,-0.0009714072868430273,0.008767172069385395,-0.015670000000000003,-0.00068,-0.010130000000000002,-3.3627000000000002,-0.43760000000000004,-9.537,5.4438945455989805,12.177665464832184,12.269999504089355,14.799999237060547,15.339999198913574,15.40999984741211,9.963352726715986,12.01773583648613,12.456220784310437,12.513061956297227,11.737592825952445,0.03613768502268539,-6.0,0.0,3084.0,2184.0,1.0,0.0,0.0,snow/ice covered,0.225122511386871,-8.10104942321777,100.0,521.708862304688
arenacam6_1769615375265687233.png,1769615375265687233,1769615375.2656872,42.30070948718832,-83.69745439878933,238.00811767578125,0.7218895129710684,0.6919518302263066,-0.0009919762548912447,0.008787018377569449,0.016790000000000003,0.0015700000000000002,-0.015540000000000003,-2.5118,1.6953,-10.0448,5.38983926041727,12.056747035197809,13.90999984741211,13.679999351501465,15.079999923706055,15.210000038146973,11.295048126297226,11.108285603013211,12.245098975648615,12.350660267175694,11.749773243033687,0.02546074751904137,-6.0,0.0,3084.0,2212.0,1.0,0.0,0.0,snow/ice covered,0.225122511386871,-8.10104942321777,100.0,521.708862304688
arenacam6_1769615375288090465.png,1769615375288090465,1769615375.2880905,42.3007114202827,-83.6974543073767,238.0126190185547,0.7218205341840931,0.6920255550035529,-0.0013921982000141817,0.008591241841955677,0.039040000000000005,-0.018260000000000002,-0.011150000000000002,-1.5602,-1.5873000000000002,-10.3102,5.36022081391071,11.990492347469425,14.859999656677246,12.809999465942383,15.029999732971191,15.089999198913574,12.066456730418759,10.401837674540293,12.204498359770147,12.253218479310437,11.73150281100991,0.02159957480930081,-6.099999904632568,0.0,3048.0,2264.0,1.0,0.0,0.0,snow/ice covered,0.225122511386871,-8.10104942321777,100.0,521.708862304688
arenacam6_1769615375308089725.png,1769615375308089725,1769615375.3080895,42.30071237585411,-83.69745425435018,238.0147705078125,0.7217972447794619,0.6920499108514351,-0.0016704645000424618,0.00853626778238441,0.025060000000000002,-0.005860000000000001,-0.0012200000000000002,-3.0782000000000003,0.227,-9.5389,5.304129818964797,11.865020157235113,14.25,11.389999389648438,14.799999237060547,14.839999198913574,11.571131385000001,9.248784520188904,12.01773583648613,12.050216174310437,11.221966978996369,0.05419739450224368,-6.200000286102295,0.0,3008.0,2312.0,1.0,0.0,0.0,snow/ice covered,0.225122511386871,-8.10104942321777,100.0,521.708862304688
arenacam6_1769615375328670011.png,1769615375328670011,1769615375.32867,42.300713321601265,-83.69745421011764,238.0169677734375,0.7217761709536232,0.692073809756651,-0.0020603861872491402,0.008291905764068836,0.04811000000000001,-0.014280000000000003,-0.005930000000000001,-3.0140000000000002,1.1286,-9.734200000000001,5.24586016048684,11.734674427399433,13.569999694824219,10.429999351501465,14.769999504089355,14.789999961853027,11.018964867594454,8.46925563801321,11.993375776715984,12.009616332824306,10.87280315378699,0.0734465433144059,-6.200000286102295,0.0,2968.0,2164.0,1.0,0.0,0.0,snow/ice covered,0.225122511386871,-8.10104942321777,100.0,521.708862304688
arenacam6_1769615375350099108.png,1769615375350099108,1769615375.350099,42.300714250557455,-83.6974541638113,238.01889038085938,0.7216900482675223,0.6921670918320402,-0.0025540322309289738,0.007852906198419054,0.07266,-0.0038900000000000002,-0.014980000000000004,-3.1919,0.29860000000000003,-9.171100000000001,5.186792213701424,11.602542974517265,14.619999885559082,13.569999694824219,14.589999198913574,14.50999927520752,11.87157470347292,11.018964867594454,11.847213869310437,11.782253193661825,11.630001658509908,0.0023666091177555514,-6.300000190734863,0.0,2968.0,2220.0,1.0,0.0,0.0,snow/ice covered,0.225122511386871,-8.10104942321777,100.0,521.708862304688
arenacam6_1769615375370302249.png,1769615375370302249,1769615375.3703022,42.3007151786366,-83.69745411926073,238.02096557617188,0.721641355067325,0.6922211884826117,-0.0028305044352028162,0.007454469596030609,0.03162,-0.00491,-0.0034700000000000004,-2.3956,-2.246,-9.9543,5.141712513984516,11.501702391032525,13.75,14.479999542236328,14.489999771118164,14.489999771118164,11.165126775000001,11.757893133891677,11.76601341194584,11.76601341194584,11.61376168319584,0.009742844002874135,-6.200000286102295,0.0,2940.0,2408.0,1.0,0.0,0.0,snow/ice covered,0.225122511386871,-8.10104942321777,100.0,521.708862304688
arenacam6_1769615375391030760.png,1769615375391030760,1769615375.3910308,42.30071609787898,-83.69745407988157,238.0228271484375,0.7216931882150623,0.6921694973637874,-0.0026461080960625003,0.0073025416866047245,9e-05,0.011380000000000001,-0.007020000000000001,-1.9787000000000001,0.7643000000000001,-9.0484,5.07552900504431,11.35365385254382,11.75,13.649999618530273,14.34999942779541,14.289999961853027,9.541108335,11.083925543243065,11.652331842364598,11.603611722824308,10.970244360857993,0.03376970063253448,-6.200000286102295,0.0,2940.0,2408.0,1.0,0.0,0.0,snow/ice covered,0.225122511386871,-8.10104942321777,100.0,521.708862304688
arenacam6_1769615375410473990.png,1769615375410473990,1769615375.410474,42.300717003401246,-83.69745404314666,238.02456665039062,0.7216506926455831,0.6922146689947604,-0.0026204291653526557,0.007229328019515909,0.006920000000000001,0.013510000000000003,-0.012630000000000002,-2.1056,-0.4686,-9.208,5.055806491833113,11.309535773841166,10.0,13.029999732971191,14.119999885559082,14.130000114440918,8.1200922,10.580479919770147,11.46557009347292,11.47369037152708,10.409958146192537,0.07954151661373601,-6.700000286102295,0.0,2940.0,2384.0,1.0,0.0,0.0,snow/ice covered,0.225122511386871,-8.10104942321777,100.0,521.708862304688
arenacam6_1769615375431262951.png,1769615375431262951,1769615375.431263,42.300717905621624,-83.69745400727552,238.0264129638672,0.7217234812208334,0.6921359048870794,-0.0022380014291145155,0.007622149974140488,-0.05861000000000001,0.007740000000000001,0.006820000000000001,-2.9311000000000003,-0.9133,-9.9056,4.974092806572714,11.126747162734768,8.079999923706055,13.079999923706055,14.09000015258789,13.989999771118164,6.5610344356486126,10.621080535648614,11.441210033702776,11.36000880194584,9.99583345173646,0.10163920276591845,-6.700000286102295,0.0,2940.0,2176.0,1.0,0.0,0.0,snow/ice covered,0.225122511386871,-8.10104942321777,100.0,521.708862304688
arenacam6_1769615375451788295.png,1769615375451788295,1769615375.4517882,42.3007188013336,-83.69745397864807,238.0281219482422,0.7217649028857291,0.6920899287542374,-0.0017800809757432183,0.007986663322583328,-0.04796000000000001,-0.006050000000000001,0.0028500000000000005,-1.2736,0.7628,-9.382200000000001,4.945824782544883,11.063513289065952,8.210000038146973,12.670000076293945,13.869999885559082,13.899999618530273,6.666595727175694,10.288156879351387,11.26256778847292,11.286927848243065,9.876062060810767,0.1073303929077159,-6.700000286102295,0.0,2940.0,2028.0,1.0,0.0,0.0,snow/ice covered,0.225122511386871,-8.10104942321777,100.0,521.708862304688
arenacam6_1769615375472503101.png,1769615375472503101,1769615375.472503,42.300719684370215,-83.69745394801969,238.02993774414062,0.7218207398190252,0.6920279641875171,-0.001773342698268147,0.008304914525164133,-0.022750000000000003,-0.03345,0.01327,-2.5824000000000003,-0.0654,-10.492,4.90681776099846,10.976256922287895,10.269999504089355,11.920000076293945,13.769999504089355,13.819999694824219,8.339334286715985,9.679149964351387,11.181366556715986,11.221967172594454,10.105454495094452,0.07933509878264879,-6.700000286102295,0.0,2940.0,2116.0,1.0,0.0,0.0,snow/ice covered,0.225122511386871,-8.10104942321777,100.0,521.708862304688
arenacam6_1769615375495068154.png,1769615375495068154,1769615375.495068,42.300720562475966,-83.69745391762508,238.03160095214844,0.7218546937905137,0.691991401536643,-0.0016743587924998296,0.008420081626107278,-0.00872,0.013580000000000002,0.0009300000000000002,-3.0687,0.8888,-9.678,4.840034292339865,10.82686630990674,12.989999771118164,9.389999389648438,13.619999885559082,13.729999542236328,10.54799958194584,7.624766080188904,11.059565483472921,11.148886218891679,10.095304341124837,0.06756913291822142,-6.300000190734863,0.0,2940.0,2124.0,1.0,0.0,0.0,snow/ice covered,0.225122511386871,-8.10104942321777,100.0,521.708862304688
arenacam6_1769615375514143459.png,1769615375514143459,1769615375.5141435,42.3007214356888,-83.69745388762152,238.0331573486328,0.7218519003697051,0.6919965698122481,-0.001759426221616435,0.008214969269460618,0.03214,0.006090000000000001,-0.0018200000000000002,-0.45730000000000004,0.3509,-8.5969,4.823029367735929,10.788827313863209,13.84000015258789,6.809999942779541,13.420000076293945,13.469999313354492,11.238207728702776,5.529782741736461,10.897163794351389,10.937763635837516,9.650729475157036,0.10548855826469325,-6.400000095367432,0.0,2940.0,2004.0,1.0,0.0,0.0,snow/ice covered,0.225122511386871,-8.10104942321777,100.0,521.708862304688
arenacam6_1769615375535134925.png,1769615375535134925,1769615375.535135,42.30072230022211,-83.69745386061393,238.03465270996094,0.721929551546644,0.6919141244145951,-0.002115480749257391,0.008251774381615869,0.0058200000000000005,-0.03664,0.020170000000000004,-1.7039000000000002,-2.0237000000000003,-10.6745,4.803656004660384,10.745490263065001,12.679999351501465,5.190000057220459,13.429999351501465,13.380000114440918,10.29627638301321,4.214327898263541,10.905283298013211,10.86468345652708,9.07014275895426,0.15591168602789013,-7.0,0.0,2940.0,1800.0,1.0,0.0,0.0,snow/ice covered,0.225122511386871,-8.10104942321777,100.0,521.708862304688
arenacam6_1769615375555535623.png,1769615375555535623,1769615375.5555356,42.30072315752207,-83.6974538318708,238.03639221191406,0.7220554627059999,0.6917783924048228,-0.002025063287503792,0.00862923501275248,-0.04037,0.00321,0.013600000000000001,-3.7916000000000003,0.7119000000000001,-10.0634,4.730207729261119,10.581190877893368,11.069999694824219,7.009999752044678,13.309999465942383,13.319999694824219,8.988941817594451,5.692184430857993,10.80784228454029,10.815962562594452,9.076232773896797,0.14222955821927266,-7.400000095367432,0.0,2940.0,1800.0,1.0,0.0,0.0,snow/ice covered,0.225122511386871,-8.10104942321777,100.0,521.708862304688
arenacam6_1769615375576268881.png,1769615375576268881,1769615375.576269,42.30072401157876,-83.69745380729414,238.0377960205078,0.7220740945651402,0.691758178921839,-0.001737626902762321,0.008752399980611123,-0.02313,0.0027900000000000004,-0.0023500000000000005,-0.5671,0.8093,-8.1775,4.709501533000318,10.534872359229732,9.220000267028809,8.579999923706055,13.15999984741211,13.139999389648438,7.486725225229855,6.9670390456486135,10.686041211297226,10.669800655188904,8.95240153434115,0.1502126244085113,-8.600000381469727,0.0,2900.0,1804.0,1.0,0.0,0.0,snow/ice covered,0.225122511386871,-8.10104942321777,100.0,521.708862304688
arenacam6_1769615375597687489.png,1769615375597687489,1769615375.5976875,42.30072485020973,-83.6974537809458,238.03916931152344,0.7220446382483774,0.6917834629306124,-0.0017914026089840092,0.009163605687298815,-0.028780000000000003,-0.032690000000000004,-0.004670000000000001,-4.262700000000001,0.6311,-9.8541,4.652540965420207,10.407454987187078,11.219999313354492,9.34000015258789,13.019999504089355,13.119999885559082,9.110742890837516,7.584166238702775,10.572359641715984,10.65356087347292,9.480207411182299,0.08909455550337148,-9.100000381469727,0.0,2900.0,1596.0,1.0,0.0,0.0,snow/ice covered,0.225122511386871,-8.10104942321777,100.0,521.708862304688
arenacam6_1769615375618771717.png,1769615375618771717,1769615375.6187718,42.30072568472593,-83.69745375436653,238.04071044921875,0.7219883904610352,0.6918440611647902,-0.001442682712032187,0.009081725446519357,-0.013920000000000002,0.04757000000000001,-0.014310000000000002,-3.3715,-0.1206,-9.7849,4.571263661419195,10.225642534775055,14.049999237060547,11.239999771118164,12.960000038146973,13.079999923706055,11.40872892148613,9.12698344694584,10.523639522175694,10.621080535648614,10.42010810656407,0.01901744277953026,-10.699999809265137,0.0,2900.0,1616.0,1.0,0.0,0.0,snow/ice covered,0.225122511386871,-8.10104942321777,100.0,521.708862304688
arenacam6_1769615375639126237.png,1769615375639126237,1769615375.6391263,42.300726511866,-83.6974537293943,238.04176330566406,0.7219410782042154,0.6918970129517172,-0.0009706995474439714,0.008869093088617367,-0.022410000000000003,0.032540000000000006,0.005420000000000001,0.185,-0.44430000000000003,-9.0949,4.5681315062748284,10.218636091646415,12.529999732971191,12.65999984741211,12.779999732971191,12.9399995803833,10.174475309770145,10.280036601297226,10.377477614770147,10.507398966067372,10.334847122976223,0.011372460109897517,-11.199999809265137,0.0,2900.0,1644.0,1.0,0.0,0.0,snow/ice covered,0.225122511386871,-8.10104942321777,100.0,521.708862304688
arenacam6_1769615375660882272.png,1769615375660882272,1769615375.6608822,42.30072732591199,-83.69745370307581,238.04295349121094,0.7220676014047747,0.691762215832432,-0.0008195221432980354,0.009096380138047358,-0.014560000000000002,6e-05,0.00251,-3.7888,1.1012,-10.2515,4.516876853033277,10.10398250762426,12.269999504089355,12.09999942779541,12.710000038146973,12.609999656677246,9.963352726715986,9.825311097364597,10.320637217175694,10.23943598541876,10.08718425666876,0.0016625376125526707,-11.90000057220459,0.0,2900.0,1960.0,1.0,0.0,0.0,snow/ice covered,0.225122511386871,-8.10104942321777,100.0,521.708862304688
arenacam6_1769615375680758212.png,1769615375680758212,1769615375.6807582,42.30072813944444,-83.69745368680412,238.0445098876953,0.7219628995246274,0.6918747003694171,-0.0002512777895607972,0.008882992637309585,-0.03744,0.06820000000000001,-0.009630000000000001,-1.5524,-2.0467,-11.76,4.4627960241429765,9.98300693824639,11.649999618530273,10.90999984741211,12.630000114440918,12.65999984741211,9.459907103243065,8.859020466297226,10.255676541527082,10.280036601297226,9.71366017809115,0.02698052418688932,-12.40000057220459,0.0,2900.0,2056.0,1.0,0.0,0.0,snow/ice covered,0.225122511386871,-8.10104942321777,100.0,521.708862304688
arenacam6_1769615375701174189.png,1769615375701174189,1769615375.7011743,42.30072894413913,-83.69745366122649,238.04608154296875,0.7221557436156805,0.6916685853746697,0.00011408289648151895,0.009254023653497942,-0.01668,-0.03203,0.01666,-2.4313000000000002,1.6116000000000001,-10.5328,4.433000589077109,9.916356337730148,11.1899995803833,11.40999984741211,12.369999885559082,12.4399995803833,9.086382831067372,9.265025076297226,10.04455395847292,10.101394356067372,9.624339055476222,0.02944804243700354,-12.600000381469727,0.0,2900.0,2056.0,1.0,0.0,0.0,snow/ice covered,0.225122511386871,-8.10104942321777,100.0,521.708862304688
arenacam6_1769615375721002171.png,1769615375721002171,1769615375.7210023,42.30072973595787,-83.69745363823746,238.04852294921875,0.7221555660637713,0.6916691750938039,0.0003206674349281102,0.00921888282640298,-0.01845,0.024280000000000003,0.0010500000000000002,-3.246,-1.0344,-11.361,4.361328910628377,9.756031093341042,11.65999984741211,12.119999885559082,12.279999732971191,12.429999351501465,9.468027381297226,9.84155165347292,9.971473004770145,10.09327407801321,9.843581529388375,0.00897398083397776,-12.699999809265137,0.0,2860.0,2100.0,1.0,0.0,0.0,snow/ice covered,0.225122511386871,-8.10104942321777,100.0,521.708862304688
arenacam6_1769615375741412604.png,1769615375741412604,1769615375.7414126,42.300730531791324,-83.69745362361846,238.0511932373047,0.7222623582720287,0.6915559581424234,0.0005617870131235745,0.009334183220517113,-0.02136,-0.013310000000000002,0.017980000000000003,0.44170000000000004,0.8608,-10.7796,4.354582535577172,9.740939857133998,10.260000228881836,10.630000114440918,12.239999771118164,12.359999656677246,8.331214783054161,8.631658101527082,9.93899266694584,10.03643368041876,9.234574807986462,0.051983181969518934,-12.5,0.0,2860.0,2204.0,1.0,0.0,0.0,snow/ice covered,0.225122511386871,-8.10104942321777,100.0,521.708862304688
arenacam6_1769615375762099579.png,1769615375762099579,1769615375.7620995,42.30073131623044,-83.6974535972116,238.05404663085938,0.7223553263289871,0.6914576927741123,0.0001965539667472772,0.009434139822072777,0.036980000000000006,-0.028780000000000003,0.0073300000000000014,-3.5095,2.3961,-9.8018,4.311275932177611,9.644065583725386,8.460000038146973,8.649999618530273,12.149999618530273,12.210000038146973,6.869598032175693,7.023879443243065,9.865911713243065,9.914632607175696,8.41850544895938,0.12707919954776864,-12.40000057220459,0.0,2860.0,2124.0,1.0,0.0,0.0,snow/ice covered,0.225122511386871,-8.10104942321777,100.0,521.708862304688
arenacam6_1769615375782886915.png,1769615375782886915,1769615375.782887,42.300732085979604,-83.69745356602752,238.05726623535156,0.7223844766134709,0.6914320562400156,-0.00010393832156282892,0.00907572302413986,0.040940000000000004,0.0067,0.0035900000000000003,-3.8114000000000003,-0.0034000000000000002,-9.0661,4.23443391544019,9.472174602804781,10.010000228881836,7.839999675750732,12.039999961853027,12.039999961853027,8.128212478054161,6.366152021506606,9.776590977824307,9.776590977824307,8.511886613802345,0.10137988680213814,-11.800000190734863,0.0,2860.0,1692.0,1.0,0.0,0.0,snow/ice covered,0.225122511386871,-8.10104942321777,100.0,521.708862304688
arenacam6_1769615375803646795.png,1769615375803646795,1769615375.8036468,42.300732858680995,-83.69745353949158,238.06028747558594,0.7223633889318058,0.6914593987945858,-0.00016664649175684478,0.008660622294815382,0.039110000000000006,0.037480000000000006,-0.014190000000000001,-2.8979,0.8034,-7.3148,4.172551732527737,9.333747872560595,12.84000015258789,8.510000228881836,11.949999809265137,11.819999694824219,10.426198508702774,6.910198648054161,9.703510024121533,9.597948732594453,9.15946397836823,0.018672445042652825,-11.699999809265137,0.0,2860.0,1708.0,1.0,0.0,0.0,snow/ice covered,0.225122511386871,-8.10104942321777,100.0,521.708862304688
arenacam6_1769615375824334818.png,1769615375824334818,1769615375.8243349,42.30073361423313,-83.6974535063886,238.0624237060547,0.7223121386481257,0.6915209841510909,-0.00011067970814379775,0.00799315896749943,0.03547,0.03363000000000001,0.004730000000000001,-1.0054,-1.1658,-8.2685,4.152535584789184,9.288972951038318,11.84000015258789,10.420000076293945,11.84999942779541,11.75,9.614189288702775,8.461136134351387,9.622308792364597,9.541108335,9.30968563760469,0.0022298144989277738,-12.0,0.0,2860.0,1708.0,1.0,0.0,0.0,snow/ice covered,0.225122511386871,-8.10104942321777,100.0,521.708862304688
arenacam6_1769615375844967821.png,1769615375844967821,1769615375.8449678,42.30073435689273,-83.697453483468,238.06390380859375,0.7224910842719251,0.6913352386816365,0.00012619259072749666,0.007887013377243995,-0.024210000000000002,0.027640000000000005,0.021440000000000004,-3.3522000000000003,-0.6243000000000001,-10.488900000000001,4.0969274882049405,9.16458097546516,10.899999618530273,11.869999885559082,11.519999504089355,11.65999984741211,8.850900188243065,9.638549348472921,9.354345811715985,9.468027381297226,9.3279556824323,0.017826751425353386,-11.5,0.0,2860.0,1876.0,1.0,0.0,0.0,snow/ice covered,0.225122511386871,-8.10104942321777,100.0,521.708862304688
arenacam6_1769615375865609929.png,1769615375865609929,1769615375.86561,42.30073509228591,-83.69745345372742,238.06570434570312,0.7225005801026724,0.6913265800904596,0.0010698054246426232,0.0077023975543300685,-0.046790000000000005,0.10164000000000001,-0.0073500000000000015,-2.6299,1.3455000000000001,-9.3451,4.03029662638313,9.01553173542148,11.539999961853027,11.279999732971191,11.550000190734863,11.670000076293945,9.370586367824306,9.159463784770146,9.378706645878468,9.476147659351389,9.346226114456078,0.036680518547266644,-11.199999809265137,0.0,2860.0,1952.0,1.0,0.0,0.0,snow/ice covered,0.225122511386871,-8.10104942321777,100.0,521.708862304688
arenacam6_1769615375886596114.png,1769615375886596114,1769615375.8865962,42.30073654341903,-83.69745339811391,238.06822204589844,0.7225479431963782,0.6912801321133936,0.0014901663542570172,0.007350383133481897,0.006680000000000001,0.03957,0.012240000000000003,0.12150000000000001,0.24070000000000003,-9.8796,4.0216830471844425,8.996263675568768,11.210000038146973,10.869999885559082,11.420000076293945,11.369999885559082,9.102623387175694,8.826540128472919,9.273145354351389,9.23254473847292,9.10871340211823,0.012499603235823654,-11.0,0.0,2860.0,2104.0,1.0,0.0,0.0,snow/ice covered,0.225122511386871,-8.10104942321777,100.0,521.708862304688
arenacam6_1769615375907266591.png,1769615375907266591,1769615375.9072666,42.3007372527998,-83.69745336747593,238.06967163085938,0.7225975649367956,0.6912268125114971,0.0018523361078062262,0.007404165283998569,-0.045380000000000004,0.0379,0.009600000000000001,-3.7677,-0.7825000000000001,-10.904900000000001,3.9693500940828854,8.87919799945777,11.1899995803833,10.719999313354492,11.34999942779541,11.420000076293945,9.086382831067372,8.704738280837518,9.216304182364599,9.273145354351389,9.07014266215522,0.021504719537632926,-10.800000190734863,0.0,2860.0,2104.0,1.0,0.0,0.0,snow/ice covered,0.225122511386871,-8.10104942321777,100.0,521.708862304688
arenacam6_1769615375928019298.png,1769615375928019298,1769615375.9280193,42.30073796301647,-83.69745333701833,238.07095336914062,0.7226766499163484,0.6911450246876475,0.0023339135541027996,0.007181041896323472,0.0038900000000000002,0.04773000000000001,0.01025,-1.2847,1.7287000000000001,-9.699900000000001,3.9224971690851063,8.774390817413238,11.050000190734863,10.449999809265137,11.170000076293945,11.300000190734863,8.972702035878468,8.485496194121533,9.070143049351387,9.175704340878468,8.926011405057464,0.01727989906072192,-10.800000190734863,0.0,2860.0,2256.0,1.0,0.0,0.0,snow/ice covered,0.225122511386871,-8.10104942321777,100.0,521.708862304688
arenacam6_1769615375949676765.png,1769615375949676765,1769615375.9496768,42.30073865791093,-83.69745331110747,238.07249450683594,0.7227682148969158,0.6910522206030405,0.002302845708498915,0.006901654582441736,0.016720000000000002,0.009440000000000002,0.012930000000000002,-1.8677000000000001,-0.8763000000000001,-9.676,3.8968122393054405,8.716935170591913,10.829999923706055,10.760000228881836,10.9399995803833,10.979999542236328,8.794059790648614,8.737219393054161,8.883380526067372,8.915860863891679,8.832630143415457,0.013272436992976715,-10.40000057220459,0.0,2860.0,2328.0,1.0,0.0,0.0,snow/ice covered,0.225122511386871,-8.10104942321777,100.0,521.708862304688
arenacam6_1769615375970346682.png,1769615375970346682,1769615375.9703467,42.300739351213174,-83.69745327529267,238.07435607910156,0.7228659973806713,0.6909511662678683,0.0023592444276469347,0.006757930870517063,0.008430000000000002,0.019160000000000003,0.01518,-3.1521000000000003,1.1507,-10.922600000000001,3.8338518268297532,8.576096505508549,10.300000190734863,9.719999313354492,10.779999732971191,10.829999923706055,8.363695120878468,7.892729060837517,8.753459174770146,8.794059790648614,8.450985786783686,0.014588305838734644,-10.199999809265137,0.0,2820.0,2328.0,1.0,0.0,0.0,snow/ice covered,0.225122511386871,-8.10104942321777,100.0,521.708862304688
arenacam6_1769615375990711556.png,1769615375990711556,1769615375.9907115,42.30074003527308,-83.69745324365795,238.07626342773438,0.7229612004709903,0.6908556412546125,0.0021618129823534646,0.006396258660479625,0.04920000000000001,0.0044,0.00854,-2.1326,0.7198,-10.592400000000001,3.787553362365312,8.472529618409462,10.300000190734863,9.5,10.729999542236328,10.639999389648438,8.363695120878468,7.714087590000001,8.712858558891678,8.639777605188904,8.357604718739763,0.013564414035211565,-10.0,0.0,2820.0,2316.0,1.0,0.0,0.0,snow/ice covered,0.225122511386871,-8.10104942321777,100.0,521.708862304688
arenacam6_1769615376010568662.png,1769615376010568662,1769615376.0105686,42.30074070420475,-83.69745321273992,238.0790252685547,0.7230272366176447,0.6907891289713172,0.0017912615963241417,0.006227823535953089,0.03329000000000001,-0.024430000000000004,0.010130000000000002,-2.5484,0.0989,-10.4646,3.747813174333342,8.383633202193225,10.0,9.569999694824219,10.65999984741211,10.5,8.1200922,7.770927987594452,8.656018161297226,8.52609681,8.26828378972292,0.013758881106598132,-10.0,0.0,2820.0,2344.0,1.0,0.0,0.0,snow/ice covered,0.225122511386871,-8.10104942321777,100.0,521.708862304688
arenacam6_1769615376031401947.png,1769615376031401947,1769615376.0314019,42.3007413726521,-83.69745317941829,238.08177185058594,0.723109638739852,0.6907059919732883,0.0013180952648842057,0.0059954681709571715,0.03683,-0.011120000000000001,0.0025200000000000005,-2.2864,0.4702,-10.0114,3.671204310220004,8.212263769703537,8.829999923706055,9.84000015258789,10.489999771118164,10.34000015258789,7.170041350648613,7.990170848702774,8.51797653194584,8.396175458702775,8.0185910475,0.02358335382723939,-10.0,0.0,2820.0,2400.0,1.0,0.0,0.0,snow/ice covered,0.225122511386871,-8.10104942321777,100.0,521.708862304688
arenacam6_1769615376051983134.png,1769615376051983134,1769615376.051983,42.30074203100311,-83.6974531468195,238.084228515625,0.7231177947771417,0.6906981362124435,0.0010718629706059067,0.005965787380784035,0.009420000000000001,-0.013250000000000001,0.004810000000000001,-2.3096,-0.5442,-8.8147,3.631355921917565,8.123125315974278,7.419999599456787,10.149999618530273,10.260000228881836,10.279999732971191,6.0251080871552185,8.241893273243065,8.331214783054161,8.347454564770146,7.736417677055647,0.0476057704241202,-10.100000381469727,0.0,2820.0,2416.0,1.0,0.0,0.0,snow/ice covered,0.225122511386871,-8.10104942321777,100.0,521.708862304688
arenacam6_1769615376072634112.png,1769615376072634112,1769615376.0726342,42.30074267431907,-83.69745312357077,238.086181640625,0.7231603628897675,0.6906518965080772,0.0010649521179914821,0.006157375408585437,-0.015670000000000003,-0.020800000000000003,0.00034,-2.4891,-0.34800000000000003,-8.1624,3.588841006980388,8.02802200215471,6.449999809265137,9.539999961853027,10.149999618530273,10.069999694824219,5.237459314121533,7.746567927824307,8.241893273243065,8.176932597594453,7.350713278195839,0.08436807021419258,-9.90000057220459,0.0,2820.0,2228.0,1.0,0.0,0.0,snow/ice covered,0.225122511386871,-8.10104942321777,100.0,521.708862304688
arenacam6_1769615376093294926.png,1769615376093294926,1769615376.0932949,42.300743314273674,-83.6974531004435,238.08828735351562,0.7231698753172973,0.6906398763981806,0.0011345224752862208,0.006372238305634278,-0.026630000000000004,-0.00839,0.00262,-2.9708,-0.6343,-9.018,3.5283361503095154,7.892676268073368,6.460000038146973,9.4399995803833,9.960000038146973,9.979999542236328,5.245579592175694,7.665366696067372,8.087611862175693,8.103851643891678,7.27560244857761,0.07818309006184387,-9.90000057220459,0.0,2820.0,2176.0,1.0,0.0,0.0,snow/ice covered,0.225122511386871,-8.10104942321777,100.0,521.708862304688
arenacam6_1769615376114135501.png,1769615376114135501,1769615376.1141355,42.30074394654442,-83.69745307551469,238.08958435058594,0.723192729654485,0.6906129078682373,0.001436965359929741,0.00663493716828395,-0.04011000000000001,0.005350000000000001,0.00072,-2.2848,-0.2589,-9.294,3.4777884377778303,7.77960406800274,8.050000190734863,9.010000228881836,9.84999942779541,9.739999771118164,6.536674375878468,7.316203258054162,7.998290352364598,7.908969616945839,7.440034400810767,0.0436487081121021,-9.699999809265137,0.0,2820.0,2184.0,1.0,0.0,0.0,snow/ice covered,0.225122511386871,-8.10104942321777,100.0,521.708862304688
arenacam6_1769615376134729065.png,1769615376134729065,1769615376.134729,42.300744559678314,-83.69745305907705,238.09060668945312,0.7232241286143382,0.6905771487196514,0.0015908502844104722,0.006894247721131384,-0.023320000000000004,-0.004200000000000001,0.00557,-3.4749000000000003,0.25880000000000003,-9.321,3.4195748148045957,7.649383686228993,9.199999809265137,8.260000228881836,9.519999504089355,9.809999465942383,7.470484669121532,6.707196343054161,7.730327371715985,7.965810014540291,7.468454599607992,0.023652766555130884,-9.600000381469727,0.0,2820.0,2256.0,1.0,0.0,0.0,snow/ice covered,0.225122511386871,-8.10104942321777,100.0,521.708862304688
arenacam6_1769615376155554396.png,1769615376155554396,1769615376.1555543,42.30074517201798,-83.69745304525969,238.09149169921875,0.7232623405041981,0.690537747975537,0.0018487727695516362,0.0067666438143066535,-0.004600000000000001,0.03696000000000001,0.0034700000000000004,-2.0306,-0.41900000000000004,-8.8695,3.3662517105529255,7.530103101404261,9.800000190734863,7.309999942779541,9.359999656677246,9.670000076293945,7.957690510878468,5.93578735173646,7.600406020418759,7.852129219351387,7.336503275596268,0.025710116209682398,-9.600000381469727,0.0,2820.0,2276.0,1.0,0.0,0.0,snow/ice covered,0.225122511386871,-8.10104942321777,100.0,521.708862304688
arenacam6_1769615376178211660.png,1769615376178211660,1769615376.1782117,42.30074577671373,-83.69745302359588,238.0920867919922,0.723348423999483,0.690447776473862,0.001942398578840797,0.006719564533883111,-0.0009700000000000002,0.003920000000000001,0.014650000000000003,-1.6821000000000002,0.6823,-9.398200000000001,3.3366501087530875,7.463886094274132,9.170000076293945,5.549999713897705,9.289999961853027,9.429999351501465,7.446124609351387,4.506650938682299,7.543565622824306,7.6572464180132105,6.788396897217801,0.09050100557865264,-9.600000381469727,0.0,2820.0,2140.0,1.0,0.0,0.0,snow/ice covered,0.225122511386871,-8.10104942321777,100.0,521.708862304688
arenacam6_1769615376197741132.png,1769615376197741132,1769615376.197741,42.300746363852745,-83.69745300309765,238.0927276611328,0.7233826974344092,0.690413724785728,0.0018269972944542695,0.0065592500257888485,0.028700000000000003,0.014070000000000003,-0.00013000000000000002,-3.6454,1.5084,-10.116100000000001,3.2755136795403743,7.3271275703110454,9.010000228881836,4.449999809265137,9.25,9.359999656677246,7.316203258054162,3.6134408741215327,7.511085285,7.600406020418759,6.510283859398614,0.11148211943548235,-9.5,0.0,2820.0,2112.0,1.0,0.0,0.0,snow/ice covered,0.225122511386871,-8.10104942321777,100.0,521.708862304688
arenacam6_1769615376218516691.png,1769615376218516691,1769615376.2185168,42.30074695340341,-83.69745298764637,238.09315490722656,0.7233411612897622,0.6904617706962851,0.0018230188507101833,0.006064997378292944,0.03645000000000001,0.029480000000000003,-0.009590000000000001,-1.7714,0.07400000000000001,-9.4952,3.230379687368114,7.226165537861229,9.239999771118164,4.0,9.170000076293945,9.25,7.502965006945839,3.24803688,7.446124609351387,7.511085285,6.427052945324307,0.11058597929289075,-9.600000381469727,0.0,2820.0,2048.0,1.0,0.0,0.0,snow/ice covered,0.225122511386871,-8.10104942321777,100.0,521.708862304688
arenacam6_1769615376239222174.png,1769615376239222174,1769615376.2392223,42.300747533998845,-83.69745295901242,238.09353637695312,0.723334189180192,0.6904719714532446,0.001780821043852129,0.005738996159101991,0.024550000000000002,0.012190000000000003,0.0007400000000000001,-1.3804,0.9001,-8.864,3.2081910892880563,7.176530975272025,8.829999923706055,3.9700000286102295,9.170000076293945,9.130000114440918,7.170041350648613,3.2236766266317702,7.446124609351387,7.413644271527081,6.313371714539713,0.12027527836310839,-9.5,0.0,2820.0,2092.0,1.0,0.0,0.0,snow/ice covered,0.225122511386871,-8.10104942321777,100.0,521.708862304688
arenacam6_1769615376260574482.png,1769615376260574482,1769615376.2605746,42.30074809927101,-83.69745293468033,238.0934295654297,0.7232464783383444,0.6905664112261789,0.001749061756768171,0.00543176217720518,0.022640000000000004,0.020030000000000003,-0.018080000000000002,-2.9916,0.0555,-9.0188,3.1545017884964133,7.056431230759167,8.619999885559082,4.769999980926514,9.050000190734863,8.819999694824219,6.9995193834729195,3.8732839639121535,7.348683595878468,7.161921072594452,6.345852003964499,0.10069951843323224,-9.600000381469727,0.0,2820.0,2084.0,1.0,0.0,0.0,snow/ice covered,0.225122511386871,-8.10104942321777,100.0,521.708862304688
arenacam6_1769615376280676654.png,1769615376280676654,1769615376.2806766,42.300748665052076,-83.69745291399752,238.09344482421875,0.7231426996344184,0.6906757278526611,0.0022980806582253454,0.005137484397076242,-0.03382000000000001,0.027510000000000003,-0.007100000000000001,-1.4539,-1.1562000000000001,-9.645800000000001,3.0878821000375867,6.9074069848580795,8.34000015258789,5.96999979019165,8.84000015258789,8.739999771118164,6.772157018702774,4.847694873033686,7.1781616287027745,7.096960396945839,6.473743479346268,0.06278238801658237,-9.600000381469727,0.0,2820.0,2116.0,1.0,0.0,0.0,snow/ice covered,0.225122511386871,-8.10104942321777,100.0,521.708862304688
arenacam6_1769615376301109718.png,1769615376301109718,1769615376.3011098,42.30074922136595,-83.69745288950779,238.0931396484375,0.723132027176843,0.6906838972317821,0.0027298489352057145,0.005326659423841658,-0.04125000000000001,0.020310000000000005,-0.00474,-2.9143000000000003,-0.0984,-10.5975,3.0377684454306166,6.7953057463215645,7.809999942779541,7.789999961853027,8.420000076293945,8.6899995803833,6.34179196173646,6.325551792824307,6.837117694351387,7.056359781067372,6.640205307494881,0.02282464463216279,-9.800000190734863,0.0,2820.0,2116.0,1.0,0.0,0.0,snow/ice covered,0.225122511386871,-8.10104942321777,100.0,521.708862304688
arenacam6_1769615376320970213.png,1769615376320970213,1769615376.3209703,42.300749761363676,-83.69745287997456,238.09332275390625,0.7231036932624137,0.6907098426157615,0.0033201465126292537,0.0054716296568204535,-0.056850000000000005,0.034960000000000005,0.0006300000000000001,-1.9111,0.010100000000000001,-10.936200000000001,2.988957063853716,6.686117614416933,7.589999675750732,8.90999984741211,8.289999961853027,8.529999732971191,6.163149716506606,7.235002026297226,6.731556402824307,6.926438429770146,6.764036643849572,0.011653852643068415,-9.800000190734863,0.0,2820.0,2108.0,1.0,0.0,0.0,snow/ice covered,0.225122511386871,-8.10104942321777,100.0,521.708862304688
arenacam6_1769615376341543703.png,1769615376341543703,1769615376.3415437,42.300750304855534,-83.69745286961215,238.093505859375,0.723041506774821,0.6907706139648381,0.003670637756015496,0.005784875271019446,-0.043210000000000005,-0.0012100000000000001,-0.014640000000000002,-2.2953,-0.3105,-11.077200000000001,2.9530696889681503,6.6058397100404145,7.069999694824219,7.96999979019165,8.25,8.380000114440918,5.740904937594452,6.471713313033686,6.699076065,6.804637356527081,6.429082918038805,0.02675765682490772,-9.800000190734863,0.0,2820.0,2300.0,1.0,0.0,0.0,snow/ice covered,0.225122511386871,-8.10104942321777,100.0,521.708862304688
arenacam6_1769615376362199497.png,1769615376362199497,1769615376.3621995,42.30075083605612,-83.6974528554813,238.0942840576172,0.7230394414389841,0.6907678338080334,0.003915422136969474,0.006199626541053628,-0.04501000000000001,-0.013150000000000002,0.00218,-3.3644000000000003,-0.128,-11.860100000000001,2.894596132127001,6.475037871800174,6.789999961853027,7.099999904632568,8.119999885559082,8.300000190734863,5.513542572824306,5.765265384560767,6.59351477347292,6.739676680878468,6.152999852934116,0.049735310471091636,-9.800000190734863,0.0,2820.0,2340.0,1.0,0.0,0.0,snow/ice covered,0.225122511386871,-8.10104942321777,100.0,521.708862304688
arenacam6_1769615376382967043.png,1769615376382967043,1769615376.382967,42.30075135061341,-83.69745284980634,238.0963134765625,0.7230445789790493,0.6907604666709695,0.003941516059489661,0.006401479880983969,-0.007770000000000002,-0.03126,-0.00037000000000000005,-1.9449,0.5656,-11.1652,2.845958964045993,6.3662394450330435,7.25,7.419999599456787,7.96999979019165,8.119999885559082,5.887066845,6.0251080871552185,6.471713313033686,6.59351477347292,6.244350754665456,0.019146105235279078,-9.800000190734863,0.0,2784.0,2340.0,1.0,0.0,0.0,snow/ice covered,0.225122511386871,-8.10104942321777,100.0,521.708862304688
arenacam6_1769615376403821264.png,1769615376403821264,1769615376.4038212,42.300751868455485,-83.69745284594988,238.0982666015625,0.7230361368746098,0.6907676515081118,0.0037618873551038094,0.006681661989041775,-0.010850000000000002,-0.03786,-0.00185,-2.5323,-0.7918000000000001,-11.3467,2.7991069745798267,6.261434355716598,7.960000038146973,7.589999675750732,7.829999923706055,7.889999866485596,6.463593422175694,6.163149716506606,6.358032130648613,6.406752637385073,6.3478819766789965,0.013806360659754125,-9.699999809265137,0.0,2784.0,2388.0,1.0,0.0,0.0,snow/ice covered,0.225122511386871,-8.10104942321777,100.0,521.708862304688
arenacam6_1769615376424246921.png,1769615376424246921,1769615376.424247,42.30075237321348,-83.6974528355832,238.10089111328125,0.7231524186441795,0.6906428534741171,0.0036464807673040117,0.0070520587218321,-0.01882,-0.036480000000000005,0.015290000000000003,-3.1839,-0.020200000000000003,-10.619200000000001,2.7413932510100247,6.132332218914365,6.960000038146973,7.019999980926514,7.799999713897705,7.779999732971191,5.651584202175694,5.700304708912154,6.333671683682299,6.317431514770146,6.000748027385073,0.021457446666610487,-9.699999809265137,0.0,2784.0,2600.0,1.0,0.0,0.0,snow/ice covered,0.225122511386871,-8.10104942321777,100.0,521.708862304688
arenacam6_1769615376444978255.png,1769615376444978255,1769615376.4449782,42.30075286027517,-83.69745283590237,238.10421752929688,0.7232026900713305,0.6905875875421996,0.0035051986661720253,0.007373370229852759,-0.012750000000000003,-0.03728000000000001,0.007290000000000001,-2.1633,0.07490000000000001,-10.1928,2.689234641285369,6.015656538476894,6.37999963760376,6.96999979019165,7.839999675750732,7.639999866485596,5.180618529330912,5.659704093033686,6.366152021506606,6.203750332385074,5.852556244064069,0.027112634069052125,-9.699999809265137,0.0,2784.0,2584.0,1.0,0.0,0.0,snow/ice covered,0.225122511386871,-8.10104942321777,100.0,521.708862304688
arenacam6_1769615376466027083.png,1769615376466027083,1769615376.466027,42.30075382663167,-83.69745283381721,238.11068725585938,0.7232825437733663,0.6904999451632451,0.003398873813601453,0.007786864521952711,-0.02426,-0.03230000000000001,0.013380000000000003,-2.2639,-0.23440000000000003,-9.6876,2.644046825199586,5.914574105161962,5.0,7.239999771118164,7.539999961853027,7.460000038146973,4.0600461,5.878946566945839,6.122549487824307,6.057588812175694,5.529782741736461,0.06505816929230346,-9.699999809265137,0.0,2784.0,2372.0,1.0,0.0,0.0,snow/ice covered,0.225122511386871,-8.10104942321777,100.0,521.708862304688
arenacam6_1769615376486433022.png,1769615376486433022,1769615376.486433,42.30075428803921,-83.697452838165,238.1133270263672,0.7234100092730058,0.6903610821255793,0.0034758364879063862,0.008212997670644985,-0.04168,-0.01718,0.01602,-2.5699,-0.038700000000000005,-8.802,2.592543397894287,5.7993640284856465,2.929999828338623,7.199999809265137,7.429999828338623,7.37999963760376,2.3791868752093794,5.846466229121533,6.033228365209379,5.992627749330913,5.0628773047178015,0.12699439458366943,-9.300000190734863,0.0,2784.0,2372.0,1.0,0.0,0.0,snow/ice covered,0.225122511386871,-8.10104942321777,100.0,521.708862304688
arenacam6_1769615376507080261.png,1769615376507080261,1769615376.50708,42.30075474742654,-83.69745283967855,238.1160888671875,0.7234456300352732,0.6903168427584618,0.0037112932082518165,0.008677746803069422,-0.04896000000000001,-0.01467,0.006090000000000001,-3.0088000000000004,0.9402,-8.925,2.5372130014538956,5.675593251472278,2.0799999237060547,6.279999732971191,7.139999866485596,7.21999979019165,1.6889791156486131,5.099417684770146,5.797745722385073,5.862706398033686,4.61221223020938,0.18736032942231218,-9.100000381469727,0.0,2784.0,2444.0,1.0,0.0,0.0,snow/ice covered,0.225122511386871,-8.10104942321777,100.0,521.708862304688
arenacam6_1769615376527791948.png,1769615376527791948,1769615376.527792,42.300755198881824,-83.69745283345999,238.11822509765625,0.7234987534966308,0.6902575511967887,0.003901417714283509,0.008879506993774365,-0.023690000000000003,-0.01523,0.008380000000000002,-1.5402,0.21100000000000002,-9.4023,2.493421909603869,5.577635206469279,1.9299999475479126,4.46999979019165,7.049999713897705,7.179999828338623,1.5671777520084214,3.6296810430336857,5.724664768682299,5.83022606020938,4.187937405983447,0.24915537661444345,-8.600000381469727,0.0,2784.0,2280.0,1.0,0.0,0.0,snow/ice covered,0.225122511386871,-8.10104942321777,100.0,521.708862304688
arenacam6_1769615376550242046.png,1769615376550242046,1769615376.550242,42.300755634120456,-83.69745282651216,238.11973571777344,0.7235091676769326,0.6902441056091158,0.004037423680192095,0.009014331330203544,-0.01674,0.003940000000000001,-0.0024200000000000003,-2.4541,1.6671,-9.2879,2.4511261673593157,5.483022168812748,1.3700000047683716,2.299999952316284,6.37999963760376,6.940000057220459,1.1124526352719617,1.867621167280383,5.180618529330912,5.63534403326354,3.4490090912866993,0.37096568551107617,-8.600000381469727,0.0,2784.0,1820.0,1.0,0.0,0.0,snow/ice covered,0.225122511386871,-8.10104942321777,100.0,521.708862304688
arenacam6_1769615376591145631.png,1769615376591145631,1769615376.5911458,42.30075649666952,-83.69745280257801,238.12265014648438,0.723241318222038,0.6905263905946477,0.0042999284486447825,0.008764138526584303,0.014360000000000001,0.014840000000000002,-0.024860000000000004,-1.2804,1.0504,-9.0409,2.345483548486149,5.246705968950607,1.7400000095367432,1.3899999856948853,6.759999752044678,6.799999713897705,1.4128960505439234,1.1286928041841149,5.489182125857993,5.521662463682299,3.3881083610670824,0.35424085490639046,-8.100000381469727,0.0,2752.0,1624.0,1.0,0.0,0.0,snow/ice covered,0.225122511386871,-8.10104942321777,100.0,521.708862304688
arenacam6_1769615376611492784.png,1769615376611492784,1769615376.6114929,42.30075690866442,-83.69745278387938,238.12351989746094,0.7230376611692803,0.6907426450084382,0.004292018191422822,0.008527454335762373,0.018080000000000002,0.02096,-0.029890000000000003,-2.4503,0.9886,-9.158900000000001,2.30018780150104,5.145382100689737,3.1499998569488525,1.159999966621399,6.589999675750732,6.779999732971191,2.5578289268411494,0.9419306680962682,5.351140496506606,5.505422294770145,3.589080596553542,0.3024656815919605,-7.700000286102295,0.0,2752.0,1504.0,1.0,0.0,0.0,snow/ice covered,0.225122511386871,-8.10104942321777,100.0,521.708862304688
arenacam6_1769615376633294943.png,1769615376633294943,1769615376.6332948,42.300757318658704,-83.69745276285575,238.1243896484375,0.7228217060599138,0.6909738662527246,0.004304692658494799,0.008084987663143616,0.035750000000000004,0.04445,-0.037270000000000005,-2.3189,0.7025,-9.1723,2.247463768002901,5.02744160119641,5.739999771118164,1.0,6.429999828338623,6.639999866485596,4.660932736945839,0.81200922,5.221219145209379,5.391741112385073,4.021475553635073,0.20009502394258372,-7.400000095367432,0.0,2752.0,1480.0,1.0,0.0,0.0,snow/ice covered,0.225122511386871,-8.10104942321777,100.0,521.708862304688
arenacam6_1769615376651985365.png,1769615376651985365,1769615376.6519854,42.30075772189688,-83.69745273497774,238.12472534179688,0.722542141574485,0.6912716267766931,0.004240682543921982,0.007642530603324017,0.03783,0.030980000000000004,-0.03527,-1.5495,0.5353,-9.8282,2.218052054696514,4.96164936323282,6.429999828338623,0.8700000047683716,5.96999979019165,6.460000038146973,5.221219145209379,0.7064480252719617,4.847694873033686,5.245579592175694,4.0052354089226805,0.19276129453996263,-7.200000286102295,0.0,2712.0,1444.0,1.0,0.0,0.0,snow/ice covered,0.225122511386871,-8.10104942321777,100.0,521.708862304688
arenacam6_1769615376672628661.png,1769615376672628661,1769615376.6726286,42.300758110808914,-83.69745271207152,238.12501525878906,0.722342066196945,0.6914861214122807,0.0041302496308662975,0.007198912036950544,0.03629,0.024800000000000003,-0.03219,-2.3454,-0.4465,-9.925500000000001,2.1724213017539924,4.8595761067455765,6.289999961853027,0.7899999618530273,5.62999963760376,6.279999732971191,5.107537962824306,0.6414872528243065,4.571611614330912,5.099417684770146,3.855013628687418,0.20671812849349666,-7.0,0.0,2712.0,1648.0,1.0,0.0,0.0,snow/ice covered,0.225122511386871,-8.10104942321777,100.0,521.708862304688
arenacam6_1769615376693380778.png,1769615376693380778,1769615376.6933808,42.300758498571206,-83.69745268650196,238.12547302246094,0.722123298490496,0.6917190108888723,0.0041317590982312205,0.0067587216897920365,0.030850000000000002,0.036570000000000005,-0.029130000000000003,-1.9686000000000001,0.6116,-10.8069,2.1239687826477995,4.751190728656169,5.549999713897705,0.75,5.539999961853027,6.099999904632568,4.506650938682299,0.609006915,4.498531047824307,4.9532561645607665,3.641861266516843,0.23348451482878907,-7.099999904632568,0.0,2712.0,1648.0,1.0,0.0,0.0,snow/ice covered,0.225122511386871,-8.10104942321777,100.0,521.708862304688
arenacam6_1769615376714043152.png,1769615376714043152,1769615376.7140431,42.30075887785763,-83.69745265783423,238.1259765625,0.7219225751309125,0.6919337333634643,0.0038332252126476083,0.006388312337326532,0.04934,0.0059700000000000005,-0.031560000000000005,-1.7153,-0.1801,-11.605400000000001,2.085516271281438,4.6651747678803,4.909999847412109,0.7199999690055847,5.940000057220459,6.009999752044678,3.986965146297226,0.5846466132322491,4.82333481326354,4.880175210857993,3.5687804459127515,0.23501677354430897,-7.099999904632568,0.0,2672.0,1664.0,1.0,0.0,0.0,snow/ice covered,0.225122511386871,-8.10104942321777,100.0,521.708862304688
arenacam6_1769615376734612383.png,1769615376734612383,1769615376.7346125,42.30075924053065,-83.69745263931533,238.12777709960938,0.7217300706528896,0.6921372480162673,0.003505542543867096,0.006280620615520903,0.024800000000000003,-0.0008100000000000001,-0.022200000000000004,-3.4574000000000003,-0.8338,-11.4585,2.0251466570901693,4.530131563111284,4.679999828338623,5.299999713897705,5.779999732971191,5.75,3.8002030102093793,4.3036486336822986,4.693413074770145,4.669053015,4.366579433415456,0.036103174359797256,-7.5,0.0,2636.0,1672.0,1.0,0.0,0.0,snow/ice covered,0.225122511386871,-8.10104942321777,100.0,521.708862304688
arenacam6_1769615376755400603.png,1769615376755400603,1769615376.7554007,42.3007596095137,-83.69745261654126,238.12924194335938,0.721613534903407,0.6922593162520162,0.003414557386683011,0.006267862821837562,0.0019400000000000003,-0.030810000000000004,-0.021650000000000003,-0.10500000000000001,-0.12380000000000001,-10.1438,2.014569740961371,4.50647163634613,4.079999923706055,5.900000095367432,5.699999809265137,5.659999847412109,3.312997555648613,4.790854475439234,4.628452399121533,4.595972061297226,4.332069122876652,0.03870045737398331,-7.400000095367432,0.0,2636.0,1760.0,1.0,0.0,0.0,snow/ice covered,0.225122511386871,-8.10104942321777,100.0,521.708862304688
arenacam6_1769615376776282640.png,1769615376776282640,1769615376.7762825,42.30075996466302,-83.69745259804917,238.13143920898438,0.7214264658530476,0.6924546801159063,0.0029962481867431084,0.006433727470346409,0.01946,-0.030780000000000005,-0.021670000000000002,-3.4032,-1.1996,-11.1094,1.9591713878255868,4.382548844282568,2.5899999141693115,5.480000019073486,5.619999885559082,5.62999963760376,2.1031038101046895,4.449810541087847,4.56349172347292,4.571611614330912,3.922004422249092,0.10508597585496351,-7.800000190734863,0.0,2636.0,1808.0,1.0,0.0,0.0,snow/ice covered,0.225122511386871,-8.10104942321777,100.0,521.708862304688
arenacam6_1769615376796898329.png,1769615376796898329,1769615376.7968984,42.300760310284005,-83.69745259740112,238.1343231201172,0.7213972488087569,0.6924828150370026,0.0030018232174385817,0.0066745297179863616,-0.030560000000000004,-0.010350000000000002,-0.00468,-0.9398000000000001,-2.0514,-10.2567,1.9265818352086854,4.309647970451717,1.899999976158142,5.599999904632568,5.559999942779541,5.489999771118164,1.5428174986401917,4.547251554560767,4.5147712167364595,4.457930431945839,3.765692675470815,0.12621803421310243,-7.5,0.0,2636.0,1544.0,1.0,0.0,0.0,snow/ice covered,0.225122511386871,-8.10104942321777,100.0,521.708862304688
arenacam6_1769615376818460711.png,1769615376818460711,1769615376.8184607,42.300760655012944,-83.69745258193905,238.1368865966797,0.7214108340200427,0.6924626575086824,0.0029258335627432006,0.007301781459536664,-0.03436,-0.05233000000000001,0.00248,-1.9947000000000001,-0.0391,-9.4528,1.902237556632734,4.255191279934029,1.5,5.369999885559082,5.389999866485596,5.389999866485596,1.21801383,4.36048941847292,4.376729587385073,4.376729587385073,3.5829906058107666,0.15797190535079397,-7.400000095367432,0.0,2636.0,1608.0,1.0,0.0,0.0,snow/ice covered,0.225122511386871,-8.10104942321777,100.0,521.708862304688
arenacam6_1769615376839139443.png,1769615376839139443,1769615376.8391392,42.30076099313332,-83.6974525849403,238.1398162841797,0.7214760732781711,0.6923893192901899,0.0027987127573589152,0.007840499147385157,-0.033080000000000005,-0.049080000000000006,0.017380000000000003,-3.0073000000000003,-1.957,-11.0282,1.8464095143617252,4.130307299056318,1.2999999523162842,4.759999752044678,5.329999923706055,5.309999942779541,1.055611947280383,3.8651636858579925,4.328009080648613,4.3117689117364595,3.390138406380862,0.17920431558314498,-7.300000190734863,0.0,2636.0,1640.0,1.0,0.0,0.0,snow/ice covered,0.225122511386871,-8.10104942321777,100.0,521.708862304688
arenacam6_1769615376859797843.png,1769615376859797843,1769615376.8597977,42.30076131342179,-83.69745259548317,238.1427764892578,0.7216884523390675,0.6921624782092468,0.002873634226711685,0.008283945075038152,-0.03812000000000001,-0.010990000000000003,0.0337,-2.1279,-0.9457000000000001,-9.675,1.7895064959121958,4.003018660965828,1.2300000190734863,4.71999979019165,5.239999771118164,5.21999979019165,0.9987713560878467,3.832683348033686,4.254928126945839,4.238687958033686,3.3312676972752646,0.16781109971855254,-6.900000095367432,0.0,2604.0,1612.0,1.0,0.0,0.0,snow/ice covered,0.225122511386871,-8.10104942321777,100.0,521.708862304688
arenacam6_1769615376880522214.png,1769615376880522214,1769615376.8805223,42.300761636330265,-83.69745260160116,238.14540100097656,0.7218860743582579,0.6919506742292258,0.002959981694710431,0.008717717001053464,-0.034850000000000006,-0.023960000000000002,0.028750000000000005,-1.4023,0.4283,-8.7438,1.7598027045569251,3.9365730619315684,2.8999998569488525,4.659999847412109,4.960000038146973,5.009999752044678,2.3548266218411498,3.7839628412972264,4.027565762175694,4.068165990857993,3.5586303040430156,0.09600806385214318,-6.400000095367432,0.0,2604.0,1588.0,1.0,0.0,0.0,snow/ice covered,0.225122511386871,-8.10104942321777,100.0,521.708862304688
arenacam6_1769615376900277672.png,1769615376900277672,1769615376.9002779,42.30076194586231,-83.69745261083429,238.14759826660156,0.7220668505627399,0.691758719225891,0.0027825724075735783,0.00903299419668663,-0.00026000000000000003,-0.017480000000000002,0.027150000000000004,-4.107200000000001,0.8576,-9.5497,1.6867974851878704,3.773264766516155,4.699999809265137,4.360000133514404,4.819999694824219,4.889999866485596,3.8164431791215323,3.540360307614927,3.9138841925944523,3.970724977385073,3.8103531641789963,0.009829259264274933,-6.400000095367432,0.0,2604.0,1588.0,1.0,0.0,0.0,snow/ice covered,0.225122511386871,-8.10104942321777,100.0,521.708862304688
arenacam6_1769615376921291143.png,1769615376921291143,1769615376.9212914,42.300762240464785,-83.69745261875843,238.14944458007812,0.7223688456199352,0.6914434324669718,0.0028706331420307865,0.008999446726234255,-0.008150000000000001,-0.005790000000000001,0.02934,-2.1444,1.3073000000000001,-9.1179,1.6259393674464346,3.637128808615628,4.549999713897705,3.669999837875366,4.769999980926514,4.699999809265137,3.694641718682299,2.9800737057533024,3.8732839639121535,3.8164431791215323,3.5911106418673215,0.012652333521787457,-6.300000190734863,0.0,2572.0,1820.0,1.0,0.0,0.0,snow/ice covered,0.225122511386871,-8.10104942321777,100.0,521.708862304688
arenacam6_1769615376941619524.png,1769615376941619524,1769615376.9416194,42.30076253136933,-83.69745261955214,238.15115356445312,0.7224404206884729,0.6913708442251475,0.0026901047855136364,0.00888581156181382,0.030350000000000002,0.01602,0.007070000000000001,-3.1754000000000002,1.5814000000000001,-9.3206,1.5600133026642498,3.4896561572617673,4.509999752044678,3.169999837875366,4.71999979019165,4.589999675750732,3.6621613808579925,2.5740690957533023,3.832683348033686,3.727122056506605,3.4490089702878968,0.011647906023430446,-6.400000095367432,0.0,2524.0,2016.0,1.0,0.0,0.0,snow/ice covered,0.225122511386871,-8.10104942321777,100.0,521.708862304688
arenacam6_1769615376962362242.png,1769615376962362242,1769615376.9623623,42.300762815159025,-83.69745262199133,238.15249633789062,0.7224636177207812,0.6913493687453982,0.0027196018419759073,0.008658820413977282,0.0030800000000000003,0.020660000000000005,0.004300000000000001,-2.2115,-0.0245,-9.3706,1.5115508881798703,3.3812486438050793,4.519999980926514,3.169999837875366,4.5,4.46999979019165,3.6702816589121534,2.5740690957533023,3.65404149,3.6296810430336857,3.382018321924785,0.0002276313281828295,-6.5,0.0,2524.0,2016.0,1.0,0.0,0.0,snow/ice covered,0.225122511386871,-8.10104942321777,100.0,521.708862304688
arenacam6_1769615376983112634.png,1769615376983112634,1769615376.9831128,42.30076308109608,-83.69745261609843,238.1534423828125,0.7224491535402767,0.6913638725841986,0.002708726151096417,0.008710857417952004,0.0014700000000000002,-0.0032200000000000006,-0.0009000000000000002,-2.4593000000000003,2.0857,-9.6282,1.4657708025229623,3.2788413389957154,4.339999675750732,3.0999999046325684,4.429999828338623,4.360000133514404,3.524119751506605,2.5172285045607663,3.5972007052093797,3.540360307614927,3.2947273172229194,0.004844997541744369,-6.700000286102295,0.0,2488.0,2012.0,1.0,0.0,0.0,snow/ice covered,0.225122511386871,-8.10104942321777,100.0,521.708862304688
arenacam6_1769615377003929973.png,1769615377003929973,1769615377.0039299,42.30076334354561,-83.6974526039476,238.15444946289062,0.7223397020776495,0.691479907244954,0.0027689989339151557,0.008557179663077256,0.004090000000000001,0.013100000000000002,-0.019600000000000003,-2.906,0.333,-9.5225,1.4075124720970253,3.14852094933272,4.179999828338623,2.990000009536743,4.239999771118164,4.089999675750732,3.3941984002093792,2.4279075755439234,3.442918906945839,3.321117446506605,3.1465355823014365,0.0006305713264205084,-6.900000095367432,0.0,2488.0,2064.0,1.0,0.0,0.0,snow/ice covered,0.225122511386871,-8.10104942321777,100.0,521.708862304688
arenacam6_1769615377024289497.png,1769615377024289497,1769615377.0242896,42.30076359887262,-83.69745259371065,238.1551055908203,0.7222120525539578,0.6916121877694474,0.002916203998056247,0.008592358744816125,-0.016610000000000003,0.005930000000000001,-0.017650000000000002,-2.0267,0.40790000000000004,-9.8145,1.3630131647237609,3.04897866869717,3.9499998092651367,2.700000047683716,4.089999675750732,3.9800000190734863,3.2074362641215326,2.192424932719617,3.321117446506605,3.231796711087847,2.9881938386089004,0.019936128354168844,-7.099999904632568,0.0,2488.0,2076.0,1.0,0.0,0.0,snow/ice covered,0.225122511386871,-8.10104942321777,100.0,521.708862304688
arenacam6_1769615377045242247.png,1769615377045242247,1769615377.0452423,42.30076383718406,-83.69745257711298,238.15567016601562,0.7220673215591098,0.6917616020831455,0.0030180223077219135,0.008692557803266127,-0.012,-0.00657,-0.022520000000000002,-2.7334,0.9564,-9.792900000000001,1.3110157677507772,2.9326636115124236,3.7099997997283936,2.700000047683716,3.93999981880188,3.879999876022339,3.0125540435776093,2.192424932719617,3.199316179665456,3.1505956729289966,2.88872270722292,0.01498327463027468,-7.099999904632568,0.0,2488.0,2168.0,1.0,0.0,0.0,snow/ice covered,0.225122511386871,-8.10104942321777,100.0,521.708862304688
arenacam6_1769615377065811045.png,1769615377065811045,1769615377.065811,42.3007640726932,-83.69745256041124,238.1562042236328,0.7218598941643822,0.6919777913867646,0.0030298026972185115,0.008709174478554392,-0.0012200000000000002,-0.0021000000000000003,-0.025200000000000004,-2.4306,0.2054,-9.8879,1.2603987314867688,2.8194363384120127,3.6399998664855957,2.2699999809265137,3.7899999618530273,3.7699999809265137,2.955713452385073,1.8432609139121532,3.0775149128243067,3.0612747439121537,2.7344410057584216,0.030146214509479883,-7.200000286102295,0.0,2488.0,2308.0,1.0,0.0,0.0,snow/ice covered,0.225122511386871,-8.10104942321777,100.0,521.708862304688
arenacam6_1769615377086860322.png,1769615377086860322,1769615377.0868602,42.30076450935519,-83.69745252307696,238.1576385498047,0.7216866194757616,0.6921567983631439,0.0030351839723028254,0.008841798888432277,-0.010780000000000001,-0.013410000000000002,-0.024500000000000004,-3.1356,0.5767,-9.872900000000001,1.2032344594939854,2.691563291820476,3.4700000286102295,2.2100000381469727,3.5899999141693115,3.6399998664855957,2.81767201663177,1.7945404071756936,2.91511303010469,2.955713452385073,2.6207597265743066,0.026305740407939888,-7.200000286102295,0.0,2488.0,2384.0,1.0,0.0,0.0,snow/ice covered,0.225122511386871,-8.10104942321777,100.0,521.708862304688
arenacam6_1769615377108072965.png,1769615377108072965,1769615377.108073,42.3007647189085,-83.69745250467024,238.1584014892578,0.7214981011760045,0.6923547991352637,0.0028901247092506313,0.008773214516565183,0.026410000000000006,-0.009630000000000001,-0.027660000000000004,-2.4762,0.7689,-9.3528,1.155238167738104,2.584198466940075,3.2799999713897705,1.6799999475479126,3.429999828338623,3.5,2.66339021836823,1.3641754470084213,2.7851914852093795,2.8420322700000002,2.4136973551465077,0.06597833485887632,-7.300000190734863,0.0,2488.0,2512.0,1.0,0.0,0.0,snow/ice covered,0.225122511386871,-8.10104942321777,100.0,521.708862304688
arenacam6_1769615377129058028.png,1769615377129058028,1769615377.1290581,42.30076491879628,-83.6974524869908,238.15895080566406,0.7213074771336727,0.6925554300662758,0.002609001428854745,0.008700162545396455,0.019110000000000002,-0.03984000000000001,-0.025720000000000003,-2.3497,-0.7651,-9.8164,1.115355535985313,2.494983412666986,2.690000057220459,1.350000023841858,3.369999885559082,3.379999876022339,2.1843048482635403,1.0962124663598085,2.7364709784729198,2.7445910629289965,2.1903948390063164,0.12208040026008943,-7.200000286102295,0.0,2488.0,2356.0,1.0,0.0,0.0,snow/ice covered,0.225122511386871,-8.10104942321777,100.0,521.708862304688
arenacam6_1769615377149556280.png,1769615377149556280,1769615377.1495562,42.30076510201473,-83.69745246999979,238.15985107421875,0.7211440107712085,0.6927277380570152,0.0023356191797955362,0.008610548082067286,0.03245000000000001,-0.01634,-0.026100000000000005,-2.9128000000000003,0.6422,-9.9037,1.0578414140893497,2.36632777283303,2.5199999809265137,1.1399999856948853,3.2100000381469727,3.2200000286102295,2.046263218912153,0.9256904991841151,2.6065496271756934,2.6146697116317705,2.048293264225933,0.13440002363930248,-7.300000190734863,0.0,2488.0,2376.0,1.0,0.0,0.0,snow/ice covered,0.225122511386871,-8.10104942321777,100.0,521.708862304688
arenacam6_1769615377170529521.png,1769615377170529521,1769615377.1705296,42.300765286591655,-83.6974524582218,238.1606903076172,0.7209645802700141,0.6929187754798818,0.0020104373319121014,0.008342824778084625,0.039810000000000005,-0.013840000000000002,-0.02619,-1.7798,-1.0556,-9.4529,1.0180772203897896,2.2773776573787363,1.649999976158142,0.9099999666213989,3.009999990463257,3.009999990463257,1.3398151936401916,0.7389283630962683,2.444147744456077,2.444147744456077,1.7417597614121534,0.2351906343821251,-7.200000286102295,0.0,2488.0,2376.0,1.0,0.0,0.0,snow/ice covered,0.225122511386871,-8.10104942321777,100.0,521.708862304688
arenacam6_1769615377190879165.png,1769615377190879165,1769615377.1908793,42.300765461637354,-83.69745244949907,238.16110229492188,0.7207660817678644,0.6931285494829547,0.0016134374421081037,0.00815267344346016,0.026750000000000003,-0.004000000000000001,-0.018770000000000002,-2.6558,-0.5348,-9.592,0.9433418256657422,2.1101990635047256,1.3299999237060547,0.8100000023841858,2.869999885559082,2.859999895095825,1.079972200648613,0.6577274701359809,2.3304663684729197,2.322346284016843,1.597628080818589,0.2429017202930764,-7.200000286102295,0.0,2488.0,2372.0,1.0,0.0,0.0,snow/ice covered,0.225122511386871,-8.10104942321777,100.0,521.708862304688
arenacam6_1769615377210650027.png,1769615377210650027,1769615377.2106502,42.300765621859426,-83.69745244605326,238.16163635253906,0.7207014279421015,0.6931971456852482,0.0015554509392069764,0.00804671040965246,0.023210000000000005,0.006590000000000001,-0.017970000000000003,-1.9579000000000002,-0.7604000000000001,-9.6149,0.9244009416510964,2.0678294424170036,1.1200000047683716,0.7199999690055847,2.7200000286102295,2.859999895095825,0.9094503302719618,0.5846466132322491,2.20866510163177,2.322346284016843,1.506277082288206,0.27156609177226027,-7.200000286102295,0.0,2464.0,2412.0,1.0,0.0,0.0,snow/ice covered,0.225122511386871,-8.10104942321777,100.0,521.708862304688
arenacam6_1769615377231314185.png,1769615377231314185,1769615377.2313142,42.30076577959183,-83.69745244391463,238.1621856689453,0.7205730483133866,0.6933313971046471,0.0014628214595965544,0.007994747441241332,-0.00262,-0.00234,-0.012880000000000003,-2.4574000000000003,-0.5055000000000001,-9.5701,0.857770539257002,1.9187812300855582,0.9699999690055847,0.6599999666213989,2.7200000286102295,2.700000047683716,0.7876489182322491,0.5359260580962681,2.20866510163177,2.192424932719617,1.4311662526699762,0.2541274480748591,-7.200000286102295,0.0,2464.0,2340.0,1.0,0.0,0.0,snow/ice covered,0.225122511386871,-8.10104942321777,100.0,521.708862304688
arenacam6_1769615377252324138.png,1769615377252324138,1769615377.252324,42.300765931277176,-83.69745244788776,238.16233825683594,0.7205224635009203,0.6933837087744319,0.001584712297478503,0.007993790322063307,-0.008520000000000002,0.006560000000000001,-0.007340000000000001,-2.2869,-0.1958,-9.6554,0.8118971861783003,1.8161652916496873,0.8499999642372131,0.5999999642372131,2.559999942779541,2.5299999713897705,0.6902078079602874,0.4872055029602873,2.07874355673646,2.05438330336823,1.3276350427563162,0.2689899708685776,-7.200000286102295,0.0,2380.0,2356.0,1.0,0.0,0.0,snow/ice covered,0.225122511386871,-8.10104942321777,100.0,521.708862304688
arenacam6_1769615377272696714.png,1769615377272696714,1769615377.2726967,42.30076606838327,-83.69745245519701,238.16273498535156,0.7204504328361937,0.6934570118897692,0.0018002709372651306,0.008081182562352102,-0.026100000000000005,0.0030300000000000006,-0.0091,-2.0851,-0.3849,-9.6292,0.7735059381651699,1.7302863733191953,0.75,0.5600000023841858,2.3899998664855957,2.5299999713897705,0.609006915,0.4547251651359809,1.9407019273850727,2.05438330336823,1.2647043277223209,0.2690780282247452,-7.200000286102295,0.0,2308.0,2400.0,1.0,0.0,0.0,snow/ice covered,0.225122511386871,-8.10104942321777,100.0,521.708862304688
arenacam6_1769615377293280388.png,1769615377293280388,1769615377.2932806,42.30076620322863,-83.69745246107345,238.1631317138672,0.7203951575904957,0.6935116615984386,0.0020869630329005758,0.008248438181665553,-0.03309,0.009900000000000003,-0.00792,-2.5516,0.24080000000000001,-9.6834,0.7273961413011483,1.6271415243221907,0.6800000071525574,0.5099999904632568,2.3899998664855957,2.379999876022339,0.5521662754079425,0.41412469445607664,1.9407019273850727,1.9325818429289963,1.209893685044522,0.2564299620166594,-7.200000286102295,0.0,2192.0,2408.0,1.0,0.0,0.0,snow/ice covered,0.225122511386871,-8.10104942321777,100.0,521.708862304688
arenacam6_1769615377314029781.png,1769615377314029781,1769615377.31403,42.30076633286749,-83.6974524709253,238.16331481933594,0.7203165757270932,0.6935905095995127,0.0024200818922477585,0.008389215095456188,-0.03245000000000001,0.009960000000000002,-0.013360000000000002,-1.8699000000000001,0.2942,-9.6896,0.6899908390637898,1.543468107535354,0.6200000047683716,0.47999998927116394,2.2100000381469727,2.2200000286102295,0.5034457202719618,0.3897644168880862,1.7945404071756936,1.8026604916317701,1.122602758991878,0.272675118124419,-7.200000286102295,0.0,2100.0,2344.0,1.0,0.0,0.0,snow/ice covered,0.225122511386871,-8.10104942321777,100.0,521.708862304688
arenacam6_1769615377334937375.png,1769615377334937375,1769615377.3349373,42.30076644815524,-83.69745247612465,238.1634979248047,0.7202183008092213,0.6936887355714695,0.0027322181215833088,0.008606526876162703,-0.03984000000000001,0.0059700000000000005,-0.013060000000000002,-2.0165,0.2318,-9.9503,0.6531657870793514,1.4610926757492844,0.5699999928474426,0.44999998807907104,2.2100000381469727,2.2100000381469727,0.46284524959205753,0.3654041393200958,1.7945404071756936,1.7945404071756936,1.1043325508158852,0.2441735085356196,-7.200000286102295,0.0,1988.0,2228.0,1.0,0.0,0.0,snow/ice covered,0.225122511386871,-8.10104942321777,100.0,521.708862304688
arenacam6_1769615377355562411.png,1769615377355562411,1769615377.3555624,42.3007665617867,-83.69745247940926,238.16366577148438,0.7200952460754868,0.6938127640760855,0.00303701589987072,0.008801222586105908,-0.03148,0.011660000000000002,-0.017490000000000002,-1.9774,0.7657,-9.952,0.6130455750500352,1.3713461686524258,0.5199999809265137,0.41999998688697815,2.0299999713897705,2.059999942779541,0.4222447789121533,0.3410438617521053,1.64837869336823,1.6727389467364597,1.0211015701922372,0.25540203229966485,-7.200000286102295,0.0,1872.0,2112.0,1.0,0.0,0.0,snow/ice covered,0.225122511386871,-8.10104942321777,100.0,521.708862304688
arenacam6_1769615377376505452.png,1769615377376505452,1769615377.3765054,42.30076667033276,-83.69745248714973,238.1640167236328,0.7199398371023437,0.6939708072023854,0.0032742080857281145,0.00896823646721492,-0.027860000000000003,0.008660000000000001,-0.023870000000000006,-1.6805,0.4184,-10.07,0.5781580132746159,1.2933047862145195,0.4899999797344208,0.38999998569488525,2.0299999713897705,2.059999942779541,0.39788450134416287,0.3166835841841149,1.64837869336823,1.6727389467364597,1.008921431408242,0.21988889072208773,-7.099999904632568,0.0,1772.0,1984.0,1.0,0.0,0.0,snow/ice covered,0.225122511386871,-8.10104942321777,100.0,521.708862304688
arenacam6_1769615377396908684.png,1769615377396908684,1769615377.3969088,42.30076676531359,-83.69745248657122,238.16441345214844,0.7197664993930367,0.6941478306243072,0.003437387953575447,0.009119208031316986,-0.02045,0.0035100000000000005,-0.023490000000000004,-1.9700000000000002,0.7828,-9.9338,0.5404569998041331,1.2089698811418574,0.44999998807907104,0.3700000047683716,1.8299999237060547,1.8899999856948853,0.3654041393200958,0.3004434152719617,1.485976810648613,1.534697414184115,0.9216304448561964,0.23767294848923154,-7.099999904632568,0.0,1688.0,1884.0,0.0,0.0,0.0,snow/ice covered,0.225122511386871,-8.10104942321777,100.0,521.708862304688
arenacam6_1769615377418549673.png,1769615377418549673,1769615377.4185498,42.30076685942961,-83.69745248610208,238.164794921875,0.7195523862072405,0.6943683554165367,0.003521914473197006,0.009194923493091011,-0.010230000000000003,0.00502,-0.030510000000000002,-1.9691,0.6351,-9.9327,0.5015260527273938,1.1218836883880163,0.429999977350235,0.3499999940395355,1.8299999237060547,1.8899999856948853,0.349163946208182,0.28420322216004795,1.485976810648613,1.534697414184115,0.9135103483002395,0.1857352435413149,-7.099999904632568,0.0,1608.0,1864.0,0.0,0.0,0.0,snow/ice covered,0.225122511386871,-8.10104942321777,100.0,521.708862304688
arenacam6_1769615377439259519.png,1769615377439259519,1769615377.4392593,42.30076694738346,-83.69745248715077,238.16529846191406,0.7193342367737913,0.6945933864733784,0.0035559129105727327,0.0092541210216677,-0.005320000000000001,-0.00128,-0.030600000000000002,-2.0026,0.6413,-9.804,0.4643093135192376,1.0386320757837235,0.4099999964237213,0.32999998331069946,1.5699999332427979,1.6899999380111694,0.33292377729602873,0.26796302904813407,1.2748544211925366,1.3722955314644982,0.8120091897502995,0.2181936138092217,-7.099999904632568,0.0,1592.0,1804.0,0.0,0.0,0.0,snow/ice covered,0.225122511386871,-8.10104942321777,100.0,521.708862304688
arenacam6_1769615377460172721.png,1769615377460172721,1769615377.460173,42.30076702144656,-83.69745248037137,238.16580200195312,0.7190844143099616,0.6948521689286877,0.003516015845607031,0.009257756973017449,0.0032800000000000004,-0.0016300000000000002,-0.03608000000000001,-2.1405000000000003,0.6929000000000001,-9.758700000000001,0.42436878845111986,0.9492875176378481,0.3700000047683716,0.3100000023841858,1.5699999332427979,1.6699999570846558,0.3004434152719617,0.2517228601359809,1.2748544211925366,1.3560553625523448,0.7957690147882059,0.0,-7.0,0.0,1560.0,1748.0,0.0,0.0,0.0,snow/ice covered,0.225122511386871,-8.10104942321777,100.0,521.708862304688
arenacam6_1769615377481116932.png,1769615377481116932,1769615377.481117,42.30076709524461,-83.69745247438702,238.166259765625,0.7186954527277734,0.6952557392822832,0.0033961334077199177,0.009207035426439726,0.00727,-0.004390000000000001,-0.03638,-2.0229,0.3637,-9.7346,0.36781076549525044,0.8227706137669456,0.3499999940395355,0.29999998211860657,1.399999976158142,1.5,0.28420322216004795,0.24360275148014365,1.1368128886401918,1.21801383,0.7206581730700958,0.0,-7.0,0.0,1524.0,1672.0,0.0,0.0,0.0,snow/ice covered,0.225122511386871,-8.10104942321777,100.0,521.708862304688
arenacam6_1769615377501332098.png,1769615377501332098,1769615377.5013323,42.30076716212333,-83.69745247059639,238.1667938232422,0.7184228097091827,0.695538251853839,0.0033025471484496726,0.009181496610111363,0.00795,-0.005550000000000001,-0.03891000000000001,-2.1459,0.3602,-9.6743,0.32712650576937785,0.7317623658157522,0.32999998331069946,0.28999999165534973,1.2899999618530273,1.4199999570846558,0.26796302904813407,0.23548266702406706,1.0474918628243066,1.1530530575523448,0.6759976541122131,0.0,-7.0,0.0,1524.0,1600.0,0.0,0.0,0.0,snow/ice covered,0.225122511386871,-8.10104942321777,100.0,521.708862304688
arenacam6_1769615377521058013.png,1769615377521058013,1769615377.521058,42.30076721526459,-83.69745246180774,238.16722106933594,0.7181638870207625,0.6958066525753582,0.0032055526193799397,0.00913553739572007,0.010110000000000001,-0.005270000000000001,-0.03725,-2.0746,0.0849,-9.6109,0.28773017123983063,0.6436351292532267,0.3199999928474426,0.26999998092651367,1.2899999618530273,1.4199999570846558,0.2598429445920575,0.21924247391215326,1.0474918628243066,1.1530530575523448,0.6699075847202156,0.0,-7.0,0.0,1524.0,1556.0,0.0,0.0,0.0,snow/ice covered,0.225122511386871,-8.10104942321777,100.0,521.708862304688
arenacam6_1769615377541610115.png,1769615377541610115,1769615377.5416102,42.30076726772768,-83.6974524538815,238.16763305664062,0.7179158230583215,0.6960629532226663,0.003140620695885826,0.009130862778385599,0.0034600000000000004,-0.003920000000000001,-0.03532000000000001,-2.1621,0.1345,-9.6416,0.2467741282867583,0.5520189185297811,0.29999998211860657,0.25999999046325684,1.2699999809265137,1.2999999523162842,0.24360275148014365,0.21112238945607664,1.0312516939121532,1.055611947280383,0.6353971955321891,0.0,-7.0,0.0,1524.0,1524.0,0.0,0.0,0.0,snow/ice covered,0.225122511386871,-8.10104942321777,100.0,521.708862304688
arenacam6_1769615377562402540.png,1769615377562402540,1769615377.5624025,42.300767312923355,-83.69745245004944,238.16802978515625,0.7176886059297208,0.6962975778604048,0.003086429781183755,0.00912260574581502,0.0046500000000000005,-0.0033000000000000004,-0.030650000000000004,-2.124,-0.0499,-9.6137,0.20510427788859792,0.45880596338012025,0.28999999165534973,0.25999999046325684,1.0699999332427979,1.100000023841858,0.23548266702406706,0.21112238945607664,0.8688498111925363,0.8932101613598085,0.5521662572581221,0.0,-6.900000095367432,0.0,1524.0,1524.0,0.0,0.0,0.0,snow/ice covered,0.225122511386871,-8.10104942321777,100.0,521.708862304688
arenacam6_1769615377583108475.png,1769615377583108475,1769615377.5831084,42.300767342045766,-83.69745244251946,238.16795349121094,0.7175067986163985,0.6964846847691292,0.0030515774218957676,0.009152360161818838,-0.0019300000000000003,-0.0031700000000000005,-0.024170000000000004,-2.3984,-0.055600000000000004,-9.6478,0.16056240069722727,0.3591684566156556,0.2800000011920929,0.25,0.9300000071525574,1.090000033378601,0.22736258256799044,0.203002305,0.7551685804079427,0.8850900769037318,0.5176558862199162,0.0,-6.800000190734863,0.0,1524.0,1520.0,0.0,0.0,0.0,snow/ice covered,0.225122511386871,-8.10104942321777,100.0,521.708862304688
arenacam6_1769615377603788214.png,1769615377603788214,1769615377.6037884,42.30076736986259,-83.69745243506705,238.16787719726562,0.7173612568488215,0.6966345078551959,0.003080050317631238,0.009148930411196306,-0.004300000000000001,0.0029000000000000007,-0.01847,-2.0189,-0.3669,-9.584900000000001,0.11904218269589772,0.26629022015976145,0.26999998092651367,0.22999998927116394,0.8700000047683716,1.090000033378601,0.21924247391215326,0.1867621118880862,0.7064480252719617,0.8850900769037318,0.4993856719939832,0.0,-6.700000286102295,0.0,1524.0,1516.0,0.0,0.0,0.0,snow/ice covered,0.225122511386871,-8.10104942321777,100.0,521.708862304688
arenacam6_1769615377624353501.png,1769615377624353501,1769615377.6243536,42.30076739238592,-83.69745243610919,238.16802978515625,0.7172996653079272,0.6966966771060488,0.003134889126438858,0.009225114020469636,-0.009980000000000001,-0.0026500000000000004,-0.005920000000000001,-2.3647,-0.1297,-9.7235,0.07533895082366697,0.1685287126554936,0.25999999046325684,0.2199999988079071,0.8700000047683716,1.0499999523162842,0.21112238945607664,0.17864202743200958,0.7064480252719617,0.852609642280383,0.48720552111010773,0.0,-6.599999904632568,0.0,1500.0,1516.0,0.0,0.0,0.0,snow/ice covered,0.225122511386871,-8.10104942321777,100.0,521.708862304688
arenacam6_1769615377645055133.png,1769615377645055133,1769615377.6450553,42.30076739795468,-83.69745243459559,238.16773986816406,0.7173001305285385,0.6966955237518772,0.0032283074921500964,0.009243806498178506,-0.008100000000000001,0.0048400000000000006,0.0027600000000000003,-2.2032000000000003,-0.2528,-9.6392,0.029877625506504392,0.06683445560051994,0.25,0.2199999988079071,0.8700000047683716,0.9099999666213989,0.203002305,0.17864202743200958,0.7064480252719617,0.7389283630962683,0.4567551802000599,0.0,-6.400000095367432,0.0,1400.0,1524.0,0.0,0.0,0.0,snow/ice covered,0.225122511386871,-8.10104942321777,100.0,521.708862304688
arenacam6_1769615377666051514.png,1769615377666051514,1769615377.6660516,42.3007674017434,-83.69745244093434,238.16741943359375,0.717373498003632,0.6966187721333339,0.0033027555141471043,0.009308194212242864,-0.010600000000000002,-0.0020700000000000002,0.014520000000000002,-2.4312,-0.13290000000000002,-9.831000000000001,-0.014372389226593793,0.03215017235653672,0.23999999463558197,0.2199999988079071,0.8199999928474426,0.8100000023841858,0.1948822084440431,0.17864202743200958,0.6658475545920575,0.6577274701359809,0.4242748151510227,0.0,-6.099999904632568,0.0,1344.0,1520.0,0.0,0.0,0.0,snow/ice covered,0.225122511386871,-8.10104942321777,100.0,521.708862304688
arenacam6_1769615377686729852.png,1769615377686729852,1769615377.6867297,42.30076738357812,-83.69745244351,238.16705322265625,0.7175108594309146,0.6964762170651237,0.003403515239194481,0.009352098448025585,-0.009980000000000001,0.0035800000000000007,0.021640000000000003,-2.3271,0.1598,-9.8316,-0.061452397495415326,0.13746532605339437,0.22999998927116394,0.20999999344348907,0.7400000095367432,0.7199999690055847,0.1867621118880862,0.17052193087605266,0.6008868305439234,0.5846466132322491,0.38570437163507787,0.0,-5.800000190734863,0.0,1280.0,1508.0,0.0,0.0,0.0,snow/ice covered,0.225122511386871,-8.10104942321777,100.0,521.708862304688
arenacam6_1769615377707291779.png,1769615377707291779,1769615377.7072918,42.30076736575334,-83.6974524453922,238.16664123535156,0.7176624428923238,0.6963199434203848,0.0035102048315946424,0.00931841826138675,-0.0026800000000000005,0.01048,0.022200000000000004,-1.8302,0.6582,-9.4677,-0.09973394308847529,0.22309884665233393,0.2199999988079071,0.19999998807907104,0.6699999570846558,0.6599999666213989,0.17864202743200958,0.16240183432009578,0.5440461425523448,0.5359260580962681,0.35525401560017955,0.0,-5.400000095367432,0.0,1236.0,1460.0,0.0,0.0,0.0,snow/ice covered,0.225122511386871,-8.10104942321777,100.0,521.708862304688
arenacam6_1769615377729033131.png,1769615377729033131,1769615377.7290332,42.300767344370215,-83.69745244938295,238.1664276123047,0.7177984224202383,0.6961805628382881,0.0036017976487086978,0.009223651710638622,0.0020700000000000002,0.013930000000000001,0.018750000000000003,-1.2786,0.8207,-9.4328,-0.12614689765552659,0.28218304124155363,0.2199999988079071,0.1899999976158142,0.6100000143051147,0.5999999642372131,0.17864202743200958,0.15428174986401916,0.4953256358158851,0.4872055029602873,0.3288637290180503,0.0,-5.0,0.0,1188.0,1400.0,0.0,0.0,0.0,snow/ice covered,0.225122511386871,-8.10104942321777,100.0,521.708862304688
arenacam6_1769615377749571962.png,1769615377749571962,1769615377.7495718,42.30076731496232,-83.69745244402402,238.1656036376953,0.71789347842473,0.6960841955660643,0.0036968079184444193,0.009059797437085789,0.006780000000000001,0.019620000000000002,0.011530000000000002,-0.7424000000000001,0.7843,-9.2005,-0.14179229619408873,0.3171808590484049,0.20999999344348907,0.17999999225139618,0.5600000023841858,0.550000011920929,0.17052193087605266,0.14616165330806227,0.4547251651359809,0.44660508067990423,0.3045034575,0.0,-4.5,0.0,1164.0,1356.0,0.0,0.0,0.0,snow/ice covered,0.225122511386871,-8.10104942321777,100.0,521.708862304688
arenacam6_1769615377770711843.png,1769615377770711843,1769615377.770712,42.300767285694874,-83.69745243693315,238.16481018066406,0.7179343245460245,0.6960445135290507,0.003792888530241298,0.008829202758347013,0.011030000000000002,0.02248,0.0043300000000000005,-0.08600000000000001,1.1304,-9.2909,-0.1447494731614253,0.32379588649371877,0.19999998807907104,0.17999999225139618,0.5,0.4899999797344208,0.16240183432009578,0.14616165330806227,0.40600461,0.39788450134416287,0.2781131497430802,0.0,-3.799999952316284,0.0,1140.0,1316.0,0.0,0.0,0.0,snow/ice covered,0.225122511386871,-8.10104942321777,100.0,521.708862304688
arenacam6_1769615377791084983.png,1769615377791084983,1769615377.791085,42.30076726017894,-83.69745243327742,238.1641082763672,0.717878429489035,0.6961080585853775,0.0038470343519882576,0.008326558325499153,0.01958,0.027140000000000004,-0.011020000000000002,0.23550000000000001,-0.0932,-9.6597,-0.139560722401425,0.3121889623686437,0.1899999976158142,0.17999999225139618,0.4699999988079071,0.4599999785423279,0.15428174986401916,0.14616165330806227,0.38164433243200957,0.3735242237761724,0.2639029898450658,0.0,-3.1000001430511475,0.0,1080.0,1280.0,0.0,0.0,0.0,snow/ice covered,0.225122511386871,-8.10104942321777,100.0,521.708862304688
arenacam6_1769615377810665659.png,1769615377810665659,1769615377.8106658,42.30076723248518,-83.69745242035555,238.1628875732422,0.7178433376124945,0.6961453834153422,0.003909501718027777,0.008201438360248918,0.008990000000000001,0.025700000000000004,-0.00871,0.139,0.3478,-9.5676,-0.13779638572047784,0.30824224707356573,0.17999999225139618,0.17000000178813934,0.4399999976158142,0.429999977350235,0.14616165330806227,0.13804156885198562,0.35728405486401915,0.349163946208182,0.24766280580806227,0.0,-2.299999952316284,0.0,964.0,1228.0,0.0,0.0,0.0,snow/ice covered,0.225122511386871,-8.10104942321777,100.0,521.708862304688
arenacam6_1769615377831450532.png,1769615377831450532,1769615377.8314507,42.30076720612654,-83.69745240980751,238.16168212890625,0.7176959878252948,0.6963036099161448,0.004033843686154085,0.007581555403406759,0.026970000000000004,0.030150000000000003,-0.020550000000000002,0.8993,-0.2197,-9.7111,-0.11869811127840701,0.2655205530431198,0.17999999225139618,0.17000000178813934,0.429999977350235,0.4099999964237213,0.14616165330806227,0.13804156885198562,0.349163946208182,0.33292377729602873,0.24157273641606464,0.0,-1.5,0.0,824.0,1180.0,0.0,0.0,0.0,snow/ice covered,0.225122511386871,-8.10104942321777,100.0,521.708862304688
arenacam6_1769615377852105534.png,1769615377852105534,1769615377.8521054,42.30076718481871,-83.69745240167221,238.16067504882812,0.7175875379567156,0.696418064347584,0.0041536794577266885,0.007263054904537139,0.013560000000000003,0.03543000000000001,-0.013100000000000002,0.5415,-0.1179,-9.829500000000001,-0.10706945170262687,0.23950793929167416,0.17999999225139618,0.1599999964237213,0.429999977350235,0.3799999952316284,0.14616165330806227,0.12992147229602874,0.349163946208182,0.3085634997280383,0.2334526428850778,0.0,-0.699999988079071,0.0,720.0,1144.0,0.0,0.0,0.0,snow/ice covered,0.225122511386871,-8.10104942321777,100.0,521.708862304688
arenacam6_1769615377872682992.png,1769615377872682992,1769615377.872683,42.30076716566851,-83.6974523927007,238.15943908691406,0.7174999754851179,0.6965109653027081,0.0042723804882683295,0.006928719716400564,0.016710000000000003,0.029440000000000004,-0.012830000000000001,1.0331000000000001,-0.21100000000000002,-9.9749,-0.08737232734559565,0.19544665393245675,0.17000000178813934,0.1599999964237213,0.429999977350235,0.35999998450279236,0.13804156885198562,0.12992147229602874,0.349163946208182,0.29232330661612455,0.22736257349308026,0.0,0.10000000149011612,0.0,652.0,1076.0,0.0,0.0,0.0,snow/ice covered,0.225122511386871,-8.10104942321777,100.0,521.708862304688
arenacam6_1769615377893553462.png,1769615377893553462,1769615377.8935535,42.30076714604893,-83.69745238537249,238.15823364257812,0.7174257980931354,0.6965892797554047,0.004368142941943586,0.0066722475607893395,0.00949,0.026560000000000004,-0.00893,0.6056,-0.45220000000000005,-10.0358,-0.07296790029699007,0.16322481489034898,0.17000000178813934,0.14999999105930328,0.429999977350235,0.35999998450279236,0.13804156885198562,0.12180137574007183,0.349163946208182,0.29232330661612455,0.22533254935409103,0.0,0.800000011920929,0.0,604.0,1008.0,0.0,0.0,0.0,snow/ice covered,0.225122511386871,-8.10104942321777,100.0,521.708862304688
arenacam6_1769615377913966883.png,1769615377913966883,1769615377.913967,42.3007671345475,-83.6974523836202,238.1574249267578,0.7174088473965431,0.6966077635482086,0.004505294696394059,0.006470839298366224,0.0036300000000000004,0.01599,-0.0021300000000000004,0.9165000000000001,-0.4965,-10.203800000000001,-0.05399453499100206,0.12078253510277216,0.1599999964237213,0.14999999105930328,0.429999977350235,0.35999998450279236,0.12992147229602874,0.12180137574007183,0.349163946208182,0.29232330661612455,0.2233025252151018,0.0,1.399999976158142,0.0,580.0,900.0,0.0,0.0,0.0,snow/ice covered,0.225122511386871,-8.10104942321777,100.0,521.708862304688
arenacam6_1769615377934748607.png,1769615377934748607,1769615377.9347486,42.30076712372561,-83.69745238329472,238.15670776367188,0.7174299106829792,0.6965863604021933,0.004595619514171669,0.006375424716745704,-1e-05,0.011070000000000002,0.0048600000000000015,0.4169,-0.3507,-10.4892,-0.04325091823325524,0.09674970903269799,0.1599999964237213,0.14999999105930328,0.4099999964237213,0.35999998450279236,0.12992147229602874,0.12180137574007183,0.33292377729602873,0.29232330661612455,0.21924248298706345,0.0,2.0,0.0,580.0,700.0,0.0,0.0,0.0,snow/ice covered,0.225122511386871,-8.10104942321777,100.0,521.708862304688
arenacam6_1769615377955462296.png,1769615377955462296,1769615377.9554625,42.30076711372602,-83.69745238334743,238.15597534179688,0.7174858400143672,0.6965287345335209,0.004682660106122371,0.006313797774756761,-0.00198,0.0083,0.008960000000000003,0.6676000000000001,-0.4117,-10.3279,-0.031183627651271948,0.06975590403823628,0.14999999105930328,0.14999999105930328,0.38999998569488525,0.35999998450279236,0.12180137574007183,0.12180137574007183,0.3166835841841149,0.29232330661612455,0.21315241057009576,0.0,2.4000000953674316,0.0,580.0,700.0,0.0,0.0,0.0,snow/ice covered,0.225122511386871,-8.10104942321777,100.0,521.708862304688
arenacam6_1769615377976695326.png,1769615377976695326,1769615377.9766953,42.30076710883391,-83.69745238876865,238.15582275390625,0.717569709869923,0.6964416607499185,0.00471939826152681,0.006360183105785608,-0.006860000000000001,-0.0025200000000000005,0.013040000000000001,0.4582,-0.0779,-10.4536,-0.019836618464129263,0.04437332530714932,0.14999999105930328,0.14000000059604645,0.3700000047683716,0.3400000035762787,0.12180137574007183,0.11368129128399522,0.3004434152719617,0.27608313770397125,0.203002305,0.0,2.799999952316284,0.0,568.0,624.0,0.0,0.0,0.0,snow/ice covered,0.225122511386871,-8.10104942321777,100.0,521.708862304688
arenacam6_1769615377998061751.png,1769615377998061751,1769615377.998062,42.30076710356726,-83.69745239293293,238.1558380126953,0.7176565228542304,0.6963516018605952,0.004718674629698237,0.006426188660268903,-0.0033300000000000005,-0.004050000000000001,0.012700000000000001,0.3048,0.1046,-10.350200000000001,-0.013890051226205785,0.031071211189948773,0.14999999105930328,0.14000000059604645,0.3499999940395355,0.32999998331069946,0.12180137574007183,0.11368129128399522,0.28420322216004795,0.26796302904813407,0.19691222955806226,0.0,3.0,0.0,568.0,580.0,0.0,0.0,0.0,snow/ice covered,0.225122511386871,-8.10104942321777,100.0,521.708862304688
arenacam6_1769615378018745826.png,1769615378018745826,1769615378.018746,42.30076709966235,-83.69745239822268,238.15577697753906,0.7177304971145222,0.6962745232521256,0.004707670189677421,0.006523773689474607,-0.007730000000000001,-0.011830000000000002,0.010140000000000001,0.5502,0.09970000000000001,-10.0668,-0.0025776161060795284,0.005765972572333541,0.14999999105930328,0.14000000059604645,0.32999998331069946,0.3100000023841858,0.12180137574007183,0.11368129128399522,0.26796302904813407,0.2517228601359809,0.1887921390520455,0.0,3.1000001430511475,0.0,560.0,560.0,0.0,0.0,0.0,snow/ice covered,0.225122511386871,-8.10104942321777,100.0,521.708862304688
arenacam6_1769615378040168591.png,1769615378040168591,1769615378.0401688,42.300767099199106,-83.69745240440218,238.1561737060547,0.7177960536347632,0.6962059841413372,0.004653652344742525,0.00666307376568108,-0.00506,-0.013680000000000001,0.007340000000000001,0.1326,0.549,-10.1279,0.0020016312652747187,0.004477529042543629,0.14000000059604645,0.12999999523162842,0.3100000023841858,0.28999999165534973,0.11368129128399522,0.10556119472803832,0.2517228601359809,0.23548266702406706,0.17661200329302038,0.0,3.200000047683716,0.0,560.0,564.0,0.0,0.0,0.0,snow/ice covered,0.225122511386871,-8.10104942321777,100.0,521.708862304688
arenacam6_1769615378060710675.png,1769615378060710675,1769615378.0607107,42.3007670978045,-83.69745240617975,238.156494140625,0.7178176358387266,0.6961828444922946,0.00462592502213462,0.006774181220518156,-0.006220000000000002,-0.009970000000000001,0.0016700000000000003,0.2842,0.4212,-9.8384,0.007057954893100908,0.015788221618573146,0.14000000059604645,0.12999999523162842,0.29999998211860657,0.2800000011920929,0.11368129128399522,0.10556119472803832,0.24360275148014365,0.22736258256799044,0.17255195501504192,0.0,3.4000000953674316,0.0,560.0,564.0,0.0,0.0,0.0,snow/ice covered,0.225122511386871,-8.10104942321777,100.0,521.708862304688
arenacam6_1769615378080982288.png,1769615378080982288,1769615378.0809822,42.30076709788352,-83.69745240650221,238.1569366455078,0.7177817922337789,0.6962180796688187,0.004564269804089438,0.006989400623936608,-0.007090000000000001,-0.011630000000000001,-0.005980000000000001,-0.0876,0.5343,-9.8346,0.010099107297470591,0.022591097078003865,0.14000000059604645,0.11999999731779099,0.2800000011920929,0.25999999046325684,0.11368129128399522,0.09744110422202155,0.22736258256799044,0.21112238945607664,0.16240184188252096,0.0,3.6000001430511475,0.0,560.0,556.0,0.0,0.0,0.0,snow/ice covered,0.225122511386871,-8.10104942321777,100.0,521.708862304688
arenacam6_1769615378100528691.png,1769615378100528691,1769615378.1005287,42.30076709943403,-83.69745240864125,238.15745544433594,0.7177581987016088,0.6962418128452293,0.004557886061014252,0.007052086022253706,-0.00803,-0.009580000000000002,-0.006810000000000001,-0.191,0.44120000000000004,-9.776100000000001,0.008483796285204731,0.018977743262225875,0.12999999523162842,0.11999999731779099,0.26999998092651367,0.25999999046325684,0.10556119472803832,0.09744110422202155,0.21924247391215326,0.21112238945607664,0.15834179057957246,0.0,3.700000047683716,0.0,560.0,556.0,0.0,0.0,0.0,snow/ice covered,0.225122511386871,-8.10104942321777,100.0,521.708862304688
arenacam6_1769615378121140698.png,1769615378121140698,1769615378.1211407,42.300767099187105,-83.69745240534463,238.15786743164062,0.7176548345033859,0.6963467100301386,0.004543260471724057,0.007221961534498072,-0.00905,-0.008960000000000003,-0.00954,-0.17400000000000002,0.21100000000000002,-9.6079,0.004696010527105258,0.010504693788502837,0.12999999523162842,0.11999999731779099,0.25999999046325684,0.25,0.10556119472803832,0.09744110422202155,0.21112238945607664,0.203002305,0.15428174835153413,0.0,3.799999952316284,0.0,560.0,548.0,0.0,0.0,0.0,snow/ice covered,0.225122511386871,-8.10104942321777,100.0,521.708862304688
arenacam6_1769615378141949787.png,1769615378141949787,1769615378.1419497,42.300767098860184,-83.69745240193669,238.1582794189453,0.7175960589605722,0.6964062387412797,0.0045498464378120225,0.007317493004519408,-0.006780000000000001,-0.005090000000000001,-0.007150000000000001,-0.27140000000000003,0.2424,-9.6239,0.00025304292381243387,0.0005660418379929859,0.12999999523162842,0.11999999731779099,0.25,0.23999999463558197,0.10556119472803832,0.09744110422202155,0.203002305,0.1948822084440431,0.15022170309852576,0.0,3.9000000953674316,0.0,560.0,548.0,0.0,0.0,0.0,snow/ice covered,0.225122511386871,-8.10104942321777,100.0,521.708862304688
arenacam6_1769615378162414000.png,1769615378162414000,1769615378.162414,42.30076709896562,-83.69745240206746,238.15863037109375,0.7175376790987047,0.6964657447685728,0.004558811729572692,0.007373104720253706,-0.00429,-0.0028000000000000004,-0.008140000000000001,-0.24960000000000002,-0.041100000000000005,-9.523,-0.004504642860283441,0.010076615799882442,0.11999999731779099,0.0,0.23999999463558197,0.22999998927116394,0.09744110422202155,0.0,0.1948822084440431,0.1867621118880862,0.1197713561385377,0.0,4.0,0.0,560.0,548.0,0.0,0.0,0.0,snow/ice covered,0.225122511386871,-8.10104942321777,100.0,521.708862304688
arenacam6_1769615378183094430.png,1769615378183094430,1769615378.1830945,42.30076709643492,-83.69745239955814,238.15878295898438,0.7175233951185535,0.6964796090536662,0.004578806465615599,0.00744084412866478,-0.005070000000000001,-0.0021400000000000004,0.00041000000000000005,-0.3312,0.064,-9.5451,-0.00977269751064399,0.021860937969459968,0.11999999731779099,0.0,0.22999998927116394,0.2199999988079071,0.09744110422202155,0.0,0.1867621118880862,0.17864202743200958,0.11571131088552933,0.0,4.0,0.0,560.0,540.0,0.0,0.0,0.0,snow/ice covered,0.225122511386871,-8.10104942321777,100.0,521.708862304688
arenacam6_1769615378203767831.png,1769615378203767831,1769615378.2037678,42.3007670935589,-83.69745239643633,238.158935546875,0.7175282482127134,0.6964741627065342,0.004588828925953835,0.007476386033041291,-0.0021600000000000005,-0.0013200000000000002,0.00046000000000000007,-0.3471,0.053200000000000004,-9.5824,-0.01630352906821537,0.036470016313853694,0.11999999731779099,0.0,0.2199999988079071,0.2199999988079071,0.09744110422202155,0.0,0.17864202743200958,0.17864202743200958,0.11368128977151018,0.0,4.0,0.0,560.0,544.0,0.0,0.0,0.0,snow/ice covered,0.225122511386871,-8.10104942321777,100.0,521.708862304688
arenacam6_1769615378224452883.png,1769615378224452883,1769615378.224453,42.30076709091475,-83.69745239817755,238.1590118408203,0.7175598985260561,0.6964414161645002,0.004603283146424569,0.007480351752157364,-0.0006100000000000001,0.00135,0.006390000000000001,-0.261,0.0853,-9.5393,-0.02115379250194969,0.047319764599311344,0.0,0.0,0.2199999988079071,0.20999999344348907,0.0,0.0,0.17864202743200958,0.17052193087605266,0.08729098957701556,0.0,4.0,0.0,560.0,540.0,0.0,0.0,0.0,snow/ice covered,0.225122511386871,-8.10104942321777,100.0,521.708862304688
arenacam6_1769615378245050261.png,1769615378245050261,1769615378.2450504,42.30076708537463,-83.6974523970415,238.1588592529297,0.7176150440494161,0.6963846799963558,0.004609594753876822,0.00746844405030721,0.0027900000000000004,0.0021200000000000004,0.007220000000000001,-0.30820000000000003,0.2426,-9.592,-0.026508252473471758,0.05929737028800792,0.0,0.0,0.20999999344348907,0.19999998807907104,0.0,0.0,0.17052193087605266,0.16240183432009578,0.0832309412990371,0.0,4.0,0.0,560.0,544.0,0.0,0.0,0.0,snow/ice covered,0.225122511386871,-8.10104942321777,100.0,521.708862304688
arenacam6_1769615378265981267.png,1769615378265981267,1769615378.2659812,42.30076707966522,-83.69745239573584,238.15872192382812,0.7176577000164115,0.6963411818000015,0.004620864418824338,0.007418338665378444,0.0025700000000000007,0.004260000000000001,0.0069900000000000006,-0.1542,0.27590000000000003,-9.618400000000001,-0.029724402937163445,0.0664917059062584,0.0,0.0,0.20999999344348907,0.1899999976158142,0.0,0.0,0.17052193087605266,0.15428174986401916,0.08120092018501796,0.0,4.0,0.0,560.0,544.0,0.0,0.0,0.0,snow/ice covered,0.225122511386871,-8.10104942321777,100.0,521.708862304688
arenacam6_1769615378286850161.png,1769615378286850161,1769615378.28685,42.30076706734921,-83.69745239370293,238.15818786621094,0.7177025534578971,0.6962956467681102,0.004614255378955788,0.007357016996798101,0.0044,0.0033700000000000006,0.006360000000000001,-0.12990000000000002,0.4223,-9.6639,-0.031877219005898835,0.07130742628305535,0.0,0.0,0.19999998807907104,0.1899999976158142,0.0,0.0,0.16240183432009578,0.15428174986401916,0.07917089604602873,0.0,4.0,0.0,560.0,544.0,0.0,0.0,0.0,snow/ice covered,0.225122511386871,-8.10104942321777,100.0,521.708862304688
arenacam6_1769615378307282028.png,1769615378307282028,1769615378.307282,42.300767061027564,-83.69745239272544,238.15805053710938,0.7177207149145217,0.6962777208785896,0.004610945506536618,0.007283541188226679,0.0059900000000000005,0.0059700000000000005,0.00217,-0.0541,0.41190000000000004,-9.7294,-0.0329203021051525,0.07364074059109985,0.0,0.0,0.1899999976158142,0.17999999225139618,0.0,0.0,0.15428174986401916,0.14616165330806227,0.07511085079302035,0.0,4.0,0.0,560.0,544.0,0.0,0.0,0.0,snow/ice covered,0.225122511386871,-8.10104942321777,100.0,521.708862304688
arenacam6_1769615378329084843.png,1769615378329084843,1769615378.3290849,42.30076705514995,-83.69745239091176,238.15773010253906,0.7177231164663617,0.6962759401400407,0.0046083797431433855,0.007218456071696569,0.00613,0.00459,-0.00030000000000000003,0.01,0.3709,-9.762,-0.032287906899453066,0.07222611045966254,0.0,0.0,0.17999999225139618,0.17999999225139618,0.0,0.0,0.14616165330806227,0.14616165330806227,0.07308082665403114,0.0,4.0,0.0,560.0,544.0,0.0,0.0,0.0,snow/ice covered,0.225122511386871,-8.10104942321777,100.0,521.708862304688
arenacam6_1769615378349763143.png,1769615378349763143,1769615378.3497632,42.30076704908663,-83.69745238695623,238.15756225585938,0.7177078691653199,0.6962924029137927,0.00461465231121579,0.007142070201207836,0.005520000000000001,0.00632,-0.0033400000000000005,0.0359,0.33430000000000004,-9.8289,-0.03136732990936487,0.07016683496745466,0.0,0.0,0.17999999225139618,0.17999999225139618,0.0,0.0,0.14616165330806227,0.14616165330806227,0.07308082665403114,0.0,4.0,0.0,560.0,544.0,0.0,0.0,0.0,snow/ice covered,0.225122511386871,-8.10104942321777,100.0,521.708862304688
arenacam6_1769615378370512618.png,1769615378370512618,1769615378.3705127,42.30076704306757,-83.69745238320623,238.15740966796875,0.7176651643388918,0.6963372081881757,0.00462199285594085,0.007059856171946806,0.005640000000000001,0.006210000000000001,-0.0071200000000000005,0.1091,0.1908,-9.8709,-0.028836730863653907,0.06450603673814198,0.0,0.0,0.17999999225139618,0.17000000178813934,0.0,0.0,0.14616165330806227,0.13804156885198562,0.07105080554001197,0.0,4.0,0.0,560.0,548.0,0.0,0.0,0.0,snow/ice covered,0.225122511386871,-8.10104942321777,100.0,521.708862304688
arenacam6_1769615378390972011.png,1769615378390972011,1769615378.390972,42.30076703814522,-83.69745238017484,238.1571502685547,0.7175976140199186,0.6964077868535359,0.00463807078960918,0.006953205162406737,0.00521,0.0056700000000000006,-0.007480000000000001,0.1019,0.07010000000000001,-9.958,-0.026953870681753554,0.0602941914828418,0.0,0.0,0.17000000178813934,0.1599999964237213,0.0,0.0,0.13804156885198562,0.12992147229602874,0.0669907602870036,0.0,4.0,0.0,560.0,548.0,0.0,0.0,0.0,snow/ice covered,0.225122511386871,-8.10104942321777,100.0,521.708862304688
arenacam6_1769615378410708246.png,1769615378410708246,1769615378.4107082,42.30076703351921,-83.69745237745059,238.15713500976562,0.7175486218308438,0.6964586256193538,0.004654467015193769,0.0069060875944368,0.0013000000000000002,0.004050000000000001,-0.006440000000000001,0.1322,-0.0736,-9.9765,-0.02232425500594291,0.04993801899299394,0.0,0.0,0.17000000178813934,0.1599999964237213,0.0,0.0,0.13804156885198562,0.12992147229602874,0.0669907602870036,0.0,4.0,0.0,560.0,548.0,0.0,0.0,0.0,snow/ice covered,0.225122511386871,-8.10104942321777,100.0,521.708862304688
arenacam6_1769615378431613381.png,1769615378431613381,1769615378.4316134,42.30076702880063,-83.69745237468312,238.15711975097656,0.7175318115726206,0.6964762538686221,0.004647248912269629,0.006879698829991174,0.0027600000000000003,0.00234,-0.0021200000000000004,0.0918,-0.0835,-10.0039,-0.01978021331913732,0.044247150382111036,0.0,0.0,0.1599999964237213,0.14999999105930328,0.0,0.0,0.12992147229602874,0.12180137574007183,0.06293071200902514,0.0,4.0,0.0,560.0,548.0,0.0,0.0,0.0,snow/ice covered,0.225122511386871,-8.10104942321777,100.0,521.708862304688
arenacam6_1769615378452394795.png,1769615378452394795,1769615378.4523947,42.30076702543998,-83.69745237447697,238.1570587158203,0.7175190841871224,0.6964896016488419,0.004636306013828721,0.006863183580298212,0.0024300000000000007,2e-05,-0.00101,0.11520000000000001,-0.1317,-9.9945,-0.01706266238302143,0.03816815199107596,0.0,0.0,0.1599999964237213,0.14999999105930328,0.0,0.0,0.12992147229602874,0.12180137574007183,0.06293071200902514,0.0,4.0,0.0,560.0,552.0,0.0,0.0,0.0,snow/ice covered,0.225122511386871,-8.10104942321777,100.0,521.708862304688
arenacam6_1769615378474606344.png,1769615378474606344,1769615378.4746063,42.30076702232526,-83.6974523755193,238.15725708007812,0.7175394981857176,0.696468467288426,0.0046313023628278,0.006877038223175561,-0.0004500000000000001,-0.0019400000000000003,0.0029700000000000004,0.0956,-0.060200000000000004,-9.9818,-0.014419818724679125,0.032256269297983725,0.0,0.0,0.14999999105930328,0.14999999105930328,0.0,0.0,0.12180137574007183,0.12180137574007183,0.06090068787003591,0.0,4.0,0.0,560.0,556.0,0.0,0.0,0.0,snow/ice covered,0.225122511386871,-8.10104942321777,100.0,521.708862304688
arenacam6_1769615378493815054.png,1769615378493815054,1769615378.493815,42.30076701910662,-83.69745237652194,238.15745544433594,0.7175682290868046,0.6964388165697962,0.0046120115289556025,0.006894978589209453,0.00014000000000000004,-0.0036000000000000008,0.005640000000000001,0.0325,0.004,-9.9369,-0.0130291499678915,0.029145426729175215,0.0,0.0,0.14999999105930328,0.14999999105930328,0.0,0.0,0.12180137574007183,0.12180137574007183,0.06090068787003591,0.0,4.0,0.0,560.0,556.0,0.0,0.0,0.0,snow/ice covered,0.225122511386871,-8.10104942321777,100.0,521.708862304688
arenacam6_1769615378514191440.png,1769615378514191440,1769615378.5141914,42.300767016833845,-83.69745237916342,238.15757751464844,0.7176120861973234,0.6963933092468385,0.0046028749906338986,0.006932973502246319,-0.00223,-0.0029000000000000007,0.005350000000000001,-0.004200000000000001,0.11,-9.8797,-0.0122937468489003,0.02750037407617904,0.0,0.0,0.14999999105930328,0.14999999105930328,0.0,0.0,0.12180137574007183,0.12180137574007183,0.06090068787003591,0.0,4.0,0.0,560.0,556.0,0.0,0.0,0.0,snow/ice covered,0.225122511386871,-8.10104942321777,100.0,521.708862304688
arenacam6_1769615378534802604.png,1769615378534802604,1769615378.5348027,42.30076701409739,-83.69745238137315,238.1578826904297,0.7176439236666223,0.6963599665503998,0.004598883133903074,0.006988997368840937,-0.0034000000000000002,-0.004540000000000001,0.0050100000000000006,-0.0448,0.2119,-9.8376,-0.01248111365298891,0.027919502374917013,0.0,0.0,0.14999999105930328,0.14000000059604645,0.0,0.0,0.12180137574007183,0.11368129128399522,0.058870666756016765,0.0,4.0,0.0,560.0,556.0,0.0,0.0,0.0,snow/ice covered,0.225122511386871,-8.10104942321777,100.0,521.708862304688
arenacam6_1769615378555629718.png,1769615378555629718,1769615378.5556297,42.30076701133808,-83.69745238366387,238.15817260742188,0.7176771473995864,0.6963251588869425,0.004599114049825219,0.007045094138692598,-0.004790000000000001,-0.0031400000000000004,0.004190000000000001,-0.0693,0.25670000000000004,-9.787600000000001,-0.01343140666131583,0.030045250816963836,0.0,0.0,0.14000000059604645,0.14000000059604645,0.0,0.0,0.11368129128399522,0.11368129128399522,0.05684064564199761,0.0,4.099999904632568,0.0,560.0,556.0,0.0,0.0,0.0,snow/ice covered,0.225122511386871,-8.10104942321777,100.0,521.708862304688
arenacam6_1769615378576503337.png,1769615378576503337,1769615378.5765033,42.30076700886408,-83.6974523858008,238.15835571289062,0.717684960606796,0.6963165525659845,0.004598554251398703,0.007099946495670389,-0.0039900000000000005,-0.0038800000000000006,0.0007300000000000002,-0.096,0.3176,-9.7583,-0.014645081438240434,0.03276016847245756,0.0,0.0,0.14000000059604645,0.12999999523162842,0.0,0.0,0.11368129128399522,0.10556119472803832,0.05481062150300839,0.0,4.099999904632568,0.0,560.0,556.0,0.0,0.0,0.0,snow/ice covered,0.225122511386871,-8.10104942321777,100.0,521.708862304688
arenacam6_1769615378596984385.png,1769615378596984385,1769615378.5969844,42.300767008961806,-83.6974523881756,238.1586456298828,0.7176820508368709,0.6963190621933769,0.004599276809861952,0.0071473201653142505,-0.0027800000000000004,-0.00204,-0.0007600000000000002,-0.1263,0.3032,-9.7355,-0.016256108564823016,0.0363639394929952,0.0,0.0,0.14000000059604645,0.12999999523162842,0.0,0.0,0.11368129128399522,0.10556119472803832,0.05481062150300839,0.0,4.099999904632568,0.0,560.0,556.0,0.0,0.0,0.0,snow/ice covered,0.225122511386871,-8.10104942321777,100.0,521.708862304688
arenacam6_1769615378617713425.png,1769615378617713425,1769615378.6177135,42.30076700895109,-83.69745239053096,238.158935546875,0.717669432111613,0.6963316233557227,0.004599457488297183,0.007190376776778974,-0.0007800000000000001,-0.00203,-0.0026300000000000004,-0.14550000000000002,0.2997,-9.7155,-0.018271785350821062,0.04087288752266567,0.0,0.0,0.12999999523162842,0.12999999523162842,0.0,0.0,0.10556119472803832,0.10556119472803832,0.05278059736401916,0.0,4.200000286102295,0.0,560.0,556.0,0.0,0.0,0.0,snow/ice covered,0.225122511386871,-8.10104942321777,100.0,521.708862304688
arenacam6_1769615378639383213.png,1769615378639383213,1769615378.6393833,42.300767005529146,-83.69745239090037,238.15904235839844,0.7176447566088664,0.6963567294497642,0.004601730887618964,0.007220300178407811,-0.0023600000000000006,-0.0025200000000000005,-0.0031700000000000005,-0.1395,0.2482,-9.6953,-0.020403729019059104,0.04564191759189407,0.0,0.0,0.12999999523162842,0.11999999731779099,0.0,0.0,0.10556119472803832,0.09744110422202155,0.05075057473751497,0.0,4.200000286102295,0.0,560.0,556.0,0.0,0.0,0.0,snow/ice covered,0.225122511386871,-8.10104942321777,100.0,521.708862304688
arenacam6_1769615378660395591.png,1769615378660395591,1769615378.6603956,42.30076700434735,-83.6974523918999,238.15921020507812,0.7176115427481409,0.6963908094122385,0.00460328607968446,0.007233535654781477,0.00021000000000000004,0.0013300000000000002,-0.004620000000000001,-0.1253,0.20140000000000002,-9.6913,-0.02217206186922727,0.04959757207774925,0.0,0.0,0.11999999731779099,0.11999999731779099,0.0,0.0,0.09744110422202155,0.09744110422202155,0.04872055211101078,0.0,4.300000190734863,0.0,544.0,556.0,0.0,0.0,0.0,snow/ice covered,0.225122511386871,-8.10104942321777,100.0,521.708862304688
arenacam6_1769615378681014243.png,1769615378681014243,1769615378.6810143,42.300767003022486,-83.69745239292098,238.1593780517578,0.7175791190160333,0.6964240861894433,0.004617350931523529,0.007237416510572016,0.00016,0.0013800000000000002,-0.0034300000000000003,-0.09140000000000001,0.12190000000000001,-9.7019,-0.024381428010635187,0.05453979157411028,0.0,0.0,0.11999999731779099,0.11999999731779099,0.0,0.0,0.09744110422202155,0.09744110422202155,0.04872055211101078,0.0,4.300000190734863,0.0,544.0,556.0,0.0,0.0,0.0,snow/ice covered,0.225122511386871,-8.10104942321777,100.0,521.708862304688
arenacam6_1769615378701318441.png,1769615378701318441,1769615378.7013185,42.30076699867529,-83.6974523929126,238.15936279296875,0.7175685561883761,0.6964347426601376,0.004633551531741371,0.007248902388650813,-0.0015300000000000003,0.00064,-0.00117,-0.08600000000000001,0.1173,-9.7293,-0.025408399734015385,0.056837065701008375,0.0,0.0,0.11999999731779099,0.0,0.0,0.0,0.09744110422202155,0.0,0.02436027605550539,0.0,4.300000190734863,0.0,544.0,556.0,0.0,0.0,0.0,snow/ice covered,0.225122511386871,-8.10104942321777,100.0,521.708862304688
