image_filename,timestamp_ns,timestamp_sec,latitude,longitude,altitude,orientation_x,orientation_y,orientation_z,orientation_w,angular_velocity_x,angular_velocity_y,angular_velocity_z,linear_acceleration_x,linear_acceleration_y,linear_acceleration_z,vehicle_speed_mps,vehicle_speed_mph,wheel_speed_fl_rads,wheel_speed_fr_rads,wheel_speed_rl_rads,wheel_speed_rr_rads,wheel_speed_fl_mph,wheel_speed_fr_mph,wheel_speed_rl_mph,wheel_speed_rr_mph,avg_wheel_speed_mph,wheel_slip,steering_angle_deg,throttle_pedal,brake_pedal,brake_torque_actual,abs_active,esc_active,trac_active,marwis_road_condition,marwis_friction,marwis_surface_temp_c,marwis_ice_percent,marwis_water_film_height
arenacam6_1769712527748249664.png,1769712527748249664,1769712527.7482495,42.30115675736564,-83.69745250797364,239.28326416015625,0.7153463916727124,0.6986560679011464,0.007204511924449793,0.01036019853426795,0.0006500000000000001,0.0010800000000000002,-0.00117,-0.0094,0.2305,-9.833300000000001,-0.005490364640172161,0.012281616278186715,0.0,0.0,0.0,0.0,0.0,0.0,0.0,0.0,0.0,0.0,-5.0,0.0,0.0,884.0,0.0,0.0,0.0,,,,,
arenacam6_1769712527810458755.png,1769712527810458755,1769712527.810459,42.30115675276985,-83.69745250004344,239.2841033935547,0.7153463916727124,0.6986560679011464,0.007204511924449793,0.01036019853426795,0.0006500000000000001,0.0010800000000000002,-0.00117,-0.0094,0.2305,-9.833300000000001,-0.005194076975500907,0.011618838549577,0.0,0.0,0.0,0.0,0.0,0.0,0.0,0.0,0.0,0.0,-5.0,0.0,0.0,540.0,0.0,0.0,0.0,,,,,
arenacam6_1769712527831230527.png,1769712527831230527,1769712527.8312304,42.30115675276985,-83.69745250004344,239.2841033935547,0.7153463916727124,0.6986560679011464,0.007204511924449793,0.01036019853426795,0.0006500000000000001,0.0010800000000000002,-0.00117,-0.0094,0.2305,-9.833300000000001,-0.005194076975500907,0.011618838549577,0.0,0.0,0.0,0.0,0.0,0.0,0.0,0.0,0.0,0.0,-5.0,0.0,0.0,460.0,0.0,0.0,0.0,,,,,
arenacam6_1769712527912398337.png,1769712527912398337,1769712527.9123983,42.30115674851052,-83.69745249600423,239.28457641601562,0.7153463916727124,0.6986560679011464,0.007204511924449793,0.01036019853426795,0.0006500000000000001,0.0010800000000000002,-0.00117,-0.0094,0.2305,-9.833300000000001,-0.008346675721280656,0.01867101278796155,0.0,0.0,0.0,0.0,0.0,0.0,0.0,0.0,0.0,0.0,-5.0,12.225000381469727,0.0,68.0,0.0,0.0,0.0,,,,,
arenacam6_1769712527995309757.png,1769712527995309757,1769712527.9953098,42.301156740455454,-83.69745249097863,239.2850341796875,0.7153497670563207,0.6986529527576658,0.007159817490199092,0.010368191210118732,-0.00103,0.0004500000000000001,0.0029500000000000004,-0.1149,0.19940000000000002,-9.8079,-0.013390451014727987,0.029953635492885627,0.0,0.0,0.0,0.0,0.0,0.0,0.0,0.0,0.0,0.0,-5.0,27.850000381469727,0.0,0.0,0.0,0.0,0.0,,,,,
arenacam6_1769712528035926947.png,1769712528035926947,1769712528.035927,42.301156731583255,-83.69745248884395,239.28541564941406,0.7154029760989546,0.6985987336928458,0.007109688564143292,0.010384767692735618,0.0005200000000000001,-0.0024700000000000004,0.005300000000000001,-0.1268,0.22890000000000002,-9.765,-0.01852516371368293,0.0414396797176859,0.0,0.0,0.0,0.0,0.0,0.0,0.0,0.0,0.0,0.0,-5.0,27.774999618530273,0.0,0.0,0.0,0.0,0.0,,,,,
arenacam6_1769712528097997119.png,1769712528097997119,1769712528.097997,42.30115671500399,-83.69745248718709,239.28582763671875,0.715486587238945,0.6985129551979616,0.007101193533739902,0.010400382309038546,-0.0004500000000000001,-0.00031,0.0027,-0.0935,0.31010000000000004,-9.6927,-0.023370013041199407,0.052277316972380604,0.0,0.0,0.0,0.0,0.0,0.0,0.0,0.0,0.0,0.0,-5.0,27.524999618530273,0.0,0.0,0.0,0.0,0.0,,,,,
arenacam6_1769712528160219877.png,1769712528160219877,1769712528.16022,42.301156710792156,-83.697452486929,239.2858428955078,0.715497230294697,0.6985025112284955,0.007142421055382537,0.010341231530656811,0.0012000000000000001,0.0044,-0.00151,0.0178,0.3592,-9.750200000000001,-0.028614789833381053,0.06400956796988341,0.0,0.0,0.0,0.0,0.0,0.0,0.0,0.0,0.0,0.0,-4.800000190734863,26.875,0.0,0.0,0.0,0.0,0.0,,,,,
arenacam6_1769712528180925716.png,1769712528180925716,1769712528.1809256,42.30115670165384,-83.69745248525575,239.2859344482422,0.7154860096610278,0.6985141021321578,0.007163350331790499,0.010320150864653089,0.00021000000000000004,0.00591,-0.0032400000000000003,0.1637,0.27540000000000003,-9.6872,-0.026239403074058452,0.058695970312484316,0.0,0.0,0.0,0.0,0.0,0.0,0.0,0.0,0.0,0.0,-4.800000190734863,26.67500114440918,0.0,0.0,0.0,0.0,0.0,,,,,
arenacam6_1769712528284636033.png,1769712528284636033,1769712528.2846363,42.3011567027415,-83.69745247922134,239.28506469726562,0.7154193101091547,0.6985836097949045,0.007623735821574971,0.009900984849220211,-0.0011900000000000003,0.016110000000000003,-0.0015200000000000003,0.7926000000000001,0.1555,-9.7367,0.029645273218944477,0.06631469747438566,0.0,0.0,0.0,0.0,0.0,0.0,0.0,0.0,0.0,0.0,-4.200000286102295,26.649999618530273,0.0,0.0,0.0,0.0,0.0,,,,,
arenacam6_1769712528429212805.png,1769712528429212805,1769712528.429213,42.301156855607836,-83.69745247531444,239.28274536132812,0.7155004982085826,0.6985033893760096,0.008670214960494282,0.008768093637468336,0.0006900000000000001,0.026810000000000004,0.0034500000000000004,2.4974000000000003,0.2957,-9.5957,0.251231699265869,0.5619902373557931,1.0499999523162842,0.0,0.0,0.0,0.852609642280383,0.0,0.0,0.0,0.21315241057009576,0.0,-3.1000001430511475,25.524999618530273,0.0,0.0,0.0,0.0,0.0,,,,,
arenacam6_1769712528449847854.png,1769712528449847854,1769712528.4498477,42.30115691215544,-83.69745247506937,239.28204345703125,0.7155449941744588,0.6984579613059405,0.008980949103018738,0.008436833139983533,0.0013400000000000003,0.03204,0.0035800000000000007,2.3703000000000003,0.307,-9.823,0.32365086560515627,0.7239875673067984,1.0499999523162842,0.0,1.0499999523162842,1.1200000047683716,0.852609642280383,0.0,0.852609642280383,0.9094503302719618,0.653667403708182,0.0,-3.0,25.55000114440918,0.0,0.0,0.0,0.0,0.0,,,,,
arenacam6_1769712528491532983.png,1769712528491532983,1769712528.491533,42.30115712042838,-83.69745247027969,239.28073120117188,0.7155613054731649,0.6984417771772441,0.009369874466943722,0.007956598237098194,0.0035100000000000005,0.028120000000000003,0.0028700000000000006,2.2368,0.10110000000000001,-9.3331,0.4277727947109419,0.9569020754006944,1.4499999284744263,1.2799999713897705,1.459999918937683,1.5399999618530273,1.1774133109205749,1.03937177836823,1.1855333953766514,1.2504941678243064,1.1632031631224407,0.0,-2.6000001430511475,25.774999618530273,0.0,0.0,0.0,0.0,0.0,,,,,
arenacam6_1769712528511928768.png,1769712528511928768,1769712528.5119288,42.3011572054435,-83.69745246820129,239.2804412841797,0.7155544679470792,0.698449473431366,0.009568808386092531,0.0076533894772547306,0.006280000000000001,0.037070000000000006,-0.0020700000000000002,2.943,0.1694,-10.4306,0.5052129714312003,1.130131104313309,1.7599999904632568,1.6200000047683716,1.459999918937683,1.5399999618530273,1.4291362194560766,1.3154549402719617,1.1855333953766514,1.2504941678243064,1.2951546807322492,0.1460216215526709,-2.299999952316284,25.825000762939453,0.0,0.0,0.0,0.0,0.0,,,,,
arenacam6_1769712528615538987.png,1769712528615538987,1769712528.6155388,42.30115764653482,-83.69745245296585,239.281982421875,0.7155643169041705,0.6984435659282621,0.00955702893208543,0.007277141256869614,0.004240000000000001,-0.004090000000000001,0.0029900000000000005,2.2189,0.3849,-10.4894,0.7418236888617481,1.659415082562399,2.4800000190734863,2.359999895095825,2.509999990463257,2.5399999618530273,2.013782881087847,1.916341674016843,2.0381431344560768,2.0625033878243064,2.007692769346268,0.2098797886337596,-0.10000000149011612,25.75,0.0,0.0,0.0,0.0,0.0,,,,,
arenacam6_1769712528946349403.png,1769712528946349403,1769712528.9463494,42.30116117116955,-83.69745241348632,239.29141235351562,0.7155915045837713,0.6984196202520905,0.00981670411975963,0.006516512463342473,0.00562,0.012530000000000001,-0.005410000000000001,2.3277,0.5817,-9.718300000000001,1.5885650316876279,3.5535246619833223,9.569999694824219,4.769999980926514,5.119999885559082,4.889999866485596,7.770927987594452,3.8732839639121535,4.15748711347292,3.970724977385073,4.9431060105911495,0.3910431137495646,3.4000000953674316,25.850000381469727,0.0,0.0,0.0,0.0,0.0,,,,,
arenacam6_1769712528967577751.png,1769712528967577751,1769712528.967578,42.301161757932405,-83.69745240764176,239.2932586669922,0.7155505287692039,0.6984617958547931,0.009742810172324073,0.006605918509640012,-0.0031500000000000005,-0.009460000000000001,-0.0035000000000000005,1.7724,0.742,-9.846,1.634864438526219,3.6570936571168406,11.15999984741211,4.940000057220459,6.0,5.089999675750732,9.062022771297226,4.01132559326354,4.87205532,4.133126666506605,5.519632587766843,0.5092948404603836,3.700000047683716,26.125,0.0,0.0,0.0,0.0,0.0,,,,,
arenacam6_1769712529008509970.png,1769712529008509970,1769712529.0085099,42.30116205914798,-83.69745240472628,239.29417419433594,0.7154829642418528,0.6985309066023787,0.009608396440628476,0.006810221640334325,0.0036100000000000004,-0.01742,-0.00393,2.3425000000000002,0.49660000000000004,-10.0851,1.7253571411837119,3.8595204033994928,11.880000114440918,5.21999979019165,8.309999465942383,5.239999771118164,9.64666962652708,4.238687958033686,6.747796184540291,4.254928126945839,6.222020474011724,0.6121227053318138,4.300000190734863,26.075000762939453,0.0,0.0,0.0,0.0,0.0,,,,,
arenacam6_1769712529049915434.png,1769712529049915434,1769712529.0499153,42.301163016844335,-83.69745238862295,239.29759216308594,0.7153370019283835,0.698680300774728,0.009487153035413576,0.00698605101111996,-0.0046500000000000005,-0.00011000000000000002,-0.011940000000000001,2.4283,0.11810000000000001,-10.0294,1.81074131457577,4.050519676227124,12.609999656677246,5.639999866485596,12.069999694824219,5.449999809265137,10.23943598541876,4.579731892385073,9.800951037594453,4.4254500941215325,7.261392252379955,0.7927063272887528,4.800000190734863,25.950000762939453,0.0,0.0,0.0,0.0,0.0,,,,,
arenacam6_1769712529153290191.png,1769712529153290191,1769712529.1532903,42.30116475903904,-83.69745235008008,239.30294799804688,0.714695908845876,0.6993387800405565,0.008868330230975894,0.0075087501801510415,0.00824,-0.007140000000000001,-0.021190000000000004,2.0286,0.2505,-10.143600000000001,2.013361392301459,4.503768632894826,15.869999885559082,5.96999979019165,23.010000228881836,5.859999656677246,12.88658622847292,4.847694873033686,18.684332338054162,4.758373750418759,10.294246797494882,1.2856961883670717,5.599999904632568,27.75,0.0,360.0,0.0,0.0,0.0,,,,,
arenacam6_1769712529215668780.png,1769712529215668780,1769712529.2156687,42.301165876557846,-83.69745231789025,239.30508422851562,0.7142347188880551,0.6998148747522362,0.00823718292070212,0.007749595340636191,0.008400000000000001,-0.024720000000000002,-0.024030000000000003,0.8863000000000001,0.1527,-9.4444,2.0995456545501376,4.696557656489385,20.299999237060547,6.349999904632568,20.81999969482422,6.089999675750732,16.48378654648613,5.1562584695607665,16.90603171259445,4.9451358865066055,10.87280315378699,1.315057952873992,5.599999904632568,28.274999618530273,0.0,824.0,0.0,0.0,0.0,,,,,
arenacam6_1769712529360898238.png,1769712529360898238,1769712529.3608983,42.30116864928592,-83.69745227994514,239.3096160888672,0.7133764317765534,0.7006766406041526,0.008673469640531555,0.00843106291202413,-0.014210000000000002,0.020530000000000003,-0.012850000000000002,1.5736,0.006500000000000001,-9.6514,2.287891304681926,5.117875575095188,15.829999923706055,6.690000057220459,7.029999732971191,6.920000076293945,12.854105890648613,5.43234172826354,5.7084245997701455,5.619103864351388,7.403494020758421,0.4465951569408216,4.099999904632568,28.5,0.0,740.0,0.0,0.0,0.0,,,,,
arenacam6_1769712529381196192.png,1769712529381196192,1769712529.3811963,42.301169064306,-83.69745227856428,239.31056213378906,0.7132848513014848,0.700768844349499,0.0087744333538853,0.00841171874258345,-0.004320000000000001,0.00075,-0.013060000000000002,2.1742,-0.1893,-10.1066,2.331483645895847,5.215389026850256,11.579999923706055,6.730000019073486,7.289999961853027,7.019999980926514,9.403066705648614,5.464822066087847,5.9195471828243065,5.700304708912154,6.62193516586823,0.26969150944957077,3.4000000953674316,28.375,0.0,652.0,0.0,0.0,0.0,,,,,
arenacam6_1769712529401656357.png,1769712529401656357,1769712529.4016564,42.301169494165634,-83.69745228076187,239.3111572265625,0.7132090561016267,0.7008456679410507,0.008905012876828875,0.008300166778602062,-0.0007700000000000001,0.027740000000000004,-0.0067,1.737,-0.3178,-10.2616,2.362201078456463,5.2841020804424,8.029999732971191,7.149999618530273,7.319999694824219,7.239999771118164,6.520433819770146,5.805865613243065,5.943907242594452,5.878946566945839,6.037288310638376,0.14253816802360422,2.299999952316284,28.024999618530273,0.0,612.0,0.0,0.0,0.0,,,,,
arenacam6_1769712529464384266.png,1769712529464384266,1769712529.4643843,42.301171256672404,-83.69745231061091,239.31590270996094,0.7131598928667358,0.7008935775352853,0.009199939971832901,0.008156057908699253,0.00909,0.015220000000000003,-0.0028200000000000005,3.4850000000000003,-2.1668000000000003,-11.0545,2.492866942028004,5.576393777300123,7.429999828338623,7.179999828338623,7.299999713897705,7.319999694824219,6.033228365209379,5.83022606020938,5.927667073682299,5.943907242594452,5.933757185423878,0.06408503817977797,0.10000000149011612,27.850000381469727,0.0,168.0,0.0,0.0,0.0,,,,,
arenacam6_1769712529525774637.png,1769712529525774637,1769712529.5257745,42.30117218432122,-83.69745232456842,239.31964111328125,0.7133588723892894,0.7006845000771026,0.009204042697734846,0.008696903655940932,-0.010440000000000001,-0.04039,0.007980000000000001,0.39640000000000003,1.2917,-9.479800000000001,2.5928758894008994,5.8001077920364486,7.62999963760376,7.659999847412109,7.679999828338623,7.62999963760376,6.195630054330912,6.219990501297226,6.2362306702093795,6.195630054330912,6.211870320042108,0.070992219932707,-0.20000000298023224,27.950000762939453,0.0,28.0,0.0,0.0,0.0,,,,,
arenacam6_1769712529567797030.png,1769712529567797030,1769712529.567797,42.30117361437053,-83.69745233332289,239.32437133789062,0.7133102179054536,0.700734192095832,0.009058792315145997,0.008835346131683219,-0.011960000000000002,-0.05180000000000001,0.0004000000000000001,0.45180000000000003,1.348,-9.043000000000001,2.679514633061001,5.993913463279476,7.919999599456787,7.829999923706055,8.15999984741211,7.96999979019165,6.431112697155218,6.358032130648613,6.625995111297226,6.471713313033686,6.4717133130336855,0.07971417216503966,0.20000000298023224,27.875,0.0,0.0,0.0,0.0,0.0,,,,,
arenacam6_1769712529671120162.png,1769712529671120162,1769712529.6711202,42.30117510051034,-83.69745232079447,239.32748413085938,0.7132171760977079,0.7008429180531073,0.009037093061171762,0.0076677821447980465,0.012780000000000001,0.027980000000000005,0.0027700000000000003,2.3009,-0.4839,-9.1655,2.854496577852093,6.385337574860461,8.460000038146973,8.449999809265137,8.359999656677246,8.309999465942383,6.869598032175693,6.861477754121532,6.7883968004187585,6.747796184540291,6.816817192814069,0.06757350146253417,0.699999988079071,27.700000762939453,0.0,0.0,0.0,0.0,0.0,,,,,
arenacam6_1769712529836175444.png,1769712529836175444,1769712529.8361754,42.301181660105456,-83.69745228876657,239.34375,0.7131354653346901,0.7009269812730419,0.00931857762891512,0.007234577825237972,0.005070000000000001,-0.024840000000000004,-0.006150000000000001,1.9532,0.4567,-10.7138,3.1612230890333626,7.071466376782291,9.069999694824219,9.25,9.300000190734863,9.25,7.364923377594453,7.511085285,7.551685900878468,7.511085285,7.48469496211823,0.05843605319155448,1.7000000476837158,27.825000762939453,0.0,0.0,0.0,0.0,0.0,,,,,
arenacam6_1769712530022522412.png,1769712530022522412,1769712530.0225224,42.301185906981225,-83.69745229017816,239.3618927001953,0.7129309653395828,0.7011418260851893,0.008338437873819845,0.007749117867292901,0.029580000000000002,0.00251,-0.007070000000000001,1.4163000000000001,0.35400000000000004,-10.1151,3.4829768433881765,7.791210220048748,10.09000015258789,10.210000038146973,11.479999542236328,10.149999618530273,8.193173153702775,8.290614167175693,9.321865473891679,8.241893273243065,8.511886517003303,0.09249863328036939,5.599999904632568,27.774999618530273,0.0,0.0,0.0,0.0,0.0,,,,,
arenacam6_1769712530063969841.png,1769712530063969841,1769712530.0639699,42.301187178944275,-83.69745227220501,239.36593627929688,0.7128599556620148,0.7012242987903526,0.007896712869599656,0.007266933698845775,0.04231,-0.0026500000000000004,-0.011000000000000001,1.9894,0.759,-9.247300000000001,3.5561066350561963,7.954797176222608,10.34000015258789,10.460000038146973,11.630000114440918,10.519999504089355,8.396175458702775,8.493616472175693,9.44366732152708,8.542336591715985,8.718948961030383,0.09606175592909813,5.700000286102295,27.700000762939453,0.0,0.0,0.0,0.0,0.0,,,,,
arenacam6_1769712530084693167.png,1769712530084693167,1769712530.0846932,42.301187178944275,-83.69745227220501,239.36593627929688,0.7127483662903346,0.7013448058959382,0.007537644776358036,0.006957981350459195,0.020050000000000005,0.0051,-0.00783,1.4187,-0.1937,-9.2704,3.604239349160344,8.06246716971074,10.40999984741211,10.550000190734863,11.75,10.619999885559082,8.453015856297226,8.566697425878468,9.541108335,8.623537823472919,8.796089860162153,0.09099233212477494,5.700000286102295,28.05000114440918,0.0,0.0,0.0,0.0,0.0,,,,,
arenacam6_1769712530146655048.png,1769712530146655048,1769712530.146655,42.30118978975559,-83.69745223657725,239.37242126464844,0.7124924861929235,0.7016104970185459,0.007349801848952553,0.006568714090061781,0.012850000000000002,0.01012,-0.016190000000000003,1.399,-0.5417000000000001,-9.7348,3.684976910676999,8.243072250569806,10.65999984741211,10.779999732971191,12.929999351501465,10.59000015258789,8.656018161297226,8.753459174770146,10.499278688013211,8.599177763702775,9.12698344694584,0.10723079569209554,5.700000286102295,27.899999618530273,0.0,0.0,0.0,0.0,0.0,,,,,
arenacam6_1769712530187860951.png,1769712530187860951,1769712530.187861,42.301191134462435,-83.69745220756388,239.37405395507812,0.7121624987389507,0.7019551830113921,0.0070486555550326735,0.005814885055064397,0.06421000000000002,0.0051,-0.025240000000000005,2.0332,1.0025,-9.3545,3.783082741304883,8.462529107334547,10.960000038146973,11.010000228881836,15.420000076293945,10.760000228881836,8.899621082175694,8.940221698054161,12.521182234351388,8.737219393054161,9.774561101908851,0.15504017509814597,5.700000286102295,28.075000762939453,0.0,0.0,0.0,0.0,0.0,,,,,
arenacam6_1769712530312190828.png,1769712530312190828,1769712530.3121908,42.30119600776054,-83.69745209049125,239.37921142578125,0.7112798423530917,0.7028899292469514,0.004789051802630938,0.0019488992300029377,0.02014,0.017630000000000003,-0.0102,1.6009,-1.8358,-11.488000000000001,3.957549404928896,8.852800565861646,12.25999927520752,11.619999885559082,17.029998779296875,11.469999313354492,9.955232448661823,9.435547043472921,13.828516025377809,9.313745195837516,10.633260178337515,0.2011182336289959,3.6000001430511475,28.274999618530273,0.0,0.0,0.0,0.0,0.0,,,,,
arenacam6_1769712530394934966.png,1769712530394934966,1769712530.3949351,42.30119891242667,-83.69745210595998,239.38926696777344,0.7112098539952713,0.7029461773281713,0.005729511472488595,0.003793159372176716,-0.07529000000000001,-0.03314,0.0018200000000000002,2.4503,-0.6321,-10.2871,4.106358339664672,9.185677224329492,11.84000015258789,11.800000190734863,11.739999771118164,11.829999923706055,9.614189288702775,9.581708950878468,9.532988056945838,9.606069010648612,9.583738826793923,0.04333503047658928,1.5,29.625,0.0,0.0,0.0,0.0,0.0,,,,,
arenacam6_1769712530456946720.png,1769712530456946720,1769712530.4569466,42.30120193858951,-83.69745217777206,239.4017791748047,0.7112004396037759,0.7029428163643524,0.005833530625548812,0.0055947787792917664,0.008510000000000002,-0.027940000000000003,0.00177,1.8476000000000001,0.1082,-9.238900000000001,4.256595555692223,9.521748862350162,12.029999732971191,11.960000038146973,12.369999885559082,12.139999389648438,9.768470699770145,9.711630302175694,10.04455395847292,9.857791435188904,9.845611598901915,0.03401294670061452,2.1000001430511475,32.54999923706055,0.0,0.0,0.0,0.0,0.0,,,,,
arenacam6_1769712530477472692.png,1769712530477472692,1769712530.4774728,42.30120193858951,-83.69745217777206,239.4017791748047,0.7111590078248636,0.7029847588001505,0.005749582942300616,0.005677744291474554,9e-05,-0.023470000000000005,-0.012100000000000001,1.7790000000000001,-0.4642,-9.3459,4.27430333731829,9.561360107380777,12.119999885559082,12.109999656677246,12.380000114440918,12.300000190734863,9.84155165347292,9.833431375418758,10.05267423652708,9.987713560878468,9.928842706574306,0.03843413437695496,2.5,32.650001525878906,0.0,0.0,0.0,0.0,0.0,,,,,
arenacam6_1769712530643422944.png,1769712530643422944,1769712530.643423,42.30120823079224,-83.69745226912879,239.42242431640625,0.7111541585690161,0.7029791068067068,0.006324885958648917,0.006335137003227097,-0.05714,2e-05,0.0061,1.8688,-0.0211,-9.8353,4.496420795462177,10.058223534201161,12.969999313354492,12.989999771118164,12.929999351501465,12.960000038146973,10.531759025837516,10.54799958194584,10.499278688013211,10.523639522175694,10.525669204493065,0.04647397909804245,2.0,32.54999923706055,0.0,0.0,0.0,0.0,0.0,,,,,
arenacam6_1769712530663983905.png,1769712530663983905,1769712530.6639838,42.30120904560793,-83.69745228322664,239.42417907714844,0.7111587956756891,0.7029634378638497,0.006784912604965597,0.007038275405505354,-0.05013000000000001,-0.020370000000000003,0.0013400000000000003,1.9292,0.45840000000000003,-10.1432,4.5508837871681855,10.180053978868001,13.059999465942383,13.119999885559082,13.079999923706055,13.069999694824219,10.60483997954029,10.65356087347292,10.621080535648614,10.612960257594452,10.623110411564069,0.04352201212447153,1.8000000715255737,32.625,0.0,0.0,0.0,0.0,0.0,,,,,
arenacam6_1769712530726048390.png,1769712530726048390,1769712530.7260485,42.30121151739818,-83.6974523142494,239.43016052246094,0.7110830518522097,0.7030359407695943,0.006789028168200972,0.007434275438160562,0.02414,-0.003650000000000001,-0.005610000000000001,1.7072,1.3576000000000001,-9.4617,4.623448458209532,10.342376794107231,13.429999351501465,13.399999618530273,13.359999656677246,13.380000114440918,10.905283298013211,10.880923238243065,10.848442900418759,10.86468345652708,10.874833223300529,0.051482984984329225,1.8000000715255737,32.45000076293945,0.0,0.0,0.0,0.0,0.0,,,,,
arenacam6_1769712530829390451.png,1769712530829390451,1769712530.8293903,42.30121662021509,-83.69745233423846,239.44168090820312,0.7108805397071808,0.7032683597472946,0.005542397596712165,0.0056350929767954175,0.009270000000000002,0.00787,-0.0008200000000000001,2.3232,-0.0098,-9.7969,4.814050066927256,10.768741156712256,13.920000076293945,13.929999351501465,13.719999313354492,13.84999942779541,11.303168404351387,11.311287908013211,11.140765940837518,11.246327232364598,11.25038737139168,0.044726324801595725,1.8000000715255737,31.75,0.0,0.0,0.0,0.0,0.0,,,,,
arenacam6_1769712530850021684.png,1769712530850021684,1769712530.8500216,42.30121662021509,-83.69745233423846,239.44168090820312,0.7108936912174533,0.7032554410055339,0.005512691694818688,0.005617358241557539,0.006730000000000001,-0.0017000000000000001,0.0036000000000000008,2.2176,0.6905,-9.9364,4.836205093847945,10.818300622632224,14.269999504089355,14.059999465942383,14.119999885559082,13.989999771118164,11.587371166715984,11.416849199540291,11.46557009347292,11.36000880194584,11.457449815418759,0.05908036900448253,1.8000000715255737,32.17499923706055,0.0,0.0,0.0,0.0,0.0,,,,,
arenacam6_1769712530912484224.png,1769712530912484224,1769712530.9124844,42.301218369768016,-83.69745233157747,239.44593811035156,0.7108557173703831,0.7033003765684175,0.004968144531157229,0.0052959362229780885,0.0313,0.00111,-0.007740000000000001,1.2548000000000001,0.1794,-9.853200000000001,4.955913017583974,11.086080065554295,14.269999504089355,14.269999504089355,14.40999984741211,14.309999465942383,11.587371166715984,11.587371166715984,11.701052736297227,11.619851504540291,11.623911643567371,0.04851413437687319,1.7000000476837158,32.525001525878906,0.0,0.0,0.0,0.0,0.0,,,,,
arenacam6_1769712531015868798.png,1769712531015868798,1769712531.0158687,42.301224696462434,-83.69745227813138,239.4604949951172,0.7106353576392452,0.7035367319383677,0.0037620475725277935,0.004393436523389202,-0.020710000000000006,0.008660000000000001,0.0018200000000000002,2.0286,-1.0193,-8.4658,5.1389479771158655,11.495518287929565,14.739999771118164,14.779999732971191,14.619999885559082,14.789999961853027,11.96901571694584,12.001496054770147,11.87157470347292,12.009616332824306,11.962925702003304,0.04065996872577046,1.100000023841858,32.57500076293945,0.0,0.0,0.0,0.0,0.0,,,,,
arenacam6_1769712531077611522.png,1769712531077611522,1769712531.0776114,42.30122843713373,-83.69745229712828,239.46621704101562,0.7105777725454935,0.7035828497586112,0.0051724996053839935,0.0048629145241171874,-0.022010000000000002,0.008740000000000001,-0.00841,2.5206,-0.45370000000000005,-10.161900000000001,5.2609742753197075,11.768483795433667,15.079999923706055,15.0,15.049999237060547,15.0,12.245098975648615,12.180138300000001,12.22073814148613,12.180138300000001,12.206528429283688,0.037221841102418676,1.100000023841858,32.525001525878906,0.0,0.0,0.0,0.0,0.0,,,,,
arenacam6_1769712531119281139.png,1769712531119281139,1769712531.119281,42.301229390298595,-83.69745230639285,239.4679412841797,0.7105801482848887,0.703576550544802,0.0054423414346376,0.005125554273664209,-0.015550000000000001,0.00468,0.00037000000000000005,1.6332,0.6723,-11.2195,5.310059202661518,11.878283832801657,15.1899995803833,15.1899995803833,15.399999618530273,15.229999542236328,12.33441971106737,12.33441971106737,12.504941678243066,12.36690004889168,12.385170287317372,0.04267337450852606,1.2000000476837158,32.82500076293945,0.0,0.0,0.0,0.0,0.0,,,,,
arenacam6_1769712531201892296.png,1769712531201892296,1769712531.2018924,42.301232282320605,-83.6974523210938,239.47596740722656,0.7105175687869976,0.7036447454791875,0.004964746192023499,0.00492015241559248,0.026850000000000002,0.00464,-0.00576,1.6217000000000001,0.5212,-9.5616,5.417983396792049,12.119703779620007,15.679999351501465,15.619999885559082,15.639999389648438,15.719999313354492,12.732304043013212,12.68358392347292,12.699823705188903,12.764784380837519,12.720124013128139,0.0495408340357108,1.399999976158142,32.92499923706055,0.0,0.0,0.0,0.0,0.0,,,,,
arenacam6_1769712531263898166.png,1769712531263898166,1769712531.2638981,42.301236216732214,-83.69745235017514,239.48687744140625,0.7105700725351697,0.7035845808449288,0.005728875729436055,0.005107797715874961,-0.04714000000000001,0.020790000000000003,0.007160000000000001,2.2069,-0.496,-9.5195,5.53376413567017,12.37869834564603,15.9399995803833,15.899999618530273,15.880000114440918,15.920000076293945,12.943426626067373,12.910946288243066,12.894706506527081,12.927186844351388,12.919066566297227,0.043653072848427565,1.399999976158142,33.025001525878906,0.0,0.0,0.0,0.0,0.0,,,,,
arenacam6_1769712531326221678.png,1769712531326221678,1769712531.3262215,42.30123923064575,-83.6974523819348,239.49462890625,0.7107026496451908,0.7034380121687784,0.006637626955781574,0.005713906871694845,-0.00961,-0.007640000000000001,-0.0029700000000000004,2.3041,0.1494,-10.5837,5.639778258237271,12.615845576981283,16.170000076293945,16.19999885559082,16.260000228881836,16.239999771118164,13.130189149351388,13.154548434729195,13.203270103054162,13.18702954694584,13.168759308520144,0.043826926079984785,1.600000023841858,32.70000076293945,0.0,0.0,0.0,0.0,0.0,,,,,
arenacam6_1769712531346675018.png,1769712531346675018,1769712531.346675,42.30124024282516,-83.69745238583474,239.4974365234375,0.7107128957251494,0.7034290293346633,0.0065342145575273645,0.005664325148006893,0.025970000000000003,0.008040000000000002,-0.0036100000000000004,1.4332,1.391,-9.5563,5.679658173474737,12.705054554572579,16.34000015258789,16.43000030517578,16.25,16.279998779296875,13.268230778702774,13.341311732405547,13.195149825,13.219509110377807,13.256050361621533,0.04336823621514081,1.8000000715255737,33.0,0.0,0.0,0.0,0.0,0.0,,,,,
arenacam6_1769712531408825603.png,1769712531408825603,1769712531.4088256,42.30124436919378,-83.69745240003527,239.50900268554688,0.710585134326671,0.7035656983622192,0.006074004223762676,0.005213581755307834,0.009000000000000001,0.008730000000000002,-0.007020000000000001,0.8859,0.999,-9.1056,5.772621829980522,12.913008676356629,16.459999084472656,16.559999465942383,16.60999870300293,16.579999923706055,13.365671017783358,13.446872249540291,13.487472091026422,13.463112805648613,13.44078204099967,0.04087144815517547,2.200000047683716,32.47500228881836,0.0,0.0,0.0,0.0,0.0,,,,,
arenacam6_1769712531429441147.png,1769712531429441147,1769712531.429441,42.30124436919378,-83.69745240003527,239.50900268554688,0.7105594500592409,0.7035924871104419,0.006098959495027584,0.005067810802463188,0.017270000000000004,0.024100000000000003,-0.007230000000000001,1.2926,0.8728,-8.694,5.785413571502152,12.941623034636025,16.729999542236328,16.690000534057617,16.709999084472656,16.690000534057617,13.58491387889168,13.55243431545971,13.568673322783358,13.55243431545971,13.564613958148612,0.048138546598464435,2.299999952316284,32.875,0.0,0.0,0.0,0.0,0.0,,,,,
arenacam6_1769712531450483349.png,1769712531450483349,1769712531.4504836,42.30124541682553,-83.69745240044853,239.5111541748047,0.7104773237043558,0.70367516216334,0.006272951233665224,0.004887610777580148,-0.01882,0.012450000000000001,-0.0032000000000000006,1.5887,-0.19770000000000001,-9.8284,5.840288662194852,13.064375320010154,16.739999771118164,16.75,16.760000228881836,16.75,13.593034156945839,13.601154435,13.609274713054162,13.601154435,13.601154435,0.04108723929323159,2.4000000953674316,32.875,0.0,0.0,0.0,0.0,0.0,,,,,
arenacam6_1769712531470788968.png,1769712531470788968,1769712531.470789,42.30124752086804,-83.69745240539424,239.5156707763672,0.7104416015724917,0.7037091641034195,0.006519029817544331,0.004862649711563164,-0.01131,0.014940000000000002,-0.00841,1.6528,0.5201,-10.2256,5.8704186318893505,13.131774254418564,16.809999465942383,16.779998779296875,16.829999923706055,16.81999969482422,13.649874554540292,13.625513720377807,13.666115110648613,13.657994832594452,13.649874554540292,0.03945394507123797,2.4000000953674316,33.29999923706055,0.0,0.0,0.0,0.0,0.0,,,,,
arenacam6_1769712531512548499.png,1769712531512548499,1769712531.5125487,42.301249653393945,-83.6974524058971,239.52052307128906,0.710388601186262,0.7037605448022997,0.006758836861386141,0.0048424176273399126,-0.007410000000000001,-0.012320000000000001,-0.0017500000000000003,1.4906000000000001,0.1197,-10.472100000000001,5.961645607148632,13.335843524455061,16.829999923706055,17.029998779296875,17.10999870300293,17.020000457763672,13.666115110648613,13.828516025377809,13.89347670102642,13.820397296108322,13.802126283290292,0.03496462432092644,2.299999952316284,33.32500076293945,0.0,0.0,0.0,0.0,0.0,,,,,
arenacam6_1769712531595265421.png,1769712531595265421,1769712531.5952656,42.30125289859449,-83.69745242010708,239.52908325195312,0.7103401107860715,0.7038079836763551,0.00662549215630072,0.00522991161889065,-0.0007700000000000001,-0.009960000000000002,-0.009380000000000001,1.5914000000000001,-0.1305,-10.0303,6.07609723658609,13.591864952408889,17.440000534057617,17.31999969482422,17.35999870300293,17.369998931884766,14.161441230459708,14.06399944259445,14.09647900602642,14.104599284080582,14.10662974079029,0.03787300640374364,2.299999952316284,33.150001525878906,0.0,0.0,0.0,0.0,0.0,,,,,
arenacam6_1769712531636275827.png,1769712531636275827,1769712531.6362758,42.3012561965334,-83.69745244846855,239.5378875732422,0.7103141834985933,0.7038325879109127,0.0065770829021147776,0.005494624268567495,0.022390000000000004,0.010990000000000003,-0.01063,1.3775000000000002,0.9185000000000001,-9.1948,6.145974489924545,13.748176175491814,17.559999465942383,17.59000015258789,17.520000457763672,17.639999389648438,14.258881469540292,14.283242303702774,14.226401906108324,14.323842145188904,14.273091956135074,0.03818075750142055,2.4000000953674316,32.75,0.0,0.0,0.0,0.0,0.0,,,,,
arenacam6_1769712531677819500.png,1769712531677819500,1769712531.6778195,42.30125842346091,-83.6974524740367,239.54359436035156,0.7102653913211878,0.703880379637695,0.006593686940447941,0.005657591800902989,-0.026900000000000004,-0.00262,-0.0011900000000000003,0.9850000000000001,1.0573000000000001,-10.2889,6.210244103045185,13.891943443865898,17.690000534057617,17.690000534057617,17.690000534057617,17.78999900817871,14.36444353545971,14.36444353545971,14.36444353545971,14.445643218431968,14.384743456202774,0.03547379920802048,2.4000000953674316,33.150001525878906,0.0,0.0,0.0,0.0,0.0,,,,,
arenacam6_1769712531864177962.png,1769712531864177962,1769712531.864178,42.30126754228458,-83.6974525667852,239.5711669921875,0.70994148377798,0.7042009946743556,0.0065194885303889415,0.006445539548427855,0.021570000000000002,-0.016130000000000002,-0.00759,2.1507,0.16840000000000002,-9.5485,6.513767364110234,14.570906767472747,18.43000030517578,18.479999542236328,18.60999870300293,18.56999969482422,14.965330172405547,15.005930013891678,15.111490531026423,15.079010967594453,15.040440421229526,0.0322240517525607,2.4000000953674316,33.25,0.0,0.0,0.0,0.0,0.0,,,,,
arenacam6_1769712531884982997.png,1769712531884982997,1769712531.884983,42.301271057540504,-83.69745259789136,239.5821990966797,0.7098751576610218,0.7042690589302439,0.006295581620987325,0.006535963685745367,0.0037800000000000004,-0.021190000000000004,-0.006150000000000001,1.1089,-0.1752,-9.6643,6.542509756155216,14.635201773933849,18.549999237060547,18.56999969482422,18.600000381469727,18.619998931884766,15.06277041148613,15.079010967594453,15.103371801756936,15.119610809080582,15.091190997479526,0.03115701652694808,2.4000000953674316,33.375,0.0,0.0,0.0,0.0,0.0,,,,,
arenacam6_1769712531946740458.png,1769712531946740458,1769712531.9467404,42.3012734285457,-83.69745263291423,239.58961486816406,0.7097911473116526,0.7043512573221897,0.005945520618268283,0.0071052298510220265,-0.013950000000000002,-0.020720000000000002,-0.0019300000000000003,1.1773,0.7314,-8.704600000000001,6.631741799016934,14.834808499892942,18.93000030517578,18.869998931884766,18.94999885559082,18.969999313354492,15.37133478240555,15.322613114080582,15.387573789729194,15.403814345837517,15.37133400801321,0.03616666222042169,2.299999952316284,33.150001525878906,0.0,0.0,0.0,0.0,0.0,,,,,
arenacam6_1769712531988287961.png,1769712531988287961,1769712531.988288,42.30127582406657,-83.69745266262764,239.59620666503906,0.7097162627282274,0.704427313117658,0.005805347142371923,0.00716134746197929,0.004980000000000001,-0.0048400000000000006,-0.010280000000000003,1.7305000000000001,-0.7664000000000001,-9.166400000000001,6.6754606765296565,14.932605005756251,19.100000381469727,19.189998626708984,19.19999885559082,19.170000076293945,15.509376411756936,15.582455816675035,15.590576094729194,15.566216809351387,15.562156283128138,0.04215950781053981,2.4000000953674316,32.900001525878906,0.0,0.0,0.0,0.0,0.0,,,,,
arenacam6_1769712532050540035.png,1769712532050540035,1769712532.05054,42.30128066540147,-83.69745273764535,239.60658264160156,0.7096138832988514,0.7045278759343686,0.006124267210945442,0.007148567133354376,-0.028280000000000003,0.02457,0.0021400000000000004,1.5598,-0.3791,-9.6757,6.76682153664048,15.136973768172556,19.329999923706055,19.389999389648438,19.329999923706055,19.299999237060547,15.696138160648614,15.744858280188904,15.696138160648614,15.671777326486131,15.702227981993065,0.037342616990526156,2.4000000953674316,33.04999923706055,0.0,0.0,0.0,0.0,0.0,,,,,
arenacam6_1769712532070942238.png,1769712532070942238,1769712532.0709422,42.30128188748708,-83.697452756836,239.6087646484375,0.7095670952986431,0.7045711124865361,0.00652520004495411,0.007176801746206164,-0.015880000000000002,0.0233,-0.00458,0.9653,0.1471,-9.7941,6.8061818781939945,15.225020490607275,19.40999984741211,19.35999870300293,19.43000030517578,19.510000228881836,15.761098836297226,15.720497446026421,15.77733939240555,15.842300068054161,15.77530893569584,0.03614369159161743,2.4000000953674316,33.07500076293945,0.0,0.0,0.0,0.0,0.0,,,,,
arenacam6_1769712532132900156.png,1769712532132900156,1769712532.1329,42.30128558864554,-83.69745282009754,239.61614990234375,0.7094700598887105,0.7046616758137457,0.0073108823976724135,0.007120938101166358,0.0033100000000000004,0.03302000000000001,0.0012200000000000002,0.9939,2.5476,-10.1531,6.87654497964789,15.382418526773552,19.75,19.56999969482422,19.649999618530273,19.65999984741211,16.037182095000002,15.891020187594453,15.955980863243067,15.964101141297226,15.962071071783688,0.037682796369194714,2.4000000953674316,33.275001525878906,0.0,0.0,0.0,0.0,0.0,,,,,
arenacam6_1769712532153774043.png,1769712532153774043,1769712532.153774,42.30128683451353,-83.69745284201214,239.61964416503906,0.7093394466261093,0.704797731256279,0.00722363459602437,0.006747338689436804,0.00051,0.00446,-0.00807,1.2819,-1.2998,-10.924100000000001,6.930609279455343,15.503357121584836,19.649999618530273,19.69999885559082,19.729999542236328,19.779998779296875,15.955980863243067,15.996580704729196,16.020941538891677,16.061541380377808,16.008761121810437,0.03259964898324784,2.4000000953674316,32.900001525878906,0.0,0.0,0.0,0.0,0.0,,,,,
arenacam6_1769712532381205432.png,1769712532381205432,1769712532.3812056,42.30129955524164,-83.69745300977361,239.6600341796875,0.7091137111419032,0.7050362955327957,0.006844023982507628,0.005892876010646041,0.0020100000000000005,0.014250000000000002,-0.0029000000000000007,1.338,0.34450000000000003,-8.9094,7.225108365156026,16.16213390635212,20.5,20.600000381469727,20.719999313354492,20.600000381469727,16.64618901,16.727390241756936,16.824830480837516,16.727390241756936,16.731449993587848,0.035225304439036445,1.899999976158142,33.22500228881836,0.0,0.0,0.0,0.0,0.0,,,,,
arenacam6_1769712532422995275.png,1769712532422995275,1769712532.422995,42.301303465170655,-83.69745306310102,239.66912841796875,0.7090757954903711,0.7050774244819611,0.007060455402173515,0.005243253293137357,0.012290000000000002,0.029130000000000003,-0.005770000000000001,2.208,-0.3909,-9.3459,7.295133790530008,16.3187765813882,20.719999313354492,20.81999969482422,20.69999885559082,20.81999969482422,16.824830480837516,16.90603171259445,16.808589924729194,16.90603171259445,16.861370957688905,0.03324969697296685,1.3000000715255737,33.35000228881836,0.0,0.0,0.0,0.0,0.0,,,,,
arenacam6_1769712532464043791.png,1769712532464043791,1769712532.4640439,42.30130742266558,-83.6974531294399,239.67788696289062,0.7089764143106543,0.7051716028473235,0.007585374683716477,0.0052836142792357585,-0.04088000000000001,0.00898,-0.0037300000000000002,2.2354000000000003,-1.0795000000000001,-9.861600000000001,7.371112311107477,16.48873597320876,21.139999389648438,20.779998779296875,20.899999618530273,20.959999084472656,17.165874415188906,16.873550600377808,16.970992388243065,17.019712507783357,17.007532477898284,0.031463691670026946,1.2000000476837158,34.025001525878906,0.0,0.0,0.0,0.0,0.0,,,,,
arenacam6_1769712532485835966.png,1769712532485835966,1769712532.485836,42.30130742266558,-83.6974531294399,239.67788696289062,0.7089803646402605,0.7051636121616609,0.007797916825235845,0.005505917804393438,-0.06117000000000001,-0.0016100000000000003,0.0026800000000000005,1.7238,-0.7066,-10.023200000000001,7.387867413300018,16.526216131507343,21.079999923706055,21.06999969482422,21.020000457763672,20.979999542236328,17.117154295648614,17.109034017594453,17.068434176108322,17.03595306389168,17.08264388831077,0.03366939851056366,1.100000023841858,34.17499923706055,0.0,0.0,0.0,0.0,0.0,,,,,
arenacam6_1769712532588093375.png,1769712532588093375,1769712532.5880935,42.30131412261987,-83.69745325436388,239.6964111328125,0.7088588173435663,0.7052710675842233,0.00861671900098805,0.006135996785245981,0.03837000000000001,-0.0020000000000000005,-0.0056700000000000006,1.9539000000000002,0.3371,-10.6373,7.512521706513292,16.805060306167846,21.469999313354492,21.350000381469727,21.489999771118164,21.43000030517578,17.433837395837518,17.336397156756938,17.45007795194584,17.401357832405548,17.405417584236464,0.03572479164792242,1.100000023841858,34.54999923706055,0.0,0.0,0.0,0.0,0.0,,,,,
arenacam6_1769712532608753657.png,1769712532608753657,1769712532.6087537,42.30131547169252,-83.69745327974428,239.70101928710938,0.708829780855688,0.7053044077537308,0.008349628745530326,0.00602643136924235,0.012280000000000001,-0.012540000000000003,-0.00623,1.0692000000000002,1.3784,-10.814400000000001,7.5484786838057625,16.885493906952462,21.510000228881836,21.529998779296875,21.529998779296875,21.6299991607666,17.46631850805416,17.48255751537781,17.48255751537781,17.563758747134745,17.49879807148613,0.036321363645818304,1.100000023841858,34.5,0.0,0.0,0.0,0.0,0.0,,,,,
arenacam6_1769712532691676584.png,1769712532691676584,1769712532.6916766,42.30132093717788,-83.6974533556137,239.72183227539062,0.7087431009430954,0.7054091204107527,0.006963138828980962,0.005718776489906964,0.05849000000000001,-0.017790000000000004,-0.013840000000000002,2.0866000000000002,0.616,-8.252500000000001,7.667161158369663,17.150979481603436,21.889999389648438,21.68000030517578,21.850000381469727,21.8799991607666,17.774881330188904,17.60436013740555,17.742401766756934,17.766761052134743,17.722101071621534,0.033299648607865065,1.100000023841858,34.75,0.0,0.0,0.0,0.0,0.0,,,,,
arenacam6_1769712532712755452.png,1769712532712755452,1769712532.7127554,42.30132508364749,-83.69745340809423,239.73678588867188,0.7087463279271499,0.7054084911512812,0.006623521295755249,0.005799329883557068,0.00075,-0.027940000000000003,0.00515,0.5221,-0.8180000000000001,-8.7763,7.689472254052381,17.200888063979935,21.719999313354492,21.809999465942383,22.0,21.920000076293945,17.63683970083752,17.70992065454029,17.86420284,17.799242164351387,17.7525513399323,0.032071790357591626,1.0,34.17499923706055,0.0,0.0,0.0,0.0,0.0,,,,,
arenacam6_1769712532753727312.png,1769712532753727312,1769712532.7537272,42.30132647663349,-83.69745342485282,239.74154663085938,0.7086553751975172,0.7055032848511991,0.006254834167826125,0.005792349900221189,0.0021100000000000003,-0.01565,-0.0014200000000000003,1.4499,0.33230000000000004,-9.704600000000001,7.752040708160742,17.340849941713092,22.029998779296875,22.010000228881836,22.139999389648438,22.0,17.88856212537781,17.87232311805416,17.977883635188903,17.86420284,17.90074292965522,0.03228751703775001,0.9000000357627869,34.32500076293945,0.0,0.0,0.0,0.0,0.0,,,,,
arenacam6_1769712532815641102.png,1769712532815641102,1769712532.8156412,42.3013306814835,-83.69745347470442,239.75469970703125,0.7085363765446436,0.7056232659604527,0.005857688322767748,0.006139799329357004,-0.019450000000000002,-0.02161,0.0009300000000000002,1.1434,-0.32320000000000004,-8.853900000000001,7.839137120995146,17.535679391438883,22.31999969482422,22.239999771118164,22.219999313354492,22.219999313354492,18.12404554259445,18.059084866945838,18.042844310837516,18.042844310837516,18.06720475780383,0.03031107917178518,0.699999988079071,34.57500076293945,0.0,0.0,0.0,0.0,0.0,,,,,
arenacam6_1769712532836829062.png,1769712532836829062,1769712532.8368292,42.301332089006664,-83.69745349645542,239.75869750976562,0.7085076577209204,0.7056486188614456,0.006002707653118847,0.006394775256452161,-0.028010000000000004,-0.0037600000000000008,-0.00415,0.41700000000000004,0.0728,-8.5684,7.852496355427329,17.56556319730961,22.420000076293945,22.31999969482422,22.309999465942383,22.31999969482422,18.205246774351387,18.12404554259445,18.11592526454029,18.12404554259445,18.142315781020145,0.03283427791252774,0.6000000238418579,34.650001525878906,0.0,0.0,0.0,0.0,0.0,,,,,
arenacam6_1769712532877906617.png,1769712532877906617,1769712532.8779068,42.30133492693357,-83.69745354435149,239.765380859375,0.7085052997336605,0.705641708508196,0.006692140879818362,0.006725675683129503,-0.025490000000000006,0.01832,0.0026400000000000004,1.2102000000000002,1.8732000000000002,-9.748700000000001,7.904294834574312,17.681433287252663,22.59000015258789,22.479999542236328,22.469999313354492,22.510000228881836,18.343288403702772,18.25396689389168,18.245846615837518,18.278327728054162,18.280357410371533,0.033873052788693396,0.6000000238418579,34.5,0.0,0.0,0.0,0.0,0.0,,,,,
arenacam6_1769712532960756473.png,1769712532960756473,1769712532.9607565,42.30134064588603,-83.6974536465265,239.78099060058594,0.7083590020182764,0.7057940713292493,0.006688307079693235,0.006125331383838458,0.011030000000000002,0.00581,-0.00262,0.199,-0.9749000000000001,-11.903,7.997152672949196,17.889150700226974,22.869998931884766,22.779998779296875,22.85999870300293,22.939998626708984,18.570649994080583,18.497569040377808,18.56252971602642,18.627490391675032,18.564559785539963,0.037755234814161376,0.6000000238418579,33.775001525878906,0.0,0.0,0.0,0.0,0.0,,,,,
arenacam6_1769712533084815120.png,1769712533084815120,1769712533.084815,42.3013493674588,-83.6974537801217,239.80914306640625,0.7082842175668173,0.7058847314838572,0.006265298898203585,0.004578103694790677,-0.030430000000000006,-0.009340000000000003,0.0030700000000000002,1.9639000000000002,0.3337,-9.4421,8.178968400220967,18.29586157319029,23.35999870300293,23.19999885559082,23.420000076293945,23.25,18.968534326026422,18.838612974729198,19.017255994351387,18.879214365000003,18.92590441502675,0.034436358152145644,0.5,32.125,0.0,0.0,0.0,0.0,0.0,,,,,
arenacam6_1769712533105682426.png,1769712533105682426,1769712533.1056824,42.30135231596756,-83.69745382553982,239.81910705566406,0.7082499215083178,0.7059194395199783,0.0061848073718986495,0.004641308978496995,0.01271,-0.00885,-0.007690000000000001,1.2431,0.4056,-10.1465,8.206405369424443,18.357236427080316,23.44999885559082,23.389999389648438,23.35999870300293,23.309999465942383,19.041615279729196,18.992895160188905,18.968534326026422,18.92793448454029,18.982744812621203,0.03407421307807235,0.4000000059604645,32.04999923706055,0.0,0.0,0.0,0.0,0.0,,,,,
arenacam6_1769712533167820613.png,1769712533167820613,1769712533.1678205,42.30135527903558,-83.69745388931365,239.82818603515625,0.7082361393696114,0.7059167022747617,0.007219200809268236,0.005573462122364131,-0.05219,0.0024400000000000003,-0.005880000000000001,1.3719000000000001,0.2063,-7.697500000000001,8.284829399265057,18.53266627639198,23.60999870300293,23.489999771118164,23.510000228881836,23.549999237060547,19.17153663102642,19.07409639194584,19.090336948054162,19.122816511486132,19.114696620628138,0.031405645337583415,0.5,31.92500114440918,0.0,0.0,0.0,0.0,0.0,,,,,
arenacam6_1769712533209366162.png,1769712533209366162,1769712533.2093663,42.30135826188316,-83.69745396857249,239.83544921875,0.7082275164726926,0.7059127359440246,0.007887756264001343,0.006227153769045856,-0.07483000000000002,0.0003800000000000001,0.0037700000000000003,1.5004000000000002,-0.6373,-10.7805,8.32175419598254,18.615264831161188,23.60999870300293,23.729999542236328,23.489999771118164,23.69999885559082,19.17153663102642,19.26897841889168,19.07409639194584,19.244617584729195,19.189807256648287,0.030864047903596762,0.6000000238418579,31.950000762939453,0.0,0.0,0.0,0.0,0.0,,,,,
arenacam6_1769712533229700253.png,1769712533229700253,1769712533.2297003,42.3013612675312,-83.69745403647369,239.84222412109375,0.7082248809563486,0.7059090592028603,0.00811829439992596,0.006634110771933576,-0.0017500000000000003,-0.01518,0.00143,0.9432,0.0649,-9.547500000000001,8.377408462687383,18.739760086523916,23.8799991607666,23.600000381469727,23.729999542236328,23.78999900817871,19.390779492134744,19.163417901756937,19.26897841889168,19.31769853843197,19.285218587803833,0.029107016245750433,0.800000011920929,32.17499923706055,0.0,0.0,0.0,0.0,0.0,,,,,
arenacam6_1769712533353622167.png,1769712533353622167,1769712533.3536222,42.30137037084465,-83.697454216798,239.8667755126953,0.7083230512533786,0.7058328576434374,0.00696309269192371,0.005472428543707086,0.03484,0.0025800000000000003,0.005660000000000001,0.5692,0.8665,-11.4626,8.49029713037986,18.992285262831924,23.979999542236328,24.029998779296875,24.149999618530273,24.029998779296875,19.47198072389168,19.51258056537781,19.610022353243064,19.51258056537781,19.526791051972594,0.02814331091512737,0.30000001192092896,32.0,0.0,0.0,0.0,0.0,0.0,,,,,
arenacam6_1769712533395240332.png,1769712533395240332,1769712533.3952405,42.30137189858186,-83.69745423759137,239.8718719482422,0.7082161329934289,0.7059485602187997,0.006567944520194732,0.004837499107723493,0.04036000000000001,0.0012100000000000001,-0.009720000000000003,1.0246,0.279,-9.5578,8.524874772846672,19.069633374371637,24.479999542236328,24.25,24.350000381469727,24.25,19.87798533389168,19.691223585,19.772424816756935,19.691223585,19.758214330162154,0.03610876739329061,-0.5,32.32500076293945,0.0,0.0,0.0,0.0,0.0,,,,,
arenacam6_1769712533478051427.png,1769712533478051427,1769712533.4780514,42.301376508427055,-83.69745429283945,239.88893127441406,0.708062554051466,0.7061166608148416,0.005591679655376011,0.003926065262343277,0.019510000000000003,-0.018540000000000004,-0.01025,0.0736,-0.6875,-9.8802,8.614431724373347,19.269966901519716,24.68000030517578,24.869998931884766,24.53999900817871,24.51999855041504,20.04038779740555,20.194668434080583,19.92670545343197,19.910464897323646,20.01805664556044,0.038821537570037284,-1.600000023841858,32.60000228881836,0.0,0.0,0.0,0.0,0.0,,,,,
arenacam6_1769712533520000195.png,1769712533520000195,1769712533.5200002,42.30138271638111,-83.69745440494228,239.91250610351562,0.7081336109360175,0.7060387892739054,0.005935741989701766,0.004558954966492488,-0.0159,-0.00037000000000000005,0.0033200000000000005,0.7346,1.1418000000000001,-8.0756,8.66571883951166,19.384693100857213,24.850000381469727,24.850000381469727,24.549999237060547,24.529998779296875,20.178429426756935,20.178429426756935,19.93482573148613,19.91858517537781,20.052567440094453,0.03445369682988204,-2.200000047683716,32.35000228881836,0.0,0.0,0.0,0.0,0.0,,,,,
arenacam6_1769712533540300752.png,1769712533540300752,1769712533.5403008,42.30138427864666,-83.69745444221093,239.91722106933594,0.7080818434100019,0.7060882767123728,0.006029053098588264,0.0048061461879052225,-0.03447,-0.009190000000000002,-0.004850000000000001,1.0534000000000001,-1.9384000000000001,-8.898900000000001,8.68776110430956,19.43400032467423,24.779998779296875,24.69999885559082,24.489999771118164,24.59000015258789,20.12158748037781,20.056626804729195,19.88610561194584,19.967306843702776,20.007906685188903,0.0295310461524495,-2.200000047683716,32.5,0.0,0.0,0.0,0.0,0.0,,,,,
arenacam6_1769712533622742094.png,1769712533622742094,1769712533.622742,42.30139055121331,-83.69745457973028,239.93247985839844,0.7081053845037569,0.70605206370453,0.00685478374229152,0.005500883129773466,-0.016040000000000002,0.010400000000000001,-0.0021000000000000003,0.6972,0.8572000000000001,-9.5478,8.75827508914678,19.591735877915998,25.06999969482422,24.829999923706055,24.60999870300293,24.69999885559082,20.357070897594454,20.162188870648613,19.98354585102642,20.056626804729195,20.13985810599967,0.027977216082293293,-2.200000047683716,32.97500228881836,0.0,0.0,0.0,0.0,0.0,,,,,
arenacam6_1769712533871818690.png,1769712533871818690,1769712533.8718188,42.30140971889672,-83.69745494118541,239.9923553466797,0.707905915634036,0.7062492542688661,0.003874735743227113,0.008135839104107867,-0.036390000000000006,0.009780000000000002,0.008100000000000001,0.17350000000000002,-1.1632,-8.2997,8.968916517978544,20.062928115726926,25.869998931884766,25.920000076293945,25.510000228881836,25.399999618530273,21.006677654080583,21.047279044351388,20.714355388054162,20.625033878243066,20.8483364911823,0.03914724565252814,-5.599999904632568,33.5,0.0,0.0,0.0,0.0,0.0,,,,,
arenacam6_1769712533912308580.png,1769712533912308580,1769712533.9123085,42.30141456640758,-83.69745504530293,240.0037841796875,0.7079343534125369,0.7062186111497758,0.0045594633228366495,0.007964660586798095,0.0204,0.036210000000000006,-0.0053100000000000005,0.41400000000000003,-1.3146,-9.470600000000001,8.997472983019529,20.126807214635708,25.899999618530273,26.010000228881836,25.689998626708984,25.56999969482422,21.031038488243063,21.120359998054163,20.860515746675034,20.763075507594454,20.943747435141677,0.040589657951903634,-6.5,33.79999923706055,0.0,0.0,0.0,0.0,0.0,,,,,
arenacam6_1769712533954296870.png,1769712533954296870,1769712533.9542968,42.301416187403134,-83.69745507552346,240.0071563720703,0.7080346627341763,0.7061164675541381,0.005295602837036152,0.007642460752890207,-0.009290000000000001,0.051050000000000005,0.012620000000000003,1.1813,2.3769,-9.105500000000001,9.018426004788564,20.17367786715173,25.989999771118164,25.93000030517578,25.85999870300293,25.670000076293945,21.104119441945837,21.05539932240555,20.998557376026422,20.84427673935139,21.0005882199323,0.04098956859656242,-7.800000190734863,33.625,0.0,0.0,0.0,0.0,0.0,,,,,
arenacam6_1769712534057143961.png,1769712534057143961,1769712534.0571442,42.30142597311988,-83.69745525924016,240.02581787109375,0.7082136305537396,0.7059548863293382,0.0055408650641738545,0.005518222536538994,-0.003790000000000001,0.025910000000000002,0.00011000000000000002,1.5654000000000001,-0.4408,-9.833,9.123342248289571,20.408369208888875,26.299999237060547,26.149999618530273,25.969999313354492,25.84000015258789,21.35584186648613,21.234040793243068,21.08787888583752,20.982318368702774,21.165019978567372,0.037075513576505556,-8.40000057220459,33.625,0.0,0.0,0.0,0.0,0.0,,,,,
arenacam6_1769712534119330494.png,1769712534119330494,1769712534.1193306,42.30143255673229,-83.69745538247325,240.03695678710938,0.708441441574635,0.7057176528761705,0.006899686108534266,0.005070760318336238,-0.05884000000000001,0.03341,0.021460000000000003,0.6597000000000001,1.06,-10.4458,9.17515775082113,20.52427737912182,26.279998779296875,26.329999923706055,26.059999465942383,25.989999771118164,21.33960131037781,21.380202700648614,21.160959839540293,21.104119441945837,21.24622082312814,0.03517509682171383,-8.300000190734863,33.5,0.0,0.0,0.0,0.0,0.0,,,,,
arenacam6_1769712534223687677.png,1769712534223687677,1769712534.2236876,42.30143919503199,-83.6974555253729,240.0511474609375,0.708931181547156,0.705209893796812,0.008369398242353769,0.005053582323809116,-0.00417,0.00515,0.016630000000000002,1.4184,-1.4277,-10.7824,9.268885756385858,20.733941303889782,26.510000228881836,26.43000030517578,26.279998779296875,26.510000228881836,21.526364608054163,21.46140393240555,21.33960131037781,21.526364608054163,21.463433614722923,0.03518348490242349,-8.0,33.57500076293945,0.0,0.0,0.0,0.0,0.0,,,,,
arenacam6_1769712534243800379.png,1769712534243800379,1769712534.2438004,42.301440864729976,-83.69745555395534,240.05615234375,0.7091270536255193,0.7050079601901202,0.008562805039082534,0.005410753627574278,-0.04315000000000001,-0.01403,0.03331,0.9263,0.7051000000000001,-10.987200000000001,9.291961034923208,20.78555931746112,26.53999900817871,26.56999969482422,26.349998474121094,26.349998474121094,21.550723893431968,21.575084727594454,21.396441707972258,21.396441707972258,21.479673009242735,0.03339403482871475,-7.900000095367432,33.75,0.0,0.0,0.0,0.0,0.0,,,,,
arenacam6_1769712534305960497.png,1769712534305960497,1769712534.3059604,42.30144589483758,-83.69745564828011,240.07241821289062,0.7097015044096677,0.7044352975116545,0.007966647935925903,0.005587376753562659,-0.0018900000000000002,-0.03694,0.03685000000000001,1.1359000000000001,1.2828000000000002,-9.959800000000001,9.351114432728043,20.91788191914667,26.69999885559082,26.549999237060547,26.549999237060547,26.439998626708984,21.680645244729195,21.558844171486133,21.558844171486133,21.469522661675033,21.566964062344123,0.03103001277597482,-7.300000190734863,33.82500076293945,0.0,0.0,0.0,0.0,0.0,,,,,
arenacam6_1769712534367599648.png,1769712534367599648,1769712534.3675997,42.30145095370965,-83.69745571691298,240.08871459960938,0.7102559692432938,0.703895276527222,0.006442693860180049,0.005137074338478032,0.035800000000000005,-0.023260000000000003,0.013690000000000003,0.3443,0.4344,-10.1094,9.40598468808685,21.040623388169,26.69999885559082,26.69999885559082,26.6299991607666,26.65999984741211,21.680645244729195,21.680645244729195,21.623804847134743,21.64816568129723,21.65831525447259,0.029357108623070324,-6.200000286102295,33.60000228881836,0.0,0.0,0.0,0.0,0.0,,,,,
arenacam6_1769712534409393900.png,1769712534409393900,1769712534.409394,42.30145604142291,-83.6974557638844,240.1058349609375,0.7104841425658539,0.7036708417308619,0.005824429802153471,0.005070076697976556,0.009270000000000002,-0.033710000000000004,0.007360000000000001,1.3110000000000002,-1.4583000000000002,-10.2848,9.448932500043359,21.136695066646993,27.03999900817871,26.729999542236328,26.920000076293945,26.76999855041504,21.95672850343197,21.705006078891678,21.859288264351388,21.737485642323648,21.81462712224967,0.032073701847193346,-5.099999904632568,33.5,0.0,0.0,0.0,0.0,0.0,,,,,
arenacam6_1769712534450242372.png,1769712534450242372,1769712534.4502423,42.30145774467245,-83.69745577691344,240.11146545410156,0.7107344203999463,0.7034161199591153,0.005861435875691999,0.0052905018562658425,0.00496,0.012700000000000001,0.015620000000000002,1.1984000000000001,1.3153000000000001,-8.835600000000001,9.452955276405339,21.14569377600216,26.869998931884766,26.939998626708984,26.94999885559082,26.920000076293945,21.818686874080583,21.875527271675033,21.883647549729197,21.859288264351388,21.85928748995905,0.03374652643304299,-3.9000000953674316,33.79999923706055,0.0,0.0,0.0,0.0,0.0,,,,,
arenacam6_1769712534513213100.png,1769712534513213100,1769712534.5132132,42.30146287402357,-83.69745581615715,240.1282501220703,0.7111386868766448,0.7030065438133164,0.005605901129816554,0.005669325845246206,-0.0004000000000000001,-0.01058,0.019000000000000003,1.4467,-0.1431,-8.442,9.522480741348486,21.301218069552085,27.229999542236328,27.079999923706055,27.079999923706055,27.049999237060547,22.111010688891678,21.989209615648612,21.989209615648612,21.964848781486133,22.013569675418758,0.03344182494825994,-2.200000047683716,34.85000228881836,0.0,0.0,0.0,0.0,0.0,,,,,
arenacam6_1769712534595228664.png,1769712534595228664,1769712534.5952287,42.301469753536416,-83.69745586022893,240.14886474609375,0.7116795387260519,0.7024584486890363,0.00546018546048601,0.0058777885980544585,0.0164,-0.01335,0.015150000000000002,1.0656,0.35960000000000003,-9.9472,9.597025222590997,21.467969601422705,27.25,27.15999984741211,27.28999900817871,27.28999900817871,22.127251245,22.054170291297226,22.15973080843197,22.15973080843197,22.125220788290292,0.030615433088000556,-1.0,36.60000228881836,0.0,0.0,0.0,0.0,0.0,,,,,
arenacam6_1769712534615804307.png,1769712534615804307,1769712534.6158044,42.30147321077967,-83.6974558742864,240.1586151123047,0.7118459616603038,0.7022916211612387,0.005402307882327619,0.005711460774693733,0.005700000000000001,0.020730000000000002,0.012520000000000002,1.2572,0.4289,-9.1019,9.611102727084003,21.49946013432329,27.329999923706055,27.260000228881836,27.40999984741211,27.309999465942383,22.192211920648614,22.13537152305416,22.257172596297227,22.175971364540292,22.190181851135073,0.03212739819959782,-0.9000000357627869,37.29999923706055,0.0,0.0,0.0,0.0,0.0,,,,,
arenacam6_1769712534760639361.png,1769712534760639361,1769712534.7606394,42.30148366378753,-83.69745590403323,240.18283081054688,0.712415027848292,0.7017133148980839,0.005891965101683347,0.005341960117839912,-0.010280000000000003,0.009970000000000001,0.012450000000000001,1.6554,0.10160000000000001,-10.1617,9.740901756247817,21.789812774620994,27.729999542236328,27.75,27.84000015258789,27.869998931884766,22.517015298891682,22.533255855,22.606336808702775,22.63069609408058,22.57182601416876,0.03588893799301439,-0.6000000238418579,38.400001525878906,0.0,0.0,0.0,0.0,0.0,,,,,
arenacam6_1769712534822960876.png,1769712534822960876,1769712534.8229609,42.301490702884394,-83.69745591924355,240.20010375976562,0.712527090446755,0.7015975187580976,0.006101973812748869,0.005369633837731001,0.012920000000000001,-0.009890000000000001,0.00020000000000000004,0.46830000000000005,0.4284,-10.811200000000001,9.821875358551717,21.97094586455868,28.059999465942383,28.09000015258789,28.099998474121094,28.09000015258789,22.78497827954029,22.809339113702777,22.81745784297226,22.809339113702777,22.805278587479528,0.037974365239628126,-0.5,38.20000076293945,0.0,0.0,0.0,0.0,0.0,,,,,
arenacam6_1769712535072259341.png,1769712535072259341,1769712535.0722594,42.30151589626499,-83.6974558981912,240.2724151611328,0.7127840718576045,0.7013485929064605,0.005244721326406635,0.004637998752668662,0.004750000000000001,0.0027500000000000003,0.0028300000000000005,1.8056,0.9167000000000001,-9.1172,10.127448868651355,22.654495472240963,29.079999923706055,28.989999771118164,28.8799991607666,28.94999885559082,23.613228055648616,23.54014710194584,23.450825592134745,23.507665989729194,23.527966684864598,0.038556197982599856,-0.10000000149011612,37.85000228881836,0.0,0.0,0.0,0.0,0.0,,,,,
arenacam6_1769712535174487288.png,1769712535174487288,1769712535.1744874,42.3015232549628,-83.6974558881789,240.29246520996094,0.7128074933064188,0.7013261941642411,0.004840054698073052,0.004860116854624177,0.022290000000000004,-0.012430000000000002,-9e-05,1.4188,1.3653,-10.1478,10.261144633834162,22.95356487720899,29.25,29.19999885559082,29.229999542236328,29.399999618530273,23.751269685,23.710668294729196,23.73502912889168,23.873070758243063,23.767509466715985,0.035460487025053604,1.2000000476837158,37.85000228881836,0.0,0.0,0.0,0.0,0.0,,,,,
arenacam6_1769712535237775850.png,1769712535237775850,1769712535.2377758,42.301528817869304,-83.69745588240156,240.30648803710938,0.7127985201024534,0.7013391884992058,0.004658091363073834,0.004462577717077695,0.012310000000000001,0.026640000000000004,0.00046000000000000007,1.2316,-0.3729,-9.8373,10.327861737106257,23.102807034202474,29.439998626708984,29.399999618530273,29.51999855041504,29.67999839782715,23.905550321675033,23.873070758243063,23.97051099732365,24.100432348620874,23.962391106465653,0.03720691044125547,1.5,37.35000228881836,0.0,0.0,0.0,0.0,0.0,,,,,
arenacam6_1769712535381307097.png,1769712535381307097,1769712535.3813071,42.30154571667926,-83.69745590299969,240.3513946533203,0.7129878080613039,0.7011395366369823,0.00677524465383636,0.0024149079269859272,-0.029010000000000005,0.011320000000000002,0.00151,1.6764000000000001,1.1733,-10.5402,10.512630226384426,23.51612305860838,29.8799991607666,30.079999923706055,29.889999389648438,30.029998779296875,24.262834812134745,24.425237275648612,24.270955090188902,24.384635885377808,24.335915765837516,0.034860878435871316,1.8000000715255737,36.54999923706055,0.0,0.0,0.0,0.0,0.0,,,,,
arenacam6_1769712535443620756.png,1769712535443620756,1769712535.443621,42.30154761895509,-83.69745590919459,240.3570098876953,0.7130300963644456,0.7010810874092547,0.008026724383350033,0.002993701929109282,-0.03896,-0.004540000000000001,-0.0004700000000000001,1.8852,1.6632,-9.8476,10.5884167305899,23.685652921325772,30.059999465942383,30.1299991607666,30.06999969482422,30.1299991607666,24.408996719540294,24.465837117134743,24.41711699759445,24.465837117134743,24.439446987851056,0.03182492241312009,1.8000000715255737,36.75,0.0,0.0,0.0,0.0,0.0,,,,,
arenacam6_1769712535526191855.png,1769712535526191855,1769712535.526192,42.301555273406954,-83.6974559275191,240.37939453125,0.7130700088586601,0.7010415006784475,0.007997170385474414,0.002832323895043032,0.022050000000000004,-0.010180000000000002,0.0018000000000000004,1.2763,-0.6583,-11.021,10.684146283450348,23.899794187301424,30.349998474121094,30.28999900817871,30.399999618530273,30.26999855041504,24.64447858797226,24.595758468431967,24.685079978243067,24.57951791232365,24.626208736742736,0.030394175939275448,1.600000023841858,36.70000076293945,0.0,0.0,0.0,0.0,0.0,,,,,
arenacam6_1769712535629576427.png,1769712535629576427,1769712535.6295764,42.30156495131592,-83.69745593494915,240.41470336914062,0.7133331326512689,0.7007907675480861,0.00602714994779695,0.0034373601496847125,-0.0030700000000000002,-0.04657000000000001,0.008950000000000001,0.7956000000000001,-0.30710000000000004,-9.5473,10.816992318090694,24.196962796029798,30.779998779296875,30.829999923706055,30.649999618530273,30.760000228881836,24.993642800377806,25.034244190648614,24.88808228324307,24.97740379305416,24.973343266830913,0.032085864550260926,1.600000023841858,36.79999923706055,0.0,0.0,0.0,0.0,0.0,,,,,
arenacam6_1769712535692128321.png,1769712535692128321,1769712535.6921282,42.30157472540555,-83.6974559556089,240.45065307617188,0.7135416647816606,0.7005726546241188,0.005565332296839219,0.005027453625613494,-0.02365,-0.041440000000000005,0.004380000000000001,1.5762,-0.6401,-8.4499,10.891995951219423,24.364741423120776,31.029998779296875,31.01999855041504,31.0,31.0,25.196645105377808,25.188524827323647,25.172285820000003,25.172285820000003,25.182435393175364,0.03356054373220814,1.600000023841858,36.775001525878906,0.0,0.0,0.0,0.0,0.0,,,,,
arenacam6_1769712535712347950.png,1769712535712347950,1769712535.712348,42.30157472540555,-83.6974559556089,240.45065307617188,0.7136386276294465,0.7004711037541098,0.0055471846453917,0.005419474436646773,-0.022680000000000002,-0.023420000000000003,0.01591,0.5599000000000001,0.9996,-9.150500000000001,10.90402177237822,24.391642463503736,31.1299991607666,30.969999313354492,30.920000076293945,31.099998474121094,25.277846337134743,25.147924985837516,25.10732514435139,25.25348550297226,25.19664549257398,0.033003231753447396,1.600000023841858,37.025001525878906,0.0,0.0,0.0,0.0,0.0,,,,,
arenacam6_1769712535774803831.png,1769712535774803831,1769712535.7748036,42.30157866319617,-83.69745595761441,240.46279907226562,0.7137498168920933,0.7003581252357286,0.005202356782326616,0.005712336361634916,0.010160000000000002,-0.017990000000000003,0.0032700000000000003,1.2948000000000002,0.2617,-9.3104,10.970206115540163,24.539692868096413,31.239999771118164,31.139999389648438,31.059999465942383,31.059999465942383,25.36716784694584,25.285966615188908,25.22100593954029,25.22100593954029,25.27378658530383,0.0299145438026977,1.7000000476837158,36.650001525878906,0.0,0.0,0.0,0.0,0.0,,,,,
arenacam6_1769712535898890611.png,1769712535898890611,1769712535.8988905,42.301592551119235,-83.69745594578355,240.49844360351562,0.7138918715934982,0.7002172911455693,0.005084118237050517,0.0053190784206223665,-0.019360000000000002,0.017880000000000004,0.0012200000000000002,0.5241,-0.41850000000000004,-9.7294,11.094933925344506,24.81870149496014,31.670000076293945,31.599998474121094,31.599998474121094,31.559999465942383,25.716332059351387,25.65949011297226,25.65949011297226,25.62701054954029,25.66558070870905,0.034122623777109486,2.700000047683716,34.75,0.0,0.0,0.0,0.0,0.0,,,,,
arenacam6_1769712536085037620.png,1769712536085037620,1769712536.0850375,42.301610701570425,-83.69745588333993,240.54159545898438,0.713915420862627,0.7002010135423876,0.004201804246068309,0.00506530648914575,-0.026420000000000003,-0.011710000000000002,0.004510000000000001,0.3292,0.4535,-9.4533,11.316578932012941,25.31450807617703,32.0,32.05999755859375,32.14999771118164,32.16999816894531,25.98429504,26.033013610755617,26.10609456445839,26.12233512056671,26.06143458394518,0.029505866972428553,2.799999952316284,33.75,0.0,0.0,0.0,0.0,0.0,,,,,
arenacam6_1769712536147008621.png,1769712536147008621,1769712536.1470084,42.301616822880405,-83.69745587044038,240.55743408203125,0.7138257691739889,0.7002845438157014,0.004811235215604228,0.0055839924514808036,-0.05647000000000001,0.012880000000000003,0.00026000000000000003,0.4123,-0.5004000000000001,-10.3579,11.357120782951744,25.405197764216076,32.29999923706055,32.31999969482422,32.40999984741211,32.43000030517578,26.227897186486132,26.24413774259445,26.317218696297225,26.33345925240555,26.280678219445836,0.034460682548312915,2.799999952316284,32.70000076293945,0.0,0.0,0.0,0.0,0.0,,,,,
arenacam6_1769712536209093379.png,1769712536209093379,1769712536.2090933,42.30162502872533,-83.69745586915921,240.57887268066406,0.7137246608444449,0.7003726125939418,0.006462944392328792,0.005791578420441331,-0.03506000000000001,0.050850000000000006,0.0028400000000000005,0.8902,1.2895,-9.6107,11.416081185395809,25.537088646859303,32.540000915527344,32.630001068115234,32.47999954223633,32.439998626708984,26.422780762216647,26.49586171591942,26.37405909389168,26.341577981675034,26.408569888425692,0.034126100027207645,2.9000000953674316,31.649999618530273,0.0,0.0,0.0,0.0,0.0,,,,,
arenacam6_1769712536395721851.png,1769712536395721851,1769712536.3957217,42.30164372385088,-83.69745585928491,240.62696838378906,0.7133922582556484,0.700707776486705,0.006972162457044611,0.005611308460303355,-0.012550000000000002,-0.025250000000000005,-0.00661,1.6173000000000002,-0.6832,-10.3513,11.64014576545486,26.038307668576596,32.790000915527344,32.849998474121094,32.93000030517578,32.91999816894531,26.625783067216645,26.67450163797226,26.73946386240555,26.731342035566716,26.69277265079029,0.025134697329178203,2.9000000953674316,32.47500228881836,0.0,0.0,0.0,0.0,0.0,,,,,
arenacam6_1769712536498714427.png,1769712536498714427,1769712536.4987144,42.301652123419444,-83.69745587632579,240.65206909179688,0.7133831177328491,0.7006986726970809,0.0075401869441071336,0.007003070409268107,-0.034140000000000004,0.010650000000000001,-0.00039000000000000005,0.7945,0.38970000000000005,-9.9901,11.691941187378072,26.154170919693506,32.98999786376953,33.20000076293945,33.23999786376953,33.22999954223633,26.788182433161165,26.95870672351387,26.991184738161163,26.98306600889168,26.930284975931972,0.029674580724486647,2.9000000953674316,32.025001525878906,0.0,0.0,0.0,0.0,0.0,,,,,
arenacam6_1769712536581555553.png,1769712536581555553,1769712536.5815554,42.30166056252115,-83.69745588291686,240.67735290527344,0.713301045948914,0.7007834055074168,0.007784250298007876,0.006606198673276642,0.022560000000000004,0.02116,-0.00661,0.7316,0.2808,-8.4778,11.754652676384811,26.294452757912243,33.27000045776367,33.30999755859375,33.16999816894531,33.25,27.015547121108323,27.048025135755616,26.934344340566714,26.999306565,26.99930579060766,0.026806149539785388,3.1000001430511475,32.17499923706055,0.0,0.0,0.0,0.0,0.0,,,,,
arenacam6_1769712536685578842.png,1769712536685578842,1769712536.6855788,42.30167544470552,-83.69745587285826,240.71507263183594,0.7130709959822678,0.7010201323898833,0.008230578314500527,0.005725928181184516,-0.02142,-0.0033700000000000006,-0.0036600000000000005,1.323,-0.033100000000000004,-10.490300000000001,11.863063750127987,26.5369618252113,33.45000076293945,33.38999938964844,33.529998779296875,33.529998779296875,27.16170902851387,27.112987360188903,27.22666815537781,27.22666815537781,27.1820081748646,0.024307467972481917,3.200000047683716,32.10000228881836,0.0,0.0,0.0,0.0,0.0,,,,,
arenacam6_1769712536892193946.png,1769712536892193946,1769712536.892194,42.30169696421694,-83.6974558749485,240.77964782714844,0.7127416728035595,0.701363395038751,0.007297329947976321,0.0059535640192164814,-0.003110000000000001,-0.013590000000000001,-0.0046300000000000004,0.5714,-0.5857,-9.57,12.015211931016252,26.877308176967496,33.79999923706055,33.779998779296875,34.040000915527344,33.939998626708984,27.44591101648613,27.42967046037781,27.640794592216643,27.559591811675034,27.518991970188907,0.023874555777549985,3.6000001430511475,32.125,0.0,0.0,0.0,0.0,0.0,,,,,
arenacam6_1769712537078117100.png,1769712537078117100,1769712537.0781171,42.30171875617656,-83.69745588454293,240.84320068359375,0.7124085090031285,0.7017095747621399,0.005520361349097853,0.006878560725298432,0.01144,-0.020010000000000003,-0.00979,0.1373,0.8951,-9.188500000000001,12.1535110762914,27.186675066999285,34.22999954223633,34.2599983215332,34.369998931884766,34.369998931884766,27.79507522889168,27.81943451426949,27.90875602408058,27.90875602408058,27.858005447830585,0.024693360963665565,3.700000047683716,32.17499923706055,0.0,0.0,0.0,0.0,0.0,,,,,
arenacam6_1769712537099486747.png,1769712537099486747,1769712537.0994868,42.30171875617656,-83.69745588454293,240.84320068359375,0.7123721110582223,0.7017474126871448,0.005464853796182587,0.0068322431409015534,0.014200000000000003,-0.0009700000000000002,-0.010490000000000001,1.084,-0.046,-9.234200000000001,12.164705852191943,27.211717109002247,34.23999786376953,34.25,34.32999801635742,34.34000015258789,27.803193958161163,27.811315785,27.876274911863938,27.884396738702772,27.843795348431968,0.02322816442996957,3.700000047683716,31.5,0.0,0.0,0.0,0.0,0.0,,,,,
arenacam6_1769712537140259831.png,1769712537140259831,1769712537.1402597,42.30172094704055,-83.69745588466462,240.84957885742188,0.7122750896394286,0.7018469251232122,0.005068343883338685,0.007028674449450433,0.010400000000000001,-0.04102000000000001,-0.009470000000000001,0.49970000000000003,0.14700000000000002,-10.8644,12.188889521833328,27.265814526969848,34.47999954223633,34.31999969482422,34.41999816894531,34.439998626708984,27.998077533891678,27.868156182594454,27.949355865566712,27.965596421675034,27.94529650093197,0.024920655617678915,3.6000001430511475,31.75,0.0,0.0,0.0,0.0,0.0,,,,,
arenacam6_1769712537202523370.png,1769712537202523370,1769712537.2025235,42.30172974128402,-83.69745588431641,240.8726348876953,0.7120168208248446,0.7021210680663525,0.004214851068867006,0.006347256912468258,0.024690000000000004,0.00417,-0.014170000000000002,0.1728,0.2129,-10.1608,12.219965249967368,27.335329066262005,34.55999755859375,34.5099983215332,34.599998474121094,34.599998474121094,28.063036660755618,28.022436819269487,28.09551777297226,28.09551777297226,28.069127256492404,0.02684431522487403,3.1000001430511475,31.700000762939453,0.0,0.0,0.0,0.0,0.0,,,,,
arenacam6_1769712537533348097.png,1769712537533348097,1769712537.533348,42.3017675215076,-83.69745606865405,240.96885681152344,0.7111504993541556,0.7029907926772563,0.006088908043886756,0.005642506373156344,-0.02415,-0.0034600000000000004,0.00909,0.9145000000000001,-0.6877,-10.143600000000001,12.453012649564904,27.85664211631772,35.130001068115234,35.119998931884766,35.189998626708984,35.119998931884766,28.525884765919418,28.517762939080583,28.574603336675036,28.517762939080583,28.534003495188905,0.024315973764634218,-0.4000000059604645,31.274999618530273,0.0,0.0,0.0,0.0,0.0,,,,,
arenacam6_1769712537636800833.png,1769712537636800833,1769712537.6368008,42.30177651183819,-83.69745615187472,240.99644470214844,0.7113879332731576,0.7027391849654766,0.006692638095562361,0.006328894273494644,0.004940000000000001,0.013440000000000002,0.00423,1.1344,0.9239,-9.7742,12.496548797918276,27.95402986801531,35.32999801635742,35.380001068115234,35.349998474121094,35.349998474121094,28.688284131863938,28.72888707091942,28.704524687972263,28.704524687972263,28.70655514468197,0.026920099900432985,-3.1000001430511475,22.950000762939453,0.0,0.0,0.0,0.0,0.0,,,,,
arenacam6_1769712537657463076.png,1769712537657463076,1769712537.657463,42.301781016769425,-83.69745618821275,241.01002502441406,0.7114404511233464,0.7026835958612625,0.007030417192269761,0.0062307180162342966,-0.022930000000000002,0.027540000000000005,0.009550000000000001,0.8054,-0.7761,-9.467,12.506567156541976,27.97644033515501,35.369998931884766,35.31999969482422,35.41999816894531,35.27000045776367,28.72076524408058,28.68016540259445,28.761365085566712,28.639565561108324,28.700465323337518,0.025879810994849886,-3.5,21.67500114440918,0.0,0.0,0.0,0.0,0.0,,,,,
arenacam6_1769712537680501636.png,1769712537680501636,1769712537.6805017,42.30178327480243,-83.69745620721038,241.01654052734375,0.7115280405352643,0.7025896507515783,0.007379524952430624,0.006416603486199996,-0.03407,0.008870000000000001,0.012430000000000002,0.4642,1.5257,-9.5755,12.52470360377696,28.017010479432834,35.459999084472656,35.22999954223633,35.39999771118164,35.43000030517578,28.793846197783356,28.607084448891676,28.74512452945839,28.769486912405547,28.728885522134746,0.025408672464340785,-3.6000001430511475,20.200000762939453,0.0,0.0,0.0,0.0,0.0,,,,,
arenacam6_1769712537802259638.png,1769712537802259638,1769712537.8022597,42.30179458963199,-83.69745628399329,241.0489044189453,0.7122458045684853,0.7018380132024522,0.008612804389774905,0.0074254090236961,-0.04419000000000001,-0.0204,0.03182,0.6713,1.879,-9.8618,12.61348053254809,28.215599142478126,35.380001068115234,35.43000030517578,35.619998931884766,35.46999740600586,28.72888707091942,28.769486912405547,28.923767549080583,28.801964927052843,28.8060266148646,0.020925569200392916,-3.9000000953674316,12.199999809265137,0.0,0.0,0.0,0.0,0.0,,,,,
arenacam6_1769712537864333880.png,1769712537864333880,1769712537.8643339,42.30180370268208,-83.69745633888944,241.076171875,0.7128837542312247,0.7011736532593503,0.008148347980386314,0.00926635598935746,0.009630000000000001,-0.04471000000000001,0.026090000000000002,0.40590000000000004,-0.30820000000000003,-10.565000000000001,12.658922429746648,28.317249939997467,35.56999969482422,35.369998931884766,35.529998779296875,35.56999969482422,28.883167707594453,28.72076524408058,28.850686595377805,28.883167707594453,28.834446813661824,0.018264375063265885,-3.4000000953674316,8.225000381469727,0.0,0.0,0.0,0.0,0.0,,,,,
arenacam6_1769712537885041960.png,1769712537885041960,1769712537.885042,42.30180598746217,-83.6974563549786,241.08285522460938,0.713133270766332,0.7009094825983938,0.007834277040544775,0.010269344332389636,-0.032920000000000005,-0.06940000000000002,0.0239,1.3818000000000001,1.2693,-9.8536,12.686884888918184,28.379800283416646,35.540000915527344,35.5,35.61000061035156,35.52000045776367,28.858808422216647,28.82632731,28.915648819811096,28.842567866108322,28.860838104534018,0.016950007269729096,-3.4000000953674316,7.700000286102295,0.0,0.0,0.0,0.0,0.0,,,,,
arenacam6_1769712537906199365.png,1769712537906199365,1769712537.9061992,42.301810558550166,-83.69745636966543,241.0970458984375,0.7133331592750813,0.7006975034702295,0.007456400237415021,0.011100207417809715,-0.03571,-0.08418,0.029170000000000005,-0.6022000000000001,1.0982,-9.494,12.687310202388264,28.380751684130406,35.71999740600586,35.529998779296875,35.619998931884766,35.68000030517578,29.00496723205284,28.850686595377805,28.923767549080583,28.972489217405553,28.937977648479194,0.019633939599294367,-3.0,7.5,0.0,0.0,0.0,0.0,0.0,,,,,
arenacam6_1769712537988935481.png,1769712537988935481,1769712537.9889355,42.30181971371728,-83.69745639282385,241.12338256835938,0.7138241687257518,0.7001478127819357,0.007284553410736468,0.013965374369023979,-0.04620000000000001,-0.04266000000000001,0.011130000000000001,0.8054,-0.6027,-8.5479,12.695741442574105,28.399611862551723,35.619998931884766,35.64999771118164,35.7599983215332,35.72999954223633,28.923767549080583,28.948126834458392,29.037448344269485,29.01308905889168,28.980607946675033,0.020457888189993983,-2.200000047683716,4.974999904632568,0.0,0.0,0.0,0.0,0.0,,,,,
arenacam6_1769712538071554845.png,1769712538071554845,1769712538.071555,42.30182884900885,-83.697456388858,241.140380859375,0.7143194582664504,0.6996101645728132,0.009173177728340972,0.014463124789973188,0.026200000000000005,0.08727000000000001,0.0058200000000000005,0.1555,0.34390000000000004,-8.776200000000001,12.657390493497385,28.313823090524043,35.7599983215332,35.64999771118164,35.63999938964844,35.54999923706055,29.037448344269485,28.948126834458392,28.940008105188905,28.86692715148613,28.948127608850726,0.022402644683436255,-2.200000047683716,0.0,0.0,0.0,0.0,0.0,0.0,,,,,
arenacam6_1769712538092018624.png,1769712538092018624,1769712538.0920186,42.30182884900885,-83.697456388858,241.140380859375,0.7143052783270736,0.6996267489298519,0.009375043252466233,0.01422990161395303,0.0051600000000000005,0.06149000000000001,-0.00335,0.43210000000000004,-1.8737000000000001,-9.565000000000001,12.66252517157262,28.32530905729766,35.7599983215332,35.63999938964844,35.65999984741211,35.54999923706055,29.037448344269485,28.940008105188905,28.956248661297227,28.86692715148613,28.950158065560437,0.02205974194310843,-2.4000000953674316,0.0,0.0,0.0,0.0,0.0,0.0,,,,,
arenacam6_1769712538133925143.png,1769712538133925143,1769712538.1339252,42.30183341273078,-83.69745637168151,241.1464080810547,0.7144929325201836,0.6994374814335348,0.01100213483474637,0.01288456338803324,0.02457,0.11052000000000002,-0.008290000000000002,1.4869,-2.149,-8.6313,12.666448627656415,28.33408559314974,35.71999740600586,35.540000915527344,35.709999084472656,35.5,29.00496723205284,28.858808422216647,28.996848502783358,28.82632731,28.921737866763213,0.020740117823161618,-2.799999952316284,0.0,0.0,0.0,0.0,0.0,0.0,,,,,
arenacam6_1769712538154308303.png,1769712538154308303,1769712538.1543083,42.30183797715203,-83.69745635687397,241.15255737304688,0.7146179723695384,0.6993005851883929,0.011664035338620806,0.012798257742379006,-0.038310000000000004,0.06317000000000002,0.020280000000000003,-0.33580000000000004,0.49060000000000004,-10.7535,12.663625172397744,28.32776969314341,35.54999923706055,35.5,35.369998931884766,35.540000915527344,28.86692715148613,28.82632731,28.72076524408058,28.858808422216647,28.81820703194584,0.017312952770903722,-2.9000000953674316,0.0,0.0,0.0,0.0,0.0,0.0,,,,,
arenacam6_1769712538381727339.png,1769712538381727339,1769712538.3817272,42.30186310031484,-83.69745621351623,241.2251739501953,0.7156085346129621,0.6983059760177869,0.011090441448991059,0.012255250115837548,0.05648000000000001,-0.023480000000000004,0.0056700000000000006,-0.2639,0.5391,-9.5195,12.640414229536585,28.27584820661957,35.2599983215332,35.16999816894531,35.29999923706055,35.22999954223633,28.631443734269485,28.55836278056671,28.663924846486132,28.607084448891676,28.6152039525535,0.012001611532717296,-7.400000095367432,0.0,0.0,0.0,0.0,0.0,0.0,,,,,
arenacam6_1769712538444310213.png,1769712538444310213,1769712538.4443102,42.30186992987193,-83.6974561494469,241.24978637695312,0.7159587745956563,0.697945338590648,0.010757344188784537,0.012633960783365275,-0.026680000000000002,-0.016030000000000003,0.020620000000000003,-0.4465,0.2472,-8.642800000000001,12.609522283025752,28.206744775791627,35.29999923706055,35.029998779296875,35.25,35.11000061035156,28.663924846486132,28.44468198537781,28.623325005,28.509644209811096,28.56039401166876,0.012537754309765321,-8.100000381469727,5.325000286102295,0.0,0.0,0.0,0.0,0.0,,,,,
arenacam6_1769712538567894422.png,1769712538567894422,1769712538.5678945,42.30188355051433,-83.69745603555975,241.29168701171875,0.7172745799516068,0.6965503203983723,0.01088321734715363,0.014709986007659107,-0.00206,-0.00812,0.03828000000000001,-0.5793,0.9659000000000001,-8.5923,12.557475585796492,28.09031943689161,35.20000076293945,34.959999084472656,35.18000030517578,34.82999801635742,28.58272516351387,28.387841587783356,28.56648460740555,28.282279521863938,28.454832720141678,0.012976473409958673,-8.5,16.450000762939453,0.0,0.0,0.0,0.0,0.0,,,,,
arenacam6_1769712538613532022.png,1769712538613532022,1769712538.6135318,42.3018925860981,-83.69745590359548,241.3151092529297,0.7179593268471542,0.6958659920510498,0.01004098483644841,0.014286522442633369,0.027390000000000005,-0.00039000000000000005,0.03796,-0.7040000000000001,-0.1228,-9.3461,12.52221225055883,28.01143747176507,35.20000076293945,34.77000045776367,35.130001068115234,34.89999771118164,28.58272516351387,28.233560951108323,28.525884765919418,28.33911991945839,28.4203227,0.014597081233231137,-8.800000190734863,17.42500114440918,0.0,0.0,0.0,0.0,0.0,,,,,
arenacam6_1769712538692193251.png,1769712538692193251,1769712538.6921933,42.3019015782574,-83.69745574695828,241.3352508544922,0.7191455322111809,0.6946464666424848,0.010786741656628964,0.013402838738180212,-0.011340000000000001,0.060320000000000006,0.04939000000000001,-0.0188,2.6142000000000003,-9.7321,12.461022317556974,27.8745592630359,35.0,34.81999969482422,35.0099983215332,34.790000915527344,28.420322700000003,28.274160792594454,28.428441429269487,28.24980150721665,28.343181607270147,0.01681182973377743,-10.199999809265137,17.67500114440918,0.0,0.0,0.0,0.0,0.0,,,,,
arenacam6_1769712538733312728.png,1769712538733312728,1769712538.7333128,42.30190382133646,-83.6974556952687,241.34022521972656,0.7198554323503019,0.6939205394669298,0.011441399351337003,0.012309987919091577,-0.009590000000000001,0.06169000000000001,0.04877000000000001,0.7515000000000001,0.898,-9.9234,12.449229457192128,27.848179341971363,35.130001068115234,34.779998779296875,34.959999084472656,34.82999801635742,28.525884765919418,28.241679680377807,28.387841587783356,28.282279521863938,28.35942138898613,0.018358185672994794,-11.300000190734863,17.875,0.0,0.0,0.0,0.0,0.0,,,,,
arenacam6_1769712538837017785.png,1769712538837017785,1769712538.8370178,42.301915036437116,-83.69745541853224,241.36634826660156,0.7212116607265343,0.6925379752902694,0.01141177437964353,0.010708156631125811,0.029050000000000006,0.00239,0.036000000000000004,-0.8005,0.0603,-10.133700000000001,12.43606597462812,27.818733421284627,35.14999771118164,34.66999816894531,34.82999801635742,34.79999923706055,28.542122224458392,28.152358170566714,28.282279521863938,28.257920236486132,28.308670038343795,0.01761175139211438,-14.300000190734863,17.899999618530273,0.0,0.0,0.0,0.0,0.0,,,,,
arenacam6_1769712538919518229.png,1769712538919518229,1769712538.9195182,42.30192176468957,-83.69745522573477,241.38743591308594,0.7222340707519446,0.6914635496690514,0.011159251172598686,0.011470729593951378,-0.022760000000000002,-0.029260000000000005,0.05091000000000001,0.3447,0.7605000000000001,-9.8095,12.443307156296077,27.83493151020495,35.0,34.45000076293945,34.849998474121094,34.73999786376953,28.420322700000003,27.973718248513872,28.298520077972263,28.209198568161163,28.225439898661826,0.014029435937850481,-15.300000190734863,17.274999618530273,0.0,0.0,0.0,0.0,0.0,,,,,
arenacam6_1769712539044859275.png,1769712539044859275,1769712539.0448594,42.30193745727313,-83.69745471204537,241.44297790527344,0.7248987071068375,0.6886527922685621,0.009891184250877457,0.013467019331068216,-0.018120000000000004,-0.035690000000000006,0.07042,0.08410000000000001,1.1888,-8.415000000000001,12.42997050359932,27.805098218321465,35.04999923706055,34.73999786376953,34.93000030517578,34.61000061035156,28.46092254148613,28.209198568161163,28.363482302405547,28.103639599811096,28.284310752965986,0.017234700301427316,-15.600000381469727,16.375,0.0,0.0,0.0,0.0,0.0,,,,,
arenacam6_1769712539085287679.png,1769712539085287679,1769712539.0852876,42.301941942803296,-83.69745454761235,241.45819091796875,0.7260457340711214,0.687424721854822,0.009485646206715293,0.014658319685027945,-0.005890000000000001,0.013560000000000003,0.06668,-1.345,-0.9234,-7.5865,12.411283402699755,27.763296294835193,34.93000030517578,34.619998931884766,34.880001068115234,34.59000015258789,28.363482302405547,28.111758329080583,28.322882460919416,28.087399043702774,28.22138053402708,0.016499634421187393,-15.699999809265137,16.075000762939453,0.0,0.0,0.0,0.0,0.0,,,,,
arenacam6_1769712539129765843.png,1769712539129765843,1769712539.129766,42.30194642196942,-83.69745437692639,241.47042846679688,0.7269488508775337,0.6864455897921603,0.01009022211275044,0.01536254798012721,-0.04674000000000001,0.022550000000000004,0.08949000000000001,0.5143,2.0098000000000003,-7.1944,12.410066708587316,27.76057462310731,34.880001068115234,34.54999923706055,34.96999740600586,34.689998626708984,28.322882460919416,28.054917931486134,28.395960317052843,28.168598726675032,28.235589859033354,0.017111145658009957,-16.100000381469727,14.600000381469727,0.0,0.0,0.0,0.0,0.0,,,,,
arenacam6_1769712539147273793.png,1769712539147273793,1769712539.1472738,42.301948662440985,-83.69745429567998,241.47645568847656,0.7275053892937865,0.6858468657407646,0.01021691592079358,0.0156716282221471,-0.03234,0.022300000000000004,0.08498000000000001,-1.5630000000000002,1.3634000000000002,-9.7077,12.390602918002196,27.717035291395835,34.869998931884766,34.709999084472656,35.14999771118164,34.709999084472656,28.31476063408058,28.184839282783358,28.542122224458392,28.184839282783358,28.306640356026424,0.02127229909086344,-16.399999618530273,13.90000057220459,0.0,0.0,0.0,0.0,0.0,,,,,
arenacam6_1769712539191433430.png,1769712539191433430,1769712539.1914334,42.30195759525428,-83.69745388724796,241.49720764160156,0.7289036091608996,0.6843604685273615,0.01091177655024866,0.01520561744033996,-0.033240000000000006,0.04463,0.09012,0.4001,0.3098,-8.1637,12.387161397883443,27.70933681738139,34.97999954223633,34.689998626708984,35.04999923706055,34.619998931884766,28.404082143891678,28.168598726675032,28.46092254148613,28.111758329080583,28.286340435283357,0.020823436580410155,-16.600000381469727,13.125,0.0,0.0,0.0,0.0,0.0,,,,,
arenacam6_1769712539209479603.png,1769712539209479603,1769712539.2094796,42.30195759525428,-83.69745388724796,241.49720764160156,0.7295015349912221,0.6837163982683614,0.011331597603108338,0.015198423607447355,-0.011150000000000002,0.057380000000000014,0.08149,-0.28350000000000003,2.9054,-8.6076,12.37912086903483,27.691350636778775,35.029998779296875,34.86000061035156,34.93000030517578,34.54999923706055,28.44468198537781,28.306641904811098,28.363482302405547,28.054917931486134,28.292431031020147,0.021706431084767518,-16.600000381469727,12.600000381469727,0.0,0.0,0.0,0.0,0.0,,,,,
arenacam6_1769712539436956643.png,1769712539436956643,1769712539.4369566,42.3019843494507,-83.69745214309137,241.56167602539062,0.735409316908872,0.6773142662863233,0.014022860804862673,0.014895659216470951,0.06401000000000001,-0.047310000000000005,0.06518,-1.1312,0.0166,-11.205300000000001,12.383978378412937,27.702216593807037,34.71999740600586,34.369998931884766,34.81999969482422,34.599998474121094,28.19295801205284,27.90875602408058,28.274160792594454,28.09551777297226,28.117848150425033,0.015003548730859032,-21.30000114440918,8.52500057220459,0.0,0.0,0.0,0.0,0.0,,,,,
arenacam6_1769712539581834733.png,1769712539581834733,1769712539.5818348,42.30199768725691,-83.6974509478403,241.60585021972656,0.7393355881551874,0.6730741327524952,0.012062020167305967,0.014443253656394404,-0.02756,-0.03905,0.09318000000000001,0.7358,3.4667000000000003,-8.2415,12.353768045687888,27.634637892121066,34.81999969482422,34.18000030517578,34.619998931884766,34.27000045776367,28.274160792594454,27.75447538740555,28.111758329080583,27.827556341108323,27.99198771254723,0.012931228620442539,-22.30000114440918,6.450000286102295,0.0,0.0,0.0,0.0,0.0,,,,,
arenacam6_1769712539747254255.png,1769712539747254255,1769712539.7472544,42.302017624078026,-83.69744885741507,241.6613311767578,0.7453791576747308,0.6664420191047048,0.009024686802134942,0.013546272693117664,0.06762000000000001,-0.00425,0.07799,0.2016,-1.1682000000000001,-8.4638,12.297264860754712,27.50824365761665,34.63999938964844,34.20000076293945,34.790000915527344,34.22999954223633,28.1279988851889,27.770715943513874,28.24980150721665,27.79507522889168,27.985897891202775,0.017364039650487464,-22.30000114440918,6.575000286102295,0.0,0.0,0.0,0.0,0.0,,,,,
arenacam6_1769712539809503169.png,1769712539809503169,1769712539.8095033,42.30202423044301,-83.69744805165445,241.67709350585938,0.7471296631741531,0.66447115193501,0.009716652166455082,0.013451443123826708,-0.0027500000000000003,0.0235,0.09384000000000002,0.8544,1.3252000000000002,-8.7812,12.275224760081647,27.458941274817043,34.55999755859375,34.029998779296875,34.40999984741211,34.040000915527344,28.063036660755618,27.63267276537781,27.94123713629723,27.640794592216643,27.819435288661822,0.013128474628240403,-22.30000114440918,6.800000190734863,0.0,0.0,0.0,0.0,0.0,,,,,
arenacam6_1769712539850806763.png,1769712539850806763,1769712539.8508067,42.30202642853081,-83.697447772249,241.681396484375,0.7485454463122296,0.6628637295029162,0.010601332217950624,0.013379187939271585,-0.04186000000000001,0.028220000000000002,0.10702,-0.24780000000000002,2.9461,-8.876800000000001,12.246145697915365,27.393893157494798,34.40999984741211,34.0,34.45000076293945,33.98999786376953,27.94123713629723,27.60831348,27.973718248513872,27.600191653161165,27.780865129493066,0.014126213086013825,-22.5,6.599999904632568,0.0,0.0,0.0,0.0,0.0,,,,,
arenacam6_1769712539954654824.png,1769712539954654824,1769712539.9546547,42.302037397446135,-83.69744625746297,241.7054901123047,0.7516335514005511,0.6594029910049652,0.01012008972062042,0.011501462809034507,0.030420000000000006,-0.0034200000000000003,0.09509000000000001,-0.5329,0.562,-11.0782,12.23523199594107,27.36947986100042,34.27000045776367,33.869998931884766,34.38999938964844,33.849998474121094,27.827556341108323,27.502751414080585,27.924996580188903,27.48651085797226,27.68545379833752,0.011544754921972003,-24.5,6.599999904632568,0.0,0.0,0.0,0.0,0.0,,,,,
arenacam6_1769712540037472537.png,1769712540037472537,1769712540.0374725,42.30204832367972,-83.69744455471158,241.73736572265625,0.754231740621575,0.6564926160583948,0.007806977093089243,0.009538218304378327,0.06915,-0.0063300000000000006,0.08187000000000001,0.0946,0.8059000000000001,-10.2161,12.199033959743808,27.288507025909315,34.209999084472656,33.66999816894531,34.34000015258789,33.869998931884766,27.778834672783358,27.340348950566714,27.884396738702772,27.502751414080585,27.62658294403336,0.012388948864188688,-26.200000762939453,6.425000190734863,0.0,0.0,0.0,0.0,0.0,,,,,
arenacam6_1769712540099017594.png,1769712540099017594,1769712540.0990174,42.302057026655014,-83.69744312253555,241.76571655273438,0.7564285964600931,0.6539730038660865,0.007302549265522177,0.009042203603432528,-0.007110000000000001,-0.01895,0.10332000000000001,-1.2196,0.5015000000000001,-10.2603,12.164027574713842,27.210199842980384,34.16999816894531,33.56999969482422,34.189998626708984,33.790000915527344,27.746353560566714,27.259149267594452,27.762594116675032,27.437792287216645,27.55147230801321,0.012542078595606753,-28.399999618530273,6.325000286102295,0.0,0.0,0.0,0.0,0.0,,,,,
arenacam6_1769712540244050956.png,1769712540244050956,1769712540.244051,42.30207004463026,-83.69744083943668,241.80809020996094,0.760862125226021,0.6488210314229265,0.005507679819770654,0.009474230461380682,0.0023600000000000006,-0.035480000000000005,0.11133000000000001,-0.7852,-0.558,-9.290600000000001,12.122031064365812,27.11625616912246,33.959999084472656,33.43000030517578,34.040000915527344,33.39999771118164,27.57583236778336,27.14546847240555,27.640794592216643,27.12110608945839,27.370800380465987,0.009387144366683513,-35.0,6.575000286102295,0.0,0.0,0.0,0.0,0.0,,,,,
arenacam6_1769712540347196547.png,1769712540347196547,1769712540.3471966,42.30208083698538,-83.69743882757912,241.84059143066406,0.7650789616796344,0.6437879707552092,0.005802245067338223,0.012552492114360856,-0.045250000000000005,-0.043100000000000006,0.13333,-0.9852000000000001,2.0674,-8.7957,12.065765807421734,26.990394165253974,33.95000076293945,33.279998779296875,33.98999786376953,33.39999771118164,27.567713638513872,27.02366585037781,27.600191653161165,27.12110608945839,27.32816930787781,0.01251464282276659,-40.400001525878906,6.875,0.0,0.0,0.0,0.0,0.0,,,,,
arenacam6_1769712540370546216.png,1769712540370546216,1769712540.370546,42.30208728573231,-83.6974375677637,241.85888671875,0.7658829123650064,0.6428236512185267,0.005942598422951536,0.01287647099796414,-0.03604000000000001,-0.015290000000000003,0.12445000000000002,-0.7409,1.0341,-8.785300000000001,12.050251667565085,26.955689965243042,33.95000076293945,33.25,34.040000915527344,33.279998779296875,27.567713638513872,26.999306565,27.640794592216643,27.02366585037781,27.30787016152708,0.013065152357003047,-41.70000076293945,7.275000095367432,0.0,0.0,0.0,0.0,0.0,,,,,
arenacam6_1769712540409304762.png,1769712540409304762,1769712540.4093049,42.30208728573231,-83.6974375677637,241.85888671875,0.7672000317658998,0.6412325268886435,0.0062762005392944615,0.013622298822079047,-0.06608000000000001,-0.03705000000000001,0.14599000000000004,-0.7179,1.4897,-10.097800000000001,12.040840062578262,26.93463676958382,34.0,33.279998779296875,33.98999786376953,33.0099983215332,27.60831348,27.02366585037781,27.600191653161165,26.804422989269487,27.259148493202115,0.012048119541925839,-43.5,6.974999904632568,0.0,0.0,0.0,0.0,0.0,,,,,
arenacam6_1769712540492083189.png,1769712540492083189,1769712540.4920833,42.30209796757913,-83.69743533382808,241.88365173339844,0.7715073162216485,0.636065757522082,0.006728058738482275,0.012310416318749216,0.04923,0.032170000000000004,0.16270000000000004,-0.8394,3.7352000000000003,-10.3316,11.963772304185884,26.762240818125573,33.84000015258789,33.040000915527344,33.91999816894531,33.099998474121094,27.478392128702772,26.828785372216643,27.543351255566712,26.87750394297226,27.1820081748646,0.015685060140955213,-45.900001525878906,8.449999809265137,0.0,0.0,0.0,0.0,0.0,,,,,
arenacam6_1769712540512786551.png,1769712540512786551,1769712540.5127864,42.30210009521351,-83.69743487954909,241.88876342773438,0.7731189123602875,0.6341037161705213,0.007412442213212997,0.01202830786174056,-0.056330000000000005,0.0626,0.18676,-1.3149,1.2911000000000001,-10.2278,11.938621160828779,26.705979219504332,33.79999923706055,33.05999755859375,33.89999771118164,32.97999954223633,27.44591101648613,26.845022830755614,27.52711069945839,26.78006370389168,27.149527062647955,0.016608559435247527,-46.20000076293945,8.40000057220459,0.0,0.0,0.0,0.0,0.0,,,,,
arenacam6_1769712540595548755.png,1769712540595548755,1769712540.5955486,42.302108569809796,-83.69743296791164,241.9088592529297,0.7771589459880306,0.6291200036752055,0.009744627995710672,0.01170623217384884,-0.046000000000000006,0.054840000000000014,0.19197,-0.16540000000000002,1.062,-10.9631,11.908070844381253,26.637639994630202,33.63999938964844,32.709999084472656,33.72999954223633,32.88999938964844,27.315989665188905,26.560820842783354,27.38907061889168,26.706982750188907,26.99321596926321,0.013348629034129464,-47.10000228881836,11.050000190734863,0.0,0.0,0.0,0.0,0.0,,,,,
arenacam6_1769712540699651604.png,1769712540699651604,1769712540.6996515,42.30211909292277,-83.6974303570047,241.94093322753906,0.7836516177358103,0.6210037102145665,0.011663060209470598,0.010416666757681246,0.02781,0.011160000000000002,0.19573000000000004,0.6565000000000001,4.3608,-10.8469,11.859498929364683,26.528987535053037,32.959999084472656,32.459999084472656,33.39999771118164,32.82999801635742,26.763823147783356,26.357818537783356,27.12110608945839,26.65826108186394,26.725252214222262,0.007398121730424066,-48.20000076293945,11.0,0.0,0.0,0.0,0.0,0.0,,,,,
arenacam6_1769712540740412600.png,1769712540740412600,1769712540.7404127,42.302121188425836,-83.6974298091506,241.94781494140625,0.785189765079325,0.6190796051549263,0.011173439280281795,0.009624424686429175,0.06335,-0.0024700000000000004,0.15984,-0.8028000000000001,2.6898,-10.875300000000001,11.845456211747454,26.49757481830635,32.97999954223633,32.40999984741211,33.31999969482422,32.779998779296875,26.78006370389168,26.317218696297225,27.056146962594454,26.61766124037781,26.692772650790292,0.007366630109450074,-48.29999923706055,11.725000381469727,0.0,0.0,0.0,0.0,0.0,,,,,
arenacam6_1769712540844231266.png,1769712540844231266,1769712540.8442311,42.30213161785629,-83.6974268278864,241.99221801757812,0.7902774645997058,0.6126344775392478,0.007985958499015395,0.008760727305749772,0.012770000000000002,-0.03536,0.11994000000000002,-0.6901,2.3378,-9.4994,11.792110251214526,26.378243105351824,32.98999786376953,32.31999969482422,33.130001068115234,32.65999984741211,26.788182433161165,26.24413774259445,26.90186632591942,26.520221001297227,26.61360187574307,0.008922458158083032,-48.70000076293945,13.25,0.0,0.0,0.0,0.0,0.0,,,,,
arenacam6_1769712541072028986.png,1769712541072028986,1769712541.0720289,42.30215626156651,-83.69741885361823,242.0918731689453,0.7976567677080256,0.6030008627259316,0.006561397040959805,0.009517801754515607,0.02451,0.030730000000000004,0.12002000000000002,-0.0789,1.566,-8.3744,11.656202899225418,26.07422651339331,32.65999984741211,32.040000915527344,32.97999954223633,32.36000061035156,26.520221001297227,26.016776152216647,26.78006370389168,26.276618854811097,26.39841992805416,0.012433481564422448,-58.400001525878906,12.949999809265137,0.0,0.0,0.0,0.0,0.0,,,,,
arenacam6_1769712541112736299.png,1769712541112736299,1769712541.1127362,42.302164358964845,-83.69741598544087,242.1138916015625,0.7991693559314892,0.6010103153906029,0.006653678995543305,0.008406538524327992,0.06357,0.05500000000000001,0.11823000000000002,-1.0219,2.0772,-10.068800000000001,11.615995146308395,25.984284182583103,32.65999984741211,31.889999389648438,32.75,32.290000915527344,26.520221001297227,25.894973530188906,26.593301955,26.219778457216645,26.307068735925697,0.012422299228044597,-61.10000228881836,12.949999809265137,0.0,0.0,0.0,0.0,0.0,,,,,
arenacam6_1769712541154754005.png,1769712541154754005,1769712541.1547542,42.3021663711102,-83.69741525136688,242.12025451660156,0.8010677321166734,0.5984937256916281,0.006898646900206751,0.0069395633976671815,0.04053000000000001,0.04999000000000001,0.12555000000000002,-0.5767,1.5884,-10.3427,11.605799177409175,25.96147641191368,32.599998474121094,31.869998931884766,32.7599983215332,32.22999954223633,26.47149933297226,25.87873297408058,26.601420684269485,26.17105678889168,26.280677445053502,0.012295180292340467,-64.0999984741211,13.100000381469727,0.0,0.0,0.0,0.0,0.0,,,,,
arenacam6_1769712541299011280.png,1769712541299011280,1769712541.2990112,42.302178435463105,-83.69741076277498,242.16151428222656,0.8072709343034713,0.5900711142667865,0.007366750508456361,0.008686180040706542,-0.014100000000000001,-0.03357000000000001,0.16545,-0.9478000000000001,2.9547000000000003,-10.3955,11.567602321850925,25.87603233784121,32.39999771118164,31.639999389648438,32.89999771118164,31.920000076293945,26.30909686945839,25.691971225188905,26.71510147945839,25.919334364351386,26.15887598461427,0.010930719326680856,-70.4000015258789,12.225000381469727,0.0,0.0,0.0,0.0,0.0,,,,,
arenacam6_1769712541506519602.png,1769712541506519602,1769712541.5065196,42.302202238033864,-83.69740101584759,242.2581787109375,0.817543243683024,0.5758250497269666,0.003223063644547929,0.0061780802778180445,0.030550000000000004,0.0025200000000000005,0.17721,-0.29050000000000004,0.7131000000000001,-8.9036,11.46225148420937,25.64036883508731,32.380001068115234,31.35999870300293,32.41999816894531,31.639999389648438,26.29285941091942,25.464608086026423,26.325337425566712,25.691971225188905,25.943694036925365,0.011829985901878845,-81.0999984741211,9.074999809265137,0.0,0.0,0.0,0.0,0.0,,,,,
arenacam6_1769712541526919947.png,1769712541526919947,1769712541.5269198,42.302202238033864,-83.69740101584759,242.2581787109375,0.8180657002176452,0.5750828087629728,0.003229767267333892,0.0061515685888000275,0.003790000000000001,0.00289,0.18148,-0.0071,0.5298,-9.7074,11.46162440062474,25.638966086733507,32.27000045776367,31.549999237060547,32.459999084472656,31.579999923706055,26.203537901108323,25.61889027148613,26.357818537783356,25.643251105648613,25.955874454006608,0.012360419144868715,-81.30000305175781,9.100000381469727,0.0,0.0,0.0,0.0,0.0,,,,,
arenacam6_1769712541547403400.png,1769712541547403400,1769712541.5474036,42.302206158778745,-83.6973992932833,242.27101135253906,0.8201735915529819,0.5720670956924488,0.0035018699288740154,0.006500357843226229,-0.026210000000000004,-0.0031400000000000004,0.18598000000000003,-0.5442,1.8592000000000002,-9.3728,11.443624758502034,25.598701967283542,32.380001068115234,31.279998779296875,32.439998626708984,31.619998931884766,26.29285941091942,25.399647410377806,26.341577981675034,25.675730669080583,25.92745386801321,0.012842522294678424,-81.5999984741211,9.625,0.0,0.0,0.0,0.0,0.0,,,,,
arenacam6_1769712541630113677.png,1769712541630113677,1769712541.6301138,42.3022139551672,-83.6973957605951,242.29588317871094,0.8246641097275949,0.5655441348999986,0.004867154101562918,0.008077649308870748,-0.04490000000000001,0.009270000000000002,0.20025000000000004,-0.2741,2.7604,-9.8621,11.40135002337599,25.50413592129069,32.0,31.26999855041504,32.45000076293945,31.69999885559082,25.98429504,25.391527132323645,26.349699808513872,25.740691344729196,25.86655333139168,0.01421014266938739,-83.9000015258789,12.100000381469727,0.0,0.0,0.0,0.0,0.0,,,,,
arenacam6_1769712541733752451.png,1769712541733752451,1769712541.7337525,42.302223596573064,-83.69739114847319,242.32598876953125,0.8306819498101108,0.5566791428469847,0.005710211635500996,0.006574470465137239,0.018790000000000005,0.023200000000000005,0.20574000000000003,-0.09050000000000001,-0.316,-10.401100000000001,11.343151457984185,25.373949222423143,31.689998626708984,30.979999542236328,32.21999740600586,31.35999870300293,25.732571066675035,25.156045263891677,26.16293496205284,25.464608086026423,25.62903984466149,0.010053248708045946,-88.30000305175781,12.0,0.0,0.0,0.0,0.0,0.0,,,,,
arenacam6_1769712541920167258.png,1769712541920167258,1769712541.9201672,42.30224069068541,-83.69738220810206,242.38941955566406,0.8402195509249164,0.5421759430596341,0.004974274309641105,0.007183982601653776,-0.05345000000000001,-0.04134000000000001,0.17112000000000002,-0.7752,-0.3699,-11.2248,11.267048647604815,25.203711801773117,31.510000228881836,30.599998474121094,31.90999984741211,31.209999084472656,25.58641070805416,24.84748089297226,25.911214086297225,25.342807012783357,25.421978175026748,0.00866008844134915,-87.80000305175781,13.40000057220459,0.0,0.0,0.0,1.0,0.0,,,,,
arenacam6_1769712541961462685.png,1769712541961462685,1769712541.9614627,42.302242569162935,-83.69738117704073,242.39785766601562,0.841761983206105,0.5397686112007153,0.004903421140980956,0.007909895858376157,-0.006080000000000001,-0.04580000000000001,0.17737000000000003,0.383,4.165900000000001,-9.9398,11.259687117721173,25.187244501115202,31.399999618530273,30.459999084472656,31.92999839782715,31.0,25.497089198243067,24.73380009778336,25.927453093620873,25.172285820000003,25.332657052411825,0.005773261592397872,-88.80000305175781,13.375,0.0,0.0,0.0,1.0,0.0,,,,,
arenacam6_1769712541982236371.png,1769712541982236371,1769712541.9822364,42.30224817762991,-83.69737801801513,242.4230194091797,0.8437506722703987,0.5366560599376384,0.004287132707442779,0.008166815083530793,-0.0007000000000000001,-0.025320000000000002,0.19399000000000002,0.0693,2.4023000000000003,-8.892900000000001,11.231493769985226,25.124177673830754,31.31999969482422,30.549999237060547,31.78999900817871,31.049999237060547,25.432128522594454,24.806881051486133,25.81377229843197,25.212885661486133,25.31641688349967,0.007651562258658577,-89.4000015258789,13.175000190734863,0.0,0.0,0.0,1.0,0.0,,,,,
arenacam6_1769712542023450225.png,1769712542023450225,1769712542.0234501,42.3022500391801,-83.69737695572555,242.4311065673828,0.8452773516471797,0.5342566240729139,0.003588816856258962,0.007948510559560298,0.05749000000000001,-0.029030000000000004,0.18540000000000004,-0.5741,1.8602,-8.4815,11.215512518005799,25.088428572027894,31.139999389648438,30.510000228881836,31.920000076293945,30.799999237060547,25.285966615188908,24.774401488054163,25.919334364351386,25.00988335648613,25.247396456020144,0.006336302950814956,-91.0999984741211,13.0,0.0,0.0,0.0,1.0,0.0,,,,,
arenacam6_1769712542189219830.png,1769712542189219830,1769712542.18922,42.302266590136625,-83.69736701987195,242.48342895507812,0.85388054533746,0.5203908979017464,0.0030202883099247862,0.008497383935111087,-0.08099,-0.038310000000000004,0.17256000000000002,0.24480000000000002,3.1254,-10.599,11.138825036415627,24.916883276959574,31.03999900817871,29.969999313354492,31.51999855041504,30.75,25.204765383431972,24.33591576583752,25.594529437323647,24.969283515,25.026123525398283,0.004384185904170563,-98.5,16.075000762939453,0.0,4.0,0.0,1.0,0.0,,,,,
arenacam6_1769712542251224424.png,1769712542251224424,1769712542.2512243,42.302270217866344,-83.69736471987414,242.4943389892578,0.8566115079517669,0.5158473673200724,0.0032222953564032667,0.010384357764744652,0.0017400000000000002,-0.020190000000000003,0.16743000000000002,-0.46840000000000004,3.3797,-9.4529,11.104806382318682,24.84078558886395,31.049999237060547,29.689998626708984,31.529998779296875,30.709999084472656,25.212885661486133,24.108552626675035,25.602649715377808,24.936802402783357,24.96522260158058,0.005009383148188945,-98.9000015258789,15.550000190734863,0.0,4.0,0.0,1.0,0.0,,,,,
arenacam6_1769712542355274913.png,1769712542355274913,1769712542.355275,42.30227917841726,-83.69735878270637,242.5210723876953,0.8607388150903486,0.5089662387455381,0.001427803084733133,0.008945467703477835,0.07961000000000001,0.015880000000000002,0.15710000000000002,-1.5244,4.8683000000000005,-8.993500000000001,11.03786675924672,24.69104566842936,30.709999084472656,29.849998474121094,31.19999885559082,30.549999237060547,24.936802402783357,24.23847397797226,25.334686734729196,24.806881051486133,24.829211041742738,0.005595768408060554,-101.5,16.25,0.0,12.0,0.0,1.0,0.0,,,,,
arenacam6_1769712542375516607.png,1769712542375516607,1769712542.3755167,42.3022844906676,-83.69735510136417,242.53564453125,0.8614641328186293,0.5077565579208236,0.0008649287642185448,0.007878937344397761,0.11823000000000002,-0.006940000000000001,0.13862000000000002,1.5988,1.0815000000000001,-8.5032,11.05605601024283,24.7317339315526,31.049999237060547,29.739999771118164,31.349998474121094,30.619998931884766,25.212885661486133,24.14915401694584,25.456487807972263,24.863721449080582,24.920562233871205,0.007635061206836726,-102.4000015258789,16.399999618530273,0.0,20.0,0.0,1.0,0.0,,,,,
arenacam6_1769712542499468658.png,1769712542499468658,1769712542.4994686,42.302293266287606,-83.69734890236633,242.55618286132812,0.8668798118522469,0.4984663925733287,0.0007522098115579998,0.007076825442567987,-0.07418000000000001,-0.005860000000000001,0.19388000000000002,-1.3588,1.171,-11.3956,10.964660908379551,24.527288572390557,30.149999618530273,29.26999855041504,31.19999885559082,30.56999969482422,24.48207767324307,23.76750869232365,25.334686734729196,24.82312160759445,24.601848676972594,0.00303988369370623,-110.5,17.325000762939453,0.0,12.0,0.0,1.0,0.0,,,,,
arenacam6_1769712542664778139.png,1769712542664778139,1769712542.6647782,42.302307039396,-83.69733854985087,242.592529296875,0.8729418701010778,0.4878045620277095,-2.1798579179384964e-05,0.004381804903154387,0.12983,-0.005860000000000001,0.12426000000000001,0.5971000000000001,4.509,-7.3384,10.903358189253398,24.390158067868498,29.34000015258789,29.15999984741211,30.469999313354492,30.189998626708984,23.824350638702775,23.678188731297226,24.741920375837516,24.514557236675035,24.189754245628137,0.008216585627805834,-128.0,17.600000381469727,0.0,24.0,0.0,1.0,0.0,,,,,
arenacam6_1769712542788955478.png,1769712542788955478,1769712542.7889555,42.30231715645111,-83.69733047151118,242.6231689453125,0.8763357461214811,0.4816816095057999,-0.0025611056794374236,0.003453675043734825,-0.021030000000000004,-0.0117,0.08508000000000002,-1.4746000000000001,-2.3205,-9.8513,10.858983903239055,24.290895452511574,30.119998931884766,29.44999885559082,30.439998626708984,30.10999870300293,24.457716839080582,23.913670599729194,24.717559541675033,24.44959656102642,24.384635885377808,0.0038590768730405755,-139.3000030517578,23.875,0.0,40.0,0.0,1.0,0.0,,,,,
arenacam6_1769712542851018979.png,1769712542851018979,1769712542.851019,42.30232384403865,-83.69732504505201,242.64459228515625,0.8776247995681701,0.47930862903294724,-0.0028715333231821034,0.005450102187994676,-0.08135000000000002,-0.05977000000000001,0.11366000000000001,-1.3934,-2.2561,-8.7718,10.826128391179072,24.217399643364114,29.85999870300293,29.149999618530273,30.59000015258789,30.01999855041504,24.246594256026423,23.670068453243065,24.839362163702774,24.376515607323647,24.28313512007398,0.002714390383687497,-145.60000610351562,24.774999618530273,0.0,48.0,0.0,1.0,0.0,,,,,
arenacam6_1769712542975466705.png,1769712542975466705,1769712542.9754667,42.30233379211491,-83.69731680975289,242.6595916748047,0.8826107749536469,0.4700504428445449,-0.002395105885830218,0.006713016100511478,-0.024930000000000004,-0.01983,0.16405000000000003,-1.7542,-2.9674,-11.7829,10.759748155995766,24.06891104007317,30.329999923706055,29.26999855041504,30.760000228881836,29.8799991607666,24.628239580648614,23.76750869232365,24.97740379305416,24.262834812134745,24.40899671954029,0.014129666227977605,-166.6999969482422,25.075000762939453,0.0,52.0,0.0,1.0,0.0,,,,,
arenacam6_1769712543181836906.png,1769712543181836906,1769712543.1818368,42.302350112619514,-83.69730262398173,242.69940185546875,0.8934275814094219,0.4490704521281629,-0.0035865165678744064,0.010489170664367567,-0.04607000000000001,-0.014260000000000002,0.29931,1.4156,7.038600000000001,-8.2597,10.737853827604669,24.01993474112199,30.34000015258789,29.439998626708984,31.189998626708984,30.619998931884766,24.63635985870277,23.905550321675033,25.326566456675035,24.863721449080582,24.683049521533356,0.02760685187358637,-185.0,29.075000762939453,0.0,76.0,0.0,1.0,0.0,,,,,
arenacam6_1769712543492585247.png,1769712543492585247,1769712543.4925852,42.30237524894414,-83.6972781859837,242.7463836669922,0.9150286052017294,0.4032804008019749,-0.000823730224026091,0.009321558887558996,-0.01289,-0.038790000000000005,0.3254500000000001,2.0513,5.1464,-10.2476,10.76827266106184,24.087979846435672,31.1299991607666,30.25,31.119998931884766,30.029998779296875,25.277846337134743,24.563278905000004,25.269726059080583,24.384635885377808,24.873871796648285,0.032625897033407784,-190.0,24.30000114440918,0.0,104.0,0.0,1.0,0.0,,,,,
arenacam6_1769712543595880314.png,1769712543595880314,1769712543.5958803,42.30238275311197,-83.69726990557133,242.7689208984375,0.9223336593037241,0.3862556980799962,-0.0003390408441537856,0.010346094308607045,-0.01734,0.02085,0.3501000000000001,0.8190000000000001,5.2677000000000005,-8.7569,10.73960415943406,24.02385012840443,30.90999984741211,30.34000015258789,31.26999855041504,30.229999542236328,25.099204866297228,24.63635985870277,25.391527132323645,24.54703834889168,24.91853255155383,0.03724142543212005,-189.6999969482422,22.42500114440918,0.0,96.0,0.0,1.0,0.0,,,,,
arenacam6_1769712543678681900.png,1769712543678681900,1769712543.6786819,42.30238717602661,-83.69726478695257,242.7820281982422,0.9271905695716138,0.3744311895656522,8.60773117947666e-05,0.010905254174630183,-0.01623,-0.010330000000000002,0.37326000000000004,0.7972,3.8199,-9.1655,10.748322616444714,24.04335279362984,30.869998931884766,30.229999542236328,31.279998779296875,29.67999839782715,25.06672375408058,24.54703834889168,25.399647410377806,24.100432348620874,24.778460465492735,0.030574258015199036,-188.90000915527344,17.92500114440918,0.0,112.0,0.0,1.0,0.0,,,,,
arenacam6_1769712543719860379.png,1769712543719860379,1769712543.7198606,42.302392949342874,-83.69725777156387,242.79876708984375,0.9314775265626845,0.3636548802334577,3.8480397337514044e-05,0.010234457011106863,0.04946000000000001,0.010350000000000002,0.39864000000000005,1.0557,5.8711,-8.7733,10.74281859509202,24.031040628105146,30.849998474121094,30.209999084472656,31.189998626708984,29.85999870300293,25.050483197972262,24.530797792783357,25.326566456675035,24.246594256026423,24.78861042586427,0.031524635552948974,-188.1999969482422,16.350000381469727,0.0,112.0,0.0,1.0,0.0,,,,,
arenacam6_1769712543782175484.png,1769712543782175484,1769712543.7821755,42.30239578840516,-83.69725419983179,242.80709838867188,0.9349070958524035,0.35478422428436895,-0.0003462177268189941,0.008761076249454047,0.056310000000000006,0.0011400000000000002,0.37640000000000007,1.2956,5.5475,-10.2867,10.736809005283337,24.01759753627851,30.729999542236328,29.939998626708984,31.0,29.869998931884766,24.95304295889168,24.311554931675033,25.172285820000003,24.254714534080584,24.672899561161827,0.027284245391050618,-186.5,16.30000114440918,0.0,96.0,0.0,1.0,0.0,,,,,
arenacam6_1769712543968436304.png,1769712543968436304,1769712543.9684362,42.30240933686338,-83.69723552022896,242.85630798339844,0.9457938702641746,0.3245872702374245,0.00041840613701719584,0.010811286086098252,-0.10473000000000002,-0.003790000000000001,0.25919000000000003,-0.4985,2.2359,-10.5982,10.688622109969886,23.90980634267604,29.849998474121094,28.81999969482422,30.719999313354492,30.31999969482422,24.23847397797226,23.402105472594453,24.944922680837518,24.620119302594453,24.30140535849967,0.016378175975632125,-178.8000030517578,16.149999618530273,0.0,88.0,0.0,1.0,0.0,,,,,
arenacam6_1769712544030825617.png,1769712544030825617,1769712544.0308256,42.302413169021435,-83.6972296667103,242.87118530273438,0.9478315625400462,0.3185619488368317,0.0006312595258624468,0.011541894020715546,0.042910000000000004,-0.017200000000000003,0.23722000000000004,-1.2510000000000001,4.8259,-9.3367,10.680214266964914,23.890998502344495,29.76999855041504,28.78999900817871,30.59000015258789,29.779998779296875,24.17351330232365,23.37774463843197,24.839362163702774,24.18163358037781,24.14306342120905,0.010550623023973613,-178.8000030517578,16.450000762939453,0.0,96.0,0.0,1.0,0.0,,,,,
arenacam6_1769712544113541261.png,1769712544113541261,1769712544.1135414,42.30241931188204,-83.69721967028076,242.89389038085938,0.9505986237899176,0.3103140487748542,-0.0003618337131226935,0.008204672939014066,0.09908,-0.00576,0.21509000000000003,-0.398,2.165,-9.7605,10.66162595543168,23.849417564743344,29.81999969482422,28.649999618530273,30.260000228881836,29.559999465942383,24.214114692594453,23.264063843243065,24.57139918305416,24.002992109540294,24.01314245710799,0.00686494300836426,-178.8000030517578,16.17500114440918,0.0,108.0,0.0,1.0,0.0,,,,,
arenacam6_1769712544278792842.png,1769712544278792842,1769712544.2787929,42.30242871429579,-83.69720328440246,242.93496704101562,0.9556634028816615,0.2943017876212174,-9.417316312355147e-05,0.009690682484454663,-0.08114,0.006410000000000002,0.18798000000000004,-0.1537,3.3315,-8.7456,10.60666371739833,23.72647033599702,28.920000076293945,28.43000030517578,30.03999900817871,29.40999984741211,23.48330670435139,23.08542237240555,24.39275616343197,23.881191036297228,23.710669069121533,0.000665976297853094,-186.3000030517578,19.075000762939453,0.0,100.0,0.0,1.0,0.0,,,,,
arenacam6_1769712544320323163.png,1769712544320323163,1769712544.320323,42.30242984517616,-83.69720121320873,242.939208984375,0.9564824117497116,0.2916044501285208,0.00012609826737083104,0.010403113857172665,-0.015070000000000002,0.0083,0.18947000000000003,-1.2512,4.9208,-9.9899,10.585912963242793,23.680052143996335,28.8799991607666,28.43000030517578,30.09000015258789,29.25,23.450825592134745,23.08542237240555,24.433357553702773,23.751269685,23.680218800810767,7.037856733543536e-06,-191.10000610351562,19.274999618530273,0.0,112.0,0.0,1.0,0.0,,,,,
arenacam6_1769712544340814751.png,1769712544340814751,1769712544.3408148,42.30243096099509,-83.69719912179816,242.944580078125,0.9570145444500489,0.2898630964172253,0.00015203241950841138,0.010125410244883594,0.03781,0.00253,0.17778000000000002,-0.5007,4.0189,-10.4429,10.579082590700592,23.664773010441785,28.889999389648438,28.279998779296875,30.079999923706055,29.229999542236328,23.458945870188906,22.96361975037781,24.425237275648612,23.73502912889168,23.645708006276752,0.0008056280175017953,-193.5,19.30000114440918,0.0,108.0,0.0,1.0,0.0,,,,,
arenacam6_1769712544486242749.png,1769712544486242749,1769712544.4862428,42.30243852770685,-83.69718433983662,242.9830322265625,0.9603847845505336,0.278658795202081,-0.0013990511023965267,0.00289553386486066,0.06123000000000001,-0.0013300000000000002,0.15005000000000002,0.0358,-0.3553,-10.3869,10.52699457169387,23.548255237204884,28.799999237060547,28.18000030517578,29.729999542236328,28.989999771118164,23.38586491648613,22.88242006740555,24.14103373889168,23.54014710194584,23.4873664561823,0.002585702439915082,-204.3000030517578,18.42500114440918,0.0,108.0,0.0,1.0,0.0,,,,,
arenacam6_1769712544671611803.png,1769712544671611803,1769712544.6716118,42.30244880152789,-83.69716295920614,243.0370635986328,0.9648345388065211,0.2628154820798035,-0.001970882704529416,0.004295430890271654,0.03835,-0.01574,0.19766000000000003,-1.1424,3.7359,-9.3927,10.43134645122406,23.33429613060115,28.15999984741211,27.68000030517578,29.459999084472656,28.75,22.866179511297226,22.47641545740555,23.92179087778336,23.345265075,23.152412730371534,0.007794681237077877,-229.3000030517578,10.15000057220459,0.0,120.0,0.0,1.0,0.0,,,,,
arenacam6_1769712544692366086.png,1769712544692366086,1769712544.6923661,42.30244979105682,-83.69716080004774,243.04193115234375,0.965575391884772,0.2600918459864842,-0.002498221716824298,0.0031863970508146724,0.07651000000000001,-0.021750000000000002,0.18430000000000002,-0.4169,1.3507,-9.877,10.421439738820206,23.312135409356475,28.1299991607666,27.599998474121094,29.459999084472656,28.56999969482422,22.841818677134746,22.41145323297226,23.92179087778336,23.199103167594455,23.093541488871207,0.009376829563092475,-232.5,9.975000381469727,0.0,120.0,0.0,1.0,0.0,,,,,
arenacam6_1769712545064840097.png,1769712545064840097,1769712545.06484,42.30246649789955,-83.69712181165903,243.11380004882812,0.9743978829061894,0.22479300819658532,-0.003727830668158398,0.001724103353973901,0.030420000000000006,0.03935,0.21729000000000004,0.7262000000000001,1.7175,-9.8908,10.144939138725938,22.693620156981602,27.119998931884766,26.76999855041504,28.760000228881836,27.689998626708984,22.02168917908058,21.737485642323648,23.35338535305416,22.484534186675035,22.399273590283357,0.012970454456456134,-269.6000061035156,10.949999809265137,0.0,140.0,0.0,1.0,0.0,,,,,
arenacam6_1769712545085550580.png,1769712545085550580,1769712545.0855505,42.30246649789955,-83.69712181165903,243.11380004882812,0.9751501300306433,0.22150703492530172,-0.0035387082597023957,0.0020820479517681045,-0.039920000000000004,-0.00169,0.23396000000000003,-1.3374000000000001,3.1402,-9.642800000000001,10.118332599283697,22.634102924641674,27.049999237060547,26.899999618530273,28.60999870300293,27.60999870300293,21.964848781486133,21.843047708243066,23.23158273102642,22.41957351102642,22.36476318294551,0.011899731241521182,-271.1000061035156,10.824999809265137,0.0,144.0,0.0,1.0,0.0,,,,,
arenacam6_1769712545168276843.png,1769712545168276843,1769712545.1682768,42.302471527720485,-83.69710874155227,243.1314239501953,0.9772148845476074,0.21222373229773045,-0.0030866860302531836,0.0016214923922384925,-0.0011500000000000002,0.004000000000000001,0.20388,-0.7275,1.3758000000000001,-10.138300000000001,10.055634501346612,22.49385104144229,26.579999923706055,26.60999870300293,28.329999923706055,27.3799991607666,21.58320500564861,21.60756429102642,23.004221140648614,22.23281176213474,22.106950549864596,0.017200278016640008,-275.8000183105469,12.375,0.0,152.0,0.0,1.0,0.0,,,,,
arenacam6_1769712545230467614.png,1769712545230467614,1769712545.2304676,42.3024739289581,-83.69710217330457,243.14085388183594,0.9782191505183773,0.20753448760045112,-0.003529267415701296,0.0020674348916341007,-0.006970000000000001,-0.044160000000000005,0.18121000000000004,-0.5146000000000001,0.9324,-10.8208,10.039243721567129,22.457185850522375,26.469999313354492,26.40999984741211,28.229999542236328,27.34000015258789,21.49388349583752,21.445163376297227,22.923019908891682,22.200332198702775,22.015599744932302,0.01966346578459656,-280.1000061035156,16.375,0.0,160.0,0.0,1.0,0.0,,,,,
arenacam6_1769712545271840417.png,1769712545271840417,1769712545.2718406,42.302475483219375,-83.69709778166606,243.14840698242188,0.9791411872089026,0.20311352440713148,-0.004626109524579682,0.0024557737519347463,0.029510000000000005,-0.07060000000000001,0.16771000000000003,-0.9653,2.3765,-10.530000000000001,10.007503796053484,22.38618554154388,26.469999313354492,26.219999313354492,28.15999984741211,27.189998626708984,21.49388349583752,21.290881190837517,22.866179511297226,22.078529576675038,21.932368443661822,0.020272194074326472,-284.20001220703125,17.875,0.0,152.0,0.0,1.0,0.0,,,,,
arenacam6_1769712545334129959.png,1769712545334129959,1769712545.3341298,42.30247773608712,-83.69709118231378,243.15980529785156,0.9800013768252855,0.1988949507167842,-0.005889906287605181,0.0018463487850334235,0.04637,-0.04632000000000001,0.16877,-0.6259,2.2584,-9.8467,9.955467220051268,22.269782843221485,26.729999542236328,26.09000015258789,28.15999984741211,26.989999771118164,21.705006078891678,21.185320673702773,22.866179511297226,21.91612866194584,21.91815873145938,0.01578929234458765,-293.3000183105469,19.725000381469727,0.0,164.0,0.0,1.0,0.0,,,,,
arenacam6_1769712545354511764.png,1769712545354511764,1769712545.354512,42.30247847137978,-83.6970889852848,243.16342163085938,0.9804939403939372,0.196429212951735,-0.006620634126284599,0.0018342174621117826,-0.00576,-0.03909000000000001,0.17127000000000003,-1.4899,1.4896,-9.6308,9.91708851802696,22.18393198951523,26.939998626708984,26.099998474121094,28.010000228881836,27.06999969482422,21.875527271675033,21.19343940297226,22.74437843805416,21.98108933759445,21.948608612573977,0.010607829894739728,-296.20001220703125,19.75,0.0,168.0,0.0,1.0,0.0,,,,,
arenacam6_1769712545396634670.png,1769712545396634670,1769712545.3966346,42.30247920486191,-83.69708678592306,243.16595458984375,0.9809974108039077,0.1938765546602133,-0.007139076462770697,0.002234980172900504,-0.019200000000000002,-0.04573000000000001,0.17338000000000003,-0.9373,1.8732000000000002,-9.2491,9.899278283900047,22.144091564387374,27.219999313354492,26.079999923706055,27.93000030517578,26.8799991607666,22.102890410837517,21.17720039564861,22.67941776240555,21.82680715213474,21.946578930256607,0.008919428171459126,-302.5,19.55000114440918,0.0,168.0,0.0,1.0,0.0,,,,,
arenacam6_1769712545437413099.png,1769712545437413099,1769712545.4374132,42.302482064226226,-83.69707801408879,243.1788787841797,0.9820746705581316,0.18831841010134331,-0.007607229432625854,0.002765488274905066,-0.0374,0.00966,0.20664000000000002,-0.5701,0.2293,-7.8284,9.839531563862733,22.010441736467104,27.35999870300293,26.099998474121094,28.119998931884766,26.939998626708984,22.216571206026423,21.19343940297226,22.833698399080582,21.875527271675033,22.029809069938572,0.0008799157101595172,-309.5,19.450000762939453,0.0,176.0,0.0,1.0,0.0,,,,,
arenacam6_1769712545499721132.png,1769712545499721132,1769712545.4997213,42.302482768131036,-83.697075827157,243.18023681640625,0.9828909967430357,0.18398968660058646,-0.007566517521890601,0.003978889127696228,-0.07577,-0.0044,0.23389000000000004,-1.5015,1.0609,-10.640600000000001,9.799896610703074,21.921780724346135,27.189998626708984,26.189998626708984,28.06999969482422,26.809999465942383,22.078529576675038,21.266520356675034,22.79309855759445,21.76996675454029,21.977028811371202,0.0025202371887475756,-320.0,19.274999618530273,0.0,160.0,0.0,1.0,0.0,,,,,
arenacam6_1769712545540801097.png,1769712545540801097,1769712545.540801,42.30248552802929,-83.69706708270905,243.1841583251953,0.9842591545312671,0.17653425458796423,-0.0064144655792202875,0.005331820495872503,-0.020660000000000005,0.036270000000000004,0.26398000000000005,-0.18630000000000002,3.8661000000000003,-10.504000000000001,9.761441504672169,21.835758959461362,27.149999618530273,26.06999969482422,28.06999969482422,26.719999313354492,22.046050013243068,21.169080117594454,22.79309855759445,21.696885800837517,21.926278622317373,0.004145478204996793,-325.8999938964844,18.524999618530273,0.0,160.0,0.0,1.0,0.0,,,,,
arenacam6_1769712545562046738.png,1769712545562046738,1769712545.5620468,42.30248552802929,-83.69706708270905,243.1841583251953,0.9844883669170077,0.175256018640643,-0.006345497428503374,0.005264788476184094,0.012940000000000002,0.015020000000000002,0.25943000000000005,-0.27740000000000004,2.7325,-11.6882,9.759066283269053,21.830445731695878,27.049999237060547,26.099998474121094,28.049999237060547,26.549999237060547,21.964848781486133,21.19343940297226,22.77685800148613,21.558844171486133,21.87349758935766,0.001972101632321508,-328.6000061035156,18.200000762939453,0.0,164.0,0.0,1.0,0.0,,,,,
arenacam6_1769712545623872685.png,1769712545623872685,1769712545.6238728,42.30248814366014,-83.69705830017531,243.1862335205078,0.9861357668505875,0.1658018584291011,-0.005801407418438421,0.0035123711969552484,0.06980000000000001,-0.004130000000000001,0.26548000000000005,0.5993,0.36100000000000004,-13.2782,9.747637385601875,21.80487997334826,26.959999084472656,25.84000015258789,27.599998474121094,26.489999771118164,21.891767827783358,20.982318368702774,22.41145323297226,21.510124051945837,21.69891587035106,0.004859650827095595,-337.6000061035156,18.55000114440918,0.0,168.0,0.0,1.0,0.0,,,,,
arenacam6_1769712545768469959.png,1769712545768469959,1769712545.76847,42.30249181721339,-83.69704503685816,243.1983184814453,0.9892729812773035,0.14581984265615794,-0.007887268785160807,0.0036514371910001463,-0.03815,-0.03653,0.31325000000000003,-1.6612,2.0648,-10.251800000000001,9.665219565285575,21.620516254369917,27.03999900817871,25.51999855041504,27.779998779296875,26.279998779296875,21.95672850343197,20.72247411732365,22.557615140377806,21.33960131037781,21.644104767877806,0.001091024526443541,-353.8000183105469,18.649999618530273,0.0,156.0,0.0,1.0,0.0,,,,,
arenacam6_1769712545975567759.png,1769712545975567759,1769712545.9755678,42.302498153583535,-83.69701849050722,243.22451782226562,0.9938161200861251,0.11092305243329387,-0.004605661958318279,0.0020937463473754605,-0.02211,0.06054000000000001,0.37951000000000007,-1.3372000000000002,0.3486,-9.5004,9.49449948216316,21.23862567163006,26.309999465942383,25.65999984741211,27.3799991607666,25.760000228881836,21.36396214454029,20.83615646129723,22.23281176213474,20.917357693054164,21.337572015256605,0.004658792200415939,-391.8000183105469,7.575000286102295,0.0,156.0,0.0,1.0,0.0,,,,,
arenacam6_1769712546078707215.png,1769712546078707215,1769712546.0787072,42.302499941953606,-83.69700959663238,243.22911071777344,0.9958970545986954,0.09043277715167597,-0.0024088061365676984,0.0022731280814854557,0.052230000000000006,-0.020430000000000004,0.36751,-0.7102,3.8946,-10.8633,9.461558633338123,21.16493896925938,25.309999465942383,24.81999969482422,27.3799991607666,25.28999900817871,20.551952924540288,20.154068592594456,22.23281176213474,20.53571236843197,20.868636411925365,0.01399968871936627,-404.3999938964844,11.0,0.0,180.0,0.0,1.0,0.0,,,,,
arenacam6_1769712546120158199.png,1769712546120158199,1769712546.1201582,42.3025007693118,-83.69700513496599,243.2341766357422,0.9965101460331693,0.08340030878015225,-0.0031644522399441807,0.0013797066165932696,0.04336000000000001,-0.06821,0.35343,0.4943,3.2092,-11.388300000000001,9.46643161338405,21.175839533243316,24.969999313354492,24.81999969482422,27.03999900817871,25.389999389648438,20.27586966583752,20.154068592594456,21.95672850343197,20.616913600188905,20.750895090513215,0.02006741891215193,-409.70001220703125,12.725000381469727,0.0,172.0,0.0,1.0,0.0,,,,,
arenacam6_1769712546202998867.png,1769712546202998867,1769712546.2029989,42.302502269123885,-83.69699620551819,243.25083923339844,0.9975331663519487,0.06992142187395878,-0.006179131535307997,0.0006285892529522025,-0.009590000000000001,-0.04981000000000001,0.33556,-0.4369,-0.41440000000000005,-8.6501,9.374915040459054,20.97112245060448,25.15999984741211,24.049999237060547,26.6299991607666,25.079999923706055,20.430151851297225,19.528821121486132,21.623804847134743,20.365191175648615,20.486992248891678,0.023085564583065356,-419.20001220703125,8.52500057220459,0.0,180.0,0.0,1.0,0.0,,,,,
arenacam6_1769712546266423490.png,1769712546266423490,1769712546.2664235,42.30250359421939,-83.69698730918684,243.26556396484375,0.9982734064196872,0.05823084755434227,-0.0076616161215594825,0.0008210156775585565,-0.05408,-0.011990000000000002,0.34201000000000004,0.7782,1.9496,-9.9862,9.297067595528691,20.796982387141952,24.729999542236328,24.029998779296875,26.619998931884766,25.18000030517578,20.08098763889168,19.51258056537781,21.61568456908058,20.44639240740555,20.413911295188907,0.018419551684088785,-426.70001220703125,0.0,0.0,184.0,0.0,1.0,0.0,,,,,
arenacam6_1769712546471933464.png,1769712546471933464,1769712546.4719334,42.30250608212622,-83.69696533679145,243.28466796875,0.9996937943750515,0.024123336925695293,-0.004474463945711666,-0.003218893595641747,0.10579000000000001,0.07162,0.31562,-0.1519,1.3755000000000002,-11.8323,9.034379755355268,20.209365449944414,23.09000015258789,22.6299991607666,25.829999923706055,24.51999855041504,18.749293013702776,18.375767967134742,20.974198090648613,19.910464897323646,19.502430992202445,0.0349805370927128,-448.8000183105469,0.0,0.0,196.0,0.0,1.0,0.0,,,,,
arenacam6_1769712546513311947.png,1769712546513311947,1769712546.513312,42.30250643561161,-83.6969609782042,243.28713989257812,0.99985158622688,0.016446745698678322,-0.0030571752659462174,-0.0041187079173187055,0.03960000000000001,0.039830000000000004,0.28893,-0.5352,4.2522,-10.712900000000001,9.003466496724547,20.14021434518301,22.5,22.06999969482422,25.529998779296875,24.34000015258789,18.27020745,17.921043237594454,20.73059439537781,19.764304538702774,19.17153740541876,0.048096654939322026,-453.6000061035156,0.0,0.0,188.0,0.0,1.0,0.0,,,,,
arenacam6_1769712546596407692.png,1769712546596407692,1769712546.596408,42.302507015845514,-83.69695228521223,243.29818725585938,0.9999766465731608,0.005612357156535852,-0.0033482736708046975,-0.0019992045590826197,-0.09498000000000001,-0.04556,0.26123,-1.7232,3.6670000000000003,-10.9658,8.932427557335528,19.981304500106138,22.26999855041504,20.939998626708984,25.189998626708984,24.06999969482422,18.083444152323647,17.003471951675035,20.454511136675034,19.54506167759445,18.77162222956704,0.06054070546458426,-462.3999938964844,0.0,0.0,200.0,0.0,1.0,0.0,,,,,
arenacam6_1769712546616799211.png,1769712546616799211,1769712546.616799,42.302507015845514,-83.69695228521223,243.29818725585938,0.9999838102736552,0.004299794729693385,-0.0033837472671461584,-0.0015624372937497702,-0.08590000000000002,-0.006830000000000001,0.26217,-2.0593,4.2693,-10.5358,8.91095014297563,19.933260812827907,22.209999084472656,20.65999984741211,25.119998931884766,24.010000228881836,18.03472403278336,16.776110361297228,20.397670739080585,19.496341558054162,18.67621167280383,0.06306289531992233,-464.1000061035156,0.0,0.0,200.0,0.0,1.0,0.0,,,,,
arenacam6_1769712546682444016.png,1769712546682444016,1769712546.682444,42.30250737923114,-83.69694366647919,243.3144989013672,0.9999815370051593,-0.0042375982701926,-0.004313088759908384,0.000604710715057943,-0.04161,-0.023740000000000004,0.24874000000000002,-1.6037000000000001,5.1183000000000005,-10.497900000000001,8.831453718712046,19.755432081535726,21.920000076293945,19.719999313354492,25.15999984741211,23.6299991607666,17.799242164351387,16.01282126083752,20.430151851297225,19.187777187134742,18.35749811590522,0.0707620040837819,-469.1000061035156,0.0,0.0,212.0,0.0,1.0,0.0,,,,,
arenacam6_1769712546720134331.png,1769712546720134331,1769712546.7201345,42.302507516954684,-83.69693726793302,243.328369140625,0.9999342874564756,-0.010370791688843806,-0.004846154639067226,0.0006182506541017001,0.0064600000000000005,-0.005090000000000001,0.25301000000000007,-2.1129000000000002,3.479,-9.8141,8.74300475122394,19.557577048202884,21.529998779296875,19.420000076293945,25.03999900817871,23.510000228881836,17.48255751537781,15.769219114351388,20.332710063431968,19.090336948054162,18.16870591030383,0.0710144786583711,-472.0,0.0,0.0,208.0,0.0,1.0,0.0,,,,,
arenacam6_1769712546823959822.png,1769712546823959822,1769712546.8239598,42.30250751765492,-83.69692676179676,243.3503875732422,0.9997201846143641,-0.023041755419227206,-0.003813034107102161,-0.0037537651392326055,0.16337000000000002,0.04560000000000001,0.24766000000000005,-0.6381,1.326,-8.2713,8.594373618247408,19.225098121602358,21.18000030517578,18.420000076293945,24.35999870300293,23.100000381469727,17.19835552740555,14.957209894351388,19.780543546026422,18.757413291756937,17.673380564885075,0.08071311505940708,-477.70001220703125,0.0,1548.0,624.0,1.0,1.0,0.0,,,,,
arenacam6_1769712546844840548.png,1769712546844840548,1769712546.8448405,42.30250751765492,-83.69692676179676,243.3503875732422,0.9996884069007912,-0.02429383317548267,-0.003653688737834014,-0.004421463152271423,0.13516000000000003,0.029670000000000005,0.24983000000000002,-1.5273,0.5898,-8.5547,8.579230441712504,19.19122374428437,20.899999618530273,18.149999618530273,24.18000030517578,23.10999870300293,16.970992388243065,14.737967033243065,19.63438318740555,18.76553202102642,17.527218657479523,0.08670656488492186,-478.6000061035156,0.0,1672.0,660.0,1.0,1.0,0.0,,,,,
arenacam6_1769712546885575053.png,1769712546885575053,1769712546.885575,42.30250745781192,-83.6969226067791,243.3565216064453,0.9994918364507986,-0.031085010293699422,-0.0023766681166469896,-0.006643978620823995,0.07343000000000001,0.04887000000000001,0.27185000000000004,-1.0592000000000001,2.9006000000000003,-9.522,8.519659459757257,19.0579670319094,20.529998779296875,18.25,24.139999389648438,22.90999984741211,16.670548295377806,14.819168265,19.601902075188907,18.603131106297226,17.423687435465986,0.08575309180182143,-480.8000183105469,0.0,1732.0,644.0,1.0,1.0,0.0,,,,,
arenacam6_1769712546927453885.png,1769712546927453885,1769712546.927454,42.302507323256606,-83.69691641630207,243.36512756347656,0.9993051899471082,-0.03656667572313688,-0.0017589546926671039,-0.0069944013126271715,-0.04301000000000001,0.028360000000000003,0.28669000000000006,-1.1682000000000001,1.6731,-10.6129,8.476840805734538,18.96218427197982,20.299999237060547,17.940000534057617,23.869998931884766,22.709999084472656,16.48378654648613,14.56744584045971,19.382659214080583,18.440728642783355,17.218655060952443,0.09194769895806608,-482.8000183105469,0.0,1732.0,664.0,1.0,1.0,0.0,,,,,
arenacam6_1769712546947657949.png,1769712546947657949,1769712546.947658,42.302507323256606,-83.69691641630207,243.36512756347656,0.9992530963193962,-0.03800503322301785,-0.001724823382641038,-0.00677435828071222,-0.042760000000000006,0.0108,0.2871600000000001,-1.2887,3.6470000000000002,-9.9243,8.463413763367841,18.932148783828058,20.19999885559082,17.760000228881836,23.850000381469727,22.600000381469727,16.402585314729194,14.421283933054161,19.366420206756935,18.351408681756936,17.135424534074307,0.09490334511254858,-483.6000061035156,0.0,1732.0,656.0,1.0,1.0,0.0,,,,,
arenacam6_1769712547113409805.png,1769712547113409805,1769712547.1134098,42.302506447850305,-83.69689819159932,243.40049743652344,0.9981269297794011,-0.06073048527814556,-0.005005039934194113,-0.00542123438753535,0.03927,-0.08203,0.26456,-1.5049000000000001,2.9490000000000003,-10.2095,8.240354026593497,18.43317753624806,19.8799991607666,16.959999084472656,23.03999900817871,21.65999984741211,16.142742612134743,13.771675627783356,18.70869162343197,17.588119581297228,16.552807361161825,0.10201009410279734,-487.20001220703125,0.0,1840.0,652.0,1.0,1.0,0.0,,,,,
arenacam6_1769712547299697029.png,1769712547299697029,1769712547.2996972,42.302504686523825,-83.69687883029451,243.44691467285156,0.995723808074954,-0.09161396773919084,-0.007963251549076768,-0.008807131914578789,-0.024950000000000003,0.010570000000000001,0.3607200000000001,-1.6852,1.0684,-8.7196,7.855406845981349,17.572073790049522,19.44999885559082,16.34000015258789,22.15999984741211,20.600000381469727,15.793578399729196,13.268230778702774,17.994124191297228,16.727390241756936,15.945830902871535,0.09254700990948914,-488.1000061035156,0.0,1904.0,680.0,1.0,1.0,0.0,,,,,
arenacam6_1769712547589582784.png,1769712547589582784,1769712547.589583,42.30250082958779,-83.69685154956362,243.474365234375,0.9892145341553753,-0.14596013875011782,-0.007836873052042401,-0.009424793503111931,0.09269000000000001,-0.05412,0.39109000000000005,-1.2408000000000001,2.708,-9.188600000000001,7.428139374931109,16.616302093358396,18.389999389648438,15.339999198913574,20.939998626708984,19.209999084472656,14.932849060188905,12.456220784310437,17.003471951675035,15.598696372783357,14.997809542239434,0.09740389540497581,-489.6000061035156,0.0,1904.0,688.0,1.0,1.0,0.0,,,,,
arenacam6_1769712547610035741.png,1769712547610035741,1769712547.6100357,42.30250082958779,-83.69685154956362,243.474365234375,0.9886421520841233,-0.149716332801759,-0.00849389721256502,-0.009978402928745205,0.03307,-0.09143000000000001,0.37651000000000007,-2.0345,2.4507000000000003,-10.4688,7.401021420659543,16.555640856730157,18.3799991607666,15.299999237060547,20.729999542236328,19.189998626708984,14.924728782134743,12.42374044648613,16.83295075889168,15.582455816675035,14.940968951046898,0.09753001527735286,-489.6000061035156,0.0,1904.0,680.0,1.0,1.0,0.0,,,,,
arenacam6_1769712547713258057.png,1769712547713258057,1769712547.713258,42.302499130861015,-83.69684295479878,243.48814392089844,0.9852006232338184,-0.17079589923688754,-0.01215375765709107,-0.007796086093126267,-0.06885000000000001,-0.052230000000000006,0.39084,-1.6916,2.3316,-9.1959,7.201969966178148,16.110374696142546,17.75,14.859999656677246,20.369998931884766,18.56999969482422,14.413163655,12.066456730418759,16.540626944080582,15.079010967594453,14.52481457427345,0.09841857509675069,-490.0,0.0,1904.0,776.0,1.0,1.0,0.0,,,,,
arenacam6_1769712547755825773.png,1769712547755825773,1769712547.7558258,42.30249877628067,-83.6968412762317,243.4901123046875,0.9841496844657955,-0.17676448588390742,-0.012709004815649082,-0.006495867353079286,-0.10539000000000001,-0.009190000000000002,0.41541000000000006,-2.3554,1.241,-10.4342,7.1161547538274466,15.918411215026769,17.56999969482422,14.569999694824219,20.260000228881836,18.239999771118164,14.267001747594453,11.830974087594452,16.451306983054163,14.811047986945841,14.340082701297227,0.0991511333894692,-490.1000061035156,0.0,1904.0,724.0,1.0,1.0,0.0,,,,,
arenacam6_1769712547775773235.png,1769712547775773235,1769712547.7757733,42.30249765764777,-83.6968363171103,243.49603271484375,0.9834145540996264,-0.18083241650324094,-0.012859006372938325,-0.005486153637324844,-0.08175000000000002,0.016690000000000003,0.41175000000000006,-1.0901,5.1154,-8.7501,7.081382301661511,15.840627325878703,17.479999542236328,14.489999771118164,20.149999618530273,18.229999542236328,14.193920793891678,11.76601341194584,16.361985473243067,14.802927708891678,14.281211846993067,0.0984440481304697,-490.1000061035156,0.0,1904.0,708.0,1.0,1.0,0.0,,,,,
arenacam6_1769712548044428570.png,1769712548044428570,1769712548.0444286,42.302492495336786,-83.69681762271594,243.50701904296875,0.9716809005839825,-0.23571195573084885,-0.01346489691202323,-0.009736422186198298,-0.0531,0.01289,0.38154000000000005,-2.0088,1.2843,-9.162600000000001,6.576773427718151,14.711847551399842,15.380000114440918,12.84000015258789,18.729999542236328,17.119998931884766,12.48870189652708,10.426198508702774,15.20893231889168,13.901596979080582,13.006357425800529,0.11592630494849268,-490.3000183105469,0.0,1056.0,640.0,1.0,1.0,0.0,,,,,
arenacam6_1769712548106639315.png,1769712548106639315,1769712548.1066394,42.302491090254094,-83.69681321874211,243.50289916992188,0.9695000586488882,-0.24454774149856062,-0.014194495075594456,-0.008034595030526137,-0.06321,-0.01565,0.34481000000000006,-1.6873,3.0946000000000002,-11.0862,6.512007859898333,14.566970862120977,14.90999984741211,12.59000015258789,18.369998931884766,16.809999465942383,12.107057346297227,10.223196203702775,14.916608504080582,13.649874554540292,12.724184152155217,0.12650445500358792,-490.3000183105469,0.0,676.0,588.0,1.0,1.0,0.0,,,,,
arenacam6_1769712548168885028.png,1769712548168885028,1769712548.168885,42.30248907312005,-83.69680755103592,243.5017852783203,0.9666479649403643,-0.2555072192364194,-0.015768072090911734,-0.007690298905770766,0.012290000000000002,-0.046470000000000004,0.30495,-1.6615,2.8637,-9.7522,6.413294161612238,14.34615424187688,14.630000114440918,12.219999313354492,17.969999313354492,16.510000228881836,11.879694981527082,9.922752110837518,14.591805125837517,13.406272408054162,12.45013115656407,0.13216246342718505,-490.3999938964844,0.0,436.0,496.0,1.0,1.0,0.0,,,,,
arenacam6_1769712548209803005.png,1769712548209803005,1769712548.209803,42.30248802365491,-83.69680479380371,243.50216674804688,0.9647317435202782,-0.26256213450216337,-0.016897300948305032,-0.008262553518987465,0.01606,-0.03794,0.28531000000000006,-1.9788000000000001,2.1919,-10.620600000000001,6.320621528023245,14.138851120896318,14.359999656677246,11.979999542236328,17.779998779296875,16.350000381469727,11.66045212041876,9.727870083891679,14.437522940377809,13.276351056756935,12.275549050361297,0.1317859601605946,-490.3999938964844,0.0,264.0,484.0,1.0,1.0,0.0,,,,,
arenacam6_1769712548231006698.png,1769712548231006698,1769712548.2310066,42.30248802365491,-83.69680479380371,243.50216674804688,0.9643493507944505,-0.2639476626400674,-0.017102407346403673,-0.008334786867379557,0.007850000000000001,-0.042760000000000006,0.28848000000000007,-1.9553,2.3673,-10.068200000000001,6.303830351606687,14.101290266723064,14.289999961853027,12.029999732971191,17.93000030517578,16.31999969482422,11.603611722824308,9.768470699770145,14.559325562405549,13.251990222594452,12.295849551898613,0.12803372462199586,-490.3999938964844,0.0,160.0,476.0,1.0,1.0,0.0,,,,,
arenacam6_1769712548272018727.png,1769712548272018727,1769712548.2720187,42.302486407092566,-83.69680077269389,243.50465393066406,0.9628348264415154,-0.26936394278304115,-0.01791422861570318,-0.008440600263945268,0.0041600000000000005,-0.029810000000000007,0.27889,-2.547,2.4939,-10.6392,6.22121109948262,13.916475956876653,14.149999618530273,11.75,17.59000015258789,16.18000030517578,11.489930153243066,9.541108335,14.283242303702774,13.138309427405549,12.113147554837848,0.1295822597349232,-490.3999938964844,0.0,0.0,348.0,1.0,1.0,0.0,,,,,
arenacam6_1769712548334646067.png,1769712548334646067,1769712548.334646,42.30248530661585,-83.69679816162835,243.5078582763672,0.9605426840695537,-0.2773526487194182,-0.01901971807325089,-0.008456397175792479,0.007090000000000001,-0.029810000000000007,0.27248000000000006,-1.7696,1.5996000000000001,-9.3283,6.121864277095579,13.694243076006185,13.920000076293945,11.469999313354492,17.399999618530273,15.979999542236328,11.303168404351387,9.313745195837516,14.128960118243066,12.975906963891678,11.93044517058091,0.12879849551638542,-490.3999938964844,0.0,0.0,224.0,1.0,1.0,0.0,,,,,
arenacam6_1769712548416813337.png,1769712548416813337,1769712548.4168134,42.302480271589054,-83.69678697766396,243.5061492919922,0.9573783965125462,-0.2880323312122696,-0.019492810362274075,-0.009165828477086026,0.0268,-0.00436,0.28017000000000003,-1.9102000000000001,1.4446,-8.1532,5.991342930072087,13.402274653995455,13.719999313354492,11.239999771118164,17.029998779296875,15.670000076293945,11.140765940837518,9.12698344694584,13.828516025377809,12.724184539351388,11.705112488128137,0.12663239708800958,-490.3999938964844,0.0,0.0,196.0,1.0,1.0,0.0,,,,,
arenacam6_1769712548458350336.png,1769712548458350336,1769712548.4583504,42.302480271589054,-83.69678697766396,243.5061492919922,0.9557607922229452,-0.29335368337196754,-0.01924750209911624,-0.009718959018960815,0.030930000000000006,0.00423,0.27876000000000006,-1.73,0.9057000000000001,-8.898900000000001,5.932235453653079,13.27005477569472,13.639999389648438,10.979999542236328,16.75,15.469999313354492,11.075805265188903,8.915860863891679,13.601154435,12.561782075837517,11.538650659979524,0.1304745266678488,-490.3999938964844,0.0,0.0,188.0,1.0,1.0,0.0,,,,,
arenacam6_1769712548541365582.png,1769712548541365582,1769712548.5413654,42.30247970702286,-83.69678577824712,243.5040283203125,0.9524366295721269,-0.30399845750826765,-0.019389870057280215,-0.008569563643671698,-0.07838000000000002,-0.0054800000000000005,0.28141000000000005,-1.7514,2.4214,-10.3557,5.8166281657262555,13.01144820903969,13.139999389648438,10.59000015258789,16.399999618530273,15.130000114440918,10.669800655188904,8.599177763702775,13.316950898243064,12.28569959152708,11.217907227165455,0.13784330176468554,-490.3999938964844,0.0,0.0,176.0,1.0,1.0,0.0,,,,,
arenacam6_1769712548561736019.png,1769712548561736019,1769712548.5617359,42.30247741722593,-83.69678110849725,243.49974060058594,0.9515967506703995,-0.3066132949031941,-0.019695959250930897,-0.007998793117098627,-0.05009000000000001,-0.013300000000000001,0.27026,-1.8914000000000002,2.4791000000000003,-10.442400000000001,5.788920846970825,12.949468599422918,13.079999923706055,10.550000190734863,16.279998779296875,15.019999504089355,10.621080535648614,8.566697425878468,13.219509110377807,12.196378081715984,11.150916288405218,0.13889004766557375,-490.3999938964844,0.0,0.0,172.0,1.0,1.0,0.0,,,,,
arenacam6_1769712548582635567.png,1769712548582635567,1769712548.5826354,42.30247741722593,-83.69678110849725,243.49974060058594,0.9499311752864915,-0.31171199958227575,-0.020461682123424092,-0.006907322196334841,-0.047470000000000005,-0.021240000000000002,0.27685000000000004,-2.3356,2.8894,-9.5516,5.736025007364083,12.831143779973013,12.9399995803833,10.460000038146973,16.190000534057617,14.90999984741211,10.507398966067372,8.493616472175693,13.14642970545971,12.107057346297227,11.0636256225,0.13775219012289258,-490.3999938964844,0.0,0.0,172.0,1.0,1.0,0.0,,,,,
arenacam6_1769712548603959378.png,1769712548603959378,1769712548.6039593,42.30247741722593,-83.69678110849725,243.49974060058594,0.9495027002585021,-0.31301203676921596,-0.02055322812970555,-0.006756615487708,-0.028410000000000005,-0.007970000000000001,0.27436000000000005,-1.6271,2.5847,-9.245000000000001,5.723293007286543,12.80266305971956,12.819999694824219,10.529999732971191,16.279998779296875,14.809999465942383,10.409957952594452,8.550456869770146,13.219509110377807,12.025856114540291,11.051445011820674,0.13678545156817135,-490.3999938964844,0.0,0.0,172.0,1.0,1.0,0.0,,,,,
arenacam6_1769712548665253956.png,1769712548665253956,1769712548.6652539,42.3024762624847,-83.696778825427,243.49725341796875,0.9465736272087535,-0.32172275569448183,-0.02098488315295255,-0.007243715915818776,0.05185000000000001,-0.004920000000000001,0.25653000000000004,-1.6268,2.9986,-9.651900000000001,5.620341144918418,12.572365920713807,12.529999732971191,10.4399995803833,15.869999885559082,14.6899995803833,10.174475309770145,8.477375916067372,12.88658622847292,11.928415101067372,10.866713138844453,0.13566681025877378,-490.3999938964844,0.0,0.0,176.0,1.0,1.0,0.0,,,,,
arenacam6_1769712548707162509.png,1769712548707162509,1769712548.7071626,42.30247450638751,-83.69677551074753,243.4925537109375,0.9453565500180524,-0.3252650993678284,-0.020923884351954674,-0.008111691243405404,0.05657000000000001,-0.015330000000000002,0.24556000000000003,-2.4139,1.6760000000000002,-9.5111,5.5755319916218316,12.472130533338541,12.219999313354492,10.429999351501465,15.670000076293945,14.649999618530273,9.922752110837518,8.46925563801321,12.724184539351388,11.895934763243066,10.753031762861296,0.13783521314838876,-490.3999938964844,0.0,0.0,176.0,1.0,1.0,0.0,,,,,
arenacam6_1769712548727245071.png,1769712548727245071,1769712548.727245,42.30247391702808,-83.69677443770745,243.49102783203125,0.944554703113891,-0.32758663930018517,-0.020737223854644903,-0.008565869730616283,0.054990000000000004,0.0012700000000000003,0.24050000000000002,-1.7486000000000002,2.1272,-9.3725,5.541104396084206,12.395118067776606,12.179999351501465,10.319999694824219,15.59999942779541,14.420000076293945,9.890271773013211,8.379934902594453,12.667343367364598,11.709173014351387,10.661680764330912,0.13984838982309364,-490.3999938964844,0.0,0.0,172.0,1.0,1.0,0.0,,,,,
arenacam6_1769712548747836644.png,1769712548747836644,1769712548.7478366,42.30247272792948,-83.69677229988682,243.48753356933594,0.9430080408614614,-0.33199917086389136,-0.02063327174954329,-0.009308786882639067,0.034480000000000004,-0.00515,0.22783000000000003,-1.8390000000000002,1.5981,-10.09,5.481027016873944,12.260728575126002,12.039999961853027,10.219999313354492,15.479999542236328,14.309999465942383,9.776590977824307,8.298733670837517,12.56990235389168,11.619851504540291,10.56626962677345,0.13820214173815026,-490.3999938964844,0.0,0.0,168.0,1.0,1.0,0.0,,,,,
arenacam6_1769712548955255959.png,1769712548955255959,1769712548.955256,42.30246614604632,-83.6967613023612,243.48422241210938,0.9359652049442573,-0.3511909052902873,-0.022614443355530083,-0.011075654687768935,0.02391,-0.039310000000000005,0.21383000000000005,-2.4082,1.1356000000000002,-9.9815,5.192965083834009,11.616351314631649,11.059999465942383,9.800000190734863,14.479999542236328,13.359999656677246,8.980821539540292,7.957690510878468,11.757893133891677,10.848442900418759,9.886212021182299,0.1489399938576334,-490.3999938964844,0.0,0.0,180.0,1.0,1.0,0.0,,,,,
arenacam6_1769712549099821259.png,1769712549099821259,1769712549.0998213,42.30246263097514,-83.69675574069699,243.48492431640625,0.9299468465522276,-0.3667117746331737,-0.024093740368212657,-0.011867122988546778,-0.014120000000000002,-0.008560000000000002,0.23260000000000003,-2.3189,0.5419,-9.2279,4.929961065926636,11.02802710681393,10.639999389648438,9.529999732971191,13.779999732971191,12.479999542236328,8.639777605188904,7.738447649770146,11.189486834770145,10.133874693891677,9.425396695905217,0.14532340149204834,-490.3999938964844,17.625,0.0,164.0,1.0,1.0,0.0,,,,,
arenacam6_1769712549120504012.png,1769712549120504012,1769712549.1205041,42.30246205158365,-83.69675483617222,243.48373413085938,0.9290745594905447,-0.3689148264756803,-0.024210067735277223,-0.011669890064698098,-0.017240000000000002,-0.00135,0.23883000000000001,-2.2638000000000003,0.2746,-8.9765,4.8925840770141145,10.944417025235953,10.539999961853027,9.449999809265137,13.65999984741211,12.380000114440918,8.558577147824307,7.673486974121532,11.092045821297226,10.05267423652708,9.344196044942537,0.14621345080359974,-490.3999938964844,19.42500114440918,0.0,156.0,1.0,1.0,0.0,,,,,
arenacam6_1769712549203319840.png,1769712549203319840,1769712549.2033198,42.30245979119175,-83.69675132645561,243.47821044921875,0.9253035998247479,-0.37829858096347335,-0.02437419521532013,-0.01045611782597866,-0.019300000000000005,0.013380000000000003,0.26199000000000006,-2.126,0.7492000000000001,-9.4247,4.7441556436660886,10.61239152554242,10.779999732971191,9.139999389648438,13.34999942779541,11.989999771118164,8.753459174770146,7.421763775188904,10.840322622364598,9.73599036194584,9.187883983567371,0.13423058681414796,-490.3999938964844,23.825000762939453,0.0,148.0,1.0,1.0,0.0,,,,,
arenacam6_1769712549223906963.png,1769712549223906963,1769712549.223907,42.30245923446893,-83.69675046628025,243.4766082763672,0.9242914938387159,-0.38077294479069396,-0.024387077305907636,-0.010122716695322583,-0.026430000000000002,0.012580000000000001,0.26813000000000003,-2.3443,0.47090000000000004,-9.4848,4.707149762905491,10.52961159063381,11.15999984741211,9.569999694824219,13.239999771118164,11.929999351501465,9.062022771297226,7.770927987594452,10.751001886945838,9.687269468013211,9.317805528462682,0.11508554249513259,-490.3999938964844,24.475000381469727,0.0,144.0,1.0,1.0,0.0,,,,,
arenacam6_1769712549244431486.png,1769712549244431486,1769712549.2444313,42.30245923446893,-83.69675046628025,243.4766082763672,0.9227501477011858,-0.38450782103428743,-0.024379579798396507,-0.009567474575762139,-0.021580000000000005,0.01584,0.26975000000000005,-2.2587,1.1997,-9.7484,4.64804081430759,10.397388419157222,11.34000015258789,9.889999389648438,13.15999984741211,11.920000076293945,9.208184678702773,8.030770690188904,10.686041211297226,9.679149964351387,9.401036636135073,0.09582711954728629,-490.3999938964844,24.950000762939453,0.0,140.0,1.0,1.0,0.0,,,,,
arenacam6_1769712549699542246.png,1769712549699542246,1769712549.6995423,42.3024454478509,-83.69673176694947,243.42604064941406,0.8962818307247903,-0.4427661180548215,-0.02432577609610009,-0.006730619035765593,0.02375,-0.0061,0.27456,-1.4253,1.6267,-9.4658,4.109642339961035,9.19302333595244,10.84000015258789,9.639999389648438,12.149999618530273,11.179999351501465,8.802180068702775,7.827768385188905,9.865911713243065,9.07826255301321,8.893530680036989,0.03257825472325116,-488.70001220703125,36.82500076293945,0.0,136.0,0.0,1.0,0.0,,,,,
arenacam6_1769712549782811600.png,1769712549782811600,1769712549.7828116,42.302444336199976,-83.69673049375682,243.42257690429688,0.8913259523740522,-0.4526669757813234,-0.0238950475886675,-0.007725436053378161,0.039240000000000004,-0.00136,0.27731000000000006,-1.7617,1.6684,-9.356300000000001,4.025209567030868,9.00415228887403,10.800000190734863,9.319999694824219,11.90999984741211,11.019999504089355,8.769699730878468,7.567925682594453,9.671029686297226,8.948341201715984,8.739249075371532,0.029420116964239393,-488.1000061035156,42.150001525878906,0.0,124.0,0.0,1.0,0.0,,,,,
arenacam6_1769712549824305888.png,1769712549824305888,1769712549.824306,42.30244266795178,-83.69672862985693,243.41629028320312,0.889449074929104,-0.4563538151932224,-0.023556310461431435,-0.008163253260558261,0.04129,0.0041600000000000005,0.27569000000000005,-1.3804,0.9422,-9.1976,3.9933835415438326,8.932959379421062,10.710000038146973,9.319999694824219,11.800000190734863,10.75,8.696618777175694,7.567925682594453,9.581708950878468,8.729099115,8.643838131412153,0.032365673650656054,-488.0,43.650001525878906,0.0,128.0,0.0,1.0,0.0,,,,,
arenacam6_1769712550072546678.png,1769712550072546678,1769712550.0725465,42.30243544078497,-83.69672135386153,243.38449096679688,0.8739105519075782,-0.4855314163563065,-0.021942917161814218,-0.007622295065182074,-0.020030000000000003,0.0028500000000000005,0.25868,-1.1294,1.1764000000000001,-10.334200000000001,3.740296448451449,8.366818737398985,10.369999885559082,8.639999389648438,11.0,9.829999923706055,8.42053551847292,7.015759165188904,8.93210142,7.982050570648613,8.087611668577608,0.03337075626765334,-487.8000183105469,43.85000228881836,0.0,132.0,0.0,1.0,0.0,,,,,
arenacam6_1769712550134284989.png,1769712550134284989,1769712550.134285,42.302434330288584,-83.6967203549704,243.38198852539062,0.8700829874478986,-0.4923479051034309,-0.022204361468393163,-0.007490101854046946,0.015260000000000003,-0.01467,0.2619,-1.2631000000000001,1.2603,-10.0676,3.6855648560739875,8.244387449146146,10.210000038146973,8.84000015258789,10.920000076293945,9.779999732971191,8.290614167175693,7.1781616287027745,8.867140744351389,7.941449954770146,8.06934162375,0.021232120212190446,-487.70001220703125,44.20000076293945,0.0,132.0,0.0,1.0,0.0,,,,,
arenacam6_1769712550155169689.png,1769712550155169689,1769712550.1551697,42.30243266951192,-83.69671889984272,243.37899780273438,0.8687744933057804,-0.4946464572877688,-0.022283084340795047,-0.007695857730301578,0.020440000000000003,-0.020000000000000004,0.26557000000000003,-1.6581000000000001,1.1699000000000002,-9.8193,3.6641984337427864,8.196592044376589,10.139999389648438,8.84000015258789,10.829999923706055,9.679999351501465,8.233772995188904,7.1781616287027745,8.794059790648614,7.8602487230132105,8.016560784388375,0.021964160106239177,-487.70001220703125,44.650001525878906,0.0,132.0,0.0,1.0,0.0,,,,,
arenacam6_1769712550196705057.png,1769712550196705057,1769712550.196705,42.302432119812345,-83.69671842361134,243.3783416748047,0.8654194032065868,-0.5004799546903058,-0.022368930449905136,-0.00828869454569625,0.027480000000000004,-0.015500000000000002,0.27174000000000004,-1.4019000000000001,0.8802000000000001,-9.6196,3.613902051684898,8.084082055496017,10.219999313354492,8.90999984741211,10.75,9.609999656677246,8.298733670837517,7.235002026297226,8.729099115,7.803408325418759,8.016560784388377,0.008352373299048308,-487.70001220703125,47.275001525878906,0.0,140.0,0.0,1.0,0.0,,,,,
arenacam6_1769712550217510311.png,1769712550217510311,1769712550.2175105,42.3024315717115,-83.69671796086229,243.37704467773438,0.8640375628845104,-0.5028571850563848,-0.02238713644652072,-0.008518068060853569,0.02299,-0.012660000000000001,0.27754,-1.739,0.6323000000000001,-9.2066,3.589480568818938,8.029452663613837,10.309999465942383,8.869999885559082,10.710000038146973,9.519999504089355,8.371814624540292,7.2025216884729195,8.696618777175694,7.730327371715985,8.000320615476223,0.0036281486868498546,-487.70001220703125,48.900001525878906,0.0,136.0,0.0,1.0,0.0,,,,,
arenacam6_1769712550258224007.png,1769712550258224007,1769712550.258224,42.30242994056959,-83.69671658726955,243.37254333496094,0.8604512260577137,-0.5089687015368775,-0.02232986168339386,-0.008713535955205912,0.006710000000000001,0.0024400000000000003,0.28841,-1.5431000000000001,0.5105000000000001,-9.2135,3.534575010375985,7.9066322237104565,10.309999465942383,8.949999809265137,10.670000076293945,9.399999618530273,8.371814624540292,7.267482364121533,8.664138439351387,7.632886358243065,7.98408044656407,0.009795349102157692,-487.6000061035156,52.45000076293945,0.0,132.0,0.0,1.0,0.0,,,,,
arenacam6_1769712550299844990.png,1769712550299844990,1769712550.299845,42.30242939999669,-83.69671613780405,243.3705596923828,0.8582051105508081,-0.5127517313738479,-0.022291426892130987,-0.008528920489107344,-0.004760000000000001,0.007750000000000001,0.29678000000000004,-1.3453000000000002,0.7482000000000001,-9.227500000000001,3.505975689854112,7.842657259662258,10.119999885559082,8.9399995803833,10.529999732971191,9.289999961853027,8.21753321347292,7.259362086067371,8.550456869770146,7.543565622824306,7.892729448033687,0.006384594750680861,-487.3999938964844,55.10000228881836,0.0,132.0,0.0,1.0,0.0,,,,,
arenacam6_1769712550382589360.png,1769712550382589360,1769712550.3825893,42.3024272620748,-83.69671438037842,243.36196899414062,0.8518826028921287,-0.5232021188294161,-0.022265333847870876,-0.007734898240054536,-0.01152,0.00534,0.31442000000000003,-1.2689000000000001,0.786,-9.8711,3.4382107294615025,7.691071109161614,10.029999732971191,8.90999984741211,10.369999885559082,9.149999618530273,8.144452259770146,7.235002026297226,8.42053551847292,7.4298840532430654,7.807468464445839,0.015134089079682615,-486.3999938964844,56.125,0.0,116.0,0.0,1.0,0.0,,,,,
arenacam6_1769712550423882801.png,1769712550423882801,1769712550.4238827,42.30242672894141,-83.69671395788647,243.35899353027344,0.8477093421249875,-0.5299403919723188,-0.022295982626060123,-0.00741224587991099,-0.0038200000000000005,0.0009800000000000002,0.32083,-1.2192,0.9641000000000001,-10.0379,3.399656470347527,7.604827544779197,10.039999961853027,8.899999618530273,10.289999961853027,9.029999732971191,8.152572537824307,7.226881748243065,8.355574842824307,7.332443039770145,7.766868042165456,0.02130758343067244,-485.5,53.42499923706055,0.0,112.0,0.0,1.0,0.0,,,,,
arenacam6_1769712550445053233.png,1769712550445053233,1769712550.445053,42.30242513453804,-83.69671271164621,243.35133361816406,0.8459929277547058,-0.5326764208746259,-0.02230942709899001,-0.007354338565402931,0.0033400000000000005,0.00117,0.32385,-1.0812000000000002,1.2519,-9.9032,3.38329221767121,7.568221693397437,9.960000038146973,8.899999618530273,10.239999771118164,9.010000228881836,8.087611862175693,7.226881748243065,8.31497422694584,7.316203258054162,7.73641777385469,0.022223989633388862,-484.1000061035156,49.275001525878906,0.0,116.0,0.0,1.0,0.0,,,,,
arenacam6_1769712550568892744.png,1769712550568892744,1769712550.5688927,42.302422492054674,-83.69671075018715,243.34056091308594,0.8362141369040366,-0.5478961126573673,-0.02225830550569935,-0.007767548699380667,0.019240000000000004,-0.0038900000000000002,0.33353000000000005,-1.0042,1.4067,-9.911200000000001,3.29571796600294,7.372323346870617,9.989999771118164,8.760000228881836,9.969999313354492,8.809999465942383,8.11197192194584,7.113200953054162,8.095731365837517,7.153800794540291,7.618676258844453,0.03341591251262834,-471.1000061035156,7.724999904632568,0.0,116.0,0.0,1.0,0.0,,,,,
arenacam6_1769712550776407338.png,1769712550776407338,1769712550.7764072,42.30241726202686,-83.69670728421188,243.31829833984375,0.8158590363087577,-0.5777940119051737,-0.020934306891083602,-0.00947984571917074,0.029400000000000006,0.00544,0.35666000000000003,-1.0159,0.8942,-9.647300000000001,3.1450088281832866,7.035196048116322,9.9399995803833,8.720000267028809,9.569999694824219,8.09999942779541,8.071371306067372,7.080720615229854,7.770927987594452,6.5772742173645975,7.375073531564069,0.048311018075857255,-437.1000061035156,0.0,0.0,108.0,0.0,1.0,0.0,,,,,
arenacam6_1769712550838232594.png,1769712550838232594,1769712550.8382325,42.30241518406484,-83.69670605151798,243.3080291748047,0.8085077881688508,-0.5880485288270216,-0.02042233036420102,-0.009849499336684234,0.018280000000000005,6e-05,0.36427000000000004,-0.9044000000000001,1.5283,-9.783900000000001,3.113215930816559,6.964077244280793,9.920000076293945,8.720000267028809,9.199999809265137,7.589999675750732,8.055131524351388,7.080720615229854,7.470484669121532,6.163149716506606,7.192371631302345,0.032781713788289334,-430.20001220703125,0.0,0.0,108.0,0.0,1.0,0.0,,,,,
arenacam6_1769712550961868466.png,1769712550961868466,1769712550.9618685,42.302412076470866,-83.69670437509035,243.29627990722656,0.7953198126819833,-0.6057397888690765,-0.021339718285199087,-0.009503691906307154,-0.014880000000000003,-0.01597,0.3731300000000001,-1.3061,1.1380000000000001,-10.142000000000001,3.015794674743333,6.746151739720352,9.130000114440918,7.480000019073486,8.90999984741211,7.109999656677246,7.413644271527081,6.073828981087847,7.235002026297226,5.773385275418759,6.623965138582729,0.018112044592505337,-417.1000061035156,14.27500057220459,0.0,100.0,0.0,1.0,0.0,,,,,
arenacam6_1769712551065206277.png,1769712551065206277,1769712551.0652063,42.30240954469017,-83.69670316116775,243.2908935546875,0.7835333570360307,-0.6208848819858532,-0.022045220810299665,-0.009562947907747763,0.028470000000000002,-0.007740000000000001,0.38749000000000006,-1.2638,1.4479,-9.545300000000001,2.900542821187893,6.488340258428046,8.739999771118164,6.989999771118164,8.460000038146973,6.539999961853027,7.096960396945839,5.675944261945839,6.869598032175693,5.310540267824307,6.23826073972292,0.03854291062807394,-407.20001220703125,47.29999923706055,0.0,72.0,0.0,1.0,0.0,,,,,
arenacam6_1769712551129266069.png,1769712551129266069,1769712551.1292663,42.30240756709782,-83.6967023072995,243.28536987304688,0.774923158232573,-0.6316076926801233,-0.021396720505523062,-0.010392388260365098,0.0425,-0.0009800000000000002,0.39322000000000007,-1.5778,0.8144,-9.539200000000001,2.812031272290221,6.290345234236888,8.539999961853027,6.779999732971191,8.510000228881836,6.839999675750732,6.934558707824307,5.505422294770145,6.910198648054161,5.554142801506606,6.226080613038805,0.010216390166998377,-404.8000183105469,54.275001525878906,0.0,32.0,0.0,1.0,0.0,,,,,
arenacam6_1769712551168881845.png,1769712551168881845,1769712551.168882,42.30240660047721,-83.69670191676693,243.28256225585938,0.7686440488065142,-0.6392410106846251,-0.02099395829983836,-0.01079398944471126,0.027780000000000006,-0.0037500000000000003,0.39653000000000005,-1.5530000000000002,1.0105,-9.6098,2.749986699908155,6.151555248492548,8.579999923706055,6.909999847412109,8.760000228881836,7.21999979019165,6.9670390456486135,5.610983586297227,7.113200953054162,5.862706398033686,6.3884824957584225,0.0385150157472671,-404.6000061035156,59.0,0.0,0.0,0.0,0.0,0.0,,,,,
arenacam6_1769712551251630288.png,1769712551251630288,1769712551.2516303,42.30240469330189,-83.69670118950417,243.2760009765625,0.7584387041004681,-0.6513255986299266,-0.020870714173245097,-0.010493330342129775,-0.006790000000000001,0.011670000000000002,0.395,-0.8270000000000001,1.0767,-9.481200000000001,2.679016124084219,5.992798328608954,9.389999389648438,8.279999732971191,9.869999885559082,10.800000190734863,7.624766080188904,6.723436124770146,8.014530908472919,8.769699730878468,7.783108211077609,0.29874355589807094,-405.8000183105469,63.0,0.0,0.0,0.0,0.0,0.0,,,,,
arenacam6_1769712551272801594.png,1769712551272801594,1769712551.2728016,42.30240469330189,-83.69670118950417,243.2760009765625,0.7571539743323566,-0.6528196440334446,-0.02088604428562369,-0.010399262996128552,-0.007450000000000001,0.007730000000000001,0.39435000000000003,-0.8097000000000001,1.1211,-9.4494,2.6740863252255247,5.981770664349986,9.819999694824219,9.469999313354492,11.059999465942383,12.309999465942383,7.973930292594452,7.689726755837517,8.980821539540292,9.99583306454029,8.660077913128138,0.44774489011092716,-406.20001220703125,63.150001525878906,0.0,0.0,0.0,0.0,0.0,,,,,
arenacam6_1769712551500132916.png,1769712551500132916,1769712551.5001328,42.30239893711398,-83.69669932919376,243.24517822265625,0.724197798184203,-0.6893043610347804,-0.016331705542106664,-0.011415881817513919,0.03375,-0.005690000000000001,0.4644700000000001,0.4035,0.6739,-10.984,2.7768764317672865,6.211705965277514,24.5,24.920000076293945,16.209999084472656,16.440000534057617,19.89422589,20.235269824351388,13.162668712783356,13.34943201045971,16.660399109398615,1.6820971891663412,-407.1000061035156,65.45000457763672,0.0,0.0,0.0,0.0,0.0,,,,,
arenacam6_1769712551583010826.png,1769712551583010826,1769712551.583011,42.30239691964567,-83.69669870000274,243.24072265625,0.7108475539905632,-0.7030312464981715,-0.01773274723053833,-0.011330097462874512,-0.043190000000000006,-0.02288,0.49467000000000005,0.2124,0.046400000000000004,-10.3299,2.832765282763461,6.3367259716248965,21.43000030517578,22.779998779296875,12.029999732971191,13.039999961853027,17.401357832405548,18.497569040377808,9.768470699770145,10.588600197824306,14.06399944259445,1.2194425805331277,-406.70001220703125,65.4749984741211,0.0,0.0,0.0,0.0,0.0,,,,,
arenacam6_1769712551623910251.png,1769712551623910251,1769712551.6239102,42.3023958858178,-83.69669838879,243.24005126953125,0.7038045666052187,-0.7100624585678259,-0.01876393506423181,-0.010878956712856198,-0.03141,-0.021880000000000004,0.50387,0.7791,0.6937,-10.2626,2.862166281408305,6.402494241533494,19.029998779296875,20.529998779296875,11.619999885559082,11.920000076293945,15.45253446537781,16.670548295377806,9.435547043472921,9.679149964351387,12.809444942144982,1.0006960504625033,-406.5,65.2249984741211,0.0,0.0,0.0,0.0,0.0,,,,,
arenacam6_1769712551644623807.png,1769712551644623807,1769712551.6446238,42.30239483977907,-83.69669808801285,243.23956298828125,0.6983481977125486,-0.715415318210409,-0.01939217709687157,-0.010707973149850563,-0.024310000000000002,-0.01755,0.51598,0.5242,1.0825,-9.9342,2.8810343522356527,6.444700983890021,18.35999870300293,19.969999313354492,11.319999694824219,11.039999961853027,14.90848822602642,16.215823565837518,9.191944122594451,8.964581757824307,12.320209418070673,0.9116805339561612,-406.3000183105469,65.2750015258789,0.0,0.0,0.0,0.0,0.0,,,,,
arenacam6_1769712551872331409.png,1769712551872331409,1769712551.8723316,42.30238885255077,-83.69669674673398,243.23255920410156,0.6552807792250976,-0.755021395838729,-0.020232147346856296,-0.011851262279662616,0.030050000000000004,0.00661,0.5413600000000001,0.4848,0.8388,-9.5083,3.000584767474386,6.712128089754154,18.649999618530273,19.15999984741211,12.649999618530273,12.799999237060547,15.143971643243065,15.558096531297227,10.271916323243065,10.39371739648613,12.841925473567374,0.9132420153259823,-401.8999938964844,64.4000015258789,0.0,12.0,0.0,1.0,0.0,,,,,
arenacam6_1769712551892874789.png,1769712551892874789,1769712551.8928747,42.30238829132282,-83.69669665787072,243.2308349609375,0.6491112621723936,-0.7603398965303648,-0.019939142148255387,-0.01184236781847165,0.03178,0.00817,0.5450800000000001,0.5823,1.3665,-9.619900000000001,3.0182312120510537,6.7516021274854845,18.229999542236328,18.53999900817871,12.6899995803833,12.899999618530273,14.802927708891678,15.05465013343197,10.304396661067372,10.474918628243065,12.659223282908522,0.8749954520236558,-401.3000183105469,64.5999984741211,0.0,12.0,0.0,1.0,0.0,,,,,
arenacam6_1769712551913807605.png,1769712551913807605,1769712551.9138076,42.30238772949279,-83.69669656917682,243.2292022705078,0.6449524613888004,-0.7638768206422275,-0.019686042610692803,-0.011873717209868902,0.03275,0.01024,0.54429,0.6334000000000001,0.8027000000000001,-9.8317,3.0301364714306467,6.778233478402071,18.279998779296875,18.219999313354492,12.889999389648438,12.779999732971191,14.843527550377807,14.794807430837517,10.466798350188904,10.377477614770147,12.620652736543594,0.8619383319795055,-400.70001220703125,64.57500457763672,0.0,48.0,0.0,1.0,0.0,,,,,
arenacam6_1769712551955260039.png,1769712551955260039,1769712551.9552603,42.30238602073993,-83.6966963409421,243.22398376464844,0.6386360563777123,-0.7691734695388431,-0.01936641167782163,-0.011878693136339736,0.029760000000000005,0.008000000000000002,0.5488600000000001,0.68,1.1244,-10.0585,3.0485507519823236,6.819425119139339,18.619998931884766,18.239999771118164,12.630000114440918,12.609999656677246,15.119610809080582,14.811047986945841,10.255676541527082,10.23943598541876,12.606442830743065,0.8486078533749029,-398.6000061035156,63.97500228881836,0.0,132.0,0.0,1.0,0.0,,,,,
arenacam6_1769712551975803389.png,1769712551975803389,1769712551.9758034,42.30238602073993,-83.6966963409421,243.22398376464844,0.6322348022822472,-0.7744505681715068,-0.019025296845850297,-0.011979579370135999,0.03289,-0.0011300000000000001,0.5549200000000001,1.1041,0.8513000000000001,-10.4136,3.07400259022533,6.876359354178651,18.34000015258789,18.369998931884766,12.550000190734863,12.710000038146973,14.892249218702775,14.916608504080582,10.190715865878467,10.320637217175694,12.58005270145938,0.829464118075023,-397.70001220703125,64.0250015258789,0.0,164.0,0.0,1.0,0.0,,,,,
arenacam6_1769712552038378903.png,1769712552038378903,1769712552.038379,42.302384862612975,-83.69669621651362,243.22116088867188,0.6213991312543218,-0.7831737988300624,-0.0188603613204987,-0.01209161996273068,0.013380000000000003,-0.007450000000000001,0.55749,1.3088,0.8460000000000001,-10.5385,3.109366471590449,6.955466234959539,18.010000228881836,18.329999923706055,12.329999923706055,12.6899995803833,14.624286238054161,14.884128940648614,10.012073620648613,10.304396661067372,12.45622136510469,0.790853545158091,-394.8000183105469,63.82500076293945,0.0,440.0,0.0,1.0,0.0,,,,,
arenacam6_1769712552058601261.png,1769712552058601261,1769712552.0586011,42.302383097131845,-83.69669606774217,243.21849060058594,0.6125682784451038,-0.7900924548751698,-0.019131981203753284,-0.012164879257464465,-7.000000000000002e-05,-0.00905,0.5607500000000001,0.6274000000000001,1.24,-10.0035,3.130971214862492,7.003794749374503,17.799999237060547,18.06999969482422,12.029999732971191,12.75,14.45376349648613,14.673006357594453,9.768470699770145,10.353117554999999,12.312089527212681,0.7579169532791138,-393.6000061035156,63.900001525878906,0.0,496.0,0.0,1.0,0.0,,,,,
arenacam6_1769712552079282756.png,1769712552079282756,1769712552.0792828,42.302383097131845,-83.69669606774217,243.21849060058594,0.6103493358194237,-0.7918060485235423,-0.019205347667992523,-0.012166528152003607,0.0005200000000000001,-0.013630000000000001,0.5607300000000002,1.1684,1.2529000000000001,-9.9504,3.1412259902110864,7.026734066542788,17.6299991607666,17.84000015258789,12.019999504089355,12.989999771118164,14.315721867134743,14.486244608702776,9.760350421715986,10.54799958194584,12.277579119874835,0.7472667961540639,-392.3999938964844,64.05000305175781,0.0,484.0,0.0,1.0,0.0,,,,,
arenacam6_1769712552162022467.png,1769712552162022467,1769712552.1620224,42.30238009665465,-83.69669595222915,243.21517944335938,0.5901547796157489,-0.806940748581017,-0.020329856385884693,-0.012274417115438264,-0.004300000000000001,-0.023870000000000006,0.5591700000000001,0.4031,1.7965,-9.8802,3.187523081070185,7.13029788096914,17.279998779296875,17.15999984741211,12.019999504089355,13.309999465942383,14.031518330377809,13.934078091297227,9.760350421715986,10.80784228454029,12.133447281982829,0.7016746683707508,-387.6000061035156,63.775001525878906,0.0,572.0,0.0,1.0,0.0,,,,,
arenacam6_1769712552286306203.png,1769712552286306203,1769712552.2863064,42.30237704393742,-83.69669604126773,243.20994567871094,0.5652046246208929,-0.8245907450269354,-0.020958607660122384,-0.012432710405552841,0.011470000000000001,-0.010820000000000001,0.55305,0.47100000000000003,1.4921,-9.424900000000001,3.236696375087035,7.240295589287193,16.959999084472656,16.60999870300293,12.179999351501465,14.139999389648438,13.771675627783356,13.487472091026422,9.890271773013211,11.481809875188905,12.157807341752974,0.6791866011301771,-374.20001220703125,64.0250015258789,0.0,636.0,0.0,1.0,0.0,,,,,
arenacam6_1769712552327429843.png,1769712552327429843,1769712552.3274298,42.30237581227816,-83.69669613969768,243.20689392089844,0.5537454948127344,-0.8323314147742158,-0.020825201324740153,-0.012516147343982216,0.020040000000000002,0.00096,0.5521900000000001,0.627,1.3914,-9.5235,3.2564938335118145,7.2845813159359185,16.739999771118164,16.469999313354492,12.199999809265137,14.289999961853027,13.593034156945839,13.373791295837517,9.906512329121533,11.603611722824308,12.119237376182298,0.663683450093415,-369.20001220703125,63.85000228881836,0.0,632.0,0.0,1.0,0.0,,,,,
arenacam6_1769712552410151104.png,1769712552410151104,1769712552.4101512,42.302373338323754,-83.69669642322054,243.19992065429688,0.5353287913642155,-0.8443035557635266,-0.020706054727472174,-0.012076843926148079,-0.00859,0.0059900000000000005,0.5457500000000001,0.5885,1.5127000000000002,-9.7211,3.285252378586237,7.348912455754697,16.049999237060547,16.729999542236328,12.029999732971191,15.109999656677246,13.03274736148613,13.58491387889168,9.768470699770145,12.269459035418759,12.163897743891678,0.6551969855575732,-360.20001220703125,63.875,0.0,656.0,0.0,1.0,0.0,,,,,
