image_filename,timestamp_ns,timestamp_sec,latitude,longitude,altitude,orientation_x,orientation_y,orientation_z,orientation_w,angular_velocity_x,angular_velocity_y,angular_velocity_z,linear_acceleration_x,linear_acceleration_y,linear_acceleration_z,vehicle_speed_mps,vehicle_speed_mph,wheel_speed_fl_rads,wheel_speed_fr_rads,wheel_speed_rl_rads,wheel_speed_rr_rads,wheel_speed_fl_mph,wheel_speed_fr_mph,wheel_speed_rl_mph,wheel_speed_rr_mph,avg_wheel_speed_mph,wheel_slip,steering_angle_deg,throttle_pedal,brake_pedal,brake_torque_actual,abs_active,esc_active,trac_active,marwis_road_condition,marwis_friction,marwis_surface_temp_c,marwis_ice_percent,marwis_water_film_height
frame_00000.png,1771858887830911227,1771858887.8309112,42.30087210895295,-83.69726901401162,238.5730438232422,0.011495022506419594,-0.9997751930013332,-0.01272783855175409,-0.01246715855856241,0.00136,0.021550000000000003,-0.00036,1.7034,0.20670000000000002,-9.717500000000001,0.1956065863249676,0.4375601972137731,0.0,0.0,0.0,0.0,0.0,0.0,0.0,0.0,0.0,0.0,-4.400000095367432,24.92500114440918,0.0,0.0,0.0,0.0,0.0,,,,,
frame_00001.png,1771858887860067455,1771858887.8600674,42.30087210895295,-83.69726901401162,238.5730438232422,0.011489480155385534,-0.99977681224295,-0.012729863168810593,-0.012339697353967097,-0.0008100000000000001,0.025380000000000003,0.0013900000000000002,1.6264,0.2167,-9.7844,0.2142170249236806,0.47919063173277815,0.0,0.0,0.0,0.0,0.0,0.0,0.0,0.0,0.0,0.0,-4.300000190734863,25.0,0.0,0.0,0.0,0.0,0.0,,,,,
frame_00002.png,1771858887907063041,1771858887.907063,42.300872101364696,-83.69726919740218,238.57119750976562,0.01149082841432647,-0.999786182493493,-0.012713905798099645,-0.011571808708977437,0.0008300000000000001,0.031100000000000003,0.0008900000000000001,2.3088,0.20020000000000002,-9.9295,0.3277375782334146,0.7331292982534545,1.090000033378601,1.0099999904632568,0.85999995470047,1.0799999237060547,0.8850900769037318,0.8201293044560766,0.698327892416364,0.876969895648613,0.8201292923561962,0.0,-4.300000190734863,25.575000762939453,0.0,0.0,0.0,0.0,0.0,,,,,
frame_00003.png,1771858887957602789,1771858887.9576027,42.300872091307745,-83.69726948452885,238.5699920654297,0.011500230604359285,-0.9997944254879501,-0.012685136247835566,-0.010859962138057929,0.0010800000000000002,0.01958,-0.00016,2.2495000000000003,0.267,-10.298200000000001,0.47318743780611455,1.05849190712601,1.4399999380111694,1.3700000047683716,1.3399999141693115,1.4800000190734863,1.1692932264644982,1.1124526352719617,1.0880922851046897,1.201773661087847,1.1429029519822491,0.07974651888027173,-4.300000190734863,26.100000381469727,0.0,0.0,0.0,0.0,0.0,,,,,
frame_00004.png,1771858888007600314,1771858888.0076003,42.30087208381488,-83.69726973581241,238.5702362060547,0.011506816377292006,-0.999797472002471,-0.012640573746342355,-0.010621866582227189,0.0019000000000000002,0.005870000000000001,-0.0011200000000000003,2.2701000000000002,0.186,-10.2062,0.5747575914614703,1.2856982466438216,2.0199999809265137,1.9399999380111694,1.9799998998641968,1.7899999618530273,1.6402586089121531,1.5752978364644983,1.6077781742888044,1.4534964728243065,1.5692077731224405,0.22051016031070306,-4.300000190734863,26.55000114440918,0.0,0.0,0.0,0.0,0.0,,,,,
frame_00005.png,1771858888058326053,1771858888.058326,42.30087206696422,-83.69727020682474,238.5714111328125,0.011506552114868784,-0.9997985795859994,-0.012635972423050907,-0.010522913910608464,-0.0014600000000000004,0.004370000000000001,0.0029700000000000004,2.3618,-0.0099,-10.0234,0.7301725783147678,1.6333522473354367,2.2799999713897705,2.4099998474121094,2.4800000190734863,2.2899999618530273,1.8513809983682301,1.9569420962972262,2.013782881087847,1.8595010828243066,1.9204017646444025,0.17574256733490462,-4.300000190734863,26.55000114440918,0.0,0.0,0.0,0.0,0.0,,,,,
frame_00006.png,1771858888108565597,1771858888.1085656,42.30087204332538,-83.69727078955215,238.5730438232422,0.01143605607270215,-0.9997992866249454,-0.012666417055868578,-0.01049594991979442,-0.00046000000000000007,-0.0005300000000000001,0.005200000000000001,2.5644,0.10310000000000001,-9.8099,0.860484682218616,1.9248526050421109,2.679999828338623,2.8399999141693115,2.8899998664855957,2.759999990463257,2.1761845702093794,2.3061061151046895,2.3467065373850726,2.241145439456077,2.2675356655388046,0.1780308058908213,-4.300000190734863,26.55000114440918,0.0,0.0,0.0,0.0,0.0,,,,,
frame_00007.png,1771858888159947105,1771858888.159947,42.300872033986465,-83.69727100954975,238.5734405517578,0.011340856191898396,-0.999801681820067,-0.012589563291284791,-0.01046350355926458,0.006950000000000001,0.003,0.004920000000000001,2.4811,0.2018,-9.7657,0.9683703533045057,2.1661863781209814,3.2799999713897705,3.2699999809265137,3.240000009536743,3.319999933242798,2.66339021836823,2.6552701339121536,2.6309098805439235,2.6958705561925367,2.661360197254211,0.22859243513605648,-4.300000190734863,26.274999618530273,0.0,0.0,0.0,0.0,0.0,,,,,
frame_00008.png,1771858888209260975,1771858888.209261,42.300871996789205,-83.69727202998249,238.57516479492188,0.011130343490853567,-0.9998094405519556,-0.01240021305150954,-0.010170189439636245,0.0034000000000000002,0.012500000000000002,0.0041400000000000005,2.4221,0.5239,-9.7926,1.1610547056319203,2.5972097132162677,3.619999885559082,3.5799999237060547,3.7200000286102295,3.5999999046325684,2.9394732834729194,2.906992945648613,3.0206743216317706,2.9232331145607664,2.947593416328517,0.1349077440028321,-4.300000190734863,25.899999618530273,0.0,0.0,0.0,0.0,0.0,,,,,
frame_00009.png,1771858888269999378,1771858888.2699993,42.30087197905743,-83.69727261514342,238.57562255859375,0.011128382487360255,-0.9998121999080312,-0.012332673935163558,-0.009981441373227536,0.0007000000000000001,0.0005000000000000001,-0.0012200000000000002,2.5093,0.3497,-10.0252,1.31259084491675,2.936186964628075,4.170000076293945,4.159999847412109,4.130000114440918,4.190000057220459,3.386078509351387,3.3779582312972263,3.3535981715270804,3.4023186782635406,3.3799883976098086,0.15114890105029458,-4.300000190734863,25.700000762939453,0.0,0.0,0.0,0.0,0.0,,,,,
frame_00010.png,1771858888310745176,1771858888.310745,42.30087196395358,-83.69727326487077,238.5763397216797,0.011179740723166243,-0.9998143198146832,-0.01220400104127236,-0.009869227398837239,0.008860000000000002,0.00302,-0.004390000000000001,2.9303000000000003,0.057300000000000004,-9.4992,1.399743372033549,3.1311419386367274,4.440000057220459,4.360000133514404,4.519999980926514,4.440000057220459,3.6053209832635402,3.540360307614927,3.6702816589121534,3.6053209832635402,3.6053209832635402,0.151439651705239,-4.300000190734863,25.850000381469727,0.0,0.0,0.0,0.0,0.0,,,,,
frame_00011.png,1771858888361144840,1771858888.3611448,42.300871939693984,-83.69727433941988,238.57691955566406,0.01130743826334668,-0.9998167347687914,-0.011906039209010295,-0.00984301511459822,0.014860000000000002,-0.0027600000000000003,-0.0055000000000000005,2.8121,0.0021000000000000003,-9.9501,1.5654524511014454,3.5018232059668675,4.849999904632568,4.880000114440918,4.869999885559082,4.730000019073486,3.9382446395607666,3.962605086527081,3.9544848084729196,3.8408036260878466,3.924034540162154,0.12056900344822297,-4.300000190734863,25.850000381469727,0.0,0.0,0.0,0.0,0.0,,,,,
frame_00012.png,1771858888412240715,1771858888.4122407,42.30087190472564,-83.69727552960605,238.57720947265625,0.011307034897564794,-0.9998184415758307,-0.011753670997834241,-0.009853226110127683,-0.009440000000000002,0.00041000000000000005,0.005420000000000001,2.6081000000000003,-0.5712,-9.989,1.6987664579705168,3.800038640492568,5.25,5.099999904632568,5.289999961853027,5.159999847412109,4.263048405,4.141246944560766,4.295528742824307,4.1899674512972265,4.222447885920575,0.11115919741628032,-4.0,26.0,0.0,0.0,0.0,0.0,0.0,,,,,
frame_00013.png,1771858888462343022,1771858888.462343,42.3008718538166,-83.69727683769798,238.57772827148438,0.011120711055744747,-0.9998171450132465,-0.011963750333663528,-0.00994359095747474,-0.021660000000000002,-0.004320000000000001,0.008520000000000002,2.7023,-0.5108,-9.9634,1.860284059374212,4.1613438237765505,5.609999656677246,5.509999752044678,5.519999980926514,5.609999656677246,4.555371445418758,4.474170600857992,4.482290878912154,4.555371445418758,4.516801092651915,0.08541886561845674,-4.0,25.975000381469727,0.0,0.0,0.0,0.0,0.0,,,,,
frame_00014.png,1771858888512357170,1771858888.5123572,42.30087183393175,-83.69727729906685,238.5779571533203,0.010993319741790852,-0.9998140929781176,-0.012245535552898023,-0.010048545288812265,-0.010270000000000001,-0.007500000000000001,0.0023600000000000006,2.6223,-0.6806,-10.002600000000001,1.9619473835964785,4.388758580262307,5.849999904632568,5.900000095367432,5.949999809265137,5.949999809265137,4.750253859560766,4.790854475439234,4.8314547041215326,4.8314547041215326,4.801004435810767,0.09393222434299883,-3.9000000953674316,25.67500114440918,0.0,0.0,0.0,0.0,0.0,,,,,
frame_00015.png,1771858888563527835,1771858888.5635278,42.30087177142183,-83.69727875474364,238.57887268066406,0.010838108531492752,-0.9998103930483025,-0.01260929617981588,-0.010135038525227628,-0.006150000000000001,-0.00096,0.00256,2.5607,-0.1602,-9.850900000000001,2.0844420301506865,4.662771754925277,6.460000038146973,6.409999847412109,6.329999923706055,6.359999656677246,5.245579592175694,5.204978976297226,5.140018300648613,5.164378360418758,5.188738807385072,0.11280137225336351,-3.799999952316284,25.825000762939453,0.0,0.0,0.0,0.0,0.0,,,,,
frame_00016.png,1771858888613036524,1771858888.6130366,42.30087170982477,-83.69728031884104,238.57998657226562,0.010862159875859922,-0.9998026481078914,-0.013174639456706019,-0.010154171283980811,-0.014310000000000002,-0.00396,-0.006120000000000001,2.2946,-0.1124,-9.6181,2.227828000861435,4.983517568246979,6.579999923706055,6.569999694824219,6.759999752044678,6.659999847412109,5.343020605648613,5.334900327594452,5.489182125857993,5.407981281297226,5.393771085099571,0.08232207697361527,-3.700000047683716,25.274999618530273,0.0,0.0,0.0,0.0,0.0,,,,,
frame_00017.png,1771858888664723315,1771858888.6647232,42.30087167431734,-83.69728142260396,238.58030700683594,0.010900386051807043,-0.9998000794087702,-0.013400114542470226,-0.010070736238581176,-0.0036300000000000004,-0.00102,-0.006560000000000001,2.6642,0.11380000000000001,-10.925600000000001,2.3306820295436106,5.213595859167285,7.029999732971191,6.989999771118164,7.059999942779541,7.049999713897705,5.7084245997701455,5.675944261945839,5.73278504673646,5.724664768682299,5.710454669283686,0.09530059934406948,-3.299999952316284,24.950000762939453,0.0,0.0,0.0,0.0,0.0,,,,,
frame_00018.png,1771858888714220621,1771858888.7142205,42.30087161547029,-83.69728316898015,238.58160400390625,0.01086651374438169,-0.9997961111136892,-0.013537788246934447,-0.01031423144824726,0.0027,-0.0028500000000000005,-0.0041,2.4794,-0.17950000000000002,-9.0344,2.451600394119266,5.484082985621152,7.399999618530273,7.349999904632568,7.419999599456787,7.359999656677246,6.008867918243065,5.968267689560766,6.0251080871552185,5.976387580418758,5.994657818844452,0.09310122304166231,-2.799999952316284,24.774999618530273,0.0,0.0,0.0,0.0,0.0,,,,,
frame_00019.png,1771858888764947505,1771858888.7649474,42.30087155793877,-83.69728501809756,238.58212280273438,0.01074058338848699,-0.9997902745487424,-0.013773822977844971,-0.010692454666742256,-0.005640000000000001,-0.01913,0.00272,2.2276000000000002,0.10310000000000001,-9.2398,2.5962300082319416,5.80761075461436,7.699999809265137,7.669999599456787,7.669999599456787,7.669999599456787,6.252470839121533,6.2281103921552186,6.2281103921552186,6.2281103921552186,6.234200503896798,0.07345357106508843,-3.0,23.80000114440918,0.0,0.0,0.0,0.0,0.0,,,,,
frame_00020.png,1771858888815714792,1771858888.8157148,42.300871536301194,-83.69728565769316,238.58193969726562,0.010702241808838275,-0.9997900825245818,-0.01386525195614639,-0.010630507699423787,-0.013900000000000003,-0.00042000000000000007,0.00026000000000000003,2.2673,-0.10590000000000001,-9.536800000000001,2.6888316997560726,6.014755182452349,8.0,7.929999828338623,8.010000228881836,8.010000228881836,6.49607376,6.4392329752093795,6.504194038054162,6.504194038054162,6.485923702829426,0.07833544443366208,-4.300000190734863,23.825000762939453,0.0,0.0,0.0,0.0,0.0,,,,,
frame_00021.png,1771858888866189312,1771858888.8661892,42.30087147383729,-83.69728764318559,238.58009338378906,0.010721072135221,-0.9997864800624929,-0.014009261935098544,-0.010760737732860532,-0.014820000000000002,-0.015070000000000002,-0.005270000000000001,2.0660000000000003,-1.3316000000000001,-10.1386,2.806130204662751,6.277144900018295,8.309999465942383,8.420000076293945,8.220000267028809,8.34000015258789,6.747796184540291,6.837117694351387,6.674716005229855,6.772157018702774,6.757946725706077,0.07659562322456191,-5.200000286102295,23.625,0.0,0.0,0.0,0.0,0.0,,,,,
frame_00022.png,1771858888915973083,1771858888.9159732,42.30087140444613,-83.6972897266766,238.57821655273438,0.010638886250824597,-0.9997777039596845,-0.014501220500437026,-0.011003243541851152,-0.04419000000000001,0.011170000000000003,0.008530000000000001,2.0745,-0.6508,-9.4238,2.9228139038896876,6.538159334166998,8.609999656677246,8.489999771118164,8.539999961853027,8.639999389648438,6.9913991054187585,6.89395809194584,6.934558707824307,7.015759165188904,6.958918767594453,0.06435441718721308,-6.099999904632568,22.950000762939453,0.0,0.0,0.0,0.0,0.0,,,,,
frame_00023.png,1771858888967807850,1771858888.9678078,42.30087134801246,-83.69729116513322,238.57696533203125,0.010514995020057705,-0.9997633191761093,-0.015399654328873622,-0.011206746015158559,-0.06278000000000002,-0.01832,0.0069900000000000006,1.3808,-0.7708,-10.1902,3.0124813061144757,6.7387399328997155,8.670000076293945,8.84999942779541,8.90999984741211,8.90999984741211,7.040119999351387,7.186281132364598,7.235002026297226,7.235002026297226,7.17410129607761,0.06460575233841322,-7.800000190734863,23.475000381469727,0.0,0.0,0.0,0.0,0.0,,,,,
frame_00024.png,1771858889016861546,1771858889.0168614,42.30087126001495,-83.69729340774832,238.57595825195312,0.010415246143519075,-0.9997352652062519,-0.016930355944862193,-0.011588149046987213,-0.028720000000000002,-0.021900000000000003,-0.00909,2.2149,0.0292,-10.6456,3.1517027694286783,7.050169993045788,9.15999984741211,9.179999351501465,9.170000076293945,9.079999923706055,7.438004331297226,7.45424411301321,7.446124609351387,7.373043655648613,7.4278541773276086,0.05357093299230572,-8.5,23.825000762939453,0.0,0.0,0.0,0.0,0.0,,,,,
frame_00025.png,1771858889077139733,1771858889.0771396,42.300871170123806,-83.69729574486398,238.5762176513672,0.010369388975018545,-0.9997179352143979,-0.0171850418586824,-0.012696460895112768,0.012600000000000002,-0.03925000000000001,-0.011150000000000002,1.464,-1.2251,-10.0464,3.268281103027324,7.310948730605943,9.469999313354492,9.319999694824219,9.469999313354492,9.529999732971191,7.689726755837517,7.567925682594453,7.689726755837517,7.738447649770146,7.671456711009908,0.04931069737840793,-9.199999809265137,24.17500114440918,0.0,0.0,0.0,0.0,0.0,,,,,
frame_00026.png,1771858889118229382,1771858889.1182294,42.30087114393361,-83.6972965421722,238.57664489746094,0.010221237667283056,-0.9997132438800291,-0.017155110022120293,-0.013215843202287471,0.01589,-0.044480000000000006,0.007910000000000002,2.4949000000000003,1.1635,-9.6805,3.339219371748613,7.469633381439343,9.679999351501465,9.729999542236328,9.699999809265137,9.789999961853027,7.8602487230132105,7.900849338891678,7.876489279121533,7.949570232824307,7.896789393462682,0.057185673005684924,-9.199999809265137,24.80000114440918,0.0,0.0,0.0,0.0,0.0,,,,,
frame_00027.png,1771858889178162891,1771858889.178163,42.300871065826726,-83.69729898848793,238.5781707763672,0.010066649781262038,-0.999698336595924,-0.01734251569025578,-0.014182225462088912,-0.004510000000000001,-0.018510000000000002,0.007240000000000001,1.2147000000000001,1.718,-9.147400000000001,3.4253601509893508,7.662325136154119,10.0,9.739999771118164,10.059999465942383,10.039999961853027,8.1200922,7.908969616945839,8.168812319540292,8.152572537824307,8.08761166857761,0.05550358734019359,-9.300000190734863,24.67500114440918,0.0,0.0,0.0,0.0,0.0,,,,,
frame_00028.png,1771858889228398875,1771858889.2283988,42.300870990916586,-83.69730150578475,238.5800323486328,0.009875371637130093,-0.9996993737078619,-0.01723357855669969,-0.014375083069932923,0.04859000000000001,-0.006400000000000001,0.00202,1.9366,0.9438000000000001,-9.2529,3.5344999494488567,7.906464316920126,10.300000190734863,10.170000076293945,10.279999732971191,10.219999313354492,8.363695120878468,8.258133829351388,8.347454564770146,8.298733670837517,8.31700429645938,0.051924597782688195,-9.40000057220459,25.125,0.0,0.0,0.0,0.0,0.0,,,,,
frame_00029.png,1771858889279524557,1771858889.2795246,42.300870941243474,-83.69730410131304,238.5813446044922,0.00976705166312375,-0.9997254886886798,-0.01557602941772441,-0.014523748674795734,0.09430000000000001,-0.0028500000000000005,0.0026000000000000003,1.9256000000000002,0.8057000000000001,-9.8485,3.6244646050296248,8.107709853574969,10.559999465942383,10.59000015258789,10.469999313354492,10.460000038146973,8.57481692954029,8.599177763702775,8.501735975837518,8.493616472175693,8.54233678531407,0.05360662130101506,-9.300000190734863,25.125,0.0,0.0,0.0,0.0,0.0,,,,,
frame_00030.png,1771858889329243051,1771858889.3292432,42.30087091565612,-83.6973058789804,238.5825653076172,0.009735431923039994,-0.9997394330334248,-0.0142825846470177,-0.014909566696555826,0.061610000000000005,-0.012100000000000001,0.0010400000000000001,2.1384000000000003,0.9302,-10.167,3.695575737023591,8.266781189177552,10.760000228881836,10.760000228881836,10.6899995803833,10.699999809265137,8.737219393054161,8.737219393054161,8.680378221067372,8.688498499121533,8.710828876574308,0.053714701917849286,-9.199999809265137,25.225000381469727,0.0,0.0,0.0,0.0,0.0,,,,,
frame_00031.png,1771858889371402674,1771858889.3714027,42.30087088306627,-83.69730768845425,238.5828094482422,0.009599032688896003,-0.9997473964842611,-0.013412100618949149,-0.01526818101040208,0.04204000000000001,-0.006410000000000002,0.017140000000000002,0.7733,1.1387,-8.7789,3.753315591941132,8.395941780236797,10.760000228881836,10.9399995803833,10.90999984741211,10.90999984741211,8.737219393054161,8.883380526067372,8.859020466297226,8.859020466297226,8.834660212928995,0.05225362969106067,-9.199999809265137,25.375,0.0,0.0,0.0,0.0,0.0,,,,,
frame_00032.png,1771858889430267090,1771858889.430267,42.300870832940674,-83.69731046162221,238.5826873779297,0.009218938258686471,-0.9997543531493553,-0.012987174059493902,-0.015413560466199154,0.009840000000000002,-0.00396,0.007960000000000002,0.5528000000000001,0.6934,-9.4178,3.8428961854984562,8.596328193188917,10.960000038146973,11.179999351501465,11.279999732971191,11.139999389648438,8.899621082175694,9.07826255301321,9.159463784770146,9.045782215188904,9.045782408786987,0.05228444115874775,-9.0,25.17500114440918,0.0,0.0,0.0,0.0,0.0,,,,,
frame_00033.png,1771858889481279577,1771858889.4812794,42.30087076843371,-83.69731330385628,238.5818634033203,0.00878642791077655,-0.999763226696363,-0.01276690035296614,-0.015274013409150432,0.016440000000000003,0.004710000000000001,0.005690000000000001,0.09530000000000001,0.6518,-9.678600000000001,3.9530689726656005,8.842778107714588,11.029999732971191,11.25,11.639999389648438,11.309999465942383,8.956461479770146,9.135103725,9.451786825188904,9.18382384454029,9.181793968624836,0.03833816214550093,-8.800000190734863,25.024999618530273,0.0,0.0,0.0,0.0,0.0,,,,,
frame_00034.png,1771858889521767558,1771858889.5217676,42.300870687271015,-83.69731622604377,238.58169555664062,0.00834691878840832,-0.999764481415198,-0.012474869447523665,-0.01567444670816111,0.0020000000000000005,-0.026640000000000004,0.011800000000000001,-0.38570000000000004,0.10550000000000001,-10.5896,4.029343746943293,9.01340020128733,11.619999885559082,11.619999885559082,11.40999984741211,11.559999465942383,9.435547043472921,9.435547043472921,9.265025076297226,9.38682614954029,9.38073632819584,0.040754445459555214,-8.699999809265137,25.42500114440918,0.0,0.0,0.0,0.0,0.0,,,,,
frame_00035.png,1771858889581592701,1771858889.5815926,42.30087059676804,-83.69731923236019,238.58279418945312,0.007876434539813904,-0.9997479691251985,-0.012907438388247991,-0.01659391584993253,-0.020360000000000003,-0.031490000000000004,0.013960000000000002,-0.648,1.0349000000000002,-8.9072,4.14815685507521,9.27917799539194,12.119999885559082,11.800000190734863,12.069999694824219,11.889999389648438,9.84155165347292,9.581708950878468,9.800951037594453,9.654789130188902,9.719750193033686,0.04747965798915972,-8.40000057220459,26.5,0.0,0.0,0.0,0.0,0.0,,,,,
frame_00036.png,1771858889632325570,1771858889.6323256,42.30087056703223,-83.69732025083736,238.5831298828125,0.007603902138493213,-0.9997303172405271,-0.013752966925885656,-0.017097642035053342,-0.038130000000000004,-0.08470000000000001,0.022310000000000003,2.2277,1.4875,-9.9821,4.2302254437607765,9.462760504166232,12.199999809265137,12.019999504089355,12.119999885559082,11.90999984741211,9.906512329121533,9.760350421715986,9.84155165347292,9.671029686297226,9.794861022651915,0.03509552189759714,-8.40000057220459,26.575000762939453,0.0,0.0,0.0,0.0,0.0,,,,,
frame_00037.png,1771858889673651742,1771858889.6736517,42.30087047891264,-83.69732334250911,238.58285522460938,0.007257516245443019,-0.9997195175851279,-0.014377918085759993,-0.017363469953477997,-0.007740000000000001,-0.023530000000000002,0.016900000000000002,2.5387,1.1814,-8.2848,4.298779786839047,9.616112456371738,12.369999885559082,12.119999885559082,12.380000114440918,12.300000190734863,10.04455395847292,9.84155165347292,10.05267423652708,9.987713560878468,9.981623352337847,0.03801025597656332,-8.5,26.600000381469727,0.0,0.0,0.0,0.0,0.0,,,,,
frame_00038.png,1771858889732558688,1771858889.7325585,42.30087038563012,-83.69732651492824,238.5806884765625,0.006762448924502118,-0.9997093423681422,-0.01475086427705326,-0.01783008888031725,-0.018490000000000003,-0.0011900000000000003,0.013420000000000001,2.2111,0.5902000000000001,-10.3472,4.405041408610304,9.853813328576733,12.559999465942383,12.710000038146973,12.4399995803833,12.670000076293945,10.198835369540292,10.320637217175694,10.101394356067372,10.288156879351387,10.227255955533685,0.037898285110997965,-8.90000057220459,26.450000762939453,0.0,0.0,0.0,0.0,0.0,,,,,
frame_00039.png,1771858889774603932,1771858889.774604,42.30087031793595,-83.69732866907609,238.5789337158203,0.00643452225089125,-0.9996914450068836,-0.01535801019046843,-0.01843212484879086,-0.05786000000000001,-0.05925000000000001,0.01624,0.1044,0.38170000000000004,-9.1548,4.452729470227225,9.96048866113009,12.829999923706055,12.859999656677246,12.799999237060547,12.710000038146973,10.418078230648614,10.442438290418758,10.39371739648613,10.320637217175694,10.3937177836823,0.043494765898670074,-9.199999809265137,26.67500114440918,0.0,0.0,0.0,0.0,0.0,,,,,
frame_00040.png,1771858889824380364,1771858889.8243804,42.300870221072685,-83.697331954002,238.57424926757812,0.005835760731617401,-0.9996735117614268,-0.016708552196678248,-0.018429271899641643,-0.05514000000000001,0.015570000000000002,0.018630000000000004,1.1442,0.6832,-9.677800000000001,4.542439976476552,10.161165680979458,13.039999961853027,13.119999885559082,12.9399995803833,12.949999809265137,10.588600197824306,10.65356087347292,10.507398966067372,10.515519244121531,10.56626982037153,0.03986788052776084,-9.600000381469727,27.024999618530273,0.0,0.0,0.0,0.0,0.0,,,,,
frame_00041.png,1771858889875905101,1771858889.875905,42.300870190814045,-83.69733305981539,238.5720977783203,0.00561672057686452,-0.9996770707311287,-0.01684572378269569,-0.0181776867237991,-0.007370000000000001,0.014560000000000002,0.0027700000000000003,1.5390000000000001,-1.3181,-9.703000000000001,4.606247865196861,10.303900099573466,13.1899995803833,13.139999389648438,13.229999542236328,13.229999542236328,10.710401271067372,10.669800655188904,10.742881608891679,10.742881608891679,10.716491286009909,0.040042234731441306,-9.90000057220459,26.92500114440918,0.0,0.0,0.0,0.0,0.0,,,,,
frame_00042.png,1771858889925194842,1771858889.9251947,42.30087008747513,-83.69733757090408,238.56480407714844,0.005006732574317385,-0.9996751079713908,-0.017240486437664296,-0.01809355572323542,-0.019390000000000004,-0.013180000000000002,0.01984,0.8887,-0.2248,-12.280700000000001,4.705068226022757,10.524955317519346,13.399999618530273,13.429999351501465,13.59000015258789,13.539999961853027,10.880923238243065,10.905283298013211,11.035205423702774,10.994604807824306,10.954004191945838,0.040764911724833396,-10.0,27.05000114440918,0.0,0.0,0.0,0.0,0.0,,,,,
frame_00043.png,1771858889976722958,1771858889.976723,42.300870076927005,-83.69733872750574,238.56448364257812,0.004667950722026193,-0.9996718158081062,-0.01691217998427768,-0.01866679091756018,0.06237000000000001,-0.052050000000000006,-0.0010500000000000002,1.4297,0.9418000000000001,-9.482800000000001,4.788909943495236,10.712504209002233,13.6899995803833,13.649999618530273,13.729999542236328,13.710000038146973,11.11640588106737,11.083925543243065,11.148886218891679,11.132646437175694,11.120466020094451,0.03808276786947609,-10.0,27.649999618530273,0.0,0.0,0.0,0.0,0.0,,,,,
frame_00044.png,1771858890026513564,1771858890.0265136,42.30087002746436,-83.69734222837005,238.56324768066406,0.004244427823451968,-0.9996750826387684,-0.01609490300253442,-0.019304612945161673,0.04521000000000001,0.010570000000000001,0.0022600000000000003,1.3434000000000001,1.1374,-9.695400000000001,4.859019536580652,10.869335162158723,13.84000015258789,13.979999542236328,13.809999465942383,14.069999694824219,11.238207728702776,11.351888523891677,11.213846894540291,11.424969477594452,11.3072281561823,0.04028700812797529,-10.0,27.80000114440918,0.0,0.0,0.0,0.0,0.0,,,,,
frame_00045.png,1771858890077240958,1771858890.077241,42.30086998875614,-83.6973458007443,238.5621337890625,0.003782464223337334,-0.9996730626974608,-0.01510045944477977,-0.020283905098245257,0.042100000000000005,-0.06140000000000001,0.012660000000000001,1.9324000000000001,2.0632,-9.3971,4.9572033136389395,11.08896638041149,14.109999656677246,14.149999618530273,13.989999771118164,14.109999656677246,11.457449815418759,11.489930153243066,11.36000880194584,11.457449815418759,11.441209646506607,0.03176520281613895,-10.0,27.700000762939453,0.0,0.0,0.0,0.0,0.0,,,,,
frame_00046.png,1771858890135914995,1771858890.135915,42.30086995142891,-83.69734944136253,238.56236267089844,0.003284483157559581,-0.9996653476542734,-0.014267933339982372,-0.021326765996134946,0.022470000000000004,-0.027000000000000003,0.010640000000000002,1.8846,1.0668,-9.2499,5.058730821594662,11.316077324057964,14.50999927520752,14.289999961853027,14.549999237060547,14.4399995803833,11.782253193661825,11.603611722824308,11.81473353148613,11.725412796067372,11.73150281100991,0.03671108592274747,-10.0,27.825000762939453,0.0,0.0,0.0,0.0,0.0,,,,,
frame_00047.png,1771858890178130436,1771858890.1781304,42.30086994203548,-83.69735066274367,238.56248474121094,0.0030057101035063645,-0.9996638804106657,-0.01349735992584186,-0.021929732877907965,0.04542000000000001,-0.06044000000000001,0.00016,1.6397000000000002,-2.1833,-9.5493,5.108718251745193,11.427896206058893,14.569999694824219,14.359999656677246,14.50999927520752,14.649999618530273,11.830974087594452,11.66045212041876,11.782253193661825,11.895934763243066,11.792403541229525,0.03189627632226622,-10.100000381469727,27.875,0.0,0.0,0.0,0.0,0.0,,,,,
frame_00048.png,1771858890227983068,1771858890.227983,42.3008698938816,-83.69735439229879,238.56002807617188,0.002258517002839244,-0.9996629489365212,-0.012591109519858102,-0.022590962474957583,0.0030400000000000006,-0.0023000000000000004,0.029130000000000003,-0.31270000000000003,-0.8424,-9.106200000000001,5.1828166304680146,11.593649833359121,14.739999771118164,14.649999618530273,14.779999732971191,14.84999942779541,11.96901571694584,11.895934763243066,12.001496054770147,12.058336452364598,11.981195746830913,0.033427429587935466,-10.199999809265137,27.700000762939453,0.0,0.0,0.0,0.0,0.0,,,,,
frame_00049.png,1771858890287886774,1771858890.2878869,42.300869847536354,-83.69735817708252,238.55499267578125,0.001628063609039498,-0.9996679893011683,-0.012071372375573555,-0.022705561970902104,0.036000000000000004,0.013790000000000002,0.0039000000000000007,1.5033,-0.7921,-9.1891,5.271411843436228,11.791832009056236,14.889999389648438,15.00999927520752,15.089999198913574,14.880000114440918,12.090816790188905,12.188257803661823,12.253218479310437,12.082697286527083,12.153747589922062,0.03069205706016434,-10.600000381469727,27.475000381469727,0.0,0.0,0.0,0.0,0.0,,,,,
frame_00050.png,1771858890329103079,1771858890.329103,42.300869809416525,-83.69736074719414,238.5509033203125,0.0013119525356639625,-0.9996674897004483,-0.012142126260501583,-0.022710296925013907,-0.021410000000000002,0.0030700000000000002,0.01922,1.8683,0.0095,-8.4449,5.33007058131688,11.923048086170983,15.210000038146973,15.40999984741211,15.199999809265137,15.339999198913574,12.350660267175694,12.513061956297227,12.342539989121533,12.456220784310437,12.415620749226223,0.04131264585157157,-11.100000381469727,27.725000381469727,0.0,0.0,0.0,0.0,0.0,,,,,
frame_00051.png,1771858890379839706,1771858890.3798397,42.30086975415548,-83.69736465709356,238.54286193847656,0.0008761191327321668,-0.9996585464325572,-0.012498916333571235,-0.02293033035301829,-0.029740000000000003,-0.025070000000000002,0.026340000000000002,1.0038,1.4851,-9.953700000000001,5.435264322058359,12.158360172585226,15.519999504089355,15.5,15.539999961853027,15.479999542236328,12.602382691715986,12.586142910000001,12.618623247824306,12.56990235389168,12.594262800857994,0.03585209042051942,-11.300000190734863,27.700000762939453,0.0,0.0,0.0,0.0,0.0,,,,,
frame_00052.png,1771858890439091508,1771858890.4390914,42.30086969223555,-83.69736862764687,238.5344696044922,0.0002456278306315892,-0.9996550920407572,-0.012841160832467316,-0.02290723057091248,-0.026680000000000002,-0.0029800000000000004,0.022180000000000002,2.0460000000000003,0.5741,-8.9451,5.520613443395967,12.349281036070176,15.899999618530273,15.75999927520752,15.84999942779541,15.739999771118164,12.910946288243066,12.797264718661824,12.870345672364598,12.781024936945839,12.839895404053832,0.039728172559248966,-11.0,27.875,0.0,0.0,0.0,0.0,0.0,,,,,
frame_00053.png,1771858890480934422,1771858890.4809344,42.30086964499513,-83.6973713009255,238.52943420410156,-0.0001444470826531544,-0.9996594046049887,-0.013210315907224816,-0.022506476256202508,-0.023600000000000003,0.03373,0.023730000000000005,1.937,0.20500000000000002,-10.3835,5.557738319500192,12.43232715642276,15.9399995803833,15.929999351501465,16.0,15.84999942779541,12.943426626067373,12.93530634801321,12.99214752,12.870345672364598,12.935306541611295,0.04045738009144065,-11.100000381469727,27.325000762939453,0.0,0.0,0.0,0.0,0.0,,,,,
frame_00054.png,1771858890531543670,1771858890.5315435,42.300869581159944,-83.69737537135836,238.52261352539062,-0.0007308849025162714,-0.9996696349686636,-0.013607444173211912,-0.021792755492396277,-0.019180000000000003,0.04088000000000001,0.02492,1.6537000000000002,1.4565000000000001,-9.9069,5.63071890690684,12.595580351616189,16.1299991607666,16.299999237060547,16.149999618530273,16.139999389648438,13.097708037134742,13.23574966648613,13.113948593243066,13.105828315188905,13.138308653013212,0.04308878878513792,-11.199999809265137,27.625,0.0,0.0,0.0,0.0,0.0,,,,,
frame_00055.png,1771858890581963834,1771858890.5819638,42.30086956561314,-83.69737674914485,238.52072143554688,-0.0011150801067063567,-0.9996779912685507,-0.013382772913773943,-0.02153071663390193,0.00727,0.019010000000000003,0.021140000000000003,0.8685,-1.1279000000000001,-11.1677,5.704070428011863,12.759663303236858,16.06999969482422,16.1299991607666,16.350000381469727,16.350000381469727,13.048987917594452,13.097708037134742,13.276351056756935,13.276351056756935,13.174849517060768,0.03253896313381451,-11.40000057220459,27.399999618530273,0.0,0.0,0.0,0.0,0.0,,,,,
frame_00056.png,1771858890631815474,1771858890.6318154,42.30086951326588,-83.6973809233251,238.5162353515625,-0.0018077412189116406,-0.9996715107636098,-0.013420219434282598,-0.021760063180590972,-0.01678,0.0007800000000000001,0.024200000000000003,0.6433,-0.251,-9.8743,5.799104203090353,12.972248156060935,16.65999984741211,16.469999313354492,16.649999618530273,16.53999900817871,13.528073481297227,13.373791295837517,13.519953203243064,13.43063169343197,13.463112418452445,0.037839567705322256,-11.5,27.55000114440918,0.0,0.0,0.0,0.0,0.0,,,,,
frame_00057.png,1771858890696047274,1771858890.6960473,42.300869475579496,-83.69738516298284,238.51197814941406,-0.002377047947821676,-0.999667962914119,-0.013228261869966413,-0.02198469135760124,0.009630000000000001,-0.004210000000000001,0.020190000000000003,-0.039,0.7124,-9.0221,5.885639386526184,13.165822169295883,16.84000015258789,17.020000457763672,16.729999542236328,16.809999465942383,13.674235388702774,13.820397296108322,13.58491387889168,13.649874554540292,13.682355279560767,0.039232879164166075,-11.600000381469727,27.375,0.0,0.0,0.0,0.0,0.0,,,,,
frame_00058.png,1771858890745378678,1771858890.7453785,42.300869449505136,-83.69738946413243,238.50537109375,-0.0027684992909544075,-0.9996825733044761,-0.01253031495300424,-0.021681311081099934,0.025610000000000004,0.014320000000000003,0.016200000000000003,0.9317000000000001,-0.4998,-10.092600000000001,5.966840474404989,13.347464130815498,17.279998779296875,16.989999771118164,17.020000457763672,17.020000457763672,14.031518330377809,13.796036461945839,13.820397296108322,13.820397296108322,13.867087346135072,0.03893048224193483,-11.5,27.600000381469727,0.0,0.0,0.0,0.0,0.0,,,,,
frame_00059.png,1771858890792488699,1771858890.7924888,42.30086942064443,-83.6973938294212,238.4969940185547,-0.003358709733024379,-0.9996909267645487,-0.012383261699144232,-0.02129377475360532,-0.044860000000000004,-0.0016500000000000002,0.025860000000000005,1.8951,-0.7243,-9.8482,6.062713852757116,13.561927125786504,17.549999237060547,17.270000457763672,17.260000228881836,17.239999771118164,14.25076119148613,14.023399601108322,14.01527932305416,13.999038766945839,14.072119720648612,0.0376194762093975,-11.40000057220459,27.524999618530273,0.0,0.0,0.0,0.0,0.0,,,,,
frame_00060.png,1771858890842883264,1771858890.8428833,42.30086940471842,-83.69739677198753,238.49095153808594,-0.0037625519619456376,-0.9996927672192131,-0.012337291221170023,-0.021166143192606804,-0.005580000000000001,0.010360000000000001,0.025670000000000002,1.1540000000000001,-0.9458000000000001,-9.6363,6.113502929753486,13.675539243682765,17.60999870300293,17.549999237060547,17.329999923706055,17.369998931884766,14.29948131102642,14.25076119148613,14.072119720648613,14.104599284080582,14.181740376810438,0.03701507663483955,-11.300000190734863,27.42500114440918,0.0,0.0,0.0,0.0,0.0,,,,,
frame_00061.png,1771858890894000054,1771858890.894,42.30086937224352,-83.6974012442676,238.48011779785156,-0.004476601655719836,-0.9997011318667024,-0.012063898600378736,-0.020786277507284578,-0.0024500000000000004,0.01963,0.03259,0.0337,-0.67,-9.4831,6.1826586072211445,13.830236344837267,17.6299991607666,17.84000015258789,17.510000228881836,17.600000381469727,14.315721867134743,14.486244608702776,14.21828162805416,14.291362581756935,14.327902671412152,0.03598393506562601,-11.100000381469727,27.225000381469727,0.0,0.0,0.0,0.0,0.0,,,,,
frame_00062.png,1771858890943882840,1771858890.9438827,42.30086933679613,-83.69740578492099,238.47007751464844,-0.005233831390693555,-0.9996912222985314,-0.012635030247448846,-0.020746640183128096,-0.05089000000000001,0.02152,0.03331,0.9071,2.0089,-10.5792,6.274922012247589,14.036624046077122,17.670000076293945,17.709999084472656,17.889999389648438,17.75,14.348202979351388,14.380682542783356,14.526844450188904,14.413163655,14.417223406830912,0.027114736385645197,-10.40000057220459,27.600000381469727,0.0,0.0,0.0,0.0,0.0,,,,,
frame_00063.png,1771858890985629170,1771858890.985629,42.30086932385055,-83.69740732018191,238.4680633544922,-0.005618430542739861,-0.999668210174529,-0.012987814611140883,-0.02152253415183486,-0.07110000000000001,-0.036680000000000004,0.021400000000000002,-1.3393000000000002,-1.2492,-12.0282,6.344687950962889,14.192686265026927,17.899999618530273,17.969999313354492,17.969999313354492,17.85999870300293,14.534964728243066,14.591805125837517,14.591805125837517,14.50248361602642,14.555264648986132,0.02554684695966659,-9.800000190734863,27.700000762939453,0.0,0.0,0.0,0.0,0.0,,,,,
frame_00064.png,1771858891035412163,1771858891.0354123,42.300869298482986,-83.69741195195482,238.46437072753906,-0.006193335154934532,-0.9996442373026899,-0.012897573032046191,-0.022509865327560726,0.01856,-0.04922000000000001,0.03449000000000001,-0.10990000000000001,-0.339,-10.285,6.4249131448104855,14.372145210152368,18.119998931884766,18.020000457763672,18.299999237060547,18.170000076293945,14.713606199080584,14.632406516108324,14.859768106486131,14.754207589351388,14.739997102756606,0.025594779848480097,-9.0,27.274999618530273,0.0,0.0,0.0,0.0,0.0,,,,,
frame_00065.png,1771858891086387243,1771858891.0863872,42.30086928787401,-83.69741507705406,238.46238708496094,-0.006565139619561289,-0.999634045399455,-0.012756184511847814,-0.022933686506871054,0.026470000000000004,-0.0017200000000000004,0.0267,1.6677000000000002,1.8923,-9.4596,6.475537677151571,14.485389251527437,18.309999465942383,18.1299991607666,18.440000534057617,18.369998931884766,14.86788838454029,14.721726477134743,14.97345045045971,14.916608504080582,14.869918454053831,0.026546004104504622,-8.800000190734863,27.200000762939453,0.0,0.0,0.0,0.0,0.0,,,,,
frame_00066.png,1771858891136489695,1771858891.1364896,42.300869267346755,-83.69741980979279,238.4594268798828,-0.0072099884416528814,-0.9996078190112403,-0.01277444074936579,-0.023854515333657875,0.010180000000000002,-0.046000000000000006,0.008220000000000002,2.9702,0.6942,-8.1414,6.574816772020306,14.707470630003103,18.549999237060547,18.459999084472656,18.75,18.389999389648438,15.06277041148613,14.989689457783356,15.225172875,14.932849060188905,15.052620451114597,0.023467653262376202,-8.90000057220459,27.399999618530273,0.0,0.0,0.0,0.0,0.0,,,,,
frame_00067.png,1771858891195913276,1771858891.1959133,42.30086924690656,-83.69742460433393,238.45513916015625,-0.007717496294307291,-0.9995688306451033,-0.013156268757014575,-0.025089951098427304,0.010980000000000002,-0.0599,0.014990000000000002,0.1479,-0.2795,-9.6476,6.647887880057245,14.870926314415254,18.93000030517578,18.90999984741211,18.869998931884766,18.799999237060547,15.37133478240555,15.355094226297227,15.322613114080582,15.26577271648613,15.328703709817372,0.030783381325638605,-8.90000057220459,26.975000381469727,0.0,0.0,0.0,0.0,0.0,,,,,
frame_00068.png,1771858891238063609,1771858891.2380636,42.30086924007819,-83.69742621288592,238.4529571533203,-0.007978763647310538,-0.9995606792726539,-0.013332712842715137,-0.025239384915334163,-0.024870000000000003,-0.014070000000000003,0.008440000000000001,1.6353,0.6785,-7.2774,6.686457171562624,14.957203505355299,19.010000228881836,19.1299991607666,18.94999885559082,18.94999885559082,15.436295458054161,15.533735697134745,15.387573789729194,15.387573789729194,15.436294683661824,0.03203079894814502,-9.0,26.350000381469727,0.0,0.0,0.0,0.0,0.0,,,,,
frame_00069.png,1771858891288170147,1771858891.2881703,42.30086922264719,-83.69743107637547,238.44482421875,-0.008534725835035561,-0.9995505018251424,-0.013813106237341402,-0.02520219935050368,0.021330000000000005,0.04263,0.008420000000000002,2.1776,1.2285000000000001,-7.7725,6.753347909201449,15.106834072009091,19.119998931884766,19.189998626708984,19.149999618530273,19.1299991607666,15.525615419080582,15.582455816675035,15.549976253243067,15.533735697134745,15.547945796533357,0.029199481666485352,-9.100000381469727,21.649999618530273,0.0,0.0,0.0,0.0,0.0,,,,,
frame_00070.png,1771858891339816797,1771858891.3398168,42.300869207555294,-83.69743435134893,238.43765258789062,-0.008813353192491102,-0.999542295051247,-0.014033826547568613,-0.025309621127606482,0.007750000000000001,0.027580000000000004,0.023740000000000004,0.4263,0.8833000000000001,-10.8971,6.804816164738193,15.221965471549453,19.35999870300293,19.270000457763672,19.28999900817871,19.3799991607666,15.720497446026421,15.647418041108322,15.663657048431968,15.736738002134743,15.692077634425363,0.030883801684780554,-9.0,0.0,0.0,0.0,0.0,0.0,0.0,,,,,
frame_00071.png,1771858891401128349,1771858891.4011285,42.3008691905313,-83.69743931638068,238.42556762695312,-0.009224421930391635,-0.9995273091641614,-0.014472476827855036,-0.025507169375849924,-0.031610000000000006,-0.0017900000000000004,0.013980000000000001,0.0618,-0.12440000000000001,-11.1173,6.9061348663551305,15.448609327944446,19.6299991607666,19.489999771118164,19.510000228881836,19.5,15.939740307134743,15.82605951194584,15.842300068054161,15.83417979,15.860569919283686,0.026666516227713676,-8.90000057220459,0.0,0.0,0.0,0.0,0.0,0.0,,,,,
frame_00072.png,1771858891448205748,1771858891.4482057,42.300869176415596,-83.6974443424976,238.41311645507812,-0.009741605534771325,-0.9995093522659618,-0.014921136752239014,-0.025758795245571824,-0.0083,0.03347000000000001,0.020420000000000004,0.8227,1.6036000000000001,-9.021700000000001,6.970089718138141,15.591672494091933,19.850000381469727,19.31999969482422,19.8799991607666,19.600000381469727,16.118383326756934,15.688017882594451,16.142742612134743,15.915381021756936,15.966131210810767,0.024016584292719453,-8.699999809265137,0.0,0.0,0.0,0.0,0.0,0.0,,,,,
frame_00073.png,1771858891490907518,1771858891.4909074,42.30086917158382,-83.69744771590308,238.40536499023438,-0.01009839470157925,-0.9995018447244245,-0.014712132688187784,-0.026031480339939933,0.0033300000000000005,0.025370000000000004,0.008140000000000001,0.9003,-2.0401000000000002,-10.2417,7.010551339913435,15.68218271430596,19.8799991607666,19.959999084472656,19.90999984741211,20.0,16.142742612134743,16.207703287783357,16.167103446297226,16.2401844,16.18943343655383,0.03234567097507003,-8.600000381469727,0.0,0.0,0.0,0.0,0.0,0.0,,,,,
frame_00074.png,1771858891550380423,1771858891.5503805,42.300869176248874,-83.6974528246382,238.39547729492188,-0.010647556063485053,-0.9995002763741978,-0.014495575084406364,-0.025994333627724544,-0.03695000000000001,0.016220000000000002,0.03389,-0.7312000000000001,1.3593000000000002,-8.8942,7.06119144996875,15.795461602093097,19.959999084472656,19.709999084472656,20.049999237060547,20.03999900817871,16.207703287783357,16.004700982783355,16.28078424148613,16.27266396343197,16.1914631188712,0.025070588423046127,-8.800000190734863,0.0,0.0,0.0,0.0,0.0,0.0,,,,,
frame_00075.png,1771858891604703663,1771858891.6047037,42.30086918138375,-83.69745796512795,238.38519287109375,-0.011127372187657136,-0.9995139040414209,-0.015273124018357204,-0.024796550138968598,-0.03602,0.036410000000000005,0.01429,1.8863,2.4627000000000003,-10.199300000000001,7.123801828885405,15.935517263106918,20.09000015258789,19.889999389648438,20.189998626708984,20.209999084472656,16.313265353702775,16.150862890188904,16.394465036675037,16.410705592783355,16.317324718337517,0.023959526943912835,-8.699999809265137,0.0,0.0,0.0,0.0,0.0,0.0,,,,,
frame_00076.png,1771858891643263259,1771858891.6432633,42.3008691786783,-83.6974596905624,238.382080078125,-0.011504312204588696,-0.9995021649559097,-0.015999641748964018,-0.02463908506932388,-0.037340000000000005,-0.02389,0.02075,1.8753000000000002,0.9235000000000001,-10.5876,7.131735293657868,15.953263947795032,20.020000457763672,19.889999389648438,20.119998931884766,19.869998931884766,16.256424956108322,16.150862890188904,16.337624639080584,16.134622334080582,16.2198837048646,0.016712552236460614,-8.600000381469727,0.0,0.0,0.0,0.0,0.0,0.0,,,,,
frame_00077.png,1771858891702786011,1771858891.702786,42.30086917714978,-83.69746488986638,238.37411499023438,-0.012140126607857793,-0.9994608196447536,-0.016229872769943105,-0.025831735343447126,-0.008570000000000001,-0.06443000000000002,0.02375,-0.7294,1.3925,-10.2558,7.212015650276463,16.132846288729432,20.170000076293945,20.059999465942383,20.170000076293945,20.189998626708984,16.37822602935139,16.288904519540292,16.37822602935139,16.394465036675037,16.359955403729526,0.014077436240048612,-8.40000057220459,0.0,0.0,0.0,0.0,0.0,0.0,,,,,
frame_00078.png,1771858891751622300,1771858891.7516224,42.30086917741035,-83.69747012115529,238.3675994873047,-0.012544550039940205,-0.9994389933601673,-0.015984783367180174,-0.026623664590270383,-0.011500000000000002,-0.06097000000000001,0.019360000000000002,-0.6990000000000001,-1.2699,-8.9023,7.225872955023355,16.163844248009944,20.260000228881836,20.15999984741211,20.15999984741211,20.1299991607666,16.451306983054163,16.370105751297224,16.370105751297224,16.34574491713474,16.384315850695838,0.013639799994548816,-8.40000057220459,0.0,0.0,0.0,0.0,0.0,0.0,,,,,
frame_00079.png,1771858891793423801,1771858891.793424,42.300869183842295,-83.69747536834986,238.35646057128906,-0.013074332681619505,-0.9994241801171418,-0.01604944267168243,-0.02688466871727128,-0.00875,0.0038600000000000006,0.017900000000000003,-0.0664,-1.8723,-8.911200000000001,7.22639165220798,16.16500454249012,20.239999771118164,20.229999542236328,20.189998626708984,20.15999984741211,16.43506642694584,16.426946148891677,16.394465036675037,16.370105751297224,16.406645840952443,0.01494842131514177,-8.300000190734863,0.0,0.0,0.0,0.0,0.0,0.0,,,,,
frame_00080.png,1771858891853227895,1771858891.8532279,42.300869201316615,-83.6974806080858,238.3412322998047,-0.013656133304626838,-0.9994284051524895,-0.016329947306252316,-0.02626225082685031,-0.00491,0.017570000000000002,0.02236,-1.1808,0.9924000000000001,-10.203000000000001,7.2220927755781945,16.15538821340189,20.34000015258789,20.25,20.189998626708984,20.189998626708984,16.516267658702777,16.443186705,16.394465036675037,16.394465036675037,16.437096109263212,0.017437395631732928,-8.0,0.0,0.0,0.0,0.0,0.0,0.0,,,,,
frame_00081.png,1771858891894536400,1771858891.8945365,42.30086921794215,-83.6974840934787,238.3309326171875,-0.013953293101674591,-0.9994433187708753,-0.016147328662349275,-0.02564414071376318,0.030420000000000006,0.029010000000000005,0.015790000000000002,-0.6458,2.0837,-10.782,7.23411475593365,16.18228066213822,20.149999618530273,20.06999969482422,20.270000457763672,20.03999900817871,16.361985473243067,16.297024797594453,16.459427261108324,16.27266396343197,16.347775373844453,0.010226908997657122,-7.599999904632568,0.0,0.0,0.0,0.0,0.0,0.0,,,,,
frame_00082.png,1771858891953313314,1771858891.9533134,42.300869251839615,-83.69748935300419,238.31980895996094,-0.014259488634186246,-0.9994548654847413,-0.015248988290924963,-0.02557551952302121,0.03246,-0.01574,0.004950000000000001,0.3019,-0.5323,-12.312000000000001,7.2621626084942,16.245022025445017,20.299999237060547,20.049999237060547,20.350000381469727,20.270000457763672,16.48378654648613,16.28078424148613,16.524387936756934,16.459427261108324,16.437096496459382,0.011823589448725505,-7.200000286102295,0.0,0.0,0.0,0.0,0.0,0.0,,,,,
frame_00083.png,1771858891995489516,1771858891.9954896,42.30086927395244,-83.69749287344908,238.31765747070312,-0.014489143830477502,-0.9994326070792623,-0.015408980095501474,-0.02621243884541874,-0.044520000000000004,-0.050760000000000007,0.021410000000000002,0.2283,0.3332,-13.0547,7.2696489614858635,16.26176854790619,20.40999984741211,20.189998626708984,20.389999389648438,20.350000381469727,16.573108056297226,16.394465036675037,16.556867500188904,16.524387936756934,16.512207132479524,0.015400451914904432,-7.200000286102295,0.0,0.0,0.0,0.0,0.0,0.0,,,,,
frame_00084.png,1771858892045449733,1771858892.0454497,42.300869296650966,-83.69749815116305,238.3131103515625,-0.01511925928347635,-0.9993937280690048,-0.015629303816428356,-0.02719024011054738,-0.04363,-0.022320000000000003,0.037910000000000006,-0.48950000000000005,1.7485000000000002,-7.9324,7.272575014549991,16.268313953047457,20.31999969482422,20.189998626708984,20.420000076293945,20.279998779296875,16.50002710259445,16.394465036675037,16.581228334351387,16.467545990377808,16.48581661599967,0.013369711426762208,-7.200000286102295,0.0,0.0,0.0,0.0,0.0,0.0,,,,,
frame_00085.png,1771858892097060264,1771858892.0970604,42.3008692957163,-83.69749991113399,238.31069946289062,-0.01538604675458638,-0.9993881556509063,-0.015571192350800078,-0.02727859744781455,-0.0077800000000000005,-0.0119,0.021180000000000004,-1.4027,0.5929,-8.407,7.273036572124652,16.26934642964852,20.3799991607666,20.270000457763672,20.369998931884766,20.279998779296875,16.548747222134743,16.459427261108324,16.540626944080582,16.467545990377808,16.504086854425367,0.014428386892608351,-7.200000286102295,0.0,0.0,0.0,0.0,0.0,0.0,,,,,
frame_00086.png,1771858892147973149,1771858892.147973,42.3008693311897,-83.6975051835765,238.300048828125,-0.015790863887771123,-0.9993967525252135,-0.015280629696687854,-0.026893902948576534,0.014830000000000003,0.006770000000000001,0.018830000000000003,-0.5717,1.2033,-8.8388,7.278073806927574,16.280614421668567,20.459999084472656,20.739999771118164,20.40999984741211,20.31999969482422,16.613707897783357,16.84107103694584,16.573108056297226,16.50002710259445,16.631978523405216,0.021581747017422392,-7.5,0.0,0.0,0.0,0.0,0.0,0.0,,,,,
frame_00087.png,1771858892197462360,1771858892.1974623,42.30086937117849,-83.69751046480452,238.28656005859375,-0.016219091291311993,-0.9994062962700827,-0.015014591013495046,-0.026430249906072307,-0.0024000000000000002,0.00445,0.01203,0.3668,-0.24980000000000002,-9.6945,7.293199341056753,16.314449333983493,20.44999885559082,20.739999771118164,20.299999237060547,20.389999389648438,16.605587619729196,16.84107103694584,16.48378654648613,16.556867500188904,16.621828175837518,0.01884089591756831,-7.400000095367432,0.0,0.0,0.0,0.0,0.0,0.0,,,,,
frame_00088.png,1771858892248328234,1771858892.2483282,42.30086940303248,-83.69751398643562,238.2771453857422,-0.01648541926787117,-0.9994061062394566,-0.014983631709463567,-0.02628985628803358,-0.011280000000000002,0.01847,0.00824,-1.1172,-0.8315,-9.1644,7.2770357478755185,16.278292345852662,20.5,20.420000076293945,20.389999389648438,20.209999084472656,16.64618901,16.581228334351387,16.556867500188904,16.410705592783355,16.548747609330913,0.016614473909921927,-6.599999904632568,0.0,0.0,0.0,0.0,0.0,0.0,,,,,
frame_00089.png,1771858892300621101,1771858892.300621,42.30086945546609,-83.69751927033086,238.26365661621094,-0.016823211881458744,-0.9994073374629383,-0.015177913333884383,-0.025914943836730098,0.01685,0.0267,0.019050000000000004,-1.3049000000000002,-0.3972,-11.485700000000001,7.276025796061448,16.276033144241694,20.43000030517578,20.40999984741211,20.389999389648438,20.229999542236328,16.589348612405548,16.573108056297226,16.556867500188904,16.426946148891677,16.536567579445837,0.016007244080620306,-5.900000095367432,0.0,0.0,0.0,0.0,0.0,0.0,,,,,
frame_00090.png,1771858892350315362,1771858892.3503153,42.300869517854274,-83.69752456802874,238.2530059814453,-0.0171906858576909,-0.9994121265316518,-0.014043639383778124,-0.026127721945899105,0.06694000000000001,-0.0089,0.012880000000000003,-1.3584,-1.1534,-11.745700000000001,7.292970607617263,16.313937671003362,20.439998626708984,20.28999900817871,20.479999542236328,20.279998779296875,16.597467341675035,16.47566626843197,16.62994845389168,16.467545990377808,16.542657013594123,0.01401987350958746,-5.5,0.0,0.0,0.0,0.0,0.0,0.0,,,,,
frame_00091.png,1771858892402574651,1771858892.4025745,42.300869544384625,-83.69752633625492,238.25022888183594,-0.01758316436206775,-0.999406764953703,-0.013194091064229065,-0.026511628708534542,0.05984000000000001,-0.030130000000000004,0.01912,-0.48140000000000005,1.2093,-10.7492,7.30755777682606,16.346568293293288,20.309999465942383,20.260000228881836,20.44999885559082,20.34000015258789,16.49190682454029,16.451306983054163,16.605587619729196,16.516267658702777,16.516267271506607,0.010381321337209549,-5.599999904632568,0.0,0.0,0.0,0.0,0.0,0.0,,,,,
frame_00092.png,1771858892451423356,1771858892.4514232,42.300869611608064,-83.69753163639372,238.24374389648438,-0.01799205844506241,-0.9993976949026004,-0.012342623058406638,-0.026985049792735884,0.026380000000000004,-0.01353,0.006240000000000001,-1.0026000000000002,0.616,-10.376100000000001,7.2947654281217655,16.3179525767827,20.459999084472656,20.3799991607666,20.489999771118164,20.369998931884766,16.613707897783357,16.548747222134743,16.63806873194584,16.540626944080582,16.585287698986132,0.016382883878691797,-5.700000286102295,0.0,0.0,0.0,0.0,0.0,0.0,,,,,
frame_00093.png,1771858892510149510,1771858892.5101497,42.30086967923188,-83.69753693313235,238.23764038085938,-0.01827100354696093,-0.9993955452760672,-0.01196531933343982,-0.0270471004913232,0.03531,-0.01271,0.00177,-0.48760000000000003,0.49770000000000003,-8.523900000000001,7.295432392271852,16.3194445355686,20.399999618530273,20.44999885559082,20.389999389648438,20.459999084472656,16.564987778243065,16.605587619729196,16.556867500188904,16.613707897783357,16.58528769898613,0.01628996396526349,-5.800000190734863,0.0,0.0,0.0,0.0,0.0,0.0,,,,,
frame_00094.png,1771858892551289004,1771858892.551289,42.30086972665935,-83.69754045938635,238.232421875,-0.018373766987005047,-0.99940572741829,-0.011682118291986295,-0.026723113636661088,0.024830000000000005,0.025640000000000007,0.0015,0.6257,0.6162000000000001,-8.75,7.278633914195861,16.28186734802129,20.229999542236328,20.219999313354492,20.43000030517578,20.40999984741211,16.426946148891677,16.41882587083752,16.589348612405548,16.573108056297226,16.502057172107992,0.013523622283623488,-5.800000190734863,0.0,0.0,0.0,0.0,0.0,0.0,,,,,
frame_00095.png,1771858892601590092,1771858892.60159,42.30086979261655,-83.69754574384416,238.22242736816406,-0.018477617496368004,-0.9994111474294401,-0.011495820108457021,-0.026528893031214425,-0.00109,-0.04553000000000001,0.01012,-3.0929,0.29150000000000004,-9.1956,7.27187232641329,16.266742081846946,20.299999237060547,20.350000381469727,20.34000015258789,20.5,16.48378654648613,16.524387936756934,16.516267658702777,16.64618901,16.54265778798646,0.016961952476484247,-5.800000190734863,0.0,0.0,0.0,0.0,0.0,0.0,,,,,
frame_00096.png,1771858892651964784,1771858892.6519647,42.30086983447598,-83.69755102234078,238.2124786376953,-0.01863830266042721,-0.9994243682794313,-0.012577230054448267,-0.025403917952859404,-0.09696000000000002,-0.03372000000000001,0.021550000000000003,-1.7827000000000002,-0.1589,-10.8293,7.265187908868939,16.251789440865288,20.34000015258789,20.34000015258789,20.469999313354492,20.5,16.516267658702777,16.516267658702777,16.621828175837518,16.64618901,16.575138125810767,0.01989618965480907,-5.800000190734863,0.0,0.0,0.0,0.0,0.0,0.0,,,,,
frame_00097.png,1771858892702578388,1771858892.7025785,42.30086984535831,-83.69755278623909,238.20896911621094,-0.018938610811238987,-0.9994419993665002,-0.01293422022497269,-0.024284251481258127,0.00949,0.02807,-0.005030000000000001,0.7417,-1.6324,-7.9192,7.26552351130793,16.252540163385163,20.25,20.34000015258789,20.369998931884766,20.3799991607666,16.443186705,16.516267658702777,16.540626944080582,16.548747222134743,16.512207132479524,0.015977008300484433,-5.800000190734863,0.0,0.0,0.0,0.0,0.0,0.0,,,,,
frame_00098.png,1771858892752185821,1771858892.7521858,42.30086988828561,-83.69755806761361,238.19912719726562,-0.01913330145014286,-0.9994508685693602,-0.0130709772500331,-0.023686022150172743,-0.0012100000000000001,-0.009580000000000002,-0.007570000000000001,-0.4164,-3.9551000000000003,-11.997200000000001,7.27577965182638,16.275482534356506,20.299999237060547,20.31999969482422,20.270000457763672,20.31999969482422,16.48378654648613,16.50002710259445,16.459427261108324,16.50002710259445,16.48581700319584,0.012923393723985281,-5.700000286102295,0.0,0.0,0.0,0.0,0.0,0.0,,,,,
frame_00099.png,1771858892803567008,1771858892.8035672,42.30086994505641,-83.69756335154821,238.19029235839844,-0.01933874684202852,-0.9994516161342262,-0.013254170867912819,-0.023383901125931913,0.015090000000000003,0.009910000000000002,-0.009630000000000001,0.0707,-0.9489000000000001,-10.815000000000001,7.27691393550225,16.278019858882406,20.299999237060547,20.35999870300293,20.279998779296875,20.279998779296875,16.48378654648613,16.53250666602642,16.467545990377808,16.467545990377808,16.48784629831704,0.012890169765958366,-5.599999904632568,0.0,0.0,0.0,0.0,0.0,0.0,,,,,
frame_00100.png,1771858892853231382,1771858892.8532314,42.300870025809026,-83.69756862986225,238.18267822265625,-0.019571246158991473,-0.9994647262223787,-0.012336606073702575,-0.02313083464970439,0.06244,-0.00101,0.00909,-0.7945,0.6469,-9.9831,7.256518662716849,16.23239685737783,20.270000457763672,20.229999542236328,20.369998931884766,20.189998626708984,16.459427261108324,16.426946148891677,16.540626944080582,16.394465036675037,16.45536634768891,0.013736079290701747,-5.5,0.0,0.0,44.0,0.0,0.0,0.0,,,,,
frame_00101.png,1771858892904696122,1771858892.904696,42.300870084786304,-83.6975721418508,238.17758178710938,-0.01971936177818756,-0.999487850735455,-0.011308876402213126,-0.022523150707693503,0.05757,0.03527,0.01156,-0.1258,0.2605,-10.0256,7.243425823425398,16.20310896145321,20.219999313354492,20.31999969482422,20.44999885559082,20.3799991607666,16.41882587083752,16.50002710259445,16.605587619729196,16.548747222134743,16.518296953823977,0.019452315794492966,-5.800000190734863,0.0,0.0,0.0,0.0,0.0,0.0,,,,,
frame_00102.png,1771858892954389382,1771858892.9543896,42.30087014003066,-83.6975756548808,238.17327880859375,-0.01985831215786743,-0.9995001885145907,-0.010827087390263564,-0.022086076523055533,0.021790000000000004,0.009840000000000002,0.009260000000000001,0.021400000000000002,0.0145,-11.3595,7.249916038045502,16.217627182145506,20.189998626708984,20.15999984741211,20.149999618530273,19.969999313354492,16.394465036675037,16.370105751297224,16.361985473243067,16.215823565837518,16.33559495676321,0.007274046523129961,-6.200000286102295,0.0,0.0,0.0,0.0,0.0,0.0,,,,,
frame_00103.png,1771858893006006570,1771858893.0060065,42.300870210328775,-83.69758093123582,238.16830444335938,-0.020145793931557576,-0.9994963733918505,-0.011106400325743504,-0.02185850944621358,-0.035870000000000006,-0.010600000000000002,0.0059900000000000005,2.3567,-2.2378,-7.175000000000001,7.286713409509368,16.29994069426789,20.119998931884766,20.1299991607666,20.350000381469727,20.260000228881836,16.337624639080584,16.34574491713474,16.524387936756934,16.451306983054163,16.414766119006607,0.007044530215934996,-6.5,0.0,0.0,0.0,0.0,0.0,0.0,,,,,
frame_00104.png,1771858893064815881,1771858893.0648158,42.300870254620314,-83.69758622183073,238.1648406982422,-0.020722001282657332,-0.999424786748178,-0.012860001951893903,-0.023565115021954297,-0.019500000000000003,-0.0942,0.01042,-0.9146000000000001,-0.3734,-8.0749,7.26365231377223,16.248354406769653,20.270000457763672,20.18000030517578,20.279998779296875,20.260000228881836,16.459427261108324,16.38634630740555,16.467545990377808,16.451306983054163,16.44115663548646,0.011865954169271397,-6.200000286102295,0.0,0.0,0.0,0.0,0.0,0.0,,,,,
frame_00105.png,1771858893106037823,1771858893.1060379,42.30087029880633,-83.69759150679309,238.1627960205078,-0.021250641419210847,-0.9993776843593554,-0.013515484151862905,-0.024697893269376086,0.011860000000000002,-0.019680000000000003,0.010770000000000002,-0.1791,0.2369,-8.8854,7.252922709453708,16.22435292568538,20.309999465942383,20.25,20.149999618530273,20.260000228881836,16.49190682454029,16.443186705,16.361985473243067,16.451306983054163,16.43709649645938,0.013112607433310705,-6.200000286102295,0.0,0.0,0.0,0.0,0.0,0.0,,,,,
frame_00106.png,1771858893178540020,1771858893.17854,42.30087035186214,-83.69759677733124,238.15609741210938,-0.021842071628957294,-0.9993450069343066,-0.013988858846303145,-0.025234754815613315,-0.012670000000000002,0.013080000000000001,0.01233,-0.7138,1.8389,-9.1286,7.2391420616737685,16.193526443440522,20.34000015258789,20.119998931884766,20.219999313354492,20.09000015258789,16.516267658702777,16.337624639080584,16.41882587083752,16.313265353702775,16.396495880580915,0.012533986210434672,-6.0,0.0,0.0,44.0,0.0,0.0,0.0,,,,,
frame_00107.png,1771858893219077062,1771858893.219077,42.300870372530724,-83.69759853041973,238.15313720703125,-0.022003048987353224,-0.9993350420055105,-0.014350867818302044,-0.025286206674118468,-0.01932,-0.00591,0.009060000000000002,-1.5350000000000001,2.1357,-9.651100000000001,7.231315879505182,16.176019743500323,20.149999618530273,20.239999771118164,20.189998626708984,20.139999389648438,16.361985473243067,16.43506642694584,16.394465036675037,16.353865195188906,16.386345533013213,0.013002320277050892,-5.599999904632568,0.0,0.0,0.0,0.0,0.0,0.0,,,,,
frame_00108.png,1771858893268080671,1771858893.2680807,42.3008704586559,-83.69760378414146,238.1444549560547,-0.022170311955326483,-0.9993453079429693,-0.013625265632320634,-0.02513533163942976,0.04961000000000001,-0.012210000000000002,0.0029400000000000003,-0.8593000000000001,1.6889,-11.3724,7.228643667133765,16.170042164758204,20.219999313354492,20.189998626708984,20.3799991607666,20.189998626708984,16.41882587083752,16.394465036675037,16.548747222134743,16.394465036675037,16.439125791580583,0.016640873541371053,-4.700000286102295,0.0,0.0,0.0,0.0,0.0,0.0,,,,,
frame_00109.png,1771858893321162298,1771858893.3211622,42.30087052605397,-83.69760728684675,238.14035034179688,-0.02225038479373559,-0.9993536106735275,-0.012538777554854184,-0.025299412399184214,0.03212,-0.016800000000000002,0.01012,-0.2909,-0.07050000000000001,-9.9338,7.22802048013716,16.16864813283802,20.219999313354492,20.1299991607666,20.35999870300293,20.189998626708984,16.41882587083752,16.34574491713474,16.53250666602642,16.394465036675037,16.42288562266843,0.015724103075387245,-4.200000286102295,0.0,0.0,0.0,0.0,0.0,0.0,,,,,
frame_00110.png,1771858893368724213,1771858893.368724,42.30087062919293,-83.69761253855353,238.1365509033203,-0.02251391384547441,-0.9993503886749362,-0.01168525114621526,-0.025600375861735452,0.013050000000000003,-0.00966,0.011420000000000001,-0.4524,-0.36920000000000003,-9.2538,7.2218347273179555,16.15481097492663,20.219999313354492,20.34000015258789,20.18000030517578,20.149999618530273,16.41882587083752,16.516267658702777,16.38634630740555,16.361985473243067,16.420856327547227,0.01646849059599139,-4.5,0.0,0.0,0.0,0.0,0.0,0.0,,,,,
frame_00111.png,1771858893418861480,1771858893.4188616,42.30087072459089,-83.69761778770429,238.1320343017578,-0.022805559699588973,-0.9993454643899509,-0.011576328893797876,-0.025583937526589606,0.00524,0.007490000000000002,0.008090000000000002,-0.2798,-0.4428,-8.9727,7.217334884267167,16.1447450960126,20.260000228881836,20.170000076293945,20.189998626708984,20.189998626708984,16.451306983054163,16.37822602935139,16.394465036675037,16.394465036675037,16.404615771438905,0.016096300925214895,-4.5,0.0,0.0,0.0,0.0,0.0,0.0,,,,,
frame_00112.png,1771858893459119364,1771858893.4591193,42.300870780704365,-83.69762128294683,238.12738037109375,-0.02308464641441821,-0.9993363010738996,-0.011792377104407534,-0.025592895461143298,-0.009450000000000002,0.005230000000000001,0.012770000000000002,-0.6361,0.7191000000000001,-9.0104,7.216500018416964,16.142877551197643,20.19999885559082,20.189998626708984,20.229999542236328,20.189998626708984,16.402585314729194,16.394465036675037,16.426946148891677,16.394465036675037,16.40461538424274,0.016213827566676782,-4.300000190734863,0.0,0.0,28.0,0.0,0.0,0.0,,,,,
frame_00113.png,1771858893519762769,1771858893.5197628,42.30087086320316,-83.69762652589799,238.11825561523438,-0.023336803058005784,-0.9993335116989158,-0.01196221065394472,-0.02539353332672103,0.006870000000000001,0.015520000000000003,0.0036600000000000005,-0.5754,0.4985,-9.1203,7.203431314190758,16.113643643965876,20.239999771118164,20.189998626708984,20.149999618530273,20.189998626708984,16.43506642694584,16.394465036675037,16.361985473243067,16.394465036675037,16.396495493384748,0.01755356241384874,-3.6000001430511475,0.0,0.0,0.0,0.0,0.0,0.0,,,,,
frame_00114.png,1771858893569551597,1771858893.5695517,42.300870920258724,-83.69763001288551,238.11122131347656,-0.023402825283921513,-0.9993461595800395,-0.011971931585164094,-0.024824060011944628,0.0035700000000000007,0.036210000000000006,0.0023300000000000005,-0.5328,0.39280000000000004,-9.7719,7.190607812172937,16.08495823936213,20.19999885559082,20.149999618530273,20.18000030517578,20.170000076293945,16.402585314729194,16.361985473243067,16.38634630740555,16.37822602935139,16.382285781182297,0.01848481900889023,-3.0,0.0,0.0,0.0,0.0,0.0,0.0,,,,,
frame_00115.png,1771858893620657203,1771858893.6206572,42.300871011137076,-83.69763523566051,238.1010284423828,-0.02355921841787567,-0.999379710380395,-0.01149187914175398,-0.02351795954856956,0.022950000000000005,0.032720000000000006,0.007810000000000001,0.08120000000000001,0.7233,-10.689,7.186038944807849,16.07473795719847,20.1299991607666,20.10999870300293,20.189998626708984,20.10999870300293,16.34574491713474,16.32950436102642,16.394465036675037,16.32950436102642,16.349804668965653,0.017111738461901723,-2.6000001430511475,0.0,0.0,0.0,0.0,0.0,0.0,,,,,
frame_00116.png,1771858893680433704,1771858893.6804338,42.30087111152387,-83.6976404499373,238.09344482421875,-0.02368399742059657,-0.9994143902802954,-0.010158881152872674,-0.022510928469707186,0.05816,0.03137,0.0005600000000000002,-0.7055,0.16690000000000002,-10.4068,7.175663875030197,16.05152954861005,20.09000015258789,20.149999618530273,20.279998779296875,20.18000030517578,16.313265353702775,16.361985473243067,16.467545990377808,16.38634630740555,16.3822857811823,0.02060590123642724,-2.5,0.0,0.0,0.0,0.0,0.0,0.0,,,,,
frame_00117.png,1771858893721228527,1771858893.7212286,42.30087114564658,-83.69764218697162,238.091796875,-0.023735380920401727,-0.9994292603207788,-0.00961930157699064,-0.022028489380691074,0.034570000000000004,0.028400000000000005,0.0031800000000000005,-0.4621,0.2889,-10.842400000000001,7.1718775554685354,16.043059778929788,20.03999900817871,20.010000228881836,20.149999618530273,20.189998626708984,16.27266396343197,16.24830467805416,16.361985473243067,16.394465036675037,16.31935478785106,0.017222089347578618,-2.5,0.0,0.0,0.0,0.0,0.0,0.0,,,,,
frame_00118.png,1771858893771053474,1771858893.7710536,42.30087124585318,-83.69764740242768,238.0885772705078,-0.023812413727239246,-0.9994352287042556,-0.009765403848953696,-0.02160623671587451,-0.00909,0.010690000000000002,-0.0015900000000000003,-0.1351,-0.0729,-9.8922,7.17841276369478,16.0576786476194,19.959999084472656,19.969999313354492,20.1299991607666,20.029998779296875,16.207703287783357,16.215823565837518,16.34574491713474,16.26454368537781,16.258453864033356,0.01250337740715224,-2.5,0.0,0.0,44.0,0.0,0.0,0.0,,,,,
frame_00119.png,1771858893822094082,1771858893.822094,42.30087131135933,-83.69765088743442,238.0871124267578,-0.023831201029028803,-0.9994291194212901,-0.0096898268846447,-0.021900145324731703,0.019260000000000003,-0.025860000000000005,-0.0030700000000000002,-0.1218,0.19060000000000002,-9.842500000000001,7.194933160940058,16.094633785033256,20.010000228881836,19.939998626708984,20.0,19.959999084472656,16.24830467805416,16.191462731675035,16.2401844,16.207703287783357,16.22191377437814,0.007908225253515566,-2.5,0.0,0.0,56.0,0.0,0.0,0.0,,,,,
frame_00120.png,1771858893863403101,1771858893.863403,42.300871405787284,-83.69765612218254,238.08421325683594,-0.023914221612199194,-0.9994131467140326,-0.008980700305416965,-0.02282146362226335,0.027470000000000005,-0.04295000000000001,0.0034400000000000008,-0.3759,-0.05,-8.4536,7.203314958810623,16.113383363961834,20.020000457763672,19.969999313354492,19.959999084472656,20.029998779296875,16.256424956108322,16.215823565837518,16.207703287783357,16.26454368537781,16.236123873776755,0.007617302154520499,-2.4000000953674316,0.0,0.0,0.0,0.0,0.0,0.0,,,,,
frame_00121.png,1771858893922851121,1771858893.922851,42.300871502676465,-83.69766135956911,238.07821655273438,-0.024052242341882746,-0.9993737731540928,-0.008905600064665321,-0.024377068272605603,0.006730000000000001,-0.04555000000000001,0.005420000000000001,-0.9154,0.6266,-8.9832,7.199001932238635,16.103735382301892,20.06999969482422,20.0,20.049999237060547,20.0,16.297024797594453,16.2401844,16.28078424148613,16.2401844,16.264544459770146,0.009985824633270158,-2.200000047683716,0.0,0.0,0.0,0.0,0.0,0.0,,,,,
frame_00122.png,1771858893964726881,1771858893.9647267,42.300871563766975,-83.69766484854311,238.07298278808594,-0.024140310101093188,-0.9993541107908948,-0.008964314302791931,-0.0250648706887512,0.0019900000000000004,-0.03373,0.007070000000000001,-0.8691000000000001,1.5721,-9.2421,7.1851122033693455,16.072664892205026,20.09000015258789,20.1299991607666,20.010000228881836,19.979999542236328,16.313265353702775,16.34574491713474,16.24830467805416,16.22394384389168,16.28281469819584,0.013074982114057034,-2.200000047683716,0.0,0.0,0.0,0.0,0.0,0.0,,,,,
frame_00123.png,1771858894036366466,1771858894.0363667,42.300871669041086,-83.6976700582614,238.064208984375,-0.024123208546483255,-0.9993645321869462,-0.007784646331476661,-0.025059966035145827,0.04284,0.018160000000000003,-0.00384,-0.872,0.6161,-10.134,7.150211319783404,15.99459370967629,19.959999084472656,19.979999542236328,20.049999237060547,19.959999084472656,16.207703287783357,16.22394384389168,16.28078424148613,16.207703287783357,16.23003366523613,0.014719970999788987,-2.1000001430511475,0.0,0.0,28.0,0.0,0.0,0.0,,,,,
frame_00124.png,1771858894073887864,1771858894.0738878,42.30087174655059,-83.69767352002272,238.0592041015625,-0.024055827310059785,-0.9993799682195861,-0.007128092478499803,-0.024701955215445888,0.044140000000000006,0.026320000000000003,-0.006950000000000001,-0.3189,-0.07060000000000001,-10.937000000000001,7.144782068142441,15.982448799510554,19.920000076293945,19.959999084472656,20.049999237060547,20.059999465942383,16.175223724351387,16.207703287783357,16.28078424148613,16.288904519540292,16.238153943290293,0.015999121723297483,-2.1000001430511475,0.0,0.0,0.0,0.0,0.0,0.0,,,,,
frame_00125.png,1771858894116917861,1771858894.1169178,42.300871861631045,-83.69767871909167,238.0553436279297,-0.023911893705612253,-0.9993878361181064,-0.006457912855792527,-0.024707685446587278,0.027070000000000004,-0.015770000000000003,-0.011050000000000003,-0.2692,-0.4806,-11.72,7.147753956242159,15.989096734876336,20.03999900817871,19.899999618530273,20.149999618530273,20.079999923706055,16.27266396343197,16.158983168243065,16.361985473243067,16.305145075648614,16.274694420141678,0.017862027480412965,-2.1000001430511475,0.0,0.0,0.0,0.0,0.0,0.0,,,,,
frame_00126.png,1771858894166009102,1771858894.1660092,42.300871897774684,-83.69768045477274,238.05538940429688,-0.02391852685795881,-0.9993730623698025,-0.006589685395858138,-0.025257916163673583,-0.01744,-0.036390000000000006,0.005000000000000001,-0.9306000000000001,0.5304,-10.5207,7.145682978281857,15.98446408143782,20.139999389648438,19.969999313354492,20.18000030517578,20.119998931884766,16.353865195188906,16.215823565837518,16.38634630740555,16.337624639080584,16.32341492687814,0.02120501780437746,-2.1000001430511475,0.0,0.0,0.0,0.0,0.0,0.0,,,,,
frame_00127.png,1771858894239560150,1771858894.2395601,42.30087205382345,-83.6976891050848,238.053466796875,-0.024061367241847098,-0.9993713346364322,-0.006461022524041642,-0.025223824083457105,0.02909,0.028670000000000005,0.006940000000000001,-0.9754,-0.5158,-6.6371,7.116413745351959,15.918990563527613,20.09000015258789,19.969999313354492,19.979999542236328,19.8799991607666,16.313265353702775,16.215823565837518,16.22394384389168,16.142742612134743,16.22394384389168,0.019156571463943915,-2.0,0.0,0.0,0.0,0.0,0.0,0.0,,,,,
frame_00128.png,1771858894268202462,1771858894.2682025,42.30087208560903,-83.69769082998035,238.0504608154297,-0.024115169679112425,-0.9993943598584385,-0.0061325251667724585,-0.024326204175097083,0.025600000000000005,0.07288000000000001,0.0006600000000000001,-0.4766,0.3544,-7.1084000000000005,7.104163602520261,15.891587729021674,20.010000228881836,20.010000228881836,19.8799991607666,19.959999084472656,16.24830467805416,16.24830467805416,16.142742612134743,16.207703287783357,16.211763814006606,0.020147520212861824,-1.899999976158142,0.0,0.0,0.0,0.0,0.0,0.0,,,,,
frame_00129.png,1771858894317854959,1771858894.317855,42.30087218032954,-83.69769599176495,238.03477478027344,-0.024213166427193622,-0.9994379058433971,-0.005679513491807292,-0.02247972556394886,-0.011930000000000003,0.07745000000000002,0.0041800000000000006,-0.19410000000000002,-0.45890000000000003,-8.734200000000001,7.108197828056491,15.900612049492688,19.93000030517578,19.84000015258789,19.779998779296875,19.81999969482422,16.183344002405548,16.110263048702777,16.061541380377808,16.094022492594455,16.112292731020148,0.013312737954273488,-1.0,0.0,0.0,0.0,0.0,0.0,0.0,,,,,
frame_00130.png,1771858894368002720,1771858894.368003,42.300872245368126,-83.69769943493985,238.02281188964844,-0.02420584091101491,-0.9994570029311141,-0.0055565801166084176,-0.02165412143573118,0.024290000000000003,0.033650000000000006,-0.00068,-0.6392,0.2511,-12.905100000000001,7.119379921209436,15.925625720950237,19.899999618530273,19.549999237060547,19.739999771118164,19.84000015258789,16.158983168243065,15.874779631486131,16.029061816945838,16.110263048702777,16.04327191634445,0.007387225937342671,0.20000000298023224,0.0,0.0,0.0,0.0,0.0,0.0,,,,,
frame_00131.png,1771858894418448013,1771858894.4184482,42.30087236051717,-83.69770462322447,238.01100158691406,-0.02413292838233766,-0.9994508123123498,-0.004478191719854235,-0.022262554543388022,0.054290000000000005,-0.06568,-0.0017800000000000001,-0.058100000000000006,1.6631,-13.007000000000001,7.156886755971589,16.009526259903087,19.439998626708984,19.600000381469727,19.75,19.649999618530273,15.785458121675035,15.915381021756936,16.037182095000002,15.955980863243067,15.92350052541876,0.005373409124527566,1.2000000476837158,0.0,0.0,0.0,0.0,0.0,0.0,,,,,
frame_00132.png,1771858894469396993,1771858894.469397,42.30087248800072,-83.69770984649679,238.0072784423828,-0.02399593287401186,-0.9993967719934388,-0.0026454717954793993,-0.02496575281419895,0.07669000000000001,-0.15744000000000002,-0.005860000000000001,1.7118,0.6868000000000001,-12.038300000000001,7.208318267925651,16.124575466253606,19.6299991607666,19.44999885559082,19.59000015258789,19.6299991607666,15.939740307134743,15.793578399729196,15.907260743702773,15.939740307134743,15.895079939425363,0.014232655446249983,1.399999976158142,0.0,0.0,0.0,0.0,0.0,0.0,,,,,
frame_00133.png,1771858894519922190,1771858894.5199223,42.3008725288121,-83.69771159691484,238.00721740722656,-0.023972624536827913,-0.9992953347271067,-0.0018331255053177769,-0.0288233744786749,-0.013720000000000001,-0.21453000000000003,-0.008040000000000002,1.4282000000000001,-1.4693,-9.931700000000001,7.235498310003587,16.185375589579426,19.619998931884766,19.510000228881836,19.69999885559082,19.779998779296875,15.931620029080582,15.842300068054161,15.996580704729196,16.061541380377808,15.958010545560438,0.014047560574706214,1.100000023841858,0.0,0.0,0.0,0.0,0.0,0.0,,,,,
frame_00134.png,1771858894569575777,1771858894.5695758,42.300872635707385,-83.69771686744508,238.0085906982422,-0.023833724283629232,-0.9990699711255917,-0.0019929281367139506,-0.03587721588032543,-0.01896,-0.22967000000000004,-0.007170000000000001,-0.5457000000000001,-1.4056,-8.289100000000001,7.217537799854047,16.145199006005512,19.649999618530273,19.65999984741211,19.739999771118164,19.850000381469727,15.955980863243067,15.964101141297226,16.029061816945838,16.118383326756934,16.01688178706077,0.00794770128860066,1.100000023841858,0.0,0.0,0.0,0.0,0.0,0.0,,,,,
frame_00135.png,1771858894629852363,1771858894.6298525,42.300872720476875,-83.69772211144301,238.00706481933594,-0.02380210705548841,-0.9988906490917375,-0.0029948120310546514,-0.04052112976836883,-0.050420000000000006,-0.17322000000000004,-0.006940000000000001,-3.048,-0.18380000000000002,-8.3134,7.1552696247138865,16.005908834307483,20.0,20.03999900817871,19.959999084472656,19.979999542236328,16.2401844,16.27266396343197,16.207703287783357,16.22394384389168,16.23612387377675,0.014383128246727184,1.899999976158142,0.0,0.0,0.0,0.0,0.0,0.0,,,,,
frame_00136.png,1771858894679415105,1771858894.679415,42.30087279347782,-83.69772728866108,237.9992218017578,-0.023655427516069916,-0.9988322420344008,-0.004120577325020861,-0.041923667111456904,-0.05212000000000001,0.00877,-0.00515,-3.3367,0.5308,-7.9965,7.048864975895034,15.767888019178638,19.75,19.829999923706055,19.920000076293945,20.18000030517578,16.037182095000002,16.102142770648612,16.175223724351387,16.38634630740555,16.175223724351387,0.02583324441911954,2.6000001430511475,0.0,0.0,0.0,0.0,0.0,0.0,,,,,
frame_00137.png,1771858894721271408,1771858894.7212713,42.300872817063635,-83.69772899366528,237.99497985839844,-0.02341010341142663,-0.9989285614758228,-0.005117622718268627,-0.039591742369121594,-0.04293,0.13871000000000003,-0.004890000000000001,-2.2396000000000003,-0.5009,-9.1122,7.015669962178877,15.693632765196417,19.889999389648438,19.84000015258789,20.0,20.10999870300293,16.150862890188904,16.110263048702777,16.2401844,16.32950436102642,16.207703674979527,0.03275665471943236,3.299999952316284,0.0,0.0,0.0,0.0,0.0,0.0,,,,,
frame_00138.png,1771858894780029722,1771858894.7800298,42.30087288099236,-83.69773408363464,237.98049926757812,-0.023187375461814486,-0.9990574915669204,-0.005997231115709134,-0.03620093068072638,-0.016880000000000003,0.18311000000000002,-0.018990000000000003,-1.3675000000000002,-0.162,-9.0297,6.966366318818224,15.583343473217239,19.6299991607666,19.779998779296875,20.229999542236328,20.260000228881836,15.939740307134743,16.061541380377808,16.426946148891677,16.451306983054163,16.2198837048646,0.040847474917136306,3.9000000953674316,0.0,0.0,0.0,0.0,0.0,0.0,,,,,
frame_00139.png,1771858894831001671,1771858894.8310015,42.300872949794744,-83.69773914347854,237.96446228027344,-0.022798220417634907,-0.9992376639755395,-0.007096198700901552,-0.030886501946532894,-0.0037700000000000003,0.18567,-0.025050000000000003,1.6162,1.6858000000000002,-10.4722,6.975396590021361,15.603543648082383,19.670000076293945,19.869998931884766,20.270000457763672,19.94999885559082,15.972221419351389,16.134622334080582,16.459427261108324,16.199583009729196,16.19146350606737,0.03767861142601683,4.099999904632568,0.0,0.0,0.0,0.0,0.0,0.0,,,,,
frame_00140.png,1771858894873761928,1771858894.8737621,42.300873045148926,-83.69774420238932,237.94932556152344,-0.022232459564752005,-0.9993774209107242,-0.006587623037542267,-0.026591192869932608,0.06013000000000001,0.15566000000000002,-0.030760000000000003,1.3006,2.7488,-8.4593,6.9893490121076,15.634754379143976,19.78999900817871,19.93000030517578,19.829999923706055,20.079999923706055,16.06966165843197,16.183344002405548,16.102142770648612,16.305145075648614,16.165073376783685,0.03391924073633862,3.9000000953674316,0.0,0.0,0.0,0.0,0.0,0.0,,,,,
frame_00141.png,1771858894923694746,1771858894.9236948,42.30087307955192,-83.69774588881938,237.9439239501953,-0.021609782809512312,-0.9994804697841684,-0.005013253601512143,-0.02338108413377275,0.04653000000000001,0.19254000000000002,-0.026230000000000003,-0.8676,-1.5392000000000001,-6.164000000000001,6.986697288910092,15.628822633454542,19.6299991607666,19.869998931884766,19.53999900817871,19.44999885559082,15.939740307134743,16.134622334080582,15.866659353431968,15.793578399729196,15.933650098594121,0.019504186098259,3.5,0.0,0.0,0.0,0.0,0.0,0.0,,,,,
frame_00142.png,1771858894983521455,1771858894.9835215,42.30087321565132,-83.69775265817992,237.90399169921875,-0.02065721252195185,-0.999598569147983,-0.004603663785533734,-0.018835774682182525,-0.022490000000000003,0.07219000000000002,-0.016010000000000003,0.10790000000000001,1.0927,-15.3244,7.014506799638278,15.691030840382851,19.549999237060547,19.619998931884766,19.25,19.350000381469727,15.874779631486131,15.931620029080582,15.631177485000002,15.712378716756936,15.787488965580913,0.006147341508616163,3.1000001430511475,0.0,0.0,0.0,0.0,0.0,0.0,,,,,
frame_00143.png,1771858895034449238,1771858895.034449,42.30087329859608,-83.69775776266883,237.8759307861328,-0.02019342768815391,-0.9996272598712039,-0.0045802319360290725,-0.017792927696250186,-0.032440000000000004,-0.05927000000000001,-0.009880000000000002,0.0337,-0.4249,-13.406500000000001,7.057665336463578,15.787573897748837,19.25,19.34000015258789,19.309999465942383,19.35999870300293,15.631177485000002,15.704258438702775,15.679897604540292,15.720497446026421,15.683957743567372,0.006563146107980489,2.9000000953674316,0.0,0.0,0.0,0.0,0.0,0.0,,,,,
frame_00144.png,1771858895095658648,1771858895.0956588,42.30087334338973,-83.69776118177538,237.86444091796875,-0.020013086761613952,-0.9995920179445632,-0.0053340546609623235,-0.019667787894470535,-0.02324,-0.08220000000000001,-0.00026000000000000003,-1.0526,-0.6708000000000001,-13.7232,7.05691733618624,15.785900666008448,19.189998626708984,19.1299991607666,18.969999313354492,19.010000228881836,15.582455816675035,15.533735697134745,15.403814345837517,15.436295458054161,15.489075329425365,0.018803192979810965,2.1000001430511475,0.0,0.0,0.0,0.0,0.0,0.0,,,,,
frame_00145.png,1771858895124627253,1771858895.124627,42.30087337184348,-83.697764619027,237.8614959716797,-0.019857530358978637,-0.9995124064992882,-0.0063012855979707825,-0.023257720048554045,-0.04876000000000001,-0.23634000000000005,-0.0021400000000000004,-1.469,-0.012700000000000001,-15.1287,7.085872294714238,15.85067117093807,19.09000015258789,19.059999465942383,19.18000030517578,19.229999542236328,15.501256133702775,15.476895299540292,15.57433708740555,15.614936928891678,15.541856362385074,0.019482759135095916,1.399999976158142,0.0,0.0,0.0,0.0,0.0,0.0,,,,,
frame_00146.png,1771858895174534550,1771858895.1745346,42.30087340420099,-83.69776978110566,237.86602783203125,-0.019715013379441926,-0.9993302473884402,-0.008086788552281558,-0.029748592452718665,-0.07513,-0.21602000000000005,-0.006600000000000001,-1.0292000000000001,-0.8061,-11.434000000000001,7.067527903702471,15.809635868908208,19.3799991607666,19.15999984741211,19.510000228881836,19.600000381469727,15.736738002134743,15.558096531297227,15.842300068054161,15.915381021756936,15.763128905810767,0.002941684646191194,0.4000000059604645,0.0,0.0,0.0,0.0,0.0,0.0,,,,,
frame_00147.png,1771858895225308892,1771858895.225309,42.300873428700534,-83.69777492227584,237.87823486328125,-0.019669621192367592,-0.9991416575380332,-0.010103625814186933,-0.03502814467977656,-0.06538000000000001,-0.19023000000000004,-0.00124,-0.5802,1.8903,-7.7974000000000006,7.008531305318868,15.677664018119989,19.5,19.44999885559082,19.469999313354492,19.529998779296875,15.83417979,15.793578399729196,15.809818955837516,15.85853907537781,15.824029055236132,0.009335895765273203,0.20000000298023224,0.0,0.0,0.0,0.0,0.0,0.0,,,,,
frame_00148.png,1771858895285247973,1771858895.285248,42.300873457367054,-83.69777999419753,237.88247680664062,-0.019616372148156758,-0.9990541926627186,-0.011051372975617507,-0.03719926373118504,-0.039520000000000007,-0.00576,-0.010470000000000002,-3.3057000000000003,0.4752,-4.0325,6.9105384913606365,15.458459972864263,19.59000015258789,19.6299991607666,19.6299991607666,19.559999465942383,15.907260743702773,15.939740307134743,15.939740307134743,15.882899909540292,15.917410316878138,0.02968926690107003,0.20000000298023224,0.0,0.0,0.0,0.0,0.0,0.0,,,,,
frame_00149.png,1771858895335392459,1771858895.3353925,42.30087348421664,-83.69778334394249,237.87625122070312,-0.019243682828194553,-0.9991229979412524,-0.011321327894888124,-0.03542235439363371,0.013380000000000003,0.09018000000000002,-0.01616,-0.9522,1.1740000000000002,-6.7138,6.874700610887064,15.378292784517711,19.579999923706055,19.559999465942383,19.469999313354492,19.549999237060547,15.899140465648614,15.882899909540292,15.809818955837516,15.874779631486131,15.866659740628137,0.03175690325015109,0.20000000298023224,0.0,0.0,0.0,0.0,0.0,0.0,,,,,
frame_00150.png,1771858895376777481,1771858895.3767774,42.300873532308266,-83.69778667049802,237.8636016845703,-0.01909404434612999,-0.999227893849141,-0.01071454985961689,-0.032622569574206436,0.048650000000000006,0.18014000000000005,-0.00286,-0.7155,0.9427000000000001,-8.2402,6.862251684695797,15.350445283563417,19.420000076293945,19.34000015258789,19.489999771118164,19.44999885559082,15.769219114351388,15.704258438702775,15.82605951194584,15.793578399729196,15.773278866182299,0.027545362678933715,0.20000000298023224,0.0,0.0,0.0,0.0,0.0,0.0,,,,,
frame_00151.png,1771858895427885776,1771858895.4278858,42.30087355066957,-83.6977883334891,237.85671997070312,-0.01888849363121564,-0.9993578206704545,-0.010046944215211217,-0.028744216550102668,0.020170000000000004,0.14461000000000002,-0.0017200000000000004,0.0954,0.8076,-10.212,6.881126106458566,15.392666232581425,19.43000030517578,19.489999771118164,19.3799991607666,19.439998626708984,15.77733939240555,15.82605951194584,15.736738002134743,15.785458121675035,15.781398757040291,0.02525439833393141,0.4000000059604645,0.0,0.0,0.0,0.0,0.0,0.0,,,,,
frame_00152.png,1771858895487307207,1771858895.4873073,42.30087365438056,-83.69779500065036,237.82655334472656,-0.018703844811274184,-0.9994318737464847,-0.00987498145158441,-0.026240820684521243,-0.012620000000000003,0.0405,-0.00222,-0.22610000000000002,0.2911,-10.6569,6.925157744032839,15.491162363936821,19.329999923706055,19.549999237060547,19.420000076293945,19.43000030517578,15.696138160648614,15.874779631486131,15.769219114351388,15.77733939240555,15.77936907472292,0.018604589120893838,0.5,0.0,0.0,0.0,0.0,0.0,0.0,,,,,
frame_00153.png,1771858895529910013,1771858895.52991,42.300873702318746,-83.6977983466122,237.8141326904297,-0.018578077104041635,-0.9994697962922561,-0.00966282688152417,-0.024932130420209895,0.0014700000000000002,0.05118000000000001,-0.01157,0.7971,-0.9438000000000001,-10.4547,6.923545501935945,15.487555875100593,19.459999084472656,19.459999084472656,19.479999542236328,19.369998931884766,15.801698677783357,15.801698677783357,15.817939233891678,15.728617724080582,15.787488578384743,0.019366044952667597,0.6000000238418579,0.0,0.0,0.0,0.0,0.0,0.0,,,,,
frame_00154.png,1771858895579005650,1771858895.5790057,42.30087379049187,-83.69780505208767,237.79454040527344,-0.01844885034154825,-0.9994867469235947,-0.0098607646780288,-0.024262068442934614,0.00468,0.0009000000000000002,-0.009130000000000001,-0.1779,-0.1544,-10.592400000000001,6.93162516678441,15.505629600586719,19.15999984741211,19.399999618530273,19.439998626708984,19.44999885559082,15.558096531297227,15.752978558243067,15.785458121675035,15.793578399729196,15.722527902736132,0.013988358276093883,0.5,0.0,0.0,0.0,0.0,0.0,0.0,,,,,
frame_00155.png,1771858895629888589,1771858895.6298885,42.3008738174607,-83.69780673141736,237.79006958007812,-0.018267762126550402,-0.9995017778684273,-0.009952062592060966,-0.02373691965913419,0.010410000000000003,0.0024600000000000004,-0.01523,0.7617,-1.0541,-11.2067,6.944963932365154,15.53546761886491,19.6299991607666,19.15999984741211,19.369998931884766,19.510000228881836,15.939740307134743,15.558096531297227,15.728617724080582,15.842300068054161,15.767188657641679,0.014915614029885204,0.800000011920929,0.0,0.0,0.0,0.0,0.0,0.0,,,,,
frame_00156.png,1771858895689237566,1771858895.6892376,42.30087386557354,-83.69781177838777,237.78065490722656,-0.018201567939140406,-0.9994807928192122,-0.011071032634789821,-0.02417188338618435,-0.04113000000000001,-0.022060000000000003,-0.006840000000000001,-0.5930000000000001,-0.1136,-10.0435,6.9286530439281275,15.498981140084586,19.59000015258789,19.489999771118164,19.459999084472656,19.439998626708984,15.907260743702773,15.82605951194584,15.801698677783357,15.785458121675035,15.830119263776751,0.021365154309127568,1.3000000715255737,0.0,0.0,0.0,0.0,0.0,0.0,,,,,
frame_00157.png,1771858895732706774,1771858895.7327068,42.30087390732466,-83.69781680009619,237.77210998535156,-0.018103984178382382,-0.9994819375374047,-0.011766132497343058,-0.023867559980013178,-0.0023500000000000005,0.028140000000000005,-0.0038700000000000006,-2.1762,1.0846,-9.310500000000001,6.882510232672945,15.395762439875417,19.439998626708984,19.549999237060547,19.5,19.469999313354492,15.785458121675035,15.874779631486131,15.83417979,15.809818955837516,15.82605912474967,0.027949033804248135,1.600000023841858,0.0,0.0,0.0,0.0,0.0,0.0,,,,,
frame_00158.png,1771858895781700469,1771858895.7817004,42.30087391688513,-83.69781846971482,237.7693328857422,-0.017998331364624587,-0.9995106176354537,-0.012072658646123197,-0.022557398238665125,-0.03327000000000001,0.06499,-0.010690000000000002,-1.2765,-0.1077,-8.7864,6.864904162151899,15.35637871648407,19.5,19.510000228881836,19.84000015258789,19.739999771118164,15.83417979,15.842300068054161,16.110263048702777,16.029061816945838,15.953951180925696,0.038913631623331287,1.899999976158142,0.0,0.0,0.0,0.0,0.0,0.0,,,,,
frame_00159.png,1771858895831557760,1771858895.8315578,42.3008739611803,-83.6978234536216,237.75942993164062,-0.017837766375054243,-0.9995660510632208,-0.011852378186089266,-0.020224855598039684,8e-05,0.07801000000000001,-0.004390000000000001,-1.0597,-0.8206,-9.769300000000001,6.850495876055816,15.324148244984297,19.479999542236328,19.489999771118164,19.510000228881836,19.43000030517578,15.817939233891678,15.82605951194584,15.842300068054161,15.77733939240555,15.815909551574308,0.032090612719761935,1.899999976158142,0.0,0.0,0.0,0.0,0.0,0.0,,,,,
frame_00160.png,1771858895883361014,1771858895.883361,42.30087401087234,-83.69782843210801,237.74951171875,-0.017710563543141156,-0.9996245532632808,-0.011782341407444866,-0.01727034693134642,0.00338,0.11877000000000001,-0.0033000000000000004,-1.0219,-0.2624,-8.807,6.839178134281937,15.298831135700638,19.209999084472656,19.399999618530273,19.19999885559082,19.25,15.598696372783357,15.752978558243067,15.590576094729194,15.631177485000002,15.643357127688905,0.022519759119655675,1.899999976158142,0.0,0.0,0.0,0.0,0.0,0.0,,,,,
frame_00161.png,1771858895953452606,1771858895.9534526,42.30087407901794,-83.69783508762099,237.73724365234375,-0.017378251536842915,-0.9996682616756669,-0.012342910694878972,-0.014457369312942562,0.00412,0.01806,-0.004950000000000001,0.10400000000000001,0.6936,-10.7612,6.868066684889306,15.363453090096286,19.229999542236328,19.279998779296875,19.520000457763672,19.329999923706055,15.614936928891678,15.65553677037781,15.850420346108324,15.696138160648614,15.704258051506606,0.022182836072836585,1.899999976158142,0.0,0.0,0.0,0.0,0.0,0.0,,,,,
frame_00162.png,1771858895983978740,1771858895.9839787,42.30087407901794,-83.69783508762099,237.73724365234375,-0.017212364213329556,-0.9996716597806996,-0.012499291820817616,-0.014285477012224254,-0.026960000000000005,-0.024270000000000003,-0.007040000000000001,0.0024000000000000002,0.3718,-10.648800000000001,6.890178291815999,15.41291542809488,19.189998626708984,19.19999885559082,19.35999870300293,19.329999923706055,15.582455816675035,15.590576094729194,15.720497446026421,15.696138160648614,15.647416879519817,0.015214607029990175,1.899999976158142,0.0,0.0,0.0,0.0,0.0,0.0,,,,,
frame_00163.png,1771858896042436297,1771858896.0424364,42.30087412895692,-83.69784010153361,237.73374938964844,-0.01700453145949532,-0.9996649905744817,-0.012287942746066467,-0.015157803027945973,0.022600000000000006,-0.05376000000000001,-0.011860000000000002,-0.6681,0.6485000000000001,-10.5516,6.89846185049883,15.431445251854853,19.28999900817871,19.139999389648438,19.059999465942383,18.989999771118164,15.663657048431968,15.541855975188904,15.476895299540292,15.42005490194584,15.525615806276752,0.0061025103536935035,1.899999976158142,0.0,0.0,0.0,0.0,0.0,0.0,,,,,
frame_00164.png,1771858896083896024,1771858896.0838962,42.300874178646225,-83.69784512291353,237.7311248779297,-0.016782783075302565,-0.9996537766341547,-0.012096688985232907,-0.016258387648015706,-0.009020000000000002,-0.05547000000000001,-0.0023000000000000004,-1.4062000000000001,1.2136,-8.7729,6.893237757547257,15.419759269367763,19.15999984741211,19.10999870300293,19.010000228881836,19.010000228881836,15.558096531297227,15.517495141026421,15.436295458054161,15.436295458054161,15.487045647107992,0.004363646446407095,1.899999976158142,0.0,0.0,0.0,0.0,0.0,0.0,,,,,
frame_00165.png,1771858896134625860,1771858896.1346257,42.30087421813143,-83.69785014434729,237.7296600341797,-0.016707245616426614,-0.999632621597855,-0.012740189546616605,-0.01712242248130241,0.004280000000000001,-0.034050000000000004,0.0005700000000000001,-0.10070000000000001,2.9027000000000003,-11.1693,6.872636761497911,15.373676077265138,18.81999969482422,18.94999885559082,19.149999618530273,18.959999084472656,15.282013272594453,15.387573789729194,15.549976253243067,15.395694067783356,15.403814345837517,0.0019603813961547195,1.899999976158142,0.0,0.0,0.0,0.0,0.0,0.0,,,,,
frame_00166.png,1771858896184220212,1771858896.18422,42.30087422312456,-83.697851818903,237.7308807373047,-0.016493875410938774,-0.9995994505337442,-0.01293159104540301,-0.019017479317712582,0.020160000000000004,-0.08513000000000001,-0.0030400000000000006,0.42400000000000004,2.7070000000000003,-11.2039,6.876694775397342,15.382753610877332,19.029998779296875,19.059999465942383,19.189998626708984,19.170000076293945,15.45253446537781,15.476895299540292,15.582455816675035,15.566216809351387,15.51952559773613,0.008891255123665604,1.899999976158142,0.0,0.0,0.0,0.0,0.0,0.0,,,,,
frame_00167.png,1771858896235273512,1771858896.2352734,42.300874269397774,-83.69785851224682,237.74264526367188,-0.016314420153723364,-0.9995642693773061,-0.012529357080538494,-0.021168993608769303,0.031810000000000005,-0.08280000000000001,-0.007130000000000001,-1.1277000000000001,2.6503,-9.0815,6.855589460657236,15.335542288122598,19.020000457763672,19.1299991607666,19.149999618530273,19.15999984741211,15.444415736108322,15.533735697134745,15.549976253243067,15.558096531297227,15.521556054445838,0.012129585170738198,1.8000000715255737,0.0,0.0,0.0,0.0,0.0,0.0,,,,,
frame_00168.png,1771858896294851765,1771858896.2948518,42.30087431191041,-83.69786352117495,237.75155639648438,-0.01596781695766908,-0.9995402048177611,-0.011808290282760106,-0.022912268658357073,0.01314,-0.02553,-0.016840000000000004,-0.7337,-0.7169,-8.4291,6.8352632162888485,15.290073699045177,19.029998779296875,19.100000381469727,19.139999389648438,19.260000228881836,15.45253446537781,15.509376411756936,15.541855975188904,15.639297763054161,15.535766153844452,0.01606875543148091,1.7000000476837158,0.0,0.0,0.0,0.0,0.0,0.0,,,,,
frame_00169.png,1771858896346969731,1771858896.3469698,42.30087434097328,-83.6978668541897,237.75474548339844,-0.015741756908606463,-0.9995330986784521,-0.011499444544845687,-0.023527526662229264,0.011530000000000002,-0.0177,-0.01984,-0.4975,-0.8356,-7.8936,6.825956081578535,15.269254197126289,19.100000381469727,19.059999465942383,19.100000381469727,19.139999389648438,15.509376411756936,15.476895299540292,15.509376411756936,15.541855975188904,15.509376024560767,0.015725838625416953,1.7000000476837158,0.0,0.0,0.0,0.0,0.0,0.0,,,,,
frame_00170.png,1771858896388010414,1771858896.3880105,42.30087439629645,-83.69787183260584,237.75233459472656,-0.015413629494991865,-0.9995363213116505,-0.01115237489358562,-0.023773660609937592,0.0061400000000000005,-0.006520000000000001,-0.015430000000000001,-0.6183000000000001,-0.9452,-7.5906,6.8157217400325365,15.246360589148383,19.059999465942383,19.1299991607666,19.049999237060547,19.100000381469727,15.476895299540292,15.533735697134745,15.46877502148613,15.509376411756936,15.497195607479526,0.016452124221020676,1.7000000476837158,0.0,0.0,0.0,0.0,0.0,0.0,,,,,
frame_00171.png,1771858896446937327,1771858896.4469373,42.30087444575261,-83.69787679973301,237.74319458007812,-0.01505367977909522,-0.9995559474935325,-0.010731115049769738,-0.02336958975257863,0.023950000000000003,0.00855,-0.013700000000000002,-0.5206000000000001,-0.4471,-8.523900000000001,6.804580050533272,15.221437298239898,19.06999969482422,19.170000076293945,18.989999771118164,19.10999870300293,15.485015577594451,15.566216809351387,15.42005490194584,15.517495141026421,15.497195607479524,0.01811644352872724,1.600000023841858,0.0,0.0,0.0,0.0,0.0,0.0,,,,,
frame_00172.png,1771858896487492468,1771858896.4874923,42.30087445805788,-83.6978784488403,237.7391357421875,-0.014853201109221337,-0.9995725945693796,-0.010563919326082496,-0.02285638228416761,0.0166,0.027230000000000004,-0.011300000000000003,-0.37360000000000004,0.5437000000000001,-9.7094,6.798770013225498,15.208440593384648,19.100000381469727,19.10999870300293,19.010000228881836,19.049999237060547,15.509376411756936,15.517495141026421,15.436295458054161,15.46877502148613,15.482985508080912,0.01805214104697134,1.2000000476837158,0.0,0.0,0.0,0.0,0.0,0.0,,,,,
frame_00173.png,1771858896547470723,1771858896.5474708,42.30087450103562,-83.69788340516081,237.7267608642578,-0.01454444039814451,-0.9995961119791914,-0.010429983291431313,-0.022074592139594226,-0.0008900000000000001,0.0238,-0.008040000000000002,-0.6449,0.5546,-10.9505,6.790999210436896,15.19105777379471,19.100000381469727,19.15999984741211,18.969999313354492,19.100000381469727,15.509376411756936,15.558096531297227,15.403814345837517,15.509376411756936,15.495165925162155,0.02001889242314943,0.6000000238418579,0.0,0.0,0.0,0.0,0.0,0.0,,,,,
frame_00174.png,1771858896589883027,1771858896.589883,42.300874528801685,-83.69788671123918,237.71983337402344,-0.014379660427714103,-0.9996067602121328,-0.010380976393544268,-0.021720626908629446,-0.006260000000000001,0.023250000000000003,-0.011580000000000002,-0.4732,-0.5854,-10.6788,6.787533229815575,15.183304583103654,19.0,19.03999900817871,18.94999885559082,19.03999900817871,15.428175180000002,15.46065474343197,15.387573789729194,15.46065474343197,15.434264614148283,0.016528683177699243,0.30000001192092896,0.0,0.0,0.0,0.0,0.0,0.0,,,,,
frame_00175.png,1771858896641508849,1771858896.6415088,42.30087456962946,-83.69789166685868,237.71295166015625,-0.014097705342196287,-0.9996211172368753,-0.010260396294296849,-0.021297909429562795,-0.00034,0.004890000000000001,-0.00812,0.1778,-0.4546,-10.953700000000001,6.791143656203842,15.191380890308624,19.139999389648438,19.1299991607666,18.94999885559082,19.09000015258789,15.541855975188904,15.533735697134745,15.387573789729194,15.501256133702775,15.491105398938904,0.01972990545062894,-0.5,0.0,0.0,0.0,0.0,0.0,0.0,,,,,
frame_00176.png,1771858896700294497,1771858896.7002945,42.300874614481806,-83.69789663729924,237.71109008789062,-0.013823491381282305,-0.9996118883093421,-0.01005970713687979,-0.02199513875798685,0.0088,-0.016940000000000004,-0.00487,-0.5877,1.6332,-10.2878,6.793769818888968,15.19725545866549,19.15999984741211,18.939998626708984,19.03999900817871,19.029998779296875,15.558096531297227,15.379453511675035,15.46065474343197,15.45253446537781,15.462684812945511,0.01746561114287734,-1.399999976158142,0.0,0.0,0.0,0.0,0.0,0.0,,,,,
frame_00177.png,1771858896740630870,1771858896.7406309,42.300874634893994,-83.69789994344137,237.71121215820312,-0.013658173085522196,-0.9996022230447477,-0.009835862877304494,-0.022629754603693836,-0.0049900000000000005,-0.052050000000000006,-0.0035100000000000005,-1.9131,-0.42060000000000003,-10.2555,6.78576331825984,15.179345397148168,19.03999900817871,18.979999542236328,18.989999771118164,19.0,15.46065474343197,15.411934623891678,15.42005490194584,15.428175180000002,15.430204862317373,0.016526369128956976,-1.7000000476837158,0.0,0.0,0.0,0.0,0.0,0.0,,,,,
frame_00178.png,1771858896801215168,1771858896.8012152,42.3008746688357,-83.69790490983091,237.71078491210938,-0.013485178977317824,-0.9995917637206297,-0.010087171109093379,-0.023080399234982407,0.014140000000000002,0.0038000000000000004,-0.009130000000000001,-1.1058000000000001,0.6355000000000001,-9.1556,6.7742666736932176,15.153628093051307,18.739999771118164,18.889999389648438,18.989999771118164,18.93000030517578,15.21705259694584,15.338853670188904,15.42005490194584,15.37133478240555,15.336823987871533,0.012089243163109619,-2.1000001430511475,0.0,0.0,0.0,0.0,0.0,0.0,,,,,
frame_00179.png,1771858896843962578,1771858896.8439627,42.30087468152489,-83.69790656783695,237.7103729248047,-0.013451464336634245,-0.9995817762472594,-0.010156455909871135,-0.02349844898976735,-0.0029500000000000004,-0.031520000000000006,0.0034300000000000003,-0.8013,0.9055000000000001,-8.9216,6.788199926177841,15.18479594286426,18.989999771118164,18.989999771118164,18.959999084472656,18.85999870300293,15.42005490194584,15.42005490194584,15.395694067783356,15.314492836026421,15.387574176925362,0.013354030888797844,-2.4000000953674316,0.0,0.0,0.0,0.0,0.0,0.0,,,,,
frame_00180.png,1771858896891145074,1771858896.891145,42.3008747158258,-83.69791152759628,237.70657348632812,-0.013440079576459318,-0.9995684923246004,-0.009903911411405907,-0.024168284003187948,0.016710000000000003,-0.01565,0.00099,-0.5569000000000001,0.43320000000000003,-8.887500000000001,6.787235475639081,15.182638524876086,19.0,18.969999313354492,18.81999969482422,18.850000381469727,15.428175180000002,15.403814345837517,15.282013272594453,15.306374106756934,15.355094226297227,0.01135874381376991,-2.4000000953674316,0.0,0.0,0.0,0.0,0.0,0.0,,,,,
frame_00181.png,1771858896951370331,1771858896.9513702,42.30087475052721,-83.69791648814049,237.69976806640625,-0.013436507106133366,-0.9995558471606929,-0.00989909401164113,-0.024689605533604813,-0.013170000000000001,-0.012870000000000003,-0.0015900000000000003,-1.2656,0.09820000000000001,-9.3148,6.774486288000218,15.154119357079209,19.029998779296875,19.059999465942383,18.90999984741211,18.959999084472656,15.45253446537781,15.476895299540292,15.355094226297227,15.395694067783356,15.420054514749673,0.01754870417766857,-2.1000001430511475,0.0,0.0,0.0,0.0,0.0,0.0,,,,,
frame_00182.png,1771858896991949912,1771858896.9919498,42.300874781896795,-83.6979214302934,237.69140625,-0.013386645874665926,-0.9995578843440448,-0.010302614866644962,-0.02446813611195249,-0.00897,0.025860000000000005,-0.0026000000000000003,-0.9832000000000001,0.4919,-9.9234,6.751112664200755,15.101833963057237,19.020000457763672,19.100000381469727,19.059999465942383,18.969999313354492,15.444415736108322,15.509376411756936,15.476895299540292,15.403814345837517,15.458625448310766,0.023625705733908084,-1.899999976158142,0.0,0.0,0.0,0.0,0.0,0.0,,,,,
frame_00183.png,1771858897051922287,1771858897.051922,42.30087480803836,-83.6979247126423,237.68650817871094,-0.013341320897544473,-0.9995736098278016,-0.009855767709469831,-0.024030637431908718,0.04377000000000001,0.030170000000000006,-0.004240000000000001,-1.2906,0.40700000000000003,-10.5769,6.737236759741273,15.070794397335645,19.0,18.959999084472656,18.85999870300293,18.760000228881836,15.428175180000002,15.395694067783356,15.314492836026421,15.233293153054163,15.342913809215986,0.018056076189882145,-1.5,0.0,0.0,0.0,0.0,0.0,0.0,,,,,
frame_00184.png,1771858897112543089,1771858897.1125429,42.3008748771516,-83.69793126901182,237.67919921875,-0.013261688743463285,-0.9996356473109167,-0.007831612575498604,-0.022166778778686436,0.025770000000000005,0.05387000000000001,-0.0022500000000000003,-0.9159,-0.1295,-10.1613,6.718155697717725,15.028111206452689,18.85999870300293,18.719999313354492,18.93000030517578,19.020000457763672,15.314492836026421,15.200812040837517,15.37133478240555,15.444415736108322,15.33276384884445,0.020272184455286158,-1.600000023841858,0.0,0.0,0.0,0.0,0.0,0.0,,,,,
frame_00185.png,1771858897153187709,1771858897.1531875,42.30087489036846,-83.69793290038395,237.6776885986328,-0.0133017981272745,-0.9996470422596575,-0.007541030495807405,-0.021725237102526444,0.03676000000000001,0.042690000000000006,0.00493,-0.36160000000000003,0.8434,-11.0873,6.719498131209909,15.031114149628696,18.84000015258789,18.760000228881836,18.889999389648438,18.989999771118164,15.298253828702775,15.233293153054163,15.338853670188904,15.42005490194584,15.32261388847292,0.019393089290817848,-1.8000000715255737,0.0,0.0,0.0,0.0,0.0,0.0,,,,,
frame_00186.png,1771858897203218077,1771858897.2032182,42.30087493626721,-83.69793780870285,237.67576599121094,-0.013344734518167811,-0.9996561437963061,-0.007448945446240667,-0.02130787278630938,-0.01893,-0.008420000000000002,0.006370000000000001,-0.7048,1.1081,-9.672500000000001,6.7374027793378595,15.071165773212032,18.84000015258789,18.899999618530273,18.84000015258789,18.84000015258789,15.298253828702775,15.346973948243065,15.298253828702775,15.298253828702775,15.310433858587848,0.015875884385871362,-1.8000000715255737,0.0,0.0,0.0,0.0,0.0,0.0,,,,,
frame_00187.png,1771858897245135230,1771858897.245135,42.30087495249388,-83.69793945083478,237.6753692626953,-0.013390199935475411,-0.9996475400872479,-0.007658694998466389,-0.021606539151894002,-0.0342,-0.005470000000000001,0.012720000000000002,-0.6769000000000001,0.8143,-8.096300000000001,6.74098248046511,15.079173349851624,18.93000030517578,18.799999237060547,18.85999870300293,18.84000015258789,15.37133478240555,15.26577271648613,15.314492836026421,15.298253828702775,15.312463540905219,0.015471019905470482,-1.8000000715255737,0.0,0.0,0.0,0.0,0.0,0.0,,,,,
frame_00188.png,1771858897295970624,1771858897.2959707,42.300874980181334,-83.69794437495253,237.672119140625,-0.013386978481007117,-0.999638988077283,-0.007890267793071299,-0.021918622153968056,-0.025820000000000003,0.0035300000000000006,0.006670000000000001,-1.443,-0.5811000000000001,-8.0877,6.733762641359761,15.063023002963305,18.94999885559082,18.899999618530273,18.75,18.779998779296875,15.387573789729194,15.346973948243065,15.225172875,15.249532160377807,15.302313193337515,0.015885934073600925,-1.7000000476837158,0.0,0.0,0.0,0.0,0.0,0.0,,,,,
frame_00189.png,1771858897346619618,1771858897.3466196,42.300875006182864,-83.69794928916498,237.66278076171875,-0.013414129830680022,-0.9996365540507255,-0.008349938495723259,-0.021842606382812536,0.005420000000000001,0.007500000000000001,0.007700000000000001,-0.8481000000000001,0.371,-8.96,6.737438371149675,15.071245389959554,18.8799991607666,18.869998931884766,18.68000030517578,18.760000228881836,15.330733392134745,15.322613114080582,15.16833247740555,15.233293153054163,15.26374303416876,0.012772510779862164,-1.5,0.0,0.0,0.0,0.0,0.0,0.0,,,,,
frame_00190.png,1771858897396011220,1771858897.3960114,42.300875029869566,-83.69795419950512,237.6488494873047,-0.013473050518944318,-0.9996465358704981,-0.008217024181027714,-0.021395344013013042,-0.01076,0.016270000000000003,0.005030000000000001,-0.6038,0.1573,-9.9772,6.7240682547982145,15.04133724188832,18.719999313354492,18.56999969482422,18.619998931884766,18.809999465942383,15.200812040837517,15.079010967594453,15.119610809080582,15.273892994540292,15.16833170301321,0.008443029970182881,-1.5,0.0,0.0,0.0,0.0,0.0,0.0,,,,,
frame_00191.png,1771858897458514083,1771858897.4585142,42.30087505103331,-83.69795910833155,237.63754272460938,-0.013593108179922764,-0.9996403049598241,-0.009128601365398387,-0.02124045072380129,-0.05049000000000001,-0.012740000000000001,0.0036900000000000006,0.1144,-0.2079,-11.2704,6.732756476041013,15.060772271515185,19.09000015258789,18.760000228881836,18.60999870300293,18.600000381469727,15.501256133702775,15.233293153054163,15.111490531026423,15.103371801756936,15.237352904885075,0.011724540427708395,-1.899999976158142,0.0,0.0,0.0,0.0,0.0,0.0,,,,,
frame_00192.png,1771858897498395451,1771858897.4983954,42.300875061897194,-83.69796238628795,237.634033203125,-0.013511443833380654,-0.9996098101151332,-0.010302877002569502,-0.022170230774499464,-0.05305000000000001,-0.07021000000000001,-0.0056300000000000005,0.1471,0.8510000000000001,-13.026900000000001,6.754518411493687,15.10945241540669,18.690000534057617,18.799999237060547,18.760000228881836,18.65999984741211,15.17645275545971,15.26577271648613,15.233293153054163,15.152091921297227,15.206902636574307,0.006449619647913284,-1.399999976158142,0.0,0.0,0.0,0.0,0.0,0.0,,,,,
frame_00193.png,1771858897562218009,1771858897.562218,42.30087507460681,-83.697967305209,237.63565063476562,-0.0132619492457563,-0.9995417216663096,-0.012491434982397614,-0.024175016083415407,-0.030390000000000004,-0.05899000000000001,-0.02253,0.9081,1.7894,-9.4534,6.728720131141235,15.051743210155076,18.639999389648438,18.65999984741211,18.959999084472656,18.779998779296875,15.135851365188906,15.152091921297227,15.395694067783356,15.249532160377807,15.233292378661826,0.012061670596682988,0.6000000238418579,0.0,0.0,0.0,0.0,0.0,0.0,,,,,
frame_00194.png,1771858897599405405,1771858897.5994053,42.30087509722856,-83.69797057912373,237.6381072998047,-0.013144363743074816,-0.9995167246127763,-0.012637998132928117,-0.02517585995213394,0.007130000000000001,-0.01208,-0.012940000000000002,0.0908,0.7166,-10.0037,6.695075083455143,14.97648125718415,18.779998779296875,18.869998931884766,18.94999885559082,18.760000228881836,15.249532160377807,15.322613114080582,15.387573789729194,15.233293153054163,15.298253054310436,0.02148514004061764,1.399999976158142,0.0,0.0,0.0,0.0,0.0,0.0,,,,,
frame_00195.png,1771858897659447849,1771858897.659448,42.300875140845946,-83.697975460221,237.6409454345703,-0.013004423913265062,-0.99953661200962,-0.010406863098785905,-0.02547829294630714,0.07316000000000002,0.029930000000000005,-0.011030000000000002,-0.8045,-0.6911,-7.9401,6.666286083509786,14.912081991646382,18.760000228881836,18.799999237060547,18.739999771118164,18.760000228881836,15.233293153054163,15.26577271648613,15.21705259694584,15.233293153054163,15.237352904885073,0.02181257542849519,1.2000000476837158,0.0,0.0,0.0,0.0,0.0,0.0,,,,,
frame_00196.png,1771858897709604916,1771858897.709605,42.300875191708485,-83.69798031847695,237.6361083984375,-0.013028017921300483,-0.9995750018690779,-0.008957163014948973,-0.024491950069334564,0.037840000000000006,0.051730000000000005,-0.0085,-1.5659,-1.4563000000000001,-8.0,6.649402565447724,14.874314574752631,18.799999237060547,18.8799991607666,18.729999542236328,18.69999885559082,15.26577271648613,15.330733392134745,15.20893231889168,15.184571484729195,15.247502478060438,0.02508941850276911,0.5,0.0,0.0,0.0,0.0,0.0,0.0,,,,,
frame_00197.png,1771858897749879856,1771858897.7498798,42.300875205306525,-83.69798193226413,237.6329803466797,-0.0129970788223292,-0.999609410918185,-0.008964507423519404,-0.023059469910189503,0.0023600000000000006,0.06459000000000001,-7.000000000000002e-05,0.3851,0.7947000000000001,-9.1599,6.657533891184073,14.892503862545302,18.739999771118164,18.799999237060547,18.690000534057617,18.690000534057617,15.21705259694584,15.26577271648613,15.17645275545971,15.17645275545971,15.208932706087847,0.021247524691825934,-0.20000000298023224,0.0,0.0,0.0,0.0,0.0,0.0,,,,,
frame_00198.png,1771858897809494743,1771858897.8094947,42.30087525166511,-83.69798677461496,237.62078857421875,-0.012686441933622228,-0.9996587149226112,-0.008851449359288227,-0.021051358972245113,0.011970000000000001,0.04381000000000001,-0.015160000000000003,-0.1356,0.268,-9.877600000000001,6.660094585766994,14.89823198268562,18.639999389648438,18.729999542236328,18.779998779296875,18.649999618530273,15.135851365188906,15.20893231889168,15.249532160377807,15.143971643243065,15.184571871925364,0.019219722821642235,-0.30000001192092896,0.0,0.0,0.0,0.0,0.0,0.0,,,,,
frame_00199.png,1771858897860508619,1771858897.8605087,42.300875290672366,-83.69799162583655,237.60853576660156,-0.012384358622462233,-0.9996822022654328,-0.008884355745665888,-0.020079600549548247,-0.010570000000000001,0.033010000000000005,-0.012290000000000002,0.48600000000000004,-1.1019,-9.9397,6.669160080331445,14.918510950096625,18.719999313354492,18.729999542236328,18.60999870300293,18.190000534057617,15.200812040837517,15.20893231889168,15.111490531026423,14.77044814545971,15.072920759053833,0.010350215881043278,-0.5,0.0,0.0,0.0,0.0,0.0,0.0,,,,,
frame_00200.png,1771858897901886456,1771858897.9018865,42.300875299625986,-83.69799486849277,237.60211181640625,-0.012311685876137346,-0.9996759831265947,-0.009915391817379021,-0.019950843487727833,-0.07472000000000002,0.0022500000000000003,0.005510000000000001,-0.48600000000000004,-0.8279000000000001,-10.2616,6.668400197992309,14.916811138896916,18.649999618530273,18.510000228881836,18.53999900817871,18.34000015258789,15.143971643243065,15.030290848054163,15.05465013343197,14.892249218702775,15.030290460857993,0.0076074786296093065,-0.9000000357627869,0.0,0.0,0.0,0.0,0.0,0.0,,,,,
frame_00201.png,1771858897952839509,1771858897.9528394,42.30087527257692,-83.69799973105093,237.59197998046875,-0.01242483702764352,-0.9996553868087543,-0.0121107092192862,-0.019699283522051143,-0.11099000000000002,0.014310000000000002,0.006830000000000001,-0.7671,-2.3085,-8.8467,6.6663001383654175,14.912113431515138,18.600000381469727,18.459999084472656,18.459999084472656,18.529998779296875,15.103371801756936,14.989689457783356,14.989689457783356,15.046529855377807,15.032320143175363,0.00806101108419559,-1.0,0.0,0.0,0.0,0.0,0.0,0.0,,,,,
frame_00202.png,1771858898001756876,1771858898.001757,42.30087525789118,-83.69800134788856,237.589599609375,-0.012859481991169375,-0.9996064794456736,-0.014559905638707668,-0.020236825861209406,-0.06696,-0.030160000000000003,0.024470000000000006,-0.32930000000000004,3.6857,-16.0172,6.66353543218076,14.90592894966243,18.459999084472656,18.529998779296875,18.56999969482422,18.56999969482422,14.989689457783356,15.046529855377807,15.079010967594453,15.079010967594453,15.048560312087517,0.009568767093064477,-0.800000011920929,0.0,0.0,0.0,0.0,0.0,0.0,,,,,
frame_00203.png,1771858898052375527,1771858898.0523756,42.30087522412174,-83.69800784657322,237.5918426513672,-0.013076283894649543,-0.9995440106143294,-0.014914234461912326,-0.02276724082849676,0.04535,-0.09762000000000001,-0.015870000000000002,-2.0789,1.4875,-12.091600000000001,6.6790177976518565,14.940562072279345,18.520000457763672,18.510000228881836,18.600000381469727,18.59000015258789,15.038411126108322,15.030290848054163,15.103371801756936,15.095251523702775,15.06683132490555,0.008451439244075326,-0.6000000238418579,0.0,0.0,0.0,0.0,0.0,0.0,,,,,
frame_00204.png,1771858898103291573,1771858898.1032917,42.30087523138178,-83.69801109377771,237.59426879882812,-0.012933462660002282,-0.9995308020708669,-0.014033034328612762,-0.023957779586685584,0.06381,-0.06267000000000002,-0.011470000000000001,-0.5373,2.321,-7.663,6.667406815052432,14.914589000863389,18.529998779296875,18.60999870300293,18.60999870300293,18.56999969482422,15.046529855377807,15.111490531026423,15.111490531026423,15.079010967594453,15.087130471256277,0.011568637284131652,-0.6000000238418579,0.0,0.0,0.0,0.0,0.0,0.0,,,,,
frame_00205.png,1771858898153607262,1771858898.1536071,42.300875276285055,-83.69801595415296,237.59632873535156,-0.012516442432291164,-0.9995267861537808,-0.012838486924455203,-0.024994313021644187,0.04259,-0.015390000000000003,-0.015550000000000001,-0.34550000000000003,0.7092,-9.3736,6.6485613278670685,14.872432776758961,18.53999900817871,18.53999900817871,18.649999618530273,18.56999969482422,15.05465013343197,15.05465013343197,15.143971643243065,15.079010967594453,15.083070719425365,0.014162978298719637,-0.699999988079071,0.0,0.0,0.0,0.0,0.0,0.0,,,,,
frame_00206.png,1771858898203513341,1771858898.2035134,42.300875326451546,-83.69802080088095,237.5946502685547,-0.012062821436980231,-0.9995316122833424,-0.011929916243310912,-0.025470011457972435,0.020780000000000003,-0.004070000000000001,-0.009850000000000003,-0.3224,0.3436,-8.1936,6.633752405016242,14.839306104877034,18.53999900817871,18.579999923706055,18.60999870300293,18.529998779296875,15.05465013343197,15.087131245648612,15.111490531026423,15.046529855377807,15.074950441371202,0.015879740927826957,-1.0,0.0,0.0,0.0,0.0,0.0,0.0,,,,,
frame_00207.png,1771858898263723734,1771858898.2637239,42.30087536084525,-83.69802563724078,237.58798217773438,-0.011944466154199307,-0.9995485671278008,-0.011346914274247777,-0.02512447447219546,0.012100000000000001,0.026960000000000005,0.0007600000000000002,-0.0362,-0.456,-8.6256,6.627220041761803,14.82469360021865,18.619998931884766,18.56999969482422,18.549999237060547,18.5,15.119610809080582,15.079010967594453,15.06277041148613,15.02217057,15.07089068954029,0.01660722952938529,-1.3000000715255737,0.0,0.0,0.0,0.0,0.0,0.0,,,,,
frame_00208.png,1771858898306050346,1771858898.3060503,42.300875365287965,-83.69802724871322,237.5850830078125,-0.011982644898170858,-0.9995548321613503,-0.011195677529813122,-0.024924095345417514,0.008000000000000002,0.025410000000000002,0.0045000000000000005,-0.755,-0.7409,-9.917,6.6219698209953926,14.812949171377435,18.56999969482422,18.559999465942383,18.469999313354492,18.559999465942383,15.079010967594453,15.070890689540292,14.997809735837517,15.070890689540292,15.054650520628138,0.016316895876327942,-1.3000000715255737,0.0,0.0,0.0,0.0,0.0,0.0,,,,,
frame_00209.png,1771858898365062288,1771858898.3650625,42.300875369794326,-83.69803207944595,237.57571411132812,-0.01212874347761661,-0.9995592525308288,-0.01161143527010906,-0.024482010387896824,-0.022400000000000003,0.014650000000000003,0.005940000000000001,-0.8494,-0.165,-9.7744,6.620581233447414,14.80984298434786,18.56999969482422,18.53999900817871,18.510000228881836,18.53999900817871,15.079010967594453,15.05465013343197,15.030290848054163,15.05465013343197,15.054650520628138,0.016530056161905927,-1.3000000715255737,0.0,0.0,0.0,0.0,0.0,0.0,,,,,
frame_00210.png,1771858898429690379,1771858898.4296904,42.300875365654605,-83.69803689878943,237.56568908691406,-0.012241115191708507,-0.9995580417398888,-0.012406265860459582,-0.024082376531013236,-0.012020000000000001,0.011550000000000003,0.0021400000000000004,-0.7261000000000001,0.43920000000000003,-10.284600000000001,6.612340714755527,14.79140943846523,18.479999542236328,18.489999771118164,18.5,18.559999465942383,15.005930013891678,15.01405029194584,15.02217057,15.070890689540292,15.028260391344453,0.01601273724891216,-1.2000000476837158,0.0,0.0,0.0,0.0,0.0,0.0,,,,,
frame_00211.png,1771858898479204405,1771858898.4792044,42.30087536504746,-83.6980417120956,237.55706787109375,-0.01219076199793473,-0.9995652512168129,-0.012500150066959865,-0.023757948776843642,0.00032,0.013410000000000002,-0.0036600000000000005,-0.8340000000000001,0.5211,-10.1675,6.604174611548545,14.773142355557402,18.440000534057617,18.399999618530273,18.549999237060547,18.549999237060547,14.97345045045971,14.940969338243065,15.06277041148613,15.06277041148613,15.009990152918757,0.016032323500372734,-1.0,0.0,0.0,0.0,0.0,0.0,0.0,,,,,
frame_00212.png,1771858898507496164,1771858898.507496,42.30087536997502,-83.69804491815178,237.55206298828125,-0.012122458772805378,-0.9995735133246297,-0.012504898936844373,-0.023440668841505304,0.0017400000000000002,0.025060000000000002,-0.0048600000000000015,-0.613,0.7779,-10.038300000000001,6.600237135323833,14.764334457491296,18.459999084472656,18.43000030517578,18.56999969482422,18.529998779296875,14.989689457783356,14.965330172405547,15.079010967594453,15.046529855377807,15.02014011329029,0.017325918519083716,-1.0,0.0,0.0,0.0,0.0,0.0,0.0,,,,,
frame_00213.png,1771858898567925390,1771858898.5679255,42.30087538532999,-83.69804972322306,237.54571533203125,-0.011937917886433946,-0.9995918846452116,-0.012312985550718518,-0.022846020546225174,0.007320000000000001,0.011870000000000002,-0.0074600000000000005,-0.0949,0.4258,-9.8195,6.601414213956366,14.766967511767554,18.440000534057617,18.420000076293945,18.440000534057617,18.399999618530273,14.97345045045971,14.957209894351388,14.97345045045971,14.940969338243065,14.961270033378469,0.01315791623812258,-0.9000000357627869,0.0,0.0,0.0,0.0,0.0,0.0,,,,,
frame_00214.png,1771858898610404881,1771858898.610405,42.3008753919434,-83.69805132470616,237.54368591308594,-0.011806983286063444,-0.9996016984424128,-0.012041929117403743,-0.022628114368146164,0.017610000000000004,0.012780000000000001,-0.005600000000000001,-0.0175,-0.054700000000000006,-10.0905,6.6012141777196796,14.766520042708262,18.489999771118164,18.420000076293945,18.489999771118164,18.459999084472656,15.01405029194584,14.957209894351388,15.01405029194584,14.989689457783356,14.993749984006605,0.015388184937354298,-0.9000000357627869,0.0,0.0,0.0,0.0,0.0,0.0,,,,,
frame_00215.png,1771858898658589742,1771858898.6585896,42.300875414093696,-83.69805613403318,237.53843688964844,-0.011586110988029641,-0.9996097878429158,-0.011485248968055778,-0.022674283604030284,0.028490000000000005,0.00041000000000000005,-0.016450000000000003,-0.2748,-0.2899,-9.759,6.598636692257264,14.760754362377964,18.459999084472656,18.459999084472656,18.459999084472656,18.459999084472656,14.989689457783356,14.989689457783356,14.989689457783356,14.989689457783356,14.989689457783356,0.01550971513955269,-0.9000000357627869,0.0,0.0,0.0,0.0,0.0,0.0,,,,,
frame_00216.png,1771858898717477704,1771858898.7174776,42.300875437870545,-83.69806093564475,237.53256225585938,-0.01139862639138206,-0.9996252659044871,-0.01077091352316773,-0.0224362765103682,0.028530000000000003,0.017200000000000003,-0.00974,-0.7469,-0.7224,-9.536,6.58233450400441,14.724287345387626,18.5,18.489999771118164,18.459999084472656,18.420000076293945,15.02217057,15.01405029194584,14.989689457783356,14.957209894351388,14.995780053520145,0.018438427732637475,-0.9000000357627869,0.0,0.0,0.0,0.0,0.0,0.0,,,,,
frame_00217.png,1771858898768737709,1771858898.7687378,42.300875453447304,-83.69806572988773,237.52557373046875,-0.011314137629496901,-0.9996418292763594,-0.010474284121864769,-0.021874478801766992,0.007130000000000001,0.029070000000000002,-0.00446,-0.3382,-0.7297,-9.9044,6.575991498015887,14.71009842157166,18.3799991607666,18.389999389648438,18.3799991607666,18.440000534057617,14.924728782134743,14.932849060188905,14.924728782134743,14.97345045045971,14.938939268729525,0.015556717609875495,-1.0,0.0,0.0,0.0,0.0,0.0,0.0,,,,,
frame_00218.png,1771858898809200074,1771858898.8092,42.300875457863775,-83.69806732705749,237.52316284179688,-0.011274275245148624,-0.9996500668005543,-0.010469427759558139,-0.02151803303583323,0.0009500000000000001,0.02101,-0.0007400000000000001,-0.8618,0.10060000000000001,-9.8526,6.5727663346033385,14.702883924527592,18.440000534057617,18.399999618530273,18.420000076293945,18.43000030517578,14.97345045045971,14.940969338243065,14.957209894351388,14.965330172405547,14.959239963864928,0.01743576570781995,-1.0,0.0,0.0,0.0,0.0,0.0,0.0,,,,,
frame_00219.png,1771858898869327059,1771858898.869327,42.300875461712664,-83.6980721164805,237.51657104492188,-0.011173517519133258,-0.9996575803597585,-0.010512857073915981,-0.02119798036762661,-0.0004300000000000001,0.00595,-0.005350000000000001,-0.4872,0.11330000000000001,-10.1506,6.573121850934272,14.703679193228911,18.369998931884766,18.350000381469727,18.299999237060547,18.369998931884766,14.916608504080582,14.900369496756936,14.859768106486131,14.916608504080582,14.898338652851056,0.0132388266272693,-1.0,0.0,0.0,0.0,0.0,0.0,0.0,,,,,
frame_00220.png,1771858898910093117,1771858898.910093,42.30087546474543,-83.6980753095679,237.5126190185547,-0.011114757387657659,-0.9996577716171372,-0.010484189815435266,-0.021234019346014866,0.0032400000000000003,-0.00966,-0.0028400000000000005,-0.49010000000000004,0.0932,-10.1975,6.578495780908609,14.715700352145705,18.28999900817871,18.389999389648438,18.279998779296875,18.369998931884766,14.85164782843197,14.932849060188905,14.843527550377807,14.916608504080582,14.886158235769816,0.011583402729402338,-1.100000023841858,0.0,0.0,0.0,0.0,0.0,0.0,,,,,
frame_00221.png,1771858898961060616,1771858898.9610605,42.30087546657721,-83.69808009619808,237.50787353515625,-0.011010211056282249,-0.9996518533471046,-0.01047849957468074,-0.02156729929449426,-0.005770000000000001,-0.021050000000000003,-0.00562,-0.4419,-0.5165000000000001,-10.473,6.5735692791961275,14.704680063404986,18.350000381469727,18.420000076293945,18.350000381469727,18.399999618530273,14.900369496756936,14.957209894351388,14.900369496756936,14.940969338243065,14.924729556527081,0.014964588972576486,-1.100000023841858,0.0,0.0,0.0,0.0,0.0,0.0,,,,,
frame_00222.png,1771858899020320105,1771858899.02032,42.30087546826986,-83.69808488013382,237.50439453125,-0.010933458141292818,-0.9996383412328308,-0.010746314097156307,-0.02209441023589987,-0.01114,-0.01264,0.0048000000000000004,-1.0054,0.8922,-9.8354,6.564020912071692,14.683320939049652,18.28999900817871,18.35999870300293,18.28999900817871,18.309999465942383,14.85164782843197,14.90848822602642,14.85164782843197,14.86788838454029,14.869918066857664,0.012708101156582715,-1.3000000715255737,0.0,0.0,0.0,0.0,0.0,0.0,,,,,
frame_00223.png,1771858899061546705,1771858899.0615468,42.30087546896914,-83.69808647579544,237.5031280517578,-0.010856259724982331,-0.9996353737980832,-0.010673166090144678,-0.022301224225643613,0.0055000000000000005,-0.015280000000000002,-0.005280000000000001,-0.6591,-0.1119,-9.0869,6.560282967016336,14.674959380237524,18.31999969482422,18.299999237060547,18.31999969482422,18.270000457763672,14.876008662594453,14.859768106486131,14.876008662594453,14.835408821108322,14.86179856319584,0.012731836464905562,-1.399999976158142,0.0,0.0,0.0,0.0,0.0,0.0,,,,,
frame_00224.png,1771858899111762109,1771858899.1117623,42.300875470022866,-83.69809124760074,237.4986572265625,-0.010757368926971766,-0.9996388445963276,-0.010565087795968733,-0.02224496140144388,0.007130000000000001,0.0037700000000000003,-0.0026800000000000005,-0.752,-0.4963,-10.008700000000001,6.542513696214978,14.635210587611134,18.31999969482422,18.350000381469727,18.309999465942383,18.34000015258789,14.876008662594453,14.900369496756936,14.86788838454029,14.892249218702775,14.884128940648612,0.017008183896457918,-1.7000000476837158,0.0,0.0,0.0,0.0,0.0,0.0,,,,,
frame_00225.png,1771858899177775173,1771858899.1777751,42.30087547498489,-83.69809600536185,237.49351501464844,-0.01065565773108762,-0.9996476902833127,-0.010642211268742206,-0.02185624873731228,-0.00948,0.011300000000000003,-0.0032200000000000006,-0.5374,-0.6855,-10.3063,6.532210110535849,14.612162084662064,18.270000457763672,18.229999542236328,18.34000015258789,18.28999900817871,14.835408821108322,14.802927708891678,14.892249218702775,14.85164782843197,14.845558394283687,0.015972742997876564,-2.6000001430511475,0.0,0.0,0.0,0.0,0.0,0.0,,,,,
frame_00226.png,1771858899213193156,1771858899.2131932,42.30087547918339,-83.69810075930828,237.48890686035156,-0.010612094506397829,-0.9996510819851625,-0.010743678289826288,-0.02167189684558989,-0.00017,0.010080000000000002,-0.005420000000000001,-0.136,-0.4292,-9.8422,6.53033127323101,14.607959238341376,18.15999984741211,18.239999771118164,18.239999771118164,18.270000457763672,14.746087311297225,14.811047986945841,14.811047986945841,14.835408821108322,14.800898026574307,0.013207785227557764,-3.0,0.0,0.0,0.0,0.0,0.0,0.0,,,,,
frame_00227.png,1771858899263893393,1771858899.2638936,42.30087547973526,-83.69810234290945,237.48768615722656,-0.01060223449025366,-0.9996525814633697,-0.010877789703128884,-0.021540257394221093,-0.006630000000000001,0.015050000000000001,-0.0033300000000000005,-0.17880000000000001,-0.32120000000000004,-9.5237,6.524555625344998,14.595039460559242,18.260000228881836,18.149999618530273,18.309999465942383,18.209999084472656,14.827288543054163,14.737967033243065,14.86788838454029,14.786687152783356,14.804957778405218,0.01438285373693206,-3.700000047683716,0.0,0.0,0.0,0.0,0.0,0.0,,,,,
frame_00228.png,1771858899315138711,1771858899.3151388,42.30087548393638,-83.69810708883811,237.4827880859375,-0.010612623541838395,-0.9996527580685772,-0.011122473370521652,-0.02140154418652935,-0.007660000000000001,0.007050000000000001,0.00427,-0.8206,0.6341,-9.3819,6.512887376346209,14.56893828764389,18.239999771118164,18.229999542236328,18.270000457763672,18.239999771118164,14.811047986945841,14.802927708891678,14.835408821108322,14.811047986945841,14.81510812597292,0.016896896223234696,-3.9000000953674316,0.0,0.0,0.0,0.0,0.0,0.0,,,,,
frame_00229.png,1771858899378485170,1771858899.3784852,42.30087549072391,-83.69811340812613,237.47512817382812,-0.010689901105983057,-0.9996582836438843,-0.011136314171241578,-0.02109560293489506,-0.0008800000000000001,0.008190000000000001,0.0037500000000000003,-0.7671,0.9074000000000001,-9.5084,6.50614666004404,14.553859709718916,18.219999313354492,18.119998931884766,18.270000457763672,18.15999984741211,14.794807430837517,14.713606199080584,14.835408821108322,14.746087311297225,14.772477440580912,0.015021288869234196,-3.9000000953674316,0.0,0.0,0.0,0.0,0.0,0.0,,,,,
frame_00230.png,1771858899415046952,1771858899.415047,42.30087549622392,-83.69811656242597,237.4713134765625,-0.010718976676466374,-0.9996629671177422,-0.010980084338058988,-0.020940235440180137,0.0048000000000000004,0.005560000000000001,-0.0009400000000000002,-0.6930000000000001,-0.4318,-9.91,6.502450767159538,14.545592219089858,18.279998779296875,18.219999313354492,18.239999771118164,18.119998931884766,14.843527550377807,14.794807430837517,14.811047986945841,14.713606199080584,14.790747291810437,0.01685425172299504,-3.9000000953674316,0.0,0.0,0.0,0.0,0.0,0.0,,,,,
frame_00231.png,1771858899465446675,1771858899.4654467,42.30087550142123,-83.69811813829496,237.4691162109375,-0.01090370639396776,-0.9996725234430996,-0.01078112054346839,-0.02048713009687619,0.011970000000000001,0.02528,0.009010000000000002,-0.6364000000000001,0.2715,-10.0691,6.491496717828825,14.521088667980013,18.18000030517578,18.1299991607666,18.19999885559082,18.06999969482422,14.762327867405547,14.721726477134743,14.778566874729195,14.673006357594453,14.733906894215984,0.014655803783172914,-3.799999952316284,0.0,0.0,0.0,0.0,0.0,0.0,,,,,
frame_00232.png,1771858899515958880,1771858899.5159588,42.30087551871408,-83.6981244361879,237.46121215820312,-0.01106628628524775,-0.9996808084009994,-0.010461354665794686,-0.020158836304063444,0.013850000000000001,0.014880000000000003,0.004110000000000001,-0.2611,0.2066,-10.2757,6.48801574619986,14.513301943304317,18.219999313354492,18.079999923706055,18.19999885559082,18.139999389648438,14.794807430837517,14.681126635648614,14.778566874729195,14.729846755188905,14.746086924101057,0.016039422435094812,-3.799999952316284,0.0,0.0,0.0,0.0,0.0,0.0,,,,,
frame_00233.png,1771858899567877022,1771858899.567877,42.30087552699209,-83.69812758192484,237.4580535888672,-0.011251406339011838,-0.9996823864874722,-0.010375823423737737,-0.02002184532918994,-0.0027900000000000004,0.007000000000000001,0.008810000000000002,-0.5918,0.1927,-10.0593,6.481883895032944,14.499585360154994,18.170000076293945,18.10999870300293,18.15999984741211,18.149999618530273,14.754207589351388,14.70548592102642,14.746087311297225,14.737967033243065,14.735936963729525,0.016300576720216307,-3.700000047683716,0.0,0.0,0.0,0.0,0.0,0.0,,,,,
frame_00234.png,1771858899617032714,1771858899.6170328,42.300875542092946,-83.69813386284014,237.45306396484375,-0.011447493226092953,-0.9996817893890491,-0.010680182265056824,-0.019778993137486486,-0.018240000000000003,0.011480000000000002,0.007640000000000001,-0.6479,0.3385,-10.0263,6.468824964937377,14.470373317067017,18.079999923706055,18.10999870300293,18.1299991607666,18.029998779296875,14.681126635648614,14.70548592102642,14.721726477134743,14.640525245377807,14.687216069796897,0.014985290840708702,-3.700000047683716,0.0,0.0,0.0,0.0,0.0,0.0,,,,,
frame_00235.png,1771858899667199777,1771858899.6671999,42.30087554298241,-83.69813543061137,237.45233154296875,-0.011655106935651194,-0.9996830971602002,-0.011181108966496982,-0.01930923449512379,-0.018410000000000003,0.01391,0.00858,-0.2501,0.389,-10.1286,6.459176532469068,14.448790352541359,18.06999969482422,18.020000457763672,18.10999870300293,18.049999237060547,14.673006357594453,14.632406516108324,14.70548592102642,14.65676580148613,14.666916149053833,0.015096474596858468,-3.700000047683716,0.0,0.0,0.0,0.0,0.0,0.0,,,,,
frame_00236.png,1771858899726199248,1771858899.7261994,42.30087555171651,-83.69814013434012,237.45025634765625,-0.011853669270559641,-0.9996766820533275,-0.011535068710029813,-0.019312277792367754,-0.0012200000000000002,-0.0023500000000000005,0.00464,-0.5940000000000001,0.7439,-9.924100000000001,6.458612068527194,14.447527680571223,18.049999237060547,17.989999771118164,18.09000015258789,18.010000228881836,14.65676580148613,14.60804568194584,14.689246913702775,14.624286238054161,14.644586158797226,0.013639598593121485,-3.700000047683716,0.0,0.0,0.0,0.0,0.0,0.0,,,,,
frame_00237.png,1771858899768402431,1771858899.7684023,42.30087555899229,-83.69814327090535,237.448974609375,-0.011956267632183493,-0.9996694413042703,-0.011704870761722667,-0.019520547819337854,-0.014530000000000003,-0.017270000000000004,0.009700000000000002,-0.6215,0.4722,-9.7392,6.46092003200772,14.452690456399349,18.049999237060547,17.959999084472656,18.049999237060547,18.020000457763672,14.65676580148613,14.583684847783356,14.65676580148613,14.632406516108324,14.632405741715987,0.012434728735026879,-3.700000047683716,0.0,0.0,0.0,0.0,0.0,0.0,,,,,
frame_00238.png,1771858899818494142,1771858899.8184943,42.300875570145536,-83.69814797227508,237.44688415527344,-0.01214442443849173,-0.9996563207637548,-0.011857740392425913,-0.01997867125002819,-0.004790000000000001,-0.014620000000000001,0.004130000000000001,-0.49110000000000004,0.2904,-9.528500000000001,6.453977570385884,14.437160586299001,18.079999923706055,17.969999313354492,18.010000228881836,18.049999237060547,14.681126635648614,14.591805125837517,14.624286238054161,14.65676580148613,14.638495950256605,0.0139456344448141,-3.6000001430511475,0.0,0.0,0.0,0.0,0.0,0.0,,,,,
frame_00239.png,1771858899869857558,1771858899.8698575,42.300875586393055,-83.69815266709531,237.44361877441406,-0.012289218106927569,-0.9996465866545319,-0.011986127893260354,-0.020298020750560527,-0.00708,-0.013480000000000002,0.006110000000000001,-0.5356000000000001,0.3259,-9.2669,6.447128461571646,14.42183954082808,18.010000228881836,17.969999313354492,18.049999237060547,18.0,14.624286238054161,14.591805125837517,14.65676580148613,14.61616596,14.622255781344453,0.013896718234105803,-3.6000001430511475,0.0,0.0,0.0,0.0,0.0,0.0,,,,,
frame_00240.png,1771858899927981603,1771858899.9279816,42.300875611638176,-83.69815735212228,237.4388885498047,-0.012417293407239738,-0.9996459498440002,-0.01194184237872812,-0.020277529078432315,0.0070100000000000015,0.013810000000000001,0.00206,-0.5979,0.4072,-9.2962,6.429542115286398,14.382499939368756,18.0,17.93000030517578,18.020000457763672,17.90999984741211,14.61616596,14.559325562405549,14.632406516108324,14.543085006297225,14.587745761202775,0.014270524783539639,-3.6000001430511475,0.0,0.0,0.0,0.0,0.0,0.0,,,,,
frame_00241.png,1771858899970013527,1771858899.9700134,42.300875619343394,-83.69815891122552,237.4371795654297,-0.012443427270326102,-0.999652710897377,-0.01160857557038227,-0.020121125379066487,0.016520000000000003,0.012560000000000002,0.0013700000000000001,-1.0482,0.1358,-10.0563,6.418331992486326,14.357423567272363,17.969999313354492,17.969999313354492,17.93000030517578,17.899999618530273,14.591805125837517,14.591805125837517,14.559325562405549,14.534964728243066,14.569475135580912,0.014769472204742866,-3.6000001430511475,0.0,0.0,0.0,0.0,0.0,0.0,,,,,
frame_00242.png,1771858900031008346,1771858900.0310082,42.30087565345222,-83.69816358416075,237.4320068359375,-0.012532430086857171,-0.9996624331337569,-0.011263061653985188,-0.01977628426661028,-0.0021900000000000005,0.008890000000000002,0.00417,-0.47250000000000003,0.2808,-10.807,6.413077766581404,14.345670179176606,17.93000030517578,17.94999885559082,17.969999313354492,17.959999084472656,14.559325562405549,14.575564569729195,14.591805125837517,14.583684847783356,14.577595026438903,0.016166888292116634,-3.5,0.0,0.0,0.0,0.0,0.0,0.0,,,,,
frame_00243.png,1771858900071662203,1771858900.0716622,42.300875675154266,-83.69816669666513,237.42970275878906,-0.012604035167187888,-0.9996599351970072,-0.011292790958985513,-0.019839988200014046,-0.006870000000000001,-0.013770000000000003,0.00604,-0.2117,-0.1437,-10.7363,6.416950394413124,14.354333015278495,17.940000534057617,17.78999900817871,17.90999984741211,17.93000030517578,14.56744584045971,14.445643218431968,14.543085006297225,14.559325562405549,14.528874906898613,0.01215952642552869,-3.5,0.0,0.0,0.0,0.0,0.0,0.0,,,,,
frame_00244.png,1771858900123132796,1771858900.1231327,42.30087570072454,-83.69817136067876,237.42898559570312,-0.01274461747446104,-0.9996480040042885,-0.011536431114715893,-0.020207760212525086,0.0018900000000000002,-0.01352,0.006780000000000001,-0.8782000000000001,0.2069,-10.3437,6.401016246531826,14.318689282516905,17.90999984741211,17.84000015258789,17.93000030517578,17.940000534057617,14.543085006297225,14.486244608702776,14.559325562405549,14.56744584045971,14.539025254466315,0.015387998691922177,-3.299999952316284,0.0,0.0,0.0,0.0,0.0,0.0,,,,,
frame_00245.png,1771858900185202997,1771858900.1852028,42.30087572346795,-83.69817601955017,237.42945861816406,-0.01291474310613372,-0.9996424892064912,-0.011442107960381781,-0.02042501772276713,0.013930000000000001,-0.005110000000000001,0.0027800000000000004,-0.6931,0.15940000000000001,-9.7453,6.386858069463111,14.287018289904813,17.799999237060547,17.84000015258789,17.959999084472656,17.93000030517578,14.45376349648613,14.486244608702776,14.583684847783356,14.559325562405549,14.520754628844454,0.016360050375577594,-3.299999952316284,0.0,0.0,0.0,0.0,0.0,0.0,,,,,
frame_00246.png,1771858900223901429,1771858900.2239015,42.30087572868914,-83.69817756986458,237.42950439453125,-0.013055674076593637,-0.9996433238180965,-0.011410828423118633,-0.020311758048290652,0.00651,0.012010000000000002,0.004470000000000001,-0.5425,0.7458,-9.0768,6.375363252904526,14.26130507495225,17.8799991607666,17.829999923706055,17.93000030517578,17.869998931884766,14.518724172134743,14.478124330648614,14.559325562405549,14.510603894080583,14.516694489817372,0.017907857206818506,-3.200000047683716,0.0,0.0,0.0,0.0,0.0,0.0,,,,,
frame_00247.png,1771858900283657798,1771858900.2836578,42.30087575210283,-83.69818221353414,237.428466796875,-0.013122172685147038,-0.9996506619722927,-0.01148568919487449,-0.01986055251237334,-0.0004700000000000001,0.013240000000000002,-0.00022000000000000003,-0.3015,0.11220000000000001,-8.990400000000001,6.366607990543613,14.24172007836663,17.78999900817871,17.809999465942383,17.8799991607666,17.78999900817871,14.445643218431968,14.461883774540292,14.518724172134743,14.445643218431968,14.467973595884743,0.015886670730300038,-3.200000047683716,0.0,0.0,0.0,0.0,0.0,0.0,,,,,
frame_00248.png,1771858900332628785,1771858900.3326287,42.30087577841116,-83.69818684783908,237.4247283935547,-0.013166670935423008,-0.9996569840111991,-0.011592497804619923,-0.019446518679744954,-0.00543,0.021340000000000005,0.0007600000000000002,-0.09770000000000001,0.1749,-9.1059,6.362043671737818,14.231509971057196,18.0,17.899999618530273,17.799999237060547,17.779998779296875,14.61616596,14.534964728243066,14.45376349648613,14.437522940377809,14.510604281276752,0.019611011817238875,-2.9000000953674316,0.0,0.0,0.0,0.0,0.0,0.0,,,,,
frame_00249.png,1771858900374373517,1771858900.3743737,42.30087580499274,-83.69819147778514,237.4190216064453,-0.01317964797259119,-0.9996570900800359,-0.012047072756288437,-0.019153776913135488,-0.01989,0.007500000000000001,-0.00096,-0.5893,0.7157,-9.6707,6.358708088279376,14.224048470995667,17.85999870300293,17.78999900817871,17.85999870300293,17.81999969482422,14.50248361602642,14.445643218431968,14.50248361602642,14.470004052594453,14.480153625769816,0.01800508169642238,-2.4000000953674316,0.0,0.0,0.0,0.0,0.0,0.0,,,,,
frame_00250.png,1771858900424069914,1771858900.42407,42.30087583667647,-83.69819610453277,237.41278076171875,-0.01316560851623283,-0.9996663544790803,-0.012115578704661817,-0.018629525693211753,0.0175,0.03664,0.00020000000000000004,-0.7962,1.1524,-9.6834,6.339246045426067,14.180513048855387,17.81999969482422,17.78999900817871,17.81999969482422,17.68000030517578,14.470004052594453,14.445643218431968,14.470004052594453,14.356323257405549,14.435493645256606,0.01798105579979711,-1.899999976158142,0.0,0.0,0.0,0.0,0.0,0.0,,,,,
frame_00251.png,1771858900483889888,1771858900.4838898,42.30087585120159,-83.69819764412134,237.4108428955078,-0.01315431261117006,-0.9996843258931842,-0.011571632535411071,-0.01800860748871663,0.03438000000000001,0.03673,0.0026600000000000005,-0.8987,1.0113,-10.1096,6.331257895207872,14.162644036106299,17.75,17.799999237060547,17.779998779296875,17.85999870300293,14.413163655,14.45376349648613,14.437522940377809,14.50248361602642,14.451733426972591,0.020412105969004602,-1.899999976158142,0.0,0.0,0.0,0.0,0.0,0.0,,,,,
frame_00252.png,1771858900525454605,1771858900.5254545,42.30087589200547,-83.69820225759936,237.40609741210938,-0.013111115659638795,-0.9997042987993039,-0.011054685909062792,-0.01723970788046322,0.004790000000000001,0.026060000000000003,-0.00072,-0.39480000000000004,0.221,-11.1896,6.331349830177709,14.162849689117726,17.690000534057617,17.719999313354492,17.739999771118164,17.760000228881836,14.36444353545971,14.388802820837519,14.405043376945839,14.421283933054161,14.394893416574307,0.016383971626478255,-1.899999976158142,0.0,0.0,0.0,0.0,0.0,0.0,,,,,
frame_00253.png,1771858900576054955,1771858900.576055,42.300875923150194,-83.69820687782577,237.40469360351562,-0.01307565628825974,-0.9997030725632547,-0.011412500601716103,-0.017104056543261473,-0.028040000000000006,-0.014840000000000002,-0.0014800000000000002,-0.2741,-0.0187,-10.9234,6.345524025237648,14.194556513015105,17.729999542236328,17.779998779296875,17.81999969482422,17.78999900817871,14.396923098891678,14.437522940377809,14.470004052594453,14.445643218431968,14.437523327573977,0.017116900717264013,-1.899999976158142,0.0,0.0,0.0,0.0,0.0,0.0,,,,,
frame_00254.png,1771858900625946158,1771858900.625946,42.30087594867537,-83.6982115095875,237.40570068359375,-0.01296639211075451,-0.9996874040597408,-0.01210253094020897,-0.017620884903086904,-0.009840000000000002,-0.01922,-0.00708,-0.7537,-0.0913,-10.2063,6.355849515217359,14.21765401457032,17.670000076293945,17.770000457763672,17.829999923706055,17.850000381469727,14.348202979351388,14.429404211108324,14.478124330648614,14.494364886756935,14.437524101966314,0.01546458277650242,-1.899999976158142,0.0,0.0,0.0,0.0,0.0,0.0,,,,,
frame_00255.png,1771858900685719037,1771858900.685719,42.300875964958706,-83.69821459737254,237.40650939941406,-0.012829618365809203,-0.9996806851273734,-0.012238686065122788,-0.01800397842844854,0.0018000000000000004,-0.009830000000000002,-0.006540000000000001,-0.6812,0.3799,-9.3595,6.347846644768162,14.199752073547694,17.81999969482422,17.78999900817871,17.8799991607666,17.81999969482422,14.470004052594453,14.445643218431968,14.518724172134743,14.470004052594453,14.476093873938906,0.01946102995037502,-1.899999976158142,0.0,0.0,0.0,0.0,0.0,0.0,,,,,
frame_00256.png,1771858900727357532,1771858900.7273574,42.30087598224994,-83.69821768182088,237.40679931640625,-0.012687332416789932,-0.9996813432370868,-0.012296365354319336,-0.01802894835848193,-0.00169,0.0044,-0.005470000000000001,-0.2654,0.7148,-9.3992,6.341760105310704,14.186136849973726,17.760000228881836,17.81999969482422,17.81999969482422,17.85999870300293,14.421283933054161,14.470004052594453,14.470004052594453,14.50248361602642,14.465943913567372,0.019723978878306396,-1.899999976158142,0.0,0.0,0.0,0.0,0.0,0.0,,,,,
frame_00257.png,1771858900777925933,1771858900.777926,42.30087600556184,-83.69822230414701,237.40603637695312,-0.012416715989499338,-0.9996901427889806,-0.012257828521452449,-0.017753569064339697,0.00131,0.018630000000000004,-0.009640000000000001,-0.4194,0.4288,-8.918700000000001,6.338808090146724,14.179533369172814,17.770000457763672,17.81999969482422,17.709999084472656,17.81999969482422,14.429404211108324,14.470004052594453,14.380682542783356,14.470004052594453,14.437523714770146,0.018194558232657965,-1.899999976158142,0.0,0.0,0.0,0.0,0.0,0.0,,,,,
frame_00258.png,1771858900827648424,1771858900.8276484,42.300876010607425,-83.69822384287603,237.4052734375,-0.012229575041943552,-0.9996979822986664,-0.012686981324548999,-0.01712957054743682,-0.027830000000000004,0.030330000000000006,-0.003940000000000001,-0.39930000000000004,0.5974,-9.1035,6.337517835619199,14.176647147210012,17.78999900817871,17.75,17.760000228881836,17.84000015258789,14.445643218431968,14.413163655,14.421283933054161,14.486244608702776,14.441583853797226,0.018688248627204786,-1.8000000715255737,0.0,0.0,0.0,0.0,0.0,0.0,,,,,
frame_00259.png,1771858900879726996,1771858900.8797271,42.30087603002837,-83.69823000330965,237.39971923828125,-0.012063585563814483,-0.9996992112049999,-0.013311553549590766,-0.016696094200201152,-0.024480000000000005,0.00803,-0.00239,-0.5344,0.9066000000000001,-10.676,6.343196020536344,14.189348906178571,17.770000457763672,17.760000228881836,17.78999900817871,17.75,14.429404211108324,14.421283933054161,14.445643218431968,14.413163655,14.427373754398612,0.016774895718886455,-1.600000023841858,0.0,0.0,0.0,0.0,0.0,0.0,,,,,
frame_00260.png,1771858900930840057,1771858900.93084,42.300876039011364,-83.69823308527502,237.39735412597656,-0.011848309251605516,-0.999703239602806,-0.01332584529402615,-0.016597353485797047,0.0038800000000000006,2e-05,-0.00562,-0.46280000000000004,0.3819,-10.109,6.347949666535346,14.199982527059577,17.719999313354492,17.719999313354492,17.8799991607666,17.809999465942383,14.388802820837519,14.388802820837519,14.518724172134743,14.461883774540292,14.439553397087517,0.01687120878996944,-1.5,0.0,0.0,0.0,0.0,0.0,0.0,,,,,
frame_00261.png,1771858900979885259,1771858900.9798853,42.30087606305116,-83.69823925274171,237.3946990966797,-0.011561697173032293,-0.9997088982203017,-0.013166769608906165,-0.016585600854214576,0.006430000000000001,0.0019600000000000004,-0.00905,-0.2452,0.1247,-10.0875,6.348448450027151,14.201098275803735,17.739999771118164,17.799999237060547,17.760000228881836,17.809999465942383,14.405043376945839,14.45376349648613,14.421283933054161,14.461883774540292,14.435493645256605,0.016505439572391332,-1.5,0.0,0.0,0.0,0.0,0.0,0.0,,,,,
frame_00262.png,1771858901029621451,1771858901.0296216,42.30087606750318,-83.69824079532047,237.39407348632812,-0.011269028502511103,-0.9997091648809971,-0.013299072947908396,-0.016665212518135096,-0.021560000000000003,0.00011000000000000002,-0.008810000000000002,-0.3562,-0.3027,-9.3566,6.347576026614199,14.199146716974367,17.75,17.799999237060547,17.81999969482422,17.809999465942383,14.413163655,14.45376349648613,14.470004052594453,14.461883774540292,14.449703744655219,0.017645921453950723,-1.5,0.0,0.0,0.0,0.0,0.0,0.0,,,,,
frame_00263.png,1771858901091088444,1771858901.0910883,42.30087607243418,-83.69824541939394,237.39187622070312,-0.01101180693063164,-0.999700934412886,-0.014223060229585638,-0.01656763108687125,-0.034710000000000005,0.004280000000000001,-0.00969,-0.3393,0.3367,-10.047500000000001,6.345833623185139,14.195249065047765,17.690000534057617,17.75,17.760000228881836,17.889999389648438,14.36444353545971,14.413163655,14.421283933054161,14.526844450188904,14.431433893425694,0.01663830111720092,-1.5,0.0,0.0,0.0,0.0,0.0,0.0,,,,,
frame_00264.png,1771858901144684390,1771858901.1446843,42.300876068983314,-83.6982500455326,237.39015197753906,-0.010795171171543494,-0.9996913454417764,-0.014959952835464535,-0.016639649616157083,-0.01742,-0.004710000000000001,-0.00619,-0.2912,0.6608,-10.015,6.350957111740028,14.20671000153574,17.739999771118164,17.719999313354492,17.779998779296875,17.75,14.405043376945839,14.388802820837519,14.437522940377809,14.413163655,14.411133198290292,0.014389200366056207,-1.5,0.0,0.0,0.0,0.0,0.0,0.0,,,,,
frame_00265.png,1771858901181923817,1771858901.1819239,42.30087606680211,-83.69825158798389,237.38986206054688,-0.010666776777919329,-0.9996873229641183,-0.015118938813432597,-0.016819449074219967,-0.0134,-0.0175,-0.010320000000000001,-0.11,-0.14400000000000002,-9.7682,6.358689647844127,14.224007220848442,17.690000534057617,17.739999771118164,17.760000228881836,17.799999237060547,14.36444353545971,14.405043376945839,14.421283933054161,14.45376349648613,14.41113358548646,0.01315567137534515,-1.5,0.0,0.0,0.0,0.0,0.0,0.0,,,,,
frame_00266.png,1771858901231212580,1771858901.2312126,42.30087606335135,-83.69825621903573,237.38914489746094,-0.010385830017340836,-0.9996774894621466,-0.015221748275952919,-0.017474266134343656,-0.008510000000000002,-0.01718,-0.00898,-0.3957,0.24960000000000002,-9.9605,6.361838388044009,14.231050763751167,17.69999885559082,17.69999885559082,17.75,17.899999618530273,14.372562264729195,14.372562264729195,14.413163655,14.534964728243066,14.423313228175365,0.013510068062853261,-1.399999976158142,0.0,0.0,0.0,0.0,0.0,0.0,,,,,
frame_00267.png,1771858901282693283,1771858901.2826934,42.30087605734304,-83.69826085356918,237.38894653320312,-0.010204448323096249,-0.9996621499729579,-0.01574898202149305,-0.01798401265434362,-0.04354,-0.02299,-0.004380000000000001,-0.3005,-0.17980000000000002,-9.3717,6.361726928898529,14.230801436330276,17.709999084472656,17.760000228881836,17.760000228881836,17.799999237060547,14.380682542783356,14.421283933054161,14.421283933054161,14.45376349648613,14.419253476344453,0.013242545815660905,-1.399999976158142,0.0,0.0,0.0,0.0,0.0,0.0,,,,,
frame_00268.png,1771858901341342924,1771858901.341343,42.3008760342449,-83.69826703158137,237.38743591308594,-0.00989463210308894,-0.9996203296285353,-0.01762285746421996,-0.018727726601989618,-0.05517000000000001,-0.011800000000000001,-0.0031000000000000003,-0.7665000000000001,0.8488,-9.373000000000001,6.356622033410314,14.21938209141687,17.6299991607666,17.729999542236328,17.8799991607666,17.809999465942383,14.315721867134743,14.396923098891678,14.518724172134743,14.461883774540292,14.423313228175363,0.014341772057844242,-1.399999976158142,0.0,0.0,0.0,0.0,0.0,0.0,,,,,
frame_00269.png,1771858901392438300,1771858901.3924382,42.300876023414375,-83.69826857712485,237.38648986816406,-0.009736211977534659,-0.9996038458944101,-0.018379293819438956,-0.018962041243804476,-0.040720000000000006,-0.011160000000000002,-0.005140000000000001,-0.6612,-0.0123,-9.8412,6.354145142474534,14.213841435006985,17.829999923706055,17.78999900817871,17.869998931884766,17.760000228881836,14.478124330648614,14.445643218431968,14.510603894080583,14.421283933054161,14.463913844053831,0.01759358370432832,-1.399999976158142,0.0,0.0,0.0,0.0,0.0,0.0,,,,,
frame_00270.png,1771858901442169419,1771858901.4421694,42.30087600293592,-83.69827320458786,237.3838348388672,-0.009562411740024035,-0.9996012149994792,-0.018543235178073356,-0.01902944251442224,0.01246,-0.00562,-0.00892,-0.7501,0.2896,-10.1441,6.3497232284941285,14.203949878747657,17.78999900817871,17.81999969482422,17.869998931884766,17.889999389648438,14.445643218431968,14.470004052594453,14.510603894080583,14.526844450188904,14.488273903823977,0.020017250659391087,-1.7000000476837158,0.0,0.0,0.0,0.0,0.0,0.0,,,,,
frame_00271.png,1771858901493298195,1771858901.4932983,42.300876001022466,-83.69827781990223,237.3810577392578,-0.009292054677880579,-0.9996268413994139,-0.017644135559054266,-0.01866869449286906,0.04854000000000001,0.011710000000000002,-0.013670000000000002,-0.7865000000000001,0.1135,-9.770000000000001,6.3372268598687445,14.17599625191479,17.78999900817871,17.760000228881836,17.90999984741211,17.81999969482422,14.445643218431968,14.421283933054161,14.543085006297225,14.470004052594453,14.470004052594453,0.020739833409588366,-2.1000001430511475,0.0,0.0,0.0,0.0,0.0,0.0,,,,,
frame_00272.png,1771858901543404254,1771858901.5434043,42.30087600703483,-83.69828242824602,237.3782958984375,-0.009013469230335913,-0.9996658809864356,-0.016657616098822946,-0.017589985501744204,0.029710000000000004,0.032220000000000006,-0.010050000000000002,-0.3393,0.1466,-10.093300000000001,6.327620462225717,14.154507316771197,17.75,17.709999084472656,17.81999969482422,17.84000015258789,14.413163655,14.380682542783356,14.470004052594453,14.486244608702776,14.437523714770146,0.0199947897630893,-2.1000001430511475,0.0,0.0,0.0,0.0,0.0,0.0,,,,,
frame_00273.png,1771858901594214754,1771858901.5942147,42.30087601006565,-83.69828396447319,237.3778076171875,-0.008844844453364364,-0.9996822279361595,-0.016429904998300052,-0.016949044130543434,0.00969,0.023460000000000005,-0.007420000000000001,0.273,0.5254,-10.016,6.337221084841002,14.175983333524233,17.779998779296875,17.85999870300293,17.93000030517578,17.81999969482422,14.437522940377809,14.50248361602642,14.559325562405549,14.470004052594453,14.492334042851057,0.02231596227816516,-2.200000047683716,0.0,0.0,0.0,0.0,0.0,0.0,,,,,
frame_00274.png,1771858901644063086,1771858901.644063,42.300876014539575,-83.69828858243261,237.37628173828125,-0.008679222229206807,-0.9996899579282934,-0.016280935083019525,-0.016720953072275186,0.006410000000000002,0.0035100000000000005,-0.005900000000000001,0.0059,0.48710000000000003,-9.613000000000001,6.34888557162521,14.2020760905913,17.739999771118164,17.739999771118164,17.90999984741211,17.779998779296875,14.405043376945839,14.405043376945839,14.543085006297225,14.437522940377809,14.447673675141678,0.017293076236444285,-2.299999952316284,0.0,0.0,0.0,0.0,0.0,0.0,,,,,
frame_00275.png,1771858901686804149,1771858901.6868043,42.30087601271414,-83.69829166979473,237.37493896484375,-0.008558127751183198,-0.9996922325878337,-0.016053693007792826,-0.016866460617409824,0.010470000000000002,-0.005580000000000001,-0.0037500000000000003,-0.4166,-0.09480000000000001,-9.3832,6.3556561986353035,14.217221576975257,17.729999542236328,17.809999465942383,17.969999313354492,17.809999465942383,14.396923098891678,14.461883774540292,14.591805125837517,14.461883774540292,14.478123943452443,0.018351150051689188,-2.4000000953674316,0.0,0.0,0.0,0.0,0.0,0.0,,,,,
frame_00276.png,1771858901736927285,1771858901.7369273,42.30087599349755,-83.69829784449577,237.37020874023438,-0.008469318546330484,-0.9996875907636424,-0.016123302086464245,-0.01711813793534359,-0.012860000000000002,-0.011250000000000001,-0.0034100000000000007,-0.41400000000000003,-0.48100000000000004,-8.8826,6.360875881029423,14.228897693309959,17.899999618530273,17.94999885559082,17.84000015258789,17.78999900817871,14.534964728243066,14.575564569729195,14.486244608702776,14.445643218431968,14.510604281276752,0.019798201803028218,-2.4000000953674316,0.0,0.0,0.0,0.0,0.0,0.0,,,,,
frame_00277.png,1771858901787427726,1771858901.787428,42.30087599349755,-83.69829784449577,237.37020874023438,-0.008480948692740575,-0.9996799422692004,-0.016675135060003902,-0.017030161615488565,-0.03221,0.014840000000000002,0.0011800000000000003,-0.2897,-0.16290000000000002,-8.8195,6.352506703076175,14.21017634437922,17.84000015258789,17.8799991607666,17.84000015258789,17.8799991607666,14.486244608702776,14.518724172134743,14.486244608702776,14.518724172134743,14.502484390418758,0.02057033206031663,-2.6000001430511475,0.0,0.0,0.0,0.0,0.0,0.0,,,,,
frame_00278.png,1771858901838834990,1771858901.838835,42.300875947643746,-83.69830400923702,237.3605499267578,-0.008538921625767693,-0.9996724107074086,-0.018021246672719333,-0.016043464596781368,-0.033280000000000004,0.028770000000000004,0.0012000000000000001,-0.1434,-0.24930000000000002,-10.407300000000001,6.347725077172183,14.199480134129544,17.739999771118164,17.760000228881836,17.729999542236328,17.779998779296875,14.405043376945839,14.421283933054161,14.396923098891678,14.437522940377809,14.415193337317373,0.015191626816628665,-2.9000000953674316,0.0,0.0,0.0,0.0,0.0,0.0,,,,,
frame_00279.png,1771858901903043432,1771858901.9030433,42.30087591565424,-83.69830863468805,237.35403442382812,-0.008586531401746422,-0.9996742084601822,-0.018567590706914522,-0.015264108009822114,-0.022320000000000003,0.0181,0.004720000000000001,0.038400000000000004,0.2328,-11.0152,6.359404241849591,14.225605724763025,17.69999885559082,17.739999771118164,17.690000534057617,17.779998779296875,14.372562264729195,14.405043376945839,14.36444353545971,14.437522940377809,14.394893029378139,0.011900182522311138,-3.1000001430511475,0.0,0.0,0.0,0.0,0.0,0.0,,,,,
frame_00280.png,1771858901949131957,1771858901.949132,42.30087588998702,-83.69831327618984,237.35256958007812,-0.008488203627607993,-0.9996628593384927,-0.018850772946965286,-0.015708800643823993,-0.014650000000000003,-0.03869000000000001,-0.007470000000000001,0.0594,-0.2088,-11.941600000000001,6.37575010664116,14.262170443549877,17.75,17.739999771118164,17.85999870300293,17.779998779296875,14.413163655,14.405043376945839,14.50248361602642,14.437522940377809,14.439553397087517,0.0124373042826635,-3.1000001430511475,0.0,0.0,0.0,0.0,0.0,0.0,,,,,
frame_00281.png,1771858901991329025,1771858901.991329,42.30087588424676,-83.69831482643886,237.3532257080078,-0.0083664984215997,-0.9996413383586714,-0.019194297838515943,-0.016696564890173845,-0.0068800000000000016,-0.058170000000000006,-0.011220000000000003,-0.0976,1.4651,-10.9986,6.380041119912775,14.271769182777684,17.81999969482422,17.600000381469727,17.889999389648438,17.84000015258789,14.470004052594453,14.291362581756935,14.526844450188904,14.486244608702776,14.443613923310767,0.012040885634589424,-3.1000001430511475,0.0,0.0,0.0,0.0,0.0,0.0,,,,,
frame_00282.png,1771858902042077787,1771858902.0420778,42.300875874874876,-83.69831947946673,237.35885620117188,-0.008152462739727084,-0.9996223347368113,-0.018784146425616856,-0.018327058947494795,0.03339,-0.062160000000000014,-0.0108,-0.4922,1.0078,-9.221,6.377211093718951,14.26543858398367,17.739999771118164,18.049999237060547,17.899999618530273,17.85999870300293,14.405043376945839,14.65676580148613,14.534964728243066,14.50248361602642,14.524814380675366,0.01818211162346644,-3.299999952316284,0.0,0.0,0.0,0.0,0.0,0.0,,,,,
frame_00283.png,1771858902090477129,1771858902.090477,42.30087587432163,-83.69832102859156,237.3609161376953,-0.007983264058944006,-0.9996191626917869,-0.017755275421853275,-0.01955881563464835,0.04820000000000001,-0.03715000000000001,-0.013560000000000003,-1.3334000000000001,1.3384,-8.2436,6.362773407218554,14.233142345543472,17.899999618530273,17.770000457763672,17.899999618530273,17.889999389648438,14.534964728243066,14.429404211108324,14.534964728243066,14.526844450188904,14.50654452944584,0.01920884209999998,-3.700000047683716,0.0,0.0,0.0,0.0,0.0,0.0,,,,,
frame_00284.png,1771858902141438022,1771858902.141438,42.30087587135793,-83.69832720974554,237.3629913330078,-0.007902040546339528,-0.9996334874943773,-0.016982999003827926,-0.01954549001351929,-0.015030000000000003,0.021890000000000003,0.0018300000000000002,-1.0522,-0.4173,-7.7362,6.3385730012290225,14.179007489369251,17.899999618530273,17.84000015258789,17.81999969482422,17.81999969482422,14.534964728243066,14.486244608702776,14.470004052594453,14.470004052594453,14.490304360533688,0.021954771615561437,-4.300000190734863,0.0,0.0,0.0,0.0,0.0,0.0,,,,,
frame_00285.png,1771858902191906398,1771858902.1919062,42.30087586804063,-83.69833029314192,237.36090087890625,-0.007873292508442709,-0.9996402800073723,-0.017190573103640035,-0.01902119996812446,0.015310000000000002,0.006010000000000001,0.0035300000000000006,-0.2871,0.4047,-9.8925,6.354303214276047,14.214195032142662,17.85999870300293,17.799999237060547,17.869998931884766,17.799999237060547,14.50248361602642,14.45376349648613,14.510603894080583,14.45376349648613,14.480153625769816,0.018710774196198935,-4.800000190734863,0.0,0.0,0.0,0.0,0.0,0.0,,,,,
frame_00286.png,1771858902241657128,1771858902.241657,42.300875861352935,-83.69833338039813,237.35687255859375,-0.008036983182533541,-0.9996504852675525,-0.017255027569551815,-0.018346068495580212,0.010140000000000001,0.013930000000000001,0.0056700000000000006,-0.2048,1.5532000000000001,-9.7477,6.356222357443093,14.218488040258753,17.799999237060547,17.770000457763672,17.90999984741211,17.760000228881836,14.45376349648613,14.429404211108324,14.543085006297225,14.421283933054161,14.46188416173646,0.017118284362482562,-5.099999904632568,0.0,0.0,0.0,0.0,0.0,0.0,,,,,
frame_00287.png,1771858902301119165,1771858902.3011193,42.300875848913144,-83.69833955690031,237.35000610351562,-0.008213778416793827,-0.9996597129368008,-0.016894791893676864,-0.018098568509739475,0.010030000000000002,-0.00039000000000000005,0.0024100000000000002,-0.11040000000000001,0.0709,-10.527700000000001,6.370729357579773,14.250939329144497,17.869998931884766,17.760000228881836,17.90999984741211,17.729999542236328,14.510603894080583,14.421283933054161,14.543085006297225,14.396923098891678,14.467973983080912,0.01522949813508491,-5.099999904632568,0.0,0.0,0.0,0.0,0.0,0.0,,,,,
frame_00288.png,1771858902350880565,1771858902.3508806,42.30087584113863,-83.69834265448485,237.34759521484375,-0.008334646481633567,-0.9996508434423566,-0.016943520724921574,-0.018483559680308966,-0.00305,-0.020770000000000004,0.00321,-0.4298,0.2892,-9.8157,6.378648019230754,14.268652900138044,17.809999465942383,17.81999969482422,17.8799991607666,17.889999389648438,14.461883774540292,14.470004052594453,14.518724172134743,14.526844450188904,14.494364112364597,0.015818677054255735,-5.099999904632568,0.0,0.0,0.0,0.0,0.0,0.0,,,,,
frame_00289.png,1771858902394633172,1771858902.3946333,42.30087583654306,-83.6983442024134,237.34674072265625,-0.008457256191008233,-0.9996370991411396,-0.017298701005188735,-0.01883878398252179,-0.00068,-0.006730000000000001,0.00072,-0.3427,0.7924,-9.3558,6.376324812131446,14.263456025249317,17.85999870300293,17.959999084472656,17.899999618530273,17.899999618530273,14.50248361602642,14.583684847783356,14.534964728243066,14.534964728243066,14.539024480073978,0.01931989374362337,-5.099999904632568,0.0,0.0,0.0,0.0,0.0,0.0,,,,,
frame_00290.png,1771858902443723123,1771858902.443723,42.30087581170387,-83.69835039620558,237.343017578125,-0.008526057714275226,-0.999627795605173,-0.01771896020071272,-0.018910712382160823,-0.018800000000000004,0.004210000000000001,0.0023100000000000004,-0.1409,0.8553000000000001,-9.941600000000001,6.36890797621841,14.246865008322011,17.940000534057617,17.84000015258789,17.81999969482422,17.899999618530273,14.56744584045971,14.486244608702776,14.470004052594453,14.534964728243066,14.514664807500003,0.018797103715207646,-4.800000190734863,0.0,0.0,0.0,0.0,0.0,0.0,,,,,
frame_00291.png,1771858902494143989,1771858902.494144,42.30087578853672,-83.69835503357928,237.33987426757812,-0.008589973701107423,-0.9996280240971152,-0.018267908936330582,-0.018338737541205307,-0.033580000000000006,0.029110000000000004,0.00591,0.1559,1.0069000000000001,-9.5,6.361918549794279,14.231230080776815,17.84000015258789,17.779998779296875,17.93000030517578,17.85999870300293,14.486244608702776,14.437522940377809,14.559325562405549,14.50248361602642,14.496394181878138,0.018632549652858203,-4.300000190734863,0.0,0.0,0.0,0.0,0.0,0.0,,,,,
frame_00292.png,1771858902543939717,1771858902.5439398,42.300875766550014,-83.6983596735305,237.33697509765625,-0.00878060365881661,-0.9996296521078101,-0.0185018972110404,-0.01792036343932719,-0.0015400000000000001,0.011200000000000002,0.018090000000000002,-0.5004000000000001,1.2242,-9.9739,6.371021792275765,14.25159348801335,17.770000457763672,17.940000534057617,17.969999313354492,17.85999870300293,14.429404211108324,14.56744584045971,14.591805125837517,14.50248361602642,14.522784698357992,0.019028834254410442,-3.5,0.0,0.0,0.0,0.0,0.0,0.0,,,,,
frame_00293.png,1771858902596184463,1771858902.5961845,42.30087575372035,-83.69836122505153,237.3365020751953,-0.00891277657148526,-0.999615609210571,-0.018952837884800157,-0.018165521530583654,-0.03379000000000001,-0.028980000000000002,0.025110000000000004,-0.7867000000000001,1.4311,-11.7811,6.380330187324289,14.272415809233197,17.760000228881836,17.84000015258789,17.869998931884766,17.899999618530273,14.421283933054161,14.486244608702776,14.510603894080583,14.534964728243066,14.488274291020147,0.015124172716948605,-2.1000001430511475,0.0,0.0,0.0,0.0,0.0,0.0,,,,,
frame_00294.png,1771858902645531357,1771858902.6455314,42.300875729089526,-83.69836587911112,237.33767700195312,-0.00907628108502695,-0.9995987084000577,-0.019588732833401682,-0.01833916117447871,-0.03177000000000001,0.0048000000000000004,0.005170000000000001,1.2104000000000001,0.42060000000000003,-8.1498,6.389779361560715,14.293553045049626,17.779998779296875,18.079999923706055,18.020000457763672,17.989999771118164,14.437522940377809,14.681126635648614,14.632406516108324,14.60804568194584,14.589775443520146,0.02072419625385679,-0.699999988079071,0.0,0.0,0.0,0.0,0.0,0.0,,,,,
frame_00295.png,1771858902696295335,1771858902.6962955,42.30087572404645,-83.69836897791431,237.33761596679688,-0.009098570466883171,-0.9995984675484142,-0.019352925705840116,-0.0185898885673238,0.04825000000000001,0.015240000000000002,-0.0012700000000000003,-0.1895,0.5159,-9.852400000000001,6.370481513470159,14.250384916741938,17.829999923706055,17.78999900817871,17.969999313354492,17.93000030517578,14.478124330648614,14.445643218431968,14.591805125837517,14.559325562405549,14.518724559330911,0.01883034347189575,0.800000011920929,0.0,0.0,0.0,0.0,0.0,0.0,,,,,
frame_00296.png,1771858902748156726,1771858902.7481568,42.30087573200869,-83.69837519332707,237.33558654785156,-0.008909663787792954,-0.9996356302631633,-0.017432189845830767,-0.018583416175058657,0.016860000000000003,0.012680000000000002,-0.0008900000000000001,-0.3064,-2.1169000000000002,-8.9135,6.3798790350561605,14.271406608678529,17.799999237060547,18.15999984741211,17.8799991607666,17.94999885559082,14.45376349648613,14.746087311297225,14.518724172134743,14.575564569729195,14.573534887411824,0.021170182240450613,2.299999952316284,0.0,0.0,0.0,0.0,0.0,0.0,,,,,
frame_00297.png,1771858902808895019,1771858902.8088949,42.30087573894514,-83.69837985641635,237.33152770996094,-0.008577628155236772,-0.9996373180503209,-0.01742865576747778,-0.0186520404924208,-0.00205,-0.0016000000000000003,-0.018240000000000003,-0.7654000000000001,-1.8728,-10.4542,6.389970920182001,14.293981550191926,17.829999923706055,17.869998931884766,17.90999984741211,17.93000030517578,14.478124330648614,14.510603894080583,14.543085006297225,14.559325562405549,14.522784698357992,0.016006957009329085,4.900000095367432,0.0,0.0,0.0,0.0,0.0,0.0,,,,,
frame_00298.png,1771858902848564825,1771858902.8485646,42.30087574224052,-83.69838140687307,237.32994079589844,-0.008315451171297228,-0.9996418648182612,-0.017447325529215584,-0.01850908442803749,0.012420000000000002,0.01335,-0.021070000000000005,-0.7958000000000001,-0.5691,-10.0082,6.383341505476221,14.279151947259978,17.93000030517578,17.809999465942383,17.93000030517578,17.90999984741211,14.559325562405549,14.461883774540292,14.559325562405549,14.543085006297225,14.530904976412154,0.017630810995080515,8.100000381469727,0.0,0.0,0.0,0.0,0.0,0.0,,,,,
frame_00299.png,1771858902899736996,1771858902.8997371,42.300875736821936,-83.69838606605252,237.32513427734375,-0.007958094766305823,-0.9996560755767614,-0.017068432391005996,-0.018250148105491193,0.039450000000000006,-0.0022600000000000003,-0.013180000000000002,-0.5529000000000001,-0.9864,-11.3939,6.393656444382799,14.30222584669766,17.829999923706055,17.85999870300293,17.969999313354492,17.85999870300293,14.478124330648614,14.50248361602642,14.591805125837517,14.50248361602642,14.518724172134743,0.015137386848570283,14.5,0.0,0.0,0.0,0.0,0.0,0.0,,,,,
frame_00300.png,1771858902948266062,1771858902.948266,42.3008757240141,-83.69838917998821,237.32301330566406,-0.0077730508355395855,-0.9996604960365658,-0.017049058842054626,-0.01810530135721246,0.01973,-0.00966,-0.011410000000000002,0.8595,2.3268,-10.7372,6.4001518497890855,14.316755678867198,17.809999465942383,17.94999885559082,17.809999465942383,17.959999084472656,14.461883774540292,14.575564569729195,14.461883774540292,14.583684847783356,14.520754241648284,0.014248937912812612,22.200000762939453,0.0,0.0,0.0,0.0,0.0,0.0,,,,,
frame_00301.png,1771858902999247515,1771858902.9992476,42.30087570040673,-83.69839385653867,237.32286071777344,-0.007293844239899261,-0.9996571131500429,-0.01692768300137363,-0.0185986427712161,-0.023210000000000005,-0.015590000000000003,-0.030100000000000002,0.8574,0.8024,-8.366100000000001,6.418431733912489,14.357646682858205,17.729999542236328,18.049999237060547,17.81999969482422,18.369998931884766,14.396923098891678,14.65676580148613,14.470004052594453,14.916608504080582,14.61007536426321,0.017581480237035194,30.80000114440918,0.0,0.0,0.0,0.0,0.0,0.0,,,,,
frame_00302.png,1771858903048912816,1771858903.048913,42.300875693055175,-83.698395409867,237.3228302001953,-0.006494776992573725,-0.9996458658922683,-0.017388139987709002,-0.01906864609985812,-0.033440000000000004,-0.0206,-0.04459000000000001,0.1656,-0.3151,-9.585700000000001,6.408409389195366,14.335227299066684,17.68000030517578,18.079999923706055,17.81999969482422,18.28999900817871,14.356323257405549,14.681126635648614,14.470004052594453,14.85164782843197,14.589775443520146,0.017756826532498375,40.79999923706055,0.0,0.0,0.0,0.0,0.0,0.0,,,,,
frame_00303.png,1771858903108945757,1771858903.1089456,42.30087564993572,-83.69840164099153,237.32272338867188,-0.0049881761910130495,-0.9996449047590308,-0.0176610227688499,-0.019320216415816754,0.028380000000000002,0.012670000000000002,-0.0669,0.06770000000000001,1.4402000000000001,-7.543,6.403261187408285,14.32371108056109,17.779998779296875,18.28999900817871,17.799999237060547,18.19999885559082,14.437522940377809,14.85164782843197,14.45376349648613,14.778566874729195,14.630375285006275,0.021409549712390112,54.29999923706055,0.0,0.0,0.0,0.0,0.0,0.0,,,,,
frame_00304.png,1771858903149385126,1771858903.1493852,42.3008756314329,-83.6984047522611,237.3223876953125,-0.0038029387369737377,-0.9996548109131316,-0.017223910861742596,-0.019471352542146218,0.00855,-0.005420000000000001,-0.07911000000000001,-0.8154,0.2753,-10.4502,6.397717287232424,14.3113097085017,17.75,18.5,17.799999237060547,18.25,14.413163655,15.02217057,14.45376349648613,14.819168265,14.677066496621533,0.025557184881727077,63.400001525878906,0.0,0.0,0.0,0.0,0.0,0.0,,,,,
frame_00305.png,1771858903209447158,1771858903.2094471,42.30087560940952,-83.6984094189157,237.31967163085938,-0.0007335449978904675,-0.9997063867484872,-0.014715683660397067,-0.01923670607009776,0.030340000000000002,-0.01207,-0.11635000000000002,-0.0012000000000000001,-2.6926,-9.4769,6.404755417669379,14.32705358400134,17.770000457763672,18.5,17.56999969482422,18.270000457763672,14.429404211108324,15.02217057,14.267001747594453,14.835408821108322,14.638496337452775,0.02173808812994281,76.5,0.0,0.0,0.0,0.0,0.0,0.0,,,,,
frame_00306.png,1771858903251378207,1771858903.251378,42.300875576204696,-83.69841408877438,237.3150177001953,0.0025329673215008786,-0.9997280186352571,-0.013154340641776629,-0.019090210958799345,0.059280000000000006,0.020110000000000003,-0.15026,-0.8161,-3.6785,-8.5989,6.4008228817812265,14.318256737171698,17.59000015258789,18.43000030517578,17.760000228881836,18.34000015258789,14.283242303702774,14.965330172405547,14.421283933054161,14.892249218702775,14.640526406966314,0.022507605200147773,85.5999984741211,0.0,0.0,0.0,0.0,0.0,0.0,,,,,
frame_00307.png,1771858903302122613,1771858903.3021226,42.30087550708352,-83.69841874822419,237.30838012695312,0.007144371803640526,-0.9997151567939742,-0.013003750622562624,-0.018694001649650602,0.0105,0.013960000000000002,-0.15744000000000002,-1.306,-0.8915000000000001,-14.2323,6.387593622743068,14.288663678458878,17.60999870300293,18.389999389648438,17.479999542236328,18.529998779296875,14.29948131102642,14.932849060188905,14.193920793891678,15.046529855377807,14.618195255121202,0.023062448950990105,98.0,0.0,0.0,0.0,0.0,0.0,0.0,,,,,
frame_00308.png,1771858903351132777,1771858903.3511326,42.300875480299744,-83.6984203030943,237.3070068359375,0.01076340796812697,-0.999708290433172,-0.011795708536423784,-0.018120274507303084,0.06607,0.04574,-0.20440000000000003,0.8415,-4.2134,-8.8287,6.4063894115012685,14.330708730163648,17.5,18.34000015258789,17.56999969482422,18.459999084472656,14.210161350000002,14.892249218702775,14.267001747594453,14.989689457783356,14.589775443520146,0.01807773210903434,111.0999984741211,0.0,0.0,0.0,0.0,0.0,0.0,,,,,
frame_00309.png,1771858903403025867,1771858903.4030259,42.30087537157786,-83.6984249628066,237.30447387695312,0.015368916984647374,-0.9996493745800212,-0.011011444264527992,-0.018538403051515988,0.08020000000000002,0.026320000000000003,-0.22193000000000002,-1.1496,-2.1654,-11.703800000000001,6.383914343331916,14.280433351172896,17.40999984741211,18.229999542236328,17.369998931884766,18.469999313354492,14.137080396297227,14.802927708891678,14.104599284080582,14.997809735837517,14.510604281276752,0.016117923346139332,124.0999984741211,0.0,0.0,0.0,0.0,0.0,0.0,,,,,
frame_00310.png,1771858903452355712,1771858903.4523556,42.300875274889684,-83.69842807204675,237.3022003173828,0.019513483773106854,-0.9995816210914726,-0.010707444266467673,-0.01847044570281915,-0.02161,-0.010080000000000002,-0.21390000000000003,0.45940000000000003,-1.6683000000000001,-8.924900000000001,6.4098731555067765,14.33850165647933,17.350000381469727,18.389999389648438,17.329999923706055,18.459999084472656,14.088360276756935,14.932849060188905,14.072119720648613,14.989689457783356,14.520754628844452,0.012710740405903203,134.90000915527344,0.0,0.0,0.0,0.0,0.0,0.0,,,,,
frame_00311.png,1771858903502880618,1771858903.5028806,42.30087500097588,-83.69843427941504,237.2975616455078,0.026919850474816986,-0.9993878054708065,-0.011736749556399514,-0.019015378947293483,-0.030270000000000005,-0.02593,-0.22566000000000005,-0.2469,0.060500000000000005,-9.166500000000001,6.39818098464129,14.312346971783489,17.369998931884766,18.28999900817871,17.28999900817871,18.549999237060547,14.104599284080582,14.85164782843197,14.03963860843197,15.06277041148613,14.514664033107662,0.014135841013569421,143.1999969482422,0.0,0.0,0.0,0.0,0.0,0.0,,,,,
frame_00312.png,1771858903563512643,1771858903.5635126,42.30087473512701,-83.69843892066697,237.29461669921875,0.0338131452755952,-0.9991579805487008,-0.012736735261270078,-0.019436478263764916,-0.00553,-0.012580000000000001,-0.24362000000000003,-0.27840000000000004,-0.1628,-8.709200000000001,6.386951150381164,14.287226506333642,17.219999313354492,18.329999923706055,17.170000076293945,18.399999618530273,13.982798210837517,14.884128940648614,13.942198369351386,14.940969338243065,14.437523714770146,0.01051969102399796,151.10000610351562,0.0,0.0,0.0,0.0,0.0,0.0,,,,,
frame_00313.png,1771858903628237806,1771858903.6282377,42.30087443116472,-83.69844355179039,237.2918243408203,0.04142427826518841,-0.9988641878600013,-0.012329202182774036,-0.020058767522566804,0.04053000000000001,-0.0205,-0.27233,-0.35350000000000004,-0.169,-10.1396,6.38190843095312,14.275946245536273,17.10999870300293,18.399999618530273,17.100000381469727,18.389999389648438,13.89347670102642,14.940969338243065,13.885357971756937,14.932849060188905,14.413163267803833,0.009611763725326735,159.0,0.0,0.0,0.0,0.0,0.0,0.0,,,,,
frame_00314.png,1771858903654214490,1771858903.6542144,42.30087443116472,-83.69844355179039,237.2918243408203,0.0427864223277819,-0.9988059345638771,-0.012108098119682206,-0.020234156871310246,0.04005,-0.029990000000000003,-0.274,-0.5446,-1.0469,-10.5519,6.380487882025818,14.272768562818834,17.119998931884766,18.440000534057617,16.959999084472656,18.510000228881836,13.901596979080582,14.97345045045971,13.771675627783356,15.030290848054163,14.419253476344453,0.010263244505149349,163.5,0.0,0.0,0.0,0.0,0.0,0.0,,,,,
frame_00315.png,1771858903719236385,1771858903.7192364,42.30087397843771,-83.69844971008648,237.2886962890625,0.05465728026716499,-0.9982139210890497,-0.010716006799228255,-0.02160362599425555,0.028500000000000004,-0.02375,-0.31292000000000003,-0.8425,0.6738000000000001,-9.512,6.362170640222966,14.231793991940362,17.0,18.44999885559082,17.059999465942383,18.459999084472656,13.80415674,14.981569179729195,13.852876859540292,14.989689457783356,14.407073059263212,0.012316020553846684,174.40000915527344,0.0,0.0,0.0,0.0,0.0,0.0,,,,,
frame_00316.png,1771858903755220570,1771858903.7552204,42.30087371461142,-83.69845277574146,237.28758239746094,0.059679528753978583,-0.9979191950037816,-0.01029284787169253,-0.022128971358775108,-0.0025700000000000007,-0.02919,-0.3284600000000001,-0.9731000000000001,-2.7477,-9.8855,6.3541650317761444,14.21388592618133,17.029998779296875,18.59000015258789,16.8799991607666,18.399999618530273,13.828516025377809,15.095251523702775,13.706714952134744,14.940969338243065,14.392862959864598,0.012591703255026123,178.8000030517578,0.0,0.0,0.0,0.0,0.0,0.0,,,,,
frame_00317.png,1771858903806256556,1771858903.8062565,42.30087358113798,-83.69845430803058,237.2869110107422,0.06652500367493996,-0.9974796726583467,-0.009759767416549882,-0.022659952767422685,0.03855,-0.01887,-0.35884000000000005,-0.5992000000000001,-1.8486,-9.3591,6.340537271996259,14.183401445219312,16.84000015258789,18.53999900817871,16.81999969482422,18.510000228881836,13.674235388702774,15.05465013343197,13.657994832594452,15.030290848054163,14.354292800695841,0.012048686356130055,185.5,0.0,0.0,0.0,0.0,0.0,0.0,,,,,
frame_00318.png,1771858903864645403,1771858903.8646455,42.30087297532778,-83.69846039860637,237.283203125,0.07946886745673354,-0.9965282684202431,-0.008942377684997182,-0.023154766805884703,0.011120000000000001,-0.0056300000000000005,-0.38356,-0.6283000000000001,-2.5441000000000003,-10.568200000000001,6.314018170822784,14.12407980704032,16.829999923706055,18.56999969482422,16.719999313354492,18.60999870300293,13.666115110648613,15.079010967594453,13.576793600837517,15.111490531026423,14.358352552526753,0.01658676166426476,191.8000030517578,0.0,0.0,0.0,0.0,0.0,0.0,,,,,
frame_00319.png,1771858903907057142,1771858903.907057,42.3008726309555,-83.69846342670832,237.28115844726562,0.08730806046673323,-0.9958686909368872,-0.008930928202041624,-0.023304323861420204,0.0010400000000000001,0.005510000000000001,-0.4012,-0.3976,-1.339,-8.9795,6.3027717072948,14.098922142916031,16.869998931884766,18.68000030517578,16.690000534057617,18.440000534057617,13.698594674080582,15.16833247740555,13.55243431545971,14.97345045045971,14.348202979351388,0.017680843536015105,194.90000915527344,0.0,0.0,0.0,0.0,0.0,0.0,,,,,
frame_00320.png,1771858903957325075,1771858903.957325,42.30087206711416,-83.69846795116003,237.2760772705078,0.09762384307772737,-0.9949074207903646,-0.008855064913321293,-0.02346054441781767,0.00144,0.008570000000000001,-0.4272200000000001,-0.37110000000000004,-0.8955000000000001,-8.360100000000001,6.291175517090116,14.072982161199564,16.619998931884766,18.690000534057617,16.60999870300293,18.5,13.495592369080581,15.17645275545971,13.487472091026422,15.02217057,14.295421946391677,0.015806158399418672,197.5,0.0,0.0,0.0,0.0,0.0,0.0,,,,,
frame_00321.png,1771858904008049926,1771858904.00805,42.300871657824175,-83.69847095335278,237.27113342285156,0.10848310621063184,-0.9937809523103179,-0.008468695177151863,-0.023645627377735113,0.0,-0.0008600000000000002,-0.4421400000000001,-0.6542,-1.5069000000000001,-9.364600000000001,6.286381343604821,14.062257882763369,16.619998931884766,18.739999771118164,16.579999923706055,18.559999465942383,13.495592369080581,15.21705259694584,13.463112805648613,15.070890689540292,14.311662115303832,0.017735717451616895,198.3000030517578,0.0,0.0,0.0,0.0,0.0,0.0,,,,,
frame_00322.png,1771858904057932250,1771858904.0579324,42.30087098962251,-83.69847544398046,237.2622833251953,0.1196654400165299,-0.9924925089740473,-0.008053908757602365,-0.023956974971296285,-0.00021000000000000004,-0.009830000000000002,-0.45660000000000006,-0.5102,-2.6977,-9.591000000000001,6.289301528753815,14.06879016173056,16.69999885559082,18.690000534057617,16.479999542236328,18.5,13.560553044729195,15.17645275545971,13.381911573891678,15.02217057,14.285271986020145,0.015387380279396894,198.10000610351562,0.0,0.0,0.0,0.0,0.0,0.0,,,,,
frame_00323.png,1771858904109320041,1771858904.10932,42.30087025007174,-83.69847991001805,237.2527313232422,0.13347191801021785,-0.9907207786392784,-0.00738303343568707,-0.02455761984279252,0.013110000000000002,-0.023860000000000006,-0.46851000000000004,-0.276,-3.2763,-10.1151,6.285662423082506,14.060649700690183,16.729999542236328,18.760000228881836,16.510000228881836,18.510000228881836,13.58491387889168,15.233293153054163,13.406272408054162,15.030290848054163,14.313692572013542,0.017996527664787647,198.0,0.0,0.0,0.0,0.0,0.0,0.0,,,,,
frame_00324.png,1771858904159172558,1771858904.1591725,42.30086998987657,-83.69848139562724,237.2495574951172,0.14295372955510605,-0.9893926689525301,-0.006384203910784753,-0.025012392322608514,0.06603,-0.008870000000000001,-0.48910000000000003,0.0471,-2.7998000000000003,-10.0799,6.275078145446679,14.036973306675495,16.59000015258789,18.719999313354492,16.459999084472656,18.510000228881836,13.471233083702774,15.200812040837517,13.365671017783358,15.030290848054163,14.267001747594453,0.016387324809513153,198.0,0.0,0.0,0.0,0.0,0.0,0.0,,,,,
frame_00325.png,1771858904209994260,1771858904.2099943,42.30086914178195,-83.69848582651382,237.2410430908203,0.15736801301861741,-0.9871891962946974,-0.0045096061840504045,-0.025931884807441824,0.052680000000000005,-0.027140000000000004,-0.49167000000000005,0.19490000000000002,-3.6173,-10.3218,6.275616131505258,14.038176749209372,16.579999923706055,18.68000030517578,16.3799991607666,18.60999870300293,13.463112805648613,15.16833247740555,13.300710342134742,15.111490531026423,14.260911539053833,0.015866361695225508,198.10000610351562,0.0,0.0,0.0,0.0,0.0,0.0,,,,,
frame_00326.png,1771858904259814321,1771858904.2598145,42.30086819507425,-83.69849022296617,237.2342987060547,0.16954199145456378,-0.9851461390209777,-0.00364274455674439,-0.02700607927440734,0.014600000000000004,-0.03896,-0.48636000000000007,0.4126,-6.1421,-10.9445,6.281257775861647,14.050796769135953,16.5,18.60999870300293,16.440000534057617,18.559999465942383,13.39815213,15.111490531026423,13.34943201045971,15.070890689540292,14.232491340256606,0.01293126461837128,198.5,0.0,0.0,0.0,0.0,0.0,0.0,,,,,
frame_00327.png,1771858904310903131,1771858904.310903,42.300867135210275,-83.6984945799603,237.23020935058594,0.18155070631231002,-0.9829573712540262,-0.004130852634394611,-0.028584670566382593,-0.03461,-0.05561000000000001,-0.48823000000000005,-0.2948,-4.8609,-10.4105,6.284648010774084,14.058380521220979,16.56999969482422,18.639999389648438,16.399999618530273,18.59000015258789,13.454992527594452,15.135851365188906,13.316950898243064,15.095251523702775,14.250761578682297,0.013684439482266204,198.60000610351562,0.0,0.0,0.0,0.0,0.0,0.0,,,,,
frame_00328.png,1771858904360389291,1771858904.3603895,42.30086596943608,-83.698498891208,237.22705078125,0.19578933879956878,-0.9801526625608524,-0.005717251662657557,-0.03057132513851946,-0.042120000000000005,-0.07363000000000001,-0.4820500000000001,-0.454,-2.6085000000000003,-9.5214,6.285887913182643,14.061154108514783,16.559999465942383,18.770000457763672,16.399999618530273,18.619998931884766,13.446872249540291,15.241413431108322,13.316950898243064,15.119610809080582,14.281211846993065,0.015650048124074327,198.40000915527344,0.0,0.0,0.0,0.0,0.0,0.0,,,,,
frame_00329.png,1771858904412951149,1771858904.412951,42.30086556753326,-83.69850031788005,237.2254638671875,0.2053871263373767,-0.9781485449512859,-0.006064619665945188,-0.03169815030666744,0.0028700000000000006,-0.038130000000000004,-0.49494000000000005,-1.0197,-1.8409,-8.4047,6.268617607662035,14.022521471283515,16.34000015258789,18.760000228881836,16.369998931884766,18.639999389648438,13.268230778702774,15.233293153054163,13.292590064080583,15.135851365188906,14.232491340256606,0.014973759847905067,198.1999969482422,0.0,0.0,0.0,0.0,0.0,0.0,,,,,
frame_00330.png,1771858904474560498,1771858904.4745605,42.300864302972634,-83.6985045654494,237.2194061279297,0.2201739262178194,-0.9748872612415243,-0.005614706667818017,-0.032965817931074066,0.00143,-0.03934000000000001,-0.50765,-0.6133000000000001,-3.0501,-9.160400000000001,6.2700610357819775,14.025750333382138,16.43000030517578,18.869998931884766,16.31999969482422,18.649999618530273,13.341311732405547,15.322613114080582,13.251990222594452,15.143971643243065,14.264971678080911,0.017055867886754825,198.10000610351562,0.0,0.0,0.0,0.0,0.0,0.0,,,,,
frame_00331.png,1771858904512608422,1771858904.5126085,42.30086340459639,-83.69850736964543,237.2140350341797,0.22759767317291502,-0.9731659423722103,-0.005739461153852824,-0.03338272545413484,-0.03867,-0.030920000000000003,-0.50129,0.41350000000000003,-4.6463,-9.2341,6.282707456558178,14.054039617873253,16.350000381469727,18.84000015258789,16.369998931884766,18.729999542236328,13.276351056756935,15.298253828702775,13.292590064080583,15.20893231889168,14.269031817107994,0.015297537582100201,198.0,0.0,0.0,0.0,0.0,0.0,0.0,,,,,
frame_00332.png,1771858904563850565,1771858904.5638504,42.30086197057533,-83.698511521051,237.20364379882812,0.24232297516062984,-0.9695690676159576,-0.00757732018063609,-0.03402915001147634,-0.07028000000000001,-0.021240000000000002,-0.50956,-0.1101,-3.7753,-8.5759,6.27374844856815,14.03399885454004,17.09000015258789,18.899999618530273,16.420000076293945,18.760000228881836,13.877237693702774,15.346973948243065,13.333191454351388,15.233293153054163,14.447674062337848,0.029476645401320067,198.40000915527344,0.0,0.0,0.0,0.0,0.0,0.0,,,,,
frame_00333.png,1771858904626175972,1771858904.626176,42.30086045812316,-83.69851560389384,237.1904296875,0.2571796127017716,-0.9657319950596246,-0.008857499395524014,-0.03379208832230355,-0.025860000000000005,0.00987,-0.5112800000000001,-1.2538,-1.8581,-8.8986,6.243627636435867,13.966620405048848,16.959999084472656,18.969999313354492,16.649999618530273,18.690000534057617,13.771675627783356,15.403814345837517,13.519953203243064,15.17645275545971,14.467973983080913,0.03589655646764972,197.40000915527344,0.0,0.0,0.0,0.0,0.0,0.0,,,,,
frame_00334.png,1771858904665096589,1771858904.6650968,42.30085994484028,-83.69851695004382,237.18536376953125,0.2645921055830963,-0.9637484133466252,-0.007957598930822858,-0.03341691269735217,0.06532000000000002,0.04365,-0.5198300000000001,-0.9859,-1.7936,-10.1399,6.219423292378276,13.912476739652663,16.85999870300293,19.139999389648438,16.670000076293945,18.75,13.690474396026422,15.541855975188904,13.536193759351388,15.225172875,14.498424251391679,0.04211669300182745,196.0,0.0,0.0,0.0,0.0,0.0,0.0,,,,,
frame_00335.png,1771858904713409342,1771858904.7134092,42.3008578391927,-83.69852227655441,237.1664276123047,0.28193176520900454,-0.9588702255422492,-0.0007045348131207267,-0.03289185256849778,0.20539000000000002,0.0791,-0.5249600000000001,-1.1845,-3.2517,-10.2102,6.202344376917362,13.874272230501525,16.690000534057617,18.989999771118164,16.65999984741211,18.739999771118164,13.55243431545971,15.42005490194584,13.528073481297227,15.21705259694584,14.429403823912155,0.040011582891549144,193.90000915527344,0.0,0.0,0.0,0.0,0.0,0.0,,,,,
frame_00336.png,1771858904772059169,1771858904.7720592,42.30085673304139,-83.6985249059796,237.157958984375,0.2918710995077814,-0.9558917852682056,0.0038514067251165345,-0.03266990656735246,0.15881000000000003,0.06561000000000002,-0.5238600000000001,0.2175,-6.1574,-10.3383,6.223304654292953,13.92115911337408,16.649999618530273,18.770000457763672,16.579999923706055,18.770000457763672,13.519953203243064,15.241413431108322,13.463112805648613,15.241413431108322,14.366473217777079,0.03198829212254214,192.60000610351562,0.0,0.0,0.0,0.0,0.0,0.0,,,,,
frame_00337.png,1771858904814719778,1771858904.8147197,42.300854945789325,-83.69852876638521,237.1471710205078,0.3039040308248437,-0.9521424264517767,0.005524619534043351,-0.032196558479740386,-0.025700000000000004,0.01213,-0.4968400000000001,-0.5162,-5.2355,-10.2667,6.253944453116372,13.989698504954138,16.69999885559082,18.639999389648438,16.649999618530273,18.739999771118164,13.560553044729195,15.135851365188906,13.519953203243064,15.21705259694584,14.358352552526751,0.026351822195600793,192.40000915527344,0.0,0.0,0.0,0.0,0.0,0.0,,,,,
frame_00338.png,1771858904864284600,1771858904.8642848,42.30085301335831,-83.69853252644486,237.13754272460938,0.31771464703637425,-0.947669060254028,0.002022159650676385,-0.031251658614330866,-0.20037000000000002,-0.036090000000000004,-0.47049,0.0213,-4.2250000000000005,-9.518600000000001,6.294838357065782,14.08117571445473,16.670000076293945,18.56999969482422,16.469999313354492,18.770000457763672,13.536193759351388,15.079010967594453,13.373791295837517,15.241413431108322,14.307602363472919,0.016080095413180243,192.1999969482422,0.0,0.0,0.0,0.0,0.0,0.0,,,,,
frame_00339.png,1771858904924149218,1771858904.9241493,42.30085233505023,-83.69853376503968,237.13441467285156,0.3307637812984535,-0.9432002105337685,-0.00439047095011952,-0.030812458438756296,-0.25292000000000003,-0.07877,-0.43762,0.12560000000000002,-4.4274000000000004,-8.1546,6.343083922494561,14.189098149584984,16.619998931884766,18.719999313354492,16.31999969482422,18.739999771118164,13.495592369080581,15.200812040837517,13.251990222594452,15.21705259694584,14.291361807364598,0.0072071992667557695,191.60000610351562,0.0,0.0,0.0,0.0,0.0,0.0,,,,,
frame_00340.png,1771858904965775300,1771858904.9657753,42.30085024738673,-83.69853742590955,237.1212615966797,0.33703885811133977,-0.9409588951875194,-0.008389715507032517,-0.030508660478595306,-0.27359000000000006,-0.05841000000000001,-0.43682000000000004,-1.1677,-2.4477,-6.9556000000000004,6.338702522069438,14.17929721971801,16.75,18.690000534057617,16.049999237060547,18.739999771118164,13.601154435,15.17645275545971,13.03274736148613,15.21705259694584,14.25685178722292,0.005469563568853238,191.1999969482422,0.0,0.0,0.0,0.0,0.0,0.0,,,,,
frame_00341.png,1771858905016798902,1771858905.016799,42.30084808008309,-83.69854099026914,237.1019287109375,0.34999947335191234,-0.9361775093502436,-0.015778285538312856,-0.028689464017823223,-0.27591000000000004,0.006680000000000001,-0.44687000000000004,0.0964,-3.0964,-9.9169,6.316758408990974,14.13020955540827,16.770000457763672,18.889999389648438,16.209999084472656,18.59000015258789,13.617394991108322,15.338853670188904,13.162668712783356,15.095251523702775,14.303542224445838,0.012266815177643737,191.3000030517578,0.0,0.0,0.0,0.0,0.0,0.0,,,,,
frame_00342.png,1771858905066359744,1771858905.0663598,42.30084586224069,-83.69854448473009,237.0825653076172,0.36066332566820164,-0.9320666183051682,-0.020218091769175196,-0.027658874241991087,-0.15030000000000002,0.0038900000000000002,-0.45703000000000005,-1.3035,-1.87,-11.7284,6.302787176341142,14.098956746244555,16.84000015258789,19.0,16.5,18.549999237060547,13.674235388702774,15.428175180000002,13.39815213,15.06277041148613,14.390833277547227,0.02070199494586127,191.60000610351562,0.0,0.0,0.0,0.0,0.0,0.0,,,,,
frame_00343.png,1771858905117292630,1771858905.1172926,42.30084436689476,-83.6985467914801,237.0733184814453,0.37169439878967525,-0.9276978216479677,-0.020045981686107765,-0.028603919945304136,0.10434000000000002,-0.030410000000000003,-0.48690000000000005,-1.2372,-2.6033,-14.255700000000001,6.292489737503503,14.075921993411088,17.229999542236328,19.06999969482422,16.68000030517578,18.649999618530273,13.990918488891678,15.485015577594451,13.544314037405549,15.143971643243065,14.541054936783684,0.033044580922679485,191.60000610351562,0.0,0.0,0.0,0.0,0.0,0.0,,,,,
frame_00344.png,1771858905175720346,1771858905.1757205,42.30084208475584,-83.69855019791308,237.06996154785156,0.38284225050370363,-0.9231541432042938,-0.015402209078801058,-0.031321096237182815,0.24817000000000003,-0.030610000000000002,-0.49883000000000005,-1.3532,-3.7779000000000003,-12.188,6.276273240585074,14.039646662794377,17.049999237060547,19.059999465942383,16.809999465942383,18.920000076293945,13.844756581486129,15.476895299540292,13.649874554540292,15.363214504351387,14.583685234979523,0.0387501612577523,191.0,0.0,0.0,0.0,0.0,0.0,0.0,,,,,
frame_00345.png,1771858905220150645,1771858905.2201505,42.300841306866744,-83.69855130343447,237.07057189941406,0.39178413606674256,-0.9194041838310472,-0.010967552182116083,-0.03287628749623035,0.20902000000000004,0.03626000000000001,-0.5007600000000001,-1.7075,-2.1861,-9.2452,6.231143368584604,13.938693846921645,16.899999618530273,19.0,17.049999237060547,19.1299991607666,13.722955508243064,15.428175180000002,13.844756581486129,15.533735697134745,14.632405741715985,0.049768787693657994,190.90000915527344,0.0,0.0,0.0,0.0,0.0,0.0,,,,,
frame_00346.png,1771858905268071504,1771858905.2680714,42.300838944559366,-83.69855454737007,237.0709686279297,0.40533678553673264,-0.9135867842486686,-0.005442910246604739,-0.03211935031991009,0.07395,0.12397000000000001,-0.49561000000000005,-0.1516,-4.2264,-8.517100000000001,6.200061361857119,13.869165262792665,16.989999771118164,19.209999084472656,17.06999969482422,19.189998626708984,13.796036461945839,15.598696372783357,13.860997137594453,15.582455816675035,14.709546447249672,0.06059349416734757,190.90000915527344,0.0,0.0,0.0,0.0,0.0,0.0,,,,,
frame_00347.png,1771858905328814048,1771858905.328814,42.30083649494989,-83.69855764820797,237.0676727294922,0.41635536348937885,-0.9087397109462166,-0.0041093527520066585,-0.028696032181707305,-0.09668000000000002,0.15391000000000002,-0.47391000000000005,-0.5919,-3.9160000000000004,-7.183800000000001,6.207296385152146,13.885349575802243,17.10999870300293,19.209999084472656,16.989999771118164,18.920000076293945,13.89347670102642,15.598696372783357,13.796036461945839,15.363214504351387,14.66285601002675,0.05599473243219275,190.8000030517578,0.0,0.0,0.0,0.0,0.0,0.0,,,,,
frame_00348.png,1771858905371022973,1771858905.371023,42.30083482488854,-83.69855965554744,237.0606689453125,0.4251982607164338,-0.904760586520482,-0.004669476603817384,-0.024349869631678234,-0.15171,0.17506000000000002,-0.49457000000000007,0.11510000000000001,-3.4741,-6.1458,6.215188512180186,13.903003790436346,17.03999900817871,18.93000030517578,16.889999389648438,18.619998931884766,13.83663630343197,15.37133478240555,13.714835230188905,15.119610809080582,14.510604281276752,0.04370282134702178,190.1999969482422,0.0,0.0,0.0,0.0,0.0,0.0,,,,,
frame_00349.png,1771858905431503178,1771858905.431503,42.30083225920883,-83.69856257937415,237.040771484375,0.4386126156814282,-0.89848713902671,-0.006813218476894112,-0.01712934390686566,-0.17745000000000002,0.17104000000000003,-0.4887000000000001,0.6066,-3.7035,-8.7705,6.240170173507472,13.958886267925806,16.940000534057617,18.85999870300293,16.81999969482422,18.760000228881836,13.75543662045971,15.314492836026421,13.657994832594452,15.233293153054163,14.490304360533687,0.03807023586322592,188.3000030517578,0.0,0.0,0.0,0.0,0.0,0.0,,,,,
frame_00350.png,1771858905480574471,1771858905.4805744,42.30082960771892,-83.69856540104696,237.02017211914062,0.4511031782260381,-0.8923427870705231,-0.010249939247347144,-0.011189803528388165,-0.17231000000000005,0.11863000000000001,-0.46598000000000006,0.6066,-4.1435,-9.9444,6.283299266187132,14.055363460504644,16.94999885559082,19.10999870300293,16.65999984741211,18.56999969482422,13.763555349729195,15.517495141026421,13.528073481297227,15.079010967594453,14.472033734911825,0.029644930604464152,185.5,0.0,0.0,0.0,0.0,0.0,0.0,,,,,
frame_00351.png,1771858905532308293,1771858905.5323083,42.30082687704554,-83.69856813733452,237.00228881835938,0.460976507008913,-0.8872761237007456,-0.01328528031353272,-0.008077228697487724,-0.12778000000000003,0.030760000000000003,-0.4413100000000001,0.5701,-2.3983000000000003,-11.831000000000001,6.31716729901881,14.131124217867137,16.94999885559082,18.939998626708984,16.619998931884766,18.520000457763672,13.763555349729195,15.379453511675035,13.495592369080581,15.038411126108322,14.419253089148283,0.0203896637549078,181.90000915527344,0.0,0.0,0.0,0.0,0.0,0.0,,,,,
frame_00352.png,1771858905583406446,1771858905.5834064,42.30082502076763,-83.69856991383516,236.9929962158203,0.4706888305278817,-0.8821520613884196,-0.014517306014707018,-0.007000944974240836,-0.037610000000000005,0.004210000000000001,-0.43882000000000004,0.3405,-2.4210000000000003,-11.7255,6.327338607623617,14.153876824937576,16.920000076293945,18.979999542236328,16.459999084472656,18.56999969482422,13.739196064351386,15.411934623891678,13.365671017783358,15.079010967594453,14.398953168405217,0.017315138919101195,178.1999969482422,0.0,0.0,0.0,0.0,0.0,0.0,,,,,
frame_00353.png,1771858905631279788,1771858905.63128,42.30082219110492,-83.69857249573685,236.9841766357422,0.4825127190125318,-0.8757306331296861,-0.014794819168800988,-0.0076450974601370136,0.01063,-0.007280000000000001,-0.4587300000000001,-0.2891,-3.4816000000000003,-12.207600000000001,6.328146947711075,14.155685033212814,16.770000457763672,18.94999885559082,16.65999984741211,18.65999984741211,13.617394991108322,15.387573789729194,13.528073481297227,15.152091921297227,14.421283545857992,0.018762674644287245,174.6999969482422,0.0,0.0,0.0,0.0,0.0,0.0,,,,,
frame_00354.png,1771858905681146668,1771858905.6811466,42.30082027155478,-83.69857414943257,236.9829864501953,0.4905188291447278,-0.871260858267301,-0.01467317140669467,-0.008971797293785354,0.03275,-0.07338000000000001,-0.46364000000000005,-0.5751000000000001,-3.7675,-12.254000000000001,6.330925207487851,14.161899833637873,16.959999084472656,18.889999389648438,16.760000228881836,18.69999885559082,13.771675627783356,15.338853670188904,13.609274713054162,15.184571484729195,14.476093873938906,0.022185867997367624,171.1999969482422,0.0,0.0,0.0,0.0,0.0,0.0,,,,,
frame_00355.png,1771858905732207127,1771858905.732207,42.300817347865184,-83.69857652850096,236.98626708984375,0.5005172652460999,-0.8655404575512358,-0.014441482003017701,-0.010659602718649722,0.015420000000000003,-0.05313000000000001,-0.46406000000000003,-0.5769000000000001,-3.8174,-10.507900000000001,6.324751060695132,14.14808863771137,17.03999900817871,18.84000015258789,16.60999870300293,18.75,13.83663630343197,15.298253828702775,13.487472091026422,15.225172875,14.46188377454029,0.022179330711323615,166.8000030517578,0.0,0.0,0.0,0.0,0.0,0.0,,,,,
frame_00356.png,1771858905781902224,1771858905.7819023,42.30081636438202,-83.69857730008607,236.98866271972656,0.5123364954903026,-0.8585764853180218,-0.01436545196435528,-0.012303171848245887,0.03427,-0.05142000000000001,-0.45120000000000005,0.1537,-2.8128,-11.715100000000001,6.311372811401448,14.118162296736356,17.010000228881836,18.979999542236328,16.8799991607666,18.739999771118164,13.812277018054163,15.411934623891678,13.706714952134744,15.21705259694584,14.536994797756607,0.029666219456697358,160.6999969482422,0.0,0.0,0.0,0.0,0.0,0.0,,,,,
frame_00357.png,1771858905833359917,1771858905.83336,42.30081337673371,-83.69857951126727,236.99960327148438,0.5200160070013485,-0.8539364845592317,-0.013954016754772775,-0.01345801684507006,0.05553,-0.007800000000000001,-0.44733000000000006,-0.6298,-2.3464,-8.644400000000001,6.294012852958404,14.079329111296772,16.979999542236328,18.989999771118164,16.869998931884766,18.760000228881836,13.78791618389168,15.42005490194584,13.698594674080582,15.233293153054163,14.534964728243066,0.032362026155117546,153.0,0.0,0.0,0.0,0.0,0.0,0.0,,,,,
frame_00358.png,1771858905882438435,1771858905.8824384,42.30081034938059,-83.69858160934751,237.00991821289062,0.5292763302255052,-0.8482277301812261,-0.013482046510894075,-0.013946986646048574,-0.014880000000000003,0.02288,-0.43123000000000006,-1.1817,-2.8968000000000003,-7.7652,6.29329178579373,14.077716127313426,17.059999465942383,18.920000076293945,16.920000076293945,18.770000457763672,13.852876859540292,15.363214504351387,13.739196064351386,15.241413431108322,14.549175214837847,0.03348974245969496,144.5,0.0,0.0,0.0,0.0,0.0,0.0,,,,,
frame_00359.png,1771858905933988812,1771858905.9339888,42.300807282295565,-83.69858357928253,237.0142364501953,0.5400037959700739,-0.8414538466841226,-0.013825260799293101,-0.012656476691211619,-0.04979000000000001,0.04066,-0.41386000000000006,-0.10060000000000001,-3.1304000000000003,-8.1576,6.299983117659162,14.092684235216486,17.149999618530273,18.809999465942383,16.8799991607666,18.60999870300293,13.925957813243066,15.273892994540292,13.706714952134744,15.111490531026423,14.504514072736132,0.02922295218185021,136.10000610351562,0.0,0.0,0.0,0.0,0.0,0.0,,,,,
frame_00360.png,1771858905984431556,1771858905.9844315,42.30080521285793,-83.69858482627313,237.0136260986328,0.5468772704056891,-0.8370147735833751,-0.014170912287679527,-0.01143263581721563,-0.05480000000000001,0.04943,-0.40490000000000004,-0.0358,-2.8810000000000002,-8.779300000000001,6.306824425231437,14.107987829777212,17.18000030517578,18.93000030517578,17.0,18.53999900817871,13.950318647405549,15.37133478240555,13.80415674,15.05465013343197,14.545115075810768,0.030984379296878046,129.40000915527344,0.0,0.0,0.0,0.0,0.0,0.0,,,,,
frame_00361.png,1771858906036300948,1771858906.0363011,42.30080207750854,-83.69858661205014,237.01028442382812,0.5551044879169341,-0.83159448417584,-0.014450951154425394,-0.010039491696742016,-0.04084000000000001,0.039970000000000006,-0.38122000000000006,-0.029300000000000003,-2.5541,-9.3391,6.322189485465546,14.142358547617299,17.170000076293945,18.799999237060547,17.10999870300293,18.60999870300293,13.942198369351386,15.26577271648613,13.89347670102642,15.111490531026423,14.55323457947259,0.02905286487199945,124.4000015258789,0.0,0.0,0.0,0.0,0.0,0.0,,,,,
frame_00362.png,1771858906076347430,1771858906.0763474,42.30080102504293,-83.69858718654991,237.0089569091797,0.561235070170816,-0.8274772799436728,-0.014594585275106485,-0.009140310061885515,-0.039290000000000005,0.03395,-0.3564500000000001,-0.0258,-2.8915,-9.212100000000001,6.335313152792765,14.17171540400825,17.350000381469727,18.649999618530273,17.10999870300293,18.479999542236328,14.088360276756935,15.143971643243065,13.89347670102642,15.005930013891678,14.532934658729525,0.02548874602852313,120.5999984741211,0.0,0.0,0.0,0.0,0.0,0.0,,,,,
frame_00363.png,1771858906126713135,1771858906.126713,42.30079782962114,-83.69858881910937,237.00360107421875,0.5695536211772908,-0.8217788717155423,-0.014954143567498142,-0.008033193382949735,-0.030250000000000003,0.01755,-0.31660000000000005,-0.0034000000000000002,-2.4174,-10.6341,6.3528221922390395,14.210882074707198,17.399999618530273,18.69999885559082,17.190000534057617,18.520000457763672,14.128960118243066,15.184571484729195,13.95843892545971,15.038411126108322,14.577595413635073,0.02580510745216572,115.9000015258789,0.0,0.0,0.0,0.0,0.0,0.0,,,,,
frame_00364.png,1771858906187785850,1771858906.1877856,42.300794591081015,-83.69859034801779,236.99928283691406,0.576961702660818,-0.816592891255622,-0.015462268492511054,-0.007222317258280818,-0.038040000000000004,0.008040000000000002,-0.29186,0.10540000000000001,-2.1167000000000002,-10.807400000000001,6.3682414295850664,14.24537398349602,17.399999618530273,18.719999313354492,17.18000030517578,18.469999313354492,14.128960118243066,15.200812040837517,13.950318647405549,14.997809735837517,14.569475135580912,0.022751326322522688,110.9000015258789,0.0,0.0,0.0,0.0,0.0,0.0,,,,,
frame_00365.png,1771858906229107580,1771858906.2291074,42.30079241224456,-83.69859131339628,236.99769592285156,0.5804738612978702,-0.8140953361827529,-0.015888915640813496,-0.0068133923408949994,-0.04358000000000001,0.0164,-0.28442000000000006,-0.26130000000000003,-1.5805,-10.2781,6.373524843520629,14.257192663465037,17.40999984741211,18.56999969482422,17.270000457763672,18.56999969482422,14.137080396297227,15.079010967594453,14.023399601108322,15.079010967594453,14.579625483148615,0.022615449429243647,107.9000015258789,0.0,0.0,0.0,0.0,0.0,0.0,,,,,
frame_00366.png,1771858906278487344,1771858906.2784872,42.30078912885499,-83.69859271656432,236.99761962890625,0.5862220195677286,-0.8099602147795669,-0.016352040442964424,-0.006387880831917521,-0.021500000000000002,0.00506,-0.28182,-0.11620000000000001,-0.8874000000000001,-10.5434,6.38193163766307,14.275998157554028,17.34000015258789,18.56999969482422,17.31999969482422,18.53999900817871,14.080239998702774,15.079010967594453,14.06399944259445,15.05465013343197,14.569475135580912,0.02055737012487589,104.9000015258789,0.0,0.0,0.0,0.0,0.0,0.0,,,,,
frame_00367.png,1771858906338021585,1771858906.3380215,42.300785826812636,-83.69859407084607,237.00079345703125,0.5930311269189692,-0.8049852046340822,-0.016393688687039113,-0.006644531335956745,0.013710000000000003,0.0036100000000000004,-0.27607000000000004,0.2561,-0.6581,-10.3361,6.3958512073170395,14.30713539969578,17.520000457763672,18.619998931884766,17.43000030517578,18.59000015258789,14.226401906108324,15.119610809080582,14.153320952405549,15.095251523702775,14.648646297824307,0.02386997037406868,101.9000015258789,0.0,0.0,0.0,0.0,0.0,0.0,,,,,
frame_00368.png,1771858906389511688,1771858906.3895116,42.30078250251929,-83.69859536319122,237.00546264648438,0.5996174331924989,-0.8000825887253848,-0.016558166484605372,-0.007253423522289337,0.00581,-0.016330000000000004,-0.27153000000000005,-0.46240000000000003,-1.8363,-9.5709,6.4070346707107175,14.332152136299634,17.44999885559082,18.56999969482422,17.5,18.619998931884766,14.169559959729195,15.079010967594453,14.210161350000002,15.119610809080582,14.644585771601058,0.021799491962558138,98.0,0.0,0.0,0.0,0.0,0.0,0.0,,,,,
frame_00369.png,1771858906430325031,1771858906.430325,42.30078138821165,-83.69859578314818,237.00686645507812,0.603799131173734,-0.796931326381823,-0.016534111361215575,-0.007327577133522816,0.0020900000000000003,0.00436,-0.25831000000000004,-0.528,-0.9284,-8.8953,6.406060289918705,14.32997250493075,17.53999900817871,18.65999984741211,17.44999885559082,18.600000381469727,14.242640913431968,15.152091921297227,14.169559959729195,15.103371801756936,14.666916149053833,0.023513209394305942,95.0999984741211,0.0,0.0,0.0,0.0,0.0,0.0,,,,,
frame_00370.png,1771858906488673790,1771858906.4886737,42.30077803924036,-83.69859698595684,237.0084228515625,0.6088992852459028,-0.7930483314263695,-0.01624805809776135,-0.007211453177522474,0.005640000000000001,0.01623,-0.25720000000000004,-0.0989,-1.4641000000000002,-9.0763,6.410559193094701,14.340036281401263,17.559999465942383,18.760000228881836,17.479999542236328,18.5,14.258881469540292,15.233293153054163,14.193920793891678,15.02217057,14.677066496621533,0.023502744944752463,90.80000305175781,0.0,0.0,0.0,0.0,0.0,0.0,,,,,
frame_00371.png,1771858906531344649,1771858906.5313447,42.30077579873169,-83.69859774683013,237.00765991210938,0.6129061990112606,-0.7899667313584513,-0.015784324221339484,-0.007029201184278312,0.0028000000000000004,0.027180000000000003,-0.25241,-0.2437,-1.8549,-9.4465,6.41274776192376,14.344931978557737,17.559999465942383,18.65999984741211,17.459999084472656,18.559999465942383,14.258881469540292,15.152091921297227,14.177680237783356,15.070890689540292,14.664886079540292,0.022304330300123427,88.0999984741211,0.0,0.0,0.0,0.0,0.0,0.0,,,,,
frame_00372.png,1771858906580668190,1771858906.5806682,42.30077129317706,-83.6985991914297,237.0060577392578,0.6196361559201389,-0.7847115367417997,-0.015232996990135955,-0.006840627422602144,0.0028700000000000006,0.012020000000000001,-0.23665000000000003,-0.1428,-0.6185,-10.016,6.432165790916849,14.388368944333537,17.6299991607666,18.649999618530273,17.489999771118164,18.56999969482422,14.315721867134743,15.143971643243065,14.202041071945839,15.079010967594453,14.685186387479526,0.020628984723308864,84.9000015258789,0.0,0.0,0.0,0.0,0.0,0.0,,,,,
frame_00373.png,1771858906640601838,1771858906.6406019,42.30077016161832,-83.69859953023318,237.00563049316406,0.6232909650192073,-0.7818143380254012,-0.015116454613339443,-0.006797542442088885,-0.0103,0.0018300000000000002,-0.22589000000000004,-0.09530000000000001,-1.2945,-10.182,6.439456229494269,14.404677218004911,17.670000076293945,18.60999870300293,17.53999900817871,18.53999900817871,14.348202979351388,15.111490531026423,14.242640913431968,15.05465013343197,14.689246139310438,0.019755313985781894,81.0,0.0,0.0,0.0,0.0,0.0,0.0,,,,,
frame_00374.png,1771858906681792217,1771858906.6817923,42.30076788740718,-83.69860018246459,237.00567626953125,0.6284652327754322,-0.7776577409107006,-0.015360358597516962,-0.006629372364195683,-0.020290000000000002,-0.0006500000000000001,-0.21698000000000003,-0.1371,-1.3703,-10.2934,6.449149191778622,14.426359793057271,17.670000076293945,18.619998931884766,17.60999870300293,18.59000015258789,14.348202979351388,15.119610809080582,14.29948131102642,15.095251523702775,14.715636655790291,0.020051965075225393,78.30000305175781,0.0,0.0,0.0,0.0,0.0,0.0,,,,,
frame_00375.png,1771858906742077368,1771858906.7420774,42.300762176917345,-83.69860168760418,237.00814819335938,0.6333265248237092,-0.7736984534573589,-0.015632577889434462,-0.00662107098178873,-0.008110000000000001,-0.006370000000000001,-0.20343000000000003,-0.2748,-0.445,-9.8896,6.457667387336653,14.445414485428854,17.690000534057617,18.549999237060547,17.65999984741211,18.53999900817871,14.36444353545971,15.06277041148613,14.340082701297225,15.05465013343197,14.70548669541876,0.01800379007831457,74.20000457763672,0.0,0.0,0.0,0.0,0.0,0.0,,,,,
frame_00376.png,1771858906792081303,1771858906.7920814,42.30076102896582,-83.69860196887622,237.00918579101562,0.6364589628548423,-0.7711212763000044,-0.015677291465727064,-0.0067962027257238876,-0.006360000000000001,-0.006850000000000001,-0.19696000000000002,-0.4107,-1.0322,-9.8873,6.463831217589846,14.45920260387543,17.770000457763672,18.56999969482422,17.760000228881836,18.53999900817871,14.429404211108324,15.079010967594453,14.421283933054161,15.05465013343197,14.746087311297227,0.01984097707745682,71.0,0.0,0.0,0.0,0.0,0.0,0.0,,,,,
frame_00377.png,1771858906834253575,1771858906.8342535,42.300758732623954,-83.69860251505897,237.01084899902344,0.6387501959556561,-0.76922277282154,-0.015725956025950446,-0.006870752973461632,-0.004700000000000001,-0.0056300000000000005,-0.19974000000000003,0.0017000000000000001,-1.3416000000000001,-9.6333,6.4678762489682216,14.468251096366975,17.779998779296875,18.639999389648438,17.739999771118164,18.549999237060547,14.437522940377809,15.135851365188906,14.405043376945839,15.06277041148613,14.760297023499671,0.020185295733914206,68.30000305175781,0.0,0.0,0.0,0.0,0.0,0.0,,,,,
frame_00378.png,1771858906883850370,1771858906.8838506,42.30075412796894,-83.69860354039061,237.01385498046875,0.6438662557085706,-0.7649406290140949,-0.015957937829326776,-0.006886440559639955,-0.0034700000000000004,-0.0015,-0.18585000000000002,-0.049,-0.6622,-9.8437,6.476647516989699,14.487871896654937,17.81999969482422,18.639999389648438,17.760000228881836,18.600000381469727,14.470004052594453,15.135851365188906,14.421283933054161,15.103371801756936,14.782627788148615,0.020345009508382854,64.30000305175781,0.0,0.0,0.0,0.0,0.0,0.0,,,,,
frame_00379.png,1771858906944273463,1771858906.9442735,42.30075066384133,-83.69860424634423,237.01486206054688,0.6480748776456042,-0.7613730866492708,-0.016145011191632763,-0.007022428669574569,-0.004110000000000001,-0.0061400000000000005,-0.18189000000000002,-0.33740000000000003,-1.1729,-9.664,6.485185845158,14.506971624467738,17.829999923706055,18.60999870300293,17.799999237060547,18.56999969482422,14.478124330648614,15.111490531026423,14.45376349648613,15.079010967594453,14.780597331438905,0.018861669689190303,59.10000228881836,0.0,0.0,0.0,0.0,0.0,0.0,,,,,
frame_00380.png,1771858906995118998,1771858906.995119,42.30074950716612,-83.69860447299364,237.0150604248047,0.6507440020129837,-0.7590907236717201,-0.01619049539916972,-0.00716832884286241,-0.00034,-0.0041600000000000005,-0.17439000000000004,-0.21400000000000002,-1.0752000000000002,-9.6526,6.490539101962948,14.518946538744999,17.899999618530273,18.60999870300293,17.81999969482422,18.489999771118164,14.534964728243066,15.111490531026423,14.470004052594453,15.01405029194584,14.782627400952446,0.018161156631012698,54.900001525878906,0.0,0.0,0.0,0.0,0.0,0.0,,,,,
frame_00381.png,1771858907035597009,1771858907.035597,42.30074602982607,-83.69860511387556,237.01486206054688,0.6539103363381563,-0.756361844100554,-0.016262159462243537,-0.007319493736132063,-0.00248,-0.007910000000000002,-0.16357000000000002,-0.20470000000000002,-0.7625000000000001,-9.764700000000001,6.497872428458903,14.53535075011686,17.90999984741211,18.649999618530273,17.869998931884766,18.469999313354492,14.543085006297225,15.143971643243065,14.510603894080583,14.997809735837517,14.798867569864598,0.018129374672683336,51.70000076293945,0.0,0.0,0.0,0.0,0.0,0.0,,,,,
frame_00382.png,1771858907087200224,1771858907.0872002,42.30074254284401,-83.69860570501778,237.0144805908203,0.6568264443732874,-0.7538265465864561,-0.016377703680337106,-0.007505361792826975,-0.00017,-0.008810000000000002,-0.14878,-0.2023,-0.7707,-9.890500000000001,6.506396092448358,14.554417675041432,17.94999885559082,18.5,17.940000534057617,18.53999900817871,14.575564569729195,15.02217057,14.56744584045971,15.05465013343197,14.80495777840522,0.01721402456337536,47.70000076293945,0.0,0.0,0.0,0.0,0.0,0.0,,,,,
frame_00383.png,1771858907157983726,1771858907.1579838,42.30073904772745,-83.69860625091555,237.0141143798828,0.6605278218450498,-0.7505746719517952,-0.01680739549931758,-0.007626916127676092,-0.016290000000000002,-0.008530000000000001,-0.13266000000000003,-0.2117,-1.218,-9.9746,6.513998883971186,14.571424663510506,17.979999542236328,18.549999237060547,17.93000030517578,18.5,14.599925403891678,15.06277041148613,14.559325562405549,15.02217057,14.81104798694584,0.016444742293139934,42.10000228881836,0.0,0.0,0.0,0.0,0.0,0.0,,,,,
frame_00384.png,1771858907187445527,1771858907.1874454,42.30073788115401,-83.6986064210791,237.01388549804688,0.6615028472167122,-0.7497111357599932,-0.01698515692508963,-0.007661624232133258,-0.010650000000000001,-0.012110000000000003,-0.12933000000000003,-0.22610000000000002,-0.35350000000000004,-9.686,6.5170667807156715,14.578287364454114,18.049999237060547,18.479999542236328,17.959999084472656,18.520000457763672,14.65676580148613,15.005930013891678,14.583684847783356,15.038411126108322,14.821197947317371,0.016662491058829002,39.70000076293945,0.0,0.0,0.0,0.0,0.0,0.0,,,,,
frame_00385.png,1771858907237454914,1771858907.237455,42.30073554641802,-83.69860675547523,237.01385498046875,0.6633968282728415,-0.748029728395237,-0.017230067443013374,-0.0077005487071623024,-0.01454,-0.011870000000000002,-0.12232000000000003,-0.126,-0.9126000000000001,-10.1163,6.521327049560008,14.587817330242766,18.049999237060547,18.520000457763672,18.029998779296875,18.579999923706055,14.65676580148613,15.038411126108322,14.640525245377807,15.087131245648612,14.855708354655219,0.018364023784221247,36.10000228881836,0.0,0.0,0.0,0.0,0.0,0.0,,,,,
frame_00386.png,1771858907298080605,1771858907.2980804,42.30073086679743,-83.69860737542614,237.01400756835938,0.6664647852918245,-0.7452843727518932,-0.017678901740862646,-0.007959279551338056,-0.005690000000000001,-0.022680000000000002,-0.11425000000000002,-0.0302,-0.9404,-10.0463,6.532637604656596,14.613118363360527,18.09000015258789,18.5,18.079999923706055,18.459999084472656,14.689246913702775,15.02217057,14.681126635648614,14.989689457783356,14.845558394283685,0.015906258003490527,32.79999923706055,0.0,0.0,0.0,0.0,0.0,0.0,,,,,
frame_00387.png,1771858907347155470,1771858907.3471556,42.30072735067426,-83.69860781053835,237.01426696777344,0.6688235984506576,-0.7431575875547111,-0.017943490795996747,-0.008356156618284842,-0.00423,-0.01152,-0.09767,-0.4481,-0.4146,-9.6241,6.535566010496148,14.619669031519255,18.119998931884766,18.529998779296875,18.10999870300293,18.529998779296875,14.713606199080584,15.046529855377807,14.70548592102642,15.046529855377807,14.878037957715655,0.01767269324903117,30.200000762939453,0.0,0.0,0.0,0.0,0.0,0.0,,,,,
frame_00388.png,1771858907397364895,1771858907.397365,42.30072617680569,-83.69860794581062,237.0141143798828,0.6702541748885182,-0.7418612247978738,-0.018100699143066445,-0.00858072703461714,-0.00468,-0.017230000000000002,-0.09122000000000001,-0.4413,-0.7421,-9.607000000000001,6.5408257741705995,14.631434807273182,18.19999885559082,18.5,18.1299991607666,18.489999771118164,14.778566874729195,15.02217057,14.721726477134743,15.01405029194584,14.884128553452445,0.01727060602789624,26.100000381469727,0.0,0.0,0.0,0.0,0.0,0.0,,,,,
frame_00389.png,1771858907439049292,1771858907.4390492,42.300722653828494,-83.69860833511446,237.01339721679688,0.6718614840291026,-0.7403991211685556,-0.01836541697204823,-0.00860227356487831,-0.014560000000000002,-0.004730000000000001,-0.08135000000000002,-0.48910000000000003,-0.5023,-9.4305,6.543427374236379,14.637254430524328,18.19999885559082,18.549999237060547,18.19999885559082,18.549999237060547,14.778566874729195,15.06277041148613,14.778566874729195,15.06277041148613,14.920668643107662,0.019362525528852356,23.80000114440918,0.0,0.0,0.0,0.0,0.0,0.0,,,,,
frame_00390.png,1771858907497886246,1771858907.4978862,42.30071795122679,-83.69860881751995,237.01077270507812,0.6733717469003857,-0.7390233000216099,-0.018527713557645972,-0.008472091348566206,-0.011420000000000001,0.006110000000000001,-0.07775000000000001,-0.30260000000000004,-0.6055,-9.405800000000001,6.546025252873037,14.643065729161814,18.239999771118164,18.56999969482422,18.209999084472656,18.5,14.811047986945841,15.079010967594453,14.786687152783356,15.02217057,14.924729169330913,0.019235278006583267,19.600000381469727,0.0,0.0,0.0,0.0,0.0,0.0,,,,,
frame_00391.png,1771858907540763951,1771858907.5407639,42.30071677475694,-83.69860892838224,237.00950622558594,0.674782599164695,-0.7377388679268339,-0.018492297918188176,-0.008236597129694424,-0.010780000000000001,0.0108,-0.07441000000000002,-0.2684,-0.4989,-9.4719,6.5492363189917135,14.650248691405325,18.279998779296875,18.489999771118164,18.239999771118164,18.53999900817871,14.843527550377807,15.01405029194584,14.811047986945841,15.05465013343197,14.930818990675364,0.019151231162010073,17.80000114440918,0.0,0.0,0.0,0.0,0.0,0.0,,,,,
frame_00392.png,1771858907599115458,1771858907.5991156,42.300713243539924,-83.69860925778119,237.00604248046875,0.6762844899662238,-0.7363686790287993,-0.018395736581581033,-0.007877439439738032,-0.00837,0.008910000000000001,-0.06427000000000001,-0.1577,-0.2684,-9.870000000000001,6.558493560617128,14.670956585486879,18.309999465942383,18.489999771118164,18.229999542236328,18.549999237060547,14.86788838454029,15.01405029194584,14.802927708891678,15.06277041148613,14.936909199215984,0.018127830464183682,15.699999809265137,0.0,0.0,0.0,0.0,0.0,0.0,,,,,
frame_00393.png,1771858907641281408,1771858907.6412816,42.300710884881546,-83.6986094663641,237.00401306152344,0.6771482001740218,-0.7355731520485089,-0.018516754808737167,-0.007718988136882799,-0.013790000000000002,-0.0037800000000000004,-0.05687000000000001,-0.1998,-0.4449,-10.117,6.56568450473357,14.687042296018712,18.31999969482422,18.5,18.309999465942383,18.489999771118164,14.876008662594453,15.02217057,14.86788838454029,15.01405029194584,14.945029477270143,0.017565632075653887,14.100000381469727,0.0,0.0,0.0,0.0,0.0,0.0,,,,,
frame_00394.png,1771858907691711745,1771858907.6917117,42.30070734945844,-83.6986097584881,237.00030517578125,0.6781106869744249,-0.7346807990416054,-0.01879895063207465,-0.007524572133654318,-0.01007,-0.0074600000000000005,-0.05011000000000001,-0.4073,-0.1807,-10.0317,6.571223586438818,14.69943288944845,18.28999900817871,18.5,18.34000015258789,18.529998779296875,14.85164782843197,15.02217057,14.892249218702775,15.046529855377807,14.953149368128138,0.01726029028383875,11.90000057220459,0.0,0.0,0.0,0.0,0.0,0.0,,,,,
frame_00395.png,1771858907742207802,1771858907.7422078,42.30070617068047,-83.69860985132813,236.9990234375,0.6787857759356132,-0.734054361576501,-0.018929509088768896,-0.007465810315130833,-0.0028200000000000005,-0.007390000000000002,-0.04509000000000001,-0.0356,0.0307,-10.0539,6.57775551458359,14.714044420792616,18.369998931884766,18.489999771118164,18.3799991607666,18.559999465942383,14.916608504080582,15.01405029194584,14.924728782134743,15.070890689540292,14.981569566925364,0.01818161876381889,9.5,0.0,0.0,0.0,0.0,0.0,0.0,,,,,
frame_00396.png,1771858907792224439,1771858907.7922244,42.30070144922715,-83.69861021843118,236.9951629638672,0.6798778141962638,-0.7330394678772444,-0.019005071457558875,-0.007622568914091926,-0.00037000000000000005,-0.0016200000000000001,-0.03946,-0.548,0.0668,-9.801,6.579434616122843,14.717800470189834,18.369998931884766,18.520000457763672,18.43000030517578,18.56999969482422,14.916608504080582,15.038411126108322,14.965330172405547,15.079010967594453,14.999840192547225,0.019163170674086,7.300000190734863,0.0,0.0,0.0,0.0,0.0,0.0,,,,,
frame_00397.png,1771858907851805845,1771858907.851806,42.30069790235265,-83.69861048612832,236.99241638183594,0.6806904144044031,-0.7322808051456382,-0.019139151198280902,-0.007686029184639508,-0.00544,0.00044000000000000007,-0.035370000000000006,-0.44670000000000004,-0.1953,-9.564300000000001,6.583600191120029,14.727118611524038,18.399999618530273,18.53999900817871,18.389999389648438,18.489999771118164,14.940969338243065,15.05465013343197,14.932849060188905,15.01405029194584,14.985629705952444,0.017553406151432818,4.900000095367432,0.0,0.0,0.0,0.0,0.0,0.0,,,,,
frame_00398.png,1771858907894871507,1771858907.8948715,42.30069553734566,-83.69861065626553,236.9900360107422,0.6810250055241037,-0.7319656619246382,-0.0193430469560067,-0.007553684437313684,-0.020940000000000004,-0.008230000000000001,-0.027800000000000005,-0.2529,0.302,-9.6668,6.589923788631589,14.741264119741547,18.5,18.579999923706055,18.459999084472656,18.53999900817871,15.02217057,15.087131245648612,14.989689457783356,15.05465013343197,15.038410351715985,0.02015744576318244,3.6000001430511475,0.0,0.0,0.0,0.0,0.0,0.0,,,,,
frame_00399.png,1771858907944565867,1771858907.9445658,42.30069435673303,-83.69861073421684,236.9883270263672,0.6814086151496394,-0.7316053913579486,-0.01955001356295903,-0.007324445748441782,-0.024030000000000003,0.0023000000000000004,-0.021500000000000002,-0.1136,-0.24100000000000002,-9.9442,6.5907105777684345,14.743024119833322,18.479999542236328,18.489999771118164,18.459999084472656,18.56999969482422,15.005930013891678,15.01405029194584,14.989689457783356,15.079010967594453,15.022170182803833,0.018934111529735953,2.5,0.0,0.0,0.0,0.0,0.0,0.0,,,,,
frame_00400.png,1771858907996037656,1771858907.9960377,42.30069080778725,-83.69861097312325,236.98439025878906,0.6818540880170899,-0.7311845394637544,-0.019826545778933002,-0.0071470263771501044,-0.01565,-0.0004700000000000001,-0.013760000000000003,-0.164,0.1865,-9.8459,6.594273825541147,14.750994891306014,18.520000457763672,18.459999084472656,18.489999771118164,18.489999771118164,15.038411126108322,14.989689457783356,15.01405029194584,15.01405029194584,15.01405029194584,0.017833061605550773,2.1000001430511475,0.0,0.0,0.0,0.0,0.0,0.0,,,,,
frame_00401.png,1771858908047499937,1771858908.0475001,42.300687257104244,-83.69861120342117,236.9806365966797,0.6821134271412648,-0.7309390446267304,-0.0200151811977885,-0.0069841302522688645,-0.019450000000000002,0.0019300000000000003,-0.008520000000000002,-0.3029,0.0582,-9.7842,6.5942630258850174,14.750970733123232,18.469999313354492,18.510000228881836,18.459999084472656,18.489999771118164,14.997809735837517,15.030290848054163,14.989689457783356,15.01405029194584,15.00796008340522,0.01742186022408132,2.200000047683716,0.0,0.0,0.0,0.0,0.0,0.0,,,,,
frame_00402.png,1771858908095581736,1771858908.0955818,42.3006837021089,-83.69861142831934,236.97727966308594,0.6823018519170675,-0.7307569110942402,-0.02030933788025638,-0.006786055806599624,-0.024620000000000003,0.0019000000000000002,-0.006730000000000001,-0.2247,-0.40800000000000003,-9.8423,6.600433206855589,14.764773057743543,18.28999900817871,18.510000228881836,18.5,18.56999969482422,14.85164782843197,15.030290848054163,15.02217057,15.079010967594453,14.995780053520146,0.015645820960007856,2.200000047683716,0.0,0.0,0.0,0.0,0.0,0.0,,,,,
frame_00403.png,1771858908156618919,1771858908.156619,42.30067895916306,-83.69861173259054,236.97283935546875,0.6824470454111127,-0.7306095421854376,-0.020782282287671004,-0.006619956204066724,-0.01623,-0.00512,-0.00572,-0.2331,0.31920000000000004,-9.727500000000001,6.604141308071075,14.77306785767651,18.489999771118164,18.559999465942383,18.529998779296875,18.549999237060547,15.01405029194584,15.070890689540292,15.046529855377807,15.06277041148613,15.048560312087517,0.018648290054922658,2.200000047683716,0.0,0.0,0.0,0.0,0.0,0.0,,,,,
