image_filename,timestamp_ns,timestamp_sec,latitude,longitude,altitude,orientation_x,orientation_y,orientation_z,orientation_w,angular_velocity_x,angular_velocity_y,angular_velocity_z,linear_acceleration_x,linear_acceleration_y,linear_acceleration_z,vehicle_speed_mps,vehicle_speed_mph,wheel_speed_fl_rads,wheel_speed_fr_rads,wheel_speed_rl_rads,wheel_speed_rr_rads,wheel_speed_fl_mph,wheel_speed_fr_mph,wheel_speed_rl_mph,wheel_speed_rr_mph,avg_wheel_speed_mph,wheel_slip,steering_angle_deg,throttle_pedal,brake_pedal,brake_torque_actual,abs_active,esc_active,trac_active,marwis_road_condition,marwis_friction,marwis_surface_temp_c,marwis_ice_percent,marwis_water_film_height
frame_00000.png,1771858220646506235,1771858220.6465063,42.30086749771083,-83.69730151755122,238.5973358154297,-0.02087047191239294,-0.9995881472467272,-0.014096501529098016,-0.01375674128016808,0.013920000000000002,0.00185,0.00034,1.9484000000000001,0.3451,-10.168800000000001,0.6284518689279255,1.4058091236796337,1.6899999380111694,1.4299999475479126,1.5999999046325684,1.5199999809265137,1.3722955314644982,1.1611731420084215,1.2992146745607662,1.2342539989121533,1.2667343367364596,0.09892864159193457,-0.4000000059604645,20.575000762939453,0.0,0.0,0.0,0.0,0.0,,,,,
frame_00001.png,1771858220685179440,1771858220.6851795,42.30086749771083,-83.69730151755122,238.5973358154297,-0.02087047191239294,-0.9995881472467272,-0.014096501529098016,-0.01375674128016808,0.013920000000000002,0.00185,0.00034,1.9484000000000001,0.3451,-10.168800000000001,0.6284518689279255,1.4058091236796337,1.6899999380111694,1.6899999380111694,1.8700000047683716,1.7899999618530273,1.3722955314644982,1.3722955314644982,1.5184572452719618,1.4534964728243065,1.4291361952563162,0.016593342000530652,-0.6000000238418579,20.475000381469727,0.0,0.0,0.0,0.0,0.0,,,,,
frame_00002.png,1771858220732258209,1771858220.7322583,42.30086749771083,-83.69730151755122,238.5973358154297,-0.020851272582658287,-0.9995912099554947,-0.013494175244629187,-0.014161378670919518,0.0033700000000000006,-0.010670000000000002,-0.0014500000000000003,1.9186,0.1582,-9.7143,0.8760054270471375,1.9595715799788238,2.129999876022339,2.0999999046325684,2.0999999046325684,2.0299999713897705,1.7295795379289962,1.705219284560766,1.705219284560766,1.64837869336823,1.6970992001046894,0.13394375717419357,-1.100000023841858,20.725000381469727,0.0,0.0,0.0,0.0,0.0,,,,,
frame_00003.png,1771858220784686292,1771858220.7846863,42.30086749771083,-83.69730151755122,238.5973358154297,-0.020824059416441665,-0.9995905227552431,-0.013403856916660083,-0.01433464290027124,0.004530000000000001,-0.0058400000000000014,0.0005000000000000001,1.8599,0.45120000000000005,-9.858600000000001,0.9880594716717882,2.21022975456149,2.490000009536743,2.509999990463257,2.4800000190734863,2.4099998474121094,2.0219029655439233,2.0381431344560768,2.013782881087847,1.9569420962972262,2.0076927693462685,0.09163616804869458,-1.3000000715255737,21.80000114440918,0.0,0.0,0.0,0.0,0.0,,,,,
frame_00004.png,1771858220833221449,1771858220.8332214,42.30086755563772,-83.69730379200638,238.60220336914062,-0.020844026250766923,-0.9995938182092513,-0.01308893857716554,-0.014366796944031146,0.02074,-0.0008500000000000001,-0.0009100000000000001,1.9113,0.341,-9.6583,1.0917377181051946,2.442151771138234,2.7799999713897705,2.8399999141693115,2.799999952316284,2.740000009536743,2.2573856083682298,2.3061061151046895,2.2736257772803836,2.2249052705439234,2.2655056928243065,0.07233214593849617,-1.3000000715255737,24.200000762939453,0.0,0.0,0.0,0.0,0.0,,,,,
frame_00005.png,1771858220883793053,1771858220.883793,42.30086757695801,-83.69730463208916,238.60252380371094,-0.020844542176846725,-0.9996016703551514,-0.012537198496683942,-0.014311685382363198,0.021780000000000004,0.007770000000000002,-0.00124,1.5441,0.33330000000000004,-9.593,1.191076461504447,2.6643665797977576,3.0999999046325684,3.119999885559082,3.119999885559082,3.1999998092651367,2.5172285045607663,2.5334686734729193,2.5334686734729193,2.5984293491215325,2.5456488001570343,0.04455759974655391,-1.2000000476837158,25.42500114440918,0.0,0.0,0.0,0.0,0.0,,,,,
frame_00006.png,1771858220933717525,1771858220.9337175,42.300867592233594,-83.69730524480539,238.60243225097656,-0.02082290133002246,-0.9996096962222355,-0.012209854291456173,-0.014063479543548231,0.006200000000000001,0.012800000000000002,-0.0016600000000000002,1.7745000000000002,0.09140000000000001,-9.902700000000001,1.2966431123221864,2.900512843677992,3.419999837875366,3.3899998664855957,3.5199999809265137,3.4499998092651367,2.777071400753303,2.7527111473850727,2.858272438912153,2.8014316541215325,2.7973716602930154,0.03555963684483755,-1.2000000476837158,26.149999618530273,0.0,0.0,0.0,0.0,0.0,,,,,
frame_00007.png,1771858220986695240,1771858220.986695,42.300867611786224,-83.69730624052109,238.60275268554688,-0.02090494759753103,-0.9996117204979393,-0.012174300700010717,-0.013826706461033497,-0.009520000000000002,0.011830000000000002,0.007970000000000001,1.9739,0.01,-10.101700000000001,1.4342539442563476,3.2083400180647943,3.93999981880188,3.919999837875366,3.879999876022339,3.740000009536743,3.199316179665456,3.183076010753303,3.1505956729289966,3.0369144905439236,3.14247558847292,0.020529130086281357,-1.2000000476837158,26.200000762939453,0.0,0.0,0.0,0.0,0.0,,,,,
frame_00008.png,1771858221044242609,1771858221.0442426,42.300867626430296,-83.69730734488851,238.60391235351562,-0.021035832010355304,-0.9996057473796064,-0.012440060340790713,-0.013823475540105613,-0.00821,0.0013800000000000002,0.0027900000000000004,2.4530000000000003,0.024200000000000003,-10.1928,1.5612485684788076,3.492419372772984,4.230000019073486,4.130000114440918,4.210000038146973,4.210000038146973,3.4347990160878465,3.3535981715270804,3.4185588471756936,3.4185588471756936,3.4063787204915785,0.024636403334657116,-1.2000000476837158,26.25,0.0,0.0,0.0,0.0,0.0,,,,,
frame_00009.png,1771858221097534480,1771858221.0975344,42.30086763642842,-83.69730813287006,238.6048583984375,-0.021048544376997935,-0.9996008753110096,-0.012664074645393052,-0.013952421669685966,-0.0017200000000000004,-0.00335,-0.005980000000000001,2.2865,0.24150000000000002,-9.813,1.7055894640792943,3.815301295777537,4.460000038146973,4.5,4.589999675750732,4.639999866485596,3.621561152175694,3.65404149,3.727122056506605,3.767722672385073,3.6926118427668433,0.03215721210444803,-1.2000000476837158,25.825000762939453,0.0,0.0,0.0,0.0,0.0,,,,,
frame_00010.png,1771858221147281452,1771858221.1472814,42.30086765938758,-83.69730940679982,238.6061248779297,-0.020869215555274157,-0.9996085519302977,-0.01245504340233809,-0.013859676899803289,0.01736,0.014640000000000002,-0.009630000000000001,2.0604,0.6215,-9.7407,1.8131551027593382,4.0559191755664745,4.960000038146973,5.0,4.900000095367432,4.940000057220459,4.027565762175694,4.0600461,3.978845255439234,4.01132559326354,4.0194456777196175,0.008992658943151386,-1.2000000476837158,26.17500114440918,0.0,0.0,0.0,0.0,0.0,,,,,
frame_00011.png,1771858221189091272,1771858221.1890914,42.300867680527396,-83.69731031100893,238.60675048828125,-0.020716831941355707,-0.9996199386533351,-0.012054272993401678,-0.01361931068800964,0.024110000000000003,0.02406,-0.0022600000000000003,2.2167,0.1827,-10.0015,1.9003264767767538,4.250916308960992,5.309999942779541,5.329999923706055,5.259999752044678,5.150000095367432,4.3117689117364595,4.328009080648613,4.271168295857993,4.181847560439234,4.2731984621705745,0.005241729450803676,-1.2000000476837158,26.375,0.0,0.0,0.0,0.0,0.0,,,,,
frame_00012.png,1771858221239316225,1771858221.2393162,42.30086769599968,-83.69731126609882,238.60748291015625,-0.020753470867864332,-0.9996214019170611,-0.012032868833108609,-0.013474284543211621,-0.007290000000000001,0.0067,0.007760000000000001,2.3987000000000003,0.4258,-9.9746,2.0324446908428153,4.546456826733928,5.619999885559082,5.659999847412109,5.569999694824219,5.509999752044678,4.56349172347292,4.595972061297226,4.522891107594452,4.474170600857992,4.539131373305647,0.001611244471784184,-1.2000000476837158,26.024999618530273,0.0,0.0,0.0,0.0,0.0,,,,,
frame_00013.png,1771858221288111940,1771858221.288112,42.300867716872794,-83.69731278581575,238.60916137695312,-0.02104867133891075,-0.9996081224773705,-0.012258028598603966,-0.013794768827661888,-0.026200000000000005,-0.007620000000000001,0.017740000000000002,2.0165,0.5796,-9.519400000000001,2.15552762064972,4.821785955736185,6.009999752044678,5.87999963760376,5.909999847412109,5.920000076293945,4.880175210857993,4.774613919330911,4.798974366297227,4.807094644351388,4.81521453520938,0.0013628602735853458,-1.2000000476837158,26.200000762939453,0.0,0.0,0.0,0.0,0.0,,,,,
frame_00014.png,1771858221337210843,1771858221.337211,42.30086773440099,-83.6973138561175,238.61029052734375,-0.021312176764812674,-0.9995919289702805,-0.012266764862328564,-0.014535925798900659,-0.015130000000000001,-0.04616000000000001,0.01169,1.7784,-0.1401,-9.836,2.286320128479418,5.1143609482007495,6.199999809265137,6.150000095367432,6.159999847412109,6.299999713897705,5.034457009121533,4.993856780439234,5.001976671297226,5.115657853682299,5.036487078635073,0.015226510282398617,-1.3000000715255737,26.274999618530273,0.0,0.0,0.0,0.0,0.0,,,,,
frame_00015.png,1771858221387725031,1771858221.387725,42.30086776363766,-83.69731556448,238.61111450195312,-0.021365989925686613,-0.9995798501164328,-0.01237786876400049,-0.015179133063736118,-0.0166,-0.02985,0.00030000000000000003,1.718,-0.3627,-9.4215,2.410205545627622,5.391485193236253,6.5,6.539999961853027,6.579999923706055,6.5,5.2780599299999995,5.310540267824307,5.343020605648613,5.2780599299999995,5.30242018336823,0.016519568667230627,-1.7000000476837158,26.05000114440918,0.0,0.0,0.0,0.0,0.0,,,,,
frame_00016.png,1771858221437710218,1771858221.4377103,42.30086778443568,-83.6973167610282,238.61053466796875,-0.021197942446981033,-0.999573387938556,-0.012697262906377862,-0.015571412130502485,-0.015070000000000002,-0.016280000000000003,-0.004900000000000001,1.0716,0.2311,-9.4404,2.5104503368803432,5.615726776581115,6.87999963760376,6.859999656677246,6.87999963760376,6.799999713897705,5.586623139330912,5.570382970418759,5.586623139330912,5.521662463682299,5.56632292819072,0.008797409552833063,-2.1000001430511475,26.30000114440918,0.0,0.0,0.0,0.0,0.0,,,,,
frame_00017.png,1771858221488542094,1771858221.4885423,42.30086781734878,-83.69731862295849,238.60882568359375,-0.02101048772628311,-0.9995802702949015,-0.012604082214783957,-0.015458970023856067,0.008320000000000001,0.00033000000000000005,-0.009570000000000002,1.3045,-0.6733,-9.4192,2.6253314629292017,5.8727089626848485,7.349999904632568,7.190000057220459,7.289999961853027,7.319999694824219,5.968267689560766,5.83834633826354,5.9195471828243065,5.943907242594452,5.917517113310766,0.007629894638169262,-2.1000001430511475,26.17500114440918,0.0,0.0,0.0,0.0,0.0,,,,,
frame_00018.png,1771858221538704737,1771858221.5387046,42.30086783986782,-83.69731992433738,238.60736083984375,-0.02098717653246729,-0.9995862702988003,-0.012667351687438995,-0.01504542630022114,-0.0034200000000000003,0.013570000000000002,-0.0008300000000000001,1.3239,-0.8174,-9.8299,2.732320923425161,6.11203796644668,7.579999923706055,7.739999771118164,7.559999942779541,7.480000019073486,6.155029825648613,6.28495117694584,6.13878965673646,6.073828981087847,6.16314991010469,0.008362504280667081,-2.1000001430511475,26.075000762939453,0.0,0.0,0.0,0.0,0.0,,,,,
frame_00019.png,1771858221590506484,1771858221.5905066,42.30086786503725,-83.69732195033494,238.60601806640625,-0.02105202269085793,-0.9995810740879973,-0.013284347578219847,-0.014765323400801606,-0.025380000000000003,0.00014000000000000004,0.005280000000000001,2.1224000000000003,-1.0575,-11.029300000000001,2.8517023794785117,6.379087120750662,7.96999979019165,7.87999963760376,7.96999979019165,7.859999656677246,6.471713313033686,6.398632359330912,6.471713313033686,6.382392190418759,6.431112793954261,0.008155661181419471,-2.1000001430511475,26.17500114440918,0.0,0.0,0.0,0.0,0.0,,,,,
frame_00020.png,1771858221640216559,1771858221.6402166,42.300867883678514,-83.6973240837575,238.60647583007812,-0.021284269869670303,-0.9995577900401635,-0.014379042604284098,-0.014981567338680023,-0.04510000000000001,-0.003,0.004020000000000001,2.2254,-0.20800000000000002,-9.9863,2.968893325754303,6.641236236112832,8.119999885559082,8.300000190734863,8.220000267028809,8.279999732971191,6.59351477347292,6.739676680878468,6.674716005229855,6.723436124770146,6.682835896087847,0.006263842829262809,-1.899999976158142,26.17500114440918,0.0,0.0,0.0,0.0,0.0,,,,,
frame_00021.png,1771858221691205188,1771858221.691205,42.30086790152352,-83.69732555833795,238.60731506347656,-0.021424320501225003,-0.999537226817548,-0.01474481203896388,-0.015777237238573074,-0.0046300000000000004,-0.017300000000000003,0.004510000000000001,1.6877,0.33190000000000003,-8.6363,3.09054075538728,6.913354237356023,8.420000076293945,8.4399995803833,8.460000038146973,8.59000015258789,6.837117694351387,6.853357476067372,6.869598032175693,6.9751593237027745,6.883808131574307,0.004273772870203081,-1.7000000476837158,26.100000381469727,0.0,0.0,0.0,0.0,0.0,,,,,
frame_00022.png,1771858221749887137,1771858221.7498872,42.300867935751405,-83.69732786469966,238.60816955566406,-0.021479054738195114,-0.9995169853363254,-0.01468442451155431,-0.016994525839285964,0.00064,-0.01989,0.005200000000000001,1.2128,1.2199,-9.0898,3.210669011224457,7.182073937968438,8.769999504089355,8.779999732971191,8.960000038146973,8.899999618530273,7.121320456715984,7.129440734770146,7.275602642175694,7.226881748243065,7.188311395476223,0.0008684758137632596,-1.7000000476837158,25.975000381469727,0.0,0.0,0.0,0.0,0.0,,,,,
frame_00023.png,1771858221802678424,1771858221.8026786,42.30086797207088,-83.6973302487976,238.60739135742188,-0.021479495475349275,-0.9994979798094462,-0.015505111448956416,-0.017378467996798697,-0.045340000000000005,-0.005550000000000001,0.0031800000000000005,1.4348,1.7788000000000002,-9.5326,3.3142881969539673,7.4138638392942084,9.210000038146973,9.210000038146973,9.130000114440918,9.199999809265137,7.478604947175694,7.478604947175694,7.413644271527081,7.470484669121532,7.4603347087500005,0.00626810398236502,-1.5,26.375,0.0,0.0,0.0,0.0,0.0,,,,,
frame_00024.png,1771858221851194914,1771858221.8511949,42.3008680066258,-83.69733188792223,238.60540771484375,-0.021411378848235685,-0.9995008256369098,-0.015831070634690587,-0.01700087084570028,-0.019440000000000006,0.00559,0.0029500000000000004,2.6007000000000002,1.7212,-9.696900000000001,3.4141994428040734,7.6373593015861445,9.539999961853027,9.5,9.59999942779541,9.5,7.746567927824307,7.714087590000001,7.795288047364597,7.714087590000001,7.7425077887972265,0.013767649662527264,-1.0,26.55000114440918,0.0,0.0,0.0,0.0,0.0,,,,,
frame_00025.png,1771858221902126711,1771858221.9021266,42.300868065250455,-83.69733442404564,238.60145568847656,-0.02130846730113345,-0.999519639070775,-0.015270863234076339,-0.016530005117676574,0.0021400000000000004,0.028900000000000006,0.00143,2.9834,-0.193,-8.785400000000001,3.5240270023875184,7.883036962720736,9.779999732971191,9.829999923706055,9.739999771118164,9.809999465942383,7.941449954770146,7.982050570648613,7.908969616945839,7.965810014540291,7.949570039226223,0.008440031021055103,-0.4000000059604645,26.350000381469727,0.0,0.0,0.0,0.0,0.0,,,,,
frame_00026.png,1771858221943248065,1771858221.943248,42.30086809856667,-83.69733616878328,238.59913635253906,-0.021291745690720565,-0.9995224520511985,-0.01501379196058472,-0.01661672235928214,0.011980000000000001,-0.006400000000000001,-0.00039000000000000005,1.4019000000000001,-0.9072,-11.351600000000001,3.604751696866485,8.063613260788514,10.050000190734863,9.960000038146973,10.050000190734863,9.920000076293945,8.160692815878468,8.087611862175693,8.160692815878468,8.055131524351388,8.116032254571005,0.006500683017300918,-0.10000000149011612,26.25,0.0,0.0,0.0,0.0,0.0,,,,,
frame_00027.png,1771858221994019267,1771858221.9940193,42.30086813671338,-83.69733795026347,238.5976104736328,-0.02137289244891999,-0.9995107219675706,-0.015125516449201355,-0.017109497139820202,0.026020000000000005,-0.03753,-0.00117,1.3921000000000001,1.1728,-10.604700000000001,3.719859387289379,8.321102257803103,10.269999504089355,10.279999732971191,10.269999504089355,10.319999694824219,8.339334286715985,8.347454564770146,8.339334286715985,8.379934902594453,8.351514510199141,0.00365483459448168,0.10000000149011612,25.975000381469727,0.0,0.0,0.0,0.0,0.0,,,,,
frame_00028.png,1771858222044011794,1771858222.0440118,42.3008682020741,-83.69734070652194,238.59693908691406,-0.021348987241663897,-0.9995057146589894,-0.014654677789463038,-0.01782659604818564,0.040170000000000004,-0.03714,-0.0063300000000000006,1.6976,1.0651000000000002,-9.8368,3.8286137000295017,8.564379130143994,10.609999656677246,10.550000190734863,10.469999313354492,10.569999694824219,8.615417545418758,8.566697425878468,8.501735975837518,8.582937207594453,8.5666970386823,0.00027064525087957316,0.4000000059604645,26.17500114440918,0.0,0.0,0.0,0.0,0.0,,,,,
frame_00029.png,1771858222104103251,1771858222.104103,42.300868274766245,-83.69734354532646,238.5960235595703,-0.0210881334621027,-0.9995106821753977,-0.01387135595426858,-0.01847355754437827,0.027520000000000006,-0.023690000000000003,-0.01378,1.7428000000000001,0.4394,-9.7044,3.9318372111951896,8.795283931210967,10.859999656677246,10.869999885559082,10.9399995803833,11.019999504089355,8.81841985041876,8.826540128472919,8.883380526067372,8.948341201715984,8.869170426668758,0.008400694740006794,0.800000011920929,26.100000381469727,0.0,0.0,0.0,0.0,0.0,,,,,
frame_00030.png,1771858222153945510,1771858222.1539457,42.30086832380461,-83.6973454883788,238.59588623046875,-0.020903888875607957,-0.9995090770109103,-0.013541250579611409,-0.01900702331809576,0.018340000000000002,-0.04612000000000001,-0.0048400000000000006,1.3496000000000001,0.46730000000000005,-11.1327,4.032923139554719,9.021407087795534,11.130000114440918,11.029999732971191,11.179999351501465,11.15999984741211,9.037662711527082,8.956461479770146,9.07826255301321,9.062022771297226,9.033602378901916,0.0013518169602256447,1.100000023841858,25.975000381469727,0.0,0.0,0.0,0.0,0.0,,,,,
frame_00031.png,1771858222206143303,1771858222.2061431,42.30086838870256,-83.69734846947593,238.59828186035156,-0.020797386734071,-0.9994955295730514,-0.01300269647901082,-0.020176346368795253,0.02934,-0.04272,-0.008610000000000001,1.5690000000000002,0.1762,-9.6739,4.147199936909253,9.277037426869786,11.369999885559082,11.369999885559082,11.469999313354492,11.469999313354492,9.23254473847292,9.23254473847292,9.313745195837516,9.313745195837516,9.273144967155218,0.00041958003783549295,1.3000000715255737,26.05000114440918,0.0,0.0,0.0,0.0,0.0,,,,,
frame_00032.png,1771858222258123820,1771858222.2581239,42.30086843386672,-83.69735050643956,238.59901428222656,-0.0206364324069801,-0.9994909073840119,-0.012295118143424367,-0.02099747089617831,0.041740000000000006,-0.030140000000000004,-0.01818,1.5126000000000002,-0.30160000000000003,-8.2919,4.2404558357814315,9.485645277292916,11.84999942779541,11.649999618530273,11.809999465942383,11.739999771118164,9.622308792364597,9.459907103243065,9.58982845454029,9.532988056945838,9.551258101773447,0.006917064950509799,1.5,25.875,0.0,0.0,0.0,0.0,0.0,,,,,
frame_00033.png,1771858222298462327,1771858222.2984622,42.300868474023936,-83.69735256992197,238.59815979003906,-0.0206298575954299,-0.999489865960574,-0.01208961280084647,-0.021172106178448575,-0.00837,-0.0012300000000000002,-0.00031,1.3541,0.5287000000000001,-8.2039,4.304539490441264,9.62899656774768,11.880000114440918,12.09999942779541,11.960000038146973,11.929999351501465,9.64666962652708,9.825311097364597,9.711630302175694,9.687269468013211,9.717720123520145,0.009214205774010128,1.5,25.774999618530273,0.0,0.0,0.0,0.0,0.0,,,,,
frame_00034.png,1771858222347354185,1771858222.3473542,42.300868532275,-83.69735573621611,238.5922088623047,-0.020438092036321964,-0.9994984902702448,-0.011743869129644431,-0.021145540411205654,0.007510000000000001,-0.012160000000000002,-0.005330000000000001,1.1672,-0.9628000000000001,-9.8122,4.393268935962142,9.827479013611155,12.149999618530273,12.309999465942383,12.210000038146973,12.109999656677246,9.865911713243065,9.99583306454029,9.914632607175696,9.833431375418758,9.902452190094454,0.007628932748618486,1.399999976158142,25.475000381469727,0.0,0.0,0.0,0.0,0.0,,,,,
frame_00035.png,1771858222397788353,1771858222.3977885,42.30086857046147,-83.69735789517385,238.5878143310547,-0.020355097936987587,-0.9995018297535675,-0.011531387080033685,-0.021184650557804625,0.0062900000000000005,-0.027130000000000005,-0.004720000000000001,1.1702000000000001,-1.2629000000000001,-10.3146,4.484359937124647,10.031244117751609,12.519999504089355,12.460000038146973,12.550000190734863,12.389999389648438,10.166355031715984,10.117634912175694,10.190715865878467,10.060793740188904,10.133874887489762,0.010231110770849948,1.399999976158142,25.524999618530273,0.0,0.0,0.0,0.0,0.0,,,,,
frame_00036.png,1771858222447917205,1771858222.4479172,42.30086861753116,-83.69736119348845,238.58277893066406,-0.020253379283974637,-0.999492007278032,-0.012184077283353335,-0.02137934226451201,0.0007700000000000001,0.022840000000000003,-0.015520000000000003,1.5,-0.5031,-8.9712,4.5781855295688,10.241126338513633,12.719999313354492,12.719999313354492,12.889999389648438,12.819999694824219,10.328756720837516,10.328756720837516,10.466798350188904,10.409957952594452,10.383567436114598,0.013908733560418007,1.3000000715255737,25.399999618530273,0.0,0.0,0.0,0.0,0.0,,,,,
frame_00037.png,1771858222498934154,1771858222.4989343,42.30086865439186,-83.69736344130848,238.5787811279297,-0.02004938089875996,-0.9994835983014818,-0.012497341491051382,-0.021780163166387933,0.020210000000000002,0.009620000000000002,-0.014070000000000003,1.2069,0.36920000000000003,-10.2863,4.668309276671878,10.442727753358392,12.9399995803833,13.119999885559082,12.90999984741211,12.899999618530273,10.507398966067372,10.65356087347292,10.483038906297226,10.474918628243065,10.529729343520145,0.008331308851154655,1.100000023841858,25.399999618530273,0.0,0.0,0.0,0.0,0.0,,,,,
frame_00038.png,1771858222549230498,1771858222.5492306,42.300868709239175,-83.69736687210487,238.57313537597656,-0.019863409797814147,-0.9994812496281286,-0.012134145369139863,-0.022258461518251033,0.023280000000000002,-0.027390000000000005,-0.007610000000000001,1.1626,-0.0741,-11.0176,4.748539518383082,10.622197990251852,13.019999504089355,13.269999504089355,13.170000076293945,13.199999809265137,10.572359641715984,10.775361946715984,10.694161489351387,10.718521549121533,10.690101156726222,0.006392572096348177,1.100000023841858,25.149999618530273,0.0,0.0,0.0,0.0,0.0,,,,,
frame_00039.png,1771858222600907369,1771858222.6009073,42.300868764042164,-83.69737036215841,238.5679473876953,-0.019754566981387445,-0.9994823079888444,-0.012186585447314689,-0.022279143515995352,0.012020000000000001,0.0033000000000000004,-0.00506,0.5992000000000001,0.5246000000000001,-9.627500000000001,4.814040379457011,10.768719486422567,13.420000076293945,13.59000015258789,13.479999542236328,13.529999732971191,10.897163794351389,11.035205423702774,10.945883913891679,10.986484529770147,10.966184415428996,0.018336899689456784,1.3000000715255737,25.475000381469727,0.0,0.0,0.0,0.0,0.0,,,,,
frame_00040.png,1771858222650369035,1771858222.650369,42.30086880005061,-83.69737272224428,238.56446838378906,-0.019639431920105754,-0.9994936140314791,-0.012421595063448414,-0.021737345749375667,-0.005260000000000001,0.01597,-0.007440000000000001,1.1483,-0.5968,-9.6911,4.890334574778637,10.939385023705325,13.719999313354492,13.729999542236328,13.719999313354492,13.719999313354492,11.140765940837518,11.148886218891679,11.140765940837518,11.140765940837518,11.142796010351057,0.01859437127452288,1.399999976158142,24.67500114440918,0.0,0.0,0.0,0.0,0.0,,,,,
frame_00041.png,1771858222701234649,1771858222.7012346,42.30086885577184,-83.69737632502596,238.55868530273438,-0.0194991542799115,-0.9995081157176746,-0.01260941144076701,-0.021078717702690063,0.006780000000000001,0.016180000000000003,-0.01048,1.6022,0.0792,-9.7582,4.982029221619515,11.144500447009557,13.899999618530273,13.819999694824219,13.929999351501465,13.949999809265137,11.286927848243065,11.221967172594454,11.311287908013211,11.327528464121533,11.286927848243067,0.012780061512019419,1.2000000476837158,18.475000381469727,0.0,0.0,0.0,0.0,0.0,,,,,
frame_00042.png,1771858222751464440,1771858222.7514644,42.30086889537608,-83.69737877411286,238.55484008789062,-0.019346369539900432,-0.9995133586490074,-0.012601183069526678,-0.020975558468241565,0.004920000000000001,-0.011860000000000002,-0.008520000000000002,1.7060000000000002,1.2127000000000001,-10.5915,5.068761437510087,11.338515210023814,14.079999923706055,13.869999885559082,14.079999923706055,14.09999942779541,11.433089755648613,11.26256778847292,11.433089755648613,11.449329537364598,11.394519209283684,0.004939270991175251,1.0,13.125,0.0,0.0,0.0,0.0,0.0,,,,,
frame_00043.png,1771858222801973951,1771858222.801974,42.300868952893396,-83.69738249970568,238.5501251220703,-0.019172423422049,-0.9995104305657048,-0.012676701353376124,-0.021227779282871662,-0.018730000000000004,-0.015330000000000002,-0.007970000000000001,1.4996,0.5309,-8.4236,5.143881197255016,11.506553605387637,14.489999771118164,14.309999465942383,14.289999961853027,14.359999656677246,11.76601341194584,11.619851504540291,11.603611722824308,11.66045212041876,11.6624821899323,0.013551284762768005,0.9000000357627869,11.125,0.0,0.0,0.0,0.0,0.0,,,,,
frame_00044.png,1771858222852212286,1771858222.8522122,42.300868991486716,-83.69738501809252,238.5463409423828,-0.01901555256423959,-0.9995125875951069,-0.012403171853002564,-0.021427956682692765,0.009880000000000002,-0.00042000000000000007,-0.00031,-0.1253,0.9299000000000001,-9.085,5.200722194031054,11.633703504715827,14.549999237060547,14.519999504089355,14.50999927520752,14.519999504089355,11.81473353148613,11.790373471715984,11.782253193661825,11.790373471715984,11.79443341714498,0.013815885230700545,0.800000011920929,11.050000190734863,0.0,0.0,0.0,0.0,0.0,,,,,
frame_00045.png,1771858222904856510,1771858222.9048567,42.30086905299867,-83.69738883642432,238.5393524169922,-0.01874342446740851,-0.999528361832845,-0.011847826038345275,-0.021245398305251236,-0.00795,-0.009440000000000002,-0.014610000000000001,1.0569,-1.4527,-9.5989,5.27386952151939,11.797329687467585,14.819999694824219,14.670000076293945,14.589999198913574,14.619999885559082,12.033976392594452,11.912175319351388,11.847213869310437,11.87157470347292,11.9162350711823,0.01007900828956482,0.9000000357627869,6.974999904632568,0.0,0.0,0.0,0.0,0.0,,,,,
frame_00046.png,1771858222953070004,1771858222.9530702,42.300869102736804,-83.69739140276829,238.53439331054688,-0.018560916054823406,-0.9995406657483246,-0.011347766956127336,-0.02109924396065893,0.059910000000000005,0.00218,-0.03501,0.9477000000000001,-0.4965,-10.411000000000001,5.321943187166476,11.904867593100178,14.789999961853027,14.75,14.799999237060547,14.899999618530273,12.009616332824306,11.977135995,12.01773583648613,12.098937068243064,12.025856308138376,0.010162961838258554,0.699999988079071,0.0,0.0,0.0,0.0,0.0,0.0,,,,,
frame_00047.png,1771858223003593326,1771858223.0035932,42.30086916699567,-83.69739530084209,238.52734375,-0.018441619379100382,-0.9995392354606656,-0.011612067641417196,-0.02112778583939823,0.025510000000000005,-0.009000000000000001,-0.02338,0.40740000000000004,2.1637,-9.1431,5.373396557992685,12.019965696436156,15.139999389648438,14.739999771118164,14.90999984741211,15.089999198913574,12.293819095188905,11.96901571694584,12.107057346297227,12.253218479310437,12.155777659435604,0.011298864441827403,0.9000000357627869,0.0,0.0,0.0,0.0,0.0,0.0,,,,,
frame_00048.png,1771858223062956905,1771858223.0629568,42.300869224536235,-83.6973992340834,238.51968383789062,-0.018260393436636824,-0.9995398046554197,-0.011519981656712495,-0.0213079084748719,0.01845,-0.016280000000000003,-0.013900000000000003,0.4405,-0.4567,-9.4451,5.426157597525,12.137988976207575,15.179999351501465,15.15999984741211,15.0,15.089999198913574,12.326299433013212,12.310059651297227,12.180138300000001,12.253218479310437,12.267428965905218,0.010664039154374414,1.0,0.0,0.0,0.0,0.0,0.0,0.0,,,,,
frame_00049.png,1771858223105303203,1771858223.1053033,42.300869254520656,-83.69740187549078,238.5140380859375,-0.018197557830420652,-0.9995340153289067,-0.011817566511232998,-0.02146965792075598,-0.014920000000000001,-0.015500000000000002,0.005730000000000001,0.3986,2.0895,-9.8413,5.45738938753385,12.207852616549973,14.84999942779541,15.079999923706055,15.229999542236328,15.199999809265137,12.058336452364598,12.245098975648615,12.36690004889168,12.342539989121533,12.253218866506607,0.003716153150074263,1.0,0.0,0.0,0.0,0.0,0.0,0.0,,,,,
frame_00050.png,1771858223156570492,1771858223.1565704,42.30086927806493,-83.69740452483012,238.51002502441406,-0.018021783025152782,-0.9995229043671037,-0.012255704231454417,-0.02188553622680595,-0.037410000000000006,-0.03692,0.010320000000000001,1.754,2.0522,-10.1331,5.486500601264253,12.272972654992058,15.059999465942383,15.1899995803833,15.15999984741211,15.029999732971191,12.228858419540291,12.33441971106737,12.310059651297227,12.204498359770147,12.26945903541876,0.0002862892040966343,0.800000011920929,0.0,0.0,0.0,0.0,0.0,0.0,,,,,
frame_00051.png,1771858223217917351,1771858223.2179174,42.30086931658052,-83.6974085191986,238.5061492919922,-0.0177526611193235,-0.9994914193398492,-0.013046702569726272,-0.02305491794071504,-0.022150000000000003,-0.04905000000000001,-0.012010000000000002,0.4772,2.7603,-10.648900000000001,5.503858850557222,12.311802017165473,15.34999942779541,15.029999732971191,15.1899995803833,15.359999656677246,12.464341062364598,12.204498359770147,12.33441971106737,12.472461340418759,12.368930118405219,0.00464010882891849,1.100000023841858,0.0,0.0,0.0,0.0,0.0,0.0,,,,,
frame_00052.png,1771858223258891638,1771858223.2588916,42.30086934488321,-83.69741118436698,238.50540161132812,-0.017659936375661323,-0.999482163764956,-0.012517177953403978,-0.02380863748751835,0.01403,-0.028820000000000002,0.007030000000000001,-0.0814,-0.40650000000000003,-9.363900000000001,5.497557961323742,12.297707306003533,15.15999984741211,15.210000038146973,15.380000114440918,15.229999542236328,12.310059651297227,12.350660267175694,12.48870189652708,12.36690004889168,12.37908046597292,0.006616937445702834,1.2000000476837158,0.0,0.0,0.0,0.0,0.0,0.0,,,,,
frame_00053.png,1771858223309522769,1771858223.3095226,42.30086938579181,-83.6974151879351,238.50379943847656,-0.01756939111274941,-0.9994730138323042,-0.012251739832658586,-0.02439069470044985,0.00239,-0.00534,-0.0011300000000000001,0.683,-0.2587,-10.0016,5.51070441206631,12.32711512752761,15.149999618530273,15.25999927520752,15.339999198913574,15.039999961853027,12.301939373243066,12.391260108661823,12.456220784310437,12.212618637824306,12.340509726009909,0.0010865963644962552,1.3000000715255737,0.0,0.0,0.0,0.0,0.0,0.0,,,,,
frame_00054.png,1771858223359129501,1771858223.3591297,42.300869410632004,-83.69741785890882,238.50184631347656,-0.017501659078633325,-0.9994461953642543,-0.01260554028535038,-0.025339590674013663,-0.015090000000000003,-0.05491000000000001,-0.0011500000000000002,0.36360000000000003,1.4859,-9.001800000000001,5.521838987839671,12.352022505458075,15.15999984741211,15.25,15.479999542236328,15.460000038146973,12.310059651297227,12.383140605000001,12.56990235389168,12.553662572175694,12.454191295591151,0.008271421954415163,1.0,0.0,0.0,0.0,0.0,0.0,0.0,,,,,
frame_00055.png,1771858223407926756,1771858223.4079268,42.30086945593894,-83.69742186901544,238.4978790283203,-0.017355024718117007,-0.9994276063512912,-0.012858165616540785,-0.026037095785424187,-0.007030000000000001,-0.039040000000000005,0.00206,-0.4642,2.6707,-9.3663,5.517521571108677,12.342364703275845,15.059999465942383,15.149999618530273,15.380000114440918,15.389999389648438,12.228858419540291,12.301939373243066,12.48870189652708,12.496821400188903,12.379080272374836,0.0029747596981351755,0.6000000238418579,0.0,0.0,0.0,0.0,0.0,0.0,,,,,
frame_00056.png,1771858223457841238,1771858223.4578412,42.30086948103084,-83.69742454238876,238.4945526123047,-0.017106611882433675,-0.9994214125201928,-0.012703115148412419,-0.026511033393144055,-0.00198,0.0032700000000000003,-0.010590000000000002,0.9288000000000001,-0.7997000000000001,-8.3941,5.51732931538426,12.341934638755667,15.179999351501465,15.289999961853027,15.149999618530273,15.449999809265137,12.326299433013212,12.415620942824306,12.301939373243066,12.545542294121534,12.397350510800528,0.0044900474412533685,0.20000000298023224,2.700000047683716,0.0,0.0,0.0,0.0,0.0,,,,,
frame_00057.png,1771858223508391442,1771858223.5083914,42.300869510216124,-83.69742855373313,238.48724365234375,-0.016813792742773725,-0.9994208017649233,-0.012967593550260444,-0.02659321136448401,-0.05002000000000001,-0.0073300000000000014,-0.01923,0.5471,-4.562600000000001,-11.006,5.509679283471267,12.324821976368217,15.269999504089355,15.269999504089355,15.319999694824219,15.75,12.399380386715984,12.399380386715984,12.439981002594452,12.789145215000001,12.506971747756605,0.014779099587616364,0.10000000149011612,5.25,0.0,0.0,0.0,0.0,0.0,,,,,
frame_00058.png,1771858223567880997,1771858223.5678809,42.30086954240689,-83.69743255038196,238.47830200195312,-0.016680649099073408,-0.9994102326559047,-0.014149112921113611,-0.026471596322277705,-0.060110000000000004,-0.026490000000000003,-0.0060300000000000015,-1.9414,-2.0541,-10.762400000000001,5.508674173841003,12.322573606431893,15.519999504089355,15.229999542236328,15.210000038146973,15.559999465942383,12.602382691715986,12.36690004889168,12.350660267175694,12.634863029540291,12.488701509330914,0.013481591443877328,-0.699999988079071,8.550000190734863,0.0,0.0,0.0,0.0,0.0,,,,,
frame_00059.png,1771858223618574530,1771858223.6185746,42.300869577477734,-83.69743522360871,238.4722137451172,-0.016599585879882806,-0.9994049433493304,-0.014302100882309408,-0.026639498266486143,-0.015680000000000003,-0.05757,-0.016690000000000003,-1.5717,-0.2672,-9.5123,5.526836610368861,12.36320188719852,15.549999237060547,15.389999389648438,15.699999809265137,15.34999942779541,12.62674275148613,12.496821400188903,12.748544599121534,12.464341062364598,12.584112453290292,0.017868394296829723,-0.9000000357627869,11.175000190734863,0.0,0.0,0.0,0.0,0.0,,,,,
frame_00060.png,1771858223659827520,1771858223.6598275,42.30086961713064,-83.69743924479066,238.463623046875,-0.01667937426991023,-0.9993924086676134,-0.014524422816797528,-0.026937949315959085,-0.03631,-0.06248000000000001,0.0016400000000000002,-0.17830000000000001,1.9941000000000002,-9.8879,5.545178738033338,12.404232126256296,15.359999656677246,15.309999465942383,15.449999809265137,15.460000038146973,12.472461340418759,12.431860724540291,12.545542294121534,12.553662572175694,12.50088173281407,0.007791663810708101,-0.9000000357627869,12.25,0.0,0.0,0.0,0.0,0.0,,,,,
frame_00061.png,1771858223711129583,1771858223.7111297,42.30086964382733,-83.69744192712554,238.4580841064453,-0.016706323395236977,-0.9993712708543195,-0.014813553683509511,-0.027541248644562078,-0.031160000000000004,-0.039850000000000003,0.010180000000000002,-0.6806,2.748,-9.8408,5.545513530186863,12.404981036216203,15.50999927520752,15.449999809265137,15.549999237060547,15.380000114440918,12.594262413661824,12.545542294121534,12.62674275148613,12.48870189652708,12.563812338949143,0.01280383277243504,-0.9000000357627869,13.100000381469727,0.0,0.0,0.0,0.0,0.0,,,,,
frame_00062.png,1771858223760559544,1771858223.7605596,42.30086968749216,-83.6974459611375,238.44998168945312,-0.016804407541521627,-0.999360821681329,-0.0149533224938941,-0.027784134357413393,-0.004670000000000001,0.007390000000000002,0.020640000000000002,-1.0475,3.7826,-9.9887,5.537548394599612,12.387163505815657,15.529999732971191,15.460000038146973,15.589999198913574,15.369999885559082,12.610502969770145,12.553662572175694,12.659223089310435,12.480581618472918,12.5759925624323,0.01524393026119246,-0.699999988079071,13.949999809265137,0.0,0.0,0.0,0.0,0.0,,,,,
frame_00063.png,1771858223811759832,1771858223.81176,42.300869718515955,-83.69744865062495,238.44505310058594,-0.01666040716152911,-0.9993794471611821,-0.014245872427238328,-0.02757184331540446,0.012730000000000002,0.027570000000000004,0.017150000000000002,-1.0433000000000001,3.4934000000000003,-9.208400000000001,5.550794252251817,12.416793694632181,15.59999942779541,15.589999198913574,15.960000038146973,15.389999389648438,12.667343367364598,12.659223089310435,12.959667182175693,12.496821400188903,12.695763759759906,0.022467157946606163,-0.30000001192092896,14.625,0.0,0.0,0.0,0.0,0.0,,,,,
frame_00064.png,1771858223861613159,1771858223.861613,42.30086977517098,-83.69745270177836,238.4377899169922,-0.01643454253505644,-0.9994128482196905,-0.01342727160126294,-0.026899312303763117,0.022940000000000002,0.049620000000000004,0.005040000000000001,0.09190000000000001,1.9636,-7.9142,5.570827086132618,12.461605942053499,15.670000076293945,15.460000038146973,15.819999694824219,15.489999771118164,12.724184539351388,12.553662572175694,12.845985612594452,12.578022631945839,12.675463839016842,0.017161343245628482,0.0,14.225000381469727,0.0,0.0,0.0,0.0,0.0,,,,,
frame_00065.png,1771858223912827645,1771858223.9128277,42.30086980145197,-83.69745540024897,238.43272399902344,-0.016188356789372083,-0.9994445597870362,-0.013763270167625671,-0.025672580915250206,-0.04521000000000001,0.06470000000000001,0.00319,1.8809,0.4142,-9.3271,5.579842473890075,12.481772823543665,15.649999618530273,15.84999942779541,15.769999504089355,15.769999504089355,12.707943983243066,12.870345672364598,12.805384996715986,12.805384996715986,12.797264912259909,0.025276224233239452,0.0,14.25,0.0,0.0,0.0,0.0,0.0,,,,,
frame_00066.png,1771858223962943531,1771858223.9629436,42.30086983114055,-83.69745947441751,238.42434692382812,-0.015951044468111852,-0.999459114104996,-0.014695744984645175,-0.024720001864465695,-0.029360000000000004,0.07201000000000002,-0.014190000000000001,0.10070000000000001,-1.8724,-9.1441,5.6094301334460335,12.547958642710771,15.75,15.779999732971191,15.899999618530273,15.949999809265137,12.789145215000001,12.813505274770145,12.910946288243066,12.951546904121534,12.866285920533688,0.025368849777635826,-0.30000001192092896,13.65000057220459,0.0,0.0,0.0,0.0,0.0,,,,,
frame_00067.png,1771858224013736616,1771858224.0137367,42.30086984065597,-83.69746221393537,238.41928100585938,-0.015845362108873662,-0.9994537065153273,-0.015250690649161666,-0.024670416841563368,-0.013710000000000003,0.014640000000000002,-0.01716,-0.1507,-2.2849,-11.5077,5.6678443804497025,12.678627808403158,15.75999927520752,15.75999927520752,15.789999961853027,15.719999313354492,12.797264718661824,12.797264718661824,12.821625552824306,12.764784380837519,12.795234842746368,0.009197133641380681,-0.4000000059604645,13.975000381469727,0.0,0.0,0.0,0.0,0.0,,,,,
frame_00068.png,1771858224063536775,1771858224.063537,42.300869863974036,-83.6974663538834,238.41285705566406,-0.015979350061235242,-0.9994248551316309,-0.015602515981986146,-0.025518244684358062,-0.0007700000000000001,-0.04531000000000001,0.0058400000000000014,-1.0789,1.1709,-9.7593,5.713780151964099,12.781383373134572,15.869999885559082,15.789999961853027,15.9399995803833,16.09000015258789,12.88658622847292,12.821625552824306,12.943426626067373,13.065228473702776,12.929216720266844,0.011566302552429917,-0.4000000059604645,13.824999809265137,0.0,0.0,0.0,0.0,0.0,,,,,
frame_00069.png,1771858224114978886,1771858224.1149788,42.30086988345405,-83.6974691358621,238.40728759765625,-0.015973008506729558,-0.9993992987167094,-0.01579999593138834,-0.026386831040534336,-0.030370000000000005,-0.032330000000000005,-0.005280000000000001,-0.6395000000000001,-0.9818,-9.1193,5.748312278520316,12.858629668313236,15.949999809265137,15.9399995803833,16.06999969482422,16.149999618530273,12.951546904121534,12.943426626067373,13.048987917594452,13.113948593243066,13.014477510256606,0.012120097239242874,-0.20000000298023224,13.75,0.0,0.0,0.0,0.0,0.0,,,,,
frame_00070.png,1771858224164947664,1771858224.1649477,42.300869917787296,-83.69747331515866,238.39718627929688,-0.01585576797520699,-0.9993985917010915,-0.01600177135588491,-0.02636271687944557,-0.014020000000000003,-0.00506,-0.011220000000000003,0.132,-1.3552,-8.5998,5.770548909302796,12.908371677175799,16.06999969482422,16.0,16.010000228881836,16.15999984741211,13.048987917594452,12.99214752,13.00026779805416,13.122068871297225,13.04086802673646,0.010264373607628385,0.0,13.800000190734863,0.0,0.0,0.0,0.0,0.0,,,,,
frame_00071.png,1771858224224371208,1771858224.2243712,42.30086997095735,-83.6974775053801,238.38426208496094,-0.015661997256026072,-0.9994234467315808,-0.016034902706664193,-0.025502114820287768,0.01353,0.03726000000000001,-0.0017000000000000001,-0.6049,1.052,-10.385900000000001,5.789334830753993,12.950394656306838,16.420000076293945,16.219999313354492,16.10999870300293,16.19999885559082,13.333191454351388,13.170788990837517,13.08146748102642,13.154548434729195,13.18499909023613,0.01811562042358604,0.10000000149011612,13.75,0.0,0.0,0.0,0.0,0.0,,,,,
frame_00072.png,1771858224275258830,1771858224.2752588,42.300870007407624,-83.69748031680874,238.3755340576172,-0.015404852824038362,-0.9994536140908281,-0.015513255200374197,-0.02478916503918431,0.03177000000000001,0.014050000000000002,-0.012690000000000002,0.7788,-0.5054000000000001,-11.0969,5.831848829729481,13.045495921175066,16.260000228881836,16.350000381469727,16.31999969482422,16.270000457763672,13.203270103054162,13.276351056756935,13.251990222594452,13.211390381108323,13.235750440878467,0.014583923896261087,0.20000000298023224,13.574999809265137,0.0,0.0,0.0,0.0,0.0,,,,,
frame_00073.png,1771858224319665659,1771858224.3196657,42.300870063155195,-83.69748456253095,238.3657684326172,-0.015263225056991236,-0.9994676524366792,-0.015000377723815683,-0.024625888039137577,0.04068,0.010570000000000001,-0.014330000000000002,0.5878,0.48310000000000003,-10.8466,5.857635507543105,13.103179172243474,16.350000381469727,16.34000015258789,16.350000381469727,16.350000381469727,13.276351056756935,13.268230778702774,13.276351056756935,13.276351056756935,13.274320987243396,0.013061090957410757,0.20000000298023224,13.699999809265137,0.0,0.0,0.0,0.0,0.0,,,,,
frame_00074.png,1771858224378567852,1771858224.378568,42.300870100811764,-83.69748741341888,238.3621063232422,-0.015056116379594864,-0.9994682468922211,-0.014112186445200528,-0.025246445442675642,0.035800000000000005,-0.016640000000000002,-0.011430000000000003,-0.1189,-0.33390000000000003,-11.3801,5.895655000473788,13.188226496759835,16.43000030517578,16.44999885559082,16.389999389648438,16.10999870300293,13.341311732405547,13.357550739729195,13.308830620188905,13.08146748102642,13.272290143337518,0.006374143376923029,0.20000000298023224,13.850000381469727,0.0,0.0,0.0,0.0,0.0,,,,,
frame_00075.png,1771858224419040469,1771858224.4190404,42.30087012671889,-83.6974902806705,238.36158752441406,-0.014985321197596324,-0.9994456017628144,-0.014297034114122363,-0.0260676826954493,-0.028120000000000003,0.0003800000000000001,-0.005640000000000001,0.7308,-0.8469,-12.185,5.924033416107435,13.251707309827367,16.350000381469727,16.299999237060547,16.649999618530273,16.529998779296875,13.276351056756935,13.23574966648613,13.519953203243064,13.422511415377807,13.363641335465983,0.008446762596062387,0.20000000298023224,14.100000381469727,0.0,0.0,0.0,0.0,0.0,,,,,
frame_00076.png,1771858224467285406,1771858224.4672854,42.300870154702004,-83.69749460324604,238.3614501953125,-0.014998940481464218,-0.999413026552885,-0.014510633640896792,-0.02716754777626193,-0.041890000000000004,-0.0267,-0.0029400000000000003,0.523,-1.9606000000000001,-7.7538,5.948500656237911,13.306439057964834,16.5,16.440000534057617,16.60999870300293,16.649999618530273,13.39815213,13.34943201045971,13.487472091026422,13.519953203243064,13.438752358682297,0.009943554405584153,0.0,14.25,0.0,0.0,0.0,0.0,0.0,,,,,
frame_00077.png,1771858224517749972,1771858224.51775,42.30087017450075,-83.69749748947832,238.35885620117188,-0.015037588813838154,-0.9994068308223512,-0.014976342656061674,-0.027121330884353412,-0.013890000000000003,0.02644,-0.0027100000000000006,0.0799,-0.6571,-8.1742,5.959924107607311,13.3319926332711,16.729999542236328,16.8799991607666,16.75,16.770000457763672,13.58491387889168,13.706714952134744,13.601154435,13.617394991108322,13.627544564283685,0.022168623936605795,-0.5,14.65000057220459,0.0,0.0,0.0,0.0,0.0,,,,,
frame_00078.png,1771858224567849979,1771858224.5678499,42.30087020167688,-83.69750182624146,238.34840393066406,-0.014963740254890834,-0.999426785223159,-0.014938438914734953,-0.026439184913238812,0.016040000000000002,0.01566,-0.007480000000000001,0.2715,0.6259,-9.152700000000001,5.983946391764104,13.385729041592796,16.809999465942383,16.78999900817871,16.809999465942383,16.84000015258789,13.649874554540292,13.63363399843197,13.649874554540292,13.674235388702774,13.651904624053833,0.019885026929348598,-1.100000023841858,14.15000057220459,0.0,0.0,0.0,0.0,0.0,,,,,
frame_00079.png,1771858224619565094,1771858224.619565,42.30087023367646,-83.69750618527779,238.3345184326172,-0.014842557021026104,-0.999451029730871,-0.014921829952827289,-0.025586650070654766,0.007910000000000002,0.0357,-0.009850000000000003,0.5322,0.5,-9.549000000000001,6.022886663262981,13.472836092519493,16.799999237060547,16.85999870300293,16.78999900817871,16.90999984741211,13.641754276486129,13.690474396026422,13.63363399843197,13.731075786297227,13.674234614310436,0.014948487490526546,-1.3000000715255737,14.475000381469727,0.0,0.0,0.0,0.0,0.0,,,,,
frame_00080.png,1771858224670861689,1771858224.6708615,42.30087025838063,-83.69750910772248,238.3248748779297,-0.014736737206047512,-0.9994623140070654,-0.01502448392184905,-0.025143117130615955,0.0009100000000000001,0.017390000000000003,-0.007150000000000001,-0.062,0.6428,-9.9148,6.055600554038548,13.546015103350989,17.0,16.84000015258789,16.8799991607666,16.940000534057617,13.80415674,13.674235388702774,13.706714952134744,13.75543662045971,13.735135925324307,0.013961362107630777,-1.3000000715255737,14.40000057220459,0.0,0.0,0.0,0.0,0.0,,,,,
frame_00081.png,1771858224719464861,1771858224.719465,42.300870288466676,-83.6975135110466,238.31195068359375,-0.014602054042733292,-0.9994665175465801,-0.015590725630077181,-0.024706063939293282,-0.04653000000000001,0.023000000000000003,-0.00019000000000000004,-0.32630000000000003,0.4731,-10.3419,6.065795739198263,13.568821120842163,17.059999465942383,17.19999885559082,17.0,16.989999771118164,13.852876859540292,13.966557654729193,13.80415674,13.796036461945839,13.854906929053831,0.021084057757400222,-2.4000000953674316,15.0,0.0,0.0,0.0,0.0,0.0,,,,,
frame_00082.png,1771858224769731442,1771858224.7697313,42.3008703064373,-83.69751646574005,238.30479431152344,-0.014482050814318692,-0.9994668743400372,-0.016614972774458052,-0.024086925517211113,-0.0036900000000000006,0.0037700000000000003,-0.00099,1.7158,2.3462,-11.358400000000001,6.123055622242653,13.69690804361948,17.190000534057617,16.729999542236328,16.969999313354492,17.079999923706055,13.95843892545971,13.58491387889168,13.779795905837517,13.869117415648613,13.79806653145938,0.007385498064070249,-3.1000001430511475,15.175000190734863,0.0,0.0,0.0,0.0,0.0,,,,,
frame_00083.png,1771858224820754163,1771858224.8207543,42.30087034612015,-83.69752092107363,238.29736328125,-0.014542433520516262,-0.9994737534456898,-0.015590761560991047,-0.02444712568860113,0.047450000000000006,-0.02542,-0.0018400000000000003,1.7354,2.1313,-9.8636,6.1657234903864575,13.792353504585083,17.079999923706055,16.8799991607666,17.190000534057617,17.170000076293945,13.869117415648613,13.706714952134744,13.95843892545971,13.942198369351386,13.869117415648613,0.005565686163569615,-2.9000000953674316,15.125,0.0,0.0,0.0,0.0,0.0,,,,,
frame_00084.png,1771858224871065542,1771858224.8710656,42.30087037693983,-83.69752390708345,238.29476928710938,-0.014684259804072064,-0.9994728627585985,-0.013708314108866762,-0.02550394572279871,0.039060000000000004,-0.038060000000000004,0.0008000000000000001,0.5525,0.7744000000000001,-9.3955,6.18968146160258,13.845946048717277,17.18000030517578,17.1299991607666,17.270000457763672,17.170000076293945,13.950318647405549,13.909717257134744,14.023399601108322,13.942198369351386,13.95640846875,0.007977961176799244,-2.0,15.25,0.0,0.0,0.0,0.0,0.0,,,,,
frame_00085.png,1771858224922296659,1771858224.9222965,42.300870435783025,-83.69752841154296,238.29115295410156,-0.014795196372111297,-0.999461351262951,-0.012551316887092698,-0.02646835734129919,0.024820000000000002,-0.019050000000000004,0.0003800000000000001,-0.34550000000000003,-0.1847,-9.0037,6.207284107746321,13.885322111982056,17.299999237060547,17.329999923706055,17.369998931884766,17.329999923706055,14.04775888648613,14.072119720648613,14.104599284080582,14.072119720648613,14.074149402965986,0.01359905729669645,-1.5,15.300000190734863,0.0,0.0,0.0,0.0,0.0,,,,,
frame_00086.png,1771858224971638973,1771858224.9716392,42.300870476993275,-83.69753141746875,238.2874298095703,-0.014766272862663798,-0.9994603740053045,-0.012043547376864118,-0.026755764715354874,0.015340000000000003,0.00042000000000000007,-0.00445,-0.36910000000000004,-0.38480000000000003,-9.821900000000001,6.224671773016419,13.92421727593135,17.489999771118164,17.389999389648438,17.40999984741211,17.270000457763672,14.202041071945839,14.120839840188903,14.137080396297227,14.023399601108322,14.120840227385074,0.014120933877812733,-1.5,15.625,0.0,0.0,0.0,0.0,0.0,,,,,
frame_00087.png,1771858225023232850,1771858225.0232327,42.300870534424746,-83.69753594806433,238.28025817871094,-0.014633825085258734,-0.9994736428758829,-0.011615171786234607,-0.026521239491442635,0.025340000000000005,0.007190000000000001,-0.008780000000000001,0.1335,0.6319,-8.529,6.249755281275063,13.98032757889544,17.44999885559082,17.40999984741211,17.60999870300293,17.3799991607666,14.169559959729195,14.137080396297227,14.29948131102642,14.112719562134744,14.179710307296896,0.014261663560905453,-1.7000000476837158,15.824999809265137,0.0,0.0,0.0,0.0,0.0,,,,,
frame_00088.png,1771858225081703942,1771858225.081704,42.30087057821039,-83.69754050224343,238.27186584472656,-0.014449420213195618,-0.9995072572733993,-0.010829320678740964,-0.025674554074924912,0.037020000000000004,0.045540000000000004,-0.014090000000000004,0.45690000000000003,-0.8961,-9.1105,6.2813566351309635,14.051017911389858,17.649999618530273,17.65999984741211,17.68000030517578,17.69999885559082,14.331962423243066,14.340082701297225,14.356323257405549,14.372562264729195,14.350232661668759,0.021294880710126748,-1.8000000715255737,15.800000190734863,0.0,0.0,0.0,0.0,0.0,,,,,
frame_00089.png,1771858225132730409,1771858225.1327305,42.300870603813266,-83.69754356063795,238.26466369628906,-0.014402191570433764,-0.9995279032013911,-0.010943248637130504,-0.024835315763343795,-0.00026000000000000003,0.03645000000000001,-0.010980000000000002,1.8095,-0.24630000000000002,-10.2758,6.332682640181855,14.165831105128401,17.28999900817871,17.10999870300293,17.709999084472656,17.739999771118164,14.03963860843197,13.89347670102642,14.380682542783356,14.405043376945839,14.179710307296897,0.0009797661757714822,-1.8000000715255737,15.40000057220459,0.0,0.0,0.0,0.0,0.0,,,,,
frame_00090.png,1771858225182536867,1771858225.182537,42.30087060939802,-83.69754816052941,238.2547607421875,-0.014500246103615055,-0.9995319843725426,-0.012097688571633947,-0.024066595323089746,-0.08835000000000001,0.07336000000000001,0.015020000000000002,1.6471,-1.0662,-9.4285,6.33141276465142,14.162990469759348,17.670000076293945,17.799999237060547,17.75,17.68000030517578,14.348202979351388,14.45376349648613,14.413163655,14.356323257405549,14.392863347060766,0.016230532513047964,-1.8000000715255737,16.125,0.0,0.0,0.0,0.0,0.0,,,,,
frame_00091.png,1771858225233613588,1771858225.2336135,42.30087060386974,-83.69755122784366,238.25033569335938,-0.014903105397956362,-0.9995073968997014,-0.014153425498826509,-0.023717958152618644,-0.03141,0.05883000000000001,0.005490000000000001,0.6874,0.8034,-9.724400000000001,6.350324462546632,14.205294803249064,17.889999389648438,17.799999237060547,17.81999969482422,18.459999084472656,14.526844450188904,14.45376349648613,14.470004052594453,14.989689457783356,14.610075364263212,0.028495048263381728,-1.8000000715255737,16.450000762939453,0.0,0.0,0.0,0.0,0.0,,,,,
frame_00092.png,1771858225274222807,1771858225.2742229,42.30087061242226,-83.69755431468089,238.24656677246094,-0.014874058828936276,-0.9995161589008833,-0.014222855052958557,-0.023322111056249366,0.03259,0.025750000000000006,-0.015010000000000003,-1.0553000000000001,0.5464,-9.9154,6.388865012304959,14.291507700625456,17.969999313354492,18.079999923706055,18.010000228881836,18.369998931884766,14.591805125837517,14.681126635648614,14.624286238054161,14.916608504080582,14.703456625905218,0.028824735214027432,-1.7000000476837158,16.225000381469727,0.0,0.0,0.0,0.0,0.0,,,,,
frame_00093.png,1771858225334446228,1771858225.3344464,42.30087065783074,-83.69755897279866,238.23898315429688,-0.014611671599786935,-0.9995563388895499,-0.01275321346218268,-0.022604866404542862,-0.009390000000000003,0.02894,0.0008800000000000001,-0.091,-0.2348,-9.4993,6.4337367776233805,14.391883147336845,18.0,18.020000457763672,17.93000030517578,17.989999771118164,14.61616596,14.632406516108324,14.559325562405549,14.60804568194584,14.603985930114927,0.014737667100731764,-1.600000023841858,15.425000190734863,0.0,0.0,0.0,0.0,0.0,,,,,
frame_00094.png,1771858225387091657,1771858225.3870916,42.30087072250653,-83.69756366373498,238.23109436035156,-0.01429715461707104,-0.9995712585721628,-0.01238087960360925,-0.022351828259870178,0.005470000000000001,0.018490000000000003,-0.00338,-0.0915,1.2407000000000001,-9.0205,6.468163360999323,14.468893348753827,18.059999465942383,18.1299991607666,18.149999618530273,18.079999923706055,14.66488607954029,14.721726477134743,14.737967033243065,14.681126635648614,14.701426556391677,0.016071250373676828,-1.5,13.65000057220459,0.0,0.0,0.0,0.0,0.0,,,,,
frame_00095.png,1771858225429090086,1771858225.42909,42.30087076221997,-83.69756680594301,238.2259979248047,-0.014119201812787419,-0.9995832016531648,-0.012021463130766883,-0.022125901951644093,0.03778000000000001,0.009420000000000001,-0.0029000000000000007,0.1374,0.657,-10.2126,6.489961224905028,14.517653862439055,18.139999389648438,18.15999984741211,18.19999885559082,18.09000015258789,14.729846755188905,14.746087311297225,14.778566874729195,14.689246913702775,14.735936963729525,0.015035700903107066,-1.399999976158142,13.40000057220459,0.0,0.0,0.0,0.0,0.0,,,,,
frame_00096.png,1771858225479116973,1771858225.4791172,42.30087080173873,-83.69756995346468,238.22093200683594,-0.014043791829285723,-0.9996127805312196,-0.010843138191094984,-0.021435654034065364,0.07331000000000001,0.03438000000000001,-0.007290000000000001,1.1365,-0.7282000000000001,-10.1917,6.512293848959212,14.56761060249082,18.35999870300293,18.309999465942383,18.209999084472656,18.19999885559082,14.90848822602642,14.86788838454029,14.786687152783356,14.778566874729195,14.835407659519815,0.01838304608328876,-1.399999976158142,13.5,0.0,0.0,0.0,0.0,0.0,,,,,
frame_00097.png,1771858225529758254,1771858225.5297582,42.30087085644792,-83.69757469384969,238.21473693847656,-0.01407334049477943,-0.9996333711941439,-0.00991601517994731,-0.020898251728302966,0.03771000000000001,0.00855,-0.005700000000000001,0.7901,-0.2776,-10.8881,6.544130165952011,14.638826533424693,18.279998779296875,18.299999237060547,18.35999870300293,18.309999465942383,14.843527550377807,14.859768106486131,14.90848822602642,14.86788838454029,14.869918066857661,0.015786206148786522,-1.399999976158142,13.77500057220459,0.0,0.0,0.0,0.0,0.0,,,,,
frame_00098.png,1771858225579435768,1771858225.5794358,42.300870887075554,-83.69757787391615,238.2120819091797,-0.01416814798649163,-0.9996291061088656,-0.010050847342259837,-0.020973656579764088,-0.016370000000000003,0.00474,0.0029400000000000003,-0.4162,0.8581000000000001,-8.1652,6.574638183609088,14.707071138442515,18.3799991607666,18.350000381469727,18.60999870300293,18.389999389648438,14.924728782134743,14.900369496756936,15.111490531026423,14.932849060188905,14.967359467526753,0.017698175702970238,-1.5,13.27500057220459,0.0,0.0,0.0,0.0,0.0,,,,,
frame_00099.png,1771858225628058906,1771858225.628059,42.3008709126514,-83.69758267394074,238.2070770263672,-0.014231891138739794,-0.9995952885145085,-0.011733735835375843,-0.021657144261362025,-0.08825000000000002,-0.018290000000000004,0.015700000000000002,0.6758000000000001,1.1902000000000001,-15.311,6.62312084169804,14.815523935628015,18.389999389648438,18.5,18.270000457763672,18.25,14.932849060188905,15.02217057,14.835408821108322,14.819168265,14.902399179074308,0.005863798258081031,-2.0,13.300000190734863,0.0,0.0,0.0,0.0,0.0,,,,,
frame_00100.png,1771858225678083692,1771858225.6780837,42.3008709132112,-83.69758589574211,238.2061767578125,-0.014349399338913271,-0.9995462402213096,-0.013057703410673579,-0.023041371046350893,-0.07098,-0.09792000000000002,0.013340000000000001,1.2334,0.1569,-8.7438,6.670271508172368,14.920997147491098,18.459999084472656,18.440000534057617,18.440000534057617,18.56999969482422,14.989689457783356,14.97345045045971,14.97345045045971,15.079010967594453,15.003900331574307,0.005556142345161488,-2.299999952316284,13.40000057220459,0.0,0.0,0.0,0.0,0.0,,,,,
frame_00101.png,1771858225728816176,1771858225.728816,42.30087092668418,-83.69759074278426,238.2053985595703,-0.01442783824943955,-0.9995121591390528,-0.01326357571383676,-0.024317869477406183,0.00253,-0.05199000000000001,0.0024000000000000002,-0.5915,0.9838,-7.459300000000001,6.6607433643088925,14.899683261357135,18.56999969482422,18.479999542236328,18.69999885559082,18.69999885559082,15.079010967594453,15.005930013891678,15.184571484729195,15.184571484729195,15.11352098773613,0.014351830346192106,-2.200000047683716,13.449999809265137,0.0,0.0,0.0,0.0,0.0,,,,,
frame_00102.png,1771858225778734814,1771858225.778735,42.30087094198212,-83.6975939776977,238.20217895507812,-0.014409597730933588,-0.9995079872700848,-0.013333237946271698,-0.02446163613507332,-0.01391,0.022170000000000002,0.0005900000000000001,-0.1981,0.055400000000000005,-9.3096,6.675560616936571,14.932828566450095,18.670000076293945,18.639999389648438,18.760000228881836,18.649999618530273,15.160212199351387,15.135851365188906,15.233293153054163,15.143971643243065,15.168332090209379,0.01577085832809969,-1.899999976158142,13.02500057220459,0.0,0.0,0.0,0.0,0.0,,,,,
frame_00103.png,1771858225839171990,1771858225.8391721,42.3008709669937,-83.69759884454353,238.19383239746094,-0.01432786723905527,-0.9995052137240249,-0.014152141206793992,-0.024161060782473747,-0.0076500000000000005,0.0035300000000000006,-0.006980000000000001,-0.0639,0.9474,-10.4085,6.710682894949781,15.011394995028965,18.799999237060547,18.81999969482422,18.719999313354492,18.829999923706055,15.26577271648613,15.282013272594453,15.200812040837517,15.290133550648614,15.259682895141678,0.01653996182199812,-1.8000000715255737,12.300000190734863,0.0,0.0,0.0,0.0,0.0,,,,,
frame_00104.png,1771858225889215985,1771858225.889216,42.30087101042605,-83.6976037328601,238.18605041503906,-0.014180436320532341,-0.9995208948066416,-0.013497086529456775,-0.023973417067784136,0.05016000000000001,-0.0013800000000000002,-0.007560000000000001,0.3826,0.8171,-11.1658,6.739323029072706,15.075461256653899,18.869998931884766,18.84000015258789,18.75,18.799999237060547,15.322613114080582,15.298253828702775,15.225172875,15.26577271648613,15.277953133567372,0.01343188599447325,-1.8000000715255737,7.349999904632568,0.0,0.0,0.0,0.0,0.0,,,,,
frame_00105.png,1771858225940690214,1771858225.9406903,42.300871068108094,-83.6976086481556,238.18212890625,-0.014086543731980483,-0.9995304764469661,-0.01215637121414399,-0.02434375850791632,0.05028000000000001,-0.01632,-0.004560000000000001,0.0207,-0.22490000000000002,-10.2462,6.762637927144737,15.127615284747149,18.850000381469727,19.020000457763672,18.94999885559082,18.850000381469727,15.306374106756934,15.444415736108322,15.387573789729194,15.306374106756934,15.361184434837845,0.015439918697972127,-1.5,0.0,0.0,0.0,0.0,0.0,0.0,,,,,
frame_00106.png,1771858225990354906,1771858225.990355,42.30087110353864,-83.69761193783876,238.18096923828125,-0.014020404542784914,-0.999530266654908,-0.011236537546412097,-0.024827696655012554,0.030470000000000004,-0.01948,-0.0032500000000000007,-0.0449,-0.7852,-10.0092,6.788335535153946,15.18509929200727,18.94999885559082,19.020000457763672,19.0,18.94999885559082,15.387573789729194,15.444415736108322,15.428175180000002,15.387573789729194,15.411934623891678,0.014938020985072173,-1.3000000715255737,0.0,0.0,0.0,0.0,0.0,0.0,,,,,
frame_00107.png,1771858226032923464,1771858226.0329235,42.30087113519613,-83.69761523588716,238.17835998535156,-0.014006782379532956,-0.9995285445726884,-0.01101394738993718,-0.0250038315997205,0.013830000000000002,0.004000000000000001,-0.005220000000000001,0.1228,-0.28900000000000003,-8.2316,6.801996433125962,15.21565790111679,19.010000228881836,19.029998779296875,19.10999870300293,19.020000457763672,15.436295458054161,15.45253446537781,15.517495141026421,15.444415736108322,15.462685200141678,0.0162350718339137,-1.3000000715255737,0.0,0.0,0.0,0.0,0.0,0.0,,,,,
frame_00108.png,1771858226082957318,1771858226.0829573,42.30087116710534,-83.69762019508751,238.17178344726562,-0.014039167003242092,-0.9995260516222981,-0.011250286991850515,-0.024980091288762035,-0.02227,0.006830000000000001,0.00559,0.07590000000000001,-0.4854,-9.419500000000001,6.818552260998007,15.252692294716882,19.059999465942383,19.03999900817871,19.1299991607666,19.1299991607666,15.476895299540292,15.46065474343197,15.533735697134745,15.533735697134745,15.501255359310438,0.016296340330660946,-1.899999976158142,0.0,0.0,0.0,0.0,0.0,0.0,,,,,
frame_00109.png,1771858226133607777,1771858226.1336076,42.300871181276854,-83.6976235051558,238.16583251953125,-0.01409278808206993,-0.9995191910269352,-0.01181570447021965,-0.024963357562773108,-0.032830000000000005,0.00041000000000000005,0.0015300000000000003,-0.4217,-0.3023,-9.799100000000001,6.825839767248885,15.268994008949722,19.119998931884766,19.119998931884766,19.100000381469727,19.100000381469727,15.525615419080582,15.525615419080582,15.509376411756936,15.509376411756936,15.51749591541876,0.01627493640533106,-2.700000047683716,0.0,0.0,0.0,0.0,0.0,0.0,,,,,
frame_00110.png,1771858226184011136,1771858226.1840112,42.3008711984019,-83.69762847344086,238.15594482421875,-0.014126289836916883,-0.9995227970624849,-0.012177168736664284,-0.02462402585664225,-0.00502,0.020210000000000002,0.0014600000000000004,-0.6763,-0.2452,-9.4535,6.8268662698755405,15.271290233735392,19.170000076293945,19.15999984741211,19.10999870300293,19.170000076293945,15.566216809351387,15.558096531297227,15.517495141026421,15.566216809351387,15.552006322756606,0.018381949705931933,-3.0,2.299999952316284,0.0,0.0,0.0,0.0,0.0,,,,,
frame_00111.png,1771858226234906529,1771858226.2349067,42.300871212439915,-83.69763178392014,238.1490478515625,-0.014224860973352627,-0.9995451953244368,-0.012022117206216522,-0.02371759962565491,0.01226,0.04317000000000001,0.006520000000000001,-0.7838,0.8135,-10.158900000000001,6.819287426851994,15.2543368166223,19.28999900817871,19.18000030517578,19.170000076293945,19.189998626708984,15.663657048431968,15.57433708740555,15.566216809351387,15.582455816675035,15.596666690465986,0.022441478640399224,-2.6000001430511475,3.625,0.0,0.0,0.0,0.0,0.0,,,,,
frame_00112.png,1771858226293416434,1771858226.2934165,42.30087124586653,-83.69763675430859,238.1398162841797,-0.014275904681987195,-0.9995702413575203,-0.011425559277126712,-0.02291261078935417,0.0238,0.026500000000000003,0.0004300000000000001,-0.6021000000000001,0.811,-10.9139,6.82976910636241,15.27778370478633,19.260000228881836,19.19999885559082,19.170000076293945,19.19999885559082,15.639297763054161,15.590576094729194,15.566216809351387,15.590576094729194,15.596666690465984,0.020872332783435855,-1.8000000715255737,5.474999904632568,0.0,0.0,0.0,0.0,0.0,,,,,
frame_00113.png,1771858226345362185,1771858226.3453622,42.3008712994737,-83.69764173042833,238.13381958007812,-0.014225671357660397,-0.9996019631022717,-0.010052473864282204,-0.022192192449517083,0.03824,0.030220000000000004,-0.00281,-0.5767,0.3781,-10.353900000000001,6.824261268367131,15.265463001661171,19.44999885559082,19.100000381469727,19.19999885559082,19.209999084472656,15.793578399729196,15.509376411756936,15.590576094729194,15.598696372783357,15.62305681974967,0.023425022749037266,-1.8000000715255737,6.474999904632568,0.0,0.0,0.0,0.0,0.0,,,,,
frame_00114.png,1771858226396421739,1771858226.3964217,42.30087133269575,-83.69764504732605,238.1312713623047,-0.014127191143598894,-0.9996171743841381,-0.009840193757882674,-0.021658664166363185,-0.00799,0.021540000000000004,-0.0020700000000000002,0.1051,0.11040000000000001,-10.180900000000001,6.831868035580459,15.282478883511352,19.1299991607666,19.19999885559082,19.209999084472656,19.229999542236328,15.533735697134745,15.590576094729194,15.598696372783357,15.614936928891678,15.584486273384744,0.019761675587802396,-1.8000000715255737,7.224999904632568,0.0,0.0,0.0,0.0,0.0,,,,,
frame_00115.png,1771858226436804409,1771858226.4368043,42.30087136360187,-83.69764836955923,238.12925720214844,-0.014021526983853005,-0.9996191944941566,-0.009992259876298176,-0.021564264941310914,-0.006430000000000001,-0.007190000000000001,-0.004110000000000001,0.26330000000000003,0.21780000000000002,-9.6838,6.851118483152246,15.325540979702586,19.119998931884766,19.139999389648438,19.239999771118164,19.239999771118164,15.525615419080582,15.541855975188904,15.62305720694584,15.62305720694584,15.578396452040291,0.016498959003965433,-1.8000000715255737,7.550000190734863,0.0,0.0,0.0,0.0,0.0,,,,,
frame_00116.png,1771858226489149872,1771858226.48915,42.30087140470787,-83.69765337125688,238.12677001953125,-0.013979518794482337,-0.9996122394655762,-0.009425790423712594,-0.022160736444857183,0.03291000000000001,-0.03746000000000001,0.0024900000000000005,0.0035,0.1262,-9.4437,6.878558563380956,15.386922792769397,19.15999984741211,19.170000076293945,19.279998779296875,19.239999771118164,15.558096531297227,15.566216809351387,15.65553677037781,15.62305720694584,15.600726829493064,0.01389517836692713,-1.8000000715255737,7.224999904632568,0.0,0.0,0.0,0.0,0.0,,,,,
frame_00117.png,1771858226539109740,1771858226.5391097,42.30087143006743,-83.69765672009339,238.1241455078125,-0.014029062767362599,-0.999596408938003,-0.008604169141430043,-0.02315540778098499,0.021950000000000004,-0.03686000000000001,-0.0018900000000000002,0.2142,-1.0747,-8.9649,6.899238229981818,15.433181966175528,19.149999618530273,19.149999618530273,19.209999084472656,19.1299991607666,15.549976253243067,15.549976253243067,15.598696372783357,15.533735697134745,15.558096144101059,0.008093870609398738,-1.899999976158142,7.375,0.0,0.0,0.0,0.0,0.0,,,,,
frame_00118.png,1771858226587115246,1771858226.5871153,42.30087146184253,-83.69766175012526,238.1175994873047,-0.0141716834991224,-0.9995652141102613,-0.008696590136819957,-0.024349855184379657,-0.00221,-0.036500000000000005,-0.0029100000000000003,-0.48140000000000005,-0.5602,-9.148100000000001,6.898390828492231,15.431286379887412,19.279998779296875,19.35999870300293,19.139999389648438,19.170000076293945,15.65553677037781,15.720497446026421,15.541855975188904,15.566216809351387,15.62102675023613,0.01229582328249823,-1.899999976158142,7.474999904632568,0.0,0.0,0.0,0.0,0.0,,,,,
frame_00119.png,1771858226646698370,1771858226.6466985,42.30087149856005,-83.69766677215779,238.10928344726562,-0.014217874784157591,-0.9995517563054582,-0.008495353211494866,-0.024939275793574786,0.025350000000000004,-0.0016200000000000001,0.00102,-0.7387,-0.0976,-10.158900000000001,6.884376526868147,15.399937228012433,19.350000381469727,19.3799991607666,19.1299991607666,19.299999237060547,15.712378716756936,15.736738002134743,15.533735697134745,15.671777326486131,15.663657435628139,0.017124758608496084,-1.899999976158142,8.074999809265137,0.0,0.0,0.0,0.0,0.0,,,,,
frame_00120.png,1771858226696694243,1771858226.6966944,42.30087153109344,-83.69767011482429,238.10411071777344,-0.01410837346181959,-0.9995636939214024,-0.007734719993876385,-0.024769935387055162,0.03673,0.016460000000000002,-0.004520000000000001,-0.6004,0.47250000000000003,-10.2776,6.878127423086417,15.38595835779893,19.3799991607666,19.35999870300293,19.270000457763672,19.28999900817871,15.736738002134743,15.720497446026421,15.647418041108322,15.663657048431968,15.692077634425363,0.019896016192664723,-1.8000000715255737,8.52500057220459,0.0,0.0,0.0,0.0,0.0,,,,,
frame_00121.png,1771858226747786191,1771858226.7477863,42.30087158235369,-83.69767513422502,238.0985565185547,-0.01393245725583303,-0.9995817525898936,-0.007048347617046594,-0.024341884068417485,0.012410000000000001,0.007810000000000001,-0.0015700000000000002,-0.1529,0.3294,-11.9671,6.89330566417413,15.41991117241768,19.239999771118164,19.28999900817871,19.309999465942383,19.279998779296875,15.62305720694584,15.663657048431968,15.679897604540292,15.65553677037781,15.655537157573978,0.015280631809200938,-1.8000000715255737,8.175000190734863,0.0,0.0,0.0,0.0,0.0,,,,,
frame_00122.png,1771858226797659686,1771858226.7976596,42.3008716153068,-83.69767848551024,238.09725952148438,-0.013833065928002486,-0.9995764220522375,-0.006858700744518569,-0.02466943429379656,-0.016130000000000002,-0.015420000000000003,-0.0008100000000000001,0.0159,-0.8799,-11.026100000000001,6.910403741307769,15.458158545081002,19.270000457763672,19.329999923706055,19.309999465942383,19.299999237060547,15.647418041108322,15.696138160648614,15.679897604540292,15.671777326486131,15.673807783195839,0.01395051276553634,-1.8000000715255737,7.849999904632568,0.0,0.0,0.0,0.0,0.0,,,,,
frame_00123.png,1771858226848640615,1771858226.8486404,42.300871650981,-83.69768352808869,238.0996551513672,-0.013907934314704717,-0.9995519701060536,-0.0074061076507212255,-0.02544755370699828,-0.026360000000000005,-0.019030000000000002,0.00632,-0.5323,-0.6306,-9.192300000000001,6.911669166917744,15.46098922624498,19.309999465942383,19.279998779296875,19.420000076293945,19.5,15.679897604540292,15.65553677037781,15.769219114351388,15.83417979,15.734708319817372,0.01770385384576525,-1.8000000715255737,7.724999904632568,0.0,0.0,0.0,0.0,0.0,,,,,
frame_00124.png,1771858226889660423,1771858226.8896604,42.300871669687766,-83.69768689094175,238.09999084472656,-0.014056591988517608,-0.9995472027714392,-0.0075934296538763355,-0.025497872059279843,0.013030000000000002,0.01726,0.00585,-0.7259,0.5272,-6.6405,6.907761338683189,15.452247648953973,19.389999389648438,19.369998931884766,19.529998779296875,19.549999237060547,15.744858280188904,15.728617724080582,15.85853907537781,15.874779631486131,15.801698677783357,0.022614899577605416,-2.0,7.800000190734863,0.0,0.0,0.0,0.0,0.0,,,,,
frame_00125.png,1771858226940820064,1771858226.94082,42.300871702587045,-83.69769192191578,238.09120178222656,-0.01410272585859107,-0.9995829831216769,-0.006923472133454706,-0.024228877616265777,0.04422,0.07258,-0.004200000000000001,-0.3553,0.8227,-6.9554,6.9009313069663625,15.436969277805336,19.5,19.44999885559082,19.559999465942383,19.56999969482422,15.83417979,15.793578399729196,15.882899909540292,15.891020187594453,15.850419571715985,0.02678312604437791,-2.1000001430511475,7.5,0.0,0.0,0.0,0.0,0.0,,,,,
frame_00126.png,1771858226990692268,1771858226.9906924,42.30087173165637,-83.69769527535047,238.0805206298828,-0.014065604225654837,-0.9996369242879528,-0.005914518057111896,-0.02220803579880864,0.025710000000000004,0.08767000000000001,-0.004720000000000001,0.3786,-0.302,-8.7346,6.919997044545983,15.479618188826693,19.479999542236328,19.6299991607666,19.510000228881836,19.53999900817871,15.817939233891678,15.939740307134743,15.842300068054161,15.866659353431968,15.866659740628137,0.025003300926428093,-2.1000001430511475,6.075000286102295,0.0,0.0,0.0,0.0,0.0,,,,,
frame_00127.png,1771858227042090919,1771858227.042091,42.30087178658179,-83.69770032612597,238.06443786621094,-0.01398100226867971,-0.9996687304681278,-0.005461375391415178,-0.020907756422897033,0.020820000000000005,0.036000000000000004,-0.00031,0.215,0.36960000000000004,-12.132900000000001,6.95566546444783,15.55940630404193,19.549999237060547,19.53999900817871,19.420000076293945,19.469999313354492,15.874779631486131,15.866659353431968,15.769219114351388,15.809818955837516,15.83011926377675,0.017398668975209874,-2.1000001430511475,5.200000286102295,0.0,0.0,0.0,0.0,0.0,,,,,
frame_00128.png,1771858227091827449,1771858227.0918274,42.300871825416344,-83.69770371421986,238.0561065673828,-0.013881674535071276,-0.9996685612733839,-0.00471675754654532,-0.02116173225310012,0.027890000000000005,-0.048100000000000004,-0.004600000000000001,0.8935000000000001,-0.0222,-13.203800000000001,7.007310236497279,15.674932560430225,19.489999771118164,19.43000030517578,19.44999885559082,19.329999923706055,15.82605951194584,15.77733939240555,15.793578399729196,15.696138160648614,15.773278866182299,0.006274113484885987,-2.0,5.325000286102295,0.0,0.0,0.0,0.0,0.0,,,,,
frame_00129.png,1771858227143326424,1771858227.1433265,42.30087189331414,-83.69770884047955,238.05152893066406,-0.013842034573241957,-0.9996236560084324,-0.0031634297580404713,-0.02347205017407322,0.07314000000000001,-0.11947,-0.0018900000000000002,1.0259,0.1345,-12.1899,7.059444225541504,15.791553165882812,19.479999542236328,19.260000228881836,19.44999885559082,19.399999618530273,15.817939233891678,15.639297763054161,15.793578399729196,15.752978558243067,15.750948488729525,0.0025712909127274214,-1.899999976158142,5.675000190734863,0.0,0.0,0.0,0.0,0.0,,,,,
frame_00130.png,1771858227192925005,1771858227.192925,42.30087193988826,-83.69771229451477,238.0521240234375,-0.01393960739930833,-0.9995053411279945,-0.0017052590641966365,-0.028139873732634466,0.013550000000000001,-0.23240000000000005,0.00177,1.5232,-0.9467000000000001,-9.6666,7.130665385914036,15.950870628366545,19.189998626708984,19.25,19.44999885559082,19.350000381469727,15.582455816675035,15.631177485000002,15.793578399729196,15.712378716756936,15.679897604540292,0.016987977028937996,-2.0,5.200000286102295,0.0,0.0,0.0,0.0,0.0,,,,,
frame_00131.png,1771858227243815330,1771858227.2438154,42.30087199008003,-83.69771750252467,238.0537872314453,-0.01402466861755486,-0.9993197694970589,-0.0015989416432524682,-0.03406978644098828,-0.0018000000000000004,-0.21626,-0.0036400000000000004,-0.17070000000000002,-1.0857,-8.72,7.128719429389048,15.946517640377538,19.44999885559082,19.399999618530273,19.439998626708984,19.329999923706055,15.793578399729196,15.752978558243067,15.785458121675035,15.696138160648614,15.757038310073979,0.011882176069826438,-2.700000047683716,5.25,0.0,0.0,0.0,0.0,0.0,,,,,
frame_00132.png,1771858227293721266,1771858227.2937214,42.30087200899208,-83.69772096238488,238.05235290527344,-0.014184791894234884,-0.9991384836407702,-0.002643627707534197,-0.03891135334942106,-0.05330000000000001,-0.15738000000000002,0.00446,-0.7108,-0.7210000000000001,-8.8125,7.109723709476026,15.904025354675303,19.189998626708984,19.25,19.43000030517578,19.5,15.582455816675035,15.631177485000002,15.77733939240555,15.83417979,15.706288121020147,0.012433156339066508,-3.6000001430511475,5.450000286102295,0.0,0.0,0.0,0.0,0.0,,,,,
frame_00133.png,1771858227353523266,1771858227.3535233,42.300872021787185,-83.69772610893268,238.0453338623047,-0.014448863372503064,-0.9990305928380043,-0.004419142486851272,-0.04134702045697425,-0.058140000000000004,-0.026380000000000004,0.005960000000000001,-1.9996,-0.4378,-7.6977,7.023350988136257,15.71081475940152,19.59000015258789,19.6299991607666,19.6299991607666,19.719999313354492,15.907260743702773,15.939740307134743,15.939740307134743,16.01282126083752,15.949890654702445,0.015217281787238888,-3.9000000953674316,5.650000095367432,0.0,0.0,0.0,0.0,0.0,,,,,
frame_00134.png,1771858227394481806,1771858227.394482,42.30087202925012,-83.69772950974978,238.03829956054688,-0.014548675144674507,-0.9990618276329839,-0.0053356859787318835,-0.04043922691290301,-0.04673000000000001,0.08067,0.007910000000000002,-1.9005,0.2889,-8.4072,6.97956176005322,15.61286088353345,19.81999969482422,19.799999237060547,19.809999465942383,19.78999900817871,16.094022492594455,16.07778193648613,16.08590221454029,16.06966165843197,16.081842075513208,0.0300381330159921,-3.9000000953674316,5.450000286102295,0.0,0.0,0.0,0.0,0.0,,,,,
frame_00135.png,1771858227455463838,1771858227.455464,42.300872043045025,-83.6977345759049,238.02413940429688,-0.014646930931680626,-0.9992485150609577,-0.006699023486436612,-0.0352561433948978,-0.03910000000000001,0.17206000000000002,0.0029400000000000003,-2.0792,-0.609,-9.640500000000001,6.939638217114766,15.523554313392705,19.69999885559082,19.719999313354492,19.94999885559082,19.969999313354492,15.996580704729196,16.01282126083752,16.199583009729196,16.215823565837518,16.106202135283358,0.037533145446464064,-3.799999952316284,4.224999904632568,0.0,0.0,0.0,0.0,0.0,,,,,
frame_00136.png,1771858227507661902,1771858227.5076618,42.300872072038814,-83.69773962714376,238.0085906982422,-0.014518777603870048,-0.9994064575188641,-0.007641157122023384,-0.030291095792668914,0.014990000000000002,0.14533000000000001,-0.011100000000000002,0.368,1.2289,-11.136800000000001,6.984171159898644,15.623171834423673,19.779998779296875,19.6299991607666,19.959999084472656,20.10999870300293,16.061541380377808,15.939740307134743,16.207703287783357,16.32950436102642,16.134622334080582,0.03273666225253911,-3.4000000953674316,0.0,0.0,0.0,0.0,0.0,0.0,,,,,
frame_00137.png,1771858227549178006,1771858227.5491781,42.300872115263545,-83.69774301606186,237.9990692138672,-0.014432875065609474,-0.9995090173089003,-0.007135476044623798,-0.02687938647278661,0.052550000000000006,0.15289,-0.01071,2.1516,2.6579,-8.1289,6.9999440782685145,15.658454906441971,19.739999771118164,19.809999465942383,20.299999237060547,20.149999618530273,16.029061816945838,16.08590221454029,16.48378654648613,16.361985473243067,16.24018401280383,0.03715111802777761,-3.0,0.0,0.0,0.0,0.0,0.0,0.0,,,,,
frame_00138.png,1771858227599172805,1771858227.5991728,42.30087216334373,-83.69774640839755,237.98663330078125,-0.014277857189617604,-0.9996214264953811,-0.004801589038063778,-0.02302371012938118,0.07432000000000001,0.18534,0.0030600000000000007,0.19140000000000001,-0.14020000000000002,-5.0522,7.018046511864941,15.698948964251162,19.829999923706055,19.920000076293945,20.489999771118164,20.189998626708984,16.102142770648612,16.175223724351387,16.63806873194584,16.394465036675037,16.32747506590522,0.04003618988031007,-2.700000047683716,0.0,0.0,0.0,0.0,0.0,0.0,,,,,
frame_00139.png,1771858227649497315,1771858227.6494973,42.30087223611047,-83.69775152200056,237.9559783935547,-0.01413062916694291,-0.9997049889952566,-0.0034227608603663046,-0.019456233074079485,-0.00256,0.0887,-0.009670000000000002,0.7166,-2.0736,-8.975900000000001,7.065814907595351,15.805803999396346,19.989999771118164,20.010000228881836,20.0,19.920000076293945,16.23206412194584,16.24830467805416,16.2401844,16.175223724351387,16.223944231087845,0.02645485365423161,-3.1000001430511475,0.0,0.0,0.0,0.0,0.0,0.0,,,,,
frame_00140.png,1771858227697395664,1771858227.6973958,42.30087227977992,-83.69775494433256,237.93453979492188,-0.014216123208953824,-0.9997413157954532,-0.003124278552440859,-0.017476905218319152,-0.007630000000000001,0.07902000000000002,-0.00025000000000000006,0.5536,-0.9363,-8.8817,7.104697061096928,15.892781043850164,19.920000076293945,19.850000381469727,19.559999465942383,19.34000015258789,16.175223724351387,16.118383326756934,15.882899909540292,15.704258438702775,15.970191349837847,0.004870784148733877,-3.4000000953674316,0.0,0.0,0.0,0.0,0.0,0.0,,,,,
frame_00141.png,1771858227748410371,1771858227.7484105,42.300872321744265,-83.69776012626056,237.91204833984375,-0.014437303389674416,-0.9997104284228824,-0.0044515192143152,-0.018729857181944705,-0.04152000000000001,-0.09886,0.006980000000000001,0.8452000000000001,0.2388,-17.404400000000003,7.161554754489857,16.01996829250854,19.809999465942383,19.770000457763672,19.53999900817871,19.439998626708984,16.08590221454029,16.053422651108324,15.866659353431968,15.785458121675035,15.947860585188906,0.004501114234623966,-3.299999952316284,0.0,0.0,0.0,0.0,0.0,0.0,,,,,
frame_00142.png,1771858227798232488,1771858227.7982326,42.30087234189628,-83.69776361381261,237.9075927734375,-0.014711211217067033,-0.9996182591843892,-0.006131120298864853,-0.022568241703320394,-0.06408,-0.24952000000000005,0.012340000000000002,0.3573,0.24650000000000002,-14.799000000000001,7.214878402787618,16.139250094331736,19.619998931884766,19.549999237060547,19.619998931884766,19.649999618530273,15.931620029080582,15.874779631486131,15.931620029080582,15.955980863243067,15.92350013822259,0.013368028554493977,-2.799999952316284,1.7000000476837158,0.0,0.0,0.0,0.0,0.0,,,,,
frame_00143.png,1771858227849362865,1771858227.8493629,42.300872351309714,-83.69776887297935,237.91229248046875,-0.015111406635365088,-0.9994664339068986,-0.007789664051519499,-0.02788931725396415,-0.05824000000000001,-0.21709000000000003,0.0175,-0.06960000000000001,0.38320000000000004,-10.6668,7.208063365766021,16.124005265416645,19.739999771118164,19.619998931884766,19.739999771118164,19.649999618530273,16.029061816945838,15.931620029080582,16.029061816945838,15.955980863243067,15.986431131553832,0.008532255577830104,-2.700000047683716,6.425000190734863,0.0,0.0,0.0,0.0,0.0,,,,,
frame_00144.png,1771858227899219378,1771858227.8992195,42.300872343460554,-83.69777237884371,237.92111206054688,-0.015564281069534835,-0.9992694910629385,-0.009862756460860007,-0.03348079181557746,-0.08288000000000001,-0.15807000000000004,0.026120000000000004,-0.6562,2.2036000000000002,-11.5921,7.162520829320853,16.02212934394099,19.60999870300293,19.469999313354492,19.709999084472656,19.719999313354492,15.923499751026421,15.809818955837516,16.004700982783355,16.01282126083752,15.937710237621202,0.005268906804307605,-2.799999952316284,9.699999809265137,0.0,0.0,0.0,0.0,0.0,,,,,
frame_00145.png,1771858227950635985,1771858227.9506361,42.30087234848504,-83.6977776292202,237.93211364746094,-0.016051518906423812,-0.9991397318485415,-0.010343713624509516,-0.03681239697269019,-0.029810000000000007,-0.04988000000000001,0.025870000000000004,-2.4525,-0.5347000000000001,-5.358700000000001,7.1291245123687155,15.947423786698076,19.719999313354492,19.65999984741211,19.8799991607666,19.85999870300293,16.01282126083752,15.964101141297226,16.142742612134743,16.12650205602642,16.061541767573978,0.0071558881485979395,-2.700000047683716,10.100000381469727,0.0,0.0,0.0,0.0,0.0,,,,,
frame_00146.png,1771858228000370868,1771858228.000371,42.30087237382407,-83.69778281316732,237.92872619628906,-0.016113213465251797,-0.9991462069461955,-0.011128508741403425,-0.03637825985456321,-0.00111,0.05149000000000001,0.0008300000000000001,-1.2536,1.2777,-4.056900000000001,7.062813844916462,15.799090802247433,19.959999084472656,19.889999389648438,20.10999870300293,20.0,16.207703287783357,16.150862890188904,16.32950436102642,16.2401844,16.232063734749673,0.027404927151925065,-2.5,10.175000190734863,0.0,0.0,0.0,0.0,0.0,,,,,
frame_00147.png,1771858228051679845,1771858228.0516798,42.30087240045683,-83.69778623101121,237.9183349609375,-0.01612853028647826,-0.9992471114667733,-0.010922490268209573,-0.03355264434361537,0.00395,0.14507000000000003,0.00203,-0.8439000000000001,1.5775000000000001,-7.6082,7.036921205741897,15.741170521972279,20.09000015258789,20.0,20.139999389648438,20.029998779296875,16.313265353702775,16.2401844,16.353865195188906,16.26454368537781,16.29296465856737,0.03505419980203322,-2.1000001430511475,8.350000381469727,0.0,0.0,0.0,0.0,0.0,,,,,
frame_00148.png,1771858228101627110,1771858228.101627,42.300872458753496,-83.6977913544893,237.89569091796875,-0.016156583310007633,-0.9993851627183572,-0.010340407208535204,-0.029348549076762365,0.02091,0.17389000000000002,-0.0009800000000000002,-0.0942,1.1042,-8.3123,7.0623860106475735,15.798133762657985,20.119998931884766,20.079999923706055,20.19999885559082,20.189998626708984,16.337624639080584,16.305145075648614,16.402585314729194,16.394465036675037,16.359955016533355,0.03556250771868677,-1.7000000476837158,2.549999952316284,0.0,0.0,0.0,0.0,0.0,,,,,
frame_00149.png,1771858228152710053,1771858228.1527102,42.300872508326584,-83.69779479572647,237.8800048828125,-0.0161628163646107,-0.9994743999910112,-0.009834415980779304,-0.026324349794232618,0.010220000000000002,0.06768,0.0010500000000000002,-0.2286,-0.0589,-11.753300000000001,7.1264402587250535,15.941419272352423,20.149999618530273,20.010000228881836,20.06999969482422,19.989999771118164,16.361985473243067,16.24830467805416,16.297024797594453,16.23206412194584,16.28484476770938,0.021542968633449594,-1.100000023841858,0.0,0.0,0.0,0.0,0.0,0.0,,,,,
frame_00150.png,1771858228202710520,1771858228.2027106,42.30087258091426,-83.69779997817257,237.86151123046875,-0.016045839050110366,-0.9995326233591201,-0.009497114161881589,-0.024225414601396846,0.00974,0.039240000000000004,-0.012820000000000003,1.0954000000000002,-0.5105000000000001,-10.8217,7.1540598564261275,16.003202655233864,20.079999923706055,20.149999618530273,20.079999923706055,20.03999900817871,16.305145075648614,16.361985473243067,16.305145075648614,16.27266396343197,16.311234896993064,0.019248162283220092,-0.699999988079071,0.0,0.0,0.0,0.0,0.0,0.0,,,,,
frame_00151.png,1771858228253180139,1771858228.2531803,42.30087262730908,-83.69780344906273,237.8515625,-0.015881580907640747,-0.9995567881403893,-0.00952729992031931,-0.023307364213298824,0.008090000000000002,0.019420000000000003,-0.011930000000000003,0.1622,0.0898,-9.4138,7.1718634699486286,16.043028270466888,20.28999900817871,20.19999885559082,20.010000228881836,20.059999465942383,16.47566626843197,16.402585314729194,16.24830467805416,16.288904519540292,16.353865195188902,0.019375202703732976,-0.699999988079071,0.0,0.0,0.0,0.0,0.0,0.0,,,,,
frame_00152.png,1771858228303313580,1771858228.3033137,42.30087268562643,-83.69780867489511,237.84078979492188,-0.01573001305978433,-0.9995669719926525,-0.009624441343484755,-0.02293044525090111,-0.0016100000000000003,0.004710000000000001,-0.00619,0.5098,0.046,-10.497,7.193926311278619,16.092381522751595,19.829999923706055,19.90999984741211,20.139999389648438,20.139999389648438,16.102142770648612,16.167103446297226,16.353865195188906,16.353865195188906,16.244244151830912,0.009436926962277943,-0.6000000238418579,0.0,0.0,0.0,0.0,0.0,0.0,,,,,
frame_00153.png,1771858228354764575,1771858228.3547645,42.30087271268377,-83.69781216252625,237.8353271484375,-0.01569669036319865,-0.9995382308797351,-0.011179295568339707,-0.023493877331063093,-0.07800000000000001,-0.04494000000000001,-0.00051,-0.1097,1.7040000000000002,-9.7919,7.1974516043359245,16.100267391803204,19.829999923706055,20.079999923706055,20.100000381469727,20.100000381469727,16.102142770648612,16.305145075648614,16.321385631756936,16.321385631756936,16.262514777452775,0.010077310003694304,-0.6000000238418579,0.0,0.0,0.0,0.0,0.0,0.0,,,,,
frame_00154.png,1771858228413323548,1771858228.4133234,42.30087274599217,-83.69781738207169,237.82763671875,-0.015589874626884659,-0.9995426245840611,-0.01191719260600264,-0.023010388286948593,-0.02176,0.033100000000000004,0.005410000000000001,-0.9067000000000001,0.4343,-8.583300000000001,7.151456406825719,15.997378894684726,20.079999923706055,20.44999885559082,20.18000030517578,20.15999984741211,16.305145075648614,16.605587619729196,16.38634630740555,16.370105751297224,16.416796188520145,0.026217875853073308,-0.699999988079071,0.0,0.0,0.0,0.0,0.0,0.0,,,,,
frame_00155.png,1771858228465386481,1771858228.4653864,42.30087278284394,-83.69782257743947,237.81837463378906,-0.01552729944104747,-0.9995885791073927,-0.012041148438145572,-0.02089464607075305,0.016610000000000003,0.07658000000000001,-0.006910000000000001,0.07540000000000001,0.3009,-9.3102,7.136907530160164,15.964833930516477,20.239999771118164,20.15999984741211,20.15999984741211,20.119998931884766,16.43506642694584,16.370105751297224,16.370105751297224,16.337624639080584,16.37822564215522,0.025893893631336255,-0.4000000059604645,0.0,0.0,0.0,0.0,0.0,0.0,,,,,
frame_00156.png,1771858228516248105,1771858228.516248,42.300872815395024,-83.69782603652389,237.81170654296875,-0.015454105396160212,-0.9996346515645487,-0.011823856562085379,-0.018759809002938166,0.013120000000000001,0.07500000000000001,-0.009250000000000001,0.0854,0.6464000000000001,-9.6644,7.135028370604971,15.960630363341085,20.18000030517578,20.270000457763672,20.229999542236328,20.119998931884766,16.38634630740555,16.459427261108324,16.426946148891677,16.337624639080584,16.402586089121534,0.0276903678438383,-0.10000000149011612,0.0,0.0,0.0,0.0,0.0,0.0,,,,,
frame_00157.png,1771858228565905008,1771858228.5659049,42.300872865562006,-83.69783123567368,237.80088806152344,-0.015401645664724406,-0.9996762624647859,-0.011729984106597199,-0.016509604723126126,-0.036770000000000004,0.012360000000000001,5.000000000000001e-05,-0.9286000000000001,0.5762,-8.448,7.138079384271507,15.967455297852307,20.260000228881836,20.219999313354492,20.299999237060547,20.149999618530273,16.451306983054163,16.41882587083752,16.48378654648613,16.361985473243067,16.428976218405218,0.028903849232318632,-0.10000000149011612,0.0,0.0,0.0,0.0,0.0,0.0,,,,,
frame_00158.png,1771858228609257374,1771858228.6092575,42.30087289738295,-83.69783470638946,237.79510498046875,-0.015257828601146994,-0.9996959560989702,-0.012018133442418488,-0.01519073712181083,-0.007370000000000001,0.058870000000000006,-0.0049900000000000005,-0.38980000000000004,0.7854,-13.150300000000001,7.1424970695233725,15.977337394699614,20.189998626708984,20.119998931884766,20.19999885559082,20.1299991607666,16.394465036675037,16.337624639080584,16.402585314729194,16.34574491713474,16.370104976904887,0.02458279327164811,-0.10000000149011612,0.0,0.0,0.0,0.0,0.0,0.0,,,,,
frame_00159.png,1771858228659204371,1771858228.6592042,42.30087292882721,-83.6978381832954,237.78953552246094,-0.01514959682817868,-0.9996960579825549,-0.012464723592422162,-0.014930238974918554,-0.005770000000000001,-0.008280000000000001,-0.005900000000000001,-1.1622000000000001,1.2575,-13.0823,7.168634369903526,16.035804967411995,20.079999923706055,20.049999237060547,20.09000015258789,20.09000015258789,16.305145075648614,16.28078424148613,16.313265353702775,16.313265353702775,16.303115006135073,0.01666957407291411,0.10000000149011612,0.0,0.0,0.0,0.0,0.0,0.0,,,,,
frame_00160.png,1771858228707100946,1771858228.7071009,42.30087297358236,-83.69784342088039,237.7860565185547,-0.01500757215811721,-0.9996923358762022,-0.012248638232940756,-0.015491198460423877,0.012980000000000002,-0.008870000000000001,-0.010920000000000003,0.3342,-1.0944,-7.4396,7.1817531823994845,16.065150963836704,20.0,20.0,19.989999771118164,19.93000030517578,16.2401844,16.2401844,16.23206412194584,16.183344002405548,16.22394423108785,0.009884330848094421,0.30000001192092896,0.0,0.0,0.0,0.0,0.0,0.0,,,,,
frame_00161.png,1771858228757814157,1771858228.7578142,42.30087300110822,-83.69784691310576,237.78306579589844,-0.014890008985368242,-0.9996676718606148,-0.012929454192516699,-0.016603092587741845,-0.05308,-0.06437000000000001,-0.0025000000000000005,-0.2371,-1.5581,-12.2476,7.178988102495257,16.05896564599574,20.0,20.029998779296875,19.78999900817871,19.889999389648438,16.2401844,16.26454368537781,16.06966165843197,16.150862890188904,16.18131315849967,0.007618642146758414,0.30000001192092896,0.0,0.0,0.0,0.0,0.0,0.0,,,,,
frame_00162.png,1771858228807827729,1771858228.8078277,42.30087303622441,-83.69785215187878,237.7823944091797,-0.014894448147296846,-0.9996391626416032,-0.013267598905209843,-0.017990851755047377,-0.03769000000000001,-0.09369000000000001,0.00384,-1.8572000000000002,-0.0086,-12.5555,7.168596965455647,16.035721295906356,19.889999389648438,19.939998626708984,19.779998779296875,19.939998626708984,16.150862890188904,16.191462731675035,16.061541380377808,16.191462731675035,16.148832433479193,0.007053698145883339,0.4000000059604645,0.0,0.0,0.0,0.0,0.0,0.0,,,,,
frame_00163.png,1771858228858970447,1771858228.8589704,42.30087306809122,-83.69785564710563,237.787109375,-0.014801983525866536,-0.9996090647914607,-0.012691653304394222,-0.020038483147246065,0.027860000000000003,-0.08326000000000001,-0.004670000000000001,-1.5505,-1.0185,-10.186,7.165983855723002,16.029875926221013,19.78999900817871,19.889999389648438,19.899999618530273,20.079999923706055,16.06966165843197,16.150862890188904,16.158983168243065,16.305145075648614,16.171163198128138,0.0088139965996875,0.800000011920929,0.0,0.0,0.0,0.0,0.0,0.0,,,,,
frame_00164.png,1771858228909098880,1771858228.909099,42.300873122169044,-83.69786087832445,237.79534912109375,-0.014610688658296567,-0.9995798894860313,-0.012045984782329872,-0.02194234633415314,0.031010000000000003,-0.05899000000000001,-0.013310000000000002,-0.7515000000000001,-1.3791,-9.2969,7.153817869603295,16.002661345230397,19.809999465942383,19.90999984741211,19.94999885559082,19.989999771118164,16.08590221454029,16.167103446297226,16.199583009729196,16.23206412194584,16.171163198128138,0.010529614372422058,1.3000000715255737,0.0,0.0,0.0,0.0,0.0,0.0,,,,,
frame_00165.png,1771858228959875824,1771858228.9598758,42.30087318191473,-83.69786609675305,237.79978942871094,-0.014341188895632961,-0.9995607799989015,-0.011637409602225954,-0.023176455440760323,0.027970000000000002,-0.04136000000000001,-0.016330000000000004,-0.8103,-0.5242,-7.7381,7.134450383920841,15.959337441807888,19.920000076293945,19.94999885559082,20.010000228881836,19.969999313354492,16.175223724351387,16.199583009729196,16.24830467805416,16.215823565837518,16.209733744493064,0.015689642730983677,1.2000000476837158,0.0,0.0,0.0,0.0,0.0,0.0,,,,,
frame_00166.png,1771858229009776712,1771858229.0097766,42.300873221205684,-83.6978695643925,237.79998779296875,-0.014053272055870092,-0.9995572508288395,-0.011522420874971462,-0.02355932251140232,0.023220000000000005,-0.013830000000000002,-0.016610000000000003,-0.3119,1.2039,-7.7445,7.123320588704018,15.934440757695567,19.90999984741211,19.93000030517578,19.93000030517578,19.959999084472656,16.167103446297226,16.183344002405548,16.183344002405548,16.207703287783357,16.18537368472292,0.015747833943037064,1.0,0.0,0.0,0.0,0.0,0.0,0.0,,,,,
frame_00167.png,1771858229061149642,1771858229.0611496,42.30087327581853,-83.69787475855802,237.7931671142578,-0.013855103255883294,-0.9995666502470129,-0.011282185673818295,-0.023393591305241025,0.007230000000000001,0.013840000000000002,-0.00234,-1.1439000000000001,1.8519,-7.346,7.110311692320216,15.905340637018785,19.920000076293945,19.939998626708984,19.939998626708984,20.010000228881836,16.175223724351387,16.191462731675035,16.191462731675035,16.24830467805416,16.201613466438907,0.018627254592118805,1.0,0.0,0.0,0.0,0.0,0.0,0.0,,,,,
frame_00168.png,1771858229110893700,1771858229.1108937,42.30087331423986,-83.69787821865893,237.7845458984375,-0.013633825113580744,-0.9995878422421061,-0.010841456798479018,-0.022819449358592096,0.00543,0.03356,0.00051,-0.9740000000000001,0.682,-8.773100000000001,7.108381511561673,15.901022938472769,20.020000457763672,20.0,19.94999885559082,19.85999870300293,16.256424956108322,16.2401844,16.199583009729196,16.12650205602642,16.205673605465986,0.019159186687047018,0.9000000357627869,0.0,0.0,0.0,0.0,0.0,0.0,,,,,
frame_00169.png,1771858229162170348,1771858229.1621704,42.30087335952055,-83.69788340638776,237.7712860107422,-0.013415398737825213,-0.9996062332328549,-0.010639404632570296,-0.02223080357955225,0.006370000000000001,0.021810000000000003,-0.007340000000000001,-0.5288,0.0337,-10.483500000000001,7.115818146600753,15.917658244857089,19.920000076293945,19.959999084472656,19.899999618530273,19.90999984741211,16.175223724351387,16.207703287783357,16.158983168243065,16.167103446297226,16.17725340666876,0.016308627677412684,0.9000000357627869,0.0,0.0,0.0,0.0,0.0,0.0,,,,,
frame_00170.png,1771858229212016352,1771858229.2120163,42.300873387516276,-83.69788686031404,237.76365661621094,-0.013137690496960008,-0.9996214982183302,-0.010670543969468335,-0.02168872701526531,0.0049700000000000005,0.020440000000000003,-0.018330000000000003,-0.2205,-0.18100000000000002,-10.4631,7.1115580509225,15.908128666430578,19.959999084472656,19.959999084472656,19.8799991607666,19.94999885559082,16.207703287783357,16.207703287783357,16.142742612134743,16.199583009729196,16.189433049357664,0.017683059323042573,0.800000011920929,0.0,0.0,0.0,0.0,0.0,0.0,,,,,
frame_00171.png,1771858229262947910,1771858229.2629478,42.30087342782685,-83.69789204149593,237.75465393066406,-0.012878878114695846,-0.999637199555937,-0.010483808821768139,-0.021205978285832167,0.014340000000000002,0.011970000000000001,-0.013540000000000002,0.0041,-0.37920000000000004,-10.810400000000001,7.107601587580826,15.899278295323054,19.94999885559082,20.010000228881836,19.899999618530273,19.939998626708984,16.199583009729196,16.24830467805416,16.158983168243065,16.191462731675035,16.199583396925362,0.018887970637676468,0.800000011920929,0.0,0.0,0.0,0.0,0.0,0.0,,,,,
frame_00172.png,1771858229313284021,1771858229.3132842,42.30087345691617,-83.69789550186375,237.7512664794922,-0.012620822937030818,-0.9996383201604724,-0.01020477295878314,-0.02144309455281246,0.032420000000000004,-0.021960000000000004,-0.02086,-0.8655,-0.3559,-11.1582,7.117295768448733,15.920963596273708,20.010000228881836,20.049999237060547,19.8799991607666,19.959999084472656,16.24830467805416,16.28078424148613,16.142742612134743,16.207703287783357,16.2198837048646,0.01877525231329929,0.5,0.0,0.0,0.0,0.0,0.0,0.0,,,,,
frame_00173.png,1771858229363973234,1771858229.3639731,42.30087349807495,-83.6979007053702,237.7497100830078,-0.012419269445298198,-0.9996270172385275,-0.00989360374672484,-0.022219467998872627,0.03162,-0.023340000000000003,-0.012740000000000001,-1.5630000000000002,0.0781,-10.3658,7.112861115789821,15.911043544354882,19.959999084472656,19.959999084472656,19.850000381469727,19.969999313354492,16.207703287783357,16.207703287783357,16.118383326756934,16.215823565837518,16.18740336704029,0.017369057027278235,-0.10000000149011612,0.0,0.0,0.0,0.0,0.0,0.0,,,,,
frame_00174.png,1771858229422727625,1771858229.4227276,42.300873528793595,-83.69790590439891,237.7486572265625,-0.012230177784969654,-0.9996083969098846,-0.01026817412873538,-0.02297912484540839,0.00515,-0.010230000000000003,-0.009500000000000001,-0.4924,0.2311,-9.002600000000001,7.113710087687473,15.912942643551617,19.85999870300293,19.779998779296875,19.90999984741211,19.889999389648438,16.12650205602642,16.061541380377808,16.167103446297226,16.150862890188904,16.12650244322259,0.013420509609988158,-1.100000023841858,0.0,0.0,0.0,0.0,0.0,0.0,,,,,
frame_00175.png,1771858229464640860,1771858229.4646409,42.30087355034895,-83.69790937680133,237.74656677246094,-0.012156266294159557,-0.9995919141193257,-0.010384314655765186,-0.023672693682346178,0.0010600000000000002,-0.01895,-0.0015500000000000002,-0.4534,0.8431000000000001,-8.537600000000001,7.121484852926966,15.930334326906449,19.809999465942383,20.270000457763672,19.920000076293945,19.93000030517578,16.08590221454029,16.459427261108324,16.175223724351387,16.183344002405548,16.225974300601386,0.018558303148453043,-1.3000000715255737,0.0,0.0,0.0,0.0,0.0,0.0,,,,,
frame_00176.png,1771858229514971775,1771858229.5149717,42.300873569641276,-83.69791284325606,237.74331665039062,-0.012095301575216821,-0.9995770008516884,-0.010010661708145237,-0.024480802689316565,0.017650000000000002,-0.015460000000000002,-0.0037400000000000007,-0.9692000000000001,-0.3425,-8.6439,7.118565066448847,15.923802939742083,19.639999389648438,19.869998931884766,19.85999870300293,20.0,15.947860585188904,16.134622334080582,16.12650205602642,16.2401844,16.112292343823977,0.011836959097972033,-1.5,0.0,0.0,0.0,0.0,0.0,0.0,,,,,
frame_00177.png,1771858229575839285,1771858229.5758393,42.30087359518934,-83.69791803827135,237.73561096191406,-0.012064139914264138,-0.999564684329957,-0.010161478564940152,-0.024932764023600753,-0.027240000000000004,0.005260000000000001,-0.004620000000000001,-0.9341,-0.7758,-9.019400000000001,7.107520492821164,15.899096891211377,19.809999465942383,19.899999618530273,19.829999923706055,19.84000015258789,16.08590221454029,16.158983168243065,16.102142770648612,16.110263048702777,16.114322800533685,0.01353698960355917,-1.5,0.0,0.0,0.0,0.0,0.0,0.0,,,,,
frame_00178.png,1771858229618864356,1771858229.6188643,42.300873608847475,-83.69792149382732,237.72930908203125,-0.012018158109260213,-0.9995664879848096,-0.010642425900348229,-0.024680736300398878,-0.01607,0.010920000000000003,-0.00321,-0.8232,1.0089000000000001,-9.8843,7.0923304948145915,15.865117777070553,19.969999313354492,19.850000381469727,19.829999923706055,19.829999923706055,16.215823565837518,16.118383326756934,16.102142770648612,16.102142770648612,16.13462310847292,0.016987288414074982,-1.5,0.0,0.0,0.0,0.0,0.0,0.0,,,,,
frame_00179.png,1771858229679105850,1771858229.6791058,42.300873640164326,-83.69792665966301,237.72048950195312,-0.011909906880079146,-0.9996027602699766,-0.00975997601549492,-0.02360547917175648,0.06461000000000001,0.03907,-0.0056300000000000005,-0.8097000000000001,1.4233,-10.2485,7.069290501998674,15.813578695540915,19.969999313354492,19.68000030517578,20.010000228881836,19.959999084472656,16.215823565837518,15.980341697405548,16.24830467805416,16.207703287783357,16.163043307270147,0.022099021256192525,-1.2000000476837158,0.0,0.0,0.0,0.0,0.0,0.0,,,,,
frame_00180.png,1771858229728794735,1771858229.7287946,42.300873685826865,-83.69793180935713,237.71322631835938,-0.011802761158335229,-0.9996539641899256,-0.008126965993976703,-0.022058992092543698,0.06137000000000001,0.05859,-0.01213,-0.9695,0.11040000000000001,-10.4237,7.0563801442903085,15.784698999968764,20.010000228881836,19.899999618530273,20.029998779296875,19.969999313354492,16.24830467805416,16.158983168243065,16.26454368537781,16.215823565837518,16.221913774378137,0.027698645023908168,-1.0,0.0,0.0,0.0,0.0,0.0,0.0,,,,,
frame_00181.png,1771858229779165640,1771858229.7791657,42.30087371805479,-83.69793524441329,237.70945739746094,-0.011654189768695367,-0.9996879038597823,-0.0073596359479526545,-0.02083531847569397,0.013180000000000002,0.029010000000000005,-0.011790000000000002,0.2214,-1.8359,-11.0527,7.071530817058506,15.818590145910855,19.829999923706055,19.939998626708984,19.93000030517578,19.899999618530273,16.102142770648612,16.191462731675035,16.183344002405548,16.158983168243065,16.158983168243065,0.021518543637101692,-1.0,0.0,0.0,0.0,0.0,0.0,0.0,,,,,
frame_00182.png,1771858229826733240,1771858229.8267334,42.30087374483858,-83.69794040848821,237.70645141601562,-0.011621929826658939,-0.9996885104048706,-0.007521042618633181,-0.020766483321057978,0.0006000000000000001,-0.02034,-0.01068,0.1389,-1.4634,-9.6027,7.095423507754113,15.872036661435486,19.719999313354492,19.889999389648438,19.78999900817871,19.93000030517578,16.01282126083752,16.150862890188904,16.06966165843197,16.183344002405548,16.104172452965983,0.014625457115690844,-1.399999976158142,0.0,0.0,0.0,0.0,0.0,0.0,,,,,
frame_00183.png,1771858229877463017,1771858229.877463,42.30087375891151,-83.69794385517172,237.70404052734375,-0.011630974457751908,-0.9996754974920423,-0.008068012861894049,-0.02117846348679228,-0.007840000000000001,-0.02416,-0.005300000000000001,-0.6352,-0.3447,-8.1462,7.0959230531371364,15.873154114484587,19.85999870300293,19.889999389648438,19.8799991607666,19.969999313354492,16.12650205602642,16.150862890188904,16.142742612134743,16.215823565837518,16.158982781046895,0.018007049166207195,-1.8000000715255737,0.0,0.0,0.0,0.0,0.0,0.0,,,,,
frame_00184.png,1771858229927561718,1771858229.9275618,42.30087376772538,-83.6979490262798,237.6959228515625,-0.011626029276625316,-0.9996652860801327,-0.008694846862804863,-0.021413801335064854,-0.027420000000000007,-0.02009,0.005890000000000001,-0.519,1.0239,-9.0291,7.097489624661912,15.876658440991218,19.829999923706055,19.809999465942383,19.829999923706055,19.84000015258789,16.102142770648612,16.08590221454029,16.102142770648612,16.110263048702777,16.100112701135075,0.014074388573286342,-2.1000001430511475,0.0,0.0,0.0,0.0,0.0,0.0,,,,,
frame_00185.png,1771858229969696434,1771858229.9696965,42.30087377378176,-83.69795246885195,237.6878662109375,-0.011652509092041574,-0.9996660768446791,-0.008751658408434976,-0.021339220063781136,0.0012900000000000001,0.025490000000000006,0.009770000000000003,-1.0483,-0.4998,-8.2544,7.08751093381249,15.854336708282514,19.959999084472656,19.939998626708984,19.779998779296875,19.75,16.207703287783357,16.191462731675035,16.061541380377808,16.037182095000002,16.12447237370905,0.017038597728621114,-2.1000001430511475,0.0,0.0,0.0,0.0,0.0,0.0,,,,,
frame_00186.png,1771858230019845165,1771858230.019845,42.300873774490896,-83.69795762852222,237.67471313476562,-0.011733422302917407,-0.9996668048732229,-0.009547164924884177,-0.020915488938116865,-0.025110000000000004,0.009000000000000001,0.00101,-0.1751,-0.8707,-13.0105,7.088171969416584,15.855815405266735,19.8799991607666,19.809999465942383,19.69999885559082,19.85999870300293,16.142742612134743,16.08590221454029,15.996580704729196,16.12650205602642,16.087931896857665,0.014639202441384912,-2.1000001430511475,0.0,0.0,0.0,0.0,0.0,0.0,,,,,
frame_00187.png,1771858230079403436,1771858230.0794036,42.30087376571965,-83.69796107656332,237.66896057128906,-0.011802493678310155,-0.9996295173968243,-0.01160573889712855,-0.021606386014721642,-0.07911000000000001,-0.05550000000000001,-0.00075,0.305,0.5444,-12.7666,7.113531539474163,15.912543241911335,19.689998626708984,19.719999313354492,19.60999870300293,19.739999771118164,15.988460426675033,16.01282126083752,15.923499751026421,16.029061816945838,15.988460813871203,0.0047709263570082545,-2.200000047683716,0.0,0.0,0.0,0.0,0.0,0.0,,,,,
frame_00188.png,1771858230129345514,1771858230.1293454,42.30087376113916,-83.69796625665666,237.66796875,-0.011792670156866414,-0.9995623457894435,-0.013115645656305828,-0.023749308400344074,-0.07181000000000001,-0.042100000000000005,0.005520000000000001,-1.2726,2.1145,-10.4559,7.068992235809394,15.812911491971466,20.0,20.229999542236328,19.479999542236328,19.649999618530273,16.2401844,16.426946148891677,15.817939233891678,15.955980863243067,16.110262661506606,0.01880432769677562,-2.6000001430511475,0.0,0.0,0.0,0.0,0.0,0.0,,,,,
frame_00189.png,1771858230171937201,1771858230.1719372,42.300873765190246,-83.69796970380884,237.6704864501953,-0.01155464163783504,-0.9995236154438992,-0.013315690782005968,-0.025332287807768177,-0.0003800000000000001,-0.10262000000000002,0.0019900000000000004,-2.3958,0.3427,-11.4238,7.078873232527585,15.835014688770258,19.549999237060547,19.649999618530273,19.670000076293945,19.729999542236328,15.874779631486131,15.955980863243067,15.972221419351389,16.020941538891677,15.955980863243067,0.007639157705271631,-2.799999952316284,0.0,0.0,0.0,0.0,0.0,0.0,,,,,
frame_00190.png,1771858230221732277,1771858230.2217324,42.300873800170436,-83.69797485463057,237.671875,-0.011484139874448462,-0.9995263277809396,-0.011989513974418251,-0.02591304997005918,0.08020000000000002,-0.034120000000000004,0.007640000000000001,-0.8261000000000001,1.3128,-6.413200000000001,7.058535559845263,15.789520535240262,19.779998779296875,19.69999885559082,19.8799991607666,19.75,16.061541380377808,15.996580704729196,16.142742612134743,16.037182095000002,16.059511698060437,0.017099389574090445,-2.1000001430511475,0.0,0.0,0.0,0.0,0.0,0.0,,,,,
frame_00191.png,1771858230273478727,1771858230.2734787,42.30087382744854,-83.6979782745137,237.6700439453125,-0.011421399404702992,-0.9995678282324221,-0.010035287384101935,-0.025159519182128037,0.052890000000000006,0.044770000000000004,0.004030000000000001,-0.4471,1.5743,-7.3556,7.025730638639751,15.716137894798806,19.78999900817871,19.75,19.94999885559082,19.75,16.06966165843197,16.037182095000002,16.199583009729196,16.037182095000002,16.085902214540294,0.023527683596099042,-1.5,0.0,0.0,0.0,0.0,0.0,0.0,,,,,
frame_00192.png,1771858230322974436,1771858230.3229744,42.300873869384716,-83.69798338118228,237.66004943847656,-0.011401759200776351,-0.9996210773896334,-0.009007768294995288,-0.02337865770012908,0.0029700000000000004,0.09387000000000001,0.008140000000000001,-0.441,0.2645,-8.3765,7.0065164983086285,15.673157015726504,19.78999900817871,19.809999465942383,19.899999618530273,19.869998931884766,16.06966165843197,16.08590221454029,16.158983168243065,16.134622334080582,16.112292343823974,0.0280183072023613,-1.600000023841858,0.0,0.0,0.0,0.0,0.0,0.0,,,,,
frame_00193.png,1771858230382578162,1771858230.3825781,42.300873901220726,-83.6979884849846,237.64682006835938,-0.011327091610216888,-0.9996704339322391,-0.009157701514679595,-0.021138992888752206,-0.023330000000000004,0.05666,-0.007600000000000001,0.0984,-0.5671,-10.0326,7.019416951552355,15.702014555605526,19.770000457763672,19.799999237060547,19.739999771118164,19.69999885559082,16.053422651108324,16.07778193648613,16.029061816945838,15.996580704729196,16.039211777317373,0.021474774495828592,-2.200000047683716,0.0,0.0,0.0,0.0,0.0,0.0,,,,,
frame_00194.png,1771858230432578679,1771858230.4325786,42.300873911276135,-83.69799189466549,237.63902282714844,-0.011306019217521057,-0.9996820084667444,-0.009794747052319162,-0.02030070953267458,-0.03567000000000001,0.022960000000000005,-0.0011,-0.5857,-1.2438,-10.264100000000001,7.030257945877968,15.726265209452261,19.719999313354492,19.779998779296875,19.779998779296875,19.709999084472656,16.01282126083752,16.061541380377808,16.061541380377808,16.004700982783355,16.03515125109412,0.01964141120144682,-2.299999952316284,0.0,0.0,0.0,0.0,0.0,0.0,,,,,
frame_00195.png,1771858230475196659,1771858230.4751966,42.30087390571713,-83.69799531191923,237.63223266601562,-0.01147210564261375,-0.9996671000840143,-0.011461231803186108,-0.020067883976542616,-0.09041,0.00396,0.014330000000000002,-1.0621,-0.6237,-9.6247,7.03903953770714,15.745909103478612,19.65999984741211,19.689998626708984,19.829999923706055,19.729999542236328,15.964101141297226,15.988460426675033,16.102142770648612,16.020941538891677,16.01891146937814,0.017337986908562517,-2.299999952316284,0.0,0.0,0.0,0.0,0.0,0.0,,,,,
frame_00196.png,1771858230524912531,1771858230.5249126,42.30087387069679,-83.6980004403297,237.62001037597656,-0.011766766419048225,-0.9996385372978427,-0.01398879245460071,-0.019714249737985357,-0.13415000000000002,-0.017120000000000003,0.019850000000000003,0.9037000000000001,-2.0935,-10.227500000000001,7.06226473564124,15.797862477745317,19.779998779296875,19.639999389648438,19.439998626708984,19.260000228881836,16.061541380377808,15.947860585188904,15.785458121675035,15.639297763054161,15.858539462573976,0.0038408351075428808,-2.4000000953674316,0.0,0.0,0.0,0.0,0.0,0.0,,,,,
frame_00197.png,1771858230585837915,1771858230.5858378,42.300873838371864,-83.69800557189909,237.6143341064453,-0.012181084947273657,-0.9995812912322519,-0.01598091032241834,-0.02082003586064405,-0.03577,-0.017480000000000002,-0.0016500000000000002,-0.5442,-0.3309,-9.3864,7.053082929333548,15.777323327943387,19.709999084472656,19.59000015258789,19.56999969482422,19.719999313354492,16.004700982783355,15.907260743702773,15.891020187594453,16.01282126083752,15.953950793729524,0.011195020987705173,-2.4000000953674316,0.0,0.0,0.0,0.0,0.0,0.0,,,,,
frame_00198.png,1771858230637467830,1771858230.6374679,42.30087384038472,-83.69800900013038,237.61492919921875,-0.012259201957387333,-0.9995462406876283,-0.015500690744058819,-0.02273220801098624,0.04481000000000001,-0.057330000000000006,-0.006770000000000001,-0.7808,0.5129,-12.1735,7.044413909947094,15.757931251717054,19.510000228881836,19.43000030517578,19.559999465942383,19.739999771118164,15.842300068054161,15.77733939240555,15.882899909540292,16.029061816945838,15.882900296736459,0.007930548942189858,-1.899999976158142,0.0,0.0,0.0,0.0,0.0,0.0,,,,,
frame_00199.png,1771858230688654941,1771858230.688655,42.30087387947954,-83.69801413601601,237.61648559570312,-0.011946027705536488,-0.9995418049214957,-0.013737889837322437,-0.024181460236206608,0.05816,-0.06624000000000001,-0.025890000000000003,-0.5049,-0.049100000000000005,-9.3994,7.045261558009227,15.759827389573163,19.44999885559082,19.510000228881836,19.6299991607666,19.559999465942383,15.793578399729196,15.842300068054161,15.939740307134743,15.882899909540292,15.864629671114598,0.006649963794068772,-1.3000000715255737,0.0,0.0,0.0,0.0,0.0,0.0,,,,,
frame_00200.png,1771858230728631244,1771858230.7286313,42.30087391873013,-83.69801755400384,237.61538696289062,-0.011648551842025456,-0.9995395725098761,-0.012723086477366518,-0.024961516325078887,0.039560000000000005,-0.03200000000000001,-0.01847,-0.2716,0.3524,-8.5327,7.033065304832389,15.732545102991766,19.559999465942383,19.549999237060547,19.670000076293945,19.60999870300293,15.882899909540292,15.874779631486131,15.972221419351389,15.923499751026421,15.913350177851058,0.011492423741719252,-1.3000000715255737,0.0,0.0,0.0,0.0,0.0,0.0,,,,,
frame_00201.png,1771858230777507113,1771858230.777507,42.3008739552187,-83.69802096243833,237.61351013183594,-0.0113273096194062,-0.999541758372859,-0.012059938486747177,-0.025348041529378116,0.0048600000000000015,-0.013460000000000001,-0.00888,-0.4818,0.1364,-8.3925,7.0175448312094595,15.69782673472569,19.469999313354492,19.649999618530273,19.639999389648438,19.670000076293945,15.809818955837516,15.955980863243067,15.947860585188904,15.972221419351389,15.921470455905219,0.014246795111121955,-2.299999952316284,0.0,0.0,0.0,0.0,0.0,0.0,,,,,
frame_00202.png,1771858230827447695,1771858230.827448,42.300874001306134,-83.69802607348572,237.60792541503906,-0.01122887164845815,-0.9995516242340862,-0.011901884702911127,-0.025076045801144118,0.0020100000000000005,0.022500000000000003,1e-05,-0.24200000000000002,-0.4577,-8.7546,7.004256086204176,15.668100609473571,19.619998931884766,19.600000381469727,19.65999984741211,19.600000381469727,15.931620029080582,15.915381021756936,15.964101141297226,15.915381021756936,15.93162080347292,0.01681889851026452,-3.799999952316284,0.0,0.0,0.0,0.0,0.0,0.0,,,,,
frame_00203.png,1771858230878472665,1771858230.8784728,42.30087401846181,-83.6980294760662,237.60250854492188,-0.011339213421791616,-0.9995589387765096,-0.011980740844395038,-0.024694371823807737,-0.009340000000000003,0.023370000000000005,0.0068000000000000005,-0.5984,-0.8636,-9.2021,6.9975450919680755,15.653088518027069,19.639999389648438,19.59000015258789,19.65999984741211,19.559999465942383,15.947860585188904,15.907260743702773,15.964101141297226,15.882899909540292,15.9255305949323,0.017405004551751514,-5.300000190734863,0.0,0.0,0.0,0.0,0.0,0.0,,,,,
frame_00204.png,1771858230928285627,1771858230.9282856,42.300874023227784,-83.69803457850668,237.59274291992188,-0.011649918161844686,-0.9995571401055268,-0.012685860936236217,-0.02426668504738535,-0.03839000000000001,0.023050000000000005,0.014490000000000001,-0.8528,-0.4647,-9.8667,6.995922676864281,15.649459272784787,19.68000030517578,19.520000457763672,19.579999923706055,19.6299991607666,15.980341697405548,15.850420346108324,15.899140465648614,15.939740307134743,15.917410704074307,0.01712208879673568,-6.0,0.0,0.0,0.0,0.0,0.0,0.0,,,,,
frame_00205.png,1771858230979537813,1771858230.979538,42.300874019552836,-83.69803967686417,237.5826416015625,-0.012042143137221684,-0.9995523089525846,-0.013440476073526289,-0.023864661303620974,-0.024040000000000002,0.013840000000000002,0.014890000000000002,-0.9146000000000001,0.3529,-10.1742,6.995174827176571,15.64778637790436,19.65999984741211,19.5,19.559999465942383,19.619998931884766,15.964101141297226,15.83417979,15.882899909540292,15.931620029080582,15.903200217479526,0.01632268190571836,-5.900000095367432,0.0,0.0,0.0,0.0,0.0,0.0,,,,,
frame_00206.png,1771858231029303672,1771858231.0293036,42.30087402142349,-83.6980430757076,237.57620239257812,-0.012383965123218932,-0.9995549746534844,-0.013812811330621934,-0.023360143330977887,-0.003,0.019500000000000003,0.01043,-0.8356,0.6414000000000001,-9.812700000000001,6.988186836085283,15.632154661112613,19.670000076293945,19.559999465942383,19.59000015258789,19.579999923706055,15.972221419351389,15.882899909540292,15.907260743702773,15.899140465648614,15.915380634560767,0.01811816602305772,-5.5,0.0,0.0,0.0,0.0,0.0,0.0,,,,,
frame_00207.png,1771858231080173797,1771858231.0801737,42.30087403752538,-83.69804816677322,237.567626953125,-0.01259899483872895,-0.9995701294883508,-0.01368239537931289,-0.02266304525829332,0.020190000000000003,0.025670000000000002,0.0068000000000000005,-0.28500000000000003,0.9088,-10.3979,6.983844991822503,15.62244221600743,19.6299991607666,19.510000228881836,19.579999923706055,19.579999923706055,15.939740307134743,15.842300068054161,15.899140465648614,15.899140465648614,15.895080326621533,0.01745169589007963,-5.300000190734863,0.0,0.0,0.0,0.0,0.0,0.0,,,,,
frame_00208.png,1771858231130772061,1771858231.1307719,42.300874060667276,-83.69805155938467,237.56298828125,-0.012682729005121629,-0.9995849757823363,-0.013307881914585429,-0.02217937902998666,0.023090000000000003,0.019370000000000002,0.0024900000000000005,-0.49310000000000004,1.1899,-10.2776,6.983380574262325,15.621403341790367,19.549999237060547,19.5,19.619998931884766,19.600000381469727,15.874779631486131,15.83417979,15.931620029080582,15.915381021756936,15.888990118080912,0.017129496655060205,-5.300000190734863,0.0,0.0,0.0,0.0,0.0,0.0,,,,,
frame_00209.png,1771858231182053826,1771858231.1820538,42.300874100836744,-83.6980566503629,237.55726623535156,-0.012715593905975986,-0.9995928398169646,-0.012858459904765918,-0.02207098246912049,0.012690000000000002,0.010220000000000002,0.0034100000000000007,-0.6884,0.7031000000000001,-10.048,6.980987286810693,15.616049701358314,19.5,19.469999313354492,19.649999618530273,19.549999237060547,15.83417979,15.809818955837516,15.955980863243067,15.874779631486131,15.868689810141678,0.01617823416388006,-5.300000190734863,0.0,0.0,0.0,0.0,0.0,0.0,,,,,
frame_00210.png,1771858231231766277,1771858231.2317662,42.3008741301267,-83.69806004100414,237.55386352539062,-0.012805596128706132,-0.9995996046469156,-0.012279794496587193,-0.0220420902965207,0.020810000000000002,0.013770000000000003,0.010780000000000001,-1.1273,1.2009,-9.6389,6.971011767120097,15.593735062341631,19.549999237060547,19.53999900817871,19.68000030517578,19.469999313354492,15.874779631486131,15.866659353431968,15.980341697405548,15.809818955837516,15.88289990954029,0.018543655259154877,-5.200000286102295,0.0,0.0,0.0,0.0,0.0,0.0,,,,,
frame_00211.png,1771858231282773943,1771858231.282774,42.300874172946635,-83.69806512145377,237.5485076904297,-0.012967734459510716,-0.9996116270886077,-0.01153656570761963,-0.021802305014094008,0.020800000000000003,0.012230000000000001,0.012780000000000001,-0.8737,0.7011000000000001,-9.4868,6.965225587388117,15.580791725451975,19.520000457763672,19.469999313354492,19.60999870300293,19.529998779296875,15.850420346108324,15.809818955837516,15.923499751026421,15.85853907537781,15.860569532087517,0.017956584720820772,-4.900000095367432,0.0,0.0,0.0,0.0,0.0,0.0,,,,,
frame_00212.png,1771858231332573976,1771858231.332574,42.30087420159002,-83.69806850433208,237.5441436767578,-0.013227050888508063,-0.9996189712246655,-0.011077838744436054,-0.02154620572830771,-0.0031800000000000005,0.005930000000000001,0.017030000000000003,-0.8281000000000001,0.2238,-9.9115,6.9623595032021,15.574380467092906,19.520000457763672,19.469999313354492,19.549999237060547,19.459999084472656,15.850420346108324,15.809818955837516,15.874779631486131,15.801698677783357,15.834179402803832,0.01668117304953828,-4.599999904632568,0.0,0.0,0.0,0.0,0.0,0.0,,,,,
frame_00213.png,1771858231383504048,1771858231.3835042,42.300874240235814,-83.69807357564112,237.53785705566406,-0.013475920347755799,-0.99962011876977,-0.010942067823672963,-0.021407682575047184,-0.010820000000000001,-0.0025400000000000006,0.01251,-1.139,0.1348,-10.1399,6.95972696899306,15.568491646019336,19.44999885559082,19.559999465942383,19.510000228881836,19.459999084472656,15.793578399729196,15.882899909540292,15.842300068054161,15.801698677783357,15.830119263776751,0.016804943195913944,-4.5,0.0,0.0,0.0,0.0,0.0,0.0,,,,,
frame_00214.png,1771858231433492822,1771858231.4334927,42.30087426288085,-83.69807695551314,237.53404235839844,-0.013714941483336296,-0.9996180999188042,-0.01081043238239198,-0.02141703169288014,-0.0011200000000000003,-0.0043300000000000005,0.011980000000000001,-1.2696,0.1505,-10.298300000000001,6.9555471411192205,15.55914162185523,19.389999389648438,19.439998626708984,19.420000076293945,19.469999313354492,15.744858280188904,15.785458121675035,15.769219114351388,15.809818955837516,15.77733861801321,0.014023716825836226,-4.200000286102295,0.0,0.0,0.0,0.0,0.0,0.0,,,,,
frame_00215.png,1771858231484324443,1771858231.4843245,42.30087430187691,-83.69808202192984,237.52891540527344,-0.013854886698455582,-0.9996126027462549,-0.010811038565420995,-0.021582585354116824,-0.007930000000000001,-0.0085,0.00474,-1.0649,0.6515000000000001,-9.8017,6.948672481330726,15.543763420387954,19.389999389648438,19.3799991607666,19.439998626708984,19.369998931884766,15.744858280188904,15.736738002134743,15.785458121675035,15.728617724080582,15.748918032019816,0.01319851609184756,-3.6000001430511475,0.0,0.0,0.0,0.0,0.0,0.0,,,,,
frame_00216.png,1771858231534335657,1771858231.5343359,42.300874325375354,-83.69808539661722,237.5260772705078,-0.013942186487126418,-0.9996046523269985,-0.011129761828728029,-0.02173207039871164,-0.009140000000000002,-0.00223,0.006150000000000001,-0.8343,0.891,-9.604800000000001,6.940412721579673,15.525286833410433,19.389999389648438,19.329999923706055,19.439998626708984,19.35999870300293,15.744858280188904,15.696138160648614,15.785458121675035,15.720497446026421,15.736738002134743,0.013619791440456117,-2.799999952316284,0.0,0.0,0.0,0.0,0.0,0.0,,,,,
frame_00217.png,1771858231593703699,1771858231.5937037,42.30087435628262,-83.69809044423702,237.5209503173828,-0.013965710980454904,-0.9996035819591444,-0.011362374171364507,-0.021645653246050455,-0.0004500000000000001,0.01165,-0.00269,-0.5638000000000001,0.7752,-9.6864,6.927891862404434,15.497278422686975,19.329999923706055,19.35999870300293,19.40999984741211,19.439998626708984,15.696138160648614,15.720497446026421,15.761098836297226,15.785458121675035,15.740798141161825,0.015713708680509593,-2.0,0.0,0.0,0.0,0.0,0.0,0.0,,,,,
frame_00218.png,1771858231643787649,1771858231.6437879,42.30087439179767,-83.6980954794983,237.51568603515625,-0.013969613427551153,-0.9996104697251956,-0.011264851548468726,-0.021374326563649942,0.0073500000000000015,0.012270000000000001,-0.00032,-0.6619,0.3753,-10.201500000000001,6.912730418242124,15.463363181782539,19.369998931884766,19.329999923706055,19.34000015258789,19.369998931884766,15.728617724080582,15.696138160648614,15.704258438702775,15.728617724080582,15.714408011878138,0.016234814324955955,-1.899999976158142,0.0,0.0,0.0,0.0,0.0,0.0,,,,,
frame_00219.png,1771858231689240471,1771858231.6892407,42.30087441727813,-83.69809883026225,237.51251220703125,-0.01391287395595181,-0.9996189119420422,-0.011036216593147415,-0.021134444620158385,0.005930000000000001,0.0066500000000000005,-0.00468,-0.5298,0.2091,-10.0356,6.905533500922772,15.447264109554187,19.279998779296875,19.229999542236328,19.389999389648438,19.35999870300293,15.65553677037781,15.614936928891678,15.744858280188904,15.720497446026421,15.683957356371204,0.015322664592147532,-1.899999976158142,0.0,0.0,0.0,0.0,0.0,0.0,,,,,
frame_00220.png,1771858231739577380,1771858231.7395773,42.300874458425085,-83.69810385270075,237.50845336914062,-0.013849155096162136,-0.9996244300442478,-0.010858018720716822,-0.021007217600050258,0.00222,0.0026000000000000003,-0.00144,-0.6753,0.2432,-9.5107,6.8990758904146805,15.432818822304217,19.28999900817871,19.209999084472656,19.28999900817871,19.279998779296875,15.663657048431968,15.598696372783357,15.663657048431968,15.65553677037781,15.645386810006276,0.013773762923649811,-1.899999976158142,0.0,0.0,0.0,0.0,0.0,0.0,,,,,
frame_00221.png,1771858231789859240,1771858231.7898593,42.300874484186096,-83.69810719555345,237.5054931640625,-0.013751118996742473,-0.9996284020382618,-0.010862906611401867,-0.020879698865654914,-0.00034,-0.0020900000000000003,-0.00591,-0.676,0.0646,-9.3656,6.8906688366129725,15.414012747373024,19.19999885559082,19.209999084472656,19.309999465942383,19.329999923706055,15.590576094729194,15.598696372783357,15.679897604540292,15.696138160648614,15.641327058175365,0.01474725073398441,-1.899999976158142,0.0,0.0,0.0,0.0,0.0,0.0,,,,,
frame_00222.png,1771858231837217523,1771858231.8372176,42.30087450881363,-83.69811053358957,237.5021209716797,-0.013676429923230704,-0.9996346105178946,-0.01094512471972536,-0.020586523848419698,0.0033600000000000006,0.009210000000000001,-0.00505,-0.604,0.2536,-9.558200000000001,6.878220097134272,15.386165664083538,19.170000076293945,19.25,19.28999900817871,19.309999465942383,15.566216809351387,15.631177485000002,15.663657048431968,15.679897604540292,15.635237236830912,0.01618802099140205,-1.899999976158142,0.0,0.0,0.0,0.0,0.0,0.0,,,,,
frame_00223.png,1771858231888185232,1771858231.8881853,42.300874541623465,-83.69811553208866,237.49583435058594,-0.013637089855933093,-0.9996423429449695,-0.0109469954311131,-0.02023312291230924,0.011020000000000002,0.01114,-0.0068800000000000016,-0.5369,-0.157,-9.716700000000001,6.866944264387061,15.360942302777993,19.189998626708984,19.229999542236328,19.399999618530273,19.209999084472656,15.582455816675035,15.614936928891678,15.752978558243067,15.598696372783357,15.637266919148285,0.017988780305510273,-2.0,0.0,0.0,0.0,0.0,0.0,0.0,,,,,
frame_00224.png,1771858231938390660,1771858231.9383907,42.30087456337104,-83.698118857984,237.49105834960938,-0.013643978727529316,-0.9996499541595865,-0.01091966481449723,-0.019863834311587576,0.015460000000000002,0.005900000000000001,-0.004560000000000001,-0.5515,0.2238,-9.8856,6.858619353682186,15.342319977025829,19.170000076293945,19.100000381469727,19.209999084472656,19.209999084472656,15.566216809351387,15.509376411756936,15.598696372783357,15.598696372783357,15.56824649166876,0.014725707388533238,-2.0,0.0,0.0,0.0,0.0,0.0,0.0,,,,,
frame_00225.png,1771858231989544239,1771858231.9895442,42.30087459485029,-83.69812384240265,237.4846954345703,-0.013663485143801779,-0.9996566794554382,-0.010776809732990679,-0.019588077134602963,0.011150000000000002,0.0073500000000000015,-0.0019300000000000003,-0.5649000000000001,0.7499,-9.8384,6.847203874066834,15.316784234055065,19.229999542236328,19.100000381469727,19.170000076293945,19.10999870300293,15.614936928891678,15.509376411756936,15.566216809351387,15.517495141026421,15.552006322756606,0.015357145802090232,-2.0,0.0,0.0,0.0,0.0,0.0,0.0,,,,,
frame_00226.png,1771858232047951221,1771858232.0479512,42.30087462594144,-83.6981288160237,237.47955322265625,-0.013626611091831331,-0.9996623628618811,-0.010697239274482958,-0.019366073929860686,-0.0009700000000000002,0.006750000000000001,-0.0019500000000000003,-0.7055,0.4287,-10.2318,6.831288407166258,15.28118228952649,19.059999465942383,19.03999900817871,19.10999870300293,19.10999870300293,15.476895299540292,15.46065474343197,15.517495141026421,15.517495141026421,15.493135081256277,0.013870182798294158,-2.1000001430511475,0.0,0.0,0.0,0.0,0.0,0.0,,,,,
frame_00227.png,1771858232098929832,1771858232.09893,42.30087464461143,-83.69813212435538,237.47723388671875,-0.013565485362151963,-0.9996634729817439,-0.011001903027199042,-0.019180107474871068,-0.0171,0.011280000000000002,-0.0016300000000000002,-0.7943,0.5699000000000001,-9.9422,6.813324142021529,15.240997306253641,19.020000457763672,19.03999900817871,19.10999870300293,19.10999870300293,15.444415736108322,15.46065474343197,15.517495141026421,15.517495141026421,15.485015190398284,0.016010624452017883,-2.4000000953674316,0.0,0.0,0.0,0.0,0.0,0.0,,,,,
frame_00228.png,1771858232148635032,1771858232.1486351,42.30087466945675,-83.69813707506434,237.47427368164062,-0.013515967369109982,-0.9996641822208907,-0.011430234747003077,-0.018925938400601406,-0.022080000000000002,0.009680000000000001,0.00206,-0.8523000000000001,0.5628000000000001,-9.988100000000001,6.798824541653961,15.208562570207414,18.94999885559082,18.94999885559082,19.139999389648438,19.100000381469727,15.387573789729194,15.387573789729194,15.541855975188904,15.509376411756936,15.456594991601058,0.016308735309379152,-2.799999952316284,0.0,0.0,0.0,0.0,0.0,0.0,,,,,
frame_00229.png,1771858232200070078,1771858232.2000701,42.30087468838658,-83.69814201875602,237.4720458984375,-0.013543944349213133,-0.9996607621508513,-0.011790892955260705,-0.01886523338742462,-0.01754,-0.0022800000000000003,0.00393,-0.6816,0.311,-9.832600000000001,6.791278379039133,15.191682257207798,18.920000076293945,18.93000030517578,19.03999900817871,19.010000228881836,15.363214504351387,15.37133478240555,15.46065474343197,15.436295458054161,15.407874872060766,0.014230985824522098,-3.5,0.0,0.0,0.0,0.0,0.0,0.0,,,,,
frame_00230.png,1771858232241336700,1771858232.2413366,42.30087469897778,-83.69814531244283,237.47071838378906,-0.013574726224256262,-0.9996546060099987,-0.012008838589164246,-0.01903111364766237,-0.012630000000000002,-0.015330000000000002,0.0024600000000000004,-0.6936,0.1321,-9.666500000000001,6.787335253413897,15.182861721771683,18.85999870300293,18.869998931884766,19.0,19.010000228881836,15.314492836026421,15.322613114080582,15.428175180000002,15.436295458054161,15.375394147040291,0.012680904877933727,-3.9000000953674316,0.0,0.0,0.0,0.0,0.0,0.0,,,,,
frame_00231.png,1771858232292473618,1771858232.2924736,42.300874708242624,-83.6981485973916,237.46827697753906,-0.013662612655326478,-0.999647377571852,-0.012012189410655658,-0.019343237441351087,-0.0019500000000000003,-0.013130000000000003,0.00192,-0.7053,-0.10890000000000001,-9.4132,6.776093823159312,15.157715316777992,18.799999237060547,18.729999542236328,18.93000030517578,18.90999984741211,15.26577271648613,15.20893231889168,15.37133478240555,15.355094226297227,15.300283511020146,0.009405651924623877,-4.0,0.0,0.0,0.0,0.0,0.0,0.0,,,,,
frame_00232.png,1771858232342461453,1771858232.3424613,42.3008747275724,-83.69815351577374,237.4639129638672,-0.013698007327068829,-0.9996402013688698,-0.012071052250825305,-0.019649989822663805,-0.00015000000000000001,-0.01238,0.00064,-0.861,0.167,-9.4208,6.760234175546473,15.122238236646929,18.760000228881836,18.690000534057617,18.90999984741211,18.869998931884766,15.233293153054163,15.17645275545971,15.355094226297227,15.322613114080582,15.271863312222921,0.009894373652532045,-4.0,0.0,0.0,0.0,0.0,0.0,0.0,,,,,
frame_00233.png,1771858232393217749,1771858232.3932178,42.30087474630008,-83.69815678646721,237.4602813720703,-0.013699858229177075,-0.9996400954863409,-0.0119509651212697,-0.019727336698856818,0.009970000000000001,-0.0032700000000000003,-0.0008000000000000001,-0.8833000000000001,0.6507000000000001,-9.356300000000001,6.740012835409562,15.077004312041067,18.779998779296875,18.619998931884766,18.799999237060547,18.799999237060547,15.249532160377807,15.119610809080582,15.26577271648613,15.26577271648613,15.225172100607661,0.009827402413638747,-4.0,0.0,0.0,0.0,0.0,0.0,0.0,,,,,
frame_00234.png,1771858232443534423,1771858232.4435344,42.30087477804268,-83.69816167629831,237.45416259765625,-0.013640681969763258,-0.9996480309077318,-0.011639314015621457,-0.019551789353919834,0.014040000000000002,0.0046300000000000004,-0.00204,-0.7378,0.5615,-9.725,6.720207854369582,15.032701757753493,18.719999313354492,18.619998931884766,18.8799991607666,18.760000228881836,15.200812040837517,15.119610809080582,15.330733392134745,15.233293153054163,15.221112348776751,0.012533381827127687,-4.0,0.0,0.0,0.0,0.0,0.0,0.0,,,,,
frame_00235.png,1771858232494355601,1771858232.4943557,42.300874799754716,-83.69816492961294,237.45053100585938,-0.013513655623356269,-0.999658549670065,-0.011361522644062897,-0.019263462472872587,0.009130000000000001,0.00393,-0.007560000000000001,-0.6387,-0.38670000000000004,-10.784600000000001,6.698212897177836,14.98350035821299,18.690000534057617,18.56999969482422,18.799999237060547,18.729999542236328,15.17645275545971,15.079010967594453,15.26577271648613,15.20893231889168,15.182542189607993,0.013284067583440331,-4.0,0.0,0.0,0.0,0.0,0.0,0.0,,,,,
frame_00236.png,1771858232544370919,1771858232.544371,42.30087482645844,-83.69816979348376,237.44683837890625,-0.013444868302768531,-0.9996570835705153,-0.011513781045379355,-0.019297244094743978,-0.004220000000000001,-0.006310000000000001,-0.005110000000000001,-0.67,-0.2713,-10.3564,6.685775392920345,14.955678407439237,18.559999465942383,18.529998779296875,18.850000381469727,18.65999984741211,15.070890689540292,15.046529855377807,15.306374106756934,15.152091921297227,15.143971643243065,0.012590083222849137,-4.0,0.0,0.0,0.0,0.0,0.0,0.0,,,,,
frame_00237.png,1771858232595391712,1771858232.5953918,42.30087483896484,-83.69817302472892,237.44520568847656,-0.013391081991522058,-0.9996534803353427,-0.011645203382095126,-0.01944189843411458,0.0021900000000000005,-0.007540000000000001,-0.00338,-0.7638,0.11080000000000001,-9.9809,6.663861903736217,14.906659246943695,18.479999542236328,18.43000030517578,18.649999618530273,18.719999313354492,15.005930013891678,14.965330172405547,15.143971643243065,15.200812040837517,15.079010967594453,0.011562062149243456,-4.0,0.0,0.0,0.0,0.0,0.0,0.0,,,,,
frame_00238.png,1771858232654017351,1771858232.6540172,42.30087485785811,-83.69817786212504,237.44387817382812,-0.01337345764343878,-0.999652044237289,-0.01160905200219654,-0.01954919421558466,-0.0019600000000000004,-0.00525,-0.00015000000000000001,-0.7696000000000001,0.1819,-9.569,6.6424204227889705,14.858695940553561,18.420000076293945,18.3799991607666,18.639999389648438,18.600000381469727,14.957209894351388,14.924728782134743,15.135851365188906,15.103371801756936,15.030290460857993,0.011548423966069702,-4.0,0.0,0.0,0.0,0.0,0.0,0.0,,,,,
frame_00239.png,1771858232699105710,1771858232.6991057,42.30087487114446,-83.69818107750241,237.4425811767578,-0.01328404286172663,-0.9996563486890269,-0.011520834541686394,-0.01944194183804002,0.007730000000000001,0.0065000000000000014,-0.005420000000000001,-0.8703000000000001,0.22190000000000001,-9.182500000000001,6.620428353068286,14.809501000112572,18.35999870300293,18.31999969482422,18.59000015258789,18.59000015258789,14.90848822602642,14.876008662594453,15.095251523702775,15.095251523702775,14.993749984006605,0.012441268878177095,-4.300000190734863,0.0,0.0,0.0,0.0,0.0,0.0,,,,,
frame_00240.png,1771858232757930541,1771858232.7579305,42.3008748912826,-83.69818588376154,237.4386749267578,-0.013097709242799016,-0.9996699604755213,-0.011310817608291175,-0.018986456765088963,0.003940000000000001,0.01887,-0.0051,-0.9112,0.09230000000000001,-9.0779,6.596151399470818,14.755194911532254,18.190000534057617,18.19999885559082,18.529998779296875,18.529998779296875,14.77044814545971,14.778566874729195,15.046529855377807,15.046529855377807,14.910518682736129,0.010526717683849659,-5.0,0.0,0.0,0.0,0.0,0.0,0.0,,,,,
frame_00241.png,1771858232799320546,1771858232.7993205,42.3008749049502,-83.69818908058706,237.43504333496094,-0.012921044948602523,-0.9996766323630013,-0.011495231060053587,-0.018642343406355608,-0.018380000000000004,0.014760000000000002,-0.008310000000000001,-0.6982,0.0118,-9.4727,6.586620224507974,14.733874245010869,18.0,18.190000534057617,18.459999084472656,18.469999313354492,14.61616596,14.77044814545971,14.989689457783356,14.997809735837517,14.843528324770148,0.007442311366028509,-5.700000286102295,0.0,0.0,0.0,0.0,0.0,0.0,,,,,
frame_00242.png,1771858232847920696,1771858232.8479207,42.30087491553806,-83.69819385907657,237.42779541015625,-0.01265438482300113,-0.9996856988683145,-0.01174221113572845,-0.01817939769533187,-0.004260000000000001,0.021080000000000005,-0.009940000000000001,-0.5734,-0.0689,-9.574300000000001,6.562826266209198,14.680648587934005,18.219999313354492,18.119998931884766,18.389999389648438,18.389999389648438,14.794807430837517,14.713606199080584,14.932849060188905,14.932849060188905,14.84352793757398,0.011094833355921638,-6.5,0.0,0.0,0.0,0.0,0.0,0.0,,,,,
frame_00243.png,1771858232899796386,1771858232.8997965,42.300874926786804,-83.69819861780576,237.4202423095703,-0.012446067012598094,-0.9997013257947545,-0.011577669048538353,-0.017558821131580745,0.01665,0.02832,-0.006170000000000001,-0.4247,0.2919,-9.990400000000001,6.540310413834716,14.63028197712343,18.219999313354492,18.149999618530273,18.34000015258789,18.34000015258789,14.794807430837517,14.737967033243065,14.892249218702775,14.892249218702775,14.829318225371532,0.013604402742156617,-6.5,0.0,0.0,0.0,0.0,0.0,0.0,,,,,
frame_00244.png,1771858232947484090,1771858232.9474843,42.3008749314616,-83.6982017796711,237.415771484375,-0.012311943961100746,-0.9997157598942321,-0.011207044983808107,-0.01706509881973473,0.008090000000000002,0.021040000000000003,-0.00335,-0.3254,0.1587,-10.409,6.522333629696819,14.590068989614004,18.079999923706055,18.0,18.270000457763672,18.229999542236328,14.681126635648614,14.61616596,14.835408821108322,14.802927708891678,14.733907281412154,0.009858643704875042,-6.400000095367432,0.0,0.0,0.0,0.0,0.0,0.0,,,,,
frame_00245.png,1771858232998571710,1771858232.9985719,42.30087493462325,-83.69820493897465,237.41326904296875,-0.012185421182205947,-0.9997153699123721,-0.011454734714151791,-0.017014221234292273,-0.025870000000000004,-0.0009800000000000002,-0.005140000000000001,-0.45790000000000003,-0.2006,-10.7988,6.510747227863254,14.564150903896428,17.93000030517578,17.959999084472656,18.209999084472656,18.190000534057617,14.559325562405549,14.583684847783356,14.786687152783356,14.77044814545971,14.675036427107994,0.00761359340089647,-6.400000095367432,0.0,0.0,0.0,0.0,0.0,0.0,,,,,
frame_00246.png,1771858233048669105,1771858233.048669,42.30087493311262,-83.69820966820019,237.41148376464844,-0.012057030589353923,-0.9997019862510699,-0.012175355332787307,-0.017387565141603417,-0.024700000000000003,-0.015250000000000001,-0.00816,-0.6478,0.1241,-10.3101,6.491563891370521,14.521238931162374,17.93000030517578,17.93000030517578,18.119998931884766,18.170000076293945,14.559325562405549,14.559325562405549,14.713606199080584,14.754207589351388,14.646616228310767,0.008634063370401226,-6.400000095367432,0.0,0.0,0.0,0.0,0.0,0.0,,,,,
frame_00247.png,1771858233099753967,1771858233.099754,42.30087493103336,-83.6982143787408,237.4113311767578,-0.011868890223763973,-0.9996923951125434,-0.01247365348559332,-0.017850842213298464,-0.006430000000000001,-0.013010000000000002,-0.009890000000000001,-0.9406,0.061200000000000004,-9.615,6.465342502974438,14.46258325860364,17.829999923706055,17.84000015258789,18.079999923706055,18.059999465942383,14.478124330648614,14.486244608702776,14.681126635648614,14.66488607954029,14.577595413635072,0.00795239363362087,-6.400000095367432,0.0,0.0,0.0,0.0,0.0,0.0,,,,,
frame_00248.png,1771858233149415329,1771858233.1494155,42.3008749325122,-83.69821750849718,237.41136169433594,-0.01166686625267399,-0.9996903310362077,-0.012459564702834052,-0.018107609228595705,0.0035700000000000007,-0.00423,-0.00867,-0.9688,0.2215,-9.254,6.438671574931171,14.402921992826535,17.779998779296875,17.69999885559082,18.079999923706055,18.029998779296875,14.437522940377809,14.372562264729195,14.681126635648614,14.640525245377807,14.532934271533357,0.009026798782328703,-6.400000095367432,0.0,0.0,0.0,0.0,0.0,0.0,,,,,
frame_00249.png,1771858233200869905,1771858233.2008698,42.300874932652405,-83.69822217936655,237.409912109375,-0.011481217911229247,-0.9996959448753092,-0.0122636983709054,-0.01804996225494832,0.006260000000000001,0.00816,-0.007030000000000001,-0.8786,0.0442,-9.216800000000001,6.412783986762794,14.345013011349167,17.729999542236328,17.670000076293945,18.029998779296875,17.94999885559082,14.396923098891678,14.348202979351388,14.640525245377807,14.575564569729195,14.490303973337518,0.010128325563274379,-6.400000095367432,0.0,0.0,0.0,0.0,0.0,0.0,,,,,
frame_00250.png,1771858233250621812,1771858233.2506218,42.300874927696896,-83.698225278616,237.4074249267578,-0.011312840257060253,-0.9997014866667274,-0.012444050447604917,-0.017722945864351216,-0.01708,0.01896,-0.005730000000000001,-0.7872,-0.0733,-8.9366,6.390027819910546,14.294108831470696,17.690000534057617,17.600000381469727,17.93000030517578,17.93000030517578,14.36444353545971,14.291362581756935,14.559325562405549,14.559325562405549,14.443614310506936,0.010459237494196215,-6.400000095367432,0.0,0.0,0.0,0.0,0.0,0.0,,,,,
frame_00251.png,1771858233301583093,1771858233.301583,42.300874921236506,-83.6982299162214,237.4029998779297,-0.01118537502667677,-0.9997050849858428,-0.012919127066128928,-0.01725475571576462,-0.013480000000000002,0.01563,-0.0079,-0.745,0.2944,-10.0245,6.37010027329125,14.24953210533613,17.600000381469727,17.479999542236328,17.739999771118164,17.829999923706055,14.291362581756935,14.193920793891678,14.405043376945839,14.478124330648614,14.342112770810767,0.0064971021357232974,-6.400000095367432,0.0,0.0,0.0,0.0,0.0,0.0,,,,,
frame_00252.png,1771858233351484606,1771858233.3514848,42.300874918410834,-83.69823299835689,237.40028381347656,-0.011064591017765801,-0.9997105550408447,-0.013009289704306915,-0.016945186541473575,0.0025200000000000005,0.011640000000000001,-0.00446,-0.9505,0.5660000000000001,-9.6902,6.347566467041255,14.199125332783266,17.60999870300293,17.520000457763672,17.729999542236328,17.779998779296875,14.29948131102642,14.226401906108324,14.396923098891678,14.437522940377809,14.340082314101059,0.009927159456248176,-6.400000095367432,0.0,68.0,0.0,0.0,0.0,0.0,,,,,
frame_00253.png,1771858233402613669,1771858233.4026139,42.30087491386629,-83.69823760821443,237.3971405029297,-0.010880398799278601,-0.9997160789053632,-0.013023912056814139,-0.01672591446799623,0.00035000000000000005,0.008610000000000001,-0.010590000000000002,-0.6511,0.279,-9.9517,6.32937522925758,14.158432625335452,17.520000457763672,17.65999984741211,17.69999885559082,17.719999313354492,14.226401906108324,14.340082701297225,14.372562264729195,14.388802820837519,14.331962423243066,0.012256285882739271,-6.300000190734863,0.0,464.0,0.0,0.0,0.0,0.0,,,,,
frame_00254.png,1771858233452279317,1771858233.4522793,42.300874910669705,-83.69824067406904,237.39561462402344,-0.010717762015274745,-0.9997153279758768,-0.013220069472752028,-0.016721912289102022,-0.011960000000000002,0.0026100000000000003,-0.005470000000000001,-0.751,0.25270000000000004,-9.965900000000001,6.312219031960103,14.120055241352834,17.369998931884766,17.3799991607666,17.65999984741211,17.600000381469727,14.104599284080582,14.112719562134744,14.340082701297225,14.291362581756935,14.212191032317373,0.00652517213209653,-6.300000190734863,0.0,1600.0,0.0,0.0,0.0,0.0,,,,,
frame_00255.png,1771858233512258748,1771858233.5122588,42.300874899132346,-83.69824525630034,237.39389038085938,-0.010590239846600569,-0.9997044208881641,-0.014046139697624912,-0.016781645814606495,-0.027770000000000003,-0.00206,-0.005830000000000001,-0.731,0.34850000000000003,-9.768500000000001,6.283263076954928,14.055282507363557,16.989999771118164,17.079999923706055,17.479999542236328,17.469999313354492,13.796036461945839,13.869117415648613,14.193920793891678,14.185800515837517,14.01121879683091,0.003135028449948437,-6.300000190734863,0.0,2496.0,1236.0,0.0,0.0,0.0,,,,,
frame_00256.png,1771858233553208645,1771858233.5532086,42.3008748886132,-83.69824828919822,237.3931884765625,-0.010565895062893793,-0.9996897865743045,-0.014584008091689186,-0.017204626950996553,-0.024790000000000003,-0.026570000000000003,0.0013300000000000002,-2.7122,0.2232,-10.7905,6.224857395954476,13.924632503306407,15.789999961853027,15.039999961853027,17.28999900817871,17.10999870300293,12.821625552824306,12.212618637824306,14.03963860843197,13.89347670102642,13.241839875026752,0.04903487600965597,-6.400000095367432,0.0,2860.0,1416.0,0.0,0.0,0.0,,,,,
frame_00257.png,1771858233604238001,1771858233.604238,42.30087487414196,-83.69825277377252,237.39430236816406,-0.010481027510057028,-0.9996688750261626,-0.014722834459483514,-0.01831738277535492,-0.00027000000000000006,-0.06577000000000001,-0.0041600000000000005,-2.753,0.5061,-10.7779,6.12433335458955,13.699766254215548,14.00999927520752,12.769999504089355,16.729999542236328,16.469999313354492,11.376248583661823,10.369357336715984,13.58491387889168,13.373791295837517,12.17607777377675,0.11122003486518936,-7.099999904632568,0.0,3404.0,1984.0,0.0,0.0,0.0,,,,,
frame_00258.png,1771858233654066858,1771858233.654067,42.300874864724975,-83.69825569439223,237.39601135253906,-0.010230588813935737,-0.9996483639890013,-0.014232162108922735,-0.019897964427013005,0.016280000000000003,-0.06158000000000001,-0.01429,-2.8578,-0.21430000000000002,-9.3306,5.969683971446398,13.353824863087306,11.039999961853027,14.139999389648438,16.299999237060547,15.729999542236328,8.964581757824307,11.481809875188905,13.23574966648613,12.772904658891678,11.613761489597755,0.13030449263262703,-9.5,0.0,4168.0,1964.0,1.0,0.0,0.0,,,,,
frame_00259.png,1771858233715792015,1771858233.7157922,42.300874848265195,-83.6982599699678,237.39739990234375,-0.009325673972423454,-0.9996198634950317,-0.014294546484597968,-0.02165239598598271,-0.02152,-0.043030000000000006,-0.024490000000000005,-3.5772000000000004,-0.31670000000000004,-8.903400000000001,5.7516165585950825,12.866021144583685,11.399999618530273,13.679999351501465,15.429999351501465,14.960000038146973,9.256904798243067,11.108285603013211,12.529301738013212,12.147657962175694,11.260537525361295,0.12478478009483639,-12.600000381469727,0.0,5068.0,2276.0,1.0,0.0,0.0,,,,,
frame_00260.png,1771858233767477807,1771858233.7674778,42.300874812482505,-83.6982641128677,237.39529418945312,-0.008719735753223434,-0.9995998306050418,-0.015433400435284364,-0.02204438735302731,-0.06641000000000001,-0.011080000000000001,-0.015960000000000002,-3.0803000000000003,-0.8383,-9.0852,5.604926867518217,12.537885107026202,13.149999618530273,13.229999542236328,14.9399995803833,14.329999923706055,10.677920933243065,10.742881608891679,12.131417406067373,11.636092060648613,11.297078002212682,0.09896462555061813,-13.5,0.0,5404.0,2432.0,1.0,0.0,0.0,,,,,
frame_00261.png,1771858233808675264,1771858233.8086753,42.300874779230554,-83.69826680636977,237.3927459716797,-0.00837880042646133,-0.9995799828304068,-0.016755666471464543,-0.02211111189592133,-0.059300000000000005,0.010730000000000002,-0.013430000000000003,-3.6127000000000002,0.0379,-9.2025,5.4737472180513596,12.24444410194781,14.09999942779541,12.050000190734863,14.329999923706055,13.15999984741211,11.449329537364598,9.784711255878468,11.636092060648613,10.686041211297226,10.889043516297228,0.11069515074473399,-13.40000057220459,0.0,5612.0,2624.0,1.0,0.0,0.0,,,,,
frame_00262.png,1771858233866293427,1771858233.8662934,42.30087471800757,-83.69827071759593,237.38836669921875,-0.00830015327432232,-0.9995637800078128,-0.017905257460940134,-0.02197177524400749,-0.016080000000000004,0.0025400000000000006,0.004900000000000001,-3.782,0.3284,-9.5891,5.277108464288527,11.804575008105578,13.679999351501465,10.539999961853027,13.90999984741211,11.170000076293945,11.108285603013211,8.558577147824307,11.295048126297226,9.070143049351387,10.008013481621532,0.1521919700836703,-13.300000190734863,0.0,5700.0,2692.0,1.0,0.0,0.0,,,,,
frame_00263.png,1771858233919124137,1771858233.9191241,42.300874678303295,-83.69827324030017,237.3856964111328,-0.008395702846813402,-0.9995752515309898,-0.017967539313991667,-0.02135406826500668,0.013980000000000001,0.032100000000000004,-0.0010700000000000002,-3.0644,0.1431,-10.2461,5.113210954717077,11.43794611304482,13.199999809265137,12.59000015258789,13.579999923706055,10.779999732971191,10.718521549121533,10.223196203702775,11.027085145648613,8.753459174770146,10.180565518310768,0.10993062760629957,-13.199999809265137,0.0,5948.0,2784.0,1.0,0.0,0.0,,,,,
frame_00264.png,1771858233968901172,1771858233.9689012,42.30087462621481,-83.69827690950451,237.3828887939453,-0.008588749301875809,-0.9995935265599751,-0.01736517808358241,-0.020915679165341386,0.03194,0.009400000000000002,0.006910000000000001,-3.8846000000000003,0.7414000000000001,-10.2726,4.936464309563426,11.042574472634811,11.969999313354492,11.369999885559082,12.639999389648438,10.819999694824219,9.719749805837518,9.23254473847292,10.263796045188904,8.785939512594451,9.500507525523448,0.13964741201726477,-13.300000190734863,0.0,6268.0,2924.0,1.0,0.0,0.0,,,,,
frame_00265.png,1771858234009885821,1771858234.0098858,42.300874595242725,-83.69827926599459,237.3824920654297,-0.00870073191364723,-0.9996071921877205,-0.016629397235414956,-0.020813979396921336,0.033510000000000005,-0.0074,0.006010000000000001,-4.5845,0.5341,-10.008600000000001,4.796150652589767,10.728701240804154,12.050000190734863,11.15999984741211,11.819999694824219,10.369999885559082,9.784711255878468,9.062022771297226,9.597948732594453,8.42053551847292,9.216304569560766,0.14096735823823064,-13.300000190734863,0.0,6276.0,3092.0,1.0,0.0,0.0,,,,,
frame_00266.png,1771858234057883424,1771858234.0578835,42.30087456524767,-83.69828157202708,237.3829345703125,-0.008833242134746788,-0.999621049117877,-0.015838264521472734,-0.020709451243615864,0.032100000000000004,-0.008520000000000002,0.00217,-3.943,0.6571,-9.56,4.628696647403506,10.354116678442798,10.369999885559082,8.449999809265137,10.479999542236328,9.300000190734863,8.42053551847292,6.861477754121532,8.509856253891678,7.551685900878468,7.83588885684115,0.24321029980708853,-13.5,0.0,6360.0,3444.0,1.0,0.0,0.0,,,,,
frame_00267.png,1771858234109617305,1771858234.1096175,42.300874520571554,-83.69828489759115,237.38412475585938,-0.008673681262664545,-0.9996300589226661,-0.01484172173105331,-0.021076903180464505,0.02142,-0.020810000000000002,-0.011000000000000001,-4.0486,0.1253,-9.2697,4.459789262460936,9.976280992769368,9.119999885559082,10.25,9.609999656677246,10.019999504089355,7.4055239934729205,8.323094505,7.803408325418759,8.136331981715985,7.917089701401917,0.2064087101054909,-15.100000381469727,0.0,6328.0,3144.0,1.0,0.0,0.0,,,,,
frame_00268.png,1771858234158774790,1771858234.1587749,42.30087448918281,-83.69828702891907,237.38418579101562,-0.008244176584435658,-0.9996338191978884,-0.014634100537620895,-0.021215658597904155,-0.020660000000000005,0.009150000000000002,-0.01581,-3.5638,-0.2311,-8.4055,4.293126999724799,9.603467510764393,8.420000076293945,10.59999942779541,7.960000038146973,8.889999389648438,6.837117694351387,8.607297267364597,6.463593422175694,7.2187614701889045,7.281692463520146,0.2417642424095048,-16.200000762939453,0.0,6304.0,3076.0,1.0,0.0,0.0,,,,,
frame_00269.png,1771858234209960567,1771858234.2099605,42.30087443677363,-83.69829010272238,237.38104248046875,-0.007648946170633997,-0.9996369752655161,-0.01496778746311955,-0.02105651070210924,-0.0015700000000000002,0.03824,-0.02261,-3.9566000000000003,-0.0356,-9.8126,4.112036829552703,9.198379665499624,9.949999809265137,8.6899995803833,9.309999465942383,7.46999979019165,8.079491584121532,7.056359781067372,7.559805404540291,6.065708703033686,7.190341368190721,0.2183034806489295,-17.100000381469727,0.0,6288.0,3148.0,1.0,0.0,0.0,,,,,
frame_00270.png,1771858234260296208,1771858234.260296,42.30087438355168,-83.69829302248559,237.37725830078125,-0.00709620038637937,-0.9996453187513898,-0.014836351716344936,-0.0209466776902043,0.009520000000000002,-0.006720000000000001,-0.028690000000000007,-3.4159,-0.16390000000000002,-10.074900000000001,3.9505140740041913,8.837062952702937,8.260000228881836,7.029999732971191,9.899999618530273,5.369999885559082,6.707196343054161,5.7084245997701455,8.038890968243065,4.36048941847292,6.203750332385073,0.29798504711482554,-17.80000114440918,0.0,6276.0,3088.0,1.0,0.0,0.0,,,,,
frame_00271.png,1771858234311241042,1771858234.311241,42.30087433786705,-83.69829488382935,237.3742218017578,-0.006439375407475245,-0.9996464789415226,-0.01511917633211194,-0.020901246164190996,-0.04053000000000001,-0.02185,-0.029720000000000003,-3.5863,-0.8313,-10.2133,3.77443997771241,8.443195763743999,6.239999771118164,10.210000038146973,8.819999694824219,8.380000114440918,5.0669373469458385,8.290614167175693,7.161921072594452,6.804637356527081,6.8310274858107665,0.19094289923444135,-18.899999618530273,0.0,6260.0,2684.0,1.0,0.0,0.0,,,,,
frame_00272.png,1771858234361145597,1771858234.3611455,42.300874264383644,-83.6982975558893,237.37086486816406,-0.005814380881801751,-0.9996157415306468,-0.017401291815736047,-0.020778770469891263,-0.08531000000000001,0.010150000000000001,-0.012790000000000001,-4.5745000000000005,1.231,-10.5919,3.602773953045464,8.05918916652552,9.1899995803833,9.09000015258789,7.079999923706055,9.09000015258789,7.462364391067371,7.381163933702774,5.749025215648612,7.381163933702774,6.993429368530382,0.1322415662386802,-18.80000114440918,0.0,6228.0,2796.0,1.0,0.0,0.0,,,,,
frame_00273.png,1771858234420540455,1771858234.4205403,42.300874189852784,-83.69830008988309,237.36756896972656,-0.005324619947853881,-0.9995935393609146,-0.019486588240572873,-0.02011659437064964,-0.026240000000000003,0.013760000000000003,-0.003790000000000001,-2.948,0.1287,-10.2263,3.418461224632511,7.646892651829449,9.079999923706055,6.989999771118164,9.179999351501465,7.929999828338623,7.373043655648613,5.675944261945839,7.45424411301321,6.4392329752093795,6.73561625145426,0.11916950346585216,-17.899999618530273,0.0,6228.0,2964.0,1.0,0.0,0.0,,,,,
frame_00274.png,1771858234470725773,1771858234.4707258,42.30087414897176,-83.69830170846743,237.36563110351562,-0.005391401005988727,-0.9996034710998235,-0.01955756191460138,-0.019527804083750416,0.020260000000000004,0.009760000000000001,0.014000000000000002,-2.5848,1.2302,-9.243500000000001,3.268875727688325,7.312278870295122,8.859999656677246,6.730000019073486,8.34000015258789,7.049999713897705,7.1944014104187595,5.464822066087847,6.772157018702774,5.724664768682299,6.28901131597292,0.1399382562499156,-16.5,0.0,6228.0,3016.0,1.0,0.0,0.0,,,,,
frame_00275.png,1771858234513280581,1771858234.5132806,42.30087411234425,-83.69830326183973,237.36541748046875,-0.005643459633887293,-0.9996141883884857,-0.019137360656733396,-0.0193232285833376,0.019520000000000003,0.025920000000000002,0.01964,-3.0086,0.7859,-11.1365,3.1225740115664755,6.985010709433512,8.079999923706055,6.329999923706055,7.909999847412109,7.319999694824219,6.5610344356486126,5.140018300648613,6.422992806297226,5.943907242594452,6.016988196297226,0.13858568775405541,-15.100000381469727,0.0,6172.0,3280.0,1.0,0.0,0.0,,,,,
frame_00276.png,1771858234563127147,1771858234.563127,42.30087406691329,-83.69830547266936,237.3666229248047,-0.005965223347705051,-0.9996172155197067,-0.018493524140925442,-0.01969335197190328,0.028720000000000002,-0.021780000000000004,0.00867,-4.4284,0.7642,-10.484300000000001,2.954869688928231,6.609866201951117,7.829999923706055,5.389999866485596,7.569999694824219,7.449999809265137,6.358032130648613,4.376729587385073,6.146909547594452,6.049468534121532,5.732784949937418,0.13269273918960722,-13.800000190734863,0.0,6064.0,3260.0,1.0,0.0,0.0,,,,,
frame_00277.png,1771858234623744993,1771858234.623745,42.30087403781855,-83.69830753700168,237.36941528320312,-0.0062125868002747,-0.9996177671122004,-0.01780335171789375,-0.02021791548296658,0.02049,-0.0027700000000000003,0.0017900000000000004,-4.1651,-0.31270000000000003,-9.7661,2.7551589357120956,6.163125229651816,7.0,4.400000095367432,7.139999866485596,6.829999923706055,5.6840645400000005,3.572840645439234,5.797745722385073,5.546022910648613,5.15016845461823,0.16435764929131783,-13.100000381469727,0.0,6008.0,3484.0,1.0,0.0,0.0,,,,,
frame_00278.png,1771858234675045308,1771858234.6750455,42.30087402859674,-83.69830882660702,237.37156677246094,-0.006181915764854384,-0.9996008954939519,-0.017568184457117397,-0.021241293276218445,0.0024300000000000007,-0.036000000000000004,-0.006490000000000001,-3.7677,0.2356,-9.536200000000001,2.5714907183711806,5.752270447553229,5.339999675750732,3.669999837875366,6.779999732971191,5.96999979019165,4.336128971506605,2.9800737057533024,5.505422294770145,4.847694873033686,4.417329961265935,0.23207192680850414,-13.199999809265137,0.0,5908.0,3468.0,1.0,0.0,0.0,,,,,
frame_00279.png,1771858234723688430,1771858234.7236884,42.30087402352824,-83.69831065319529,237.37435913085938,-0.0059730710390006325,-0.999582617550108,-0.017598823361490365,-0.022117742432905863,0.00408,-0.04216000000000001,-0.016220000000000002,-3.8655000000000004,1.0605,-8.7585,2.4418095373265865,5.4621814264273345,3.3499999046325684,4.21999979019165,6.420000076293945,5.519999980926514,2.7202308095607663,3.426678738033686,5.213099254351387,4.482290878912154,3.9605749202144978,0.2749096723422087,-13.199999809265137,0.0,5752.0,2956.0,1.0,0.0,0.0,,,,,
frame_00280.png,1771858234767066760,1771858234.767067,42.30087402344037,-83.69831179208114,237.3753662109375,-0.005526217282426638,-0.9995718391906727,-0.017643856724331147,-0.02267804090776959,-0.00898,-0.0024700000000000004,-0.023070000000000004,-3.73,0.8487,-8.3343,2.2515282794018727,5.036533669325226,3.259999990463257,6.279999732971191,5.96999979019165,5.119999885559082,2.6471500494560765,5.099417684770146,4.847694873033686,4.15748711347292,4.187937430183207,0.16848814975870305,-12.300000190734863,0.0,5512.0,2860.0,1.0,0.0,0.0,,,,,
frame_00281.png,1771858234816966992,1771858234.816967,42.300874025272805,-83.69831284201625,237.37513732910156,-0.004999098455768403,-0.9995789939529216,-0.017577206301188142,-0.02253631916130681,0.0007700000000000001,0.020780000000000003,-0.014560000000000002,-3.9749000000000003,0.8501000000000001,-9.411900000000001,2.0623220650373484,4.613290720164646,4.769999980926514,5.849999904632568,5.599999904632568,5.150000095367432,3.8732839639121535,4.750253859560766,4.547251554560767,4.181847560439234,4.33815923461823,0.05963887867370238,-9.800000190734863,0.0,5332.0,2996.0,1.0,0.0,0.0,,,,,
frame_00282.png,1771858234878022614,1771858234.8780227,42.300874036161275,-83.69831429554016,237.37399291992188,-0.004764731600068628,-0.9996153490602149,-0.016340825211050347,-0.02189586005221224,0.05240000000000001,0.031160000000000004,0.0028700000000000006,-2.6182000000000003,0.045700000000000005,-10.286100000000001,1.8814925707352237,4.208785991180451,5.369999885559082,4.699999809265137,5.179999828338623,5.159999847412109,4.36048941847292,3.8164431791215323,4.206207620209379,4.1899674512972265,4.143276917275264,0.015564838421925513,-6.099999904632568,0.0,5288.0,3200.0,1.0,0.0,0.0,,,,,
frame_00283.png,1771858234919056741,1771858234.9190567,42.30087404400443,-83.69831518740224,237.37391662597656,-0.004933940416491478,-0.9996334979558522,-0.015091479698849445,-0.02192654183889492,0.06684000000000001,0.0036600000000000005,0.008940000000000002,-3.3929,0.27290000000000003,-10.140500000000001,1.757305811856744,3.9309876627748253,4.789999961853027,4.179999828338623,4.989999771118164,4.900000095367432,3.889524132824307,3.3941984002093792,4.051925821945839,3.978845255439234,3.82862340260469,0.026040341245405472,-3.799999952316284,0.0,5240.0,3368.0,1.0,0.0,0.0,,,,,
frame_00284.png,1771858234966901650,1771858234.9669018,42.30087405374168,-83.6983164265974,237.37437438964844,-0.005280386793557745,-0.999641604918059,-0.013833582526524472,-0.022302717920452932,0.030930000000000006,-0.018390000000000004,0.012930000000000002,-3.9945000000000004,0.06760000000000001,-9.281,1.6127627698315365,3.607653550346958,3.6499998569488525,3.9099998474121094,4.549999713897705,4.610000133514404,2.9638335368411495,3.174955926297226,3.694641718682299,3.7433626126149275,3.3941984486089,0.0591672949631012,-2.4000000953674316,0.0,5116.0,3352.0,1.0,0.0,0.0,,,,,
frame_00285.png,1771858235017889901,1771858235.0178897,42.30087405587285,-83.6983171794081,237.37420654296875,-0.005648273529111569,-0.999639309782373,-0.013960735611288336,-0.02223612387878878,-0.027240000000000004,0.022240000000000003,0.013820000000000002,-4.450200000000001,-0.5033,-9.1229,1.417901613762802,3.1717608358905625,3.1999998092651367,3.929999828338623,4.159999847412109,4.230000019073486,2.5984293491215325,3.1911960952093796,3.3779582312972263,3.4347990160878465,3.150595672928996,0.006673000915475274,-2.4000000953674316,0.0,4884.0,3452.0,1.0,0.0,0.0,,,,,
frame_00286.png,1771858235067950187,1771858235.06795,42.30087404013144,-83.69831815635531,237.37228393554688,-0.005932994905667011,-0.9996377103577159,-0.015112810570087313,-0.02146743018866985,-0.05421,0.0362,0.00846,-1.7058,1.3564,-9.2748,1.2603590660607162,2.819347609233859,2.740000009536743,2.8999998569488525,3.869999885559082,3.7200000286102295,2.2249052705439234,2.3548266218411498,3.14247558847292,3.0206743216317706,2.6857204506224406,0.047396482141388294,-3.0,0.0,4836.0,3564.0,1.0,0.0,0.0,,,,,
frame_00287.png,1771858235119399824,1771858235.1194,42.30087402849896,-83.69831873207046,237.37071228027344,-0.005962803588531018,-0.9996432233200532,-0.015512741855760018,-0.02090994700556042,-0.022150000000000003,0.016910000000000005,-0.0025800000000000003,-2.2213000000000003,1.3382,-10.2285,1.1215123090166041,2.5087557445316024,1.899999976158142,1.4299999475479126,3.3299999237060547,3.379999876022339,1.5428174986401917,1.1611731420084215,2.703990640648613,2.7445910629289965,2.038143086056556,0.18758807408846107,-3.6000001430511475,0.0,4836.0,3832.0,1.0,0.0,0.0,,,,,
frame_00288.png,1771858235168993527,1771858235.1689935,42.300874022497254,-83.69831950524151,237.3689422607422,-0.005987171314843387,-0.9996434899184037,-0.015186958943386715,-0.02112825410328408,0.0033900000000000007,-0.0333,-0.0034300000000000003,-3.2842000000000002,0.10500000000000001,-10.646700000000001,0.9878785201150392,2.2098249767861358,1.1299999952316284,0.949999988079071,2.9700000286102295,3.0,0.9175704147280384,0.7714087493200958,2.41166740663177,2.43602766,1.6341685576699763,0.26049864815690826,-3.4000000953674316,0.0,4756.0,3864.0,1.0,0.0,0.0,,,,,
frame_00289.png,1771858235219706057,1771858235.219706,42.30087401806793,-83.69832016243153,237.36903381347656,-0.005962655362707181,-0.9996342665344862,-0.014750178992650987,-0.021868061888749547,0.010740000000000001,-0.04459000000000001,-0.0006700000000000001,-3.9611,-0.018500000000000003,-10.271700000000001,0.8431194073317859,1.8860075270367653,0.8100000023841858,0.7099999785423279,2.549999952316284,2.5899999141693115,0.6577274701359809,0.5765265287761724,2.070623472280383,2.1031038101046895,1.3519953203243065,0.2831442605913041,-3.4000000953674316,0.0,4384.0,3904.0,1.0,0.0,0.0,,,,,
frame_00290.png,1771858235278376367,1771858235.2783763,42.300874014066856,-83.69832052225125,237.369384765625,-0.005910833098428936,-0.9996156979802822,-0.014749954848544734,-0.022714692061341586,-0.010020000000000001,-0.027660000000000004,-0.004220000000000001,-4.2134,-0.2949,-9.5418,0.6560290442332086,1.4674976102070338,0.5999999642372131,0.5399999618530273,2.3399999141693115,2.1499998569488525,0.4872055029602873,0.4384849478243065,1.9001015051046897,1.7458197068411492,1.1429029156826083,0.22118924914544286,-3.5,0.0,4252.0,3932.0,1.0,0.0,0.0,,,,,
frame_00291.png,1771858235320891241,1771858235.3208911,42.30087400206779,-83.69832095825444,237.3699951171875,-0.005878381831087076,-0.9996069603127972,-0.014983334866197257,-0.022953631467487176,-0.0029800000000000004,-0.00897,-0.004920000000000001,-3.7316000000000003,0.5848,-9.5089,0.5385353123630985,1.2046711816375095,0.5099999904632568,0.4699999988079071,2.059999942779541,1.8899999856948853,0.41412469445607664,0.38164433243200957,1.6727389467364597,1.534697414184115,1.0008013469521653,0.16923276475180887,-3.5,0.0,4252.0,4048.0,1.0,0.0,0.0,,,,,
frame_00292.png,1771858235370658983,1771858235.370659,42.300873995034685,-83.69832118268563,237.3700408935547,-0.005861530292571471,-0.999603020238264,-0.015230411051977547,-0.022966910379021852,-0.0018000000000000004,0.011430000000000003,-0.0018200000000000002,-3.6185,0.5271,-9.2597,0.3890911185768879,0.8703734867893836,0.429999977350235,0.3999999761581421,1.71999990940094,1.5399999618530273,0.349163946208182,0.32480366864019156,1.396655784832728,1.2504941678243064,0.830279391876352,0.0,-3.5,0.0,4252.0,4124.0,1.0,0.0,0.0,,,,,
frame_00293.png,1771858235421420659,1771858235.4214206,42.30087398227662,-83.69832140234284,237.3701934814453,-0.005937790574456592,-0.9996021142209537,-0.015341446903385954,-0.022912788896241605,-0.009620000000000002,-0.00562,0.0020700000000000002,-2.9278,0.4239,-9.220500000000001,0.25205747580775784,0.5638374499334059,0.3700000047683716,0.3499999940395355,1.4299999475479126,1.3899999856948853,0.3004434152719617,0.28420322216004795,1.1611731420084215,1.1286928041841149,0.7186281459061366,0.0,-3.6000001430511475,0.0,4252.0,4204.0,1.0,0.0,0.0,,,,,
frame_00294.png,1771858235471418933,1771858235.4714189,42.30087397007304,-83.69832148053734,237.37051391601562,-0.006053524261109056,-0.9996000071876314,-0.01544075308758189,-0.02290771962889107,-0.009000000000000001,-0.007380000000000001,0.0032000000000000006,-3.8995,0.2243,-9.565800000000001,0.10358846139602697,0.23172117283522858,0.32999998331069946,0.3100000023841858,1.0099999904632568,1.0299999713897705,0.26796302904813407,0.2517228601359809,0.8201293044560766,0.8363694733682299,0.5440461667521054,0.0,-3.9000000953674316,0.0,4168.0,4212.0,0.0,0.0,0.0,,,,,
frame_00295.png,1771858235522808184,1771858235.522808,42.300873953310244,-83.69832148374873,237.37205505371094,-0.006424472496588396,-0.9995902652623428,-0.015616597965111322,-0.023111677003099813,-0.004380000000000001,-0.010520000000000002,0.016110000000000003,-3.8811,0.7349,-9.495000000000001,-0.0648962926171055,0.14516911280690797,0.29999998211860657,0.2800000011920929,0.75,0.9399999976158142,0.24360275148014365,0.22736258256799044,0.609006915,0.7632886648640191,0.46081522847803835,0.0,-4.099999904632568,0.0,3988.0,4204.0,0.0,0.0,0.0,,,,,
frame_00296.png,1771858235572787330,1771858235.5727875,42.30087395084971,-83.6983214121316,237.3726806640625,-0.006545874028019871,-0.9995934386290415,-0.015640721743121214,-0.022923280880623547,0.00455,0.017130000000000003,-0.00027000000000000006,-1.863,0.8896000000000001,-8.9023,-0.18413732877310687,0.4119041562257137,0.25999999046325684,0.25,0.5899999737739563,0.7099999785423279,0.21112238945607664,0.203002305,0.47908541850421077,0.5765265287761724,0.3674341604341149,0.0,-4.099999904632568,0.0,3912.0,4080.0,0.0,0.0,0.0,,,,,
frame_00297.png,1771858235623229888,1771858235.62323,42.3008739596406,-83.6983212745612,237.37173461914062,-0.006204256038762734,-0.9996163260316334,-0.015517698858007618,-0.022088661348687904,0.0059900000000000005,0.04691000000000001,-0.016940000000000004,-0.0477,0.5343,-8.998000000000001,-0.19627403148552972,0.43905323199124086,0.23999999463558197,0.22999998927116394,0.47999998927116394,0.5600000023841858,0.1948822084440431,0.1867621118880862,0.3897644168880862,0.4547251651359809,0.3065334755890491,0.0,-4.0,0.0,3724.0,3952.0,0.0,0.0,0.0,,,,,
frame_00298.png,1771858235673318881,1771858235.6733189,42.300873969237124,-83.69832119468583,237.36965942382812,-0.0057704857993848835,-0.9996473205174192,-0.015367088732004226,-0.020875551726513543,0.0015500000000000002,0.049530000000000005,-0.013030000000000002,0.7642,-0.159,-9.7151,-0.12757084208674266,0.2853683194975181,0.2199999988079071,0.20999999344348907,0.4099999964237213,0.4699999988079071,0.17864202743200958,0.17052193087605266,0.33292377729602873,0.38164433243200957,0.26593301700902516,0.0,-3.9000000953674316,0.0,3016.0,3824.0,0.0,0.0,0.0,,,,,
frame_00299.png,1771858235724512079,1771858235.724512,42.30087397661386,-83.69832113037437,237.3663330078125,-0.0056390784778429515,-0.999678489386562,-0.015262795119893691,-0.019446483919981408,0.00023000000000000003,0.029770000000000005,0.00429,1.0027000000000001,0.013800000000000002,-10.3656,-0.056985749997039786,0.1274737035983782,0.19999998807907104,0.1899999976158142,0.35999998450279236,0.3999999761581421,0.16240183432009578,0.15428174986401916,0.29232330661612455,0.32480366864019156,0.23345263986010778,0.0,-3.9000000953674316,0.0,2852.0,3540.0,0.0,0.0,0.0,,,,,
frame_00300.png,1771858235774386320,1771858235.7743864,42.30087397425675,-83.69832112240364,237.36534118652344,-0.005882234312344914,-0.9996893810918444,-0.015226259163839352,-0.0188335255216776,0.00068,0.0012500000000000002,0.014520000000000002,0.7128,0.5889,-10.7962,0.013170514024660915,0.029461649642324988,0.17999999225139618,0.17999999225139618,0.3199999928474426,0.3499999940395355,0.14616165330806227,0.14616165330806227,0.2598429445920575,0.28420322216004795,0.20909236834205747,0.0,-4.0,0.0,2644.0,3044.0,0.0,0.0,0.0,,,,,
frame_00301.png,1771858235845653123,1771858235.8456533,42.300873974503816,-83.69832115449807,237.36685180664062,-0.006087988841266212,-0.9996851155965678,-0.015098156196722572,-0.01909585625220166,0.0054800000000000005,-0.019960000000000002,5.000000000000001e-05,-0.2937,0.5683,-10.208400000000001,0.044595022047852984,0.09975638861972426,0.17000000178813934,0.17000000178813934,0.26999998092651367,0.29999998211860657,0.13804156885198562,0.13804156885198562,0.21924247391215326,0.24360275148014365,0.18473209077406705,0.0,-4.0,0.0,2644.0,2668.0,0.0,0.0,0.0,,,,,
frame_00302.png,1771858235887562328,1771858235.8875623,42.30087398099566,-83.69832117687535,237.36964416503906,-0.005963363242048714,-0.9996738742549249,-0.015113360471590152,-0.019702024420037274,-0.0024000000000000002,-0.029280000000000004,-0.00708,-0.9281,0.5247,-9.9253,0.030662203787521578,0.06858951014045853,0.1599999964237213,0.14999999105930328,0.25,0.25999999046325684,0.12992147229602874,0.12180137574007183,0.203002305,0.21112238945607664,0.16646188562304431,0.0,-4.0,0.0,2644.0,2616.0,0.0,0.0,0.0,,,,,
frame_00303.png,1771858235929291109,1771858235.929291,42.3008739842108,-83.69832118814112,237.37196350097656,-0.005785978762754218,-0.9996632191163943,-0.015160622938978671,-0.020251575437648165,-0.005260000000000001,-0.024460000000000003,-0.0068000000000000005,-1.0693000000000001,0.1173,-9.5463,0.009766758784975875,0.021847653396463933,0.14999999105930328,0.14999999105930328,0.22999998927116394,0.25,0.12180137574007183,0.12180137574007183,0.1867621118880862,0.203002305,0.15834179209205745,0.0,-4.0,0.0,2644.0,2624.0,0.0,0.0,0.0,,,,,
frame_00304.png,1771858235979569484,1771858235.9795694,42.300873987120674,-83.69832118490238,237.37466430664062,-0.005677095658213449,-0.9996535966558041,-0.015288540453850155,-0.02065714909646626,-0.005600000000000001,-0.011360000000000002,0.00079,-0.9152,0.0413,-9.1602,-0.020683395541860057,0.04626751482340844,0.14999999105930328,0.14000000059604645,0.20999999344348907,0.2199999988079071,0.12180137574007183,0.11368129128399522,0.17052193087605266,0.17864202743200958,0.14616165633303232,0.0,-4.099999904632568,0.0,2644.0,2624.0,0.0,0.0,0.0,,,,,
frame_00305.png,1771858236041111939,1771858236.041112,42.300873984671526,-83.69832116143425,237.37527465820312,-0.00580725357107803,-0.9996523427037213,-0.015388626570500864,-0.02060727311403876,-0.00185,0.00812,0.005700000000000001,-0.5049,0.34390000000000004,-9.188600000000001,-0.0422568163401421,0.09452596274391747,0.14000000059604645,0.12999999523162842,0.1899999976158142,0.19999998807907104,0.11368129128399522,0.10556119472803832,0.15428174986401916,0.16240183432009578,0.13398151754903712,0.0,-4.099999904632568,0.0,2644.0,2624.0,0.0,0.0,0.0,,,,,
frame_00306.png,1771858236089709819,1771858236.0897098,42.300873982881406,-83.698321141764,237.37464904785156,-0.0059212356488077544,-0.9996583322362583,-0.015400580368331907,-0.020272638785625137,-0.0007700000000000001,0.014690000000000002,0.003110000000000001,-0.2069,0.5376000000000001,-9.5176,-0.04152447370742786,0.09288775621509368,0.12999999523162842,0.11999999731779099,0.17999999225139618,0.1899999976158142,0.10556119472803832,0.09744110422202155,0.14616165330806227,0.15428174986401916,0.1258614255305353,0.0,-4.200000286102295,0.0,2644.0,2624.0,0.0,0.0,0.0,,,,,
frame_00307.png,1771858236130814674,1771858236.1308148,42.300873986326835,-83.69832112646493,237.37384033203125,-0.005862714131368574,-0.9996644601175125,-0.01541176723158101,-0.019976816357356264,-0.00036,0.014170000000000002,-0.004790000000000001,-0.1231,0.4763,-9.8672,-0.032442028687581066,0.07257087165239759,0.11999999731779099,0.11999999731779099,0.17000000178813934,0.17999999225139618,0.09744110422202155,0.09744110422202155,0.13804156885198562,0.14616165330806227,0.11977135765102276,0.0,-4.200000286102295,0.0,2644.0,2624.0,0.0,0.0,0.0,,,,,
frame_00308.png,1771858236178437432,1771858236.1784375,42.30087399170944,-83.69832111578542,237.3729248046875,-0.005694328732775811,-0.999670509990848,-0.015412313109526473,-0.019720717013711548,0.0018000000000000004,0.00817,-0.007770000000000002,-0.1145,0.24930000000000002,-10.1539,-0.016434708164433,0.03676345608134676,0.0,0.0,0.1599999964237213,0.17000000178813934,0.0,0.0,0.12992147229602874,0.13804156885198562,0.0669907602870036,0.0,-4.200000286102295,0.0,2644.0,2628.0,0.0,0.0,0.0,,,,,
frame_00309.png,1771858236229973584,1771858236.2299736,42.30087399895614,-83.69832111011137,237.37249755859375,-0.005597135384653451,-0.9996732719301273,-0.015345157835882736,-0.019660813690971998,0.0033300000000000005,-0.0016700000000000003,-0.0012900000000000001,-0.2321,0.08020000000000001,-10.2211,-0.004392754085551557,0.0098263273241337,0.0,0.0,0.14999999105930328,0.1599999964237213,0.0,0.0,0.12180137574007183,0.12992147229602874,0.06293071200902514,0.0,-4.200000286102295,0.0,2644.0,2628.0,0.0,0.0,0.0,,,,,
frame_00310.png,1771858236279532487,1771858236.2795324,42.30087400103376,-83.69832111161082,237.3731231689453,-0.005662078891427502,-0.9996719721438341,-0.015249652116700568,-0.019782241607166965,0.00289,-0.007190000000000001,0.00449,-0.4169,0.1867,-10.0779,-0.0018883587075536425,0.004224145127275046,0.0,0.0,0.14999999105930328,0.14999999105930328,0.0,0.0,0.12180137574007183,0.12180137574007183,0.06090068787003591,0.0,-4.200000286102295,0.0,2644.0,2628.0,0.0,0.0,0.0,,,,,
frame_00311.png,1771858236330772250,1771858236.3307722,42.30087400064505,-83.69832111195653,237.37387084960938,-0.005782496336762588,-0.9996676354298566,-0.015206860665166046,-0.01999831990204911,0.0008100000000000001,-0.008810000000000002,0.00524,-0.5347000000000001,0.39590000000000003,-9.8529,-0.007115520236493953,0.015916991837822785,0.0,0.0,0.14000000059604645,0.14000000059604645,0.0,0.0,0.11368129128399522,0.11368129128399522,0.05684064564199761,0.0,-4.200000286102295,0.0,2644.0,2628.0,0.0,0.0,0.0,,,,,
frame_00312.png,1771858236380562161,1771858236.380562,42.30087400262917,-83.69832110766454,237.37513732910156,-0.005782507020088812,-0.9996638002120016,-0.015208587363754137,-0.020187818818803695,-0.0017900000000000004,-0.00595,-0.0010400000000000001,-0.5542,0.42200000000000004,-9.6426,-0.01544412678975117,0.034547584981065985,0.0,0.0,0.12999999523162842,0.12999999523162842,0.0,0.0,0.10556119472803832,0.10556119472803832,0.05278059736401916,0.0,-4.200000286102295,0.0,2644.0,2628.0,0.0,0.0,0.0,,,,,
frame_00313.png,1771858236431782786,1771858236.431783,42.30087400595808,-83.69832110184566,237.3756561279297,-0.00568844775835492,-0.9996618373742043,-0.015229750277999747,-0.02029549620482484,-0.0013000000000000002,-0.0020800000000000003,-0.0026300000000000004,-0.5134000000000001,0.2857,-9.5351,-0.022286973383611592,0.04985462224073612,0.0,0.0,0.11999999731779099,0.12999999523162842,0.0,0.0,0.09744110422202155,0.10556119472803832,0.05075057473751497,0.0,-4.200000286102295,0.0,2644.0,2628.0,0.0,0.0,0.0,,,,,
frame_00314.png,1771858236481588070,1771858236.481588,42.30087400888473,-83.69832108776171,237.37570190429688,-0.005617348204183914,-0.9996623995249772,-0.015260368567984146,-0.0202645879871114,-0.0021600000000000005,0.0025400000000000006,5.000000000000001e-05,-0.4097,0.1898,-9.5782,-0.025117686837927904,0.05618675839523445,0.0,0.0,0.0,0.11999999731779099,0.0,0.0,0.0,0.09744110422202155,0.02436027605550539,0.0,-4.099999904632568,0.0,2596.0,2624.0,0.0,0.0,0.0,,,,,
frame_00315.png,1771858236532743950,1771858236.532744,42.300874008868114,-83.69832107764482,237.37533569335938,-0.005646764623773282,-0.9996633955495138,-0.015316894792240302,-0.02016438398820152,-0.0012200000000000002,0.00464,0.0025200000000000005,-0.34550000000000003,0.26480000000000004,-9.7239,-0.023368080983515328,0.05227299507526478,0.0,0.0,0.0,0.0,0.0,0.0,0.0,0.0,0.0,0.0,-4.099999904632568,0.0,2564.0,2592.0,0.0,0.0,0.0,,,,,
frame_00316.png,1771858236583023445,1771858236.5830233,42.30087400832701,-83.69832106966577,237.3747100830078,-0.005703872023859913,-0.9996648817693157,-0.015351496648703316,-0.020047981238028083,-0.0016200000000000001,0.0036100000000000004,0.0012500000000000002,-0.3093,0.4047,-9.8529,-0.019151199612658917,0.04284008446154124,0.0,0.0,0.0,0.0,0.0,0.0,0.0,0.0,0.0,0.0,-4.099999904632568,0.0,2464.0,2588.0,0.0,0.0,0.0,,,,,
frame_00317.png,1771858236633160058,1771858236.6331599,42.300874009281436,-83.6983210644983,237.3743896484375,-0.005703841791447339,-0.9996656383919492,-0.015367317525060945,-0.019998078890699,0.0023100000000000004,0.0009100000000000001,0.0004500000000000001,-0.3477,0.4153,-9.929400000000001,-0.016514772488816644,0.036942555171133505,0.0,0.0,0.0,0.0,0.0,0.0,0.0,0.0,0.0,0.0,-4.0,0.0,2292.0,2528.0,0.0,0.0,0.0,,,,,
frame_00318.png,1771858236683716385,1771858236.6837163,42.300874013236935,-83.69832105959533,237.37435913085938,-0.005630312252607073,-0.9996658604119151,-0.015356169698713455,-0.02001637237432679,0.00034,-0.0006500000000000001,-0.0013300000000000002,-0.41050000000000003,0.2827,-9.936200000000001,-0.016388005320116607,0.03665898462078165,0.0,0.0,0.0,0.0,0.0,0.0,0.0,0.0,0.0,0.0,-4.0,0.0,2224.0,2444.0,0.0,0.0,0.0,,,,,
frame_00319.png,1771858236734571023,1771858236.734571,42.30087401546826,-83.69832105794704,237.37460327148438,-0.005598461800731591,-0.9996656324528035,-0.015299428387981418,-0.02008004006976014,0.0014600000000000004,-0.0018800000000000004,-0.00011000000000000002,-0.44870000000000004,0.2064,-9.822600000000001,-0.018232303053297934,0.04078456799204428,0.0,0.0,0.0,0.0,0.0,0.0,0.0,0.0,0.0,0.0,-4.0,0.0,2052.0,2296.0,0.0,0.0,0.0,,,,,
frame_00320.png,1771858236784671145,1771858236.7846713,42.30087401696353,-83.69832105296891,237.3751983642578,-0.005621922091663456,-0.9996646102649147,-0.015279081756759324,-0.02013977747049901,-4e-05,-0.0027900000000000004,0.0021300000000000004,-0.439,0.27,-9.7535,-0.01985930156455175,0.04442406604180839,0.0,0.0,0.0,0.0,0.0,0.0,0.0,0.0,0.0,0.0,-4.0,0.0,1344.0,2216.0,0.0,0.0,0.0,,,,,
frame_00321.png,1771858236836464123,1771858236.8364642,42.300874017628736,-83.69832104819794,237.37557983398438,-0.005663870608472676,-0.9996642506201922,-0.015271165984662985,-0.0201518756240929,-0.00018,-0.0010700000000000002,0.0014600000000000004,-0.46040000000000003,0.3634,-9.7118,-0.022408164123350328,0.050125718654087284,0.0,0.0,0.0,0.0,0.0,0.0,0.0,0.0,0.0,0.0,-4.0,0.0,0.0,1860.0,0.0,0.0,0.0,,,,,
